order_id,pickup_time,drop_time,distance_km,delivery_time_min,vehicle_type,rider_age,rider_rating,traffic_level,weather,zone,order_weight_kg,on_time_flag
TW100363,2026-07-14 22:47:00,2026-07-14 23:10:48,0.9869592907487408,23.8,Motorcycle,23,-0.5213072601396559,Medium,Rain,Vashi,-0.29526876060578294,True
TW101056,2026-07-21 00:17:00,2026-07-21 00:45:12,2.0085834535672458,28.2,Motorcycle,31,0.5228161089389054,Low,Clear,Vashi,-0.6547625213192029,False
TW104780,2026-07-13 16:30:00,2026-07-13 16:53:12,1.176295042931321,23.2,Scooter,43,0.2617852666692662,High,Clear,Kalyan,0.5777875154125226,True
TW103718,2026-07-29 19:04:00,2026-07-29 19:23:24,1.2117954964655546,19.4,Motorcycle,43,1.044877793478186,Medium,Clear,Dombivli,0.3929050099027636,True
TW104581,2026-07-21 11:46:00,2026-07-21 12:16:48,2.229475164446922,30.8,Scooter,41,0.5228161089389054,Medium,Clear,Navi Mumbai,-0.7369325237679845,False
TW104133,2026-07-14 07:26:00,2026-07-14 07:38:42,-0.3107795106693599,12.7,Scooter,39,1.044877793478186,High,Clear,Navi Mumbai,-0.7985600256045708,True
TW104299,2026-07-01 21:40:00,2026-07-01 21:47:54,-1.0405110555397203,7.9,Motorcycle,27,-0.26027641787001443,Low,Clear,Mulund,-0.4596087655033463,True
TW104373,2026-07-16 14:31:00,2026-07-16 14:43:48,0.13889290076426788,12.8,Motorcycle,25,1.3059086357478251,Medium,Clear,Mulund,-0.23364125876919664,True
TW103100,2026-07-04 10:15:00,2026-07-04 10:20:24,-0.882731262054237,5.4,Scooter,38,-1.0433689446789354,Low,Clear,Thane West,2.061983184643642,True
TW104372,2026-07-07 11:09:00,2026-07-07 11:13:36,-0.7998968704743582,4.6,Motorcycle,25,-2.0874923137574957,Low,Clear,Kalyan,2.6936650784686513,True
TW100640,2026-07-13 02:16:00,2026-07-13 02:21:18,-1.0878449935853653,5.3,Motorcycle,26,-0.26027641787001443,Medium,Overcast,Dombivli,0.6240081417899622,True
TW103917,2026-07-10 07:12:00,2026-07-10 07:31:06,0.4071185496895895,19.1,Scooter,44,1.044877793478186,High,Clear,Thane West,-0.5469143931051769,True
TW104826,2026-07-19 01:09:00,2026-07-19 01:18:48,-0.7091734892202053,9.8,Motorcycle,27,1.044877793478186,Medium,Clear,Bhandup,0.3877693847497149,True
TW104131,2026-07-03 05:58:00,2026-07-03 06:13:06,0.3716180961553558,15.1,Electric Scooter,28,1.8279703202871058,Low,Rain,Mulund,-0.6136775200948119,True
TW102545,2026-07-17 09:13:00,2026-07-17 09:26:48,0.5412313741522503,13.8,Motorcycle,25,1.3059086357478251,Low,Clear,Bhandup,-0.7985600256045708,True
TW102827,2026-07-01 09:27:00,2026-07-01 09:33:18,-0.9616211587969785,6.3,Electric Scooter,38,1.3059086357478251,Low,Clear,Thane West,0.002597498271050703,True
TW104403,2026-07-22 06:16:00,2026-07-22 06:30:12,0.10339244723003385,14.2,Scooter,33,-1.3043997869485757,High,Clear,Dombivli,-0.9218150292777434,True
TW101551,2026-07-18 04:10:00,2026-07-18 04:16:06,-1.0128995916797607,6.1,Motorcycle,36,0.5228161089389054,Low,Overcast,Ghodbunder Road,-0.8910012783594502,True
TW102265,2026-07-08 23:36:00,2026-07-08 23:58:06,1.9494160310101893,22.1,Electric Scooter,24,-1.0433689446789354,Medium,Clear,Bhandup,0.023139998883246145,True
TW101223,2026-07-30 03:56:00,2026-07-30 04:17:18,0.7779010643804752,21.3,Scooter,20,0.2617852666692662,High,Clear,Thane West,-0.6804406470844471,True
TW104184,2026-07-02 10:29:00,2026-07-02 10:44:54,-0.09383229462682036,15.9,Motorcycle,42,-1.3043997869485757,High,Clear,Mulund,1.8514225533686386,True
TW102663,2026-07-08 09:10:00,2026-07-08 09:33:30,1.562855536970755,23.5,Motorcycle,33,-0.26027641787001443,Medium,Overcast,Thane West,1.4200300405125348,True
TW102898,2026-07-18 14:48:00,2026-07-18 14:58:18,-0.8077858601486324,10.3,Scooter,42,0.7838469512085445,High,Clear,Dombivli,-0.3414893869832226,True
TW101822,2026-07-11 22:37:00,2026-07-11 22:52:00,1.4011312486481344,15.0,Motorcycle,21,1.044877793478186,High,Clear,Vashi,-0.9218150292777434,True
TW100250,2026-07-14 09:14:00,2026-07-14 09:37:48,2.4977008133722443,23.8,Motorcycle,21,0.0007544243996247222,Medium,Rain,Kalyan,-0.4287950145850532,True
TW104587,2026-07-22 15:42:00,2026-07-22 15:55:42,-0.6578950563374233,13.7,Motorcycle,36,-0.26027641787001443,Low,Clear,Mulund,-0.34662501213627145,True
TW102003,2026-07-08 15:38:00,2026-07-08 15:48:00,0.2059493129955983,10.0,Motorcycle,30,1.5669394780174666,Medium,Clear,Vashi,2.739885704846091,True
TW101499,2026-07-15 15:26:00,2026-07-15 15:42:42,1.0342932287943858,16.7,Motorcycle,44,0.5228161089389054,Medium,Clear,Ghodbunder Road,0.4031762602088613,True
TW101196,2026-07-30 01:35:00,2026-07-30 01:48:18,-0.1293327481610539,13.3,Scooter,22,0.0007544243996247222,Low,Overcast,Bhandup,-0.4185237642789555,True
TW104283,2026-07-14 23:06:00,2026-07-14 23:15:36,0.0481695195101148,9.6,Motorcycle,26,-0.26027641787001443,Low,Clear,Bhandup,-0.18742063239175702,True
TW100100,2026-07-19 01:40:00,2026-07-19 01:51:00,-0.3541689538778678,11.0,Motorcycle,30,-1.565430629218215,Low,Clear,Ghodbunder Road,-0.5982706446356655,True
TW100893,2026-07-20 05:47:00,2026-07-20 06:03:36,-0.2989460261579486,16.6,Motorcycle,40,0.7838469512085445,Medium,Rain,Bhandup,-0.2695906348405387,True
TW100077,2026-07-20 09:05:00,2026-07-20 09:15:18,-0.3226129951807711,10.3,Motorcycle,30,-0.5213072601396559,High,Rain,Ghodbunder Road,-0.6547625213192029,True
TW100321,2026-07-18 17:20:00,2026-07-18 17:41:36,0.5057309206180166,21.6,Motorcycle,29,0.5228161089389054,Low,Rain,Vashi,-0.5623212685643234,True
TW100690,2026-07-09 14:01:00,2026-07-09 14:05:00,-0.8156748498229066,4.0,Scooter,20,1.044877793478186,Medium,Clear,Kalyan,0.31587063260703085,True
TW101207,2026-07-17 15:09:00,2026-07-17 15:33:54,1.1605170635827726,24.9,Scooter,20,-1.3043997869485757,Medium,Clear,Airoli,1.2351475350027763,True
TW103808,2026-07-30 11:29:00,2026-07-30 11:54:54,0.9751258062373294,25.9,Scooter,44,-0.7823381024092951,Medium,Overcast,Vashi,-0.14120000601431726,False
TW102013,2026-07-02 10:07:00,2026-07-02 10:11:00,-0.5632271802461332,4.0,Motorcycle,42,1.044877793478186,High,Clear,Navi Mumbai,-0.06416562871858436,True
TW104947,2026-07-28 17:00:00,2026-07-28 17:08:18,-0.23188961392661817,8.3,Scooter,23,0.0007544243996247222,Medium,Rain,Vashi,-0.8807300280533524,True
TW102759,2026-07-04 22:05:00,2026-07-04 22:23:12,0.3440066322953961,18.2,Motorcycle,33,-1.8264614714878553,Medium,Rain,Thane West,-0.8345094016759128,True
TW102505,2026-07-17 13:23:00,2026-07-17 13:27:00,-0.9576766639598415,4.0,Motorcycle,33,1.044877793478186,Medium,Clear,Kalyan,0.8551112736771608,True
TW100700,2026-07-23 16:27:00,2026-07-23 16:33:54,-0.4448923351320207,6.9,Scooter,41,-0.7823381024092951,Low,Clear,Kalyan,-0.151471256320415,True
TW100360,2026-07-20 06:00:00,2026-07-20 06:12:36,0.848901971448943,12.6,Scooter,29,0.7838469512085445,High,Overcast,Mulund,1.132435031941799,True
TW103503,2026-07-01 11:49:00,2026-07-01 11:54:30,-0.7841188911258099,5.5,Motorcycle,42,-1.565430629218215,Medium,Clear,Airoli,1.2351475350027763,True
TW101370,2026-07-30 14:53:00,2026-07-30 15:07:18,-0.2989460261579486,14.3,Electric Scooter,42,1.044877793478186,High,Rain,Navi Mumbai,-0.37230313790151576,True
TW102849,2026-07-04 01:52:00,2026-07-04 02:00:18,-1.1943463541880666,8.3,Scooter,22,0.0007544243996247222,Medium,Clear,Ghodbunder Road,1.9592706815826646,True
TW100488,2026-07-02 13:47:00,2026-07-02 14:16:54,2.550951493673595,29.9,Scooter,19,0.2617852666692662,Low,Rain,Dombivli,-0.5674568937173723,False
TW100648,2026-07-03 05:19:00,2026-07-03 05:35:06,0.8686244456346283,16.1,Scooter,32,1.044877793478186,High,Clear,Dombivli,0.08990312587288121,True
TW100494,2026-07-15 04:37:00,2026-07-15 04:41:18,-0.4567258196434319,4.3,Motorcycle,20,0.5228161089389054,Low,Clear,Vashi,1.7230319245424173,True
TW103073,2026-07-26 05:12:00,2026-07-26 05:19:00,-1.1075674677710508,7.0,Scooter,35,1.5669394780174666,Low,Rain,Ghodbunder Road,-0.5366431427990792,True
TW104440,2026-07-01 21:53:00,2026-07-01 22:26:54,2.550951493673595,33.9,Motorcycle,44,1.044877793478186,Medium,Clear,Kalyan,-0.5315075176460303,False
TW102420,2026-07-15 07:05:00,2026-07-15 07:26:30,1.0461267133057972,21.5,Scooter,38,-0.5213072601396559,High,Clear,Mulund,0.3364131332192263,True
TW104838,2026-07-20 08:06:00,2026-07-20 08:27:54,0.3045616839240254,21.9,Scooter,27,0.7838469512085445,Low,Overcast,Ghodbunder Road,-0.9218150292777434,True
TW100846,2026-07-11 13:38:00,2026-07-11 13:57:00,1.2394069603255145,19.0,Scooter,25,1.3059086357478251,Medium,Clear,Dombivli,-0.505829391880786,True
TW103208,2026-07-16 04:02:00,2026-07-16 04:13:12,0.3795070858296298,11.2,Motorcycle,19,-0.26027641787001443,Medium,Overcast,Vashi,-0.8961369035124991,True
TW100625,2026-07-27 04:43:00,2026-07-27 04:52:00,-0.6026721286175041,9.0,Scooter,29,-0.5213072601396559,Medium,Clear,Airoli,-0.9218150292777434,True
TW100286,2026-07-08 13:16:00,2026-07-08 13:22:36,-1.0917894884225023,6.6,Scooter,33,0.5228161089389054,High,Overcast,Ghodbunder Road,-0.20282750785090348,True
TW102270,2026-07-18 01:51:00,2026-07-18 02:08:06,1.0421822184686602,17.1,Scooter,32,1.8279703202871058,High,Clear,Navi Mumbai,1.8668294288277854,True
TW100272,2026-07-12 06:05:00,2026-07-12 06:16:30,-0.7683409117772615,11.5,Motorcycle,42,-0.5213072601396559,High,Clear,Mulund,2.8682763336723123,True
TW104164,2026-07-16 09:03:00,2026-07-16 09:08:00,-0.9497876742855675,5.0,Motorcycle,33,0.7838469512085445,Medium,Rain,Bhandup,0.5572450148003272,True
TW101211,2026-07-20 10:22:00,2026-07-20 10:32:48,-0.09777678946395735,10.8,Motorcycle,35,-0.7823381024092951,Low,Clear,Mulund,-0.0025381268819981576,True
TW103405,2026-07-09 18:08:00,2026-07-09 18:21:12,0.2808947149012027,13.2,Scooter,42,-0.7823381024092951,Medium,Clear,Mumbra,-0.07443687902468209,True
TW104946,2026-07-22 13:46:00,2026-07-22 13:52:54,-0.8038413653114954,6.9,Motorcycle,43,0.5228161089389054,Low,Clear,Navi Mumbai,-0.7985600256045708,True
TW101236,2026-07-23 08:51:00,2026-07-23 08:55:00,-0.8156748498229066,4.0,Scooter,25,0.5228161089389054,Low,Rain,Mumbra,0.44426126143325223,True
TW100972,2026-07-28 14:40:00,2026-07-28 15:00:00,0.3637291064810815,20.0,Motorcycle,34,1.5669394780174666,Low,Rain,Mulund,-0.9218150292777434,True
TW103991,2026-07-16 22:55:00,2026-07-16 23:27:54,1.8350256807332137,32.9,Electric Scooter,30,-1.0433689446789354,Low,Overcast,Vashi,-0.5212362673399326,False
TW101317,2026-07-18 20:44:00,2026-07-18 20:49:54,-0.7762299014515357,5.9,Electric Scooter,40,-0.5213072601396559,High,Overcast,Vashi,0.5572450148003272,True
TW101895,2026-07-20 13:20:00,2026-07-20 13:37:42,0.8291794972632576,17.7,Motorcycle,25,-0.26027641787001443,Medium,Clear,Thane West,-0.36203188759541804,True
TW100471,2026-07-13 03:43:00,2026-07-13 03:57:48,-0.3817804177378273,14.8,Electric Scooter,22,1.5669394780174666,High,Overcast,Mumbra,3.6232132311704945,True
TW103600,2026-07-27 00:51:00,2026-07-27 01:14:06,0.2848392097383397,23.1,Scooter,26,0.5228161089389054,Medium,Clear,Navi Mumbai,0.3364131332192263,True
TW103009,2026-07-21 04:38:00,2026-07-21 04:49:48,-0.5908386441060929,11.8,Motorcycle,30,1.3059086357478251,Low,Rain,Vashi,-0.5931350194826165,True
TW102320,2026-07-17 12:34:00,2026-07-17 12:41:24,-0.7565074272658504,7.4,Motorcycle,24,1.5669394780174666,High,Clear,Navi Mumbai,-0.5161006421868838,True
TW101491,2026-07-02 16:43:00,2026-07-02 16:47:06,-1.115456457445325,4.1,Motorcycle,36,-0.7823381024092951,Low,Clear,Vashi,-0.9218150292777434,True
TW102825,2026-07-21 02:06:00,2026-07-21 02:25:18,0.48995294126946826,19.3,Motorcycle,29,0.0007544243996247222,Medium,Overcast,Dombivli,1.455979416583877,True
TW102392,2026-07-02 10:37:00,2026-07-02 10:49:06,-0.8275083343343178,12.1,Electric Scooter,22,-0.5213072601396559,High,Rain,Airoli,-0.4852868912685906,True
TW104415,2026-07-16 10:20:00,2026-07-16 10:54:06,2.550951493673595,34.1,Motorcycle,19,-2.0874923137574957,Medium,Clear,Mulund,-0.4185237642789555,False
TW103059,2026-07-08 00:27:00,2026-07-08 00:32:00,-0.4803927886662544,5.0,Scooter,41,0.7838469512085445,Low,Clear,Thane West,1.2608256607680206,True
TW104706,2026-07-05 00:46:00,2026-07-05 00:51:42,-0.5277267267118995,5.7,Motorcycle,34,-1.565430629218215,High,Rain,Airoli,-0.9218150292777434,True
TW100201,2026-07-26 01:27:00,2026-07-26 01:31:00,-0.9655656536341157,4.0,Scooter,26,-0.26027641787001443,Low,Clear,Dombivli,2.0465763091844957,True
TW104869,2026-07-14 13:05:00,2026-07-14 13:36:54,1.9691385051958745,31.9,Scooter,43,-1.0433689446789354,Medium,Clear,Vashi,1.4765219171960724,False
TW102281,2026-07-05 14:43:00,2026-07-05 14:51:54,-0.3541689538778678,8.9,Electric Scooter,34,0.7838469512085445,High,Rain,Bhandup,0.32614188291312857,True
TW103793,2026-07-04 18:52:00,2026-07-04 19:00:00,-0.4448923351320207,8.0,Motorcycle,44,1.044877793478186,Low,Clear,Airoli,-0.9218150292777434,True
TW104933,2026-07-11 03:11:00,2026-07-11 03:23:42,0.8134015179147093,12.7,Motorcycle,30,-0.7823381024092951,Low,Clear,Dombivli,-0.8704587777472548,True
TW104700,2026-07-06 00:36:00,2026-07-06 00:43:18,-0.089887799789683,7.3,Scooter,20,0.2617852666692662,Medium,Rain,Thane West,-0.5879993943295678,True
TW102047,2026-07-21 09:39:00,2026-07-21 09:43:00,-1.1785683748395184,4.0,Scooter,44,-1.3043997869485757,High,Clear,Mulund,-0.7112543980027402,True
TW104962,2026-07-29 09:59:00,2026-07-29 10:14:00,-0.062276335929723654,15.0,Electric Scooter,38,-1.3043997869485757,Low,Overcast,Ghodbunder Road,-0.4904225164216394,True
TW103151,2026-07-23 01:45:00,2026-07-23 01:49:00,-1.4822944772990738,4.0,Scooter,30,0.0007544243996247222,Medium,Clear,Bhandup,-0.8345094016759128,True
TW102167,2026-07-05 01:51:00,2026-07-05 01:57:30,-0.6657840460116974,6.5,Electric Scooter,36,1.8279703202871058,Medium,Rain,Navi Mumbai,-0.5982706446356655,True
TW101840,2026-07-23 23:18:00,2026-07-23 23:22:00,-1.0010661071683495,4.0,Motorcycle,36,0.7838469512085445,High,Clear,Ghodbunder Road,-0.9218150292777434,True
TW103061,2026-07-07 22:35:00,2026-07-07 22:39:00,-1.3245146838135904,4.0,Motorcycle,40,-1.3043997869485757,Medium,Clear,Dombivli,1.0348581540338706,True
TW102377,2026-07-25 05:58:00,2026-07-25 06:35:54,2.550951493673595,37.9,Motorcycle,28,0.2617852666692662,Medium,Clear,Airoli,1.5740987951040004,False
TW103119,2026-07-18 23:32:00,2026-07-18 23:36:00,-1.1391234264681473,4.0,Motorcycle,20,1.044877793478186,Medium,Overcast,Thane West,-0.4082525139728578,True
TW100209,2026-07-13 11:57:00,2026-07-13 12:17:36,1.3853532692995862,20.6,Scooter,21,0.7838469512085445,Medium,Clear,Dombivli,-0.8345094016759128,True
TW101683,2026-07-18 08:19:00,2026-07-18 08:26:30,-1.2732362509308082,7.5,Electric Scooter,21,-1.565430629218215,Medium,Clear,Thane West,-0.7266612734618869,True
TW101041,2026-07-24 02:08:00,2026-07-24 02:23:30,0.85284646628608,15.5,Scooter,39,-0.26027641787001443,Medium,Clear,Ghodbunder Road,-0.9218150292777434,True
TW102618,2026-07-26 07:17:00,2026-07-26 07:29:12,-0.24372309843802933,12.2,Scooter,40,-1.3043997869485757,Medium,Clear,Kalyan,-0.9218150292777434,True
TW101586,2026-07-29 06:22:00,2026-07-29 06:57:36,2.550951493673595,35.6,Motorcycle,22,0.7838469512085445,Medium,Clear,Kalyan,0.3929050099027636,False
TW102060,2026-07-12 16:20:00,2026-07-12 16:32:48,0.45050799289809756,12.8,Motorcycle,39,-2.348523156027136,High,Clear,Navi Mumbai,3.366431973518052,True
TW103042,2026-07-17 05:12:00,2026-07-17 05:19:00,-1.1667348903281072,7.0,Scooter,27,-1.3043997869485757,Medium,Clear,Bhandup,-0.4185237642789555,True
TW102438,2026-07-16 23:45:00,2026-07-16 23:52:24,-0.271334562297989,7.4,Scooter,35,1.044877793478186,Medium,Clear,Bhandup,-0.5212362673399326,True
TW104671,2026-07-19 12:08:00,2026-07-19 12:15:48,-0.40150289192351285,7.8,Motorcycle,27,-0.5213072601396559,Low,Clear,Ghodbunder Road,1.5740987951040004,True
TW100157,2026-07-12 17:51:00,2026-07-12 18:04:36,0.032391540161566444,13.6,Scooter,19,-0.5213072601396559,Low,Clear,Navi Mumbai,-0.7112543980027402,True
TW101738,2026-07-08 23:54:00,2026-07-09 00:03:30,-0.3581134487150048,9.5,Motorcycle,36,1.3059086357478251,Medium,Clear,Navi Mumbai,-0.8807300280533524,True
TW102180,2026-07-20 05:54:00,2026-07-20 06:16:18,1.330130341579667,22.3,Scooter,30,1.044877793478186,Medium,Overcast,Bhandup,-0.8550519022881081,True
TW100014,2026-07-10 02:36:00,2026-07-10 02:48:36,-0.6302835924774636,12.6,Motorcycle,27,-0.5213072601396559,Low,Clear,Ghodbunder Road,-0.5674568937173723,True
TW104053,2026-07-15 21:13:00,2026-07-15 21:31:54,0.9554033320516441,18.9,Scooter,37,-0.26027641787001443,High,Rain,Mumbra,0.4493968865863012,True
TW104966,2026-07-07 06:41:00,2026-07-07 06:57:36,0.620121270894992,16.6,Electric Scooter,37,1.044877793478186,Medium,Clear,Dombivli,-0.9115437789716456,True
TW101733,2026-07-09 21:10:00,2026-07-09 21:14:00,-1.1233454471195992,4.0,Electric Scooter,38,0.7838469512085445,Low,Clear,Mulund,0.41858313566800803,True
TW100104,2026-07-03 00:50:00,2026-07-03 00:59:36,-0.4567258196434319,9.6,Electric Scooter,25,-0.26027641787001443,High,Clear,Navi Mumbai,0.5675162651064248,True
TW104739,2026-07-16 19:20:00,2026-07-16 19:38:18,0.2572277458783804,18.3,Motorcycle,41,0.0007544243996247222,High,Overcast,Mumbra,-0.007673752035047018,True
TW103182,2026-07-08 20:53:00,2026-07-08 21:01:18,0.016613560813018097,8.3,Scooter,39,1.044877793478186,High,Clear,Airoli,-0.21823438331005007,True
TW104705,2026-07-06 10:22:00,2026-07-06 10:36:42,-0.32655749001790807,14.7,Scooter,20,1.8279703202871058,Low,Clear,Vashi,-0.6804406470844471,True
TW100411,2026-07-03 12:08:00,2026-07-03 12:18:18,0.25328325104124333,10.3,Motorcycle,44,0.5228161089389054,Low,Overcast,Airoli,0.08476750071983247,True
TW100465,2026-07-21 10:37:00,2026-07-21 10:59:12,1.3892977641367235,22.2,Scooter,40,-1.0433689446789354,Low,Clear,Ghodbunder Road,-0.9115437789716456,True
TW100766,2026-07-01 17:44:00,2026-07-01 18:19:00,2.550951493673595,35.0,Scooter,20,0.0007544243996247222,Low,Overcast,Ghodbunder Road,-0.8910012783594502,False
TW103844,2026-07-30 21:43:00,2026-07-30 21:55:42,0.08366997304434849,12.7,Scooter,35,1.8279703202871058,High,Rain,Vashi,0.25424313077044475,True
TW100599,2026-07-18 10:49:00,2026-07-18 11:05:42,0.4702304670837829,16.7,Scooter,37,-2.348523156027136,Medium,Clear,Mulund,-0.5879993943295678,True
TW104007,2026-07-01 03:10:00,2026-07-01 03:24:00,1.1210721152114016,14.0,Motorcycle,40,1.5669394780174666,Medium,Rain,Dombivli,-0.793424400451522,True
TW100167,2026-07-11 06:00:00,2026-07-11 06:12:48,-0.038609366906900956,12.8,Motorcycle,27,-2.0874923137574957,High,Clear,Dombivli,0.1053100013320279,True
TW103115,2026-07-01 09:07:00,2026-07-01 09:14:36,-0.6381725821517378,7.6,Motorcycle,33,0.0007544243996247222,Medium,Clear,Bhandup,-0.9218150292777434,True
TW104551,2026-07-29 16:16:00,2026-07-29 16:20:00,-1.5059614463218962,4.0,Scooter,41,1.044877793478186,Low,Clear,Ghodbunder Road,0.1309881270972721,True
TW104010,2026-07-27 11:52:00,2026-07-27 11:56:00,-0.8077858601486324,4.0,Motorcycle,34,0.0007544243996247222,Low,Clear,Kalyan,1.060536279799115,True
TW103365,2026-07-20 06:53:00,2026-07-20 06:57:00,-0.9418986846112932,4.0,Electric Scooter,22,-0.5213072601396559,High,Clear,Airoli,-0.9012725286655479,True
TW100894,2026-07-03 10:42:00,2026-07-03 10:46:42,-1.0996784780967768,4.7,Electric Scooter,35,-0.26027641787001443,Medium,Clear,Thane West,-0.8961369035124991,True
TW102394,2026-07-27 06:30:00,2026-07-27 06:42:42,0.1783378491356386,12.7,Scooter,20,1.3059086357478251,Low,Clear,Airoli,0.19775125408690716,True
TW104961,2026-07-01 09:23:00,2026-07-01 09:27:00,-0.8038413653114954,4.0,Scooter,27,-0.26027641787001443,Medium,Clear,Ghodbunder Road,0.6291437669430112,True
TW100433,2026-07-25 02:57:00,2026-07-25 03:03:36,-0.9103427259141965,6.6,Scooter,26,-1.0433689446789354,Low,Rain,Mulund,-0.8139669010637174,True
TW100948,2026-07-21 15:05:00,2026-07-21 15:15:42,-0.5237822318747622,10.7,Electric Scooter,31,-0.26027641787001443,Medium,Clear,Kalyan,-0.08984375448382867,True
TW104954,2026-07-22 08:36:00,2026-07-22 08:55:06,0.7226781366605561,19.1,Scooter,34,0.2617852666692662,Medium,Clear,Kalyan,-0.6547625213192029,True
TW102146,2026-07-20 04:45:00,2026-07-20 04:49:00,-1.210124333536615,4.0,Motorcycle,25,0.0007544243996247222,High,Overcast,Navi Mumbai,0.8037550221466723,True
TW101036,2026-07-20 08:43:00,2026-07-20 09:00:48,0.7147891469862822,17.8,Motorcycle,28,-1.0433689446789354,Medium,Clear,Ghodbunder Road,-0.20796313300395233,True
TW103893,2026-07-11 00:03:00,2026-07-11 00:12:24,-0.1529997171838764,9.4,Scooter,29,1.3059086357478251,Low,Clear,Ghodbunder Road,-0.7061187728496915,True
TW100852,2026-07-05 22:57:00,2026-07-05 23:08:24,0.25328325104124333,11.4,Motorcycle,36,-0.26027641787001443,Low,Clear,Thane West,-0.13092875570821955,True
TW104254,2026-07-30 04:43:00,2026-07-30 04:47:06,-1.210124333536615,4.1,Scooter,24,-1.3043997869485757,Medium,Clear,Kalyan,1.1427062822478966,True
TW101191,2026-07-18 14:56:00,2026-07-18 15:09:24,0.012669065975881097,13.4,Motorcycle,40,0.0007544243996247222,Low,Clear,Mumbra,0.6240081417899622,True
TW104660,2026-07-05 15:11:00,2026-07-05 15:33:12,0.13889290076426788,22.2,Motorcycle,31,0.2617852666692662,Low,Clear,Navi Mumbai,-0.5982706446356655,True
TW103107,2026-07-25 06:13:00,2026-07-25 06:18:18,-0.9695101484712529,5.3,Scooter,20,0.0007544243996247222,Low,Clear,Kalyan,-0.8345094016759128,True
TW101605,2026-07-28 12:54:00,2026-07-28 13:03:48,-0.17272219136956193,9.8,Motorcycle,35,0.0007544243996247222,Low,Clear,Navi Mumbai,2.626901951479016,True
TW104787,2026-07-01 06:37:00,2026-07-01 06:41:00,-0.8945647465656483,4.0,Scooter,28,-0.26027641787001443,Low,Clear,Dombivli,-0.9218150292777434,True
TW103708,2026-07-25 01:25:00,2026-07-25 01:44:36,1.4879101350651507,19.6,Motorcycle,42,0.2617852666692662,Low,Clear,Dombivli,0.21829375469910262,True
TW102773,2026-07-09 10:15:00,2026-07-09 10:19:00,-1.4112935702306064,4.0,Motorcycle,35,1.044877793478186,Low,Clear,Vashi,-0.4904225164216394,True
TW103329,2026-07-25 13:43:00,2026-07-25 13:59:12,0.2808947149012027,16.2,Electric Scooter,38,-1.8264614714878553,Medium,Clear,Thane West,0.30559938230093314,True
TW103979,2026-07-13 14:29:00,2026-07-13 14:35:06,-0.417280871272061,6.1,Motorcycle,26,-0.5213072601396559,Medium,Rain,Ghodbunder Road,0.20802250439300488,True
TW102409,2026-07-26 19:24:00,2026-07-26 19:31:36,-0.5829496544318187,7.6,Motorcycle,31,0.5228161089389054,Low,Clear,Thane West,-0.3414893869832226,True
TW102704,2026-07-24 14:52:00,2026-07-24 14:58:06,-0.7565074272658504,6.1,Scooter,23,-0.7823381024092951,Medium,Overcast,Ghodbunder Road,-0.07443687902468209,True
TW100383,2026-07-22 20:41:00,2026-07-22 20:45:00,-0.6500060666631491,4.0,Scooter,34,0.0007544243996247222,Medium,Clear,Airoli,-0.5263718924929814,True
TW100072,2026-07-04 21:21:00,2026-07-04 21:45:24,1.5786335163193037,24.4,Scooter,39,-1.3043997869485757,Low,Clear,Kalyan,0.9783662773503332,True
TW101852,2026-07-11 07:43:00,2026-07-11 07:47:00,-0.8314528291714549,4.0,Scooter,40,-0.5213072601396559,High,Overcast,Ghodbunder Road,-0.7163900231557891,True
TW104470,2026-07-05 23:01:00,2026-07-05 23:05:00,-1.0996784780967768,4.0,Motorcycle,43,1.044877793478186,High,Clear,Dombivli,0.166937503168614,True
TW102090,2026-07-06 19:59:00,2026-07-06 20:29:30,2.3399210198867606,30.5,Motorcycle,26,-1.0433689446789354,Low,Clear,Ghodbunder Road,-0.6701693967783494,False
TW101290,2026-07-25 06:48:00,2026-07-25 07:02:12,0.6871776831263224,14.2,Scooter,38,-1.565430629218215,Low,Clear,Airoli,-0.5263718924929814,True
TW100906,2026-07-24 02:28:00,2026-07-24 02:39:00,0.008724571138744096,11.0,Scooter,41,0.0007544243996247222,Low,Overcast,Mumbra,1.7127606742363197,True
TW102929,2026-07-23 23:15:00,2026-07-23 23:43:00,2.004638958730109,28.0,Electric Scooter,24,1.3059086357478251,High,Clear,Kalyan,-0.4236593894320044,False
TW102969,2026-07-26 21:33:00,2026-07-26 22:00:54,1.9375825464987784,27.9,Motorcycle,25,0.2617852666692662,Low,Rain,Thane West,-0.9218150292777434,False
TW100878,2026-07-10 19:32:00,2026-07-10 19:36:00,-0.7683409117772615,4.0,Motorcycle,20,1.3059086357478251,Medium,Clear,Dombivli,2.7090719539277974,True
TW103004,2026-07-24 02:53:00,2026-07-24 03:07:12,1.1644615584199096,14.2,Scooter,41,-1.565430629218215,Low,Clear,Kalyan,1.738438800001564,True
TW103521,2026-07-10 14:48:00,2026-07-10 15:16:42,2.0874733503099874,28.7,Motorcycle,25,0.0007544243996247222,Medium,Rain,Mumbra,0.4339900111271545,False
TW100156,2026-07-07 17:54:00,2026-07-07 18:04:30,-0.030720377232626953,10.5,Scooter,39,0.2617852666692662,High,Rain,Vashi,1.019451278574724,True
TW103508,2026-07-24 19:12:00,2026-07-24 19:33:24,0.32033966327257374,21.4,Motorcycle,43,0.7838469512085445,Medium,Clear,Thane West,-0.03848750295334018,True
TW101040,2026-07-30 02:42:00,2026-07-30 02:47:30,-1.0878449935853653,5.5,Motorcycle,35,-0.5213072601396559,Medium,Clear,Bhandup,0.25424313077044475,True
TW102752,2026-07-20 23:39:00,2026-07-20 23:45:12,-1.0089550968426235,6.2,Motorcycle,33,-1.0433689446789354,High,Overcast,Thane West,-0.860187527441157,True
TW103850,2026-07-11 06:33:00,2026-07-11 06:47:54,0.3637291064810815,14.9,Motorcycle,25,1.5669394780174666,High,Rain,Ghodbunder Road,-0.5982706446356655,True
TW100937,2026-07-02 07:17:00,2026-07-02 07:30:00,-0.2634455726237149,13.0,Scooter,37,1.8279703202871058,Low,Clear,Navi Mumbai,0.598330016024718,True
TW103830,2026-07-22 06:25:00,2026-07-22 06:33:30,-0.2831680468094002,8.5,Scooter,30,1.3059086357478251,Low,Overcast,Vashi,-0.9218150292777434,True
TW102729,2026-07-01 16:16:00,2026-07-01 16:27:48,-0.3778359229006903,11.8,Electric Scooter,43,0.5228161089389054,High,Overcast,Navi Mumbai,0.31587063260703085,True
TW100102,2026-07-07 01:14:00,2026-07-07 01:23:18,0.35978461164394443,9.3,Motorcycle,43,0.7838469512085445,Medium,Rain,Bhandup,-0.6650337716253005,True
TW100199,2026-07-11 07:33:00,2026-07-11 07:37:00,-0.8787867672171,4.0,Electric Scooter,41,0.5228161089389054,Low,Clear,Vashi,-0.4955581415746883,True
TW104158,2026-07-08 23:07:00,2026-07-08 23:21:18,0.22172729234414665,14.3,Motorcycle,24,1.8279703202871058,Medium,Clear,Navi Mumbai,0.9732306521972846,True
TW102629,2026-07-26 11:04:00,2026-07-26 11:08:00,-0.43700334545774655,4.0,Electric Scooter,42,-0.7823381024092951,Low,Overcast,Navi Mumbai,-0.3055400109118807,True
TW100378,2026-07-06 23:25:00,2026-07-06 23:44:48,0.16650436462422724,19.8,Scooter,40,-1.0433689446789354,Medium,Clear,Vashi,-0.31067563606492954,True
TW102900,2026-07-18 23:07:00,2026-07-18 23:11:00,-0.7565074272658504,4.0,Electric Scooter,30,1.8279703202871058,High,Clear,Navi Mumbai,-0.4031168888198089,True
TW104821,2026-07-17 00:49:00,2026-07-17 00:56:36,-1.020788581354035,7.6,Motorcycle,42,1.3059086357478251,Medium,Clear,Mulund,-0.9218150292777434,True
TW102241,2026-07-08 03:52:00,2026-07-08 04:06:54,0.2138383026698723,14.9,Scooter,41,-0.26027641787001443,Medium,Rain,Dombivli,-0.9218150292777434,True
TW101850,2026-07-22 14:58:00,2026-07-22 15:02:00,-1.4389050340905658,4.0,Scooter,28,0.5228161089389054,High,Clear,Bhandup,-0.37743876305456464,True
TW100129,2026-07-25 05:14:00,2026-07-25 05:25:30,-0.3817804177378273,11.5,Scooter,28,-0.5213072601396559,Low,Clear,Ghodbunder Road,-0.09497937963687753,True
TW104633,2026-07-02 15:51:00,2026-07-02 16:28:42,2.550951493673595,37.7,Motorcycle,22,-1.0433689446789354,Low,Clear,Dombivli,-0.8550519022881081,False
TW103885,2026-07-12 17:00:00,2026-07-12 17:15:18,0.3479511271325331,15.3,Motorcycle,23,-1.3043997869485757,Low,Overcast,Kalyan,2.354713818367427,True
TW104642,2026-07-07 23:17:00,2026-07-07 23:21:00,-1.1588459006538328,4.0,Motorcycle,39,0.0007544243996247222,Low,Clear,Kalyan,-0.7574750243801799,True
TW103909,2026-07-29 03:04:00,2026-07-29 03:41:48,2.550951493673595,37.8,Motorcycle,23,0.5228161089389054,Medium,Overcast,Airoli,-0.20282750785090348,False
TW102046,2026-07-06 17:20:00,2026-07-06 17:29:48,-0.9142872207513337,9.8,Motorcycle,37,-0.26027641787001443,High,Rain,Vashi,-0.7831531501454242,True
TW100743,2026-07-02 14:14:00,2026-07-02 14:27:00,-0.39361390224923865,13.0,Scooter,29,1.3059086357478251,Low,Rain,Mumbra,0.701042519085695,True
TW100757,2026-07-20 18:48:00,2026-07-20 18:56:42,-0.4803927886662544,8.7,Motorcycle,36,-1.0433689446789354,Medium,Overcast,Mulund,-0.9218150292777434,True
TW101828,2026-07-10 02:54:00,2026-07-10 03:04:00,-0.5868941492689557,10.0,Scooter,23,1.5669394780174666,Medium,Clear,Vashi,1.1016212810235058,True
TW104097,2026-07-27 05:05:00,2026-07-27 05:21:30,0.5846208173607583,16.5,Scooter,37,1.5669394780174666,Medium,Clear,Thane West,-0.541778767952128,True
TW102193,2026-07-20 04:25:00,2026-07-20 04:32:06,-0.9734546433083899,7.1,Scooter,36,-0.26027641787001443,Low,Overcast,Mulund,-0.6958475225435937,True
TW104607,2026-07-29 14:41:00,2026-07-29 15:00:48,0.8331239921003946,19.8,Scooter,33,0.5228161089389054,High,Clear,Airoli,3.089108215253413,True
TW103379,2026-07-19 16:31:00,2026-07-19 16:43:18,0.0481695195101148,12.3,Scooter,40,-0.5213072601396559,Low,Overcast,Bhandup,2.6474444520912117,True
TW104867,2026-07-09 09:06:00,2026-07-09 09:16:12,-0.5908386441060929,10.2,Scooter,21,0.5228161089389054,Low,Overcast,Kalyan,-0.6650337716253005,True
TW104111,2026-07-08 08:46:00,2026-07-08 08:57:24,-0.6381725821517378,11.4,Motorcycle,19,-1.0433689446789354,Medium,Clear,Ghodbunder Road,-0.03848750295334018,True
TW104222,2026-07-01 01:29:00,2026-07-01 01:40:00,0.19411582848418696,11.0,Electric Scooter,30,0.7838469512085445,High,Overcast,Mumbra,-0.8293737765228638,True
TW101280,2026-07-22 01:50:00,2026-07-22 01:59:24,-0.8866757568913741,9.4,Motorcycle,24,0.2617852666692662,High,Overcast,Kalyan,1.3019106619924115,True
TW103241,2026-07-10 08:44:00,2026-07-10 09:04:18,1.1960175171170062,20.3,Scooter,20,0.0007544243996247222,Low,Clear,Vashi,1.8360156779094925,True
TW100213,2026-07-02 03:35:00,2026-07-02 03:40:24,-1.4112935702306064,5.4,Motorcycle,21,0.2617852666692662,Low,Clear,Vashi,1.1478419074009458,True
TW102191,2026-07-20 07:55:00,2026-07-20 08:14:36,1.1092386306999906,19.6,Electric Scooter,21,0.0007544243996247222,High,Clear,Dombivli,2.2520013153064498,True
TW104208,2026-07-01 13:45:00,2026-07-01 13:56:00,-0.6500060666631491,11.0,Electric Scooter,27,-1.0433689446789354,Medium,Rain,Bhandup,-0.7472037740740822,True
TW104350,2026-07-12 14:13:00,2026-07-12 14:21:06,-0.5711161699204074,8.1,Scooter,43,0.0007544243996247222,Medium,Clear,Bhandup,1.4354369159716815,True
TW101244,2026-07-19 02:59:00,2026-07-19 03:05:24,-1.0602335297254057,6.4,Scooter,29,0.2617852666692662,High,Clear,Bhandup,0.4134475105149591,True
TW102809,2026-07-27 09:27:00,2026-07-27 09:40:24,0.6556217244292257,13.4,Motorcycle,21,-1.0433689446789354,Medium,Clear,Mumbra,0.06936062526068577,True
TW104945,2026-07-11 05:13:00,2026-07-11 05:36:54,0.8291794972632576,23.9,Motorcycle,43,-0.26027641787001443,Medium,Clear,Thane West,-0.9166794041246945,True
TW104434,2026-07-18 14:28:00,2026-07-18 14:34:54,-0.693395509871657,6.9,Motorcycle,27,-1.565430629218215,High,Overcast,Airoli,-0.2387768839222455,True
TW104857,2026-07-30 11:19:00,2026-07-30 11:32:36,-0.5592826854089962,13.6,Scooter,38,1.8279703202871058,Low,Clear,Dombivli,0.8140262724527699,True
TW102641,2026-07-07 22:48:00,2026-07-07 23:23:00,2.434588895978051,35.0,Scooter,33,-1.0433689446789354,High,Overcast,Dombivli,1.4662506668899744,False
TW104129,2026-07-01 22:52:00,2026-07-01 23:22:00,2.446422380489462,30.0,Motorcycle,23,1.5669394780174666,Low,Clear,Bhandup,-0.2130987581570012,False
TW101874,2026-07-22 21:31:00,2026-07-22 21:50:00,0.16650436462422724,19.0,Scooter,43,0.0007544243996247222,Medium,Clear,Airoli,-0.7523393992271311,True
TW104865,2026-07-09 02:53:00,2026-07-09 03:00:12,-0.49617076801480275,7.2,Scooter,19,1.044877793478186,Medium,Clear,Vashi,-0.19255625754480576,True
TW100024,2026-07-28 22:06:00,2026-07-28 22:18:18,0.2572277458783804,12.3,Scooter,37,0.2617852666692662,Low,Clear,Thane West,-0.6598981464722518,True
TW100369,2026-07-27 14:08:00,2026-07-27 14:12:00,-1.2140688283737522,4.0,Motorcycle,34,0.2617852666692662,High,Clear,Navi Mumbai,3.607806355711347,True
TW100061,2026-07-11 04:50:00,2026-07-11 05:06:06,0.12311492141571954,16.1,Scooter,42,0.0007544243996247222,Medium,Clear,Mumbra,0.166937503168614,True
TW100353,2026-07-24 02:14:00,2026-07-24 02:18:00,-0.8551197981942774,4.0,Scooter,24,-1.8264614714878553,Low,Overcast,Navi Mumbai,0.1823443786277607,True
TW102876,2026-07-19 03:13:00,2026-07-19 03:18:24,-0.7170624788944795,5.4,Scooter,23,1.044877793478186,Low,Clear,Ghodbunder Road,0.1566662528625163,True
TW100945,2026-07-21 12:13:00,2026-07-21 12:36:12,1.4642431660423278,23.2,Scooter,44,1.044877793478186,High,Clear,Mulund,-0.048758753259437904,True
TW100541,2026-07-06 06:49:00,2026-07-06 07:17:42,2.1663632470527285,28.7,Motorcycle,40,-0.5213072601396559,Medium,Clear,Mumbra,-0.9218150292777434,False
TW103765,2026-07-10 14:25:00,2026-07-10 14:38:42,1.1565725687456356,13.7,Scooter,34,-0.26027641787001443,High,Clear,Airoli,3.14560009193695,True
TW103278,2026-07-17 22:13:00,2026-07-17 22:18:48,-1.2140688283737522,5.8,Scooter,23,-1.3043997869485757,Low,Overcast,Kalyan,-0.9218150292777434,True
TW101462,2026-07-25 03:49:00,2026-07-25 04:00:12,-0.6381725821517378,11.2,Motorcycle,42,0.7838469512085445,High,Rain,Bhandup,-0.6085418949417631,True
TW101594,2026-07-02 12:11:00,2026-07-02 12:25:12,0.4031740548524525,14.2,Scooter,35,-0.26027641787001443,Medium,Overcast,Kalyan,-0.8036956507576197,True
TW104077,2026-07-10 15:22:00,2026-07-10 15:26:36,-1.2377357973965746,4.6,Scooter,34,-0.26027641787001443,Medium,Rain,Bhandup,-0.2747262599935875,True
TW101867,2026-07-08 07:37:00,2026-07-08 07:41:00,-0.8235638394971807,4.0,Scooter,37,0.0007544243996247222,High,Clear,Mumbra,-0.860187527441157,True
TW103608,2026-07-12 06:45:00,2026-07-12 06:54:18,-0.5474492008975848,9.3,Motorcycle,37,0.0007544243996247222,Medium,Clear,Vashi,1.348131288369851,True
TW102070,2026-07-09 14:03:00,2026-07-09 14:14:18,2.550951493673595,11.3,Scooter,21,1.3059086357478251,High,Clear,Kalyan,0.03854687434239261,True
TW103141,2026-07-14 13:59:00,2026-07-14 14:09:06,-0.882731262054237,10.1,Scooter,29,0.0007544243996247222,Medium,Rain,Thane West,-0.541778767952128,True
TW104108,2026-07-21 03:11:00,2026-07-21 03:22:48,0.3085061787611624,11.8,Scooter,28,-0.7823381024092951,Low,Rain,Dombivli,-0.8396450268289616,True
TW103313,2026-07-24 09:03:00,2026-07-24 09:17:54,-0.07410982044113465,14.9,Motorcycle,31,1.5669394780174666,Low,Clear,Airoli,-0.09497937963687753,True
TW103622,2026-07-01 16:46:00,2026-07-01 17:13:00,1.1289611048856758,27.0,Scooter,36,-0.26027641787001443,High,Clear,Dombivli,-0.8036956507576197,False
TW101974,2026-07-25 03:19:00,2026-07-25 03:32:30,-0.3857249125749645,13.5,Motorcycle,29,1.044877793478186,Medium,Clear,Thane West,-0.0025381268819981576,True
TW102610,2026-07-10 09:41:00,2026-07-10 09:51:30,-0.44094784029488354,10.5,Electric Scooter,43,1.044877793478186,Low,Clear,Ghodbunder Road,0.03854687434239261,True
TW102509,2026-07-23 19:46:00,2026-07-23 20:02:00,0.5530648586636616,16.0,Electric Scooter,23,-1.8264614714878553,Medium,Clear,Dombivli,0.08990312587288121,True
TW100402,2026-07-10 18:37:00,2026-07-10 18:42:42,-0.7762299014515357,5.7,Electric Scooter,24,1.5669394780174666,Low,Clear,Mumbra,0.10017437617897894,True
TW102068,2026-07-28 03:54:00,2026-07-28 04:07:54,0.6477327347549517,13.9,Scooter,22,1.5669394780174666,Medium,Clear,Bhandup,0.21829375469910262,True
TW103572,2026-07-30 08:40:00,2026-07-30 08:47:18,-0.788063385962947,7.3,Electric Scooter,32,0.0007544243996247222,Medium,Clear,Mulund,-0.38257438820761347,True
TW104698,2026-07-17 07:10:00,2026-07-17 07:32:00,0.5372868793151133,22.0,Scooter,28,-1.0433689446789354,Medium,Clear,Airoli,-0.048758753259437904,True
TW104716,2026-07-04 15:02:00,2026-07-04 15:11:18,-0.29105703648367437,9.3,Scooter,33,0.5228161089389054,Low,Overcast,Mumbra,-0.6085418949417631,True
TW104998,2026-07-13 21:01:00,2026-07-13 21:11:30,0.06789199369580015,10.5,Electric Scooter,23,-0.5213072601396559,High,Clear,Kalyan,-0.860187527441157,True
TW102375,2026-07-13 12:54:00,2026-07-13 13:11:30,0.5136199102922906,17.5,Scooter,32,-0.5213072601396559,Low,Rain,Navi Mumbai,1.3994875399003395,True
TW101181,2026-07-21 04:56:00,2026-07-21 05:14:12,0.616176776057855,18.2,Scooter,32,-2.348523156027136,Low,Overcast,Mulund,-0.8755944029003037,True
TW101080,2026-07-22 17:20:00,2026-07-22 17:26:06,-0.3778359229006903,6.1,Scooter,35,-0.7823381024092951,Medium,Clear,Ghodbunder Road,-0.7574750243801799,True
TW100141,2026-07-18 11:27:00,2026-07-18 11:45:18,0.4820639515951939,18.3,Motorcycle,44,-1.0433689446789354,High,Rain,Ghodbunder Road,0.4339900111271545,True
TW101897,2026-07-21 03:35:00,2026-07-21 03:53:54,0.8844024249831767,18.9,Electric Scooter,28,0.5228161089389054,High,Clear,Mumbra,-0.8036956507576197,True
TW102658,2026-07-25 06:45:00,2026-07-25 06:49:00,-1.076011509073954,4.0,Motorcycle,44,0.2617852666692662,Medium,Rain,Navi Mumbai,4.973882646422343,True
TW103471,2026-07-03 05:59:00,2026-07-03 06:17:18,0.22172729234414665,18.3,Scooter,34,-1.0433689446789354,High,Clear,Mulund,-0.7009831476966425,True
TW103205,2026-07-04 14:21:00,2026-07-04 14:39:18,0.3361176426211221,18.3,Electric Scooter,22,0.5228161089389054,High,Rain,Kalyan,1.9181856803582742,True
TW102100,2026-07-21 10:09:00,2026-07-21 10:13:54,-1.0996784780967768,4.9,Scooter,30,0.2617852666692662,Medium,Clear,Vashi,-0.7523393992271311,True
TW103833,2026-07-13 04:04:00,2026-07-13 04:22:30,1.1052941358628532,18.5,Electric Scooter,40,0.0007544243996247222,Low,Overcast,Ghodbunder Road,-0.8704587777472548,True
TW102824,2026-07-12 00:53:00,2026-07-12 00:58:00,-0.6973400047087941,5.0,Motorcycle,29,0.5228161089389054,High,Clear,Mumbra,-0.37743876305456464,True
TW102088,2026-07-07 08:43:00,2026-07-07 09:20:24,2.550951493673595,37.4,Motorcycle,22,1.044877793478186,Low,Clear,Bhandup,1.805201926991199,False
TW104438,2026-07-05 03:55:00,2026-07-05 04:15:36,1.5234105885993843,20.6,Scooter,42,1.8279703202871058,Medium,Clear,Vashi,-0.9218150292777434,True
TW104192,2026-07-01 04:43:00,2026-07-01 05:02:12,0.8252350024261202,19.2,Electric Scooter,32,-1.565430629218215,High,Clear,Mulund,-0.10525062994297525,True
TW104427,2026-07-12 02:02:00,2026-07-12 02:06:00,-0.9182317155884708,4.0,Scooter,39,-0.7823381024092951,Low,Clear,Kalyan,0.346684383525324,True
TW100699,2026-07-26 15:14:00,2026-07-26 15:18:00,-1.0523445400511318,4.0,Scooter,44,-0.5213072601396559,Medium,Clear,Ghodbunder Road,-0.7626106495332288,True
TW103306,2026-07-22 14:42:00,2026-07-22 14:46:00,-1.4231270547420176,4.0,Scooter,27,1.3059086357478251,High,Rain,Ghodbunder Road,-0.05903000356553562,True
TW101193,2026-07-29 06:09:00,2026-07-29 06:13:00,-1.1549014058166958,4.0,Motorcycle,31,1.5669394780174666,High,Clear,Navi Mumbai,-0.8139669010637174,True
TW101884,2026-07-07 12:04:00,2026-07-07 12:22:12,1.2985743828825704,18.2,Motorcycle,42,0.2617852666692662,High,Rain,Mulund,-0.4339306397381021,True
TW100361,2026-07-21 15:54:00,2026-07-21 16:20:12,2.550951493673595,26.2,Motorcycle,24,-0.7823381024092951,Low,Rain,Kalyan,0.7832125215344767,False
TW100772,2026-07-26 12:52:00,2026-07-26 13:00:00,-0.7643964169401245,8.0,Scooter,44,-0.5213072601396559,Low,Clear,Vashi,-0.2798618851466364,True
TW103010,2026-07-14 03:44:00,2026-07-14 03:55:00,-0.10172128430109435,11.0,Scooter,23,1.8279703202871058,High,Clear,Bhandup,-0.9218150292777434,True
TW101751,2026-07-02 20:03:00,2026-07-02 20:14:54,0.7976235385661609,11.9,Motorcycle,36,-1.3043997869485757,Medium,Rain,Mumbra,-0.22850563361614779,True
TW100033,2026-07-28 18:35:00,2026-07-28 18:50:54,0.7424006108462415,15.9,Scooter,39,-0.26027641787001443,Low,Clear,Mulund,2.164695687704619,True
TW104673,2026-07-04 11:54:00,2026-07-04 12:17:48,2.2846980921668414,23.8,Scooter,20,1.5669394780174666,Medium,Clear,Ghodbunder Road,-0.028216252647242458,True
TW104676,2026-07-03 12:02:00,2026-07-03 12:09:30,-0.17666668620669893,7.5,Motorcycle,35,-0.26027641787001443,Low,Clear,Airoli,0.20802250439300488,True
TW104568,2026-07-10 06:58:00,2026-07-10 07:22:36,0.8922914146574507,24.6,Scooter,32,-1.0433689446789354,Medium,Clear,Dombivli,-0.6547625213192029,True
TW103265,2026-07-08 20:36:00,2026-07-08 20:52:18,0.5372868793151133,16.3,Electric Scooter,33,-0.26027641787001443,Low,Clear,Thane West,0.1772087534747117,True
TW100735,2026-07-02 02:44:00,2026-07-02 03:01:42,0.24539426136696899,17.7,Scooter,43,0.2617852666692662,High,Clear,Vashi,1.3635381638289978,True
TW103200,2026-07-23 18:41:00,2026-07-23 18:45:12,-0.9695101484712529,4.2,Scooter,20,0.7838469512085445,Medium,Overcast,Airoli,-0.6342200207070074,True
TW104991,2026-07-03 12:39:00,2026-07-03 12:47:54,-0.788063385962947,8.9,Motorcycle,36,1.8279703202871058,High,Clear,Mulund,-0.7472037740740822,True
TW103039,2026-07-22 13:13:00,2026-07-22 13:23:24,-0.5671716750832704,10.4,Motorcycle,22,-1.0433689446789354,Medium,Clear,Dombivli,0.4237187608210568,True
TW101470,2026-07-03 11:01:00,2026-07-03 11:06:42,-0.8590642930314144,5.7,Motorcycle,43,-0.26027641787001443,Medium,Overcast,Navi Mumbai,-0.7677462746862777,True
TW101646,2026-07-14 06:14:00,2026-07-14 06:36:42,1.3735197847881753,22.7,Motorcycle,20,-1.3043997869485757,Low,Clear,Mulund,-0.03848750295334018,True
TW102661,2026-07-01 05:14:00,2026-07-01 05:21:42,-0.1885001707181103,7.7,Scooter,41,1.3059086357478251,Medium,Rain,Airoli,-0.2644550096874898,True
TW100298,2026-07-03 20:22:00,2026-07-03 20:29:42,-0.25555658294944067,7.7,Scooter,21,1.8279703202871058,Medium,Clear,Vashi,0.706178144238744,True
TW101156,2026-07-02 07:44:00,2026-07-02 08:12:18,1.558911042133618,28.3,Motorcycle,24,-2.348523156027136,Medium,Clear,Vashi,0.0796318755667835,False
TW103189,2026-07-03 08:37:00,2026-07-03 08:48:12,-0.36994693322641614,11.2,Scooter,35,1.8279703202871058,Medium,Rain,Mumbra,1.7178962993893685,True
TW104534,2026-07-16 19:56:00,2026-07-16 20:19:42,1.3892977641367235,23.7,Motorcycle,36,1.044877793478186,Medium,Clear,Thane West,-0.5623212685643234,True
TW102764,2026-07-12 00:46:00,2026-07-12 00:50:36,-0.6342280873146008,4.6,Scooter,20,1.5669394780174666,High,Clear,Ghodbunder Road,-0.5469143931051769,True
TW102782,2026-07-16 19:37:00,2026-07-16 19:46:54,-0.5277267267118995,9.9,Scooter,30,-0.26027641787001443,High,Clear,Airoli,0.04368249949544158,True
TW102768,2026-07-28 19:40:00,2026-07-28 19:44:00,-0.8393418188457291,4.0,Motorcycle,20,-1.8264614714878553,High,Rain,Bhandup,0.22342937985215158,True
TW101347,2026-07-29 21:26:00,2026-07-29 21:31:54,-0.3226129951807711,5.9,Electric Scooter,21,-0.26027641787001443,Medium,Rain,Mumbra,-0.1001150047899264,True
TW104315,2026-07-17 08:59:00,2026-07-17 09:07:54,-1.115456457445325,8.9,Scooter,38,-2.348523156027136,High,Clear,Thane West,-0.37230313790151576,True
TW101212,2026-07-05 03:13:00,2026-07-05 03:23:36,0.5451758689893873,10.6,Scooter,28,0.0007544243996247222,Low,Overcast,Airoli,-0.4647443906563951,True
TW100401,2026-07-04 15:42:00,2026-07-04 15:46:00,-1.0365665607025834,4.0,Motorcycle,41,0.0007544243996247222,Low,Overcast,Dombivli,-0.5006937667277371,True
TW101652,2026-07-27 17:52:00,2026-07-27 18:06:12,-0.7565074272658504,14.2,Motorcycle,44,-0.5213072601396559,Low,Clear,Mulund,0.3826337595966661,True
TW104876,2026-07-19 00:33:00,2026-07-19 00:55:18,2.0440839071014794,22.3,Motorcycle,40,-1.0433689446789354,Medium,Clear,Mumbra,-0.2130987581570012,True
TW100521,2026-07-08 07:12:00,2026-07-08 07:17:06,-0.6618395511745603,5.1,Motorcycle,31,1.5669394780174666,Medium,Clear,Airoli,2.3855275692857196,True
TW101670,2026-07-13 22:07:00,2026-07-13 22:24:00,-0.3226129951807711,17.0,Scooter,42,0.7838469512085445,High,Overcast,Airoli,0.27992125653568894,True
TW102625,2026-07-07 02:20:00,2026-07-07 02:24:00,-1.2653472612565342,4.0,Electric Scooter,34,1.8279703202871058,High,Rain,Mulund,-0.5777281440234701,True
TW104055,2026-07-19 02:27:00,2026-07-19 02:45:18,0.7463451056833789,18.3,Scooter,38,-1.3043997869485757,Medium,Clear,Bhandup,0.8448400233710631,True
TW101679,2026-07-26 10:02:00,2026-07-26 10:08:18,-0.8235638394971807,6.3,Scooter,36,-0.5213072601396559,Low,Overcast,Bhandup,0.059089374954588055,True
TW104909,2026-07-29 04:03:00,2026-07-29 04:07:24,-0.8314528291714549,4.4,Motorcycle,20,-1.3043997869485757,High,Clear,Bhandup,-0.10525062994297525,True
TW102804,2026-07-20 02:28:00,2026-07-20 02:32:12,-0.6697285408488345,4.2,Motorcycle,21,0.0007544243996247222,Medium,Overcast,Navi Mumbai,-0.19255625754480576,True
TW104850,2026-07-16 12:17:00,2026-07-16 12:31:12,0.22567178718128364,14.2,Scooter,24,1.044877793478186,Medium,Clear,Bhandup,-0.23364125876919664,True
TW101431,2026-07-06 13:40:00,2026-07-06 13:47:30,-1.0010661071683495,7.5,Electric Scooter,25,-0.5213072601396559,Low,Clear,Airoli,-0.5109650170338349,True
TW104824,2026-07-07 14:51:00,2026-07-07 14:55:00,-0.9576766639598415,4.0,Motorcycle,19,-1.8264614714878553,Medium,Overcast,Mumbra,-0.7163900231557891,True
TW100131,2026-07-19 22:41:00,2026-07-19 22:52:54,-0.1845556758809731,11.9,Scooter,23,-1.0433689446789354,Medium,Clear,Dombivli,-0.2901331354527341,True
TW104478,2026-07-25 05:44:00,2026-07-25 05:48:00,-1.1667348903281072,4.0,Motorcycle,22,-0.7823381024092951,Medium,Overcast,Airoli,-0.7420681489210333,True
TW101870,2026-07-10 03:59:00,2026-07-10 04:18:54,1.5786335163193037,19.9,Motorcycle,31,-1.3043997869485757,Medium,Clear,Navi Mumbai,-0.6444912710131051,True
TW104755,2026-07-19 14:37:00,2026-07-19 14:56:48,0.38739607550390415,19.8,Motorcycle,42,0.0007544243996247222,Medium,Rain,Dombivli,0.11558125163812563,True
TW104674,2026-07-05 06:34:00,2026-07-05 06:38:00,-0.6539505615002861,4.0,Motorcycle,22,-1.3043997869485757,Medium,Overcast,Dombivli,-0.5161006421868838,True
TW100435,2026-07-25 12:07:00,2026-07-25 12:18:24,-0.2871125416465374,11.4,Scooter,34,-1.8264614714878553,Medium,Clear,Vashi,-0.5674568937173723,True
TW104142,2026-07-09 22:09:00,2026-07-09 22:19:30,-0.555338190571859,10.5,Motorcycle,22,-1.3043997869485757,Low,Clear,Navi Mumbai,-0.21823438331005007,True
TW101206,2026-07-10 07:50:00,2026-07-10 08:06:36,0.7266226314976931,16.6,Scooter,20,0.0007544243996247222,High,Clear,Mumbra,-0.8036956507576197,True
TW100027,2026-07-19 15:25:00,2026-07-19 15:34:12,-0.4764482938291174,9.2,Electric Scooter,40,-0.26027641787001443,Medium,Clear,Bhandup,-0.7882887752984731,True
TW103258,2026-07-09 05:26:00,2026-07-09 05:36:54,-0.6184501079660524,10.9,Electric Scooter,28,0.7838469512085445,High,Clear,Bhandup,-0.14120000601431726,True
TW103091,2026-07-16 20:48:00,2026-07-16 20:52:00,-0.9616211587969785,4.0,Scooter,38,1.8279703202871058,Low,Clear,Airoli,-0.8653231525942059,True
TW100897,2026-07-15 08:19:00,2026-07-15 08:23:06,-1.5177949308333074,4.1,Scooter,37,-2.6095539982967764,Medium,Rain,Ghodbunder Road,1.2454187853088738,True
TW104223,2026-07-12 22:47:00,2026-07-12 22:51:00,-0.9497876742855675,4.0,Scooter,39,0.0007544243996247222,Medium,Clear,Dombivli,-0.20282750785090348,True
TW102055,2026-07-08 07:53:00,2026-07-08 08:20:54,2.1348072883556326,27.9,Scooter,32,1.3059086357478251,Low,Clear,Mulund,0.22342937985215158,False
TW100590,2026-07-23 16:37:00,2026-07-23 16:48:06,0.9593478268887814,11.1,Scooter,42,-1.0433689446789354,Medium,Clear,Vashi,-0.8910012783594502,True
TW101049,2026-07-13 15:44:00,2026-07-13 15:51:30,-0.8748422723799628,7.5,Scooter,32,0.7838469512085445,Medium,Rain,Navi Mumbai,-0.2387768839222455,True
TW103821,2026-07-16 12:39:00,2026-07-16 12:54:12,0.4150075393638635,15.2,Motorcycle,21,-0.5213072601396559,Low,Clear,Thane West,2.164695687704619,True
TW101090,2026-07-27 04:43:00,2026-07-27 04:52:00,-0.4764482938291174,9.0,Motorcycle,35,1.8279703202871058,High,Rain,Airoli,-0.8396450268289616,True
TW102707,2026-07-12 17:57:00,2026-07-12 18:04:36,-0.7841188911258099,7.6,Motorcycle,43,-1.3043997869485757,High,Clear,Dombivli,2.190373813469863,True
TW102560,2026-07-10 18:10:00,2026-07-10 18:20:00,-1.0523445400511318,10.0,Electric Scooter,33,1.5669394780174666,Low,Clear,Thane West,0.04368249949544158,True
TW103613,2026-07-18 01:11:00,2026-07-18 01:18:54,-0.2476675932751665,7.9,Motorcycle,44,-0.26027641787001443,Low,Rain,Kalyan,-0.9218150292777434,True
TW104189,2026-07-07 15:17:00,2026-07-07 15:21:00,-0.7210069737316165,4.0,Scooter,23,0.5228161089389054,High,Overcast,Ghodbunder Road,-0.5469143931051769,True
TW102728,2026-07-08 09:56:00,2026-07-08 10:03:12,-0.5868941492689557,7.2,Motorcycle,43,0.2617852666692662,High,Clear,Thane West,-0.7472037740740822,True
TW103013,2026-07-17 12:57:00,2026-07-17 13:06:06,-0.007053408209804253,9.1,Motorcycle,40,0.7838469512085445,Low,Overcast,Bhandup,-0.8704587777472548,True
TW104641,2026-07-16 05:25:00,2026-07-16 05:33:36,-0.3541689538778678,8.6,Motorcycle,43,-0.7823381024092951,Low,Clear,Navi Mumbai,-0.1360643808612684,True
TW102590,2026-07-28 02:41:00,2026-07-28 02:59:12,-0.10961027397536871,18.2,Scooter,41,-0.7823381024092951,Medium,Clear,Airoli,-0.41338813912590666,True
TW100403,2026-07-01 11:51:00,2026-07-01 11:55:24,-1.0484000452139948,4.4,Motorcycle,39,0.0007544243996247222,Medium,Clear,Bhandup,-0.6188131452478608,True
TW103187,2026-07-21 18:36:00,2026-07-21 18:50:42,-0.07016532560399766,14.7,Scooter,21,0.7838469512085445,High,Clear,Vashi,-0.8293737765228638,True
TW102955,2026-07-19 14:24:00,2026-07-19 14:34:42,-0.5829496544318187,10.7,Motorcycle,30,-2.348523156027136,Low,Overcast,Thane West,-0.9218150292777434,True
TW100151,2026-07-30 17:52:00,2026-07-30 18:10:06,0.3400621374582591,18.1,Scooter,27,0.0007544243996247222,Medium,Clear,Kalyan,3.73106135938452,True
TW102425,2026-07-03 07:01:00,2026-07-03 07:05:00,-0.8866757568913741,4.0,Motorcycle,33,1.5669394780174666,Low,Clear,Airoli,-0.7677462746862777,True
TW103497,2026-07-28 06:51:00,2026-07-28 06:55:00,-0.6184501079660524,4.0,Electric Scooter,31,0.7838469512085445,Low,Clear,Dombivli,0.6702287681674018,True
TW104736,2026-07-16 22:07:00,2026-07-16 22:11:00,-0.8235638394971807,4.0,Motorcycle,42,-0.5213072601396559,High,Overcast,Mulund,-0.05389437841248676,True
TW103557,2026-07-11 10:49:00,2026-07-11 10:55:30,-0.504059757689077,6.5,Motorcycle,40,1.3059086357478251,High,Rain,Vashi,0.29019250684178666,True
TW100311,2026-07-16 10:43:00,2026-07-16 10:57:24,0.4386745083866862,14.4,Motorcycle,30,0.5228161089389054,Medium,Clear,Mumbra,1.2248762846966785,True
TW101832,2026-07-07 02:34:00,2026-07-07 02:43:48,-0.882731262054237,9.8,Motorcycle,20,0.7838469512085445,High,Clear,Mumbra,0.2337006301582493,True
TW101506,2026-07-15 13:27:00,2026-07-15 13:31:00,-1.2337913025594376,4.0,Motorcycle,34,0.5228161089389054,Medium,Rain,Kalyan,-0.13092875570821955,True
TW103126,2026-07-11 16:21:00,2026-07-11 16:29:36,-0.5987276337803671,8.6,Electric Scooter,19,0.2617852666692662,Medium,Clear,Navi Mumbai,-0.15660688147346385,True
TW103874,2026-07-02 05:25:00,2026-07-02 05:41:18,0.3795070858296298,16.3,Scooter,20,-0.26027641787001443,High,Clear,Ghodbunder Road,0.521295638728985,True
TW101569,2026-07-20 22:15:00,2026-07-20 22:28:42,0.20989380783273529,13.7,Motorcycle,29,1.044877793478186,High,Clear,Airoli,-0.36203188759541804,True
TW101310,2026-07-06 22:13:00,2026-07-06 22:25:30,0.0205580556501551,12.5,Motorcycle,38,0.0007544243996247222,Low,Clear,Mumbra,-0.5161006421868838,True
TW102978,2026-07-07 11:49:00,2026-07-07 12:04:12,-0.050442851418312305,15.2,Motorcycle,22,1.044877793478186,Medium,Clear,Dombivli,-0.2541837593813921,True
TW101704,2026-07-24 02:55:00,2026-07-24 02:59:00,-0.8985092414027853,4.0,Scooter,25,1.8279703202871058,Low,Clear,Navi Mumbai,0.25937875592349346,True
TW103522,2026-07-07 15:36:00,2026-07-07 15:42:54,-0.30289052099508573,6.9,Scooter,41,-2.870584840566415,High,Clear,Kalyan,1.5073356681143655,True
TW102347,2026-07-22 04:54:00,2026-07-22 05:11:36,0.4386745083866862,17.6,Scooter,19,-0.5213072601396559,Medium,Clear,Bhandup,-0.8961369035124991,True
TW104611,2026-07-06 11:55:00,2026-07-06 12:10:48,0.1862268388099126,15.8,Scooter,19,-1.0433689446789354,Medium,Clear,Kalyan,0.20288687923995613,True
TW104401,2026-07-12 12:42:00,2026-07-12 13:02:00,1.783747247850432,20.0,Scooter,28,-0.5213072601396559,Low,Clear,Mumbra,-0.6958475225435937,True
TW100595,2026-07-01 01:43:00,2026-07-01 01:51:48,-0.43700334545774655,8.8,Electric Scooter,35,-0.5213072601396559,Medium,Clear,Dombivli,-0.19255625754480576,True
TW100704,2026-07-02 16:52:00,2026-07-02 17:02:00,-0.7288959634058907,10.0,Scooter,39,1.044877793478186,Low,Rain,Airoli,0.3672268841375194,True
TW104001,2026-07-26 23:51:00,2026-07-27 00:04:00,0.1073369420671712,13.0,Motorcycle,25,0.0007544243996247222,Medium,Clear,Ghodbunder Road,-0.7831531501454242,True
TW101338,2026-07-11 09:40:00,2026-07-11 09:44:00,-0.68945101503452,4.0,Motorcycle,35,-1.8264614714878553,High,Clear,Bhandup,-0.9218150292777434,True
TW101114,2026-07-28 07:05:00,2026-07-28 07:17:54,0.0008355814644697468,12.9,Scooter,42,-0.26027641787001443,High,Clear,Dombivli,-0.5263718924929814,True
TW101780,2026-07-10 04:28:00,2026-07-10 04:37:24,-0.0583318410925863,9.4,Motorcycle,30,0.7838469512085445,Medium,Clear,Airoli,0.0796318755667835,True
TW104975,2026-07-11 11:31:00,2026-07-11 12:09:30,2.550951493673595,38.5,Motorcycle,33,-0.26027641787001443,Low,Clear,Airoli,-0.4390662648911509,False
TW102546,2026-07-19 08:09:00,2026-07-19 08:14:30,-0.8077858601486324,5.5,Motorcycle,22,-0.26027641787001443,Medium,Clear,Airoli,-0.9218150292777434,True
TW101625,2026-07-10 09:08:00,2026-07-10 09:34:12,0.9593478268887814,26.2,Motorcycle,35,1.5669394780174666,High,Rain,Navi Mumbai,-0.8858656532064013,False
TW102668,2026-07-09 12:23:00,2026-07-09 12:31:00,-0.2634455726237149,8.0,Motorcycle,41,1.8279703202871058,Medium,Overcast,Mumbra,1.1940625337783854,True
TW101902,2026-07-26 16:32:00,2026-07-26 16:41:42,-0.9813436329826641,9.7,Scooter,44,-0.7823381024092951,Medium,Clear,Navi Mumbai,-0.9218150292777434,True
TW104433,2026-07-29 11:50:00,2026-07-29 11:55:24,-0.8235638394971807,5.4,Scooter,43,-1.3043997869485757,Medium,Clear,Bhandup,-0.8191025262167662,True
TW100050,2026-07-06 07:00:00,2026-07-06 07:05:06,-0.6697285408488345,5.1,Scooter,40,0.2617852666692662,Medium,Rain,Navi Mumbai,-0.41338813912590666,True
TW100063,2026-07-11 20:59:00,2026-07-11 21:10:48,0.19806032332132395,11.8,Scooter,41,1.3059086357478251,Medium,Rain,Bhandup,4.2292169992302595,True
TW104912,2026-07-13 17:49:00,2026-07-13 18:07:06,0.7424006108462415,18.1,Electric Scooter,31,-1.8264614714878553,Medium,Rain,Vashi,2.3239000674491335,True
TW100330,2026-07-30 10:13:00,2026-07-30 10:23:42,-1.296903219953631,10.7,Electric Scooter,34,0.0007544243996247222,Low,Clear,Dombivli,-0.9115437789716456,True
TW101789,2026-07-19 23:53:00,2026-07-20 00:07:18,-0.4488368299691577,14.3,Electric Scooter,23,0.7838469512085445,Medium,Clear,Bhandup,-0.6907118973905447,True
TW100575,2026-07-21 16:04:00,2026-07-21 16:11:18,-0.50011526285194,7.3,Scooter,22,0.0007544243996247222,Medium,Clear,Bhandup,-0.3671675127484669,True
TW104180,2026-07-10 18:56:00,2026-07-10 19:12:06,-0.3778359229006903,16.1,Electric Scooter,30,0.0007544243996247222,Medium,Clear,Kalyan,0.4904818878106921,True
TW100798,2026-07-08 14:21:00,2026-07-08 14:36:18,0.012669065975881097,15.3,Motorcycle,24,0.2617852666692662,Low,Clear,Vashi,-0.6085418949417631,True
TW100051,2026-07-19 01:23:00,2026-07-19 01:29:48,-0.9695101484712529,6.8,Motorcycle,32,1.8279703202871058,Medium,Overcast,Airoli,0.31587063260703085,True
TW100265,2026-07-06 08:04:00,2026-07-06 08:17:42,0.241449766529832,13.7,Motorcycle,36,-1.3043997869485757,Medium,Clear,Mumbra,-0.5161006421868838,True
TW104460,2026-07-23 22:38:00,2026-07-23 22:52:18,0.7818455592176126,14.3,Motorcycle,38,0.5228161089389054,High,Clear,Mulund,-0.8910012783594502,True
TW102698,2026-07-07 01:52:00,2026-07-07 01:56:00,-1.4310160444162918,4.0,Motorcycle,34,0.0007544243996247222,Low,Clear,Airoli,-0.7112543980027402,True
TW103637,2026-07-29 06:52:00,2026-07-29 06:59:24,-0.5198377370376253,7.4,Motorcycle,23,-1.0433689446789354,Medium,Rain,Vashi,-0.8036956507576197,True
TW104629,2026-07-14 15:58:00,2026-07-14 16:14:06,0.580676322523621,16.1,Scooter,34,1.3059086357478251,Low,Clear,Dombivli,-0.9218150292777434,True
TW102433,2026-07-24 14:35:00,2026-07-24 14:42:06,-0.7998968704743582,7.1,Motorcycle,36,-0.5213072601396559,Low,Clear,Kalyan,-0.9218150292777434,True
TW101517,2026-07-07 10:32:00,2026-07-07 10:38:12,-0.3305019848550453,6.2,Scooter,31,-0.26027641787001443,High,Clear,Bhandup,-0.4801512661155417,True
TW101757,2026-07-08 11:15:00,2026-07-08 11:19:00,-1.3718486218592354,4.0,Electric Scooter,34,1.8279703202871058,High,Overcast,Navi Mumbai,-0.8447806519820106,True
TW104614,2026-07-30 20:48:00,2026-07-30 20:56:00,0.09155896271862285,8.0,Motorcycle,35,-1.565430629218215,Medium,Overcast,Vashi,1.029722528880822,True
TW101540,2026-07-21 19:06:00,2026-07-21 19:14:54,-0.3068350158322227,8.9,Motorcycle,34,1.8279703202871058,Medium,Clear,Ghodbunder Road,-0.38257438820761347,True
TW104859,2026-07-02 16:21:00,2026-07-02 16:39:06,0.5609538483379356,18.1,Motorcycle,28,0.2617852666692662,Low,Rain,Navi Mumbai,-0.7061187728496915,True
TW100732,2026-07-08 08:16:00,2026-07-08 08:31:24,-0.3817804177378273,15.4,Scooter,29,-0.26027641787001443,High,Clear,Dombivli,-0.7626106495332288,True
TW102386,2026-07-15 07:19:00,2026-07-15 07:41:06,1.8271366910589397,22.1,Motorcycle,39,0.5228161089389054,Medium,Clear,Airoli,-0.8653231525942059,True
TW104878,2026-07-02 09:44:00,2026-07-02 09:49:36,-0.8630087878685516,5.6,Scooter,35,1.044877793478186,Medium,Overcast,Kalyan,-0.9166794041246945,True
TW103611,2026-07-01 10:57:00,2026-07-01 11:03:30,-1.1036229729339138,6.5,Motorcycle,31,0.0007544243996247222,Low,Clear,Mumbra,-0.2130987581570012,True
TW103529,2026-07-09 03:19:00,2026-07-09 03:23:48,-0.9773991381455269,4.8,Motorcycle,32,0.2617852666692662,Low,Clear,Navi Mumbai,-0.31067563606492954,True
TW100432,2026-07-26 04:17:00,2026-07-26 04:33:24,0.3992295600153152,16.4,Scooter,20,1.8279703202871058,Low,Rain,Dombivli,-0.9218150292777434,True
TW101091,2026-07-04 23:32:00,2026-07-04 23:37:00,-0.50011526285194,5.0,Scooter,31,1.3059086357478251,High,Clear,Thane West,-0.17201375693261042,True
TW104322,2026-07-20 05:22:00,2026-07-20 05:26:00,-1.3442371579992758,4.0,Scooter,26,-1.0433689446789354,Low,Clear,Mulund,-0.12065750540212183,True
TW104701,2026-07-02 05:18:00,2026-07-02 05:25:30,-0.6460615718260119,7.5,Scooter,35,1.3059086357478251,Medium,Rain,Dombivli,0.7421275203100859,True
TW104026,2026-07-14 11:07:00,2026-07-14 11:18:00,-0.413336376434924,11.0,Electric Scooter,36,-1.0433689446789354,Low,Clear,Mumbra,-0.9218150292777434,True
TW100010,2026-07-04 10:56:00,2026-07-04 11:00:00,-1.2811252406050826,4.0,Electric Scooter,19,-0.5213072601396559,Medium,Clear,Airoli,0.19775125408690716,True
TW104647,2026-07-07 00:50:00,2026-07-07 01:13:24,0.8173460127518463,23.4,Electric Scooter,37,-1.8264614714878553,High,Overcast,Dombivli,-0.7728818998393265,True
TW103307,2026-07-23 02:02:00,2026-07-23 02:10:48,-0.8511753033571403,8.8,Scooter,25,0.2617852666692662,High,Rain,Navi Mumbai,-0.05389437841248676,True
TW100969,2026-07-12 13:25:00,2026-07-12 13:38:06,1.0579601978172084,13.1,Scooter,39,-1.3043997869485757,Low,Clear,Vashi,-0.39798126366676007,True
TW103786,2026-07-01 19:14:00,2026-07-01 19:25:36,0.0205580556501551,11.6,Scooter,19,0.0007544243996247222,Medium,Clear,Airoli,-0.9218150292777434,True
TW102855,2026-07-09 05:52:00,2026-07-09 06:02:30,-0.3778359229006903,10.5,Motorcycle,20,1.044877793478186,Medium,Clear,Navi Mumbai,1.1170281564826525,True
TW102821,2026-07-04 20:08:00,2026-07-04 20:12:00,-0.7052289943830683,4.0,Scooter,29,-2.6095539982967764,Medium,Clear,Bhandup,-0.5109650170338349,True
TW100724,2026-07-06 12:48:00,2026-07-06 12:55:42,-0.8551197981942774,7.7,Scooter,39,-1.3043997869485757,High,Clear,Vashi,-0.1001150047899264,True
TW103072,2026-07-13 21:25:00,2026-07-13 21:29:00,-0.7052289943830683,4.0,Motorcycle,25,-0.7823381024092951,High,Clear,Dombivli,0.9424169012789914,True
TW104048,2026-07-22 10:56:00,2026-07-22 11:01:54,-1.1746238800023812,5.9,Scooter,38,-0.7823381024092951,Medium,Clear,Bhandup,-0.9218150292777434,True
TW104327,2026-07-08 08:53:00,2026-07-08 08:57:00,-1.2929587251164938,4.0,Motorcycle,20,-1.3043997869485757,Low,Clear,Mumbra,1.3327244129107043,True
TW102844,2026-07-19 01:39:00,2026-07-19 02:00:18,0.9238473733545474,21.3,Scooter,42,0.0007544243996247222,High,Clear,Thane West,-0.6342200207070074,True
TW103681,2026-07-10 16:22:00,2026-07-10 16:33:36,-1.2456247870708488,11.6,Motorcycle,30,1.8279703202871058,Low,Overcast,Vashi,-0.5006937667277371,True
TW100618,2026-07-13 08:38:00,2026-07-13 08:50:36,-0.3068350158322227,12.6,Motorcycle,25,1.044877793478186,High,Clear,Airoli,0.08476750071983247,True
TW104381,2026-07-27 10:46:00,2026-07-27 10:57:00,-0.49222627317766576,11.0,Scooter,21,0.0007544243996247222,High,Overcast,Mulund,0.03854687434239261,True
TW102476,2026-07-14 19:53:00,2026-07-14 20:04:12,-0.010997903046941603,11.2,Motorcycle,29,-1.0433689446789354,Medium,Rain,Mulund,0.0950387510259302,True
TW103866,2026-07-14 00:43:00,2026-07-14 01:09:12,1.1250166100485388,26.2,Scooter,41,-1.0433689446789354,Medium,Clear,Thane West,0.4134475105149591,False
TW104439,2026-07-05 09:16:00,2026-07-05 09:26:06,0.35584011680680744,10.1,Motorcycle,40,-0.5213072601396559,High,Clear,Dombivli,-0.31067563606492954,True
TW104041,2026-07-11 03:04:00,2026-07-11 03:31:00,2.186085721238414,27.0,Motorcycle,28,0.2617852666692662,Low,Clear,Ghodbunder Road,-0.34662501213627145,False
TW103346,2026-07-28 22:28:00,2026-07-28 22:49:00,2.396611284034814,21.0,Motorcycle,37,1.3059086357478251,Low,Clear,Mumbra,-0.6650337716253005,True
TW100290,2026-07-22 07:43:00,2026-07-22 07:51:42,0.1467818904385419,8.7,Scooter,41,0.7838469512085445,High,Overcast,Kalyan,-0.9218150292777434,True
TW102532,2026-07-29 07:42:00,2026-07-29 07:51:48,-0.2476675932751665,9.8,Electric Scooter,38,1.3059086357478251,Low,Rain,Kalyan,-0.9218150292777434,True
TW103591,2026-07-24 19:18:00,2026-07-24 19:29:24,-0.4251698609463352,11.4,Motorcycle,43,-0.7823381024092951,Medium,Clear,Airoli,1.322453162604607,True
TW104121,2026-07-30 21:23:00,2026-07-30 21:40:18,0.6398437450806774,17.3,Motorcycle,29,-0.26027641787001443,Medium,Clear,Navi Mumbai,0.08990312587288121,True
TW103157,2026-07-27 18:53:00,2026-07-27 19:22:24,2.550951493673595,29.4,Scooter,44,-0.5213072601396559,Medium,Clear,Vashi,-0.9064081538185967,False
TW101220,2026-07-30 07:46:00,2026-07-30 07:57:42,-0.47250379899198025,11.7,Scooter,44,-1.565430629218215,Low,Rain,Bhandup,-0.9218150292777434,True
TW100862,2026-07-30 09:24:00,2026-07-30 09:29:42,-0.7762299014515357,5.7,Electric Scooter,24,1.044877793478186,Medium,Clear,Mulund,-0.5212362673399326,True
TW102435,2026-07-09 17:11:00,2026-07-09 17:37:06,1.1289611048856758,26.1,Motorcycle,42,-1.0433689446789354,Medium,Rain,Airoli,-0.793424400451522,False
TW101941,2026-07-01 02:11:00,2026-07-01 02:16:06,-1.2337913025594376,5.1,Electric Scooter,40,-1.565430629218215,Low,Clear,Kalyan,0.3877693847497149,True
TW100219,2026-07-21 12:56:00,2026-07-21 13:02:30,-0.8985092414027853,6.5,Motorcycle,38,-0.5213072601396559,Medium,Clear,Kalyan,3.4280594753546376,True
TW104714,2026-07-17 21:40:00,2026-07-17 21:54:54,0.2138383026698723,14.9,Scooter,37,-1.3043997869485757,High,Rain,Bhandup,-0.9218150292777434,True
TW103163,2026-07-29 22:03:00,2026-07-29 22:11:12,-0.5790051595946815,8.2,Scooter,31,0.0007544243996247222,Low,Clear,Dombivli,-0.9218150292777434,True
TW104099,2026-07-11 17:45:00,2026-07-11 17:58:48,0.6319547554064034,13.8,Scooter,25,-0.26027641787001443,Low,Clear,Navi Mumbai,-0.3671675127484669,True
TW100052,2026-07-04 20:24:00,2026-07-04 20:28:00,-1.0917894884225023,4.0,Scooter,44,0.0007544243996247222,Low,Clear,Mumbra,-0.4339306397381021,True
TW100973,2026-07-29 17:23:00,2026-07-29 17:34:06,-0.504059757689077,11.1,Scooter,34,-0.7823381024092951,Low,Rain,Mumbra,-0.1617425066265127,True
TW102650,2026-07-04 08:33:00,2026-07-04 08:43:42,0.016613560813018097,10.7,Motorcycle,22,0.5228161089389054,Medium,Clear,Bhandup,-0.3414893869832226,True
TW100096,2026-07-29 14:38:00,2026-07-29 14:42:00,-0.6815620253602458,4.0,Motorcycle,37,0.0007544243996247222,Low,Clear,Bhandup,1.2710969110741182,True
TW101334,2026-07-16 13:01:00,2026-07-16 13:10:18,-0.6973400047087941,9.3,Motorcycle,24,-1.3043997869485757,High,Clear,Bhandup,-0.6034062697887143,True
TW104083,2026-07-19 09:07:00,2026-07-19 09:25:00,0.8370684869375316,18.0,Motorcycle,33,-1.3043997869485757,Low,Clear,Mumbra,-0.9218150292777434,True
TW101507,2026-07-18 13:22:00,2026-07-18 13:40:36,1.1565725687456356,18.6,Scooter,42,-0.7823381024092951,Low,Overcast,Vashi,-0.2901331354527341,True
TW103162,2026-07-06 19:43:00,2026-07-06 20:05:18,0.3361176426211221,22.3,Scooter,37,0.0007544243996247222,High,Rain,Thane West,-0.9218150292777434,True
TW103426,2026-07-13 09:48:00,2026-07-13 10:00:48,0.8173460127518463,12.8,Motorcycle,33,-1.3043997869485757,Low,Clear,Dombivli,-0.05389437841248676,True
TW103647,2026-07-09 09:25:00,2026-07-09 09:30:42,-0.062276335929723654,5.7,Scooter,39,1.044877793478186,High,Overcast,Dombivli,-0.2798618851466364,True
TW103054,2026-07-28 07:25:00,2026-07-28 07:49:18,1.1407945893970872,24.3,Motorcycle,20,-1.8264614714878553,Medium,Clear,Mulund,1.553556294491805,True
TW103276,2026-07-23 04:25:00,2026-07-23 04:36:54,-0.5395602112233107,11.9,Motorcycle,25,-0.26027641787001443,Low,Rain,Bhandup,-0.6393556458600562,True
TW104016,2026-07-14 17:53:00,2026-07-14 18:16:24,1.1092386306999906,23.4,Scooter,24,0.0007544243996247222,Medium,Clear,Mumbra,-0.4236593894320044,True
TW100709,2026-07-16 22:54:00,2026-07-16 22:58:00,-1.0484000452139948,4.0,Scooter,43,0.2617852666692662,Medium,Overcast,Mumbra,1.1735200331661901,True
TW103333,2026-07-20 21:45:00,2026-07-20 22:07:36,1.4169092279966828,22.6,Scooter,23,1.8279703202871058,High,Clear,Dombivli,2.0311694337253487,True
TW100037,2026-07-19 02:10:00,2026-07-19 02:23:24,0.024502550487292447,13.4,Motorcycle,40,-0.5213072601396559,Medium,Clear,Ghodbunder Road,-0.9218150292777434,True
TW100744,2026-07-04 11:01:00,2026-07-04 11:12:12,-0.1135547688125057,11.2,Scooter,43,1.8279703202871058,Medium,Clear,Thane West,-0.6907118973905447,True
TW101601,2026-07-14 11:49:00,2026-07-14 12:21:00,2.550951493673595,32.0,Motorcycle,44,-0.7823381024092951,High,Clear,Airoli,-0.5623212685643234,False
TW100148,2026-07-06 19:06:00,2026-07-06 19:15:30,-0.413336376434924,9.5,Scooter,26,-0.7823381024092951,Medium,Clear,Ghodbunder Road,4.090555120097941,True
TW100907,2026-07-13 22:28:00,2026-07-13 22:33:18,-0.8393418188457291,5.3,Electric Scooter,31,-1.0433689446789354,Medium,Clear,Navi Mumbai,-0.8396450268289616,True
TW103336,2026-07-14 18:04:00,2026-07-14 18:34:24,2.0085834535672458,30.4,Scooter,19,-1.0433689446789354,Medium,Overcast,Vashi,-0.9218150292777434,False
TW102839,2026-07-16 01:41:00,2026-07-16 02:11:42,1.8508036600817623,30.7,Scooter,25,-1.8264614714878553,Low,Clear,Mulund,-0.8139669010637174,False
TW103340,2026-07-29 09:59:00,2026-07-29 10:36:24,2.550951493673595,37.4,Electric Scooter,20,0.0007544243996247222,Low,Rain,Bhandup,0.11558125163812563,False
TW101081,2026-07-18 16:52:00,2026-07-18 17:02:18,-0.2989460261579486,10.3,Electric Scooter,38,-1.3043997869485757,High,Clear,Kalyan,0.41858313566800803,True
TW101323,2026-07-23 08:35:00,2026-07-23 08:39:00,-1.0010661071683495,4.0,Scooter,35,0.0007544243996247222,High,Rain,Mulund,0.04368249949544158,True
TW104842,2026-07-25 07:04:00,2026-07-25 07:16:36,0.2848392097383397,12.6,Scooter,35,0.2617852666692662,Low,Clear,Mumbra,0.08476750071983247,True
TW103957,2026-07-05 10:00:00,2026-07-05 10:24:24,1.0540157029800712,24.4,Scooter,43,-0.26027641787001443,High,Clear,Ghodbunder Road,-0.469880015809444,True
TW104848,2026-07-23 16:49:00,2026-07-23 17:12:18,1.2078510016284176,23.3,Motorcycle,42,-1.3043997869485757,High,Clear,Ghodbunder Road,-0.31067563606492954,True
TW101583,2026-07-21 17:58:00,2026-07-21 18:09:00,0.15467088011281624,11.0,Scooter,30,-0.7823381024092951,Medium,Rain,Kalyan,-0.9218150292777434,True
TW101077,2026-07-09 23:46:00,2026-07-09 23:51:00,-0.9576766639598415,5.0,Motorcycle,21,1.5669394780174666,Low,Overcast,Bhandup,-0.8858656532064013,True
TW101982,2026-07-29 11:17:00,2026-07-29 11:21:00,-0.7959523756372212,4.0,Motorcycle,27,-0.26027641787001443,Medium,Clear,Ghodbunder Road,-0.649626896166154,True
TW102980,2026-07-24 02:41:00,2026-07-24 02:58:36,0.9672368165630554,17.6,Scooter,31,-0.26027641787001443,Medium,Clear,Ghodbunder Road,-0.5366431427990792,True
TW104123,2026-07-10 18:41:00,2026-07-10 19:06:18,1.7245798252933755,25.3,Scooter,19,0.5228161089389054,Low,Clear,Dombivli,0.42885438597410575,False
TW103987,2026-07-21 08:16:00,2026-07-21 08:28:06,-0.0583318410925863,12.1,Electric Scooter,35,1.5669394780174666,Medium,Overcast,Airoli,-0.9218150292777434,True
TW103710,2026-07-30 06:27:00,2026-07-30 06:49:48,1.570744526645029,22.8,Motorcycle,30,0.2617852666692662,Medium,Overcast,Vashi,-0.8345094016759128,True
TW100788,2026-07-05 19:09:00,2026-07-05 19:13:00,-1.35212614767355,4.0,Electric Scooter,22,1.8279703202871058,Low,Clear,Vashi,-0.33121813667712485,True
TW100489,2026-07-02 02:32:00,2026-07-02 02:49:00,0.856790961123217,17.0,Scooter,43,-2.0874923137574957,Medium,Clear,Kalyan,0.5110243884228876,True
TW100982,2026-07-04 15:49:00,2026-07-04 16:02:06,0.576731827686484,13.1,Electric Scooter,35,-0.5213072601396559,Medium,Clear,Mumbra,-0.19255625754480576,True
TW100115,2026-07-21 09:48:00,2026-07-21 09:59:48,1.0816271668400308,11.8,Scooter,39,1.044877793478186,Medium,Clear,Mulund,0.9167387755137469,True
TW103993,2026-07-01 07:35:00,2026-07-01 07:44:36,0.8291794972632576,9.6,Motorcycle,40,-0.26027641787001443,Medium,Clear,Dombivli,-0.5109650170338349,True
TW102744,2026-07-25 11:04:00,2026-07-25 11:18:48,0.30061718908688806,14.8,Motorcycle,22,0.7838469512085445,Medium,Clear,Dombivli,-0.8191025262167662,True
TW100183,2026-07-30 14:25:00,2026-07-30 14:34:54,-0.12538825332391687,9.9,Electric Scooter,44,-0.5213072601396559,Medium,Clear,Mumbra,-0.5674568937173723,True
TW103761,2026-07-28 14:03:00,2026-07-28 14:11:42,-0.1529997171838764,8.7,Scooter,26,1.044877793478186,Medium,Clear,Thane West,1.168384408013141,True
TW102622,2026-07-27 00:08:00,2026-07-27 00:15:12,-0.5632271802461332,7.2,Motorcycle,39,1.3059086357478251,High,Clear,Airoli,-0.5006937667277371,True
TW103555,2026-07-10 18:05:00,2026-07-10 18:12:00,-0.930065200099882,7.0,Scooter,26,0.0007544243996247222,Low,Clear,Navi Mumbai,0.11044562648507665,True
TW102815,2026-07-12 14:08:00,2026-07-12 14:35:12,1.2906853932082964,27.2,Motorcycle,26,-0.5213072601396559,Medium,Clear,Dombivli,-0.7780175249923754,False
TW100644,2026-07-20 07:47:00,2026-07-20 07:54:30,-0.7170624788944795,7.5,Motorcycle,20,0.5228161089389054,High,Clear,Bhandup,0.7215850196978905,True
TW100767,2026-07-16 12:06:00,2026-07-16 12:12:54,-1.0799560039110911,6.9,Motorcycle,28,-0.7823381024092951,Medium,Rain,Dombivli,-0.8961369035124991,True
TW100524,2026-07-29 18:50:00,2026-07-29 19:42:30,2.550951493673595,52.5,Scooter,35,0.5228161089389054,Medium,Clear,Navi Mumbai,-0.5777281440234701,False
TW101171,2026-07-09 19:56:00,2026-07-09 20:01:24,-0.32655749001790807,5.4,Scooter,24,-0.26027641787001443,Medium,Clear,Kalyan,2.816920082141824,True
TW103079,2026-07-12 21:33:00,2026-07-12 21:40:30,-0.7525629324287132,7.5,Motorcycle,32,0.5228161089389054,Low,Overcast,Kalyan,0.0950387510259302,True
TW100849,2026-07-02 03:18:00,2026-07-02 03:26:30,-0.8117303549857694,8.5,Electric Scooter,27,-0.26027641787001443,Low,Overcast,Thane West,-0.7112543980027402,True
TW100173,2026-07-23 05:23:00,2026-07-23 05:38:48,0.624065765732129,15.8,Scooter,33,-1.0433689446789354,Medium,Rain,Dombivli,0.988637527656431,True
TW101951,2026-07-18 20:49:00,2026-07-18 21:13:00,1.0145707546087004,24.0,Electric Scooter,21,-0.7823381024092951,Low,Rain,Bhandup,0.17207312832166297,True
TW104920,2026-07-09 23:28:00,2026-07-09 23:33:18,-0.2989460261579486,5.3,Scooter,41,0.2617852666692662,Medium,Clear,Mulund,-0.2593193845344409,True
TW102301,2026-07-04 09:59:00,2026-07-04 10:03:42,-0.8314528291714549,4.7,Electric Scooter,34,-0.7823381024092951,Medium,Overcast,Mulund,0.25424313077044475,True
TW104059,2026-07-23 16:10:00,2026-07-23 16:24:06,-0.2121671397409328,14.1,Motorcycle,42,-0.26027641787001443,Medium,Rain,Ghodbunder Road,-0.8755944029003037,True
TW101417,2026-07-28 09:22:00,2026-07-28 09:38:12,0.7266226314976931,16.2,Electric Scooter,35,-1.0433689446789354,Medium,Overcast,Airoli,-0.6290843955539586,True
TW103316,2026-07-01 01:40:00,2026-07-01 01:53:36,-0.27922355197226323,13.6,Electric Scooter,40,-0.26027641787001443,Low,Clear,Mumbra,1.5586919196448543,True
TW101640,2026-07-11 03:55:00,2026-07-11 04:02:36,-0.5947831389432299,7.6,Scooter,42,-0.26027641787001443,Low,Rain,Vashi,-0.7985600256045708,True
TW104769,2026-07-22 15:37:00,2026-07-22 15:41:00,-0.7367849530801648,4.0,Motorcycle,26,0.0007544243996247222,Medium,Clear,Vashi,-0.6034062697887143,True
TW103964,2026-07-23 02:57:00,2026-07-23 03:14:18,1.2472959499997884,17.3,Scooter,35,0.2617852666692662,Medium,Clear,Thane West,-0.7728818998393265,True
TW100322,2026-07-08 01:03:00,2026-07-08 01:21:48,1.1289611048856758,18.8,Scooter,36,0.0007544243996247222,Medium,Clear,Vashi,1.240283160155825,True
TW104623,2026-07-29 10:58:00,2026-07-29 11:12:30,0.42684102387527484,14.5,Electric Scooter,28,-0.26027641787001443,High,Clear,Vashi,-0.41338813912590666,True
TW104622,2026-07-09 19:33:00,2026-07-09 19:51:00,1.0500712081429342,18.0,Scooter,41,0.5228161089389054,High,Clear,Mumbra,-0.35689626244236916,True
TW104340,2026-07-26 15:48:00,2026-07-26 16:15:48,2.550951493673595,27.8,Scooter,26,-1.565430629218215,Low,Rain,Thane West,-0.4185237642789555,False
TW101909,2026-07-28 06:47:00,2026-07-28 06:51:00,-0.8275083343343178,4.0,Scooter,24,1.044877793478186,Low,Clear,Navi Mumbai,0.952688151585089,True
TW103380,2026-07-18 01:22:00,2026-07-18 01:26:12,-1.2929587251164938,4.2,Scooter,39,1.5669394780174666,Medium,Clear,Mumbra,-0.4955581415746883,True
TW103327,2026-07-17 11:04:00,2026-07-17 11:36:48,1.9849164845444232,32.8,Motorcycle,33,-1.3043997869485757,Low,Clear,Airoli,-0.44933751519724857,False
TW101241,2026-07-30 10:15:00,2026-07-30 10:19:00,-1.0878449935853653,4.0,Scooter,21,0.0007544243996247222,Low,Clear,Kalyan,0.21829375469910262,True
TW104950,2026-07-27 11:30:00,2026-07-27 11:34:00,-0.9340096949370192,4.0,Motorcycle,38,0.2617852666692662,High,Overcast,Thane West,-0.326082511524076,True
TW100438,2026-07-21 16:36:00,2026-07-21 16:42:00,-0.8787867672171,6.0,Motorcycle,37,-0.7823381024092951,Low,Overcast,Bhandup,-0.37230313790151576,True
TW104127,2026-07-27 02:30:00,2026-07-27 02:42:18,0.4150075393638635,12.3,Motorcycle,40,-1.3043997869485757,High,Rain,Dombivli,-0.3055400109118807,True
TW103493,2026-07-10 22:50:00,2026-07-10 23:05:18,-0.35022445904073063,15.3,Scooter,44,-0.5213072601396559,Medium,Rain,Thane West,-0.11038625509602411,True
TW104751,2026-07-21 09:11:00,2026-07-21 09:16:06,-0.20427815006665864,5.1,Scooter,35,-1.0433689446789354,High,Clear,Dombivli,-0.2901331354527341,True
TW104819,2026-07-06 03:18:00,2026-07-06 03:26:00,-0.40544738676064984,8.0,Electric Scooter,25,0.0007544243996247222,Low,Clear,Bhandup,0.08476750071983247,True
TW102076,2026-07-24 02:21:00,2026-07-24 03:02:12,2.550951493673595,41.2,Scooter,38,-0.5213072601396559,High,Rain,Vashi,0.14639500255641857,False
TW104505,2026-07-29 17:39:00,2026-07-29 17:45:06,-1.2811252406050826,6.1,Scooter,22,0.0007544243996247222,Low,Overcast,Kalyan,0.3723625092905684,True
TW100384,2026-07-02 21:31:00,2026-07-02 21:53:00,0.2138383026698723,22.0,Motorcycle,24,0.5228161089389054,Low,Clear,Thane West,0.24397188046434704,True
TW101381,2026-07-25 23:03:00,2026-07-25 23:11:00,-0.409391881597787,8.0,Motorcycle,26,0.2617852666692662,Low,Clear,Kalyan,-0.4339306397381021,True
TW100802,2026-07-26 06:45:00,2026-07-26 06:56:36,-0.504059757689077,11.6,Scooter,41,-1.3043997869485757,High,Clear,Thane West,-0.8139669010637174,True
TW104051,2026-07-03 16:44:00,2026-07-03 17:01:54,0.6043432915464437,17.9,Scooter,38,0.2617852666692662,Medium,Overcast,Kalyan,-0.8807300280533524,True
TW104484,2026-07-17 17:44:00,2026-07-17 18:13:00,1.1486835790713612,29.0,Electric Scooter,44,0.2617852666692662,Medium,Clear,Kalyan,-0.33635376183017374,False
TW104589,2026-07-28 11:08:00,2026-07-28 11:13:06,-0.4567258196434319,5.1,Electric Scooter,27,-0.7823381024092951,Low,Clear,Airoli,-0.3158112612179784,True
TW100162,2026-07-05 14:57:00,2026-07-05 15:05:36,-0.14116623267246522,8.6,Scooter,38,-0.26027641787001443,Low,Clear,Bhandup,0.07449625041373474,True
TW101926,2026-07-20 17:22:00,2026-07-20 17:48:36,0.7108446521491448,26.6,Motorcycle,22,-0.7823381024092951,Low,Clear,Mulund,1.748710050307662,False
TW104971,2026-07-07 02:58:00,2026-07-07 03:04:00,-0.5158932422004882,6.0,Motorcycle,33,0.2617852666692662,Low,Clear,Mulund,-0.4852868912685906,True
TW102903,2026-07-13 20:59:00,2026-07-13 21:04:06,-1.1036229729339138,5.1,Electric Scooter,21,0.5228161089389054,Medium,Rain,Ghodbunder Road,-0.5520500182582256,True
TW102313,2026-07-27 23:33:00,2026-07-27 23:45:24,-0.026775882395489604,12.4,Motorcycle,40,-1.0433689446789354,Low,Overcast,Vashi,-0.7882887752984731,True
TW103598,2026-07-21 13:11:00,2026-07-21 13:18:30,-1.1904018593509296,7.5,Scooter,35,1.044877793478186,High,Clear,Mulund,-0.541778767952128,True
TW100731,2026-07-05 19:49:00,2026-07-05 19:54:06,-1.261402766419397,5.1,Electric Scooter,24,-1.565430629218215,High,Clear,Dombivli,-0.7472037740740822,True
TW102163,2026-07-23 16:20:00,2026-07-23 16:31:06,-0.007053408209804253,11.1,Scooter,37,0.7838469512085445,Low,Clear,Airoli,0.26965000622959123,True
TW100098,2026-07-10 06:11:00,2026-07-10 06:25:42,0.2690612303897917,14.7,Electric Scooter,33,0.0007544243996247222,Low,Rain,Ghodbunder Road,0.6907712687795973,True
TW104061,2026-07-29 08:08:00,2026-07-29 08:28:06,1.3498528157653524,20.1,Scooter,34,1.044877793478186,High,Clear,Ghodbunder Road,-0.7574750243801799,True
TW103630,2026-07-14 14:53:00,2026-07-14 15:07:00,0.908069394005999,14.0,Scooter,25,-0.5213072601396559,Low,Clear,Mumbra,0.6034656411777668,True
TW103743,2026-07-12 02:19:00,2026-07-12 02:46:48,1.4208537228338203,27.8,Electric Scooter,33,-0.26027641787001443,Low,Clear,Kalyan,0.7883481466875255,False
TW101764,2026-07-06 10:18:00,2026-07-06 10:34:12,-0.17272219136956193,16.2,Electric Scooter,23,-0.7823381024092951,Medium,Clear,Kalyan,0.0539537498015393,True
TW100285,2026-07-23 06:10:00,2026-07-23 06:18:48,-1.111511962608188,8.8,Motorcycle,22,0.2617852666692662,Low,Clear,Navi Mumbai,-0.9218150292777434,True
TW100748,2026-07-09 19:52:00,2026-07-09 20:08:36,0.5570093535007986,16.6,Motorcycle,27,1.044877793478186,High,Clear,Dombivli,2.929903835508899,True
TW102488,2026-07-26 09:21:00,2026-07-26 09:32:54,0.1467818904385419,11.9,Scooter,23,0.2617852666692662,Medium,Rain,Navi Mumbai,1.4816575423491212,True
TW102447,2026-07-15 16:29:00,2026-07-15 16:47:06,0.2138383026698723,18.1,Scooter,30,1.044877793478186,Medium,Rain,Airoli,1.204333784084483,True
TW102710,2026-07-16 00:50:00,2026-07-16 01:13:18,1.2472959499997884,23.3,Motorcycle,26,0.0007544243996247222,Low,Clear,Mulund,1.019451278574724,True
TW101134,2026-07-20 13:39:00,2026-07-20 13:47:24,-0.46067031448056905,8.4,Electric Scooter,35,0.5228161089389054,Low,Clear,Ghodbunder Road,-0.8499162771350594,True
TW102819,2026-07-03 13:21:00,2026-07-03 13:25:00,-0.6421170769888749,4.0,Motorcycle,42,1.3059086357478251,High,Rain,Vashi,0.19775125408690716,True
TW103561,2026-07-14 23:15:00,2026-07-14 23:24:24,-0.16877769653242475,9.4,Electric Scooter,22,0.0007544243996247222,High,Clear,Mulund,-0.2798618851466364,True
TW102530,2026-07-09 08:55:00,2026-07-09 09:43:54,2.550951493673595,48.9,Motorcycle,31,0.2617852666692662,High,Rain,Dombivli,-0.9218150292777434,False
TW104779,2026-07-19 19:13:00,2026-07-19 19:33:12,2.324143040538212,20.2,Scooter,33,-0.5213072601396559,Low,Rain,Mumbra,-0.9218150292777434,True
TW104880,2026-07-21 05:53:00,2026-07-21 06:14:06,1.2039065067912804,21.1,Motorcycle,27,0.7838469512085445,Medium,Rain,Thane West,0.9732306521972846,True
TW102607,2026-07-10 15:38:00,2026-07-10 16:27:30,2.550951493673595,49.5,Scooter,29,1.8279703202871058,Medium,Clear,Mulund,0.5110243884228876,False
TW100520,2026-07-11 17:26:00,2026-07-11 17:44:12,0.3637291064810815,18.2,Motorcycle,39,-0.5213072601396559,Medium,Clear,Thane West,-0.23364125876919664,True
TW104138,2026-07-28 18:53:00,2026-07-28 19:01:18,-0.6026721286175041,8.3,Scooter,33,1.5669394780174666,High,Rain,Navi Mumbai,0.45966813689239894,True
TW104296,2026-07-17 02:49:00,2026-07-17 03:05:24,1.180239537768458,16.4,Electric Scooter,24,0.7838469512085445,Low,Clear,Kalyan,-0.2798618851466364,True
TW101439,2026-07-16 11:47:00,2026-07-16 12:04:06,0.8804579301460397,17.1,Motorcycle,25,0.2617852666692662,High,Rain,Mulund,0.8448400233710631,True
TW103585,2026-07-24 15:32:00,2026-07-24 15:48:00,0.6832331882891854,16.0,Motorcycle,34,0.5228161089389054,Medium,Clear,Vashi,-0.31067563606492954,True
TW100279,2026-07-15 15:10:00,2026-07-15 15:15:12,-0.9024537362399225,5.2,Scooter,42,1.044877793478186,Medium,Clear,Mulund,-0.08470812933077981,True
TW100613,2026-07-24 01:54:00,2026-07-24 02:44:48,2.550951493673595,50.8,Electric Scooter,40,-1.565430629218215,Medium,Clear,Mulund,1.1016212810235058,False
TW102329,2026-07-04 06:37:00,2026-07-04 06:53:42,-0.003108913372667253,16.7,Motorcycle,37,0.7838469512085445,Low,Rain,Dombivli,-0.5469143931051769,True
TW102981,2026-07-10 19:58:00,2026-07-10 20:11:00,-0.13327724299819105,13.0,Motorcycle,38,-0.5213072601396559,Low,Clear,Dombivli,-0.8910012783594502,True
TW101784,2026-07-12 05:45:00,2026-07-12 05:49:00,-1.1549014058166958,4.0,Scooter,33,-0.7823381024092951,Low,Clear,Dombivli,-0.8293737765228638,True
TW102846,2026-07-22 15:26:00,2026-07-22 15:30:00,-0.6657840460116974,4.0,Electric Scooter,29,0.5228161089389054,Low,Clear,Vashi,-0.31067563606492954,True
TW101710,2026-07-14 06:52:00,2026-07-14 06:56:00,-0.8866757568913741,4.0,Motorcycle,42,-0.26027641787001443,Medium,Rain,Bhandup,-0.9218150292777434,True
TW102206,2026-07-12 18:17:00,2026-07-12 18:22:42,-0.16877769653242475,5.7,Scooter,32,1.8279703202871058,Low,Clear,Thane West,0.9270100258198446,True
TW102557,2026-07-11 09:35:00,2026-07-11 09:39:00,-0.9063982310770595,4.0,Scooter,35,-1.8264614714878553,High,Clear,Mulund,1.738438800001564,True
TW101614,2026-07-14 13:10:00,2026-07-14 13:16:42,-0.47250379899198025,6.7,Scooter,41,-1.3043997869485757,High,Clear,Vashi,-0.6239487704009097,True
TW100792,2026-07-03 09:36:00,2026-07-03 09:44:36,-0.33839097452931943,8.6,Motorcycle,32,-0.26027641787001443,High,Clear,Mumbra,0.7832125215344767,True
TW102472,2026-07-09 12:35:00,2026-07-09 12:52:36,1.7443022994790611,17.6,Scooter,35,1.8279703202871058,Medium,Clear,Airoli,-0.8139669010637174,True
TW100706,2026-07-30 01:02:00,2026-07-30 01:07:12,-0.32655749001790807,5.2,Motorcycle,20,0.2617852666692662,High,Clear,Airoli,-0.9218150292777434,True
TW102026,2026-07-26 01:15:00,2026-07-26 01:25:06,0.48600844643233126,10.1,Motorcycle,43,0.0007544243996247222,Medium,Rain,Mulund,1.0143156534216753,True
TW104264,2026-07-25 08:32:00,2026-07-25 08:39:36,-0.7565074272658504,7.6,Scooter,26,1.044877793478186,Medium,Clear,Ghodbunder Road,0.1053100013320279,True
TW103734,2026-07-25 01:12:00,2026-07-25 01:31:06,0.616176776057855,19.1,Motorcycle,25,-1.8264614714878553,Low,Rain,Mumbra,0.7986193969936233,True
TW104376,2026-07-29 12:32:00,2026-07-29 12:56:48,1.8310811858960767,24.8,Electric Scooter,26,-0.7823381024092951,Low,Overcast,Mumbra,0.059089374954588055,True
TW103577,2026-07-17 12:36:00,2026-07-17 12:58:00,0.5254533948037019,22.0,Scooter,23,0.0007544243996247222,High,Rain,Bhandup,-0.9012725286655479,True
TW101146,2026-07-08 00:40:00,2026-07-08 00:56:06,0.26117224071551737,16.1,Motorcycle,35,1.044877793478186,Medium,Clear,Airoli,-0.31067563606492954,True
TW103780,2026-07-30 11:49:00,2026-07-30 12:01:54,-0.14511072750960222,12.9,Motorcycle,22,-1.0433689446789354,High,Overcast,Bhandup,-0.1257931305551707,True
TW100770,2026-07-09 14:55:00,2026-07-09 15:03:48,-0.36994693322641614,8.8,Scooter,32,0.0007544243996247222,Low,Clear,Navi Mumbai,-0.7061187728496915,True
TW103398,2026-07-11 16:21:00,2026-07-11 16:38:12,1.2591294345111996,17.2,Scooter,30,1.044877793478186,High,Overcast,Kalyan,-0.4544731403502974,True
TW100146,2026-07-11 17:55:00,2026-07-11 17:59:00,-1.4349605392534288,4.0,Motorcycle,38,-0.26027641787001443,Medium,Overcast,Navi Mumbai,-0.5520500182582256,True
TW101693,2026-07-30 23:03:00,2026-07-30 23:07:00,-1.296903219953631,4.0,Electric Scooter,44,0.2617852666692662,Low,Clear,Navi Mumbai,1.0091800282686265,True
TW100019,2026-07-09 12:09:00,2026-07-09 12:14:48,-0.8748422723799628,5.8,Motorcycle,21,0.0007544243996247222,Low,Overcast,Airoli,0.04881812464849033,True
TW101904,2026-07-01 00:45:00,2026-07-01 00:55:54,-0.23188961392661817,10.9,Motorcycle,21,-0.7823381024092951,Low,Clear,Bhandup,0.007733123424099449,True
TW100163,2026-07-25 17:49:00,2026-07-25 18:02:06,-0.6026721286175041,13.1,Motorcycle,37,-1.3043997869485757,Medium,Clear,Mumbra,-0.7215256483088379,True
TW102517,2026-07-24 12:02:00,2026-07-24 12:46:54,2.550951493673595,44.9,Electric Scooter,27,-0.26027641787001443,Medium,Clear,Ghodbunder Road,0.11558125163812563,False
TW104275,2026-07-15 15:15:00,2026-07-15 15:20:24,-1.0128995916797607,5.4,Scooter,33,1.8279703202871058,Low,Overcast,Thane West,-0.9166794041246945,True
TW104543,2026-07-25 03:48:00,2026-07-25 04:02:24,0.3755625909924928,14.4,Electric Scooter,22,0.7838469512085445,Low,Clear,Bhandup,-0.4955581415746883,True
TW101012,2026-07-16 03:02:00,2026-07-16 03:16:48,-0.37389142806355313,14.8,Motorcycle,36,1.8279703202871058,Low,Overcast,Thane West,0.9835019025033822,True
TW101952,2026-07-04 22:09:00,2026-07-04 22:21:24,0.004780076301606747,12.4,Electric Scooter,43,0.0007544243996247222,Low,Rain,Bhandup,-0.15660688147346385,True
TW103668,2026-07-05 15:45:00,2026-07-05 15:54:48,-0.8590642930314144,9.8,Electric Scooter,40,0.7838469512085445,Low,Clear,Kalyan,-0.31067563606492954,True
TW103952,2026-07-14 03:27:00,2026-07-14 03:40:24,-0.16483320169528776,13.4,Electric Scooter,23,1.8279703202871058,High,Overcast,Airoli,0.32614188291312857,True
TW104829,2026-07-17 16:18:00,2026-07-17 16:42:06,0.9751258062373294,24.1,Scooter,42,0.0007544243996247222,Medium,Clear,Airoli,1.2865037865332647,True
TW104860,2026-07-22 02:00:00,2026-07-22 02:04:00,-1.0602335297254057,4.0,Electric Scooter,34,0.2617852666692662,Medium,Rain,Bhandup,-0.5315075176460303,True
TW100771,2026-07-29 15:17:00,2026-07-29 15:29:54,0.13494840592713056,12.9,Scooter,27,-0.7823381024092951,Medium,Clear,Airoli,-0.2130987581570012,True
TW100427,2026-07-17 17:01:00,2026-07-17 17:08:18,-0.6026721286175041,7.3,Scooter,39,-1.0433689446789354,Low,Clear,Thane West,-0.18742063239175702,True
TW104814,2026-07-17 09:20:00,2026-07-17 09:33:42,-0.7643964169401245,13.7,Scooter,20,0.7838469512085445,Medium,Clear,Airoli,0.21829375469910262,True
TW101372,2026-07-16 02:37:00,2026-07-16 03:00:36,1.9454715361730524,23.6,Motorcycle,36,1.8279703202871058,Medium,Clear,Vashi,-0.4339306397381021,True
TW100110,2026-07-03 11:16:00,2026-07-03 11:45:42,1.0264042391201118,29.7,Motorcycle,31,-1.0433689446789354,Low,Clear,Ghodbunder Road,-0.8447806519820106,False
TW102137,2026-07-18 07:04:00,2026-07-18 07:08:00,-1.0602335297254057,4.0,Scooter,28,0.7838469512085445,Medium,Clear,Mulund,0.5418381393411804,True
TW104538,2026-07-17 20:59:00,2026-07-17 21:03:00,-1.2416802922337118,4.0,Motorcycle,42,0.2617852666692662,Low,Clear,Dombivli,-0.31067563606492954,True
TW101243,2026-07-16 04:27:00,2026-07-16 04:34:54,-0.6500060666631491,7.9,Electric Scooter,21,1.044877793478186,Medium,Clear,Bhandup,-0.2747262599935875,True
TW103322,2026-07-01 12:24:00,2026-07-01 12:32:36,-0.6026721286175041,8.6,Scooter,31,0.7838469512085445,Medium,Clear,Navi Mumbai,0.8961962749015517,True
TW103448,2026-07-02 12:11:00,2026-07-02 12:25:18,0.3716180961553558,14.3,Electric Scooter,31,-1.0433689446789354,Medium,Clear,Mumbra,1.1478419074009458,True
TW103286,2026-07-02 18:32:00,2026-07-02 18:45:06,0.5333423844779763,13.1,Motorcycle,25,1.8279703202871058,Low,Clear,Bhandup,-0.541778767952128,True
TW100356,2026-07-30 12:31:00,2026-07-30 12:56:24,1.673301392410593,25.4,Scooter,36,-0.5213072601396559,Low,Clear,Bhandup,-0.5263718924929814,False
TW100983,2026-07-30 22:31:00,2026-07-30 22:49:18,0.3716180961553558,18.3,Electric Scooter,34,-1.0433689446789354,High,Clear,Kalyan,-0.7574750243801799,True
TW100840,2026-07-08 16:27:00,2026-07-08 16:48:24,0.9593478268887814,21.4,Scooter,38,-1.0433689446789354,Medium,Clear,Vashi,-0.8755944029003037,True
TW103795,2026-07-28 15:37:00,2026-07-28 16:17:00,2.550951493673595,40.0,Scooter,39,0.0007544243996247222,High,Clear,Vashi,-0.6701693967783494,False
TW100987,2026-07-02 19:52:00,2026-07-02 19:57:12,-1.06812251939968,5.2,Motorcycle,33,0.0007544243996247222,High,Rain,Thane West,-0.8447806519820106,True
TW104970,2026-07-18 10:04:00,2026-07-18 10:09:36,-1.2692917560936712,5.6,Motorcycle,38,1.044877793478186,High,Clear,Kalyan,0.6034656411777668,True
TW102755,2026-07-16 09:36:00,2026-07-16 10:06:18,2.1190293090070838,30.3,Motorcycle,21,-0.7823381024092951,High,Clear,Navi Mumbai,-0.8345094016759128,False
TW104204,2026-07-29 13:41:00,2026-07-29 13:45:00,-1.3915710960449208,4.0,Scooter,38,1.3059086357478251,High,Clear,Airoli,-0.31067563606492954,True
TW101617,2026-07-27 14:21:00,2026-07-27 14:27:54,-0.8432863136828661,6.9,Electric Scooter,34,1.3059086357478251,Medium,Rain,Navi Mumbai,0.593194390871669,True
TW104645,2026-07-09 13:38:00,2026-07-09 13:51:24,0.26511673555265436,13.4,Scooter,38,-0.7823381024092951,High,Clear,Ghodbunder Road,-0.2695906348405387,True
TW100780,2026-07-03 19:48:00,2026-07-03 20:01:00,-0.1293327481610539,13.0,Motorcycle,34,0.2617852666692662,Medium,Clear,Bhandup,-0.9218150292777434,True
TW102171,2026-07-26 23:38:00,2026-07-26 23:45:30,-0.6618395511745603,7.5,Scooter,19,-0.26027641787001443,High,Clear,Mumbra,0.952688151585089,True
TW103603,2026-07-25 04:14:00,2026-07-25 04:32:00,0.3637291064810815,18.0,Scooter,36,-0.26027641787001443,Medium,Clear,Ghodbunder Road,-0.9218150292777434,True
TW102812,2026-07-10 04:12:00,2026-07-10 04:32:00,0.46234147740950854,20.0,Electric Scooter,39,1.044877793478186,Low,Clear,Dombivli,-0.11038625509602411,True
TW102224,2026-07-17 01:25:00,2026-07-17 01:29:00,-1.076011509073954,4.0,Motorcycle,44,-0.5213072601396559,High,Clear,Ghodbunder Road,0.08476750071983247,True
TW100153,2026-07-12 08:26:00,2026-07-12 08:32:18,-0.3107795106693599,6.3,Scooter,35,0.2617852666692662,High,Clear,Navi Mumbai,-0.1771493820856593,True
TW101025,2026-07-30 17:19:00,2026-07-30 17:38:30,0.9120138888431364,19.5,Motorcycle,26,-0.26027641787001443,Low,Overcast,Navi Mumbai,-0.8858656532064013,True
TW101343,2026-07-22 19:10:00,2026-07-22 19:30:06,1.0382377236315228,20.1,Motorcycle,40,1.3059086357478251,Medium,Overcast,Thane West,0.31587063260703085,True
TW102933,2026-07-06 00:21:00,2026-07-06 00:35:18,-0.16483320169528776,14.3,Electric Scooter,40,-0.7823381024092951,Medium,Clear,Thane West,1.4713862920430236,True
TW102757,2026-07-27 02:43:00,2026-07-27 02:57:54,-0.22794511908948098,14.9,Motorcycle,33,0.2617852666692662,Low,Clear,Ghodbunder Road,1.9284569306643717,True
TW103641,2026-07-29 18:32:00,2026-07-29 18:47:36,-0.5632271802461332,15.6,Motorcycle,31,0.7838469512085445,Low,Clear,Mulund,-0.6907118973905447,True
TW104749,2026-07-07 22:29:00,2026-07-07 22:37:12,-0.022831387558352602,8.2,Motorcycle,39,-0.7823381024092951,High,Clear,Mumbra,-0.7215256483088379,True
TW103077,2026-07-06 15:10:00,2026-07-06 15:25:18,-0.43305885062060934,15.3,Motorcycle,32,1.8279703202871058,Low,Clear,Airoli,0.63427939209606,True
TW100320,2026-07-07 07:22:00,2026-07-07 07:32:06,-0.9379541897741562,10.1,Scooter,37,1.044877793478186,High,Rain,Airoli,0.6137368914838645,True
TW103411,2026-07-16 23:31:00,2026-07-16 23:35:00,-1.3679041270220984,4.0,Motorcycle,25,0.5228161089389054,Medium,Clear,Thane West,-0.6907118973905447,True
TW100751,2026-07-10 02:48:00,2026-07-10 02:56:12,-0.5711161699204074,8.2,Motorcycle,33,-1.3043997869485757,High,Clear,Kalyan,0.562380639953376,True
TW101910,2026-07-21 13:33:00,2026-07-21 13:39:42,-0.7604519221029874,6.7,Scooter,22,0.5228161089389054,Low,Clear,Airoli,0.6137368914838645,True
TW102690,2026-07-13 16:11:00,2026-07-13 16:21:00,-0.6223946028031894,10.0,Electric Scooter,23,0.7838469512085445,Low,Rain,Kalyan,1.6459975472466848,True
TW100171,2026-07-01 20:22:00,2026-07-01 20:32:48,0.2059493129955983,10.8,Scooter,30,0.2617852666692662,Low,Clear,Navi Mumbai,-0.4955581415746883,True
TW102897,2026-07-04 00:50:00,2026-07-04 01:02:48,0.05605850918438915,12.8,Motorcycle,40,-0.26027641787001443,High,Rain,Mumbra,-0.8704587777472548,True
TW102688,2026-07-09 17:26:00,2026-07-09 17:35:36,0.3163951684354364,9.6,Scooter,30,-0.26027641787001443,High,Clear,Airoli,-0.9218150292777434,True
TW100134,2026-07-25 19:43:00,2026-07-25 19:53:00,-0.3107795106693599,10.0,Electric Scooter,39,1.8279703202871058,Medium,Rain,Dombivli,0.3312775080661775,True
TW103334,2026-07-04 00:30:00,2026-07-04 00:40:18,0.35978461164394443,10.3,Motorcycle,33,-2.0874923137574957,Low,Clear,Mulund,-0.6444912710131051,True
TW100942,2026-07-24 20:51:00,2026-07-24 21:09:06,1.0303487339572488,18.1,Scooter,37,-0.7823381024092951,Medium,Rain,Thane West,-0.4801512661155417,True
TW100439,2026-07-30 13:43:00,2026-07-30 13:47:54,-0.20033365522952146,4.9,Scooter,24,0.0007544243996247222,High,Clear,Bhandup,0.3929050099027636,True
TW101116,2026-07-14 10:21:00,2026-07-14 10:25:00,-1.3205701889764532,4.0,Motorcycle,32,-1.3043997869485757,Low,Rain,Navi Mumbai,-0.05903000356553562,True
TW100034,2026-07-17 10:30:00,2026-07-17 10:37:12,-0.3305019848550453,7.2,Motorcycle,34,0.0007544243996247222,High,Rain,Bhandup,-0.6907118973905447,True
TW104091,2026-07-01 07:56:00,2026-07-01 08:01:30,-1.1825128696766554,5.5,Scooter,39,-0.7823381024092951,Medium,Rain,Thane West,-0.4236593894320044,True
TW101995,2026-07-17 15:11:00,2026-07-17 15:18:24,-0.6776175305231086,7.4,Scooter,41,-0.26027641787001443,High,Rain,Airoli,0.17207312832166297,True
TW104479,2026-07-30 02:04:00,2026-07-30 02:18:12,0.016613560813018097,14.2,Motorcycle,40,0.7838469512085445,Low,Clear,Airoli,-0.5725925188704211,True
TW104840,2026-07-07 00:09:00,2026-07-07 00:25:36,0.16255986978709025,16.6,Motorcycle,26,0.0007544243996247222,High,Overcast,Dombivli,-0.6034062697887143,True
TW100057,2026-07-12 02:37:00,2026-07-12 02:45:48,0.028447045324429446,8.8,Motorcycle,29,0.2617852666692662,Low,Clear,Navi Mumbai,0.12585250194422334,True
TW104756,2026-07-23 18:47:00,2026-07-23 19:15:00,1.8586926497560363,28.0,Scooter,43,-0.26027641787001443,Medium,Rain,Mumbra,-0.9218150292777434,False
TW103674,2026-07-12 09:17:00,2026-07-12 09:26:12,-0.49222627317766576,9.2,Scooter,41,0.5228161089389054,High,Clear,Airoli,-0.31067563606492954,True
TW102075,2026-07-19 08:00:00,2026-07-19 08:04:30,-1.1351789316310104,4.5,Electric Scooter,32,-2.6095539982967764,Low,Overcast,Navi Mumbai,-0.3928456385137112,True
TW100794,2026-07-27 14:22:00,2026-07-27 14:38:24,0.0481695195101148,16.4,Motorcycle,23,0.5228161089389054,Low,Clear,Mumbra,0.01800437373019717,True
TW102228,2026-07-19 06:20:00,2026-07-19 06:38:24,0.1822823439727756,18.4,Scooter,42,1.8279703202871058,Low,Rain,Mumbra,-0.4544731403502974,True
TW100338,2026-07-20 22:33:00,2026-07-20 22:38:48,-0.9931771174940752,5.8,Motorcycle,31,0.7838469512085445,High,Overcast,Airoli,-0.9218150292777434,True
TW104302,2026-07-04 09:32:00,2026-07-04 09:36:18,-1.1904018593509296,4.3,Motorcycle,30,1.3059086357478251,Medium,Clear,Mulund,-0.4339306397381021,True
TW102686,2026-07-22 18:31:00,2026-07-22 18:37:42,-0.2476675932751665,6.7,Motorcycle,42,0.5228161089389054,Low,Clear,Thane West,-0.4852868912685906,True
TW103483,2026-07-30 01:08:00,2026-07-30 01:12:00,-0.2950015313208116,4.0,Motorcycle,23,0.2617852666692662,High,Clear,Thane West,-0.5161006421868838,True
TW101459,2026-07-04 01:02:00,2026-07-04 01:18:42,1.0461267133057972,16.7,Motorcycle,20,-2.348523156027136,High,Clear,Navi Mumbai,1.2659612859210694,True
TW101894,2026-07-27 04:04:00,2026-07-27 04:23:54,1.1013496410257162,19.9,Motorcycle,36,-0.5213072601396559,Medium,Clear,Vashi,1.2865037865332647,True
TW104022,2026-07-09 20:10:00,2026-07-09 20:18:48,-0.9497876742855675,8.8,Motorcycle,23,-0.7823381024092951,Medium,Clear,Mumbra,-0.4185237642789555,True
TW102331,2026-07-18 16:27:00,2026-07-18 16:36:30,-0.7565074272658504,9.5,Electric Scooter,29,-1.3043997869485757,High,Overcast,Ghodbunder Road,0.5418381393411804,True
TW102946,2026-07-22 21:24:00,2026-07-22 21:40:36,0.4702304670837829,16.6,Motorcycle,26,1.5669394780174666,Low,Clear,Navi Mumbai,-0.5623212685643234,True
TW103842,2026-07-23 12:43:00,2026-07-23 13:10:48,1.9730830000330122,27.8,Scooter,44,0.0007544243996247222,Medium,Overcast,Bhandup,0.48534626265764313,False
TW101633,2026-07-29 02:24:00,2026-07-29 02:28:24,-1.0128995916797607,4.4,Scooter,30,1.3059086357478251,Low,Rain,Thane West,-0.4390662648911509,True
TW100094,2026-07-23 05:55:00,2026-07-23 05:59:42,-0.9773991381455269,4.7,Scooter,26,0.2617852666692662,Low,Clear,Dombivli,0.8961962749015517,True
TW100762,2026-07-11 04:58:00,2026-07-11 05:08:36,-0.7486184375915762,10.6,Motorcycle,19,0.5228161089389054,Medium,Clear,Ghodbunder Road,-0.9218150292777434,True
TW104268,2026-07-11 23:20:00,2026-07-11 23:51:30,2.550951493673595,31.5,Scooter,22,-2.6095539982967764,Low,Rain,Airoli,-0.8088312759106685,False
TW103315,2026-07-05 18:36:00,2026-07-05 18:49:30,0.040280529835840795,13.5,Scooter,38,-0.26027641787001443,Medium,Clear,Mulund,-0.7985600256045708,True
TW100981,2026-07-25 08:38:00,2026-07-25 08:48:18,-0.1135547688125057,10.3,Scooter,42,-0.5213072601396559,Medium,Clear,Ghodbunder Road,0.11558125163812563,True
TW103728,2026-07-17 12:25:00,2026-07-17 12:32:06,-0.1293327481610539,7.1,Motorcycle,26,-2.0874923137574957,Low,Clear,Mulund,0.1053100013320279,True
TW102061,2026-07-22 14:17:00,2026-07-22 14:21:54,-1.2495692819079858,4.9,Motorcycle,27,0.5228161089389054,Low,Clear,Thane West,0.346684383525324,True
TW100736,2026-07-28 07:12:00,2026-07-28 07:16:00,-1.2653472612565342,4.0,Electric Scooter,37,1.3059086357478251,Medium,Clear,Bhandup,-0.9218150292777434,True
TW101078,2026-07-16 09:23:00,2026-07-16 09:42:54,0.6516772295920887,19.9,Scooter,34,0.2617852666692662,Medium,Clear,Mulund,-0.7523393992271311,True
TW103326,2026-07-14 21:20:00,2026-07-14 21:34:42,0.03633603499870345,14.7,Scooter,31,-0.7823381024092951,Medium,Clear,Vashi,-0.33121813667712485,True
TW100048,2026-07-28 15:22:00,2026-07-28 15:34:00,-0.2950015313208116,12.0,Scooter,29,1.8279703202871058,Medium,Rain,Navi Mumbai,-0.6598981464722518,True
TW103354,2026-07-02 00:14:00,2026-07-02 00:18:00,-0.8077858601486324,4.0,Motorcycle,25,0.5228161089389054,High,Clear,Ghodbunder Road,-0.35689626244236916,True
TW100145,2026-07-23 20:02:00,2026-07-23 20:06:00,-1.0996784780967768,4.0,Scooter,24,-0.26027641787001443,High,Clear,Vashi,-0.14633563116736614,True
TW101718,2026-07-26 17:56:00,2026-07-26 18:10:18,-0.40544738676064984,14.3,Motorcycle,35,-0.7823381024092951,Medium,Overcast,Thane West,-0.9218150292777434,True
TW104281,2026-07-13 00:38:00,2026-07-13 01:00:18,0.8844024249831767,22.3,Scooter,21,1.3059086357478251,Medium,Clear,Airoli,1.8565581785216878,True
TW101661,2026-07-05 19:02:00,2026-07-05 19:06:00,-1.3324036734878646,4.0,Motorcycle,26,-0.26027641787001443,High,Clear,Mulund,-0.1001150047899264,True
TW100581,2026-07-20 15:57:00,2026-07-20 16:14:54,1.0382377236315228,17.9,Scooter,25,-1.565430629218215,Medium,Overcast,Bhandup,-0.1617425066265127,True
TW100898,2026-07-17 04:51:00,2026-07-17 05:00:42,-0.6223946028031894,9.7,Electric Scooter,26,-1.8264614714878553,Medium,Clear,Ghodbunder Road,-0.860187527441157,True
TW102411,2026-07-21 08:13:00,2026-07-21 08:18:12,-0.7841188911258099,5.2,Scooter,30,0.7838469512085445,Low,Overcast,Vashi,-0.03848750295334018,True
TW102493,2026-07-28 13:56:00,2026-07-28 14:19:30,1.3104078673939819,23.5,Motorcycle,36,1.044877793478186,Low,Clear,Airoli,-0.9218150292777434,True
TW104209,2026-07-27 07:15:00,2026-07-27 07:19:06,-1.348181652836413,4.1,Scooter,37,-0.26027641787001443,Low,Clear,Dombivli,-0.6034062697887143,True
TW103251,2026-07-21 23:58:00,2026-07-22 00:09:30,-0.13722173783532807,11.5,Electric Scooter,39,-0.5213072601396559,Low,Clear,Mulund,2.4471550711223062,True
TW102512,2026-07-23 00:17:00,2026-07-23 00:38:00,0.9909037855858778,21.0,Motorcycle,22,0.7838469512085445,Medium,Rain,Mumbra,0.30046375714788437,True
TW100437,2026-07-23 14:27:00,2026-07-23 14:34:24,0.1783378491356386,7.4,Motorcycle,40,-2.870584840566415,Low,Clear,Mulund,-0.3671675127484669,True
TW100592,2026-07-05 02:40:00,2026-07-05 03:12:36,2.0677508761243013,32.6,Scooter,19,-0.26027641787001443,Low,Clear,Vashi,-0.6804406470844471,False
TW100349,2026-07-29 14:52:00,2026-07-29 15:00:12,-0.8669532827056886,8.2,Scooter,38,-0.5213072601396559,Medium,Clear,Navi Mumbai,1.7795238012259549,True
TW104335,2026-07-06 13:21:00,2026-07-06 13:43:00,1.1447390842342242,22.0,Motorcycle,42,-0.7823381024092951,Low,Clear,Kalyan,3.0993794655595104,True
TW102361,2026-07-22 20:38:00,2026-07-22 21:05:42,1.0737381771657566,27.7,Scooter,28,-0.26027641787001443,Low,Clear,Bhandup,-0.2541837593813921,False
TW102098,2026-07-17 23:08:00,2026-07-17 23:31:06,0.4031740548524525,23.1,Motorcycle,26,0.7838469512085445,Medium,Clear,Bhandup,1.1837912834722875,True
TW100399,2026-07-27 15:51:00,2026-07-27 15:57:30,-0.39755839708637564,6.5,Scooter,37,0.7838469512085445,Medium,Clear,Navi Mumbai,0.2337006301582493,True
TW104336,2026-07-21 04:31:00,2026-07-21 05:01:00,2.550951493673595,30.0,Motorcycle,44,0.0007544243996247222,High,Rain,Dombivli,-0.4185237642789555,False
TW103760,2026-07-09 08:57:00,2026-07-09 09:13:18,0.23356077685555765,16.3,Scooter,42,-1.0433689446789354,Low,Clear,Thane West,-0.4031168888198089,True
TW101978,2026-07-23 08:39:00,2026-07-23 09:03:00,0.848901971448943,24.0,Motorcycle,26,0.5228161089389054,High,Clear,Navi Mumbai,-0.20796313300395233,True
TW101384,2026-07-29 15:55:00,2026-07-29 16:17:42,1.0540157029800712,22.7,Scooter,21,0.0007544243996247222,Medium,Clear,Kalyan,0.15153062770946754,True
TW103469,2026-07-22 23:13:00,2026-07-22 23:22:30,-0.16483320169528776,9.5,Motorcycle,39,0.7838469512085445,Medium,Rain,Bhandup,4.706830138463803,True
TW100111,2026-07-04 10:08:00,2026-07-04 10:18:12,0.237505271692695,10.2,Scooter,25,1.8279703202871058,Low,Clear,Thane West,-0.7420681489210333,True
TW103932,2026-07-11 07:05:00,2026-07-11 07:11:18,-0.2871125416465374,6.3,Motorcycle,20,-0.26027641787001443,High,Clear,Airoli,-0.6444912710131051,True
TW103226,2026-07-26 17:42:00,2026-07-26 18:06:36,1.4800211453908767,24.6,Motorcycle,28,-0.26027641787001443,High,Clear,Bhandup,-0.8755944029003037,True
TW100038,2026-07-05 01:14:00,2026-07-05 01:18:00,-1.3560706425106872,4.0,Scooter,36,-0.26027641787001443,High,Rain,Navi Mumbai,0.6650931430143531,True
TW102875,2026-07-30 22:39:00,2026-07-30 22:57:30,0.16650436462422724,18.5,Scooter,37,0.0007544243996247222,Low,Overcast,Mumbra,0.11558125163812563,True
TW100876,2026-07-02 12:35:00,2026-07-02 12:45:12,-0.37389142806355313,10.2,Motorcycle,43,-0.7823381024092951,Medium,Clear,Vashi,0.0796318755667835,True
TW103218,2026-07-30 03:59:00,2026-07-30 04:20:00,1.6141339698535375,21.0,Scooter,42,-1.0433689446789354,Low,Clear,Thane West,-0.9166794041246945,True
TW104694,2026-07-27 17:22:00,2026-07-27 17:26:00,-1.261402766419397,4.0,Scooter,27,1.044877793478186,High,Clear,Mulund,-0.2593193845344409,True
TW101257,2026-07-28 23:01:00,2026-07-28 23:14:54,-0.1135547688125057,13.9,Electric Scooter,37,-0.26027641787001443,Medium,Clear,Airoli,-0.3414893869832226,True
TW101353,2026-07-17 13:07:00,2026-07-17 13:26:00,0.4071185496895895,19.0,Scooter,29,-0.5213072601396559,Medium,Clear,Airoli,1.5432850441857076,True
TW101668,2026-07-19 21:50:00,2026-07-19 22:01:54,0.6043432915464437,11.9,Electric Scooter,24,1.044877793478186,Low,Clear,Bhandup,-0.6034062697887143,True
TW102263,2026-07-18 14:59:00,2026-07-18 15:25:42,2.0559173916128906,26.7,Electric Scooter,29,1.3059086357478251,High,Clear,Kalyan,-0.29526876060578294,False
TW101906,2026-07-30 12:29:00,2026-07-30 12:47:24,0.5215088999665649,18.4,Scooter,26,0.7838469512085445,Medium,Clear,Kalyan,-0.4082525139728578,True
TW102521,2026-07-09 11:13:00,2026-07-09 11:23:54,-0.1293327481610539,10.9,Scooter,32,-1.3043997869485757,Low,Clear,Navi Mumbai,1.378945039288144,True
TW103373,2026-07-25 20:05:00,2026-07-25 20:12:48,-1.076011509073954,7.8,Motorcycle,29,-0.26027641787001443,Medium,Clear,Mumbra,-0.2387768839222455,True
TW101195,2026-07-29 07:58:00,2026-07-29 08:11:54,-0.078054315278272,13.9,Motorcycle,35,0.5228161089389054,Medium,Overcast,Mumbra,-0.9218150292777434,True
TW104873,2026-07-19 19:48:00,2026-07-19 19:55:12,-1.35212614767355,7.2,Scooter,39,-0.5213072601396559,Medium,Clear,Navi Mumbai,-0.6753050219313983,True
TW102494,2026-07-16 04:51:00,2026-07-16 05:00:36,-0.417280871272061,9.6,Scooter,37,0.7838469512085445,Low,Clear,Navi Mumbai,0.04368249949544158,True
TW104775,2026-07-10 01:31:00,2026-07-10 02:09:18,2.550951493673595,38.3,Electric Scooter,31,-1.3043997869485757,Medium,Clear,Mumbra,-0.4236593894320044,False
TW103545,2026-07-10 20:53:00,2026-07-10 21:00:36,-1.1706793851652442,7.6,Motorcycle,27,-0.5213072601396559,Medium,Clear,Dombivli,-0.9218150292777434,True
TW101058,2026-07-14 17:11:00,2026-07-14 17:20:54,-0.2200561294152068,9.9,Motorcycle,27,1.3059086357478251,Low,Clear,Bhandup,0.346684383525324,True
TW102322,2026-07-20 06:45:00,2026-07-20 06:51:36,0.1507263852756789,6.6,Scooter,30,-0.7823381024092951,Medium,Overcast,Mulund,0.06422500010763703,True
TW102958,2026-07-16 14:15:00,2026-07-16 14:30:36,1.1171276203742646,15.6,Motorcycle,42,0.7838469512085445,Medium,Clear,Navi Mumbai,1.9079144300521762,True
TW102335,2026-07-20 23:30:00,2026-07-20 23:37:18,-0.9497876742855675,7.3,Electric Scooter,34,0.5228161089389054,High,Rain,Vashi,-0.9218150292777434,True
TW103928,2026-07-25 01:50:00,2026-07-25 02:19:12,1.3537973106024899,29.2,Scooter,43,-1.565430629218215,Medium,Overcast,Mumbra,1.913050055205225,False
TW103220,2026-07-29 12:38:00,2026-07-29 12:45:06,-1.0326220658654464,7.1,Scooter,35,0.2617852666692662,Medium,Clear,Mumbra,-0.7215256483088379,True
TW102443,2026-07-15 02:23:00,2026-07-15 02:33:42,0.3479511271325331,10.7,Scooter,36,-0.7823381024092951,Medium,Overcast,Bhandup,-0.2541837593813921,True
TW100500,2026-07-23 17:12:00,2026-07-23 17:16:00,-0.9813436329826641,4.0,Motorcycle,29,1.044877793478186,Medium,Clear,Bhandup,-0.5315075176460303,True
TW100336,2026-07-23 07:25:00,2026-07-23 07:29:00,-0.5868941492689557,4.0,Motorcycle,35,-1.8264614714878553,Low,Clear,Bhandup,-0.7472037740740822,True
TW102312,2026-07-17 04:42:00,2026-07-17 04:50:00,-0.25950107778657766,8.0,Scooter,40,-1.0433689446789354,Low,Overcast,Dombivli,-0.9218150292777434,True
TW101448,2026-07-29 04:47:00,2026-07-29 04:52:30,-1.1864573645137924,5.5,Scooter,34,1.3059086357478251,Low,Clear,Vashi,2.349578193214378,True
TW104943,2026-07-17 02:00:00,2026-07-17 02:16:24,-0.050442851418312305,16.4,Scooter,36,0.0007544243996247222,Medium,Clear,Airoli,1.7641169257668081,True
TW101083,2026-07-22 03:47:00,2026-07-22 03:51:00,-1.2732362509308082,4.0,Scooter,26,0.0007544243996247222,Medium,Overcast,Mumbra,1.0810787804113104,True
TW103889,2026-07-08 09:14:00,2026-07-08 09:33:54,0.5570093535007986,19.9,Motorcycle,35,0.5228161089389054,Medium,Overcast,Bhandup,1.2556900356149718,True
TW101202,2026-07-03 01:33:00,2026-07-03 01:52:42,0.15467088011281624,19.7,Scooter,19,1.3059086357478251,Medium,Rain,Vashi,-0.9218150292777434,True
TW103197,2026-07-19 19:26:00,2026-07-19 19:34:48,-0.8866757568913741,8.8,Motorcycle,43,0.5228161089389054,High,Rain,Navi Mumbai,0.45453251173934994,True
TW101872,2026-07-29 16:07:00,2026-07-29 16:20:12,-0.20427815006665864,13.2,Scooter,43,0.5228161089389054,Low,Clear,Mulund,-0.6598981464722518,True
TW104631,2026-07-14 02:21:00,2026-07-14 02:35:00,0.5215088999665649,14.0,Scooter,20,0.0007544243996247222,Medium,Clear,Bhandup,0.63427939209606,True
TW102822,2026-07-01 04:05:00,2026-07-01 04:24:18,1.0145707546087004,19.3,Electric Scooter,29,0.0007544243996247222,Low,Clear,Bhandup,0.562380639953376,True
TW104351,2026-07-30 22:44:00,2026-07-30 22:49:12,-0.7841188911258099,5.2,Motorcycle,35,0.7838469512085445,Medium,Overcast,Kalyan,-0.6753050219313983,True
TW101419,2026-07-14 11:32:00,2026-07-14 11:43:36,0.13100391108999354,11.6,Scooter,30,0.7838469512085445,Medium,Clear,Kalyan,-0.31067563606492954,True
TW101302,2026-07-05 15:29:00,2026-07-05 15:37:24,-0.3423354693664564,8.4,Scooter,27,1.5669394780174666,Low,Clear,Dombivli,-0.31067563606492954,True
TW100833,2026-07-28 22:06:00,2026-07-28 22:31:48,0.856790961123217,25.8,Scooter,29,1.044877793478186,High,Overcast,Mulund,0.9218744006667959,False
TW103293,2026-07-01 00:55:00,2026-07-01 01:14:54,0.6871776831263224,19.9,Electric Scooter,25,-0.7823381024092951,Low,Clear,Kalyan,-0.8910012783594502,True
TW100231,2026-07-25 20:36:00,2026-07-25 20:49:18,-0.409391881597787,13.3,Scooter,34,1.044877793478186,Low,Clear,Bhandup,-0.505829391880786,True
TW101911,2026-07-06 11:19:00,2026-07-06 11:31:36,-0.2831680468094002,12.6,Scooter,41,-1.0433689446789354,Low,Clear,Vashi,-0.5982706446356655,True
TW102692,2026-07-11 11:57:00,2026-07-11 12:06:00,-0.6500060666631491,9.0,Motorcycle,37,-0.7823381024092951,Low,Clear,Ghodbunder Road,-0.6444912710131051,True
TW101785,2026-07-06 07:42:00,2026-07-06 07:46:00,-1.076011509073954,4.0,Scooter,24,0.0007544243996247222,High,Clear,Kalyan,-0.09497937963687753,True
TW102745,2026-07-14 21:42:00,2026-07-14 21:46:00,-1.0326220658654464,4.0,Motorcycle,37,-0.7823381024092951,Low,Clear,Vashi,2.313628817143036,True
TW100207,2026-07-17 10:20:00,2026-07-17 10:34:48,1.1447390842342242,14.8,Scooter,19,0.5228161089389054,Low,Clear,Ghodbunder Road,2.940175085814996,True
TW104406,2026-07-10 01:14:00,2026-07-10 01:27:54,0.1862268388099126,13.9,Scooter,40,0.7838469512085445,Medium,Rain,Mulund,-0.028216252647242458,True
TW103550,2026-07-03 07:44:00,2026-07-03 08:00:42,0.3124506735982994,16.7,Scooter,20,0.5228161089389054,Medium,Clear,Dombivli,-0.469880015809444,True
TW101086,2026-07-06 14:36:00,2026-07-06 14:45:06,-0.46461480931770605,9.1,Scooter,39,0.5228161089389054,Medium,Clear,Bhandup,2.2520013153064498,True
TW103900,2026-07-10 13:13:00,2026-07-10 13:20:12,-0.13327724299819105,7.2,Electric Scooter,28,-1.3043997869485757,High,Clear,Ghodbunder Road,-0.7420681489210333,True
TW104193,2026-07-12 18:37:00,2026-07-12 18:49:06,-0.1529997171838764,12.1,Scooter,27,0.5228161089389054,High,Clear,Ghodbunder Road,-0.41338813912590666,True
TW102160,2026-07-05 00:34:00,2026-07-05 01:02:24,1.0185152494458374,28.4,Scooter,25,-1.3043997869485757,Medium,Clear,Vashi,-0.44933751519724857,False
TW104104,2026-07-26 16:48:00,2026-07-26 16:58:24,0.09550345755575984,10.4,Motorcycle,38,-1.565430629218215,Low,Clear,Dombivli,-0.9218150292777434,True
TW101034,2026-07-30 20:39:00,2026-07-30 20:45:18,-0.49617076801480275,6.3,Motorcycle,42,1.3059086357478251,Medium,Clear,Airoli,-0.9218150292777434,True
TW103499,2026-07-30 20:09:00,2026-07-30 20:27:36,0.9751258062373294,18.6,Scooter,25,1.5669394780174666,Low,Clear,Bhandup,-0.2695906348405387,True
TW104446,2026-07-12 17:09:00,2026-07-12 17:16:00,-0.4764482938291174,7.0,Electric Scooter,36,0.5228161089389054,Medium,Overcast,Dombivli,1.738438800001564,True
TW100848,2026-07-15 17:03:00,2026-07-15 17:16:54,-0.5790051595946815,13.9,Scooter,24,0.0007544243996247222,High,Rain,Mumbra,-0.3055400109118807,True
TW100086,2026-07-10 12:25:00,2026-07-10 12:54:48,2.550951493673595,29.8,Scooter,28,0.5228161089389054,Medium,Overcast,Ghodbunder Road,-0.8550519022881081,False
TW101425,2026-07-16 16:15:00,2026-07-16 16:41:00,1.0066817649344262,26.0,Scooter,44,0.0007544243996247222,Low,Rain,Mulund,2.6063594508668206,False
TW101712,2026-07-08 13:10:00,2026-07-08 13:19:24,-0.062276335929723654,9.4,Electric Scooter,20,-1.565430629218215,Low,Clear,Mumbra,-0.8550519022881081,True
TW102113,2026-07-19 21:10:00,2026-07-19 21:24:30,-0.07410982044113465,14.5,Motorcycle,29,0.0007544243996247222,High,Rain,Mumbra,0.20288687923995613,True
TW100692,2026-07-07 19:56:00,2026-07-07 20:10:30,-0.49617076801480275,14.5,Scooter,33,1.8279703202871058,Medium,Clear,Mulund,-0.37743876305456464,True
TW104294,2026-07-24 16:37:00,2026-07-24 16:52:12,0.12311492141571954,15.2,Electric Scooter,20,0.0007544243996247222,High,Rain,Kalyan,-0.326082511524076,True
TW102510,2026-07-14 07:40:00,2026-07-14 07:59:54,0.8765134353089024,19.9,Scooter,34,-2.0874923137574957,Low,Clear,Vashi,1.5432850441857076,True
TW100261,2026-07-27 03:34:00,2026-07-27 03:40:42,-0.7288959634058907,6.7,Scooter,25,0.2617852666692662,Medium,Overcast,Navi Mumbai,-0.9218150292777434,True
TW103882,2026-07-20 04:40:00,2026-07-20 05:09:24,1.9928054742186971,29.4,Scooter,24,0.0007544243996247222,High,Clear,Dombivli,-0.4904225164216394,False
TW103567,2026-07-29 21:54:00,2026-07-29 22:15:42,1.2551849396740626,21.7,Scooter,26,0.5228161089389054,High,Clear,Airoli,1.6511331723997336,True
TW103944,2026-07-02 18:02:00,2026-07-02 18:07:54,-0.3817804177378273,5.9,Motorcycle,28,-0.7823381024092951,Medium,Overcast,Vashi,1.5895056705631472,True
TW102035,2026-07-13 20:53:00,2026-07-13 20:59:12,-0.6657840460116974,6.2,Scooter,32,-0.26027641787001443,Medium,Clear,Bhandup,-0.33635376183017374,True
TW103445,2026-07-24 16:49:00,2026-07-24 17:04:06,0.2927281994126141,15.1,Scooter,27,-1.0433689446789354,High,Clear,Ghodbunder Road,-0.9218150292777434,True
TW101341,2026-07-08 00:18:00,2026-07-08 00:48:54,2.4030329372809542,30.9,Motorcycle,21,-0.7823381024092951,Medium,Clear,Bhandup,-0.7163900231557891,False
TW103097,2026-07-11 03:42:00,2026-07-11 03:47:48,-0.5947831389432299,5.8,Electric Scooter,24,0.0007544243996247222,Low,Overcast,Dombivli,-0.4390662648911509,True
TW102364,2026-07-28 11:21:00,2026-07-28 11:29:12,-0.9813436329826641,8.2,Motorcycle,38,-1.0433689446789354,Medium,Rain,Mumbra,-0.2644550096874898,True
TW100041,2026-07-12 23:31:00,2026-07-12 23:38:30,-0.7525629324287132,7.5,Scooter,25,-0.26027641787001443,Medium,Rain,Mumbra,-0.4852868912685906,True
TW104069,2026-07-21 00:32:00,2026-07-21 00:36:30,-0.7012844995459311,4.5,Scooter,29,1.5669394780174666,Medium,Clear,Mumbra,-0.6444912710131051,True
TW103093,2026-07-17 23:25:00,2026-07-17 23:42:12,0.0008355814644697468,17.2,Motorcycle,33,-0.7823381024092951,Medium,Rain,Kalyan,-0.05389437841248676,True
TW104767,2026-07-22 06:33:00,2026-07-22 06:52:54,0.1822823439727756,19.9,Scooter,25,1.5669394780174666,Medium,Overcast,Bhandup,-0.4031168888198089,True
TW102790,2026-07-07 06:30:00,2026-07-07 06:37:30,-0.7012844995459311,7.5,Scooter,26,-1.0433689446789354,Low,Rain,Navi Mumbai,-0.9218150292777434,True
TW103015,2026-07-24 02:25:00,2026-07-24 02:34:12,-0.7959523756372212,9.2,Motorcycle,44,-1.565430629218215,Low,Rain,Airoli,0.12071687679117438,True
TW101729,2026-07-26 00:06:00,2026-07-26 00:14:42,-0.7841188911258099,8.7,Motorcycle,41,0.2617852666692662,Low,Clear,Kalyan,-0.2387768839222455,True
TW104151,2026-07-01 03:35:00,2026-07-01 03:43:12,-0.8196193446600436,8.2,Motorcycle,39,0.2617852666692662,Medium,Clear,Airoli,-0.9218150292777434,True
TW103030,2026-07-29 12:07:00,2026-07-29 12:28:00,0.9632923217259184,21.0,Scooter,34,0.7838469512085445,High,Overcast,Navi Mumbai,-0.5315075176460303,True
TW100551,2026-07-23 19:18:00,2026-07-23 19:25:00,-0.9655656536341157,7.0,Scooter,33,0.7838469512085445,Low,Overcast,Bhandup,2.555003199336332,True
TW104326,2026-07-10 23:47:00,2026-07-10 23:51:24,-0.9340096949370192,4.4,Electric Scooter,28,1.5669394780174666,Low,Clear,Kalyan,0.8961962749015517,True
TW101744,2026-07-11 20:47:00,2026-07-11 21:06:30,0.7660675798690642,19.5,Scooter,41,0.0007544243996247222,Medium,Overcast,Navi Mumbai,0.20288687923995613,True
TW104809,2026-07-15 07:25:00,2026-07-15 07:39:24,0.08366997304434849,14.4,Scooter,38,-0.5213072601396559,Low,Clear,Kalyan,1.106756906176555,True
TW101724,2026-07-19 17:56:00,2026-07-19 18:09:00,0.2808947149012027,13.0,Motorcycle,23,0.5228161089389054,Low,Overcast,Thane West,-0.7728818998393265,True
TW100130,2026-07-08 12:53:00,2026-07-08 13:09:12,-0.2200561294152068,16.2,Electric Scooter,35,1.3059086357478251,Low,Clear,Mumbra,-0.1360643808612684,True
TW101933,2026-07-28 07:42:00,2026-07-28 07:55:36,0.06789199369580015,13.6,Scooter,28,-1.565430629218215,Low,Clear,Thane West,-0.8858656532064013,True
TW103008,2026-07-17 14:58:00,2026-07-17 15:12:36,0.0205580556501551,14.6,Scooter,34,0.2617852666692662,High,Clear,Airoli,-0.4801512661155417,True
TW102920,2026-07-02 03:12:00,2026-07-02 03:16:00,-0.6184501079660524,4.0,Motorcycle,19,1.3059086357478251,High,Overcast,Navi Mumbai,-0.5006937667277371,True
TW102552,2026-07-07 13:26:00,2026-07-07 13:39:06,0.0757809833700745,13.1,Motorcycle,20,0.0007544243996247222,Low,Clear,Bhandup,-0.4750156409624928,True
TW102716,2026-07-26 12:34:00,2026-07-26 12:54:24,1.0185152494458374,20.4,Motorcycle,43,-0.26027641787001443,Low,Clear,Mulund,-0.08984375448382867,True
TW100819,2026-07-30 14:50:00,2026-07-30 14:54:00,-0.6381725821517378,4.0,Scooter,22,1.044877793478186,Low,Clear,Navi Mumbai,-0.8755944029003037,True
TW103439,2026-07-14 02:29:00,2026-07-14 02:45:24,-0.19638916039238447,16.4,Scooter,26,1.044877793478186,High,Clear,Kalyan,-0.9218150292777434,True
TW100756,2026-07-05 08:13:00,2026-07-05 08:29:48,0.8765134353089024,16.8,Motorcycle,23,0.5228161089389054,High,Clear,Thane West,-0.9166794041246945,True
TW103367,2026-07-30 15:28:00,2026-07-30 15:39:48,0.3795070858296298,11.8,Motorcycle,39,-1.565430629218215,Medium,Clear,Mulund,1.1837912834722875,True
TW103670,2026-07-12 01:16:00,2026-07-12 01:24:48,-0.6618395511745603,8.8,Scooter,26,0.0007544243996247222,High,Clear,Airoli,2.07225443494974,True
TW103939,2026-07-19 14:03:00,2026-07-19 14:21:48,0.5846208173607583,18.8,Scooter,41,0.0007544243996247222,Low,Clear,Ghodbunder Road,-0.19255625754480576,True
TW103514,2026-07-20 04:42:00,2026-07-20 04:46:06,-0.6578950563374233,4.1,Scooter,29,-0.7823381024092951,Medium,Clear,Navi Mumbai,-0.38771001336066235,True
TW102233,2026-07-18 05:38:00,2026-07-18 05:47:18,0.06000300402152615,9.3,Motorcycle,27,0.0007544243996247222,Low,Clear,Mumbra,-0.6753050219313983,True
TW102507,2026-07-11 14:12:00,2026-07-11 14:20:48,0.0481695195101148,8.8,Electric Scooter,42,1.044877793478186,Low,Clear,Bhandup,-0.5366431427990792,True
TW101261,2026-07-15 22:49:00,2026-07-15 22:57:18,-0.6657840460116974,8.3,Scooter,25,1.8279703202871058,Low,Clear,Ghodbunder Road,0.32614188291312857,True
TW101773,2026-07-14 00:45:00,2026-07-14 00:55:30,0.3124506735982994,10.5,Motorcycle,26,0.0007544243996247222,Medium,Clear,Ghodbunder Road,-0.09497937963687753,True
TW102589,2026-07-12 23:21:00,2026-07-12 23:41:36,0.33217314778398477,20.6,Electric Scooter,30,0.7838469512085445,High,Rain,Bhandup,-0.9218150292777434,True
TW104267,2026-07-29 00:03:00,2026-07-29 00:14:24,-0.5277267267118995,11.4,Motorcycle,32,0.2617852666692662,Medium,Clear,Thane West,1.2454187853088738,True
TW102144,2026-07-06 23:50:00,2026-07-06 23:54:00,-1.4073490753934692,4.0,Motorcycle,43,-1.565430629218215,Medium,Rain,Bhandup,-0.3414893869832226,True
TW102845,2026-07-11 05:12:00,2026-07-11 05:16:00,-1.2732362509308082,4.0,Electric Scooter,27,-1.0433689446789354,Low,Clear,Airoli,-0.9115437789716456,True
TW101203,2026-07-02 11:43:00,2026-07-02 12:04:30,0.45445248773523456,21.5,Motorcycle,27,0.5228161089389054,Low,Clear,Vashi,-0.3055400109118807,True
TW104571,2026-07-21 02:27:00,2026-07-21 02:36:00,-0.6145056131289152,9.0,Motorcycle,44,0.0007544243996247222,Medium,Clear,Mulund,0.598330016024718,True
TW104000,2026-07-03 08:35:00,2026-07-03 08:42:12,-1.072067014236817,7.2,Motorcycle,27,-1.0433689446789354,High,Clear,Vashi,-0.9218150292777434,True
TW102828,2026-07-22 17:42:00,2026-07-22 17:53:12,-0.31472400550649693,11.2,Electric Scooter,38,0.7838469512085445,High,Clear,Bhandup,-0.3004043857588318,True
TW103490,2026-07-03 17:38:00,2026-07-03 17:45:48,-0.9773991381455269,7.8,Electric Scooter,29,0.2617852666692662,Low,Rain,Mulund,-0.14633563116736614,True
TW102453,2026-07-28 05:26:00,2026-07-28 05:48:12,1.9888609793815601,22.2,Motorcycle,32,1.5669394780174666,High,Overcast,Kalyan,0.25424313077044475,True
TW102735,2026-07-19 02:54:00,2026-07-19 03:05:24,-0.2476675932751665,11.4,Electric Scooter,39,-2.348523156027136,Low,Clear,Mulund,-0.151471256320415,True
TW104461,2026-07-09 18:04:00,2026-07-09 18:10:36,-0.47250379899198025,6.6,Scooter,20,1.044877793478186,Medium,Clear,Thane West,-0.10525062994297525,True
TW101736,2026-07-04 17:25:00,2026-07-04 17:36:42,-0.417280871272061,11.7,Electric Scooter,22,1.8279703202871058,Medium,Clear,Navi Mumbai,-0.649626896166154,True
TW102318,2026-07-29 10:58:00,2026-07-29 11:02:00,-0.6460615718260119,4.0,Motorcycle,28,-0.5213072601396559,Medium,Overcast,Airoli,-0.7626106495332288,True
TW100776,2026-07-30 09:06:00,2026-07-30 09:12:12,-0.9576766639598415,6.2,Scooter,34,1.5669394780174666,Low,Clear,Mumbra,-0.5777281440234701,True
TW104125,2026-07-15 21:37:00,2026-07-15 22:20:42,2.550951493673595,43.7,Motorcycle,44,0.7838469512085445,Medium,Clear,Airoli,-0.35689626244236916,False
TW100376,2026-07-28 02:49:00,2026-07-28 03:02:12,2.550951493673595,13.2,Motorcycle,41,1.3059086357478251,Medium,Rain,Ghodbunder Road,-0.9218150292777434,True
TW103267,2026-07-17 05:34:00,2026-07-17 06:06:12,2.550951493673595,32.2,Motorcycle,42,-1.0433689446789354,Low,Rain,Kalyan,1.230011909849727,False
TW102649,2026-07-07 11:11:00,2026-07-07 11:23:36,-0.7328404582430278,12.6,Scooter,30,-2.348523156027136,Medium,Clear,Dombivli,-0.35176063728932033,True
TW101698,2026-07-20 23:40:00,2026-07-20 23:44:00,-0.8787867672171,4.0,Motorcycle,37,0.5228161089389054,High,Clear,Thane West,1.6922181736241244,True
TW103435,2026-07-20 20:15:00,2026-07-20 20:27:00,-0.32655749001790807,12.0,Scooter,21,-0.7823381024092951,High,Clear,Ghodbunder Road,-0.649626896166154,True
TW102714,2026-07-08 07:39:00,2026-07-08 08:00:30,1.4366317021823685,21.5,Motorcycle,24,0.2617852666692662,Low,Clear,Thane West,0.2953281319948354,True
TW101590,2026-07-02 13:30:00,2026-07-02 13:34:00,-1.16279039549097,4.0,Motorcycle,35,0.2617852666692662,Medium,Clear,Mulund,0.3672268841375194,True
TW100329,2026-07-26 14:39:00,2026-07-26 14:49:48,-0.007053408209804253,10.8,Scooter,43,0.5228161089389054,Low,Rain,Kalyan,-0.7780175249923754,True
TW100394,2026-07-14 18:09:00,2026-07-14 18:26:48,0.2769502200640657,17.8,Scooter,34,1.044877793478186,Medium,Overcast,Vashi,-0.8293737765228638,True
TW104173,2026-07-16 13:02:00,2026-07-16 13:06:00,-1.2574582715822598,4.0,Motorcycle,23,0.0007544243996247222,Low,Clear,Bhandup,-0.11038625509602411,True
TW102393,2026-07-08 08:15:00,2026-07-08 08:40:12,1.1013496410257162,25.2,Motorcycle,36,1.5669394780174666,High,Overcast,Navi Mumbai,-0.23364125876919664,False
TW103989,2026-07-20 22:32:00,2026-07-20 22:42:18,-0.3344464796921823,10.3,Scooter,27,0.5228161089389054,Medium,Clear,Thane West,-0.5520500182582256,True
TW102389,2026-07-12 05:01:00,2026-07-12 05:05:00,-0.8077858601486324,4.0,Motorcycle,19,-0.5213072601396559,Medium,Clear,Ghodbunder Road,-0.35176063728932033,True
TW100418,2026-07-20 19:27:00,2026-07-20 19:33:42,-1.0957339832596396,6.7,Scooter,44,-0.26027641787001443,Medium,Clear,Thane West,-0.7215256483088379,True
TW101960,2026-07-09 06:20:00,2026-07-09 06:28:12,-1.0286775710283091,8.2,Motorcycle,42,1.8279703202871058,High,Clear,Mumbra,-0.6034062697887143,True
TW103691,2026-07-22 00:54:00,2026-07-22 01:05:12,0.49389743610660525,11.2,Motorcycle,26,0.0007544243996247222,High,Clear,Ghodbunder Road,-0.9166794041246945,True
TW100275,2026-07-20 04:21:00,2026-07-20 05:12:06,2.550951493673595,51.1,Motorcycle,33,-1.565430629218215,High,Clear,Airoli,0.5829231405655714,False
TW102110,2026-07-16 13:25:00,2026-07-16 13:35:18,-0.13327724299819105,10.3,Motorcycle,23,1.8279703202871058,High,Overcast,Mulund,0.63427939209606,True
TW100758,2026-07-04 10:24:00,2026-07-04 10:31:42,0.016613560813018097,7.7,Scooter,44,-0.7823381024092951,Low,Clear,Ghodbunder Road,2.2520013153064498,True
TW104073,2026-07-15 14:21:00,2026-07-15 14:25:00,-0.8590642930314144,4.0,Scooter,41,1.3059086357478251,Medium,Clear,Mumbra,1.640861922093636,True
TW104510,2026-07-05 22:20:00,2026-07-05 22:25:48,-0.7486184375915762,5.8,Motorcycle,41,0.0007544243996247222,Low,Clear,Kalyan,-0.9218150292777434,True
TW104713,2026-07-28 22:21:00,2026-07-28 22:29:06,-0.9892326226569382,8.1,Motorcycle,38,0.0007544243996247222,Medium,Clear,Kalyan,1.2608256607680206,True
TW100539,2026-07-22 01:24:00,2026-07-22 01:34:24,-0.6421170769888749,10.4,Electric Scooter,32,0.0007544243996247222,High,Rain,Navi Mumbai,1.7538456754607108,True
TW102390,2026-07-25 23:48:00,2026-07-26 00:04:12,1.322241351905393,16.2,Electric Scooter,33,1.5669394780174666,Low,Clear,Navi Mumbai,-0.4955581415746883,True
TW100463,2026-07-23 04:11:00,2026-07-23 04:36:42,1.1605170635827726,25.7,Motorcycle,30,0.0007544243996247222,Low,Rain,Dombivli,-0.9218150292777434,False
TW100328,2026-07-07 05:06:00,2026-07-07 05:14:24,0.1467818904385419,8.4,Scooter,27,0.0007544243996247222,Medium,Clear,Vashi,-0.31067563606492954,True
TW103633,2026-07-30 05:30:00,2026-07-30 05:34:00,-1.1549014058166958,4.0,Motorcycle,30,1.8279703202871058,High,Clear,Vashi,-0.860187527441157,True
TW103721,2026-07-15 08:13:00,2026-07-15 08:23:24,0.3085061787611624,10.4,Scooter,38,-0.5213072601396559,Medium,Clear,Mumbra,1.1837912834722875,True
TW100502,2026-07-03 01:22:00,2026-07-03 01:29:18,-0.9971216123312124,7.3,Motorcycle,39,-0.5213072601396559,Medium,Clear,Vashi,-0.5161006421868838,True
TW101619,2026-07-20 15:04:00,2026-07-20 15:08:00,-1.395515590882058,4.0,Motorcycle,28,-0.26027641787001443,Low,Clear,Vashi,-0.8191025262167662,True
TW101891,2026-07-25 15:14:00,2026-07-25 15:21:00,-0.25555658294944067,7.0,Scooter,44,-1.8264614714878553,Low,Rain,Ghodbunder Road,0.15153062770946754,True
TW104648,2026-07-21 00:53:00,2026-07-21 01:00:54,-0.9024537362399225,7.9,Motorcycle,23,-2.0874923137574957,High,Clear,Mumbra,-0.7061187728496915,True
TW104271,2026-07-03 19:20:00,2026-07-03 19:31:30,-0.2634455726237149,11.5,Motorcycle,31,-0.26027641787001443,Medium,Clear,Bhandup,-0.9218150292777434,True
TW100362,2026-07-02 19:43:00,2026-07-02 19:47:00,-1.35212614767355,4.0,Motorcycle,32,-0.5213072601396559,Low,Clear,Vashi,-0.3414893869832226,True
TW100579,2026-07-11 05:59:00,2026-07-11 06:03:00,-1.2929587251164938,4.0,Motorcycle,33,0.0007544243996247222,Medium,Clear,Ghodbunder Road,0.20802250439300488,True
TW103392,2026-07-29 18:23:00,2026-07-29 18:49:36,1.7403578046419241,26.6,Scooter,33,0.7838469512085445,Medium,Overcast,Navi Mumbai,-0.37743876305456464,False
TW104004,2026-07-20 02:39:00,2026-07-20 02:49:12,-0.5829496544318187,10.2,Scooter,42,-0.5213072601396559,Medium,Clear,Dombivli,0.7780768963814279,True
TW103458,2026-07-10 15:45:00,2026-07-10 15:55:48,-0.224000624252344,10.8,Electric Scooter,24,1.8279703202871058,Low,Clear,Mumbra,0.8294331479119164,True
TW104637,2026-07-20 09:49:00,2026-07-20 10:00:00,-1.2219578180480262,11.0,Motorcycle,30,1.044877793478186,Medium,Overcast,Thane West,-0.9218150292777434,True
TW104653,2026-07-24 18:31:00,2026-07-24 18:35:00,-1.0799560039110911,4.0,Motorcycle,27,0.2617852666692662,Medium,Clear,Kalyan,2.8477338330601167,True
TW102140,2026-07-28 05:48:00,2026-07-28 06:05:30,0.5333423844779763,17.5,Motorcycle,20,0.0007544243996247222,High,Clear,Kalyan,-0.4442018900441998,True
TW100467,2026-07-11 07:01:00,2026-07-11 07:17:54,1.1289611048856758,16.9,Scooter,30,1.044877793478186,Low,Clear,Bhandup,-0.5571856434112746,True
TW104507,2026-07-10 09:05:00,2026-07-10 09:22:36,1.330130341579667,17.6,Motorcycle,20,1.3059086357478251,Low,Clear,Mumbra,1.1427062822478966,True
TW103673,2026-07-02 18:16:00,2026-07-02 18:34:12,0.7384561160091045,18.2,Scooter,37,1.3059086357478251,High,Clear,Bhandup,1.4148944153594862,True
TW103729,2026-07-28 01:18:00,2026-07-28 01:23:18,-1.1982908490252038,5.3,Motorcycle,19,-0.7823381024092951,Medium,Clear,Vashi,-0.5623212685643234,True
TW100247,2026-07-28 20:52:00,2026-07-28 21:12:06,0.9475143423773701,20.1,Electric Scooter,34,-1.0433689446789354,Low,Overcast,Ghodbunder Road,2.955581961274143,True
TW103725,2026-07-26 09:18:00,2026-07-26 09:23:00,-0.6342280873146008,5.0,Scooter,28,-0.26027641787001443,High,Rain,Navi Mumbai,1.5638275447979029,True
TW104981,2026-07-26 03:55:00,2026-07-26 04:09:00,0.564898343175073,14.0,Scooter,28,-0.5213072601396559,Medium,Clear,Dombivli,-0.23364125876919664,True
TW104122,2026-07-21 06:58:00,2026-07-21 07:12:18,0.5451758689893873,14.3,Motorcycle,44,0.2617852666692662,Medium,Overcast,Mumbra,-0.6444912710131051,True
TW100965,2026-07-08 06:21:00,2026-07-08 06:39:36,0.5451758689893873,18.6,Motorcycle,37,-0.5213072601396559,High,Clear,Bhandup,0.033411249189343864,True
TW103136,2026-07-23 21:30:00,2026-07-23 21:54:18,1.282796403534022,24.3,Scooter,38,-0.5213072601396559,Medium,Clear,Mulund,-0.793424400451522,True
TW104665,2026-07-11 15:48:00,2026-07-11 16:09:00,0.7581785901947898,21.0,Electric Scooter,33,1.3059086357478251,Medium,Clear,Airoli,-0.8345094016759128,True
TW102962,2026-07-12 23:51:00,2026-07-12 23:55:12,-0.6342280873146008,4.2,Scooter,29,-0.7823381024092951,Medium,Clear,Thane West,-0.18742063239175702,True
TW104616,2026-07-17 15:49:00,2026-07-17 16:02:54,0.0008355814644697468,13.9,Motorcycle,37,-0.26027641787001443,Low,Clear,Vashi,-0.6753050219313983,True
TW100530,2026-07-17 14:16:00,2026-07-17 14:20:00,-0.7131179840573423,4.0,Motorcycle,37,1.8279703202871058,Low,Clear,Thane West,-0.8755944029003037,True
TW101065,2026-07-23 18:49:00,2026-07-23 19:09:12,1.0066817649344262,20.2,Motorcycle,29,0.0007544243996247222,Medium,Rain,Thane West,-0.8036956507576197,True
TW102448,2026-07-22 18:08:00,2026-07-22 18:35:00,0.572787332849347,27.0,Scooter,24,0.2617852666692662,High,Clear,Vashi,-0.6547625213192029,False
TW100799,2026-07-29 07:39:00,2026-07-29 07:43:00,-0.9340096949370192,4.0,Scooter,27,1.3059086357478251,Medium,Rain,Mumbra,1.7692525509198573,True
TW100710,2026-07-24 23:31:00,2026-07-24 23:35:42,-0.413336376434924,4.7,Motorcycle,36,-1.0433689446789354,Medium,Rain,Mulund,-0.5366431427990792,True
TW103019,2026-07-13 04:54:00,2026-07-13 05:09:48,0.2848392097383397,15.8,Motorcycle,25,0.5228161089389054,Medium,Overcast,Vashi,-0.8447806519820106,True
TW102776,2026-07-20 03:52:00,2026-07-20 04:16:54,2.550951493673595,24.9,Scooter,24,-0.26027641787001443,High,Clear,Airoli,-0.9218150292777434,True
TW101407,2026-07-07 03:01:00,2026-07-07 03:15:36,0.20200481815846094,14.6,Electric Scooter,36,0.5228161089389054,Medium,Rain,Thane West,0.033411249189343864,True
TW104964,2026-07-18 15:04:00,2026-07-18 15:20:00,-0.0583318410925863,16.0,Scooter,25,0.0007544243996247222,Low,Rain,Thane West,-0.31067563606492954,True
TW103087,2026-07-19 02:19:00,2026-07-19 02:39:00,0.8331239921003946,20.0,Motorcycle,38,-1.3043997869485757,Low,Overcast,Mumbra,3.86458761336379,True
TW103099,2026-07-01 10:21:00,2026-07-01 10:28:30,-0.23583410876375516,7.5,Scooter,40,0.0007544243996247222,Medium,Clear,Mulund,-0.8550519022881081,True
TW101947,2026-07-19 03:34:00,2026-07-19 03:38:00,-0.9931771174940752,4.0,Motorcycle,23,1.044877793478186,Medium,Clear,Vashi,-0.4955581415746883,True
TW101068,2026-07-16 02:25:00,2026-07-16 02:46:36,1.1131831255371276,21.6,Motorcycle,24,-0.7823381024092951,Medium,Clear,Dombivli,1.6357262969405868,True
TW102994,2026-07-30 09:14:00,2026-07-30 09:24:18,0.8686244456346283,10.3,Scooter,36,0.0007544243996247222,Medium,Rain,Ghodbunder Road,0.007733123424099449,True
TW101308,2026-07-10 07:45:00,2026-07-10 08:02:12,0.7069001573120078,17.2,Motorcycle,22,0.0007544243996247222,Medium,Overcast,Vashi,2.195509438622912,True
TW100414,2026-07-20 12:17:00,2026-07-20 12:34:18,0.9475143423773701,17.3,Scooter,35,0.7838469512085445,Low,Clear,Dombivli,-0.41338813912590666,True
TW101007,2026-07-25 18:26:00,2026-07-25 18:33:18,-1.1430679213052846,7.3,Scooter,40,-0.7823381024092951,Medium,Clear,Airoli,1.6357262969405868,True
TW104777,2026-07-27 23:09:00,2026-07-27 23:19:06,-0.25950107778657766,10.1,Motorcycle,20,1.044877793478186,High,Clear,Bhandup,-0.7420681489210333,True
TW101311,2026-07-14 19:37:00,2026-07-14 19:45:30,-0.6815620253602458,8.5,Scooter,23,-0.26027641787001443,High,Rain,Dombivli,1.1016212810235058,True
TW104448,2026-07-09 22:43:00,2026-07-09 22:57:30,-0.030720377232626953,14.5,Motorcycle,28,1.5669394780174666,High,Clear,Mumbra,0.04881812464849033,True
TW102078,2026-07-14 09:11:00,2026-07-14 09:24:00,-0.3107795106693599,13.0,Electric Scooter,41,0.0007544243996247222,High,Overcast,Bhandup,-0.9218150292777434,True
TW102209,2026-07-10 11:20:00,2026-07-10 11:38:00,1.0461267133057972,18.0,Scooter,32,-0.26027641787001443,High,Clear,Ghodbunder Road,-0.9115437789716456,True
TW101949,2026-07-10 13:57:00,2026-07-10 14:01:54,-1.1509569109795588,4.9,Scooter,22,0.0007544243996247222,High,Clear,Bhandup,-0.8755944029003037,True
TW102004,2026-07-01 19:35:00,2026-07-01 19:46:42,0.5057309206180166,11.7,Electric Scooter,20,-0.7823381024092951,Medium,Clear,Dombivli,2.190373813469863,True
TW100832,2026-07-14 02:42:00,2026-07-14 02:46:42,-0.8038413653114954,4.7,Motorcycle,38,-0.5213072601396559,High,Clear,Navi Mumbai,0.952688151585089,True
TW104444,2026-07-25 01:26:00,2026-07-25 01:54:30,2.1742522367270034,28.5,Motorcycle,31,0.5228161089389054,Low,Clear,Ghodbunder Road,-0.8242381513698152,False
TW104609,2026-07-29 19:38:00,2026-07-29 19:42:00,-1.3560706425106872,4.0,Scooter,23,-0.7823381024092951,High,Clear,Ghodbunder Road,0.1053100013320279,True
TW103787,2026-07-09 18:35:00,2026-07-09 18:49:18,0.20989380783273529,14.3,Scooter,20,0.2617852666692662,High,Clear,Airoli,-0.5879993943295678,True
TW104482,2026-07-21 17:19:00,2026-07-21 17:29:06,-0.46461480931770605,10.1,Motorcycle,41,-1.0433689446789354,Low,Clear,Kalyan,0.5315668890350828,True
TW104120,2026-07-22 18:43:00,2026-07-22 19:05:18,0.1112814369043082,22.3,Scooter,40,-0.5213072601396559,Low,Clear,Mumbra,-0.11552188024907296,True
TW100137,2026-07-06 16:59:00,2026-07-06 17:06:12,-0.8511753033571403,7.2,Scooter,25,0.0007544243996247222,Medium,Rain,Mulund,-0.7574750243801799,True
TW101102,2026-07-26 22:48:00,2026-07-26 22:52:00,-1.1588459006538328,4.0,Motorcycle,22,-0.7823381024092951,Low,Rain,Airoli,-0.5520500182582256,True
TW104474,2026-07-20 19:17:00,2026-07-20 19:22:48,-1.0996784780967768,5.8,Scooter,41,0.2617852666692662,Low,Clear,Thane West,-0.5931350194826165,True
TW100161,2026-07-27 18:21:00,2026-07-27 18:26:18,-0.6342280873146008,5.3,Scooter,44,1.044877793478186,Medium,Clear,Kalyan,-0.23364125876919664,True
TW103983,2026-07-06 14:17:00,2026-07-06 14:34:06,1.0224597442829744,17.1,Electric Scooter,29,0.2617852666692662,High,Clear,Navi Mumbai,-0.9218150292777434,True
TW100778,2026-07-15 16:31:00,2026-07-15 16:37:42,-1.1351789316310104,6.7,Electric Scooter,30,0.0007544243996247222,Medium,Rain,Ghodbunder Road,-0.03848750295334018,True
TW103224,2026-07-12 04:05:00,2026-07-12 04:11:06,-1.2929587251164938,6.1,Scooter,31,-0.5213072601396559,Low,Clear,Mumbra,1.0913500307174082,True
TW101336,2026-07-29 23:54:00,2026-07-30 00:15:30,1.3537973106024899,21.5,Electric Scooter,24,-1.0433689446789354,Low,Clear,Thane West,-0.9064081538185967,True
TW102853,2026-07-22 05:22:00,2026-07-22 05:34:24,-0.1214437584867797,12.4,Scooter,42,0.0007544243996247222,Medium,Clear,Dombivli,-0.4955581415746883,True
TW102582,2026-07-16 00:59:00,2026-07-16 01:08:06,0.2690612303897917,9.1,Scooter,37,0.0007544243996247222,Medium,Rain,Airoli,0.8499756485241119,True
TW100670,2026-07-14 12:30:00,2026-07-14 12:35:18,-0.882731262054237,5.3,Motorcycle,25,-0.5213072601396559,High,Clear,Mumbra,0.9475525264320401,True
TW101481,2026-07-29 06:46:00,2026-07-29 07:07:06,0.628010260569266,21.1,Scooter,43,-0.26027641787001443,Low,Clear,Mulund,-0.32094688637102714,True
TW103533,2026-07-19 21:27:00,2026-07-19 21:37:30,-0.7210069737316165,10.5,Motorcycle,36,1.8279703202871058,High,Clear,Airoli,-0.14120000601431726,True
TW102418,2026-07-14 14:04:00,2026-07-14 14:16:18,-0.224000624252344,12.3,Motorcycle,25,-1.0433689446789354,Low,Rain,Navi Mumbai,0.30046375714788437,True
TW103032,2026-07-28 06:34:00,2026-07-28 06:38:42,-1.1825128696766554,4.7,Scooter,43,-2.6095539982967764,Medium,Clear,Kalyan,-0.2130987581570012,True
TW104273,2026-07-14 16:37:00,2026-07-14 16:48:54,-0.4251698609463352,11.9,Scooter,28,0.0007544243996247222,Medium,Overcast,Dombivli,-0.7882887752984731,True
TW103581,2026-07-10 08:23:00,2026-07-10 08:48:06,2.550951493673595,25.1,Scooter,27,0.2617852666692662,Low,Clear,Vashi,0.9116031503606982,False
TW104572,2026-07-13 21:15:00,2026-07-13 21:31:48,0.45050799289809756,16.8,Scooter,34,-0.26027641787001443,High,Clear,Vashi,-0.7780175249923754,True
TW103156,2026-07-10 14:02:00,2026-07-10 14:11:54,-0.5868941492689557,9.9,Scooter,25,-0.26027641787001443,High,Clear,Kalyan,-0.9218150292777434,True
TW101045,2026-07-06 14:36:00,2026-07-06 14:47:18,-0.7288959634058907,11.3,Scooter,29,1.044877793478186,Medium,Clear,Navi Mumbai,-0.1360643808612684,True
TW100913,2026-07-27 21:25:00,2026-07-27 21:37:24,-0.030720377232626953,12.4,Scooter,25,-0.7823381024092951,Low,Rain,Vashi,-0.6958475225435937,True
TW102085,2026-07-13 18:30:00,2026-07-13 18:46:18,0.1428373956014049,16.3,Electric Scooter,37,1.044877793478186,Medium,Overcast,Ghodbunder Road,-0.4647443906563951,True
TW103864,2026-07-30 07:16:00,2026-07-30 07:20:00,-0.9852881278198012,4.0,Scooter,28,-0.26027641787001443,Medium,Overcast,Bhandup,-0.5623212685643234,True
TW101346,2026-07-17 11:50:00,2026-07-17 11:54:00,-0.9734546433083899,4.0,Scooter,39,0.5228161089389054,High,Rain,Ghodbunder Road,0.04881812464849033,True
TW103744,2026-07-28 19:29:00,2026-07-28 19:36:12,-0.9024537362399225,7.2,Motorcycle,26,-0.7823381024092951,High,Rain,Airoli,-0.8036956507576197,True
TW101626,2026-07-04 05:33:00,2026-07-04 05:45:54,-0.8275083343343178,12.9,Motorcycle,37,-1.8264614714878553,Medium,Clear,Dombivli,-0.5931350194826165,True
TW104369,2026-07-15 10:13:00,2026-07-15 10:24:42,-0.8985092414027853,11.7,Motorcycle,43,0.0007544243996247222,High,Clear,Airoli,-0.6753050219313983,True
TW104540,2026-07-02 13:09:00,2026-07-02 13:43:18,2.550951493673595,34.3,Scooter,21,-1.3043997869485757,Low,Clear,Vashi,0.48534626265764313,False
TW100266,2026-07-11 07:41:00,2026-07-11 07:47:48,-0.6855065201973828,6.8,Motorcycle,25,1.3059086357478251,Medium,Rain,Ghodbunder Road,-0.6650337716253005,True
TW102006,2026-07-05 05:47:00,2026-07-05 05:51:24,-1.4112935702306064,4.4,Motorcycle,36,0.5228161089389054,Low,Overcast,Ghodbunder Road,-0.37743876305456464,True
TW103245,2026-07-12 06:34:00,2026-07-12 06:40:54,-0.2476675932751665,6.9,Motorcycle,40,0.2617852666692662,Medium,Clear,Mulund,-0.07443687902468209,True
TW100881,2026-07-21 15:06:00,2026-07-21 15:24:24,0.3440066322953961,18.4,Scooter,34,0.0007544243996247222,High,Overcast,Mulund,0.30559938230093314,True
TW101723,2026-07-18 13:31:00,2026-07-18 13:41:30,-0.8314528291714549,10.5,Electric Scooter,24,0.0007544243996247222,Medium,Rain,Bhandup,-0.5623212685643234,True
TW103180,2026-07-24 13:08:00,2026-07-24 13:19:00,0.3716180961553558,11.0,Scooter,29,-0.5213072601396559,Low,Rain,Thane West,1.1991981589314342,True
TW100684,2026-07-12 20:07:00,2026-07-12 20:19:24,-0.31472400550649693,12.4,Scooter,37,-2.348523156027136,High,Clear,Thane West,-0.11552188024907296,True
TW102183,2026-07-30 15:37:00,2026-07-30 15:42:18,-0.7170624788944795,5.3,Scooter,27,-0.5213072601396559,Medium,Clear,Vashi,-0.3158112612179784,True
TW102288,2026-07-09 01:06:00,2026-07-09 01:17:24,-0.04649835658117531,11.4,Motorcycle,29,-0.7823381024092951,Medium,Rain,Thane West,0.8756537742893563,True
TW102785,2026-07-09 11:17:00,2026-07-09 11:21:18,-1.2771807457679454,4.3,Electric Scooter,40,-1.0433689446789354,High,Rain,Kalyan,1.7641169257668081,True
TW101245,2026-07-18 04:07:00,2026-07-18 04:19:36,-0.43305885062060934,12.6,Scooter,29,-0.5213072601396559,Medium,Clear,Bhandup,0.5880587657186204,True
TW100071,2026-07-16 09:56:00,2026-07-16 10:11:30,0.6437882399178144,15.5,Scooter,37,-1.3043997869485757,Medium,Rain,Ghodbunder Road,-0.6136775200948119,True
TW103834,2026-07-03 22:35:00,2026-07-03 23:00:48,1.1407945893970872,25.8,Electric Scooter,41,-1.0433689446789354,Low,Clear,Bhandup,-0.18228500723870816,False
TW100124,2026-07-05 10:20:00,2026-07-05 10:38:48,0.26117224071551737,18.8,Scooter,24,1.044877793478186,High,Clear,Airoli,1.7589813006137593,True
TW101522,2026-07-23 16:24:00,2026-07-23 16:28:00,-0.9418986846112932,4.0,Scooter,36,-0.26027641787001443,Medium,Rain,Mulund,-0.4339306397381021,True
TW101476,2026-07-15 17:29:00,2026-07-15 17:33:00,-1.06812251939968,4.0,Motorcycle,38,0.2617852666692662,Low,Clear,Navi Mumbai,0.1566662528625163,True
TW104649,2026-07-24 03:00:00,2026-07-24 03:19:12,0.9356808578659587,19.2,Scooter,21,-0.26027641787001443,Medium,Clear,Ghodbunder Road,-0.6085418949417631,True
TW102337,2026-07-05 10:32:00,2026-07-05 10:39:30,-0.7210069737316165,7.5,Scooter,28,1.3059086357478251,Low,Rain,Thane West,0.9167387755137469,True
TW100085,2026-07-27 17:02:00,2026-07-27 17:26:30,1.2591294345111996,24.5,Scooter,27,-0.26027641787001443,High,Overcast,Vashi,1.070807530105213,True
TW102063,2026-07-27 09:27:00,2026-07-27 09:32:24,-0.9182317155884708,5.4,Motorcycle,43,0.5228161089389054,High,Clear,Dombivli,-0.9218150292777434,True
TW102134,2026-07-04 09:36:00,2026-07-04 09:41:30,-0.3423354693664564,5.5,Scooter,42,-0.5213072601396559,Low,Clear,Mulund,-0.9218150292777434,True
TW101472,2026-07-01 09:19:00,2026-07-01 09:31:54,-0.1806111810438361,12.9,Motorcycle,28,0.2617852666692662,Medium,Clear,Mumbra,0.4083118853619103,True
TW100075,2026-07-09 18:12:00,2026-07-09 18:16:00,-1.0878449935853653,4.0,Motorcycle,28,-0.5213072601396559,Low,Overcast,Kalyan,-0.3671675127484669,True
TW103081,2026-07-14 03:04:00,2026-07-14 03:13:00,0.23356077685555765,9.0,Scooter,19,-2.0874923137574957,Low,Clear,Dombivli,0.99377315280948,True
TW103086,2026-07-29 02:20:00,2026-07-29 02:36:30,0.32033966327257374,16.5,Scooter,36,0.5228161089389054,Medium,Clear,Airoli,1.2197406595436298,True
TW102256,2026-07-27 21:42:00,2026-07-27 22:11:30,1.23151797065124,29.5,Scooter,25,-0.7823381024092951,Medium,Overcast,Mumbra,0.9578237767381378,False
TW103904,2026-07-07 02:04:00,2026-07-07 02:13:36,0.7581785901947898,9.6,Motorcycle,41,1.8279703202871058,Medium,Clear,Airoli,-0.6085418949417631,True
TW102025,2026-07-05 00:46:00,2026-07-05 00:58:54,0.572787332849347,12.9,Electric Scooter,37,-1.0433689446789354,Medium,Clear,Airoli,-0.12065750540212183,True
TW103300,2026-07-26 23:51:00,2026-07-26 23:55:00,-0.740729447917302,4.0,Electric Scooter,20,-0.26027641787001443,Low,Clear,Mumbra,0.3672268841375194,True
TW103446,2026-07-05 07:36:00,2026-07-05 07:51:24,0.1822823439727756,15.4,Scooter,27,-0.26027641787001443,Medium,Rain,Kalyan,-0.24391250907529435,True
TW103804,2026-07-09 14:57:00,2026-07-09 15:07:42,-0.8117303549857694,10.7,Scooter,27,0.5228161089389054,Low,Clear,Navi Mumbai,1.5689631699509516,True
TW103984,2026-07-30 11:41:00,2026-07-30 11:51:00,0.008724571138744096,10.0,Electric Scooter,25,-1.8264614714878553,High,Clear,Airoli,0.16180187801556525,True
TW102665,2026-07-13 18:06:00,2026-07-13 18:16:00,0.12311492141571954,10.0,Motorcycle,36,-1.8264614714878553,High,Rain,Dombivli,-0.3004043857588318,True
TW103369,2026-07-20 13:52:00,2026-07-20 14:07:12,0.9435698475402331,15.2,Scooter,42,1.044877793478186,Medium,Clear,Airoli,0.47507501235154537,True
TW101815,2026-07-06 20:51:00,2026-07-06 20:58:36,-0.2950015313208116,7.6,Scooter,24,1.8279703202871058,High,Clear,Bhandup,-0.8755944029003037,True
TW102437,2026-07-05 03:34:00,2026-07-05 03:42:24,-0.6145056131289152,8.4,Motorcycle,43,1.5669394780174666,Medium,Overcast,Bhandup,-0.31067563606492954,True
TW101942,2026-07-10 14:26:00,2026-07-10 14:30:00,-0.9971216123312124,4.0,Electric Scooter,28,-0.26027641787001443,Low,Clear,Kalyan,-0.38771001336066235,True
TW100940,2026-07-21 20:02:00,2026-07-21 20:14:12,-0.13327724299819105,12.2,Scooter,42,1.3059086357478251,Low,Rain,Navi Mumbai,0.06422500010763703,True
TW104198,2026-07-29 19:10:00,2026-07-29 19:31:12,2.3754214734209946,21.2,Motorcycle,38,1.8279703202871058,Low,Clear,Airoli,-0.6598981464722518,True
TW100628,2026-07-28 23:26:00,2026-07-28 23:39:24,-0.3107795106693599,13.4,Scooter,32,0.7838469512085445,Medium,Overcast,Thane West,0.6445506424021576,True
TW100182,2026-07-01 09:04:00,2026-07-01 09:15:48,-0.44094784029488354,11.8,Scooter,41,-1.3043997869485757,High,Overcast,Bhandup,-0.9218150292777434,True
TW103586,2026-07-11 03:53:00,2026-07-11 03:57:00,-0.7170624788944795,4.0,Electric Scooter,42,0.2617852666692662,High,Rain,Thane West,2.2982219416838894,True
TW102832,2026-07-01 08:48:00,2026-07-01 08:57:12,0.13889290076426788,9.2,Scooter,31,1.044877793478186,High,Clear,Airoli,-0.7266612734618869,True
TW103070,2026-07-06 20:24:00,2026-07-06 20:28:00,-0.40544738676064984,4.0,Motorcycle,32,-0.26027641787001443,Medium,Clear,Vashi,0.598330016024718,True
TW101525,2026-07-25 06:29:00,2026-07-25 06:35:48,-0.14511072750960222,6.8,Motorcycle,21,0.0007544243996247222,Low,Overcast,Kalyan,2.1801025631637656,True
TW100259,2026-07-22 03:02:00,2026-07-22 03:06:30,-0.3226129951807711,4.5,Electric Scooter,38,1.044877793478186,Low,Clear,Thane West,-0.5571856434112746,True
TW100680,2026-07-29 09:03:00,2026-07-29 09:11:48,-0.026775882395489604,8.8,Scooter,35,-2.0874923137574957,High,Clear,Mumbra,0.1053100013320279,True
TW101597,2026-07-25 16:26:00,2026-07-25 16:37:42,-0.4764482938291174,11.7,Motorcycle,28,0.0007544243996247222,Medium,Rain,Kalyan,-0.5725925188704211,True
TW103667,2026-07-12 21:16:00,2026-07-12 21:37:42,1.9375825464987784,21.7,Scooter,44,0.2617852666692662,High,Clear,Mumbra,1.8514225533686386,True
TW101881,2026-07-05 01:29:00,2026-07-05 01:48:06,0.11917042657858219,19.1,Scooter,32,0.2617852666692662,Low,Clear,Navi Mumbai,-0.860187527441157,True
TW104499,2026-07-16 11:56:00,2026-07-16 12:00:00,-1.1825128696766554,4.0,Motorcycle,36,-1.565430629218215,High,Clear,Mulund,-0.5879993943295678,True
TW101258,2026-07-08 19:41:00,2026-07-08 19:46:42,-0.8156748498229066,5.7,Motorcycle,44,0.0007544243996247222,Medium,Rain,Mulund,0.6702287681674018,True
TW101821,2026-07-18 09:34:00,2026-07-18 09:46:06,0.2927281994126141,12.1,Scooter,20,1.5669394780174666,High,Overcast,Vashi,-0.8550519022881081,True
TW104012,2026-07-17 18:30:00,2026-07-17 18:45:54,0.26511673555265436,15.9,Motorcycle,24,-1.0433689446789354,High,Overcast,Bhandup,0.346684383525324,True
TW104146,2026-07-10 00:53:00,2026-07-10 01:01:12,-0.8117303549857694,8.2,Motorcycle,24,-2.348523156027136,Low,Rain,Dombivli,0.593194390871669,True
TW102966,2026-07-03 10:11:00,2026-07-03 10:35:18,2.241308648958334,24.3,Scooter,22,-2.348523156027136,Medium,Clear,Kalyan,0.7934837718405745,True
TW102398,2026-07-19 23:57:00,2026-07-20 00:04:06,0.1507263852756789,7.1,Scooter,22,0.2617852666692662,High,Clear,Navi Mumbai,-0.9218150292777434,True
TW101536,2026-07-18 10:04:00,2026-07-18 10:16:24,0.620121270894992,12.4,Scooter,24,-1.8264614714878553,Low,Overcast,Kalyan,-0.8499162771350594,True
TW103324,2026-07-11 11:29:00,2026-07-11 12:02:42,2.3872549579324054,33.7,Motorcycle,26,1.044877793478186,Medium,Clear,Navi Mumbai,-0.9218150292777434,False
TW100081,2026-07-04 01:05:00,2026-07-04 01:09:00,-0.9695101484712529,4.0,Scooter,25,-0.26027641787001443,High,Overcast,Vashi,-0.8088312759106685,True
TW101216,2026-07-02 01:27:00,2026-07-02 01:46:06,0.4347300135495492,19.1,Electric Scooter,34,-1.565430629218215,Low,Clear,Navi Mumbai,0.25937875592349346,True
TW100565,2026-07-26 03:45:00,2026-07-26 03:49:06,-0.9852881278198012,4.1,Motorcycle,20,1.5669394780174666,Medium,Clear,Kalyan,-0.8036956507576197,True
TW102738,2026-07-22 14:05:00,2026-07-22 14:20:42,0.48600844643233126,15.7,Scooter,43,-0.26027641787001443,Medium,Clear,Vashi,-0.3158112612179784,True
TW101835,2026-07-24 04:54:00,2026-07-24 05:04:36,0.3282286529468478,10.6,Scooter,25,1.8279703202871058,Low,Clear,Navi Mumbai,-0.9218150292777434,True
TW101432,2026-07-11 13:37:00,2026-07-11 14:08:18,2.1269182986813577,31.3,Scooter,20,-0.5213072601396559,Medium,Rain,Dombivli,0.45453251173934994,False
TW100457,2026-07-26 03:57:00,2026-07-26 04:11:36,0.20200481815846094,14.6,Motorcycle,38,-0.5213072601396559,Low,Overcast,Airoli,-0.35689626244236916,True
TW104552,2026-07-20 22:11:00,2026-07-20 22:29:48,-0.24372309843802933,18.8,Scooter,32,0.5228161089389054,Medium,Clear,Vashi,1.214605034390581,True
TW102872,2026-07-18 09:44:00,2026-07-18 09:52:12,-0.5316712215490365,8.2,Motorcycle,20,0.5228161089389054,Medium,Rain,Airoli,-0.7626106495332288,True
TW103676,2026-07-05 17:25:00,2026-07-05 17:37:36,0.9120138888431364,12.6,Scooter,44,-0.5213072601396559,High,Clear,Dombivli,-0.9218150292777434,True
TW104591,2026-07-27 16:43:00,2026-07-27 17:22:30,2.550951493673595,39.5,Motorcycle,37,-1.8264614714878553,Medium,Clear,Thane West,-0.6188131452478608,False
TW101380,2026-07-11 05:09:00,2026-07-11 05:37:18,2.1269182986813577,28.3,Electric Scooter,40,1.5669394780174666,High,Rain,Kalyan,-0.8499162771350594,False
TW104697,2026-07-21 05:17:00,2026-07-21 05:46:24,2.0164724432415198,29.4,Scooter,28,-0.7823381024092951,Low,Clear,Mumbra,0.3107350074539821,False
TW101178,2026-07-04 13:30:00,2026-07-04 13:34:00,-1.1509569109795588,4.0,Motorcycle,23,0.5228161089389054,Low,Clear,Ghodbunder Road,-0.5520500182582256,True
TW104917,2026-07-03 22:20:00,2026-07-03 22:51:12,0.9435698475402331,31.2,Scooter,35,0.5228161089389054,Medium,Clear,Vashi,-0.7163900231557891,False
TW100887,2026-07-21 02:56:00,2026-07-21 03:16:54,0.0442250246729778,20.9,Motorcycle,33,0.7838469512085445,High,Clear,Airoli,0.16180187801556525,True
TW101728,2026-07-07 14:22:00,2026-07-07 14:26:00,-1.399460085719195,4.0,Scooter,30,0.0007544243996247222,Medium,Clear,Bhandup,-0.9218150292777434,True
TW104449,2026-07-20 04:56:00,2026-07-20 05:10:48,0.0521140143472518,14.8,Scooter,27,0.5228161089389054,High,Clear,Airoli,-0.37230313790151576,True
TW103905,2026-07-28 03:47:00,2026-07-28 03:55:18,-0.4212253661091982,8.3,Scooter,29,-0.7823381024092951,Low,Clear,Mulund,-0.9064081538185967,True
TW104255,2026-07-26 08:51:00,2026-07-26 08:55:00,-0.6342280873146008,4.0,Motorcycle,42,0.2617852666692662,High,Clear,Vashi,2.2160519392351072,True
TW102547,2026-07-15 14:33:00,2026-07-15 14:46:18,-0.2200561294152068,13.3,Scooter,36,1.5669394780174666,Medium,Overcast,Navi Mumbai,-0.20796313300395233,True
TW101486,2026-07-30 12:12:00,2026-07-30 12:17:54,-1.06812251939968,5.9,Electric Scooter,33,0.2617852666692662,Medium,Rain,Thane West,-0.8447806519820106,True
TW103106,2026-07-29 00:15:00,2026-07-29 00:29:30,0.5096754154551536,14.5,Motorcycle,36,0.5228161089389054,High,Overcast,Thane West,-0.9218150292777434,True
TW104978,2026-07-28 06:35:00,2026-07-28 06:49:12,0.0718364885329375,14.2,Motorcycle,24,1.044877793478186,High,Clear,Vashi,-0.7626106495332288,True
TW103566,2026-07-16 03:03:00,2026-07-16 03:20:00,0.06394749885866315,17.0,Scooter,21,-1.565430629218215,High,Clear,Dombivli,-0.6136775200948119,True
TW102442,2026-07-20 06:03:00,2026-07-20 06:08:18,-0.6657840460116974,5.3,Scooter,22,-0.26027641787001443,Low,Clear,Dombivli,0.7832125215344767,True
TW102352,2026-07-10 04:17:00,2026-07-10 04:26:54,-0.003108913372667253,9.9,Motorcycle,32,-0.7823381024092951,Low,Clear,Bhandup,-0.6650337716253005,True
TW100309,2026-07-29 19:43:00,2026-07-29 19:47:00,-1.1904018593509296,4.0,Electric Scooter,35,-1.0433689446789354,High,Clear,Airoli,0.3980406350558126,True
TW104760,2026-07-10 14:34:00,2026-07-10 14:39:30,-0.3896694074121015,5.5,Electric Scooter,40,1.044877793478186,Low,Clear,Ghodbunder Road,0.22856500500520033,True
TW100558,2026-07-29 11:45:00,2026-07-29 11:55:12,0.1704488594613646,10.2,Scooter,40,1.8279703202871058,Medium,Clear,Dombivli,-0.8550519022881081,True
TW102896,2026-07-14 02:39:00,2026-07-14 02:44:24,-0.6697285408488345,5.4,Scooter,33,1.5669394780174666,Medium,Overcast,Kalyan,-0.9218150292777434,True
TW100269,2026-07-23 02:21:00,2026-07-23 02:38:18,1.1013496410257162,17.3,Scooter,29,-0.7823381024092951,Low,Clear,Airoli,-0.5725925188704211,True
TW100484,2026-07-16 08:30:00,2026-07-16 08:43:00,0.19411582848418696,13.0,Motorcycle,36,-0.7823381024092951,Medium,Clear,Mulund,-0.9218150292777434,True
TW104453,2026-07-24 04:18:00,2026-07-24 04:29:18,-0.3778359229006903,11.3,Motorcycle,36,-1.0433689446789354,Low,Clear,Kalyan,-0.6444912710131051,True
TW103816,2026-07-05 20:05:00,2026-07-05 20:09:00,-0.788063385962947,4.0,Scooter,20,-2.348523156027136,Low,Clear,Thane West,-0.1771493820856593,True
TW100951,2026-07-10 11:20:00,2026-07-10 11:26:06,-0.7367849530801648,6.1,Electric Scooter,28,1.044877793478186,Low,Clear,Airoli,3.433195100507686,True
TW100636,2026-07-24 00:14:00,2026-07-24 00:29:30,1.0816271668400308,15.5,Scooter,28,0.2617852666692662,Medium,Clear,Thane West,-0.31067563606492954,True
TW102404,2026-07-28 07:07:00,2026-07-28 07:23:24,-0.10961027397536871,16.4,Motorcycle,24,0.5228161089389054,Low,Clear,Ghodbunder Road,0.0950387510259302,True
TW100370,2026-07-25 11:30:00,2026-07-25 11:35:54,-0.7998968704743582,5.9,Scooter,22,0.0007544243996247222,Medium,Clear,Kalyan,3.1404644667839015,True
TW101238,2026-07-24 09:24:00,2026-07-24 09:37:36,0.17439335429850158,13.6,Scooter,19,-0.5213072601396559,Low,Clear,Kalyan,-0.7163900231557891,True
TW101656,2026-07-17 19:51:00,2026-07-17 20:16:48,1.0342932287943858,25.8,Scooter,24,0.2617852666692662,Medium,Rain,Ghodbunder Road,-0.15660688147346385,False
TW100116,2026-07-11 13:18:00,2026-07-11 13:30:30,-0.7328404582430278,12.5,Scooter,32,0.0007544243996247222,Low,Clear,Airoli,0.7113137693917927,True
TW102309,2026-07-18 05:36:00,2026-07-18 05:40:54,-1.1233454471195992,4.9,Scooter,30,-0.5213072601396559,Medium,Rain,Navi Mumbai,-0.8755944029003037,True
TW104746,2026-07-16 15:06:00,2026-07-16 15:14:48,-0.42911435578347235,8.8,Electric Scooter,33,-1.8264614714878553,Medium,Rain,Bhandup,0.5007531381167898,True
TW103738,2026-07-25 06:33:00,2026-07-25 06:40:42,-1.1943463541880666,7.7,Motorcycle,29,1.8279703202871058,Medium,Rain,Vashi,1.312181912298509,True
TW103769,2026-07-11 18:16:00,2026-07-11 18:26:30,-0.16088870685815057,10.5,Motorcycle,22,1.3059086357478251,Low,Overcast,Airoli,0.08990312587288121,True
TW100922,2026-07-18 05:21:00,2026-07-18 05:25:00,-0.8117303549857694,4.0,Scooter,26,1.3059086357478251,Medium,Clear,Ghodbunder Road,-0.469880015809444,True
TW102542,2026-07-03 00:59:00,2026-07-03 01:03:48,-0.9931771174940752,4.8,Scooter,27,0.5228161089389054,Medium,Clear,Navi Mumbai,-0.17201375693261042,True
TW101062,2026-07-15 06:24:00,2026-07-15 06:28:30,-1.0602335297254057,4.5,Scooter,34,0.7838469512085445,Medium,Clear,Mumbra,-0.6650337716253005,True
TW100408,2026-07-15 16:13:00,2026-07-15 16:18:42,-0.20427815006665864,5.7,Scooter,28,1.8279703202871058,Low,Clear,Airoli,0.8448400233710631,True
TW101919,2026-07-27 21:44:00,2026-07-27 22:08:06,1.1171276203742646,24.1,Scooter,38,1.044877793478186,Medium,Rain,Vashi,-0.8242381513698152,True
TW103391,2026-07-15 21:37:00,2026-07-15 21:41:18,-0.8985092414027853,4.3,Scooter,27,-1.3043997869485757,Medium,Rain,Vashi,-0.9218150292777434,True
TW104054,2026-07-07 14:09:00,2026-07-07 14:24:24,-0.1806111810438361,15.4,Electric Scooter,34,-0.5213072601396559,Low,Clear,Ghodbunder Road,-0.31067563606492954,True
TW104807,2026-07-02 05:18:00,2026-07-02 05:22:00,-1.1509569109795588,4.0,Motorcycle,29,-0.26027641787001443,Medium,Rain,Dombivli,-0.9064081538185967,True
TW100224,2026-07-06 00:48:00,2026-07-06 00:53:18,-0.6105611182917782,5.3,Scooter,34,-0.7823381024092951,Medium,Clear,Mumbra,0.3980406350558126,True
TW102125,2026-07-01 16:54:00,2026-07-01 16:58:00,-1.0010661071683495,4.0,Motorcycle,20,-0.5213072601396559,Medium,Rain,Mumbra,-0.7112543980027402,True
TW101180,2026-07-06 17:41:00,2026-07-06 17:51:00,-0.3778359229006903,10.0,Motorcycle,31,1.044877793478186,High,Clear,Bhandup,-0.9218150292777434,True
TW101730,2026-07-01 22:51:00,2026-07-01 23:15:48,0.6635107141035002,24.8,Scooter,27,-0.5213072601396559,Low,Clear,Airoli,-0.9218150292777434,True
TW104183,2026-07-16 02:41:00,2026-07-16 02:51:24,-0.39755839708637564,10.4,Motorcycle,32,-0.26027641787001443,Low,Clear,Vashi,0.9629594018911868,True
TW103784,2026-07-15 14:54:00,2026-07-15 15:02:30,-0.7604519221029874,8.5,Scooter,32,1.5669394780174666,Low,Clear,Mulund,0.1772087534747117,True
TW102116,2026-07-13 11:23:00,2026-07-13 11:39:24,0.8212905075889833,16.4,Motorcycle,41,-0.5213072601396559,High,Clear,Dombivli,-0.8755944029003037,True
TW103575,2026-07-14 09:15:00,2026-07-14 09:21:30,-0.366002438389279,6.5,Scooter,29,1.8279703202871058,Low,Overcast,Ghodbunder Road,-0.9218150292777434,True
TW103997,2026-07-23 18:20:00,2026-07-23 18:33:48,0.6950666728005964,13.8,Scooter,32,-0.7823381024092951,High,Rain,Bhandup,-0.07443687902468209,True
TW102604,2026-07-07 19:50:00,2026-07-07 20:26:36,2.550951493673595,36.6,Scooter,29,1.044877793478186,High,Clear,Kalyan,1.7692525509198573,False
TW100632,2026-07-03 09:11:00,2026-07-03 09:15:00,-1.2732362509308082,4.0,Scooter,41,-0.26027641787001443,Low,Clear,Thane West,1.738438800001564,True
TW104734,2026-07-21 04:22:00,2026-07-21 04:36:12,1.661467907899182,14.2,Scooter,41,-0.26027641787001443,High,Overcast,Dombivli,-0.7677462746862777,True
TW100633,2026-07-27 17:16:00,2026-07-27 17:23:24,-0.5435047060604478,7.4,Scooter,34,-0.5213072601396559,High,Clear,Mulund,-0.8345094016759128,True
TW103040,2026-07-24 08:03:00,2026-07-24 08:30:36,1.7719137633390203,27.6,Scooter,28,0.0007544243996247222,Low,Overcast,Ghodbunder Road,0.5315668890350828,False
TW100039,2026-07-14 00:57:00,2026-07-14 01:07:18,-0.8275083343343178,10.3,Motorcycle,21,-0.5213072601396559,Medium,Clear,Navi Mumbai,0.5007531381167898,True
TW103007,2026-07-12 01:34:00,2026-07-12 01:46:54,-0.2161116345780698,12.9,Motorcycle,35,0.7838469512085445,Medium,Clear,Navi Mumbai,-0.37743876305456464,True
TW101403,2026-07-05 00:51:00,2026-07-05 01:01:30,-0.68945101503452,10.5,Scooter,39,0.5228161089389054,Medium,Clear,Kalyan,1.5689631699509516,True
TW102539,2026-07-07 15:19:00,2026-07-07 15:30:36,0.35978461164394443,11.6,Motorcycle,41,-1.0433689446789354,High,Overcast,Dombivli,0.4031762602088613,True
TW104462,2026-07-02 07:44:00,2026-07-02 07:48:54,-1.1075674677710508,4.9,Motorcycle,41,1.3059086357478251,Medium,Rain,Kalyan,-0.7061187728496915,True
TW102523,2026-07-07 08:55:00,2026-07-07 09:01:42,-1.304792209627905,6.7,Electric Scooter,32,-0.26027641787001443,High,Clear,Kalyan,-0.32094688637102714,True
TW103280,2026-07-16 13:22:00,2026-07-16 13:38:42,0.17439335429850158,16.7,Motorcycle,24,-1.0433689446789354,Medium,Clear,Dombivli,0.7267206448509395,True
TW104467,2026-07-06 13:28:00,2026-07-06 13:39:12,0.028447045324429446,11.2,Motorcycle,30,-1.8264614714878553,Low,Rain,Kalyan,1.096485655870457,True
TW101747,2026-07-26 04:16:00,2026-07-26 04:22:54,-0.7052289943830683,6.9,Motorcycle,21,1.3059086357478251,High,Clear,Mulund,-0.9218150292777434,True
TW102284,2026-07-04 07:28:00,2026-07-04 07:53:36,2.550951493673595,25.6,Motorcycle,24,0.2617852666692662,Medium,Rain,Mulund,-0.12065750540212183,False
TW103338,2026-07-19 17:22:00,2026-07-19 17:42:12,0.4702304670837829,20.2,Electric Scooter,27,-0.7823381024092951,Medium,Clear,Vashi,-0.32094688637102714,True
TW102860,2026-07-12 15:26:00,2026-07-12 15:39:42,0.12705941625285655,13.7,Scooter,23,0.0007544243996247222,Medium,Clear,Mulund,0.706178144238744,True
TW103972,2026-07-17 11:47:00,2026-07-17 12:00:54,0.13889290076426788,13.9,Scooter,26,-2.6095539982967764,Low,Rain,Kalyan,0.5726518902594736,True
TW102192,2026-07-18 12:15:00,2026-07-18 12:36:00,1.5983559905049887,21.0,Electric Scooter,35,-0.26027641787001443,Medium,Clear,Mumbra,0.45966813689239894,True
TW102477,2026-07-27 11:46:00,2026-07-27 11:57:30,-0.26739006746085187,11.5,Motorcycle,24,1.3059086357478251,Medium,Rain,Kalyan,-0.8858656532064013,True
TW100528,2026-07-17 20:20:00,2026-07-17 20:38:24,-0.3857249125749645,18.4,Motorcycle,43,0.0007544243996247222,Low,Clear,Thane West,0.8499756485241119,True
TW104906,2026-07-07 16:52:00,2026-07-07 16:57:36,-0.6736730356859716,5.6,Motorcycle,20,-0.26027641787001443,Medium,Clear,Ghodbunder Road,-0.7163900231557891,True
TW100421,2026-07-27 08:57:00,2026-07-27 09:09:12,-0.3778359229006903,12.2,Scooter,20,0.2617852666692662,Low,Clear,Mulund,3.3561607232119535,True
TW103921,2026-07-02 08:57:00,2026-07-02 09:08:00,-0.7091734892202053,11.0,Electric Scooter,30,1.044877793478186,Low,Clear,Airoli,-0.793424400451522,True
TW100652,2026-07-07 18:09:00,2026-07-07 18:14:12,-0.36994693322641614,5.2,Motorcycle,20,-0.26027641787001443,Low,Overcast,Thane West,-0.05389437841248676,True
TW104263,2026-07-11 18:05:00,2026-07-11 18:09:30,-1.0957339832596396,4.5,Scooter,41,-2.0874923137574957,Medium,Rain,Airoli,-0.31067563606492954,True
TW104871,2026-07-05 18:41:00,2026-07-05 19:05:30,0.6398437450806774,24.5,Electric Scooter,37,1.5669394780174666,Low,Clear,Ghodbunder Road,1.1889269086253362,True
TW104368,2026-07-24 05:52:00,2026-07-24 05:57:54,-0.0583318410925863,5.9,Motorcycle,23,0.2617852666692662,Medium,Rain,Ghodbunder Road,-0.3414893869832226,True
TW101298,2026-07-15 03:08:00,2026-07-15 03:15:48,-0.7012844995459311,7.8,Scooter,32,0.5228161089389054,Medium,Rain,Ghodbunder Road,-0.5623212685643234,True
TW100028,2026-07-14 11:28:00,2026-07-14 11:44:36,0.13100391108999354,16.6,Scooter,30,0.0007544243996247222,Low,Overcast,Mulund,-0.6085418949417631,True
TW102446,2026-07-17 13:08:00,2026-07-17 13:24:06,0.8173460127518463,16.1,Scooter,35,-1.0433689446789354,Medium,Clear,Vashi,-0.9218150292777434,True
TW104832,2026-07-13 08:12:00,2026-07-13 08:24:06,-0.2161116345780698,12.1,Scooter,44,0.2617852666692662,Low,Clear,Mulund,1.6357262969405868,True
TW100921,2026-07-14 09:01:00,2026-07-14 09:06:24,-0.6736730356859716,5.4,Scooter,40,0.5228161089389054,Medium,Clear,Mulund,0.5367025141881318,True
TW101756,2026-07-07 13:52:00,2026-07-07 14:14:12,1.0974051461885792,22.2,Electric Scooter,27,0.5228161089389054,Low,Rain,Navi Mumbai,-0.9218150292777434,True
TW101042,2026-07-20 01:53:00,2026-07-20 02:00:36,-0.1135547688125057,7.6,Scooter,42,-0.26027641787001443,Low,Clear,Mulund,5.194714528003444,True
TW102566,2026-07-12 20:17:00,2026-07-12 20:21:12,-1.0957339832596396,4.2,Scooter,29,0.5228161089389054,Medium,Clear,Dombivli,-0.6393556458600562,True
TW104498,2026-07-02 18:42:00,2026-07-02 18:53:54,-0.44094784029488354,11.9,Electric Scooter,22,1.3059086357478251,Medium,Clear,Dombivli,-0.9218150292777434,True
TW101841,2026-07-26 00:15:00,2026-07-26 00:32:24,1.282796403534022,17.4,Scooter,34,1.3059086357478251,Medium,Overcast,Mumbra,-0.9218150292777434,True
TW104724,2026-07-18 11:43:00,2026-07-18 11:55:30,-0.23977860360089234,12.5,Motorcycle,21,-2.0874923137574957,Medium,Clear,Navi Mumbai,-0.8807300280533524,True
TW101765,2026-07-12 02:42:00,2026-07-12 02:58:54,0.45445248773523456,16.9,Scooter,35,0.7838469512085445,Low,Rain,Mulund,-0.8910012783594502,True
TW100950,2026-07-05 14:36:00,2026-07-05 14:40:00,-1.1588459006538328,4.0,Motorcycle,31,0.2617852666692662,High,Clear,Dombivli,-0.6547625213192029,True
TW103651,2026-07-25 20:33:00,2026-07-25 20:37:00,-1.4389050340905658,4.0,Motorcycle,27,-0.26027641787001443,High,Clear,Navi Mumbai,-0.7317968986149357,True
TW103563,2026-07-29 09:09:00,2026-07-29 09:20:24,0.2730057252269287,11.4,Motorcycle,28,0.5228161089389054,Medium,Clear,Navi Mumbai,-0.6907118973905447,True
TW102548,2026-07-08 04:19:00,2026-07-08 04:34:06,-0.7486184375915762,15.1,Motorcycle,27,-0.5213072601396559,Low,Clear,Mulund,2.6012238257137716,True
TW101416,2026-07-19 05:10:00,2026-07-19 05:17:30,-0.9773991381455269,7.5,Motorcycle,29,-1.3043997869485757,High,Overcast,Airoli,-0.2541837593813921,True
TW102034,2026-07-18 19:49:00,2026-07-18 19:59:48,-0.224000624252344,10.8,Motorcycle,36,0.5228161089389054,High,Clear,Airoli,-0.9218150292777434,True
TW100765,2026-07-15 09:58:00,2026-07-15 10:05:00,-0.3462799642035936,7.0,Motorcycle,37,-0.26027641787001443,Low,Clear,Vashi,2.0927969355619354,True
TW101141,2026-07-27 17:35:00,2026-07-27 17:46:48,0.13494840592713056,11.8,Scooter,39,-1.3043997869485757,Low,Overcast,Mumbra,1.1735200331661901,True
TW102348,2026-07-07 17:06:00,2026-07-07 17:32:30,1.783747247850432,26.5,Motorcycle,31,0.0007544243996247222,High,Clear,Kalyan,-0.5366431427990792,False
TW101260,2026-07-16 19:52:00,2026-07-16 20:10:30,1.0382377236315228,18.5,Electric Scooter,38,-0.5213072601396559,Low,Clear,Mumbra,-0.151471256320415,True
TW100440,2026-07-12 17:58:00,2026-07-12 18:12:54,0.2769502200640657,14.9,Scooter,33,1.044877793478186,Low,Clear,Navi Mumbai,-0.41338813912590666,True
TW104620,2026-07-11 15:48:00,2026-07-11 15:57:06,-0.5987276337803671,9.1,Motorcycle,20,1.8279703202871058,Low,Clear,Kalyan,-0.2747262599935875,True
TW100596,2026-07-24 23:00:00,2026-07-24 23:21:00,1.0303487339572488,21.0,Scooter,40,0.0007544243996247222,Medium,Rain,Navi Mumbai,-0.4031168888198089,True
TW100863,2026-07-09 01:14:00,2026-07-09 01:19:18,-0.7959523756372212,5.3,Motorcycle,19,0.7838469512085445,High,Rain,Ghodbunder Road,0.7267206448509395,True
TW100936,2026-07-13 10:13:00,2026-07-13 10:17:00,-1.06812251939968,4.0,Motorcycle,38,0.5228161089389054,High,Overcast,Vashi,-0.793424400451522,True
TW104663,2026-07-27 02:11:00,2026-07-27 02:15:00,-1.1746238800023812,4.0,Electric Scooter,37,0.5228161089389054,Low,Clear,Vashi,1.5432850441857076,True
TW101758,2026-07-30 20:48:00,2026-07-30 20:56:30,-0.1806111810438361,8.5,Scooter,42,-0.26027641787001443,Low,Clear,Ghodbunder Road,-0.6239487704009097,True
TW104220,2026-07-20 18:10:00,2026-07-20 18:24:18,0.2730057252269287,14.3,Electric Scooter,24,0.7838469512085445,Low,Clear,Kalyan,-0.4185237642789555,True
TW102630,2026-07-18 08:37:00,2026-07-18 09:00:30,1.4247982176709573,23.5,Scooter,25,-1.8264614714878553,Medium,Clear,Mulund,1.0862144055643594,True
TW101983,2026-07-06 02:36:00,2026-07-06 02:40:00,-0.9537321691227045,4.0,Motorcycle,36,-0.7823381024092951,Medium,Clear,Bhandup,0.30559938230093314,True
TW102833,2026-07-21 10:06:00,2026-07-21 10:14:42,-0.7604519221029874,8.7,Scooter,34,1.8279703202871058,Medium,Clear,Ghodbunder Road,0.25424313077044475,True
TW104405,2026-07-10 01:45:00,2026-07-10 02:17:06,2.550951493673595,32.1,Motorcycle,25,0.0007544243996247222,Low,Clear,Kalyan,-0.7574750243801799,False
TW100325,2026-07-07 16:08:00,2026-07-07 16:21:48,-0.4527813248062949,13.8,Motorcycle,39,-0.7823381024092951,Low,Rain,Bhandup,-0.6650337716253005,True
TW103131,2026-07-25 03:02:00,2026-07-25 03:18:18,-0.6539505615002861,16.3,Scooter,34,1.3059086357478251,Low,Rain,Thane West,-0.048758753259437904,True
TW101024,2026-07-03 04:30:00,2026-07-03 04:35:24,2.550951493673595,5.4,Electric Scooter,25,0.0007544243996247222,Medium,Rain,Airoli,-0.41338813912590666,True
TW102021,2026-07-26 10:18:00,2026-07-26 10:37:06,1.0264042391201118,19.1,Scooter,22,-1.8264614714878553,Low,Clear,Dombivli,-0.9218150292777434,True
TW101523,2026-07-09 21:24:00,2026-07-09 21:34:42,-0.6302835924774636,10.7,Motorcycle,20,-0.7823381024092951,High,Clear,Mumbra,-0.8396450268289616,True
TW102647,2026-07-16 13:13:00,2026-07-16 13:21:12,-0.7052289943830683,8.2,Scooter,23,-1.0433689446789354,Low,Rain,Mumbra,-0.06416562871858436,True
TW100529,2026-07-25 11:09:00,2026-07-25 11:20:18,-0.3107795106693599,11.3,Scooter,37,1.8279703202871058,Medium,Clear,Mumbra,-0.7215256483088379,True
TW101174,2026-07-02 11:40:00,2026-07-02 12:12:00,1.188128527442732,32.0,Motorcycle,33,-1.565430629218215,Medium,Rain,Mulund,-0.9012725286655479,False
TW100572,2026-07-12 04:50:00,2026-07-12 05:00:24,-0.3305019848550453,10.4,Motorcycle,20,-0.26027641787001443,Low,Clear,Airoli,3.4229238502015886,True
TW103669,2026-07-20 19:29:00,2026-07-20 19:33:00,-1.210124333536615,4.0,Motorcycle,26,0.5228161089389054,Low,Rain,Bhandup,1.3275887877576555,True
TW101630,2026-07-14 23:19:00,2026-07-14 23:37:24,0.7266226314976931,18.4,Motorcycle,27,0.0007544243996247222,High,Rain,Vashi,0.21829375469910262,True
TW101903,2026-07-10 18:56:00,2026-07-10 19:06:24,0.22567178718128364,10.4,Motorcycle,31,-0.5213072601396559,Medium,Clear,Airoli,-0.8191025262167662,True
TW100796,2026-07-16 11:21:00,2026-07-16 11:31:30,-0.5395602112233107,10.5,Motorcycle,23,0.0007544243996247222,High,Clear,Navi Mumbai,-0.3414893869832226,True
TW101559,2026-07-24 10:06:00,2026-07-24 10:26:42,0.6477327347549517,20.7,Motorcycle,43,1.3059086357478251,High,Rain,Mumbra,-0.6650337716253005,True
TW101321,2026-07-02 03:55:00,2026-07-02 04:04:00,-0.8630087878685516,9.0,Motorcycle,28,-1.8264614714878553,Low,Rain,Airoli,0.6959068939326463,True
TW102869,2026-07-18 23:43:00,2026-07-19 00:01:42,0.13889290076426788,18.7,Motorcycle,31,1.044877793478186,High,Overcast,Kalyan,-0.2695906348405387,True
TW100480,2026-07-01 01:51:00,2026-07-01 02:05:06,0.1428373956014049,14.1,Scooter,29,0.7838469512085445,Low,Clear,Airoli,1.1221637816357013,True
TW102777,2026-07-06 03:47:00,2026-07-06 03:57:30,-0.2516120881123035,10.5,Scooter,28,0.7838469512085445,High,Rain,Airoli,-0.6958475225435937,True
TW104106,2026-07-12 08:04:00,2026-07-12 08:26:06,1.1210721152114016,22.1,Scooter,23,-1.0433689446789354,Medium,Rain,Airoli,-0.9218150292777434,True
TW104812,2026-07-21 21:43:00,2026-07-21 21:47:00,-0.9773991381455269,4.0,Motorcycle,20,1.044877793478186,Low,Rain,Airoli,-0.9218150292777434,True
TW104990,2026-07-22 00:04:00,2026-07-22 00:08:00,-0.9103427259141965,4.0,Electric Scooter,19,0.2617852666692662,Medium,Rain,Dombivli,2.626901951479016,True
TW103388,2026-07-24 14:57:00,2026-07-24 15:16:00,0.2690612303897917,19.0,Motorcycle,19,-0.26027641787001443,Low,Clear,Kalyan,1.0451294043399686,True
TW102720,2026-07-20 08:10:00,2026-07-20 08:20:24,-0.2950015313208116,10.4,Electric Scooter,20,0.2617852666692662,Low,Clear,Thane West,-0.33121813667712485,True
TW103451,2026-07-01 21:30:00,2026-07-01 21:47:24,1.0027372700972892,17.4,Scooter,42,-0.7823381024092951,Medium,Clear,Mulund,0.7883481466875255,True
TW102811,2026-07-08 17:03:00,2026-07-08 17:15:42,0.3676736013182188,12.7,Scooter,32,1.3059086357478251,Low,Rain,Dombivli,-0.9218150292777434,True
TW104320,2026-07-20 05:05:00,2026-07-20 05:36:06,1.79952522719898,31.1,Scooter,34,1.044877793478186,Medium,Clear,Dombivli,0.7780768963814279,False
TW102726,2026-07-29 04:42:00,2026-07-29 04:58:00,0.39134057034104114,16.0,Scooter,36,1.044877793478186,Medium,Rain,Mulund,-0.9218150292777434,True
TW102881,2026-07-11 05:09:00,2026-07-11 05:28:12,1.2709629190226106,19.2,Scooter,40,0.2617852666692662,High,Overcast,Dombivli,-0.7780175249923754,True
TW104262,2026-07-18 14:06:00,2026-07-18 14:13:48,-0.2516120881123035,7.8,Scooter,20,-1.565430629218215,Medium,Clear,Kalyan,-0.8293737765228638,True
TW101246,2026-07-16 21:35:00,2026-07-16 21:41:00,-0.693395509871657,6.0,Electric Scooter,35,0.2617852666692662,High,Clear,Bhandup,-0.5828637691765188,True
TW104352,2026-07-16 07:41:00,2026-07-16 07:46:24,-0.9852881278198012,5.4,Motorcycle,37,0.2617852666692662,Low,Clear,Mumbra,-0.01794500234114474,True
TW102111,2026-07-22 10:57:00,2026-07-22 11:21:48,0.564898343175073,24.8,Scooter,24,0.0007544243996247222,Medium,Clear,Bhandup,-0.9218150292777434,True
TW104811,2026-07-11 09:31:00,2026-07-11 09:44:24,-0.36994693322641614,13.4,Motorcycle,26,1.044877793478186,Medium,Clear,Mumbra,2.3187644422960845,True
TW102376,2026-07-09 12:04:00,2026-07-09 12:26:30,0.5136199102922906,22.5,Motorcycle,29,0.0007544243996247222,Medium,Clear,Kalyan,-0.4852868912685906,True
TW101843,2026-07-21 07:44:00,2026-07-21 08:08:36,1.1960175171170062,24.6,Motorcycle,26,1.044877793478186,Medium,Overcast,Thane West,0.7267206448509395,True
TW102081,2026-07-09 20:05:00,2026-07-09 20:09:00,-1.4625720031133884,4.0,Motorcycle,31,0.0007544243996247222,High,Clear,Vashi,1.1427062822478966,True
TW101992,2026-07-28 05:25:00,2026-07-28 05:33:06,-0.7643964169401245,8.1,Scooter,24,0.2617852666692662,Medium,Clear,Thane West,-0.8139669010637174,True
TW102283,2026-07-21 15:21:00,2026-07-21 15:50:06,2.221586174772648,29.1,Scooter,39,1.3059086357478251,Medium,Overcast,Vashi,-0.8704587777472548,False
TW101364,2026-07-16 07:31:00,2026-07-16 07:49:54,-0.2121671397409328,18.9,Motorcycle,26,-0.7823381024092951,Medium,Rain,Vashi,-0.9218150292777434,True
TW101857,2026-07-27 12:28:00,2026-07-27 12:35:24,-1.1351789316310104,7.4,Motorcycle,23,0.2617852666692662,Medium,Overcast,Kalyan,-0.649626896166154,True
TW101250,2026-07-29 13:17:00,2026-07-29 13:30:06,0.39528506517817813,13.1,Electric Scooter,31,1.5669394780174666,High,Rain,Mulund,-0.08470812933077981,True
TW101132,2026-07-12 06:36:00,2026-07-12 06:53:18,0.8686244456346283,17.3,Motorcycle,26,-1.3043997869485757,Medium,Clear,Mumbra,-0.5982706446356655,True
TW100517,2026-07-05 21:01:00,2026-07-05 21:05:00,-1.4349605392534288,4.0,Motorcycle,36,-1.8264614714878553,Low,Overcast,Kalyan,0.04368249949544158,True
TW100600,2026-07-09 14:57:00,2026-07-09 15:01:00,-1.1785683748395184,4.0,Scooter,30,-1.565430629218215,Low,Clear,Kalyan,1.5432850441857076,True
TW104855,2026-07-25 13:01:00,2026-07-25 13:05:00,-0.43700334545774655,4.0,Scooter,22,0.0007544243996247222,Medium,Clear,Mumbra,-0.11038625509602411,True
TW102836,2026-07-22 23:26:00,2026-07-22 23:47:18,1.0697936823286196,21.3,Motorcycle,23,-0.5213072601396559,Medium,Clear,Ghodbunder Road,0.30559938230093314,True
TW103612,2026-07-25 11:33:00,2026-07-25 11:40:24,-0.930065200099882,7.4,Motorcycle,36,-0.5213072601396559,Low,Overcast,Airoli,-0.4647443906563951,True
TW104285,2026-07-25 13:25:00,2026-07-25 13:39:54,0.1507263852756789,14.9,Motorcycle,30,0.5228161089389054,Low,Rain,Kalyan,1.4354369159716815,True
TW102636,2026-07-25 21:38:00,2026-07-25 21:46:06,2.550951493673595,8.1,Motorcycle,27,-0.7823381024092951,Low,Clear,Vashi,-0.7831531501454242,True
TW104864,2026-07-10 16:31:00,2026-07-10 16:49:00,0.5609538483379356,18.0,Electric Scooter,30,-1.8264614714878553,Low,Clear,Navi Mumbai,0.41858313566800803,True
TW102578,2026-07-02 18:19:00,2026-07-02 18:27:36,-0.5356157163861737,8.6,Motorcycle,32,-2.0874923137574957,Medium,Clear,Bhandup,-0.8191025262167662,True
TW100358,2026-07-01 05:42:00,2026-07-01 05:46:36,-0.4251698609463352,4.6,Scooter,35,-1.565430629218215,High,Clear,Airoli,1.4508437914308283,True
TW102571,2026-07-15 12:54:00,2026-07-15 12:58:00,-1.115456457445325,4.0,Motorcycle,41,1.044877793478186,Low,Rain,Vashi,-0.7420681489210333,True
TW101119,2026-07-12 16:32:00,2026-07-12 16:39:06,0.09944795239289685,7.1,Electric Scooter,44,-0.7823381024092951,High,Clear,Dombivli,0.44426126143325223,True
TW102708,2026-07-17 20:20:00,2026-07-17 20:32:48,0.028447045324429446,12.8,Motorcycle,29,1.044877793478186,Low,Rain,Vashi,-0.6342200207070074,True
TW102840,2026-07-26 10:07:00,2026-07-26 10:30:06,1.2433514551626514,23.1,Scooter,41,0.7838469512085445,Medium,Clear,Mulund,1.6614044227058313,True
TW103988,2026-07-16 05:28:00,2026-07-16 05:32:00,-0.030720377232626953,4.0,Motorcycle,28,0.5228161089389054,Low,Clear,Dombivli,2.0106269331131537,True
TW101272,2026-07-17 13:22:00,2026-07-17 13:45:24,1.8271366910589397,23.4,Motorcycle,30,-2.0874923137574957,High,Clear,Thane West,-0.649626896166154,True
TW102935,2026-07-04 22:25:00,2026-07-04 22:39:00,-0.6105611182917782,14.0,Motorcycle,36,1.044877793478186,Medium,Clear,Thane West,-0.8550519022881081,True
TW100143,2026-07-19 22:46:00,2026-07-19 22:51:36,-0.5356157163861737,5.6,Scooter,24,-0.26027641787001443,High,Clear,Navi Mumbai,0.706178144238744,True
TW103150,2026-07-19 14:17:00,2026-07-19 14:41:12,1.1013496410257162,24.2,Scooter,42,0.5228161089389054,Low,Clear,Airoli,-0.8088312759106685,True
TW103568,2026-07-29 08:17:00,2026-07-29 08:21:00,-1.4231270547420176,4.0,Scooter,37,-1.565430629218215,Low,Clear,Mumbra,2.4831044471936483,True
TW101658,2026-07-18 20:32:00,2026-07-18 20:43:12,-0.46461480931770605,11.2,Motorcycle,25,1.3059086357478251,Medium,Clear,Dombivli,-0.8858656532064013,True
TW102200,2026-07-02 23:33:00,2026-07-02 23:41:48,-0.17272219136956193,8.8,Motorcycle,22,1.5669394780174666,Medium,Overcast,Bhandup,-0.5571856434112746,True
TW102674,2026-07-18 09:57:00,2026-07-18 10:10:30,-0.271334562297989,13.5,Scooter,25,0.5228161089389054,Low,Clear,Vashi,0.8191618976058187,True
TW104321,2026-07-21 15:55:00,2026-07-21 16:02:24,-0.6066166234546412,7.4,Scooter,22,0.7838469512085445,High,Clear,Thane West,-0.16687813177956157,True
TW102279,2026-07-17 01:45:00,2026-07-17 02:06:48,2.0716953709614394,21.8,Motorcycle,23,1.8279703202871058,Medium,Rain,Dombivli,-0.8807300280533524,True
TW104683,2026-07-23 03:54:00,2026-07-23 04:05:48,0.6792886934520481,11.8,Motorcycle,41,0.5228161089389054,Low,Rain,Bhandup,-0.2695906348405387,True
TW103233,2026-07-29 16:55:00,2026-07-29 17:10:42,0.1783378491356386,15.7,Scooter,36,-0.26027641787001443,High,Rain,Navi Mumbai,0.12585250194422334,True
TW103023,2026-07-30 02:04:00,2026-07-30 02:23:42,1.0106262597715634,19.7,Motorcycle,33,0.0007544243996247222,High,Clear,Airoli,-0.9218150292777434,True
TW103986,2026-07-05 22:20:00,2026-07-05 22:32:54,0.49389743610660525,12.9,Scooter,40,0.7838469512085445,Medium,Clear,Airoli,-0.9166794041246945,True
TW100739,2026-07-10 12:28:00,2026-07-10 12:49:48,0.6635107141035002,21.8,Electric Scooter,26,1.044877793478186,Low,Clear,Mulund,-0.9218150292777434,True
TW102662,2026-07-18 09:06:00,2026-07-18 09:22:48,0.7384561160091045,16.8,Scooter,34,-1.0433689446789354,Low,Clear,Bhandup,-0.3158112612179784,True
TW103896,2026-07-09 00:24:00,2026-07-09 00:44:48,0.620121270894992,20.8,Motorcycle,23,-0.7823381024092951,Low,Overcast,Kalyan,1.1735200331661901,True
TW102667,2026-07-18 20:14:00,2026-07-18 20:32:00,0.4110630445267265,18.0,Scooter,22,-0.5213072601396559,Medium,Clear,Thane West,0.6188725166369135,True
TW104576,2026-07-10 10:31:00,2026-07-10 10:51:42,-0.14511072750960222,20.7,Motorcycle,44,-0.5213072601396559,Medium,Rain,Vashi,2.1544244373985215,True
TW104011,2026-07-14 22:52:00,2026-07-14 23:10:42,1.0264042391201118,18.7,Scooter,33,-0.5213072601396559,Medium,Clear,Kalyan,-0.685576272237496,True
TW102961,2026-07-20 19:53:00,2026-07-20 20:07:12,0.1467818904385419,14.2,Motorcycle,22,1.8279703202871058,Medium,Clear,Airoli,1.2659612859210694,True
TW102945,2026-07-24 16:36:00,2026-07-24 16:40:00,-1.3836821063706466,4.0,Motorcycle,26,-0.5213072601396559,Medium,Clear,Navi Mumbai,-0.4390662648911509,True
TW100885,2026-07-11 12:26:00,2026-07-11 12:34:24,-0.20822264490379563,8.4,Electric Scooter,37,0.5228161089389054,Low,Rain,Thane West,-0.8036956507576197,True
TW100032,2026-07-21 12:32:00,2026-07-21 12:37:06,-0.14116623267246522,5.1,Electric Scooter,40,-1.565430629218215,Low,Rain,Ghodbunder Road,-0.7882887752984731,True
TW102373,2026-07-14 15:20:00,2026-07-14 15:36:00,0.572787332849347,16.0,Electric Scooter,26,0.0007544243996247222,Low,Clear,Mulund,-0.0025381268819981576,True
TW101170,2026-07-12 23:24:00,2026-07-12 23:32:24,-1.2219578180480262,8.4,Motorcycle,30,1.3059086357478251,High,Clear,Dombivli,-0.9012725286655479,True
TW100856,2026-07-03 22:00:00,2026-07-03 22:09:42,-1.3245146838135904,9.7,Electric Scooter,26,0.2617852666692662,Medium,Clear,Bhandup,-0.0230806274941936,True
TW103871,2026-07-26 07:11:00,2026-07-26 07:15:00,-1.3245146838135904,4.0,Scooter,22,-0.5213072601396559,Low,Clear,Kalyan,0.16180187801556525,True
TW103963,2026-07-07 19:15:00,2026-07-07 19:24:42,-0.1293327481610539,9.7,Scooter,44,-0.26027641787001443,High,Clear,Mumbra,0.2337006301582493,True
TW101593,2026-07-09 11:05:00,2026-07-09 11:09:00,-1.2377357973965746,4.0,Motorcycle,31,-0.26027641787001443,Low,Clear,Mulund,1.0759431552582617,True
TW101956,2026-07-05 22:36:00,2026-07-05 22:40:00,-0.6421170769888749,4.0,Scooter,34,-2.348523156027136,Medium,Clear,Ghodbunder Road,1.019451278574724,True
TW100434,2026-07-23 18:36:00,2026-07-23 19:08:42,2.550951493673595,32.7,Scooter,22,0.7838469512085445,Medium,Clear,Mumbra,-0.8499162771350594,False
TW100114,2026-07-09 23:18:00,2026-07-09 23:29:06,-0.12538825332391687,11.1,Scooter,24,1.5669394780174666,High,Clear,Ghodbunder Road,-0.3004043857588318,True
TW103887,2026-07-08 23:35:00,2026-07-08 23:39:00,-1.1982908490252038,4.0,Motorcycle,34,-0.26027641787001443,Medium,Clear,Navi Mumbai,-0.41338813912590666,True
TW100174,2026-07-02 02:28:00,2026-07-02 02:34:06,-0.8353973240085919,6.1,Scooter,33,0.5228161089389054,Low,Rain,Bhandup,1.168384408013141,True
TW102611,2026-07-11 05:39:00,2026-07-11 06:02:36,1.0264042391201118,23.6,Motorcycle,24,1.8279703202871058,High,Clear,Navi Mumbai,-0.31067563606492954,True
TW103837,2026-07-01 18:49:00,2026-07-01 18:54:48,-0.6421170769888749,5.8,Scooter,41,-1.3043997869485757,Medium,Clear,Thane West,-0.8242381513698152,True
TW101285,2026-07-28 16:32:00,2026-07-28 16:36:00,-1.348181652836413,4.0,Scooter,27,1.3059086357478251,Low,Clear,Ghodbunder Road,-0.6753050219313983,True
TW103694,2026-07-20 18:42:00,2026-07-20 18:46:00,-1.4310160444162918,4.0,Motorcycle,33,1.3059086357478251,Low,Rain,Airoli,-0.9064081538185967,True
TW102294,2026-07-08 18:29:00,2026-07-08 18:46:48,-0.17666668620669893,17.8,Motorcycle,25,0.0007544243996247222,Medium,Rain,Thane West,1.6511331723997336,True
TW101563,2026-07-13 01:07:00,2026-07-13 01:23:42,0.29667269424975107,16.7,Scooter,29,0.2617852666692662,Medium,Clear,Navi Mumbai,0.19775125408690716,True
TW100763,2026-07-26 18:39:00,2026-07-26 18:48:06,-0.5947831389432299,9.1,Motorcycle,34,0.5228161089389054,High,Clear,Vashi,0.3672268841375194,True
TW100967,2026-07-27 14:03:00,2026-07-27 14:07:00,-0.6736730356859716,4.0,Motorcycle,24,1.8279703202871058,Medium,Clear,Bhandup,-0.8704587777472548,True
TW100169,2026-07-06 12:07:00,2026-07-06 12:15:30,0.012669065975881097,8.5,Scooter,32,1.044877793478186,High,Clear,Ghodbunder Road,-0.6444912710131051,True
TW104692,2026-07-16 08:32:00,2026-07-16 08:41:30,-0.007053408209804253,9.5,Scooter,31,0.5228161089389054,High,Clear,Thane West,-0.469880015809444,True
TW100267,2026-07-21 17:02:00,2026-07-21 17:32:48,2.550951493673595,30.8,Scooter,37,1.8279703202871058,Low,Clear,Dombivli,-0.15660688147346385,False
TW102778,2026-07-01 09:31:00,2026-07-01 09:41:30,0.0008355814644697468,10.5,Motorcycle,44,1.044877793478186,Medium,Clear,Vashi,-0.6188131452478608,True
TW103181,2026-07-01 22:34:00,2026-07-01 22:38:00,-1.0799560039110911,4.0,Scooter,34,0.2617852666692662,High,Overcast,Thane West,-0.326082511524076,True
TW100561,2026-07-22 10:52:00,2026-07-22 11:12:54,1.7561357839904723,20.9,Scooter,40,1.044877793478186,Medium,Clear,Bhandup,-0.8858656532064013,True
TW100464,2026-07-04 20:47:00,2026-07-04 20:51:00,-0.413336376434924,4.0,Motorcycle,24,1.3059086357478251,Medium,Overcast,Dombivli,1.029722528880822,True
TW102561,2026-07-22 10:56:00,2026-07-22 11:07:30,-0.1135547688125057,11.5,Scooter,23,-0.7823381024092951,Low,Clear,Mumbra,-0.3671675127484669,True
TW103371,2026-07-20 21:27:00,2026-07-20 21:31:00,-0.7012844995459311,4.0,Motorcycle,31,-0.26027641787001443,Low,Clear,Ghodbunder Road,-0.5777281440234701,True
TW103606,2026-07-03 20:30:00,2026-07-03 20:38:30,-0.4764482938291174,8.5,Scooter,38,0.7838469512085445,High,Clear,Navi Mumbai,1.240283160155825,True
TW100187,2026-07-22 16:19:00,2026-07-22 16:43:24,1.0066817649344262,24.4,Scooter,26,-0.7823381024092951,Medium,Overcast,Airoli,0.6599575178613042,True
TW100093,2026-07-14 10:33:00,2026-07-14 10:42:00,-0.20822264490379563,9.0,Motorcycle,26,-1.3043997869485757,Low,Rain,Thane West,1.1581131577070434,True
TW102648,2026-07-05 11:45:00,2026-07-05 12:02:18,0.29667269424975107,17.3,Scooter,36,-0.26027641787001443,High,Overcast,Mumbra,1.9079144300521762,True
TW101375,2026-07-13 20:13:00,2026-07-13 20:17:00,-1.0444555503768576,4.0,Scooter,25,-0.7823381024092951,High,Clear,Dombivli,-0.685576272237496,True
TW100451,2026-07-17 21:13:00,2026-07-17 21:30:24,0.0797254782072115,17.4,Scooter,29,-1.565430629218215,Low,Rain,Vashi,-0.8550519022881081,True
TW101742,2026-07-03 20:26:00,2026-07-03 20:37:42,0.3479511271325331,11.7,Motorcycle,23,1.044877793478186,High,Clear,Kalyan,0.166937503168614,True
TW102122,2026-07-03 06:23:00,2026-07-03 06:36:12,-0.1293327481610539,13.2,Electric Scooter,43,1.8279703202871058,High,Clear,Thane West,0.21315812954605387,True
TW102174,2026-07-05 07:53:00,2026-07-05 07:57:54,-0.7486184375915762,4.9,Scooter,43,0.7838469512085445,Medium,Rain,Dombivli,0.24910750561739578,True
TW102713,2026-07-16 19:10:00,2026-07-16 19:33:36,0.2572277458783804,23.6,Motorcycle,44,-1.3043997869485757,Medium,Rain,Kalyan,0.7832125215344767,True
TW100005,2026-07-09 18:44:00,2026-07-09 18:57:36,-0.6184501079660524,13.6,Motorcycle,36,-1.8264614714878553,High,Clear,Bhandup,0.6650931430143531,True
TW102631,2026-07-03 18:48:00,2026-07-03 19:00:00,0.6003987967093067,12.0,Scooter,36,1.5669394780174666,High,Clear,Navi Mumbai,1.0913500307174082,True
TW104492,2026-07-09 06:23:00,2026-07-09 06:34:12,0.35978461164394443,11.2,Motorcycle,27,0.0007544243996247222,Low,Clear,Navi Mumbai,-0.20282750785090348,True
TW101524,2026-07-20 01:24:00,2026-07-20 01:33:30,-0.8156748498229066,9.5,Motorcycle,28,-0.7823381024092951,Low,Rain,Airoli,1.805201926991199,True
TW101639,2026-07-08 12:42:00,2026-07-08 13:01:42,1.176295042931321,19.7,Motorcycle,30,-1.0433689446789354,Medium,Clear,Bhandup,0.8653825239832585,True
TW104076,2026-07-30 06:50:00,2026-07-30 07:09:48,0.38739607550390415,19.8,Scooter,43,-1.3043997869485757,Medium,Clear,Kalyan,1.4713862920430236,True
TW101240,2026-07-01 19:21:00,2026-07-01 19:29:54,-0.5435047060604478,8.9,Scooter,36,0.2617852666692662,Low,Clear,Dombivli,-0.7882887752984731,True
TW104695,2026-07-10 06:48:00,2026-07-10 07:08:42,2.0322504225900677,20.7,Scooter,37,-0.26027641787001443,Medium,Overcast,Mumbra,0.25424313077044475,True
TW101382,2026-07-10 03:30:00,2026-07-10 03:58:06,1.322241351905393,28.1,Scooter,25,0.7838469512085445,High,Clear,Ghodbunder Road,-0.9218150292777434,False
TW101057,2026-07-01 22:45:00,2026-07-01 22:59:42,0.628010260569266,14.7,Motorcycle,28,0.0007544243996247222,Low,Rain,Thane West,-0.8345094016759128,True
TW103930,2026-07-07 09:19:00,2026-07-07 09:23:00,0.3716180961553558,4.0,Motorcycle,30,0.7838469512085445,Medium,Overcast,Bhandup,-0.6342200207070074,True
TW101939,2026-07-27 08:43:00,2026-07-27 08:56:54,-0.0583318410925863,13.9,Motorcycle,28,1.3059086357478251,Medium,Clear,Kalyan,-0.9218150292777434,True
TW103592,2026-07-01 17:50:00,2026-07-01 18:12:12,1.13685009455995,22.2,Motorcycle,34,-0.7823381024092951,Medium,Clear,Ghodbunder Road,0.5829231405655714,True
TW102451,2026-07-06 10:36:00,2026-07-06 10:42:06,-0.5711161699204074,6.1,Motorcycle,32,-1.3043997869485757,Medium,Clear,Airoli,-0.4955581415746883,True
TW104834,2026-07-18 09:27:00,2026-07-18 09:32:06,-0.9892326226569382,5.1,Scooter,32,0.7838469512085445,Medium,Rain,Airoli,-0.4750156409624928,True
TW102229,2026-07-30 22:13:00,2026-07-30 22:19:30,-0.6736730356859716,6.5,Electric Scooter,41,-0.26027641787001443,High,Clear,Mulund,-0.9218150292777434,True
TW102632,2026-07-19 06:54:00,2026-07-19 07:12:48,0.4741749619209199,18.8,Motorcycle,27,-0.26027641787001443,High,Clear,Ghodbunder Road,-0.9218150292777434,True
TW103594,2026-07-27 21:26:00,2026-07-27 21:35:48,-0.4803927886662544,9.8,Motorcycle,25,-0.26027641787001443,Medium,Clear,Dombivli,2.272543815918645,True
TW100289,2026-07-09 15:33:00,2026-07-09 15:40:36,-0.7170624788944795,7.6,Scooter,32,0.0007544243996247222,High,Clear,Ghodbunder Road,-0.01794500234114474,True
TW102928,2026-07-12 18:20:00,2026-07-12 18:24:00,-0.7604519221029874,4.0,Scooter,43,0.5228161089389054,Medium,Rain,Thane West,-0.8961369035124991,True
TW100723,2026-07-03 15:30:00,2026-07-03 15:38:48,-0.8393418188457291,8.8,Scooter,19,-0.5213072601396559,Low,Clear,Ghodbunder Road,-0.4236593894320044,True
TW100056,2026-07-10 23:28:00,2026-07-10 23:43:54,0.35189562196967045,15.9,Motorcycle,25,0.7838469512085445,Low,Clear,Mumbra,-0.8755944029003037,True
TW102285,2026-07-10 06:41:00,2026-07-10 07:04:06,0.5846208173607583,23.1,Scooter,32,0.7838469512085445,High,Clear,Thane West,2.1492888122454725,True
TW103262,2026-07-07 01:39:00,2026-07-07 01:45:18,-0.5829496544318187,6.3,Motorcycle,32,-1.565430629218215,Low,Clear,Kalyan,0.526431263882034,True
TW101177,2026-07-04 22:44:00,2026-07-04 22:53:30,-0.693395509871657,9.5,Scooter,40,-0.5213072601396559,Low,Clear,Mumbra,-0.1257931305551707,True
TW102520,2026-07-20 13:29:00,2026-07-20 13:35:48,-0.5829496544318187,6.8,Scooter,29,0.0007544243996247222,High,Overcast,Navi Mumbai,-0.5469143931051769,True
TW104612,2026-07-03 03:57:00,2026-07-03 04:01:30,-0.9852881278198012,4.5,Scooter,21,0.2617852666692662,Medium,Rain,Airoli,-0.35176063728932033,True
TW102190,2026-07-28 23:41:00,2026-07-29 00:11:42,2.091417845147124,30.7,Motorcycle,20,-0.7823381024092951,Low,Clear,Airoli,0.16180187801556525,False
TW102612,2026-07-27 18:05:00,2026-07-27 18:11:12,-1.2811252406050826,6.2,Scooter,23,0.2617852666692662,High,Rain,Navi Mumbai,-0.9218150292777434,True
TW104508,2026-07-11 16:23:00,2026-07-11 17:04:00,2.550951493673595,41.0,Motorcycle,39,-2.6095539982967764,Medium,Clear,Bhandup,1.6973537987771732,False
TW104854,2026-07-18 20:38:00,2026-07-18 20:42:00,-1.395515590882058,4.0,Scooter,44,-0.7823381024092951,Medium,Clear,Thane West,-0.15660688147346385,True
TW103217,2026-07-15 22:18:00,2026-07-15 22:22:00,-1.024733076191172,4.0,Motorcycle,43,1.5669394780174666,Low,Rain,Vashi,-0.01794500234114474,True
TW100621,2026-07-09 16:43:00,2026-07-09 16:48:36,-0.48433728350339156,5.6,Scooter,41,1.8279703202871058,Medium,Clear,Vashi,-0.2490481342283432,True
TW100961,2026-07-23 13:12:00,2026-07-23 13:26:06,0.2848392097383397,14.1,Motorcycle,40,0.7838469512085445,Low,Clear,Ghodbunder Road,-0.35176063728932033,True
TW103797,2026-07-17 12:55:00,2026-07-17 13:11:48,-0.25950107778657766,16.8,Electric Scooter,38,0.2617852666692662,High,Overcast,Kalyan,-0.35689626244236916,True
TW100478,2026-07-08 06:39:00,2026-07-08 06:47:24,-0.7920078808000841,8.4,Scooter,28,-2.0874923137574957,Medium,Rain,Thane West,-0.9218150292777434,True
TW100769,2026-07-28 10:55:00,2026-07-28 11:00:30,-0.6500060666631491,5.5,Motorcycle,32,-1.0433689446789354,Medium,Clear,Bhandup,-0.5212362673399326,True
TW103853,2026-07-20 01:21:00,2026-07-20 01:28:00,-0.7998968704743582,7.0,Scooter,43,0.7838469512085445,High,Overcast,Ghodbunder Road,2.8117844569887747,True
TW103716,2026-07-20 08:30:00,2026-07-20 08:38:48,-0.3581134487150048,8.8,Electric Scooter,25,-1.3043997869485757,Low,Overcast,Thane West,-0.9218150292777434,True
TW100821,2026-07-19 10:27:00,2026-07-19 10:43:12,0.848901971448943,16.2,Motorcycle,31,-1.8264614714878553,Medium,Clear,Vashi,-0.7472037740740822,True
TW100316,2026-07-12 20:06:00,2026-07-12 20:25:18,0.9830147959116038,19.3,Scooter,35,0.7838469512085445,Low,Clear,Airoli,-0.7472037740740822,True
TW104953,2026-07-15 23:28:00,2026-07-15 23:35:30,-0.9971216123312124,7.5,Scooter,24,-0.7823381024092951,Medium,Clear,Navi Mumbai,2.919632585202801,True
TW103383,2026-07-02 14:34:00,2026-07-02 14:47:54,-0.07016532560399766,13.9,Electric Scooter,42,-1.0433689446789354,High,Rain,Mumbra,0.07449625041373474,True
TW102722,2026-07-26 04:30:00,2026-07-26 04:36:42,-0.8511753033571403,6.7,Scooter,39,0.5228161089389054,High,Clear,Thane West,-0.8396450268289616,True
TW103292,2026-07-28 23:37:00,2026-07-28 23:52:18,0.28878370457547703,15.3,Electric Scooter,36,1.3059086357478251,Low,Overcast,Mumbra,-0.7626106495332288,True
TW104455,2026-07-30 18:17:00,2026-07-30 18:45:00,2.550951493673595,28.0,Motorcycle,26,1.044877793478186,Medium,Clear,Mulund,-0.5725925188704211,False
TW101320,2026-07-22 04:26:00,2026-07-22 04:36:00,0.29667269424975107,10.0,Scooter,38,0.0007544243996247222,Low,Rain,Mulund,0.25424313077044475,True
TW103198,2026-07-03 06:36:00,2026-07-03 06:40:36,-1.2219578180480262,4.6,Electric Scooter,32,0.2617852666692662,Medium,Rain,Bhandup,-0.9218150292777434,True
TW101165,2026-07-10 16:37:00,2026-07-10 16:48:48,-0.5435047060604478,11.8,Motorcycle,36,-0.26027641787001443,Low,Rain,Bhandup,0.03854687434239261,True
TW103525,2026-07-16 02:31:00,2026-07-16 02:39:42,-1.2929587251164938,8.7,Scooter,36,-0.5213072601396559,High,Overcast,Ghodbunder Road,-0.6034062697887143,True
TW100880,2026-07-17 14:34:00,2026-07-17 14:40:12,-0.5395602112233107,6.2,Motorcycle,24,0.5228161089389054,High,Clear,Thane West,-0.7523393992271311,True
TW103895,2026-07-24 08:22:00,2026-07-24 08:30:00,-0.5987276337803671,8.0,Motorcycle,41,1.3059086357478251,High,Rain,Mulund,-0.2747262599935875,True
TW103500,2026-07-06 13:21:00,2026-07-06 13:25:00,-1.2219578180480262,4.0,Scooter,40,-0.7823381024092951,Low,Clear,Dombivli,-0.9218150292777434,True
TW104685,2026-07-11 05:17:00,2026-07-11 06:04:00,2.550951493673595,47.0,Electric Scooter,23,0.7838469512085445,Low,Clear,Navi Mumbai,1.3019106619924115,False
TW100655,2026-07-24 03:02:00,2026-07-24 03:13:54,-0.062276335929723654,11.9,Motorcycle,27,-0.5213072601396559,High,Overcast,Mulund,1.4816575423491212,True
TW102170,2026-07-28 12:44:00,2026-07-28 13:02:18,0.028447045324429446,18.3,Scooter,29,-0.5213072601396559,Medium,Overcast,Ghodbunder Road,1.445708166277779,True
TW104130,2026-07-13 15:33:00,2026-07-13 15:37:00,-0.6657840460116974,4.0,Electric Scooter,33,0.7838469512085445,Medium,Clear,Airoli,-0.469880015809444,True
TW103364,2026-07-01 04:00:00,2026-07-01 04:13:12,-0.366002438389279,13.2,Scooter,38,0.2617852666692662,Medium,Clear,Dombivli,2.190373813469863,True
TW102965,2026-07-03 18:11:00,2026-07-03 18:19:48,-1.1036229729339138,8.8,Scooter,38,1.8279703202871058,Low,Clear,Thane West,-0.07957250417773094,True
TW101632,2026-07-07 09:42:00,2026-07-07 09:54:12,0.1467818904385419,12.2,Scooter,32,0.7838469512085445,Medium,Rain,Mulund,1.2505544104619226,True
TW103427,2026-07-13 21:43:00,2026-07-13 21:53:54,0.2730057252269287,10.9,Scooter,41,1.8279703202871058,Low,Rain,Airoli,0.31587063260703085,True
TW104452,2026-07-16 06:32:00,2026-07-16 06:56:54,1.8547481549188993,24.9,Motorcycle,41,-0.7823381024092951,Medium,Clear,Mumbra,0.9629594018911868,True
TW100643,2026-07-11 02:46:00,2026-07-11 02:50:00,-1.1825128696766554,4.0,Scooter,29,-1.565430629218215,Low,Clear,Dombivli,-0.6034062697887143,True
TW100873,2026-07-10 14:32:00,2026-07-10 14:39:48,-1.0799560039110911,7.8,Electric Scooter,37,0.0007544243996247222,High,Clear,Vashi,-0.649626896166154,True
TW100342,2026-07-22 10:20:00,2026-07-22 10:36:12,0.0797254782072115,16.2,Motorcycle,35,0.0007544243996247222,Medium,Clear,Airoli,-0.1360643808612684,True
TW103255,2026-07-18 02:26:00,2026-07-18 02:39:42,0.9790703010744668,13.7,Scooter,20,1.3059086357478251,Medium,Rain,Mumbra,-0.5263718924929814,True
TW104471,2026-07-28 23:46:00,2026-07-28 23:52:36,0.2059493129955983,6.6,Motorcycle,40,-1.3043997869485757,High,Overcast,Navi Mumbai,1.1632487828600921,True
TW104115,2026-07-02 01:11:00,2026-07-02 01:20:36,-0.6657840460116974,9.6,Scooter,24,1.3059086357478251,Medium,Overcast,Navi Mumbai,1.8308800527564433,True
TW100302,2026-07-27 20:31:00,2026-07-27 20:46:06,0.26511673555265436,15.1,Electric Scooter,32,1.044877793478186,Low,Overcast,Bhandup,0.706178144238744,True
TW100101,2026-07-08 12:01:00,2026-07-08 12:19:18,0.7187336418234191,18.3,Scooter,36,1.044877793478186,Low,Clear,Airoli,-0.5366431427990792,True
TW102064,2026-07-22 09:29:00,2026-07-22 09:33:00,-1.210124333536615,4.0,Scooter,34,-0.26027641787001443,Low,Rain,Airoli,-0.28499751029968523,True
TW101861,2026-07-26 19:46:00,2026-07-26 20:00:36,-0.062276335929723654,14.6,Motorcycle,31,1.3059086357478251,High,Clear,Mulund,-0.6034062697887143,True
TW102182,2026-07-05 01:54:00,2026-07-05 02:29:36,2.2965315766782526,35.6,Scooter,30,-0.26027641787001443,Medium,Rain,Mumbra,-0.12065750540212183,False
TW102751,2026-07-22 00:26:00,2026-07-22 00:59:42,2.550951493673595,33.7,Motorcycle,42,0.0007544243996247222,Medium,Rain,Ghodbunder Road,1.4405725411247303,False
TW103387,2026-07-20 02:05:00,2026-07-20 02:11:48,-0.6421170769888749,6.8,Motorcycle,23,-0.5213072601396559,Low,Rain,Bhandup,-0.07443687902468209,True
TW100196,2026-07-28 12:38:00,2026-07-28 12:55:06,0.7897345488918865,17.1,Electric Scooter,43,0.5228161089389054,Medium,Clear,Ghodbunder Road,0.3620912589844707,True
TW103474,2026-07-13 04:25:00,2026-07-13 04:49:00,2.406977432118091,24.0,Motorcycle,26,-0.5213072601396559,High,Clear,Ghodbunder Road,-0.5931350194826165,True
TW102902,2026-07-29 01:26:00,2026-07-29 01:32:00,-0.6145056131289152,6.0,Scooter,21,-1.0433689446789354,High,Clear,Thane West,-0.4082525139728578,True
TW104940,2026-07-10 12:23:00,2026-07-10 12:28:54,-0.6342280873146008,5.9,Scooter,22,0.2617852666692662,Medium,Overcast,Dombivli,0.28505688168873766,True
TW103783,2026-07-07 07:04:00,2026-07-07 07:34:18,2.193974710912688,30.3,Motorcycle,26,-0.26027641787001443,Low,Clear,Kalyan,-0.37230313790151576,False
TW102324,2026-07-25 18:52:00,2026-07-25 19:15:48,1.6772458872477307,23.8,Scooter,22,0.2617852666692662,Low,Rain,Mulund,1.1118925313296038,True
TW100917,2026-07-26 00:03:00,2026-07-26 00:07:00,-0.9852881278198012,4.0,Scooter,25,1.044877793478186,High,Rain,Thane West,-0.31067563606492954,True
TW103835,2026-07-29 01:38:00,2026-07-29 01:57:00,0.2808947149012027,19.0,Motorcycle,40,1.5669394780174666,Medium,Clear,Airoli,0.3364131332192263,True
TW103037,2026-07-02 23:28:00,2026-07-02 23:40:24,-0.1529997171838764,12.4,Scooter,26,1.5669394780174666,Low,Clear,Ghodbunder Road,-0.8910012783594502,True
TW101085,2026-07-08 09:24:00,2026-07-08 10:10:48,2.550951493673595,46.8,Electric Scooter,31,0.5228161089389054,Medium,Clear,Dombivli,1.9592706815826646,False
TW102445,2026-07-22 05:11:00,2026-07-22 05:16:42,-0.9379541897741562,5.7,Electric Scooter,31,-1.8264614714878553,Medium,Clear,Kalyan,-0.9218150292777434,True
TW100994,2026-07-04 20:55:00,2026-07-04 20:59:54,-0.9142872207513337,4.9,Motorcycle,19,0.0007544243996247222,Medium,Rain,Vashi,-0.8910012783594502,True
TW101429,2026-07-13 09:07:00,2026-07-13 09:11:00,-0.9142872207513337,4.0,Electric Scooter,25,0.0007544243996247222,High,Clear,Mulund,-0.22850563361614779,True
TW103031,2026-07-29 18:06:00,2026-07-29 18:32:00,2.213697185098374,26.0,Scooter,24,0.5228161089389054,Medium,Clear,Airoli,-0.5828637691765188,False
TW104311,2026-07-09 03:57:00,2026-07-09 04:11:06,-0.3817804177378273,14.1,Scooter,29,-1.0433689446789354,High,Rain,Dombivli,0.5058887632698386,True
TW101064,2026-07-24 05:21:00,2026-07-24 05:40:54,0.5096754154551536,19.9,Electric Scooter,19,1.044877793478186,Medium,Clear,Navi Mumbai,-0.9218150292777434,True
TW103968,2026-07-30 11:34:00,2026-07-30 11:45:18,0.03633603499870345,11.3,Scooter,38,0.0007544243996247222,Medium,Overcast,Navi Mumbai,-0.8858656532064013,True
TW101070,2026-07-29 17:34:00,2026-07-29 17:44:36,-0.1845556758809731,10.6,Motorcycle,33,-0.5213072601396559,High,Clear,Airoli,-0.8499162771350594,True
TW101337,2026-07-07 02:10:00,2026-07-07 02:14:06,-1.16279039549097,4.1,Scooter,19,0.2617852666692662,Low,Clear,Bhandup,-0.6804406470844471,True
TW100527,2026-07-15 18:50:00,2026-07-15 18:54:00,-1.3087367044650422,4.0,Scooter,38,1.044877793478186,High,Clear,Navi Mumbai,-0.4185237642789555,True
TW102213,2026-07-17 17:22:00,2026-07-17 17:30:12,-0.788063385962947,8.2,Scooter,31,-1.565430629218215,Medium,Overcast,Bhandup,-0.04362312810638904,True
TW101562,2026-07-18 07:48:00,2026-07-18 07:54:18,-1.1746238800023812,6.3,Scooter,35,0.0007544243996247222,Medium,Clear,Vashi,2.0825256852558374,True
TW100753,2026-07-04 10:26:00,2026-07-04 11:03:48,2.229475164446922,37.8,Motorcycle,37,-1.3043997869485757,High,Clear,Airoli,-0.8447806519820106,False
TW101471,2026-07-08 06:37:00,2026-07-08 06:48:12,-0.27922355197226323,11.2,Scooter,42,-0.5213072601396559,Medium,Clear,Navi Mumbai,-0.9064081538185967,True
TW100927,2026-07-12 04:38:00,2026-07-12 04:42:00,-1.1036229729339138,4.0,Motorcycle,34,1.044877793478186,High,Clear,Thane West,-0.33635376183017374,True
TW104515,2026-07-30 16:10:00,2026-07-30 16:14:00,-1.399460085719195,4.0,Motorcycle,23,-0.5213072601396559,Medium,Rain,Navi Mumbai,-0.2593193845344409,True
TW102450,2026-07-08 10:19:00,2026-07-08 10:36:06,0.6832331882891854,17.1,Motorcycle,39,0.7838469512085445,Medium,Clear,Navi Mumbai,-0.7985600256045708,True
TW104888,2026-07-20 06:25:00,2026-07-20 06:33:54,-0.224000624252344,8.9,Electric Scooter,40,-1.565430629218215,Low,Clear,Mulund,3.571856979640005,True
TW101274,2026-07-08 07:31:00,2026-07-08 07:48:18,0.4781194567580569,17.3,Electric Scooter,30,0.0007544243996247222,Low,Rain,Airoli,1.3327244129107043,True
TW103348,2026-07-20 17:25:00,2026-07-20 17:34:12,-0.5316712215490365,9.2,Motorcycle,36,0.0007544243996247222,Low,Rain,Kalyan,-0.2387768839222455,True
TW100410,2026-07-26 04:34:00,2026-07-26 04:38:24,-0.8156748498229066,4.4,Motorcycle,36,-0.5213072601396559,High,Rain,Airoli,-0.7574750243801799,True
TW102029,2026-07-12 15:31:00,2026-07-12 15:44:36,0.10339244723003385,13.6,Scooter,43,1.044877793478186,High,Clear,Kalyan,-0.6393556458600562,True
TW104497,2026-07-04 22:39:00,2026-07-04 23:00:54,2.170307741889866,21.9,Electric Scooter,40,-0.7823381024092951,Medium,Clear,Bhandup,0.44426126143325223,True
TW104187,2026-07-22 19:40:00,2026-07-22 19:45:48,-1.0365665607025834,5.8,Motorcycle,37,0.0007544243996247222,High,Clear,Ghodbunder Road,-0.7009831476966425,True
TW102449,2026-07-18 04:34:00,2026-07-18 04:40:24,-1.2771807457679454,6.4,Scooter,29,-0.7823381024092951,Medium,Clear,Vashi,-0.2695906348405387,True
TW102725,2026-07-15 09:31:00,2026-07-15 09:40:00,-0.018886892721215603,9.0,Motorcycle,39,-0.5213072601396559,High,Clear,Airoli,-0.6753050219313983,True
TW102786,2026-07-10 21:39:00,2026-07-10 21:52:12,0.4741749619209199,13.2,Scooter,25,-0.26027641787001443,Low,Clear,Kalyan,0.44426126143325223,True
TW100036,2026-07-10 10:36:00,2026-07-10 10:44:30,0.26117224071551737,8.5,Electric Scooter,20,-0.5213072601396559,High,Clear,Navi Mumbai,0.7986193969936233,True
TW101770,2026-07-15 21:56:00,2026-07-15 22:25:42,2.533201266906478,29.7,Scooter,31,-2.0874923137574957,Medium,Rain,Mulund,-0.8961369035124991,False
TW100282,2026-07-05 20:36:00,2026-07-05 20:40:00,-0.882731262054237,4.0,Scooter,29,-1.0433689446789354,Low,Clear,Ghodbunder Road,-0.3158112612179784,True
TW103688,2026-07-20 15:36:00,2026-07-20 15:47:06,-0.7959523756372212,11.1,Scooter,36,-0.7823381024092951,High,Clear,Ghodbunder Road,-0.39798126366676007,True
TW100943,2026-07-11 14:00:00,2026-07-11 14:14:00,0.249338756204106,14.0,Motorcycle,24,-0.5213072601396559,High,Clear,Ghodbunder Road,-0.8961369035124991,True
TW104560,2026-07-26 17:06:00,2026-07-26 17:20:42,0.9514588372145071,14.7,Scooter,40,0.5228161089389054,Medium,Overcast,Navi Mumbai,-0.2490481342283432,True
TW100264,2026-07-20 06:48:00,2026-07-20 07:03:06,0.1073369420671712,15.1,Electric Scooter,43,0.5228161089389054,Low,Overcast,Ghodbunder Road,-0.31067563606492954,True
TW100908,2026-07-14 20:39:00,2026-07-14 20:51:00,0.028447045324429446,12.0,Motorcycle,30,1.5669394780174666,Low,Clear,Mulund,-0.6547625213192029,True
TW103191,2026-07-11 06:08:00,2026-07-11 06:17:24,-0.20822264490379563,9.4,Electric Scooter,43,-0.5213072601396559,Medium,Clear,Ghodbunder Road,-0.5571856434112746,True
TW103683,2026-07-23 11:29:00,2026-07-23 11:40:42,-1.0010661071683495,11.7,Scooter,23,1.044877793478186,Medium,Rain,Bhandup,0.002597498271050703,True
TW102485,2026-07-19 09:22:00,2026-07-19 09:26:54,-1.1470124161424218,4.9,Scooter,38,-0.5213072601396559,Low,Clear,Navi Mumbai,-0.9218150292777434,True
TW102580,2026-07-29 23:04:00,2026-07-29 23:08:24,-0.9103427259141965,4.4,Motorcycle,40,-0.5213072601396559,Medium,Clear,Kalyan,0.0950387510259302,True
TW100932,2026-07-25 00:31:00,2026-07-25 00:39:00,-0.5947831389432299,8.0,Motorcycle,37,0.5228161089389054,Medium,Overcast,Ghodbunder Road,0.706178144238744,True
TW104679,2026-07-14 10:57:00,2026-07-14 11:16:06,0.20989380783273529,19.1,Motorcycle,41,0.7838469512085445,High,Clear,Thane West,-0.24391250907529435,True
TW103188,2026-07-11 02:58:00,2026-07-11 03:02:00,-0.8590642930314144,4.0,Scooter,35,0.7838469512085445,Medium,Clear,Bhandup,0.4904818878106921,True
TW104202,2026-07-02 22:49:00,2026-07-02 23:02:06,-0.16877769653242475,13.1,Motorcycle,41,-0.26027641787001443,Low,Clear,Dombivli,-0.24391250907529435,True
TW103268,2026-07-11 18:40:00,2026-07-11 18:58:12,1.1920730222798692,18.2,Scooter,35,0.7838469512085445,Medium,Rain,Bhandup,-0.5725925188704211,True
TW100789,2026-07-13 07:52:00,2026-07-13 07:57:48,-1.0641780245625427,5.8,Motorcycle,34,-2.348523156027136,Medium,Clear,Kalyan,-0.7831531501454242,True
TW100495,2026-07-27 19:27:00,2026-07-27 19:32:06,-1.2929587251164938,5.1,Motorcycle,28,0.2617852666692662,Medium,Clear,Airoli,-0.9218150292777434,True
TW102385,2026-07-29 05:44:00,2026-07-29 05:57:00,0.29667269424975107,13.0,Electric Scooter,20,1.3059086357478251,Medium,Clear,Mulund,-0.9218150292777434,True
TW104188,2026-07-18 23:26:00,2026-07-18 23:30:00,-1.4152380650677434,4.0,Scooter,42,1.5669394780174666,High,Clear,Ghodbunder Road,-0.9218150292777434,True
TW102802,2026-07-06 13:04:00,2026-07-06 13:36:18,2.550951493673595,32.3,Motorcycle,42,-0.7823381024092951,High,Clear,Mumbra,-0.07443687902468209,False
TW103657,2026-07-21 05:33:00,2026-07-21 05:40:30,-0.8748422723799628,7.5,Motorcycle,25,-0.5213072601396559,Medium,Clear,Mumbra,-0.8550519022881081,True
TW100935,2026-07-21 02:00:00,2026-07-21 02:06:24,-0.40150289192351285,6.4,Scooter,33,1.044877793478186,Medium,Clear,Vashi,2.791241956376579,True
TW102592,2026-07-11 07:13:00,2026-07-11 07:24:12,0.4347300135495492,11.2,Scooter,26,0.0007544243996247222,High,Overcast,Kalyan,-0.7523393992271311,True
TW103701,2026-07-26 14:40:00,2026-07-26 14:48:06,-0.7091734892202053,8.1,Motorcycle,25,0.0007544243996247222,Medium,Clear,Ghodbunder Road,-0.4596087655033463,True
TW100304,2026-07-08 17:46:00,2026-07-08 18:10:06,1.223628980976966,24.1,Motorcycle,41,1.044877793478186,Medium,Overcast,Thane West,0.11558125163812563,True
TW101268,2026-07-13 06:57:00,2026-07-13 07:14:48,0.628010260569266,17.8,Motorcycle,35,-1.8264614714878553,High,Clear,Bhandup,-0.7215256483088379,True
TW101774,2026-07-23 13:31:00,2026-07-23 13:51:30,1.1723505480941836,20.5,Scooter,38,0.5228161089389054,Low,Clear,Mulund,-0.9218150292777434,True
TW101684,2026-07-15 06:14:00,2026-07-15 06:18:00,-1.2259023128851634,4.0,Scooter,43,-0.5213072601396559,Low,Overcast,Bhandup,-0.14633563116736614,True
TW102350,2026-07-24 15:46:00,2026-07-24 16:08:36,0.9475143423773701,22.6,Motorcycle,28,1.8279703202871058,Medium,Clear,Mulund,-0.6290843955539586,True
TW104029,2026-07-15 17:30:00,2026-07-15 17:44:00,0.900180404331725,14.0,Motorcycle,34,0.5228161089389054,Medium,Clear,Airoli,-0.9218150292777434,True
TW103381,2026-07-18 10:22:00,2026-07-18 10:47:48,1.0895161565143048,25.8,Scooter,37,-0.7823381024092951,Low,Clear,Mulund,-0.9218150292777434,False
TW100857,2026-07-27 16:45:00,2026-07-27 16:49:24,-0.054387346255449304,4.4,Motorcycle,19,-0.5213072601396559,Low,Clear,Ghodbunder Road,-0.31067563606492954,True
TW100343,2026-07-12 13:04:00,2026-07-12 13:08:00,-0.6223946028031894,4.0,Motorcycle,29,-0.26027641787001443,Medium,Clear,Dombivli,-0.37230313790151576,True
TW102689,2026-07-10 19:33:00,2026-07-10 19:52:48,1.2078510016284176,19.8,Motorcycle,27,-0.5213072601396559,Low,Overcast,Navi Mumbai,-0.6034062697887143,True
TW104782,2026-07-17 20:55:00,2026-07-17 21:12:12,-0.14116623267246522,17.2,Electric Scooter,31,0.0007544243996247222,High,Clear,Thane West,-0.8191025262167662,True
TW104658,2026-07-18 19:36:00,2026-07-18 19:47:42,-0.31472400550649693,11.7,Motorcycle,25,0.5228161089389054,Medium,Rain,Navi Mumbai,-0.4442018900441998,True
TW101544,2026-07-10 05:03:00,2026-07-10 05:09:06,-1.1391234264681473,6.1,Motorcycle,33,1.044877793478186,Low,Clear,Kalyan,0.1053100013320279,True
TW104426,2026-07-28 18:53:00,2026-07-28 19:26:18,1.7482467943161981,33.3,Electric Scooter,26,0.2617852666692662,Low,Clear,Dombivli,0.8294331479119164,False
TW103325,2026-07-16 04:55:00,2026-07-16 05:05:00,-0.6539505615002861,10.0,Scooter,36,0.0007544243996247222,Low,Overcast,Bhandup,5.718548293614428,True
TW104772,2026-07-23 00:49:00,2026-07-23 01:06:42,-0.4527813248062949,17.7,Scooter,28,0.2617852666692662,Low,Overcast,Thane West,-0.29526876060578294,True
TW103723,2026-07-23 01:29:00,2026-07-23 01:34:12,-0.8906202517285111,5.2,Motorcycle,44,0.0007544243996247222,Low,Overcast,Kalyan,-0.4082525139728578,True
TW104548,2026-07-07 08:02:00,2026-07-07 08:10:30,0.06789199369580015,8.5,Motorcycle,44,1.044877793478186,Medium,Clear,Kalyan,1.7641169257668081,True
TW102186,2026-07-23 21:26:00,2026-07-23 21:32:42,-0.7683409117772615,6.7,Motorcycle,39,1.3059086357478251,Low,Overcast,Kalyan,-0.5263718924929814,True
TW101030,2026-07-23 03:40:00,2026-07-23 04:06:48,2.550951493673595,26.8,Motorcycle,28,-1.0433689446789354,Low,Clear,Ghodbunder Road,2.1698313128576676,False
TW104365,2026-07-08 01:19:00,2026-07-08 01:30:18,0.2177827975070093,11.3,Scooter,34,-1.0433689446789354,Medium,Clear,Vashi,0.3107350074539821,True
TW102677,2026-07-26 14:00:00,2026-07-26 14:20:24,0.848901971448943,20.4,Scooter,34,-2.348523156027136,Medium,Clear,Vashi,0.4493968865863012,True
TW104128,2026-07-20 20:01:00,2026-07-20 20:13:00,0.03633603499870345,12.0,Scooter,32,0.5228161089389054,Medium,Clear,Navi Mumbai,-0.5674568937173723,True
TW104421,2026-07-25 00:40:00,2026-07-25 00:48:48,-0.19244466555524728,8.8,Motorcycle,22,0.2617852666692662,Medium,Clear,Dombivli,-0.33121813667712485,True
TW100642,2026-07-02 10:01:00,2026-07-02 10:05:00,-1.076011509073954,4.0,Motorcycle,25,0.0007544243996247222,Medium,Clear,Kalyan,-0.9218150292777434,True
TW104872,2026-07-02 03:50:00,2026-07-02 03:58:36,-0.4803927886662544,8.6,Motorcycle,40,0.0007544243996247222,Medium,Rain,Thane West,2.8220557072948727,True
TW104521,2026-07-14 22:43:00,2026-07-14 23:01:12,0.6437882399178144,18.2,Scooter,34,0.5228161089389054,Low,Clear,Navi Mumbai,2.0517119343375443,True
TW104974,2026-07-19 20:42:00,2026-07-19 20:51:24,-0.014942397884078603,9.4,Scooter,25,0.2617852666692662,Medium,Clear,Mulund,1.6511331723997336,True
TW101138,2026-07-04 02:51:00,2026-07-04 02:56:00,-0.9063982310770595,5.0,Motorcycle,24,0.7838469512085445,High,Clear,Mulund,-0.08984375448382867,True
TW103640,2026-07-15 18:44:00,2026-07-15 19:05:24,0.6753441986149111,21.4,Motorcycle,44,0.5228161089389054,Low,Clear,Dombivli,1.281368161380216,True
TW103190,2026-07-10 04:00:00,2026-07-10 04:14:06,-0.4251698609463352,14.1,Motorcycle,43,-0.5213072601396559,High,Clear,Ghodbunder Road,-0.7369325237679845,True
TW102570,2026-07-10 07:21:00,2026-07-10 07:45:18,1.6101894750164003,24.3,Electric Scooter,19,-1.0433689446789354,Low,Clear,Ghodbunder Road,-0.9064081538185967,True
TW104693,2026-07-14 00:25:00,2026-07-14 00:34:06,-0.4212253661091982,9.1,Scooter,31,0.0007544243996247222,Medium,Clear,Airoli,0.25424313077044475,True
TW103192,2026-07-09 09:34:00,2026-07-09 09:43:48,-0.44094784029488354,9.8,Scooter,34,-1.0433689446789354,Medium,Clear,Mumbra,-0.9218150292777434,True
TW100806,2026-07-23 01:52:00,2026-07-23 02:05:00,0.2572277458783804,13.0,Motorcycle,41,-0.26027641787001443,High,Clear,Kalyan,-0.4031168888198089,True
TW103297,2026-07-05 13:09:00,2026-07-05 13:22:54,0.1073369420671712,13.9,Motorcycle,38,1.5669394780174666,Low,Rain,Dombivli,-0.5212362673399326,True
TW101833,2026-07-09 18:40:00,2026-07-09 19:00:06,1.570744526645029,20.1,Electric Scooter,20,0.0007544243996247222,Low,Overcast,Dombivli,-0.6701693967783494,True
TW101692,2026-07-15 20:43:00,2026-07-15 20:57:30,0.15861537494995326,14.5,Motorcycle,23,1.044877793478186,High,Clear,Dombivli,0.42885438597410575,True
TW101917,2026-07-08 16:41:00,2026-07-08 16:49:12,-0.9497876742855675,8.2,Motorcycle,24,0.0007544243996247222,High,Clear,Dombivli,-0.2130987581570012,True
TW101173,2026-07-29 05:50:00,2026-07-29 06:02:18,0.0757809833700745,12.3,Motorcycle,42,-0.5213072601396559,Medium,Clear,Mumbra,-0.22850563361614779,True
TW101186,2026-07-27 22:28:00,2026-07-27 22:35:42,-0.9142872207513337,7.7,Motorcycle,29,-2.348523156027136,Medium,Clear,Dombivli,2.139017561939375,True
TW103362,2026-07-16 15:13:00,2026-07-16 15:19:54,-0.39361390224923865,6.9,Scooter,23,1.3059086357478251,Medium,Clear,Bhandup,-0.9218150292777434,True
TW102147,2026-07-08 17:48:00,2026-07-08 18:09:30,1.7364133098047865,21.5,Scooter,42,1.8279703202871058,Low,Rain,Vashi,-0.5315075176460303,True
TW104150,2026-07-18 22:29:00,2026-07-18 22:33:00,-1.024733076191172,4.0,Motorcycle,32,-1.8264614714878553,Medium,Rain,Mumbra,1.3635381638289978,True
TW103646,2026-07-06 13:10:00,2026-07-06 13:37:06,1.8231921962218025,27.1,Scooter,21,-0.26027641787001443,Medium,Clear,Airoli,-0.7112543980027402,False
TW102800,2026-07-27 19:47:00,2026-07-27 19:52:54,-0.49222627317766576,5.9,Motorcycle,36,0.0007544243996247222,Low,Rain,Thane West,-0.5109650170338349,True
TW100345,2026-07-03 06:47:00,2026-07-03 07:04:54,0.6674552089406371,17.9,Motorcycle,25,0.5228161089389054,Medium,Rain,Vashi,-0.7163900231557891,True
TW100258,2026-07-10 12:41:00,2026-07-10 12:56:12,-0.20427815006665864,15.2,Scooter,31,-1.565430629218215,Low,Overcast,Kalyan,-0.7728818998393265,True
TW100113,2026-07-05 23:55:00,2026-07-05 23:59:24,-0.9063982310770595,4.4,Motorcycle,42,-0.5213072601396559,High,Clear,Navi Mumbai,3.3869744741302465,True
TW104573,2026-07-19 03:59:00,2026-07-19 04:15:42,0.25328325104124333,16.7,Electric Scooter,40,-0.26027641787001443,Medium,Clear,Dombivli,1.0040444031155777,True
TW103298,2026-07-05 21:01:00,2026-07-05 21:09:30,-0.49222627317766576,8.5,Electric Scooter,33,0.0007544243996247222,High,Clear,Vashi,-0.048758753259437904,True
TW104898,2026-07-01 19:22:00,2026-07-01 19:36:30,-0.022831387558352602,14.5,Electric Scooter,42,-0.26027641787001443,Medium,Rain,Navi Mumbai,-0.5212362673399326,True
TW100218,2026-07-02 19:52:00,2026-07-02 20:12:48,0.7108446521491448,20.8,Electric Scooter,20,0.7838469512085445,Medium,Rain,Kalyan,0.3210062577600798,True
TW101161,2026-07-02 10:42:00,2026-07-02 10:46:00,-1.0050106020054865,4.0,Scooter,39,0.0007544243996247222,High,Clear,Kalyan,-0.7112543980027402,True
TW102415,2026-07-15 16:43:00,2026-07-15 16:56:36,0.32428415810971073,13.6,Motorcycle,27,0.2617852666692662,Medium,Clear,Navi Mumbai,-0.9218150292777434,True
TW102788,2026-07-12 20:45:00,2026-07-12 20:52:54,0.38739607550390415,7.9,Scooter,19,-0.5213072601396559,Low,Clear,Thane West,1.995220057654007,True
TW101750,2026-07-05 16:21:00,2026-07-05 16:29:30,-0.7210069737316165,8.5,Motorcycle,44,0.2617852666692662,High,Clear,Vashi,-0.7985600256045708,True
TW100000,2026-07-03 18:34:00,2026-07-03 18:38:00,-0.9852881278198012,4.0,Electric Scooter,38,-0.26027641787001443,Low,Clear,Airoli,-0.9218150292777434,True
TW104926,2026-07-10 06:38:00,2026-07-10 06:59:36,0.7463451056833789,21.6,Scooter,36,-2.870584840566415,Low,Clear,Navi Mumbai,-0.7780175249923754,True
TW104666,2026-07-06 11:48:00,2026-07-06 11:52:00,-0.9221762104256078,4.0,Electric Scooter,35,-0.26027641787001443,Medium,Clear,Thane West,2.0260338085723,True
TW101604,2026-07-22 21:44:00,2026-07-22 22:01:12,0.564898343175073,17.2,Scooter,35,-0.5213072601396559,Medium,Clear,Mumbra,0.19261562893385842,True
TW103412,2026-07-27 00:58:00,2026-07-27 01:12:42,0.49389743610660525,14.7,Electric Scooter,27,-0.5213072601396559,High,Clear,Navi Mumbai,1.7333031748485153,True
TW104987,2026-07-24 18:00:00,2026-07-24 18:23:48,1.3537973106024899,23.8,Electric Scooter,22,-0.26027641787001443,Low,Overcast,Airoli,-0.14633563116736614,True
TW103492,2026-07-19 07:46:00,2026-07-19 08:06:06,1.0500712081429342,20.1,Scooter,23,0.5228161089389054,Low,Overcast,Dombivli,-0.8910012783594502,True
TW100865,2026-07-30 13:42:00,2026-07-30 14:01:36,1.1052941358628532,19.6,Scooter,41,0.0007544243996247222,High,Clear,Navi Mumbai,-0.6650337716253005,True
TW104951,2026-07-22 01:55:00,2026-07-22 02:09:24,0.19806032332132395,14.4,Scooter,29,-0.7823381024092951,Medium,Clear,Dombivli,-0.4750156409624928,True
TW104939,2026-07-23 05:44:00,2026-07-23 05:54:12,-0.1845556758809731,10.2,Electric Scooter,35,1.3059086357478251,Medium,Overcast,Mulund,-0.8139669010637174,True
TW104764,2026-07-21 00:30:00,2026-07-21 00:46:06,0.03633603499870345,16.1,Scooter,40,-0.7823381024092951,Medium,Clear,Vashi,-0.9218150292777434,True
TW102576,2026-07-29 07:10:00,2026-07-29 07:17:00,-1.296903219953631,7.0,Motorcycle,30,0.0007544243996247222,High,Clear,Thane West,-0.7831531501454242,True
TW101013,2026-07-28 10:25:00,2026-07-28 10:52:36,1.6811903820848677,27.6,Motorcycle,44,-0.7823381024092951,Medium,Overcast,Bhandup,2.195509438622912,False
TW101179,2026-07-20 19:49:00,2026-07-20 19:56:36,-0.7762299014515357,7.6,Scooter,36,-1.3043997869485757,Low,Clear,Thane West,-0.6444912710131051,True
TW101187,2026-07-27 13:08:00,2026-07-27 13:18:06,-0.7525629324287132,10.1,Motorcycle,30,-2.348523156027136,Low,Clear,Dombivli,0.2953281319948354,True
TW100516,2026-07-21 01:55:00,2026-07-21 02:01:30,0.2177827975070093,6.5,Scooter,43,-2.0874923137574957,Medium,Rain,Mulund,1.7897950515320529,True
TW100682,2026-07-05 01:33:00,2026-07-05 01:42:18,0.39528506517817813,9.3,Motorcycle,28,-0.26027641787001443,High,Clear,Bhandup,-0.6239487704009097,True
TW101050,2026-07-30 09:21:00,2026-07-30 09:32:54,-0.5711161699204074,11.9,Scooter,21,0.7838469512085445,Medium,Rain,Kalyan,0.6188725166369135,True
TW103287,2026-07-19 20:32:00,2026-07-19 20:40:18,-1.0602335297254057,8.3,Scooter,31,-0.5213072601396559,Medium,Clear,Bhandup,1.5895056705631472,True
TW101967,2026-07-02 15:25:00,2026-07-02 15:33:00,-0.3581134487150048,8.0,Scooter,30,0.2617852666692662,Low,Overcast,Bhandup,-0.8242381513698152,True
TW101249,2026-07-19 18:07:00,2026-07-19 18:15:24,-0.17666668620669893,8.4,Motorcycle,43,0.5228161089389054,Medium,Clear,Mulund,0.16180187801556525,True
TW103238,2026-07-08 11:54:00,2026-07-08 12:06:18,0.6635107141035002,12.3,Scooter,36,-0.7823381024092951,Medium,Clear,Mulund,0.18748000378080945,True
TW102152,2026-07-07 13:36:00,2026-07-07 13:40:00,-0.35022445904073063,4.0,Motorcycle,22,-1.3043997869485757,Low,Overcast,Kalyan,-0.9218150292777434,True
TW100910,2026-07-08 05:02:00,2026-07-08 05:12:00,0.1704488594613646,10.0,Scooter,28,-1.3043997869485757,Low,Clear,Navi Mumbai,-0.22850563361614779,True
TW103731,2026-07-02 17:33:00,2026-07-02 17:44:42,0.25328325104124333,11.7,Motorcycle,23,-0.7823381024092951,Low,Clear,Kalyan,-0.9166794041246945,True
TW104657,2026-07-09 15:30:00,2026-07-09 16:09:42,2.550951493673595,39.7,Motorcycle,38,-0.26027641787001443,Medium,Clear,Mumbra,0.30559938230093314,False
TW100570,2026-07-08 04:56:00,2026-07-08 05:00:12,-0.7288959634058907,4.2,Electric Scooter,27,0.2617852666692662,Low,Clear,Airoli,2.8734119588253613,True
TW103033,2026-07-10 21:41:00,2026-07-10 21:48:24,0.03633603499870345,7.4,Scooter,31,0.0007544243996247222,High,Clear,Mumbra,0.3723625092905684,True
TW104411,2026-07-21 11:27:00,2026-07-21 11:31:12,-0.9892326226569382,4.2,Motorcycle,24,-0.26027641787001443,Medium,Clear,Kalyan,-0.8704587777472548,True
TW102243,2026-07-08 15:01:00,2026-07-08 15:07:48,-0.7604519221029874,6.8,Motorcycle,39,-0.26027641787001443,Medium,Rain,Mumbra,-0.33121813667712485,True
TW103706,2026-07-15 14:12:00,2026-07-15 14:19:36,-0.062276335929723654,7.6,Electric Scooter,39,-0.5213072601396559,Medium,Clear,Navi Mumbai,1.2762325362271671,True
TW102162,2026-07-30 12:29:00,2026-07-30 12:46:24,0.580676322523621,17.4,Scooter,20,-1.0433689446789354,Low,Clear,Airoli,1.0502650294930174,True
TW100726,2026-07-27 23:45:00,2026-07-27 23:52:24,-0.6618395511745603,7.4,Motorcycle,24,0.5228161089389054,Low,Rain,Mumbra,4.711965763616852,True
TW100221,2026-07-01 17:36:00,2026-07-01 17:54:12,1.184184032605595,18.2,Scooter,40,-1.8264614714878553,Medium,Clear,Navi Mumbai,-0.9115437789716456,True
TW100236,2026-07-21 12:30:00,2026-07-21 12:41:00,-0.8551197981942774,11.0,Scooter,37,0.0007544243996247222,Medium,Overcast,Airoli,-0.6393556458600562,True
TW100092,2026-07-22 08:47:00,2026-07-22 09:12:00,1.5155215989251103,25.0,Motorcycle,37,0.7838469512085445,Medium,Clear,Mumbra,-0.7009831476966425,True
TW104691,2026-07-21 06:54:00,2026-07-21 07:07:30,-0.8077858601486324,13.5,Scooter,21,-0.5213072601396559,Medium,Clear,Navi Mumbai,-0.3414893869832226,True
TW101918,2026-07-09 10:12:00,2026-07-09 10:24:24,0.3163951684354364,12.4,Scooter,42,-0.26027641787001443,High,Clear,Bhandup,-0.4647443906563951,True
TW104075,2026-07-30 17:39:00,2026-07-30 18:09:42,1.9533605258473263,30.7,Scooter,21,0.5228161089389054,High,Overcast,Dombivli,-0.9218150292777434,False
TW100574,2026-07-12 18:12:00,2026-07-12 18:29:06,0.6122322812207177,17.1,Scooter,27,0.0007544243996247222,Medium,Clear,Vashi,0.3980406350558126,True
TW104553,2026-07-04 18:07:00,2026-07-04 18:14:36,-0.6066166234546412,7.6,Scooter,21,0.5228161089389054,Low,Clear,Vashi,1.4097587902064375,True
TW100728,2026-07-23 22:30:00,2026-07-23 22:34:00,-0.8669532827056886,4.0,Scooter,43,-2.0874923137574957,Low,Overcast,Kalyan,-0.4596087655033463,True
TW101411,2026-07-05 22:13:00,2026-07-05 22:54:30,2.550951493673595,41.5,Motorcycle,44,-0.7823381024092951,Low,Overcast,Navi Mumbai,-0.9166794041246945,False
TW104530,2026-07-20 18:39:00,2026-07-20 18:46:36,-1.3166256941393162,7.6,Electric Scooter,35,1.8279703202871058,Medium,Clear,Mumbra,1.0759431552582617,True
TW101399,2026-07-24 00:51:00,2026-07-24 01:17:54,2.3675324837467207,26.9,Scooter,40,0.2617852666692662,Medium,Clear,Dombivli,-0.7317968986149357,False
TW104031,2026-07-08 10:35:00,2026-07-08 10:40:48,-0.03466487206976395,5.8,Scooter,20,-0.5213072601396559,Medium,Clear,Vashi,-0.048758753259437904,True
TW103303,2026-07-28 02:52:00,2026-07-28 02:56:00,-1.296903219953631,4.0,Scooter,26,0.0007544243996247222,Medium,Clear,Airoli,-0.21823438331005007,True
TW103047,2026-07-23 12:48:00,2026-07-23 13:11:42,1.4405761970195055,23.7,Electric Scooter,35,1.5669394780174666,Medium,Rain,Bhandup,0.45453251173934994,True
TW103788,2026-07-22 02:41:00,2026-07-22 03:03:18,0.5885653121978953,22.3,Scooter,25,0.7838469512085445,High,Clear,Ghodbunder Road,0.02827562403629489,True
TW104143,2026-07-01 14:59:00,2026-07-01 15:06:12,-0.40544738676064984,7.2,Scooter,37,-1.565430629218215,Medium,Clear,Airoli,-0.9218150292777434,True
TW100200,2026-07-04 08:08:00,2026-07-04 08:13:24,0.028447045324429446,5.4,Electric Scooter,31,-0.5213072601396559,Medium,Clear,Ghodbunder Road,-0.4236593894320044,True
TW104334,2026-07-28 00:37:00,2026-07-28 00:49:42,-0.275279057135126,12.7,Motorcycle,24,0.2617852666692662,Low,Overcast,Airoli,-0.9218150292777434,True
TW101304,2026-07-04 14:43:00,2026-07-04 14:57:18,0.7424006108462415,14.3,Motorcycle,25,1.044877793478186,High,Clear,Mumbra,-0.7574750243801799,True
TW101277,2026-07-25 22:06:00,2026-07-25 22:29:18,0.9120138888431364,23.3,Scooter,33,-1.3043997869485757,Medium,Clear,Mumbra,-0.7369325237679845,True
TW101628,2026-07-11 07:16:00,2026-07-11 07:34:00,0.6556217244292257,18.0,Motorcycle,23,1.044877793478186,High,Clear,Mumbra,2.5087825729588924,True
TW103043,2026-07-16 14:31:00,2026-07-16 14:48:18,1.4839656402280137,17.3,Scooter,28,-0.7823381024092951,Low,Clear,Ghodbunder Road,-0.5982706446356655,True
TW100251,2026-07-11 23:57:00,2026-07-12 00:17:48,1.649634423387771,20.8,Scooter,35,1.3059086357478251,Low,Clear,Mulund,-0.860187527441157,True
TW103479,2026-07-17 06:14:00,2026-07-17 06:28:24,-0.026775882395489604,14.4,Scooter,19,0.7838469512085445,Low,Clear,Mulund,-0.4596087655033463,True
TW104107,2026-07-06 10:18:00,2026-07-06 10:35:12,0.9514588372145071,17.2,Scooter,39,0.5228161089389054,Low,Rain,Bhandup,-0.9218150292777434,True
TW103918,2026-07-07 05:32:00,2026-07-07 05:50:00,0.4426190032238232,18.0,Scooter,20,-0.5213072601396559,Medium,Clear,Ghodbunder Road,-0.18742063239175702,True
TW103441,2026-07-10 10:43:00,2026-07-10 10:47:00,-0.9695101484712529,4.0,Electric Scooter,39,1.5669394780174666,Low,Clear,Mumbra,2.0671188097966904,True
TW102577,2026-07-18 16:12:00,2026-07-18 16:16:00,-0.7052289943830683,4.0,Motorcycle,36,-1.3043997869485757,Low,Clear,Mulund,-0.7472037740740822,True
TW103764,2026-07-22 19:16:00,2026-07-22 19:35:18,1.223628980976966,19.3,Motorcycle,28,-1.0433689446789354,Low,Clear,Airoli,-0.4031168888198089,True
TW101487,2026-07-03 21:46:00,2026-07-03 22:04:54,1.0697936823286196,18.9,Scooter,27,1.5669394780174666,Low,Rain,Airoli,1.522742543573512,True
TW103234,2026-07-21 01:47:00,2026-07-21 02:05:00,0.904124899168862,18.0,Motorcycle,32,-0.26027641787001443,High,Clear,Kalyan,0.885925024595454,True
TW104388,2026-07-25 15:49:00,2026-07-25 15:57:12,-0.3817804177378273,8.2,Motorcycle,44,-0.5213072601396559,High,Clear,Airoli,0.12071687679117438,True
TW103481,2026-07-25 12:12:00,2026-07-25 12:30:18,0.7424006108462415,18.3,Scooter,30,0.2617852666692662,High,Clear,Mulund,-0.9218150292777434,True
TW100900,2026-07-01 03:06:00,2026-07-01 03:15:54,-0.39361390224923865,9.9,Motorcycle,27,-1.3043997869485757,Low,Overcast,Airoli,0.8191618976058187,True
TW102317,2026-07-04 21:18:00,2026-07-04 21:31:18,0.38739607550390415,13.3,Motorcycle,40,0.2617852666692662,Low,Clear,Kalyan,-0.19769188269785462,True
TW104935,2026-07-20 05:27:00,2026-07-20 05:42:18,-0.1490552223467394,15.3,Electric Scooter,25,-0.26027641787001443,Medium,Clear,Mulund,-0.9218150292777434,True
TW103996,2026-07-18 08:55:00,2026-07-18 09:03:42,-1.0010661071683495,8.7,Scooter,42,1.8279703202871058,High,Clear,Kalyan,-0.08984375448382867,True
TW104504,2026-07-11 21:10:00,2026-07-11 21:15:54,-0.6697285408488345,5.9,Motorcycle,23,1.044877793478186,Medium,Clear,Dombivli,-0.5777281440234701,True
TW104385,2026-07-10 13:07:00,2026-07-10 13:31:18,1.4721321557166018,24.3,Scooter,37,0.0007544243996247222,High,Clear,Dombivli,1.1272994067887505,True
TW100733,2026-07-26 23:09:00,2026-07-26 23:13:00,-0.7210069737316165,4.0,Electric Scooter,36,-0.7823381024092951,Medium,Clear,Dombivli,0.2953281319948354,True
TW103778,2026-07-21 21:09:00,2026-07-21 21:23:12,0.22961628201842066,14.2,Motorcycle,44,0.0007544243996247222,Low,Rain,Thane West,-0.6547625213192029,True
TW103459,2026-07-24 17:57:00,2026-07-24 18:13:18,-0.16483320169528776,16.3,Scooter,28,1.3059086357478251,Low,Clear,Bhandup,1.4765219171960724,True
TW104260,2026-07-05 09:29:00,2026-07-05 09:33:00,-0.6381725821517378,4.0,Scooter,26,-0.5213072601396559,High,Overcast,Thane West,0.01800437373019717,True
TW104578,2026-07-28 08:25:00,2026-07-28 08:30:42,-1.0602335297254057,5.7,Electric Scooter,31,-0.5213072601396559,High,Clear,Bhandup,-0.07443687902468209,True
TW102679,2026-07-30 10:01:00,2026-07-30 10:20:18,1.0461267133057972,19.3,Scooter,33,1.5669394780174666,High,Clear,Navi Mumbai,1.0451294043399686,True
TW104025,2026-07-07 06:54:00,2026-07-07 07:04:54,-0.5356157163861737,10.9,Motorcycle,19,-1.0433689446789354,High,Clear,Ghodbunder Road,-0.8755944029003037,True
TW103518,2026-07-19 05:54:00,2026-07-19 05:58:06,-1.1785683748395184,4.1,Scooter,35,0.5228161089389054,Low,Clear,Thane West,1.6459975472466848,True
TW102784,2026-07-16 12:25:00,2026-07-16 12:42:48,0.9514588372145071,17.8,Scooter,27,-1.565430629218215,Low,Clear,Bhandup,-0.5161006421868838,True
TW103407,2026-07-27 01:53:00,2026-07-27 02:05:06,-1.1233454471195992,12.1,Scooter,20,0.7838469512085445,Low,Overcast,Kalyan,-0.9218150292777434,True
TW101991,2026-07-04 03:18:00,2026-07-04 03:22:12,-0.4527813248062949,4.2,Motorcycle,19,-0.5213072601396559,Low,Clear,Ghodbunder Road,0.21829375469910262,True
TW100616,2026-07-22 16:16:00,2026-07-22 16:40:42,1.8389701755703514,24.7,Motorcycle,37,-1.3043997869485757,Medium,Clear,Mumbra,2.5190538232649904,True
TW100317,2026-07-07 07:17:00,2026-07-07 07:21:00,-0.4212253661091982,4.0,Scooter,35,0.5228161089389054,High,Clear,Bhandup,1.2351475350027763,True
TW102030,2026-07-02 15:21:00,2026-07-02 15:26:00,-1.016844086516898,5.0,Motorcycle,20,1.044877793478186,Low,Clear,Bhandup,-0.8242381513698152,True
TW102655,2026-07-04 03:02:00,2026-07-04 03:14:00,-0.9616211587969785,12.0,Scooter,27,0.2617852666692662,Medium,Clear,Bhandup,-0.4750156409624928,True
TW102434,2026-07-03 19:43:00,2026-07-03 19:47:00,-1.3876266012077836,4.0,Scooter,32,0.0007544243996247222,High,Rain,Navi Mumbai,-0.2644550096874898,True
TW103872,2026-07-03 00:30:00,2026-07-03 00:50:12,0.9238473733545474,20.2,Scooter,27,0.0007544243996247222,Low,Clear,Vashi,-0.4904225164216394,True
TW103862,2026-07-01 02:42:00,2026-07-01 03:07:36,1.274907413859748,25.6,Motorcycle,25,-0.5213072601396559,High,Clear,Vashi,-0.1360643808612684,False
TW104409,2026-07-19 11:37:00,2026-07-19 11:41:42,-0.8077858601486324,4.7,Scooter,26,-0.26027641787001443,Low,Rain,Airoli,-0.9218150292777434,True
TW104900,2026-07-24 01:07:00,2026-07-24 01:11:36,-1.0996784780967768,4.6,Motorcycle,44,1.8279703202871058,Low,Overcast,Thane West,-0.469880015809444,True
TW102717,2026-07-27 22:37:00,2026-07-27 22:49:42,0.0797254782072115,12.7,Motorcycle,36,-1.0433689446789354,Low,Rain,Mumbra,-0.9218150292777434,True
TW102834,2026-07-17 22:59:00,2026-07-17 23:19:54,0.7266226314976931,20.9,Scooter,43,0.7838469512085445,Low,Overcast,Bhandup,0.3826337595966661,True
TW104396,2026-07-18 11:52:00,2026-07-18 12:06:36,1.0776826720028938,14.6,Scooter,40,1.044877793478186,Medium,Rain,Vashi,-0.6598981464722518,True
TW102805,2026-07-10 10:39:00,2026-07-10 10:51:54,0.008724571138744096,12.9,Scooter,32,-1.565430629218215,High,Overcast,Ghodbunder Road,1.6151837963283913,True
TW102479,2026-07-17 17:13:00,2026-07-17 17:21:54,-0.010997903046941603,8.9,Scooter,36,1.044877793478186,Low,Clear,Mulund,2.714207579080847,True
TW103879,2026-07-30 18:51:00,2026-07-30 18:59:12,-0.13327724299819105,8.2,Motorcycle,44,1.044877793478186,High,Clear,Thane West,0.5675162651064248,True
TW100405,2026-07-30 05:53:00,2026-07-30 06:17:12,1.3853532692995862,24.2,Motorcycle,19,-1.565430629218215,Medium,Clear,Kalyan,-0.7728818998393265,True
TW102315,2026-07-13 00:10:00,2026-07-13 00:23:48,0.3716180961553558,13.8,Electric Scooter,39,0.0007544243996247222,Medium,Rain,Thane West,-0.17201375693261042,True
TW100968,2026-07-28 23:44:00,2026-07-29 00:11:42,1.7127463407819645,27.7,Scooter,19,-1.3043997869485757,Medium,Overcast,Mumbra,-0.6804406470844471,False
TW103401,2026-07-20 21:54:00,2026-07-20 22:06:54,-0.13722173783532807,12.9,Motorcycle,27,0.2617852666692662,Medium,Clear,Kalyan,-0.6701693967783494,True
TW104225,2026-07-21 04:24:00,2026-07-21 04:38:18,-0.3581134487150048,14.3,Motorcycle,41,0.2617852666692662,Medium,Rain,Mumbra,-0.37743876305456464,True
TW101465,2026-07-04 02:17:00,2026-07-04 02:27:00,-0.2871125416465374,10.0,Motorcycle,43,1.3059086357478251,High,Clear,Mulund,-0.9218150292777434,True
TW100584,2026-07-04 08:13:00,2026-07-04 08:41:42,2.5055898030465182,28.7,Scooter,30,-1.0433689446789354,Low,Clear,Mumbra,-0.6907118973905447,False
TW103487,2026-07-06 22:37:00,2026-07-06 22:49:36,0.844957476611806,12.6,Motorcycle,42,0.0007544243996247222,Medium,Overcast,Ghodbunder Road,-0.2490481342283432,True
TW102372,2026-07-25 21:55:00,2026-07-25 22:04:48,0.0521140143472518,9.8,Scooter,34,0.2617852666692662,Low,Clear,Mumbra,-0.5366431427990792,True
TW102208,2026-07-16 13:34:00,2026-07-16 13:42:48,-0.5198377370376253,8.8,Motorcycle,44,-0.26027641787001443,Low,Clear,Bhandup,-0.1360643808612684,True
TW104980,2026-07-15 13:58:00,2026-07-15 14:10:24,-0.014942397884078603,12.4,Scooter,24,-1.0433689446789354,Medium,Clear,Mulund,0.1772087534747117,True
TW101451,2026-07-28 17:49:00,2026-07-28 18:02:06,0.26117224071551737,13.1,Electric Scooter,19,-1.0433689446789354,Low,Clear,Airoli,-0.8550519022881081,True
TW103239,2026-07-20 08:11:00,2026-07-20 08:30:00,0.1862268388099126,19.0,Motorcycle,30,1.5669394780174666,Medium,Clear,Dombivli,-0.33121813667712485,True
TW101421,2026-07-23 22:45:00,2026-07-23 23:04:00,0.8370684869375316,19.0,Scooter,34,1.5669394780174666,Low,Clear,Mumbra,0.5777875154125226,True
TW101571,2026-07-08 15:34:00,2026-07-08 15:38:00,-1.1864573645137924,4.0,Scooter,29,-0.7823381024092951,Medium,Clear,Kalyan,0.22856500500520033,True
TW101667,2026-07-27 06:26:00,2026-07-27 06:47:42,0.6358992502435404,21.7,Scooter,39,0.5228161089389054,Medium,Clear,Dombivli,-0.9115437789716456,True
TW104250,2026-07-28 07:28:00,2026-07-28 07:47:18,0.8883469198203137,19.3,Electric Scooter,23,0.2617852666692662,Low,Rain,Mulund,-0.28499751029968523,True
TW103551,2026-07-11 05:00:00,2026-07-11 05:08:12,-0.788063385962947,8.2,Scooter,28,1.5669394780174666,Medium,Clear,Thane West,0.3620912589844707,True
TW100663,2026-07-14 09:21:00,2026-07-14 09:35:42,-0.085943304952546,14.7,Motorcycle,24,0.0007544243996247222,High,Clear,Kalyan,1.4816575423491212,True
TW101533,2026-07-20 22:28:00,2026-07-20 22:38:18,-0.40544738676064984,10.3,Motorcycle,33,0.7838469512085445,High,Rain,Dombivli,-0.9218150292777434,True
TW103531,2026-07-08 09:55:00,2026-07-08 10:15:48,0.16650436462422724,20.8,Scooter,36,0.2617852666692662,Medium,Clear,Kalyan,-0.9218150292777434,True
TW101074,2026-07-25 18:35:00,2026-07-25 19:07:24,1.7482467943161981,32.4,Scooter,23,0.7838469512085445,Low,Overcast,Thane West,1.5432850441857076,False
TW102743,2026-07-22 23:34:00,2026-07-22 23:38:00,-0.7998968704743582,4.0,Scooter,23,1.044877793478186,Medium,Overcast,Vashi,0.562380639953376,True
TW100307,2026-07-27 21:04:00,2026-07-27 21:16:36,0.237505271692695,12.6,Electric Scooter,30,1.3059086357478251,Medium,Clear,Vashi,1.8565581785216878,True
TW101232,2026-07-03 21:43:00,2026-07-03 21:47:06,-1.1233454471195992,4.1,Motorcycle,21,-0.26027641787001443,Medium,Overcast,Navi Mumbai,0.48021063750459436,True
TW100571,2026-07-08 06:59:00,2026-07-08 07:14:12,0.8725689404717653,15.2,Motorcycle,34,0.0007544243996247222,Low,Clear,Ghodbunder Road,0.012868748577148424,True
TW103341,2026-07-03 11:41:00,2026-07-03 11:51:30,-0.1885001707181103,10.5,Scooter,28,0.5228161089389054,Low,Clear,Airoli,-0.5109650170338349,True
TW102659,2026-07-30 03:54:00,2026-07-30 04:17:12,1.3814087744624493,23.2,Motorcycle,32,0.7838469512085445,Low,Clear,Mulund,0.14639500255641857,True
TW103480,2026-07-23 17:57:00,2026-07-23 18:09:12,-0.09777678946395735,12.2,Scooter,44,1.3059086357478251,Medium,Clear,Bhandup,0.1053100013320279,True
TW101194,2026-07-01 22:38:00,2026-07-01 22:47:18,-0.7210069737316165,9.3,Motorcycle,31,1.044877793478186,Low,Clear,Thane West,-0.6393556458600562,True
TW103746,2026-07-30 23:36:00,2026-07-30 23:40:00,-1.3600151373478242,4.0,Motorcycle,25,1.5669394780174666,High,Clear,Dombivli,-0.14633563116736614,True
TW102742,2026-07-27 12:04:00,2026-07-27 12:09:12,-0.5395602112233107,5.2,Scooter,39,1.8279703202871058,High,Overcast,Kalyan,-0.2130987581570012,True
TW100717,2026-07-16 01:19:00,2026-07-16 01:34:24,0.9711813114001924,15.4,Electric Scooter,44,0.5228161089389054,Low,Clear,Kalyan,-0.03848750295334018,True
TW104028,2026-07-14 08:33:00,2026-07-14 08:38:54,-1.2653472612565342,5.9,Scooter,35,1.3059086357478251,Medium,Overcast,Mumbra,-0.2387768839222455,True
TW100912,2026-07-03 18:58:00,2026-07-03 19:23:06,0.8252350024261202,25.1,Scooter,32,-1.565430629218215,High,Overcast,Kalyan,-0.19255625754480576,False
TW101977,2026-07-29 00:38:00,2026-07-29 00:54:48,1.1644615584199096,16.8,Scooter,22,1.044877793478186,High,Clear,Mulund,-0.2387768839222455,True
TW100431,2026-07-01 00:22:00,2026-07-01 00:40:42,1.132905599722813,18.7,Motorcycle,30,0.7838469512085445,Medium,Clear,Vashi,-0.4082525139728578,True
TW101087,2026-07-30 07:21:00,2026-07-30 07:29:00,-0.31472400550649693,8.0,Scooter,32,0.7838469512085445,High,Overcast,Airoli,0.03854687434239261,True
TW101567,2026-07-30 22:56:00,2026-07-30 23:01:06,-0.9261207052627448,5.1,Scooter,24,0.5228161089389054,Medium,Clear,Airoli,1.9644063067357138,True
TW104678,2026-07-29 12:54:00,2026-07-29 13:12:24,0.8370684869375316,18.4,Scooter,32,-1.3043997869485757,Medium,Clear,Vashi,1.8719650539808341,True
TW100446,2026-07-24 03:51:00,2026-07-24 04:02:18,0.3440066322953961,11.3,Electric Scooter,25,0.0007544243996247222,High,Rain,Ghodbunder Road,-0.7369325237679845,True
TW101197,2026-07-07 00:59:00,2026-07-07 01:27:24,2.550951493673595,28.4,Scooter,42,1.044877793478186,High,Clear,Navi Mumbai,-0.3671675127484669,False
TW104599,2026-07-26 06:04:00,2026-07-26 06:10:36,-0.6302835924774636,6.6,Scooter,32,0.5228161089389054,Low,Overcast,Airoli,0.6240081417899622,True
TW101811,2026-07-11 17:51:00,2026-07-11 18:00:30,-0.08199881011540901,9.5,Scooter,27,-1.3043997869485757,Medium,Rain,Navi Mumbai,-0.7882887752984731,True
TW101975,2026-07-22 12:25:00,2026-07-22 12:36:24,2.550951493673595,11.4,Scooter,26,1.044877793478186,Medium,Overcast,Dombivli,-0.4287950145850532,True
TW103450,2026-07-16 08:20:00,2026-07-16 08:49:36,2.550951493673595,29.6,Scooter,31,0.2617852666692662,Medium,Clear,Airoli,-0.4442018900441998,False
TW100262,2026-07-27 03:51:00,2026-07-27 04:01:06,-0.5158932422004882,10.1,Motorcycle,31,-1.0433689446789354,Medium,Clear,Mulund,1.0399937791869194,True
TW101168,2026-07-20 09:19:00,2026-07-20 09:55:06,2.550951493673595,36.1,Scooter,32,-0.5213072601396559,Medium,Clear,Ghodbunder Road,-0.7317968986149357,False
TW100025,2026-07-25 09:26:00,2026-07-25 09:35:30,0.15861537494995326,9.5,Scooter,31,1.8279703202871058,Low,Clear,Ghodbunder Road,-0.2593193845344409,True
TW100152,2026-07-29 21:54:00,2026-07-29 22:14:30,1.4445206918566427,20.5,Scooter,27,-1.8264614714878553,Medium,Overcast,Airoli,1.0810787804113104,True
TW103304,2026-07-04 02:00:00,2026-07-04 02:11:30,-0.366002438389279,11.5,Motorcycle,41,0.2617852666692662,Low,Clear,Kalyan,1.6254550466344893,True
TW104757,2026-07-26 05:34:00,2026-07-26 05:42:48,-0.5356157163861737,8.8,Motorcycle,27,-0.26027641787001443,Medium,Clear,Dombivli,-0.5931350194826165,True
TW103302,2026-07-24 05:15:00,2026-07-24 05:39:30,1.23151797065124,24.5,Scooter,31,-1.565430629218215,Medium,Clear,Navi Mumbai,-0.7626106495332288,True
TW101913,2026-07-03 00:56:00,2026-07-03 01:29:24,2.550951493673595,33.4,Motorcycle,23,0.5228161089389054,Medium,Clear,Mumbra,-0.8653231525942059,False
TW101653,2026-07-11 14:59:00,2026-07-11 15:09:42,-0.5080042525262141,10.7,Scooter,28,-0.5213072601396559,Low,Overcast,Dombivli,-0.9218150292777434,True
TW100507,2026-07-16 00:22:00,2026-07-16 00:34:18,-0.4212253661091982,12.3,Scooter,34,0.2617852666692662,High,Clear,Navi Mumbai,1.281368161380216,True
TW100160,2026-07-06 11:13:00,2026-07-06 11:22:18,-0.3857249125749645,9.3,Scooter,39,-1.3043997869485757,Medium,Overcast,Navi Mumbai,-0.7215256483088379,True
TW103476,2026-07-19 02:44:00,2026-07-19 02:52:30,-0.8630087878685516,8.5,Scooter,37,-1.3043997869485757,Medium,Rain,Kalyan,1.5689631699509516,True
TW104963,2026-07-25 21:50:00,2026-07-25 21:54:00,-1.35212614767355,4.0,Motorcycle,39,0.2617852666692662,Low,Rain,Vashi,-0.6239487704009097,True
TW104988,2026-07-23 16:39:00,2026-07-23 16:52:30,-0.2950015313208116,13.5,Scooter,24,0.2617852666692662,Medium,Clear,Mumbra,0.22856500500520033,True
TW101414,2026-07-09 23:50:00,2026-07-10 00:03:06,-0.09777678946395735,13.1,Scooter,31,1.3059086357478251,Medium,Overcast,Navi Mumbai,-0.9218150292777434,True
TW100712,2026-07-24 05:29:00,2026-07-24 05:34:24,-1.115456457445325,5.4,Motorcycle,22,0.2617852666692662,Medium,Clear,Vashi,-0.09497937963687753,True
TW103442,2026-07-12 06:02:00,2026-07-12 06:07:42,-0.33839097452931943,5.7,Electric Scooter,20,-0.26027641787001443,Medium,Clear,Dombivli,0.7986193969936233,True
TW104408,2026-07-19 16:09:00,2026-07-19 16:24:54,0.0718364885329375,15.9,Motorcycle,25,0.0007544243996247222,Low,Clear,Navi Mumbai,3.14560009193695,True
TW103802,2026-07-02 19:00:00,2026-07-02 19:14:06,0.30061718908688806,14.1,Motorcycle,21,-0.26027641787001443,Medium,Clear,Kalyan,6.678910197234563,True
TW104592,2026-07-29 18:25:00,2026-07-29 18:43:24,0.4820639515951939,18.4,Scooter,42,-0.26027641787001443,Low,Clear,Mumbra,-0.9218150292777434,True
TW104451,2026-07-13 06:54:00,2026-07-13 07:22:24,1.9770274948701492,28.4,Motorcycle,27,1.3059086357478251,Low,Clear,Navi Mumbai,-0.5725925188704211,False
TW100828,2026-07-29 23:49:00,2026-07-29 23:56:12,0.3163951684354364,7.2,Scooter,19,-0.26027641787001443,High,Overcast,Dombivli,0.059089374954588055,True
TW100007,2026-07-14 15:53:00,2026-07-14 15:59:36,-0.5868941492689557,6.6,Motorcycle,27,-0.26027641787001443,Low,Rain,Ghodbunder Road,-0.5623212685643234,True
TW101106,2026-07-25 03:27:00,2026-07-25 03:41:24,0.17439335429850158,14.4,Motorcycle,23,0.2617852666692662,Low,Clear,Mulund,-0.5879993943295678,True
TW100382,2026-07-14 06:47:00,2026-07-14 06:53:18,-1.0365665607025834,6.3,Motorcycle,33,0.0007544243996247222,High,Clear,Airoli,0.20802250439300488,True
TW103537,2026-07-23 06:17:00,2026-07-23 06:25:24,-0.2950015313208116,8.4,Electric Scooter,27,0.2617852666692662,High,Clear,Ghodbunder Road,0.2953281319948354,True
TW100030,2026-07-18 16:40:00,2026-07-18 16:56:42,-0.3896694074121015,16.7,Scooter,32,0.0007544243996247222,High,Rain,Mumbra,0.1823443786277607,True
TW104033,2026-07-27 03:41:00,2026-07-27 04:03:00,-0.026775882395489604,22.0,Electric Scooter,26,1.5669394780174666,Medium,Clear,Mulund,-0.38771001336066235,True
TW101046,2026-07-24 05:06:00,2026-07-24 05:12:12,-0.8511753033571403,6.2,Electric Scooter,42,-1.0433689446789354,Low,Clear,Airoli,2.1544244373985215,True
TW103538,2026-07-16 00:40:00,2026-07-16 00:48:36,-0.3778359229006903,8.6,Scooter,41,0.7838469512085445,Medium,Overcast,Ghodbunder Road,-0.38771001336066235,True
TW100623,2026-07-01 11:27:00,2026-07-01 11:33:54,-0.5356157163861737,6.9,Scooter,27,0.7838469512085445,Medium,Clear,Ghodbunder Road,1.4508437914308283,True
TW100918,2026-07-25 16:58:00,2026-07-25 17:12:54,0.24539426136696899,14.9,Scooter,21,0.0007544243996247222,High,Clear,Mulund,-0.8396450268289616,True
TW102371,2026-07-08 20:28:00,2026-07-08 20:33:00,2.550951493673595,5.0,Motorcycle,42,0.5228161089389054,High,Overcast,Mulund,-0.11552188024907296,True
TW102595,2026-07-14 15:06:00,2026-07-14 15:18:54,-0.0583318410925863,12.9,Scooter,32,0.5228161089389054,Medium,Clear,Airoli,-0.29526876060578294,True
TW100208,2026-07-25 11:54:00,2026-07-25 12:05:24,-0.6066166234546412,11.4,Scooter,26,-3.1316156828360557,Low,Clear,Vashi,-0.6393556458600562,True
TW104058,2026-07-07 03:26:00,2026-07-07 03:34:48,-0.10961027397536871,8.8,Scooter,34,1.8279703202871058,Low,Rain,Dombivli,-0.5725925188704211,True
TW101936,2026-07-28 16:28:00,2026-07-28 16:36:48,-0.417280871272061,8.8,Motorcycle,36,-0.26027641787001443,Low,Clear,Vashi,0.4237187608210568,True
TW104519,2026-07-06 14:47:00,2026-07-06 15:05:18,0.1467818904385419,18.3,Scooter,27,0.5228161089389054,High,Overcast,Airoli,2.277679441071694,True
TW101720,2026-07-30 23:42:00,2026-07-30 23:46:00,-0.4764482938291174,4.0,Motorcycle,26,0.7838469512085445,Low,Clear,Kalyan,2.688529453315603,True
TW100797,2026-07-30 21:06:00,2026-07-30 21:27:36,0.6556217244292257,21.6,Electric Scooter,39,-0.26027641787001443,Medium,Clear,Dombivli,-0.9218150292777434,True
TW102049,2026-07-06 15:59:00,2026-07-06 16:03:00,-0.740729447917302,4.0,Motorcycle,20,-1.3043997869485757,Low,Rain,Thane West,0.1053100013320279,True
TW102396,2026-07-13 10:29:00,2026-07-13 10:45:12,1.176295042931321,16.2,Scooter,37,1.044877793478186,Low,Clear,Airoli,3.0274807134168267,True
TW101352,2026-07-19 00:29:00,2026-07-19 00:42:48,-0.0583318410925863,13.8,Motorcycle,21,1.3059086357478251,Medium,Clear,Kalyan,-0.03335187780029132,True
TW102219,2026-07-19 20:34:00,2026-07-19 20:44:42,0.35189562196967045,10.7,Motorcycle,28,1.5669394780174666,Low,Clear,Vashi,-0.7369325237679845,True
TW100646,2026-07-11 14:57:00,2026-07-11 15:04:00,-0.13327724299819105,7.0,Motorcycle,41,1.044877793478186,Medium,Clear,Thane West,-0.6239487704009097,True
TW103955,2026-07-23 11:08:00,2026-07-23 11:13:30,-0.7722854066143987,5.5,Motorcycle,34,0.5228161089389054,Low,Overcast,Mumbra,-0.8191025262167662,True
TW104237,2026-07-26 23:48:00,2026-07-26 23:52:00,-1.3402926631621388,4.0,Scooter,22,0.2617852666692662,High,Rain,Airoli,0.26451438107654224,True
TW102175,2026-07-10 16:09:00,2026-07-10 16:34:24,2.213697185098374,25.4,Motorcycle,30,0.7838469512085445,Medium,Rain,Thane West,-0.17201375693261042,False
TW100836,2026-07-24 11:10:00,2026-07-24 11:14:00,-1.1470124161424218,4.0,Scooter,42,0.5228161089389054,High,Overcast,Kalyan,-0.24391250907529435,True
TW102470,2026-07-05 14:11:00,2026-07-05 14:21:18,0.040280529835840795,10.3,Scooter,44,0.2617852666692662,High,Clear,Mumbra,-0.9218150292777434,True
TW103504,2026-07-22 16:38:00,2026-07-22 16:58:06,1.0421822184686602,20.1,Motorcycle,25,-1.3043997869485757,High,Clear,Mulund,-0.8088312759106685,True
TW102587,2026-07-02 08:31:00,2026-07-02 08:35:00,-1.0641780245625427,4.0,Electric Scooter,38,0.0007544243996247222,Low,Clear,Thane West,-0.7780175249923754,True
TW101139,2026-07-03 19:21:00,2026-07-03 19:34:42,0.7266226314976931,13.7,Motorcycle,30,-0.7823381024092951,Medium,Clear,Airoli,-0.326082511524076,True
TW102685,2026-07-03 08:34:00,2026-07-03 08:46:12,-0.3581134487150048,12.2,Motorcycle,24,0.0007544243996247222,Medium,Rain,Airoli,-0.18228500723870816,True
TW101660,2026-07-25 06:56:00,2026-07-25 07:05:06,-0.3186685003436339,9.1,Motorcycle,20,-0.26027641787001443,High,Clear,Thane West,-0.8755944029003037,True
TW104037,2026-07-04 08:06:00,2026-07-04 08:22:36,0.3085061787611624,16.6,Electric Scooter,31,1.3059086357478251,Medium,Overcast,Navi Mumbai,-0.9218150292777434,True
TW101342,2026-07-23 07:42:00,2026-07-23 07:53:48,-0.2200561294152068,11.8,Scooter,33,0.2617852666692662,Medium,Clear,Mumbra,0.3107350074539821,True
TW103859,2026-07-14 13:00:00,2026-07-14 13:07:30,0.39134057034104114,7.5,Scooter,32,0.7838469512085445,Low,Clear,Dombivli,-0.8345094016759128,True
TW104827,2026-07-07 13:11:00,2026-07-07 13:15:00,-1.2061798386994778,4.0,Scooter,39,-1.3043997869485757,Medium,Rain,Navi Mumbai,-0.9218150292777434,True
TW101383,2026-07-30 15:50:00,2026-07-30 16:16:06,1.1565725687456356,26.1,Scooter,21,-0.7823381024092951,Low,Rain,Navi Mumbai,0.8499756485241119,False
TW100373,2026-07-16 20:38:00,2026-07-16 20:48:42,2.550951493673595,10.7,Scooter,29,1.5669394780174666,High,Rain,Kalyan,0.6599575178613042,True
TW102267,2026-07-20 21:50:00,2026-07-20 21:54:00,-1.0996784780967768,4.0,Scooter,20,0.2617852666692662,Low,Rain,Ghodbunder Road,-0.9218150292777434,True
TW103867,2026-07-01 14:44:00,2026-07-01 14:54:12,-0.062276335929723654,10.2,Scooter,33,-0.7823381024092951,Medium,Clear,Navi Mumbai,0.12071687679117438,True
TW102381,2026-07-21 20:42:00,2026-07-21 20:48:48,-0.8590642930314144,6.8,Motorcycle,40,0.2617852666692662,Low,Rain,Thane West,-0.04362312810638904,True
TW102273,2026-07-03 03:31:00,2026-07-03 03:46:12,0.19411582848418696,15.2,Electric Scooter,39,1.3059086357478251,High,Rain,Dombivli,-0.5828637691765188,True
TW104308,2026-07-17 11:07:00,2026-07-17 11:17:18,-0.24372309843802933,10.3,Electric Scooter,44,-2.6095539982967764,High,Clear,Navi Mumbai,-0.505829391880786,True
TW104655,2026-07-19 15:34:00,2026-07-19 15:45:06,-0.33839097452931943,11.1,Scooter,35,0.0007544243996247222,High,Overcast,Mumbra,-0.9064081538185967,True
TW101137,2026-07-09 14:34:00,2026-07-09 14:44:42,-0.5908386441060929,10.7,Scooter,32,-1.8264614714878553,Low,Clear,Kalyan,-0.7985600256045708,True
TW104278,2026-07-30 15:00:00,2026-07-30 15:06:54,-0.7170624788944795,6.9,Electric Scooter,25,-1.3043997869485757,Medium,Overcast,Navi Mumbai,-0.9115437789716456,True
TW103408,2026-07-05 05:38:00,2026-07-05 05:52:06,-0.15694421202101358,14.1,Motorcycle,20,-0.5213072601396559,Medium,Clear,Vashi,-0.9218150292777434,True
TW100750,2026-07-13 21:29:00,2026-07-13 21:46:30,0.3440066322953961,17.5,Scooter,28,1.8279703202871058,Low,Rain,Kalyan,0.5726518902594736,True
TW101434,2026-07-26 03:41:00,2026-07-26 04:05:48,0.7147891469862822,24.8,Scooter,37,-0.5213072601396559,Medium,Clear,Mumbra,-0.3055400109118807,True
TW100813,2026-07-01 22:04:00,2026-07-01 22:18:30,0.7266226314976931,14.5,Electric Scooter,24,1.5669394780174666,High,Overcast,Thane West,-0.31067563606492954,True
TW100837,2026-07-29 18:38:00,2026-07-29 18:53:54,0.35189562196967045,15.9,Motorcycle,44,0.5228161089389054,Medium,Clear,Bhandup,-0.9218150292777434,True
TW103424,2026-07-05 11:52:00,2026-07-05 11:59:24,-0.5750606647575445,7.4,Motorcycle,27,-1.3043997869485757,High,Rain,Vashi,-0.9012725286655479,True
TW104965,2026-07-03 22:02:00,2026-07-03 22:22:36,1.4839656402280137,20.6,Scooter,23,1.5669394780174666,Medium,Clear,Vashi,-0.44933751519724857,True
TW103462,2026-07-19 19:59:00,2026-07-19 20:07:06,-0.13327724299819105,8.1,Scooter,40,1.044877793478186,High,Clear,Mumbra,-0.5828637691765188,True
TW103311,2026-07-25 03:07:00,2026-07-25 03:24:00,-0.35022445904073063,17.0,Scooter,23,-1.0433689446789354,High,Clear,Airoli,0.4237187608210568,True
TW103018,2026-07-12 21:31:00,2026-07-12 21:42:06,0.1152259317414452,11.1,Motorcycle,36,0.0007544243996247222,Medium,Rain,Thane West,-0.1771493820856593,True
TW100676,2026-07-20 09:12:00,2026-07-20 09:18:36,-0.5316712215490365,6.6,Motorcycle,26,1.3059086357478251,Low,Overcast,Thane West,0.5315668890350828,True
TW101526,2026-07-12 04:35:00,2026-07-12 04:47:48,0.4347300135495492,12.8,Scooter,41,1.044877793478186,Medium,Rain,Ghodbunder Road,-0.9218150292777434,True
TW104661,2026-07-14 19:01:00,2026-07-14 19:21:42,0.0205580556501551,20.7,Motorcycle,22,1.8279703202871058,Medium,Clear,Navi Mumbai,-0.28499751029968523,True
TW103330,2026-07-20 00:12:00,2026-07-20 00:27:48,0.3163951684354364,15.8,Scooter,39,1.3059086357478251,Medium,Clear,Vashi,2.4009344447448666,True
TW101148,2026-07-09 15:09:00,2026-07-09 15:26:42,1.1526280739084982,17.7,Motorcycle,32,-0.26027641787001443,Medium,Clear,Ghodbunder Road,0.6907712687795973,True
TW102130,2026-07-05 07:14:00,2026-07-05 07:30:18,-0.5750606647575445,16.3,Scooter,44,-0.7823381024092951,Low,Clear,Vashi,0.5521093896472782,True
TW100722,2026-07-15 16:36:00,2026-07-15 16:49:24,-0.038609366906900956,13.4,Electric Scooter,19,-1.0433689446789354,Low,Rain,Kalyan,-0.4442018900441998,True
TW104907,2026-07-13 12:51:00,2026-07-13 13:08:36,0.5846208173607583,17.6,Motorcycle,42,-0.7823381024092951,High,Overcast,Mulund,0.12071687679117438,True
TW100473,2026-07-29 04:47:00,2026-07-29 05:11:30,2.0559173916128906,24.5,Motorcycle,38,1.044877793478186,High,Rain,Mulund,1.9695419318887626,True
TW102854,2026-07-01 18:00:00,2026-07-01 18:06:06,-0.8156748498229066,6.1,Motorcycle,36,-0.7823381024092951,Low,Clear,Bhandup,-0.3004043857588318,True
TW100612,2026-07-09 09:37:00,2026-07-09 09:41:54,-0.5790051595946815,4.9,Electric Scooter,37,-1.3043997869485757,Medium,Clear,Airoli,1.281368161380216,True
TW101944,2026-07-02 06:38:00,2026-07-02 06:52:36,-0.23583410876375516,14.6,Motorcycle,41,0.5228161089389054,Low,Clear,Dombivli,0.346684383525324,True
TW101925,2026-07-06 20:46:00,2026-07-06 20:54:24,-0.49222627317766576,8.4,Scooter,28,1.8279703202871058,Medium,Overcast,Thane West,0.03854687434239261,True
TW103886,2026-07-09 10:29:00,2026-07-09 10:52:36,1.554966547296481,23.6,Scooter,35,-0.7823381024092951,High,Clear,Vashi,-0.31067563606492954,True
TW101537,2026-07-30 16:53:00,2026-07-30 17:01:36,-0.1135547688125057,8.6,Electric Scooter,40,0.5228161089389054,High,Rain,Ghodbunder Road,-0.6290843955539586,True
TW101316,2026-07-01 05:12:00,2026-07-01 05:18:42,-0.5435047060604478,6.7,Electric Scooter,27,-0.7823381024092951,Medium,Clear,Thane West,1.6459975472466848,True
TW101613,2026-07-07 19:25:00,2026-07-07 19:29:00,-0.9142872207513337,4.0,Electric Scooter,29,1.3059086357478251,High,Clear,Dombivli,3.4896869771912233,True
TW100741,2026-07-01 13:37:00,2026-07-01 13:55:18,1.4524096815309169,18.3,Motorcycle,34,0.7838469512085445,Low,Rain,Mumbra,-0.9218150292777434,True
TW102189,2026-07-30 13:20:00,2026-07-30 13:24:00,-1.0405110555397203,4.0,Motorcycle,28,1.044877793478186,Low,Clear,Thane West,-0.8704587777472548,True
TW103249,2026-07-07 02:27:00,2026-07-07 02:31:00,-1.1351789316310104,4.0,Scooter,39,-0.7823381024092951,High,Clear,Bhandup,0.13612375225032083,True
TW104465,2026-07-10 19:29:00,2026-07-10 19:33:00,2.550951493673595,4.0,Electric Scooter,34,0.7838469512085445,Medium,Clear,Bhandup,-0.7420681489210333,True
TW102792,2026-07-08 07:21:00,2026-07-08 07:35:54,0.0876144678814855,14.9,Motorcycle,32,0.2617852666692662,Low,Clear,Kalyan,0.46993938719849665,True
TW101501,2026-07-30 02:29:00,2026-07-30 02:44:30,0.35978461164394443,15.5,Electric Scooter,43,1.5669394780174666,High,Rain,Airoli,-0.7728818998393265,True
TW102343,2026-07-08 20:31:00,2026-07-08 20:43:54,-0.24372309843802933,12.9,Motorcycle,29,1.5669394780174666,Low,Clear,Vashi,-0.5315075176460303,True
TW101235,2026-07-29 06:35:00,2026-07-29 06:49:12,0.17439335429850158,14.2,Scooter,41,1.8279703202871058,High,Clear,Mulund,0.04368249949544158,True
TW103782,2026-07-08 06:48:00,2026-07-08 06:52:00,-1.2377357973965746,4.0,Motorcycle,36,-0.7823381024092951,High,Clear,Vashi,-0.39798126366676007,True
TW102474,2026-07-12 10:28:00,2026-07-12 10:35:12,-0.8748422723799628,7.2,Motorcycle,20,0.5228161089389054,Low,Clear,Mulund,-0.5879993943295678,True
TW104413,2026-07-20 15:36:00,2026-07-20 15:44:48,-0.8945647465656483,8.8,Electric Scooter,42,0.5228161089389054,High,Clear,Mumbra,0.45453251173934994,True
TW100559,2026-07-13 00:53:00,2026-07-13 01:05:00,-0.6539505615002861,12.0,Electric Scooter,28,0.0007544243996247222,High,Clear,Dombivli,0.8037550221466723,True
TW101175,2026-07-14 12:51:00,2026-07-14 12:57:48,-0.6026721286175041,6.8,Scooter,38,-0.5213072601396559,Medium,Clear,Ghodbunder Road,1.7076250490832712,True
TW101456,2026-07-29 03:18:00,2026-07-29 03:28:00,-1.0799560039110911,10.0,Scooter,27,-1.3043997869485757,Low,Overcast,Navi Mumbai,-0.7882887752984731,True
TW104071,2026-07-20 04:25:00,2026-07-20 04:35:42,2.550951493673595,10.7,Scooter,32,0.5228161089389054,Medium,Clear,Navi Mumbai,-0.10525062994297525,True
TW101807,2026-07-01 05:22:00,2026-07-01 05:39:24,-0.08199881011540901,17.4,Scooter,33,0.2617852666692662,High,Clear,Thane West,1.4611150417369259,True
TW101711,2026-07-26 12:53:00,2026-07-26 13:17:00,1.6417454337134971,24.0,Scooter,19,1.5669394780174666,High,Clear,Navi Mumbai,-0.8139669010637174,True
TW103158,2026-07-09 19:16:00,2026-07-09 20:07:30,2.550951493673595,51.5,Motorcycle,38,1.8279703202871058,Low,Overcast,Mulund,2.33930694290828,False
TW103799,2026-07-25 00:09:00,2026-07-25 00:24:06,-0.1845556758809731,15.1,Electric Scooter,26,0.5228161089389054,Medium,Rain,Thane West,-0.8447806519820106,True
TW104288,2026-07-06 09:49:00,2026-07-06 10:05:24,0.024502550487292447,16.4,Motorcycle,36,1.5669394780174666,Medium,Clear,Airoli,-0.9218150292777434,True
TW102771,2026-07-07 18:40:00,2026-07-07 18:50:30,-0.09777678946395735,10.5,Scooter,44,-0.5213072601396559,High,Rain,Thane West,1.0348581540338706,True
TW103790,2026-07-06 20:08:00,2026-07-06 20:12:42,-0.271334562297989,4.7,Motorcycle,40,0.0007544243996247222,Low,Overcast,Mumbra,-0.31067563606492954,True
TW101328,2026-07-20 06:47:00,2026-07-20 06:52:06,-0.8669532827056886,5.1,Scooter,39,0.2617852666692662,High,Clear,Kalyan,0.02827562403629489,True
TW103165,2026-07-17 00:45:00,2026-07-17 00:49:00,-1.016844086516898,4.0,Motorcycle,28,-1.0433689446789354,Low,Overcast,Thane West,0.08476750071983247,True
TW102468,2026-07-25 00:33:00,2026-07-25 00:48:06,-0.1293327481610539,15.1,Motorcycle,37,-0.5213072601396559,High,Clear,Ghodbunder Road,-0.326082511524076,True
TW100012,2026-07-30 13:56:00,2026-07-30 14:00:00,-1.1509569109795588,4.0,Motorcycle,31,0.7838469512085445,Medium,Clear,Airoli,0.63427939209606,True
TW100138,2026-07-13 11:32:00,2026-07-13 11:40:12,0.12705941625285655,8.2,Motorcycle,26,1.3059086357478251,Low,Clear,Vashi,-0.7882887752984731,True
TW101002,2026-07-17 19:51:00,2026-07-17 20:02:54,1.1605170635827726,11.9,Motorcycle,36,0.0007544243996247222,High,Overcast,Thane West,1.9181856803582742,True
TW102564,2026-07-09 13:22:00,2026-07-09 13:40:54,0.6082877863835807,18.9,Motorcycle,39,0.2617852666692662,Low,Rain,Airoli,-0.048758753259437904,True
TW101127,2026-07-06 22:33:00,2026-07-06 22:37:00,-0.8945647465656483,4.0,Electric Scooter,44,-0.26027641787001443,High,Clear,Bhandup,-0.2130987581570012,True
TW100082,2026-07-04 23:37:00,2026-07-04 23:43:42,-1.024733076191172,6.7,Scooter,24,-2.6095539982967764,High,Clear,Kalyan,0.3210062577600798,True
TW104610,2026-07-24 02:29:00,2026-07-24 02:51:42,1.4839656402280137,22.7,Electric Scooter,26,-0.7823381024092951,Medium,Clear,Navi Mumbai,-0.7215256483088379,True
TW102719,2026-07-14 07:15:00,2026-07-14 07:19:00,-1.1785683748395184,4.0,Electric Scooter,23,-0.26027641787001443,Low,Clear,Vashi,0.27992125653568894,True
TW100002,2026-07-03 23:17:00,2026-07-03 23:29:36,-0.3581134487150048,12.6,Scooter,33,0.5228161089389054,Medium,Overcast,Ghodbunder Road,-0.29526876060578294,True
TW103290,2026-07-20 13:29:00,2026-07-20 13:47:18,1.0934606513514422,18.3,Electric Scooter,22,-2.0874923137574957,Low,Clear,Mulund,-0.5725925188704211,True
TW103044,2026-07-22 18:01:00,2026-07-22 18:12:54,-0.7722854066143987,11.9,Motorcycle,36,1.044877793478186,Medium,Clear,Dombivli,1.060536279799115,True
TW104608,2026-07-16 15:20:00,2026-07-16 15:25:18,-0.6973400047087941,5.3,Motorcycle,43,0.5228161089389054,Medium,Overcast,Airoli,1.2865037865332647,True
TW104163,2026-07-16 12:22:00,2026-07-16 12:31:24,-0.6105611182917782,9.4,Electric Scooter,25,-0.7823381024092951,High,Clear,Mulund,0.5315668890350828,True
TW100508,2026-07-21 08:40:00,2026-07-21 08:45:42,-1.076011509073954,5.7,Motorcycle,26,1.8279703202871058,High,Clear,Airoli,-0.9218150292777434,True
TW104295,2026-07-12 12:37:00,2026-07-12 12:47:18,-0.6657840460116974,10.3,Motorcycle,43,0.5228161089389054,Low,Overcast,Thane West,-0.8653231525942059,True
TW103875,2026-07-19 01:32:00,2026-07-19 01:37:48,-0.39755839708637564,5.8,Scooter,44,-0.26027641787001443,Medium,Clear,Thane West,-0.38257438820761347,True
TW103599,2026-07-24 17:53:00,2026-07-24 18:05:36,0.19411582848418696,12.6,Motorcycle,32,0.5228161089389054,Medium,Clear,Thane West,0.3364131332192263,True
TW100470,2026-07-20 01:29:00,2026-07-20 01:39:18,-0.13327724299819105,10.3,Motorcycle,28,-0.26027641787001443,Low,Rain,Bhandup,-0.6393556458600562,True
TW101856,2026-07-14 14:19:00,2026-07-14 14:25:48,-0.5947831389432299,6.8,Motorcycle,37,1.044877793478186,High,Clear,Thane West,0.4391256362802035,True
TW101167,2026-07-07 10:12:00,2026-07-07 10:28:12,-0.15694421202101358,16.2,Electric Scooter,27,1.8279703202871058,Low,Rain,Vashi,-0.38257438820761347,True
TW102238,2026-07-29 02:01:00,2026-07-29 02:52:12,2.550951493673595,51.2,Scooter,24,-2.0874923137574957,Medium,Clear,Ghodbunder Road,0.5675162651064248,False
TW104228,2026-07-03 20:42:00,2026-07-03 20:57:42,0.35584011680680744,15.7,Scooter,38,0.2617852666692662,Low,Clear,Mulund,-0.29526876060578294,True
TW101672,2026-07-07 00:22:00,2026-07-07 00:26:00,-1.1075674677710508,4.0,Scooter,27,-1.565430629218215,Low,Rain,Ghodbunder Road,0.8191618976058187,True
TW104166,2026-07-13 14:28:00,2026-07-13 14:39:54,-0.46067031448056905,11.9,Motorcycle,30,0.0007544243996247222,High,Clear,Vashi,-0.07957250417773094,True
TW100346,2026-07-01 11:16:00,2026-07-01 11:28:06,2.550951493673595,12.1,Scooter,26,0.0007544243996247222,Medium,Clear,Kalyan,-0.4339306397381021,True
TW100929,2026-07-10 19:53:00,2026-07-10 20:00:18,-0.3541689538778678,7.3,Motorcycle,33,1.8279703202871058,Medium,Rain,Dombivli,-0.31067563606492954,True
TW101984,2026-07-03 22:17:00,2026-07-03 22:21:36,-0.7920078808000841,4.6,Motorcycle,43,0.5228161089389054,High,Rain,Kalyan,0.5572450148003272,True
TW103794,2026-07-23 03:00:00,2026-07-23 03:22:24,0.9790703010744668,22.4,Motorcycle,40,0.2617852666692662,Medium,Overcast,Navi Mumbai,0.5469737644942294,True
TW104557,2026-07-19 12:26:00,2026-07-19 12:50:42,1.1092386306999906,24.7,Motorcycle,41,0.0007544243996247222,Medium,Clear,Bhandup,0.04368249949544158,True
TW100576,2026-07-18 21:59:00,2026-07-18 22:54:18,2.550951493673595,55.3,Electric Scooter,25,-2.348523156027136,High,Rain,Kalyan,0.47507501235154537,False
TW100168,2026-07-21 19:59:00,2026-07-21 20:10:00,0.5530648586636616,11.0,Electric Scooter,34,0.0007544243996247222,Low,Clear,Airoli,-0.4236593894320044,True
TW101027,2026-07-18 06:25:00,2026-07-18 06:31:24,-0.8906202517285111,6.4,Scooter,30,-0.5213072601396559,High,Overcast,Dombivli,-0.01794500234114474,True
TW101945,2026-07-22 04:54:00,2026-07-22 04:58:00,-0.8945647465656483,4.0,Scooter,22,1.044877793478186,High,Clear,Mulund,-0.7009831476966425,True
TW104973,2026-07-16 05:24:00,2026-07-16 05:31:12,-1.06812251939968,7.2,Motorcycle,42,0.2617852666692662,High,Clear,Mulund,-0.20796313300395233,True
TW104918,2026-07-09 21:30:00,2026-07-09 21:34:00,-1.1864573645137924,4.0,Motorcycle,23,-1.565430629218215,Low,Clear,Thane West,0.023139998883246145,True
TW102149,2026-07-02 09:35:00,2026-07-02 09:39:00,-1.261402766419397,4.0,Scooter,26,-1.0433689446789354,Low,Clear,Kalyan,-0.6034062697887143,True
TW100703,2026-07-11 17:47:00,2026-07-11 17:52:48,-1.210124333536615,5.8,Motorcycle,36,-0.5213072601396559,Medium,Clear,Ghodbunder Road,-0.14633563116736614,True
TW103068,2026-07-23 01:59:00,2026-07-23 02:39:42,2.550951493673595,40.7,Motorcycle,37,-1.3043997869485757,High,Clear,Kalyan,-0.2644550096874898,False
TW102675,2026-07-15 06:28:00,2026-07-15 06:46:18,1.4445206918566427,18.3,Electric Scooter,37,-0.7823381024092951,High,Rain,Thane West,0.3723625092905684,True
TW103812,2026-07-21 07:00:00,2026-07-21 07:13:42,0.8015680334032979,13.7,Electric Scooter,25,0.2617852666692662,High,Clear,Ghodbunder Road,-0.18742063239175702,True
TW103159,2026-07-25 06:53:00,2026-07-25 06:57:00,-1.0878449935853653,4.0,Motorcycle,40,-1.3043997869485757,Low,Rain,Thane West,0.1772087534747117,True
TW101741,2026-07-21 10:58:00,2026-07-21 11:15:36,0.5057309206180166,17.6,Motorcycle,23,0.5228161089389054,Medium,Clear,Bhandup,-0.7677462746862777,True
TW104009,2026-07-01 08:16:00,2026-07-01 08:31:12,0.4465634980609602,15.2,Scooter,37,-1.0433689446789354,Low,Clear,Bhandup,-0.9218150292777434,True
TW103116,2026-07-22 11:46:00,2026-07-22 11:51:48,-1.024733076191172,5.8,Scooter,41,1.044877793478186,Medium,Overcast,Dombivli,-0.2541837593813921,True
TW103257,2026-07-16 18:01:00,2026-07-16 18:10:54,-0.40544738676064984,9.9,Electric Scooter,26,-1.8264614714878553,Low,Clear,Kalyan,0.1566662528625163,True
TW104378,2026-07-28 22:02:00,2026-07-28 22:20:18,-0.14511072750960222,18.3,Scooter,29,0.0007544243996247222,High,Overcast,Mumbra,-0.7266612734618869,True
TW101039,2026-07-28 05:15:00,2026-07-28 05:29:54,0.2808947149012027,14.9,Scooter,41,-2.6095539982967764,High,Rain,Mulund,-0.22850563361614779,True
TW103664,2026-07-13 16:47:00,2026-07-13 16:54:06,-0.9182317155884708,7.1,Scooter,19,-1.0433689446789354,Medium,Clear,Kalyan,-0.07957250417773094,True
TW104303,2026-07-11 12:35:00,2026-07-11 12:41:06,-1.0957339832596396,6.1,Scooter,34,1.8279703202871058,Medium,Clear,Thane West,-0.8345094016759128,True
TW102643,2026-07-07 06:04:00,2026-07-07 06:08:00,-1.020788581354035,4.0,Motorcycle,25,0.2617852666692662,Medium,Overcast,Mumbra,0.1566662528625163,True
TW102586,2026-07-01 00:58:00,2026-07-01 01:09:18,-0.49617076801480275,11.3,Motorcycle,20,0.2617852666692662,Low,Clear,Ghodbunder Road,-0.22850563361614779,True
TW103002,2026-07-16 01:04:00,2026-07-16 01:09:36,2.550951493673595,5.6,Motorcycle,42,0.7838469512085445,Medium,Rain,Mulund,-0.793424400451522,True
TW102251,2026-07-23 22:41:00,2026-07-23 22:48:00,-0.8906202517285111,7.0,Motorcycle,33,-2.0874923137574957,Medium,Clear,Mulund,0.5880587657186204,True
TW100654,2026-07-01 01:54:00,2026-07-01 02:11:00,0.4702304670837829,17.0,Electric Scooter,43,-0.5213072601396559,Medium,Clear,Bhandup,-0.36203188759541804,True
TW102579,2026-07-03 14:46:00,2026-07-03 15:05:24,-0.04649835658117531,19.4,Motorcycle,30,0.5228161089389054,Medium,Clear,Airoli,0.6086012663308158,True
TW102266,2026-07-20 17:34:00,2026-07-20 17:40:24,-1.1746238800023812,6.4,Motorcycle,29,0.5228161089389054,Medium,Rain,Ghodbunder Road,1.604912546022294,True
TW101169,2026-07-27 08:23:00,2026-07-27 08:36:06,-0.1490552223467394,13.1,Scooter,40,-0.26027641787001443,Medium,Clear,Dombivli,0.5367025141881318,True
TW100658,2026-07-15 06:50:00,2026-07-15 07:02:18,-0.19244466555524728,12.3,Scooter,38,-0.26027641787001443,Low,Clear,Bhandup,-0.6239487704009097,True
TW104005,2026-07-29 18:14:00,2026-07-29 18:20:18,-0.5908386441060929,6.3,Motorcycle,38,0.5228161089389054,High,Clear,Kalyan,0.1309881270972721,True
TW104287,2026-07-11 21:41:00,2026-07-11 21:56:06,-0.413336376434924,15.1,Scooter,39,-0.26027641787001443,Medium,Clear,Bhandup,2.0311694337253487,True
TW102995,2026-07-17 12:13:00,2026-07-17 12:20:18,0.0757809833700745,7.3,Scooter,26,-0.5213072601396559,Medium,Overcast,Mumbra,1.0810787804113104,True
TW104423,2026-07-11 06:31:00,2026-07-11 06:52:12,2.1269182986813577,21.2,Scooter,34,-0.26027641787001443,High,Clear,Vashi,-0.5161006421868838,True
TW104469,2026-07-22 13:54:00,2026-07-22 14:10:30,1.0027372700972892,16.5,Motorcycle,28,0.0007544243996247222,Low,Rain,Dombivli,-0.8293737765228638,True
TW102291,2026-07-04 04:40:00,2026-07-04 04:54:00,0.49784193094374224,14.0,Scooter,31,0.0007544243996247222,Medium,Clear,Thane West,-0.9218150292777434,True
TW102101,2026-07-19 09:22:00,2026-07-19 10:05:12,2.550951493673595,43.2,Scooter,33,1.3059086357478251,Medium,Clear,Mulund,-0.6650337716253005,False
TW100466,2026-07-11 22:19:00,2026-07-11 22:38:18,1.4997436195765617,19.3,Electric Scooter,38,0.5228161089389054,Medium,Clear,Mumbra,-0.9218150292777434,True
TW103096,2026-07-23 09:00:00,2026-07-23 09:04:00,-1.1470124161424218,4.0,Scooter,40,0.0007544243996247222,Low,Clear,Vashi,-0.6701693967783494,True
TW101595,2026-07-17 15:38:00,2026-07-17 16:08:06,1.8547481549188993,30.1,Scooter,23,-0.5213072601396559,Low,Overcast,Thane West,-0.8396450268289616,False
TW101118,2026-07-20 20:13:00,2026-07-20 20:32:00,0.05605850918438915,19.0,Scooter,23,-1.565430629218215,Low,Clear,Airoli,-0.7369325237679845,True
TW100385,2026-07-13 09:40:00,2026-07-13 09:44:00,-1.2495692819079858,4.0,Motorcycle,25,1.8279703202871058,Medium,Clear,Airoli,-0.9218150292777434,True
TW102378,2026-07-19 06:46:00,2026-07-19 06:50:00,-1.4783499824619368,4.0,Scooter,25,0.7838469512085445,Medium,Clear,Ghodbunder Road,-0.8191025262167662,True
TW103982,2026-07-25 20:36:00,2026-07-25 20:42:30,-1.3836821063706466,6.5,Motorcycle,39,0.5228161089389054,Medium,Clear,Airoli,-0.9218150292777434,True
TW100926,2026-07-11 08:18:00,2026-07-11 08:35:30,-0.078054315278272,17.5,Motorcycle,41,-1.8264614714878553,Low,Clear,Vashi,-0.6444912710131051,True
TW104298,2026-07-05 09:21:00,2026-07-05 09:39:18,1.13685009455995,18.3,Motorcycle,20,-0.7823381024092951,High,Overcast,Mumbra,-0.37743876305456464,True
TW101934,2026-07-02 04:42:00,2026-07-02 04:47:12,-0.8077858601486324,5.2,Motorcycle,32,-0.5213072601396559,High,Clear,Ghodbunder Road,-0.7728818998393265,True
TW103305,2026-07-11 10:09:00,2026-07-11 10:16:42,-0.6381725821517378,7.7,Motorcycle,32,0.0007544243996247222,Low,Rain,Kalyan,-0.6239487704009097,True
TW100118,2026-07-19 00:55:00,2026-07-19 01:32:12,2.0638063812871645,37.2,Electric Scooter,25,0.7838469512085445,Low,Rain,Bhandup,-0.7317968986149357,False
TW103308,2026-07-24 15:40:00,2026-07-24 15:47:54,-0.7288959634058907,7.9,Motorcycle,38,-0.5213072601396559,High,Overcast,Mumbra,-0.9218150292777434,True
TW100637,2026-07-28 22:59:00,2026-07-28 23:21:54,1.7364133098047865,22.9,Electric Scooter,34,-0.7823381024092951,Low,Rain,Mulund,-0.22337000846309893,True
TW103488,2026-07-11 13:18:00,2026-07-11 13:34:00,-0.10172128430109435,16.0,Motorcycle,31,-0.26027641787001443,Low,Rain,Mumbra,0.9989087779625286,True
TW104574,2026-07-26 11:23:00,2026-07-26 11:27:48,0.0797254782072115,4.8,Scooter,32,1.044877793478186,High,Rain,Dombivli,-0.1617425066265127,True
TW103697,2026-07-15 23:20:00,2026-07-15 23:40:36,0.7463451056833789,20.6,Scooter,33,-0.7823381024092951,High,Overcast,Airoli,-0.1001150047899264,True
TW102816,2026-07-07 01:34:00,2026-07-07 01:42:30,-0.5080042525262141,8.5,Scooter,32,-1.3043997869485757,Low,Rain,Navi Mumbai,3.309940096834514,True
TW104043,2026-07-14 07:19:00,2026-07-14 07:23:48,-1.2219578180480262,4.8,Motorcycle,27,0.0007544243996247222,Low,Rain,Bhandup,0.1566662528625163,True
TW101813,2026-07-06 03:22:00,2026-07-06 03:28:24,-0.5671716750832704,6.4,Electric Scooter,23,1.8279703202871058,Medium,Overcast,Kalyan,1.1991981589314342,True
TW103104,2026-07-12 01:24:00,2026-07-12 01:44:00,0.5964543018721693,20.0,Scooter,39,-1.3043997869485757,Low,Clear,Kalyan,0.7267206448509395,True
TW104205,2026-07-28 19:24:00,2026-07-28 19:45:36,0.6792886934520481,21.6,Motorcycle,31,0.0007544243996247222,High,Clear,Bhandup,-0.10525062994297525,True
TW101865,2026-07-18 18:42:00,2026-07-18 18:47:42,-0.9773991381455269,5.7,Electric Scooter,36,-1.3043997869485757,Medium,Clear,Bhandup,-0.10525062994297525,True
TW102670,2026-07-09 01:54:00,2026-07-09 02:05:54,-0.48433728350339156,11.9,Motorcycle,44,-1.3043997869485757,Medium,Clear,Dombivli,-0.7317968986149357,True
TW101854,2026-07-26 12:14:00,2026-07-26 13:03:54,2.550951493673595,49.9,Motorcycle,40,-1.3043997869485757,Medium,Clear,Mulund,-0.685576272237496,False
TW101210,2026-07-26 09:27:00,2026-07-26 09:33:54,-0.8393418188457291,6.9,Electric Scooter,42,0.2617852666692662,High,Clear,Ghodbunder Road,0.24397188046434704,True
TW102727,2026-07-10 11:39:00,2026-07-10 12:03:48,0.4031740548524525,24.8,Motorcycle,19,-0.26027641787001443,Medium,Rain,Vashi,0.7164493945448417,True
TW103498,2026-07-13 09:47:00,2026-07-13 10:08:36,1.6220229595278115,21.6,Scooter,25,0.0007544243996247222,Medium,Clear,Airoli,-0.9218150292777434,True
TW104982,2026-07-17 20:09:00,2026-07-17 20:15:36,-1.3797376115335096,6.6,Scooter,41,-1.0433689446789354,Low,Clear,Navi Mumbai,0.3415487583722753,True
TW100142,2026-07-05 07:32:00,2026-07-05 07:43:18,0.032391540161566444,11.3,Scooter,44,0.5228161089389054,Low,Clear,Kalyan,-0.9218150292777434,True
TW102460,2026-07-06 23:51:00,2026-07-06 23:59:54,-0.8077858601486324,8.9,Motorcycle,38,1.8279703202871058,Low,Rain,Mumbra,0.4391256362802035,True
TW103626,2026-07-05 08:18:00,2026-07-05 08:29:36,-0.09777678946395735,11.6,Motorcycle,43,-1.3043997869485757,Low,Clear,Thane West,-0.6650337716253005,True
TW100287,2026-07-23 15:35:00,2026-07-23 15:53:24,0.5491203638265246,18.4,Scooter,44,1.3059086357478251,Medium,Rain,Thane West,0.23883625531129804,True
TW104454,2026-07-28 09:58:00,2026-07-28 10:04:36,-0.9852881278198012,6.6,Motorcycle,27,-0.26027641787001443,Medium,Rain,Bhandup,0.166937503168614,True
TW101568,2026-07-19 14:51:00,2026-07-19 14:55:00,-0.47250379899198025,4.0,Motorcycle,32,0.5228161089389054,Low,Clear,Dombivli,0.6240081417899622,True
TW104894,2026-07-10 17:48:00,2026-07-10 17:52:42,-0.6657840460116974,4.7,Electric Scooter,32,0.0007544243996247222,Medium,Clear,Vashi,-0.8396450268289616,True
TW102715,2026-07-05 23:02:00,2026-07-05 23:27:00,1.685134876922005,25.0,Motorcycle,27,-1.0433689446789354,High,Clear,Bhandup,-0.7215256483088379,True
TW100947,2026-07-06 05:08:00,2026-07-06 05:12:00,-1.16279039549097,4.0,Scooter,33,-1.0433689446789354,High,Clear,Thane West,-0.9218150292777434,True
TW103301,2026-07-17 14:39:00,2026-07-17 14:55:00,0.7305671263348305,16.0,Scooter,26,0.7838469512085445,Medium,Overcast,Dombivli,-0.2798618851466364,True
TW104171,2026-07-02 08:07:00,2026-07-02 08:34:42,1.649634423387771,27.7,Motorcycle,43,-0.5213072601396559,Low,Rain,Mulund,0.166937503168614,False
TW100088,2026-07-20 04:29:00,2026-07-20 04:42:06,0.2769502200640657,13.1,Scooter,20,1.8279703202871058,High,Rain,Airoli,-0.2798618851466364,True
TW102316,2026-07-04 11:38:00,2026-07-04 11:47:06,-0.8630087878685516,9.1,Electric Scooter,26,1.8279703202871058,High,Rain,Mulund,-0.5777281440234701,True
TW101200,2026-07-21 00:52:00,2026-07-21 00:56:00,-0.8906202517285111,4.0,Motorcycle,23,1.8279703202871058,Low,Clear,Airoli,-0.6188131452478608,True
TW103777,2026-07-22 11:28:00,2026-07-22 11:39:24,0.35584011680680744,11.4,Electric Scooter,40,1.5669394780174666,Low,Clear,Dombivli,-0.6753050219313983,True
TW104630,2026-07-19 15:59:00,2026-07-19 16:03:00,-0.7249514685687537,4.0,Motorcycle,34,-0.7823381024092951,High,Clear,Thane West,1.4354369159716815,True
TW101390,2026-07-05 07:16:00,2026-07-05 07:20:00,-1.2416802922337118,4.0,Scooter,19,-0.5213072601396559,High,Overcast,Mumbra,0.25424313077044475,True
TW103153,2026-07-01 17:14:00,2026-07-01 17:39:18,1.7679692685018833,25.3,Scooter,43,-0.7823381024092951,Medium,Clear,Airoli,-0.7061187728496915,False
TW101905,2026-07-05 19:37:00,2026-07-05 19:46:24,-0.6815620253602458,9.4,Scooter,28,1.3059086357478251,Low,Clear,Ghodbunder Road,-0.5777281440234701,True
TW101678,2026-07-29 12:03:00,2026-07-29 12:07:54,-0.9063982310770595,4.9,Motorcycle,32,0.5228161089389054,Low,Rain,Bhandup,-0.06416562871858436,True
TW103562,2026-07-01 01:08:00,2026-07-01 01:37:24,2.550951493673595,29.4,Scooter,36,-1.3043997869485757,Medium,Clear,Mulund,0.32614188291312857,False
TW102421,2026-07-06 19:41:00,2026-07-06 20:07:30,1.3932422589738604,26.5,Motorcycle,20,0.5228161089389054,Low,Clear,Mulund,0.8345687730649654,False
TW104159,2026-07-30 12:27:00,2026-07-30 12:41:30,-0.050442851418312305,14.5,Scooter,19,-0.5213072601396559,Low,Clear,Airoli,-0.9218150292777434,True
TW104286,2026-07-21 21:46:00,2026-07-21 22:04:54,0.805512528240435,18.9,Electric Scooter,24,0.0007544243996247222,Low,Overcast,Mulund,-0.8961369035124991,True
TW104996,2026-07-21 14:57:00,2026-07-21 15:20:24,2.2649756179811558,23.4,Motorcycle,35,-2.6095539982967764,Medium,Clear,Navi Mumbai,0.5777875154125226,True
TW103751,2026-07-01 20:49:00,2026-07-01 21:01:24,-0.9221762104256078,12.4,Electric Scooter,19,-0.26027641787001443,High,Clear,Bhandup,-0.7061187728496915,True
TW104430,2026-07-15 16:01:00,2026-07-15 16:12:00,-0.8235638394971807,11.0,Scooter,41,-0.26027641787001443,Medium,Clear,Thane West,-0.9218150292777434,True
TW101608,2026-07-01 10:01:00,2026-07-01 10:05:42,-0.1806111810438361,4.7,Scooter,20,1.044877793478186,Medium,Overcast,Mumbra,0.3929050099027636,True
TW103152,2026-07-04 22:54:00,2026-07-04 23:07:48,-0.03466487206976395,13.8,Scooter,44,-1.0433689446789354,High,Clear,Bhandup,-0.8088312759106685,True
TW101848,2026-07-30 01:02:00,2026-07-30 01:06:36,-0.8669532827056886,4.6,Electric Scooter,39,-0.7823381024092951,High,Clear,Bhandup,-0.6342200207070074,True
TW101440,2026-07-20 23:32:00,2026-07-20 23:56:54,2.103251329658536,24.9,Motorcycle,32,0.7838469512085445,Medium,Clear,Airoli,-0.5469143931051769,True
TW102356,2026-07-20 13:23:00,2026-07-20 13:28:06,-0.6973400047087941,5.1,Motorcycle,26,-1.8264614714878553,Low,Clear,Dombivli,-0.7112543980027402,True
TW100419,2026-07-13 03:10:00,2026-07-13 03:24:54,0.5136199102922906,14.9,Motorcycle,27,0.2617852666692662,Medium,Overcast,Airoli,0.988637527656431,True
TW103063,2026-07-27 01:38:00,2026-07-27 01:44:24,-0.17272219136956193,6.4,Scooter,40,1.5669394780174666,Medium,Clear,Airoli,1.1427062822478966,True
TW104034,2026-07-05 03:37:00,2026-07-05 03:41:00,-1.3284591786507274,4.0,Motorcycle,40,0.2617852666692662,Medium,Clear,Kalyan,-0.9218150292777434,True
TW101869,2026-07-18 02:58:00,2026-07-18 03:17:36,0.9356808578659587,19.6,Motorcycle,44,1.8279703202871058,High,Clear,Navi Mumbai,-0.31067563606492954,True
TW104082,2026-07-21 08:34:00,2026-07-21 08:53:12,1.274907413859748,19.2,Motorcycle,25,-0.26027641787001443,Medium,Overcast,Thane West,-0.28499751029968523,True
TW100455,2026-07-14 10:00:00,2026-07-14 10:13:30,0.0521140143472518,13.5,Scooter,38,-0.26027641787001443,Medium,Rain,Mumbra,-0.14633563116736614,True
TW104606,2026-07-18 10:10:00,2026-07-18 10:17:00,-0.9734546433083899,7.0,Scooter,36,-1.3043997869485757,Low,Clear,Mumbra,-0.22337000846309893,True
TW103468,2026-07-17 12:54:00,2026-07-17 12:58:00,-1.1391234264681473,4.0,Electric Scooter,37,-0.5213072601396559,Low,Rain,Airoli,0.1772087534747117,True
TW101247,2026-07-25 09:22:00,2026-07-25 09:27:36,-0.6500060666631491,5.6,Motorcycle,43,0.2617852666692662,Medium,Clear,Thane West,-0.9218150292777434,True
TW103470,2026-07-26 06:17:00,2026-07-26 06:30:12,0.1152259317414452,13.2,Motorcycle,41,1.3059086357478251,Medium,Clear,Dombivli,-0.8807300280533524,True
TW104371,2026-07-01 09:00:00,2026-07-01 09:09:06,-0.30289052099508573,9.1,Motorcycle,29,0.7838469512085445,Medium,Rain,Navi Mumbai,0.1309881270972721,True
TW104412,2026-07-22 01:37:00,2026-07-22 01:52:24,-0.31472400550649693,15.4,Scooter,25,0.5228161089389054,Low,Clear,Bhandup,0.2953281319948354,True
TW100754,2026-07-21 14:07:00,2026-07-21 14:18:54,0.33217314778398477,11.9,Motorcycle,41,-1.0433689446789354,Medium,Clear,Navi Mumbai,-0.31067563606492954,True
TW104710,2026-07-06 13:43:00,2026-07-06 13:59:36,0.0718364885329375,16.6,Motorcycle,31,0.5228161089389054,Medium,Clear,Navi Mumbai,-0.3158112612179784,True
TW104284,2026-07-06 21:53:00,2026-07-06 22:05:36,-0.6578950563374233,12.6,Scooter,31,-0.7823381024092951,Low,Overcast,Airoli,0.7523987706161837,True
TW103814,2026-07-14 07:04:00,2026-07-14 07:15:54,-0.10961027397536871,11.9,Scooter,21,0.0007544243996247222,Medium,Clear,Kalyan,0.1053100013320279,True
TW104619,2026-07-13 19:02:00,2026-07-13 19:12:54,-0.224000624252344,10.9,Scooter,38,0.0007544243996247222,High,Clear,Bhandup,-0.505829391880786,True
TW101862,2026-07-28 03:24:00,2026-07-28 03:31:24,-1.1825128696766554,7.4,Motorcycle,44,-1.565430629218215,Low,Clear,Kalyan,0.7780768963814279,True
TW101745,2026-07-04 21:46:00,2026-07-04 22:02:24,0.7739565695433382,16.4,Motorcycle,23,1.5669394780174666,Low,Clear,Dombivli,-0.9218150292777434,True
TW103703,2026-07-20 05:43:00,2026-07-20 05:52:42,-0.4212253661091982,9.7,Motorcycle,24,1.3059086357478251,Medium,Rain,Ghodbunder Road,-0.9218150292777434,True
TW103523,2026-07-12 17:05:00,2026-07-12 17:09:00,-1.2692917560936712,4.0,Scooter,32,0.5228161089389054,Medium,Clear,Vashi,-0.3004043857588318,True
TW101166,2026-07-26 21:17:00,2026-07-26 21:22:36,-0.9655656536341157,5.6,Motorcycle,42,-2.0874923137574957,Medium,Clear,Airoli,0.6856356436265485,True
TW103029,2026-07-06 10:29:00,2026-07-06 10:35:42,-1.072067014236817,6.7,Motorcycle,19,-1.3043997869485757,High,Overcast,Navi Mumbai,-0.007673752035047018,True
TW101126,2026-07-30 15:05:00,2026-07-30 15:14:06,-0.366002438389279,9.1,Scooter,37,0.0007544243996247222,Low,Clear,Dombivli,0.880789399442405,True
TW102740,2026-07-12 18:41:00,2026-07-12 18:51:24,-0.6066166234546412,10.4,Motorcycle,29,1.044877793478186,Low,Clear,Vashi,-0.17201375693261042,True
TW104318,2026-07-22 09:39:00,2026-07-22 09:54:42,-0.003108913372667253,15.7,Motorcycle,32,-1.565430629218215,Low,Clear,Mumbra,-0.8242381513698152,True
TW103974,2026-07-16 19:23:00,2026-07-16 19:27:00,-0.930065200099882,4.0,Electric Scooter,21,-0.5213072601396559,Low,Clear,Ghodbunder Road,-0.6290843955539586,True
TW104331,2026-07-04 16:55:00,2026-07-04 17:23:12,1.3616863002767639,28.2,Scooter,27,0.7838469512085445,Low,Rain,Ghodbunder Road,-0.5161006421868838,False
TW100749,2026-07-23 03:22:00,2026-07-23 03:33:42,0.26511673555265436,11.7,Motorcycle,38,0.2617852666692662,High,Rain,Ghodbunder Road,-0.7317968986149357,True
TW104182,2026-07-12 12:07:00,2026-07-12 12:21:06,0.2769502200640657,14.1,Motorcycle,30,-0.26027641787001443,Medium,Clear,Airoli,-0.6290843955539586,True
TW100391,2026-07-30 17:52:00,2026-07-30 17:56:06,-0.9063982310770595,4.1,Scooter,19,1.3059086357478251,Medium,Clear,Vashi,0.4083118853619103,True
TW100997,2026-07-02 08:40:00,2026-07-02 08:54:12,-0.2831680468094002,14.2,Motorcycle,22,0.2617852666692662,Medium,Clear,Bhandup,0.8397043982180141,True
TW102067,2026-07-09 16:57:00,2026-07-09 17:08:30,-0.026775882395489604,11.5,Motorcycle,44,0.2617852666692662,High,Rain,Dombivli,-0.9218150292777434,True
TW100914,2026-07-18 15:51:00,2026-07-18 15:55:00,-1.3915710960449208,4.0,Scooter,38,0.7838469512085445,Low,Clear,Thane West,-0.2541837593813921,True
TW104726,2026-07-06 04:23:00,2026-07-06 04:35:06,-0.038609366906900956,12.1,Scooter,22,-0.5213072601396559,Medium,Overcast,Bhandup,-0.9115437789716456,True
TW103467,2026-07-07 04:23:00,2026-07-07 04:35:24,0.35978461164394443,12.4,Motorcycle,35,0.0007544243996247222,Low,Clear,Vashi,-0.9218150292777434,True
TW104006,2026-07-24 19:24:00,2026-07-24 19:33:12,-0.010997903046941603,9.2,Motorcycle,37,1.044877793478186,Medium,Clear,Mumbra,1.1940625337783854,True
TW100563,2026-07-24 12:06:00,2026-07-24 12:14:42,-0.9971216123312124,8.7,Electric Scooter,41,1.8279703202871058,Low,Rain,Mumbra,2.2160519392351072,True
TW103590,2026-07-05 09:22:00,2026-07-05 09:46:00,1.2946298880454334,24.0,Scooter,39,0.7838469512085445,Low,Clear,Dombivli,-0.4904225164216394,True
TW101354,2026-07-25 05:06:00,2026-07-25 05:22:30,0.1822823439727756,16.5,Motorcycle,36,1.8279703202871058,Medium,Clear,Navi Mumbai,3.304804471681465,True
TW101424,2026-07-21 15:57:00,2026-07-21 16:01:00,-0.6657840460116974,4.0,Motorcycle,43,0.2617852666692662,Medium,Clear,Airoli,1.4251656656655836,True
TW100746,2026-07-30 04:54:00,2026-07-30 04:58:00,-0.6184501079660524,4.0,Scooter,44,1.044877793478186,Low,Overcast,Thane West,1.66654004785888,True
TW100158,2026-07-08 23:20:00,2026-07-08 23:34:18,-0.085943304952546,14.3,Scooter,22,-1.565430629218215,Low,Overcast,Thane West,-0.9218150292777434,True
TW100485,2026-07-04 23:02:00,2026-07-04 23:20:18,0.1428373956014049,18.3,Motorcycle,19,0.0007544243996247222,Medium,Overcast,Thane West,2.673122577856456,True
TW100347,2026-07-26 04:53:00,2026-07-26 05:11:48,1.5786335163193037,18.8,Scooter,23,0.0007544243996247222,Medium,Rain,Mumbra,-0.3671675127484669,True
TW103912,2026-07-22 06:30:00,2026-07-22 06:43:30,0.024502550487292447,13.5,Scooter,24,0.2617852666692662,Low,Clear,Ghodbunder Road,-0.9218150292777434,True
TW103935,2026-07-12 17:51:00,2026-07-12 17:58:54,-0.6973400047087941,7.9,Electric Scooter,44,1.5669394780174666,High,Overcast,Mumbra,-0.6907118973905447,True
TW101392,2026-07-17 18:01:00,2026-07-17 18:19:30,0.7936790437290235,18.5,Motorcycle,38,0.7838469512085445,High,Clear,Dombivli,-0.16687813177956157,True
TW101560,2026-07-01 01:07:00,2026-07-01 01:14:36,-1.16279039549097,7.6,Motorcycle,31,0.7838469512085445,Low,Clear,Mulund,-0.8088312759106685,True
TW101921,2026-07-28 13:30:00,2026-07-28 13:40:06,-0.4448923351320207,10.1,Motorcycle,37,-0.26027641787001443,Medium,Overcast,Mumbra,0.3723625092905684,True
TW100351,2026-07-28 13:04:00,2026-07-28 13:15:06,0.024502550487292447,11.1,Scooter,26,-0.7823381024092951,Medium,Clear,Mumbra,-0.17201375693261042,True
TW103444,2026-07-25 06:40:00,2026-07-25 06:44:00,-1.2771807457679454,4.0,Motorcycle,33,1.5669394780174666,Medium,Clear,Bhandup,0.21315812954605387,True
TW103544,2026-07-01 05:29:00,2026-07-01 05:42:18,0.13889290076426788,13.3,Motorcycle,38,0.7838469512085445,High,Clear,Navi Mumbai,-0.9218150292777434,True
TW100350,2026-07-03 19:30:00,2026-07-03 19:38:12,-0.271334562297989,8.2,Motorcycle,40,0.0007544243996247222,Medium,Clear,Navi Mumbai,-0.5931350194826165,True
TW100090,2026-07-15 09:25:00,2026-07-15 09:42:48,0.4820639515951939,17.8,Motorcycle,36,0.5228161089389054,High,Clear,Kalyan,-0.7163900231557891,True
TW104765,2026-07-20 08:30:00,2026-07-20 08:39:00,-0.2200561294152068,9.0,Motorcycle,41,1.3059086357478251,Medium,Clear,Kalyan,0.3364131332192263,True
TW100895,2026-07-06 12:47:00,2026-07-06 12:59:36,0.9672368165630554,12.6,Motorcycle,43,1.044877793478186,High,Clear,Ghodbunder Road,-0.7523393992271311,True
TW102705,2026-07-11 23:05:00,2026-07-11 23:09:00,-1.3600151373478242,4.0,Scooter,28,0.5228161089389054,High,Overcast,Ghodbunder Road,2.9453107109680454,True
TW100206,2026-07-03 17:29:00,2026-07-03 17:33:00,-0.8117303549857694,4.0,Motorcycle,24,-2.6095539982967764,Medium,Clear,Bhandup,-0.7728818998393265,True
TW103714,2026-07-21 17:37:00,2026-07-21 17:51:00,0.6871776831263224,14.0,Scooter,28,0.5228161089389054,Medium,Rain,Navi Mumbai,-0.5212362673399326,True
TW102531,2026-07-30 06:54:00,2026-07-30 07:02:48,-0.7604519221029874,8.8,Scooter,26,-0.5213072601396559,High,Clear,Airoli,5.174172027391249,True
TW100685,2026-07-03 00:44:00,2026-07-03 00:54:24,0.1428373956014049,10.4,Scooter,31,-0.26027641787001443,Low,Rain,Thane West,1.240283160155825,True
TW103335,2026-07-22 01:26:00,2026-07-22 01:39:42,-0.054387346255449304,13.7,Scooter,44,-0.26027641787001443,Medium,Clear,Vashi,0.1053100013320279,True
TW100586,2026-07-02 13:25:00,2026-07-02 13:33:30,-1.0562890348882688,8.5,Motorcycle,43,0.5228161089389054,Medium,Overcast,Thane West,-0.7215256483088379,True
TW101288,2026-07-03 22:23:00,2026-07-03 22:35:00,0.26511673555265436,12.0,Motorcycle,35,0.2617852666692662,High,Clear,Ghodbunder Road,0.14639500255641857,True
TW103475,2026-07-19 19:50:00,2026-07-19 20:00:36,0.15861537494995326,10.6,Motorcycle,43,0.0007544243996247222,High,Clear,Ghodbunder Road,3.3561607232119535,True
TW104813,2026-07-26 20:53:00,2026-07-26 21:12:42,0.805512528240435,19.7,Motorcycle,28,-0.7823381024092951,Medium,Clear,Airoli,-0.9218150292777434,True
TW102405,2026-07-25 09:41:00,2026-07-25 10:00:24,1.4800211453908767,19.4,Scooter,32,-0.7823381024092951,Medium,Rain,Thane West,0.06936062526068577,True
TW104236,2026-07-20 04:50:00,2026-07-20 04:57:06,-0.8235638394971807,7.1,Scooter,31,-0.7823381024092951,Medium,Clear,Vashi,-0.5006937667277371,True
TW104290,2026-07-14 02:55:00,2026-07-14 03:02:36,-0.39755839708637564,7.6,Scooter,41,-0.26027641787001443,Medium,Rain,Kalyan,-0.19255625754480576,True
TW100020,2026-07-30 07:13:00,2026-07-30 07:29:12,1.0185152494458374,16.2,Electric Scooter,31,0.2617852666692662,Medium,Clear,Thane West,-0.7780175249923754,True
TW103374,2026-07-06 18:29:00,2026-07-06 18:50:24,1.5983559905049887,21.4,Motorcycle,37,-0.7823381024092951,Low,Clear,Thane West,-0.3928456385137112,True
TW102737,2026-07-10 11:51:00,2026-07-10 11:55:00,-1.3718486218592354,4.0,Scooter,43,-0.7823381024092951,Medium,Clear,Ghodbunder Road,3.2739907207631713,True
TW100667,2026-07-26 17:08:00,2026-07-26 17:14:00,-0.5790051595946815,6.0,Scooter,34,0.5228161089389054,Low,Clear,Bhandup,-0.5366431427990792,True
TW100958,2026-07-14 22:46:00,2026-07-14 23:08:54,1.3143523622311188,22.9,Scooter,36,-0.7823381024092951,High,Rain,Bhandup,0.04881812464849033,True
TW104118,2026-07-23 14:44:00,2026-07-23 14:49:00,-0.8472308085200033,5.0,Scooter,21,-0.7823381024092951,Medium,Clear,Airoli,0.17207312832166297,True
TW103992,2026-07-21 13:32:00,2026-07-21 13:46:24,0.32428415810971073,14.4,Scooter,32,1.044877793478186,High,Rain,Thane West,-0.8036956507576197,True
TW102412,2026-07-24 22:04:00,2026-07-24 22:26:30,1.5194660937622473,22.5,Motorcycle,41,1.8279703202871058,Medium,Rain,Airoli,-0.19255625754480576,True
TW102250,2026-07-11 19:29:00,2026-07-11 19:38:24,0.22172729234414665,9.4,Scooter,24,1.8279703202871058,Medium,Clear,Ghodbunder Road,-0.6804406470844471,True
TW104049,2026-07-26 18:19:00,2026-07-26 18:29:18,-0.16877769653242475,10.3,Scooter,27,0.7838469512085445,Low,Rain,Navi Mumbai,-0.6907118973905447,True
TW102184,2026-07-07 17:11:00,2026-07-07 17:29:54,0.0757809833700745,18.9,Scooter,25,0.2617852666692662,Low,Rain,Mumbra,2.128746311633277,True
TW104887,2026-07-02 02:55:00,2026-07-02 03:09:06,0.249338756204106,14.1,Motorcycle,23,0.0007544243996247222,Low,Rain,Bhandup,-0.3158112612179784,True
TW100545,2026-07-20 01:59:00,2026-07-20 02:06:18,-1.1943463541880666,7.3,Scooter,19,-1.0433689446789354,Low,Clear,Airoli,3.0120738379576806,True
TW102391,2026-07-17 01:57:00,2026-07-17 02:10:54,-0.038609366906900956,13.9,Electric Scooter,36,0.2617852666692662,High,Overcast,Vashi,-0.22337000846309893,True
TW103477,2026-07-01 12:48:00,2026-07-01 12:56:06,-0.6460615718260119,8.1,Electric Scooter,39,-1.565430629218215,Low,Clear,Airoli,-0.7882887752984731,True
TW102526,2026-07-25 09:39:00,2026-07-25 09:51:00,-0.08199881011540901,12.0,Motorcycle,44,-0.26027641787001443,High,Clear,Mulund,-0.5161006421868838,True
TW103815,2026-07-13 10:32:00,2026-07-13 10:49:12,2.550951493673595,17.2,Scooter,24,1.5669394780174666,High,Overcast,Airoli,-0.4544731403502974,True
TW101932,2026-07-23 10:59:00,2026-07-23 11:03:00,-1.3245146838135904,4.0,Motorcycle,25,-1.3043997869485757,High,Clear,Airoli,-0.15660688147346385,True
TW101092,2026-07-06 12:26:00,2026-07-06 13:03:00,2.550951493673595,37.0,Scooter,29,-0.26027641787001443,Low,Clear,Bhandup,-0.8499162771350594,False
TW103632,2026-07-04 17:07:00,2026-07-04 17:20:18,-0.16483320169528776,13.3,Scooter,22,-0.7823381024092951,High,Clear,Mumbra,0.166937503168614,True
TW101437,2026-07-11 23:53:00,2026-07-11 23:57:00,-1.0641780245625427,4.0,Electric Scooter,33,-0.5213072601396559,High,Clear,Mumbra,-0.35176063728932033,True
TW101548,2026-07-22 15:13:00,2026-07-22 15:22:30,-1.2377357973965746,9.5,Scooter,42,1.044877793478186,Medium,Clear,Mulund,-0.649626896166154,True
TW104258,2026-07-13 01:31:00,2026-07-13 01:38:42,-0.9182317155884708,7.7,Scooter,35,1.8279703202871058,Medium,Clear,Mulund,-0.9218150292777434,True
TW101297,2026-07-17 05:12:00,2026-07-17 05:29:48,0.2138383026698723,17.8,Motorcycle,39,-0.5213072601396559,Low,Rain,Dombivli,2.272543815918645,True
TW102693,2026-07-23 15:42:00,2026-07-23 15:46:00,-0.5750606647575445,4.0,Scooter,30,0.2617852666692662,Low,Clear,Dombivli,0.0539537498015393,True
TW104246,2026-07-06 05:50:00,2026-07-06 05:56:42,0.25328325104124333,6.7,Motorcycle,27,-1.565430629218215,Low,Clear,Thane West,-0.2747262599935875,True
TW100974,2026-07-08 10:51:00,2026-07-08 11:06:00,0.46234147740950854,15.0,Scooter,25,0.7838469512085445,Medium,Clear,Dombivli,-0.18228500723870816,True
TW102444,2026-07-09 17:00:00,2026-07-09 17:05:48,-0.8038413653114954,5.8,Motorcycle,29,-1.3043997869485757,Low,Clear,Dombivli,-0.7677462746862777,True
TW104656,2026-07-20 18:12:00,2026-07-20 18:16:00,-1.403404580556332,4.0,Motorcycle,19,-1.565430629218215,Low,Rain,Navi Mumbai,-0.4031168888198089,True
TW102550,2026-07-18 10:00:00,2026-07-18 10:11:42,0.2769502200640657,11.7,Scooter,25,-0.26027641787001443,Medium,Rain,Mumbra,-0.9115437789716456,True
TW101762,2026-07-15 00:02:00,2026-07-15 00:16:54,-0.3226129951807711,14.9,Motorcycle,43,1.8279703202871058,Medium,Clear,Airoli,-0.08984375448382867,True
TW102246,2026-07-24 04:18:00,2026-07-24 04:29:54,-0.8196193446600436,11.9,Scooter,20,-0.7823381024092951,Medium,Rain,Airoli,0.08476750071983247,True
TW102864,2026-07-07 03:33:00,2026-07-07 03:38:42,-0.6500060666631491,5.7,Motorcycle,38,-1.3043997869485757,Medium,Clear,Dombivli,0.6240081417899622,True
TW104008,2026-07-20 04:03:00,2026-07-20 04:16:00,-0.31472400550649693,13.0,Motorcycle,39,1.044877793478186,Low,Clear,Mumbra,0.7934837718405745,True
TW100009,2026-07-11 23:05:00,2026-07-11 23:24:12,0.2138383026698723,19.2,Motorcycle,25,-1.0433689446789354,Low,Clear,Airoli,1.178655658319239,True
TW104992,2026-07-23 03:35:00,2026-07-23 03:54:18,1.3695752899510378,19.3,Scooter,26,-0.26027641787001443,High,Rain,Vashi,-0.9115437789716456,True
TW104707,2026-07-09 07:59:00,2026-07-09 08:07:24,-0.7367849530801648,8.4,Scooter,27,0.2617852666692662,Medium,Clear,Bhandup,1.0759431552582617,True
TW103540,2026-07-19 02:55:00,2026-07-19 02:59:00,-0.8630087878685516,4.0,Scooter,19,0.2617852666692662,Medium,Clear,Kalyan,1.6870825484710756,True
TW101787,2026-07-28 23:02:00,2026-07-28 23:23:24,2.257086628306882,21.4,Motorcycle,36,-0.7823381024092951,Low,Overcast,Vashi,-0.9218150292777434,True
TW104249,2026-07-14 21:51:00,2026-07-14 21:57:48,-1.261402766419397,6.8,Electric Scooter,43,-0.5213072601396559,Medium,Clear,Bhandup,1.9027788048991274,True
TW102837,2026-07-11 17:01:00,2026-07-11 17:13:12,-0.24372309843802933,12.2,Scooter,37,1.044877793478186,Low,Clear,Ghodbunder Road,1.378945039288144,True
TW104110,2026-07-17 23:04:00,2026-07-17 23:29:48,1.3419638260910784,25.8,Motorcycle,41,-1.8264614714878553,Low,Clear,Dombivli,2.313628817143036,False
TW103416,2026-07-20 21:59:00,2026-07-20 22:09:54,2.550951493673595,10.9,Motorcycle,38,1.8279703202871058,Medium,Overcast,Airoli,-0.22337000846309893,True
TW102627,2026-07-06 00:14:00,2026-07-06 00:18:00,-1.2377357973965746,4.0,Scooter,33,-0.7823381024092951,Low,Clear,Airoli,0.4339900111271545,True
TW103870,2026-07-28 09:55:00,2026-07-28 10:19:06,1.9612495155216003,24.1,Scooter,26,0.2617852666692662,Medium,Rain,Mulund,-0.6034062697887143,True
TW102826,2026-07-10 21:47:00,2026-07-10 22:05:48,0.5885653121978953,18.8,Scooter,41,0.0007544243996247222,Low,Clear,Thane West,0.49561751296374085,True
TW104925,2026-07-07 07:45:00,2026-07-07 08:00:30,-0.3068350158322227,15.5,Scooter,39,0.0007544243996247222,Low,Clear,Bhandup,-0.9218150292777434,True
TW101776,2026-07-23 06:19:00,2026-07-23 06:23:30,-1.2535137767451228,4.5,Motorcycle,34,0.2617852666692662,Medium,Overcast,Bhandup,-0.9218150292777434,True
TW104377,2026-07-16 13:40:00,2026-07-16 13:44:00,-1.2180133232108892,4.0,Scooter,33,0.7838469512085445,Medium,Clear,Ghodbunder Road,-0.7677462746862777,True
TW102652,2026-07-28 22:41:00,2026-07-28 22:51:06,-0.6539505615002861,10.1,Motorcycle,21,-1.8264614714878553,Medium,Overcast,Dombivli,-0.37743876305456464,True
TW101535,2026-07-23 12:05:00,2026-07-23 12:10:42,-1.3876266012077836,5.7,Motorcycle,24,-1.0433689446789354,High,Clear,Airoli,-0.8858656532064013,True
TW103861,2026-07-28 01:31:00,2026-07-28 01:59:12,1.649634423387771,28.2,Motorcycle,20,-0.26027641787001443,High,Clear,Bhandup,-0.2901331354527341,False
TW101113,2026-07-19 14:12:00,2026-07-19 14:21:48,0.008724571138744096,9.8,Motorcycle,43,0.2617852666692662,Low,Clear,Mumbra,-0.7831531501454242,True
TW100696,2026-07-23 22:36:00,2026-07-23 22:46:00,-0.224000624252344,10.0,Motorcycle,22,1.044877793478186,Medium,Clear,Mulund,-0.4390662648911509,True
TW100121,2026-07-29 08:52:00,2026-07-29 08:57:36,-0.5198377370376253,5.6,Scooter,37,1.8279703202871058,Low,Clear,Mulund,0.1772087534747117,True
TW104050,2026-07-16 10:43:00,2026-07-16 10:50:36,-1.0089550968426235,7.6,Scooter,44,-0.7823381024092951,High,Rain,Bhandup,-0.5879993943295678,True
TW102763,2026-07-21 11:53:00,2026-07-21 12:20:00,1.4366317021823685,27.0,Scooter,40,0.0007544243996247222,Low,Rain,Kalyan,-0.5777281440234701,False
TW102009,2026-07-03 20:16:00,2026-07-03 20:35:48,0.9593478268887814,19.8,Motorcycle,31,-1.565430629218215,Low,Clear,Airoli,-0.5828637691765188,True
TW104493,2026-07-06 21:22:00,2026-07-06 21:29:06,-0.4764482938291174,7.1,Motorcycle,19,1.3059086357478251,High,Clear,Airoli,0.5161600135759363,True
TW102262,2026-07-10 04:08:00,2026-07-10 04:29:00,0.7305671263348305,21.0,Motorcycle,41,0.0007544243996247222,Low,Overcast,Ghodbunder Road,-0.31067563606492954,True
TW100239,2026-07-19 01:40:00,2026-07-19 01:44:00,-1.1312344367938734,4.0,Scooter,31,-0.7823381024092951,Medium,Clear,Bhandup,0.18748000378080945,True
TW101759,2026-07-05 05:47:00,2026-07-05 06:16:30,0.8922914146574507,29.5,Scooter,32,0.5228161089389054,High,Clear,Vashi,-0.3004043857588318,False
TW100245,2026-07-17 06:31:00,2026-07-17 06:50:06,0.3163951684354364,19.1,Motorcycle,44,0.5228161089389054,Low,Rain,Thane West,-0.31067563606492954,True
TW100068,2026-07-15 01:09:00,2026-07-15 01:16:18,-1.0286775710283091,7.3,Scooter,19,0.2617852666692662,Low,Clear,Mumbra,-0.8499162771350594,True
TW100548,2026-07-21 03:09:00,2026-07-21 03:35:24,1.4997436195765617,26.4,Motorcycle,23,-0.7823381024092951,Low,Clear,Mulund,-0.9218150292777434,False
TW103274,2026-07-21 17:21:00,2026-07-21 17:32:18,-0.511948747363351,11.3,Electric Scooter,31,1.3059086357478251,Low,Clear,Ghodbunder Road,-0.5623212685643234,True
TW103971,2026-07-12 16:32:00,2026-07-12 16:36:00,-1.3402926631621388,4.0,Motorcycle,37,0.0007544243996247222,High,Clear,Airoli,-0.7780175249923754,True
TW102173,2026-07-24 11:31:00,2026-07-24 11:38:00,-1.115456457445325,7.0,Motorcycle,32,-0.7823381024092951,Medium,Overcast,Vashi,0.18748000378080945,True
TW101532,2026-07-16 00:28:00,2026-07-16 00:39:00,0.2730057252269287,11.0,Motorcycle,37,-0.26027641787001443,High,Clear,Navi Mumbai,-0.07443687902468209,True
TW104432,2026-07-19 22:34:00,2026-07-19 22:52:18,1.775858258176158,18.3,Motorcycle,39,1.5669394780174666,Low,Clear,Ghodbunder Road,-0.7831531501454242,True
TW102481,2026-07-03 03:58:00,2026-07-03 04:13:48,0.7581785901947898,15.8,Scooter,24,-2.0874923137574957,Low,Overcast,Kalyan,-0.7985600256045708,True
TW103597,2026-07-14 13:53:00,2026-07-14 13:57:00,-1.3442371579992758,4.0,Motorcycle,42,-1.565430629218215,Medium,Clear,Ghodbunder Road,-0.4955581415746883,True
TW103465,2026-07-07 08:32:00,2026-07-07 08:39:24,-0.5908386441060929,7.4,Motorcycle,44,-0.5213072601396559,Medium,Rain,Airoli,-0.20796313300395233,True
TW103873,2026-07-17 16:42:00,2026-07-17 17:11:30,1.7719137633390203,29.5,Motorcycle,40,0.0007544243996247222,High,Clear,Thane West,0.13612375225032083,False
TW104402,2026-07-06 01:42:00,2026-07-06 02:03:00,0.19017133364704994,21.0,Motorcycle,23,0.2617852666692662,Low,Rain,Bhandup,2.539596323877186,True
TW103071,2026-07-16 00:05:00,2026-07-16 00:09:48,-0.9971216123312124,4.8,Scooter,40,0.5228161089389054,Medium,Clear,Mumbra,0.22856500500520033,True
TW103361,2026-07-05 20:45:00,2026-07-05 20:53:42,-0.7052289943830683,8.7,Motorcycle,36,0.5228161089389054,High,Clear,Bhandup,-0.9218150292777434,True
TW101746,2026-07-27 08:04:00,2026-07-27 08:16:42,0.03633603499870345,12.7,Scooter,25,-1.3043997869485757,High,Clear,Mumbra,1.7692525509198573,True
TW103046,2026-07-06 22:19:00,2026-07-06 22:39:00,0.7976235385661609,20.0,Motorcycle,41,-0.26027641787001443,Medium,Rain,Ghodbunder Road,-0.1771493820856593,True
TW100674,2026-07-19 00:28:00,2026-07-19 00:50:24,1.551022052459344,22.4,Scooter,22,0.7838469512085445,High,Clear,Vashi,-0.6958475225435937,True
TW104640,2026-07-07 05:19:00,2026-07-07 05:31:24,0.2927281994126141,12.4,Scooter,37,-2.6095539982967764,Medium,Clear,Mulund,-0.1001150047899264,True
TW100108,2026-07-14 00:38:00,2026-07-14 00:46:06,-0.5356157163861737,8.1,Scooter,25,-1.565430629218215,Medium,Clear,Airoli,-0.4647443906563951,True
TW103272,2026-07-16 00:46:00,2026-07-16 00:52:48,-0.4251698609463352,6.8,Scooter,25,0.0007544243996247222,Low,Clear,Bhandup,0.1772087534747117,True
TW104366,2026-07-01 13:00:00,2026-07-01 13:04:00,-0.44094784029488354,4.0,Motorcycle,40,-1.565430629218215,High,Clear,Bhandup,-0.8345094016759128,True
TW103798,2026-07-04 04:23:00,2026-07-04 04:32:54,-0.7131179840573423,9.9,Motorcycle,38,-0.7823381024092951,Medium,Overcast,Kalyan,-0.0230806274941936,True
TW100546,2026-07-06 23:20:00,2026-07-06 23:24:00,-1.304792209627905,4.0,Motorcycle,38,-1.565430629218215,High,Clear,Ghodbunder Road,3.9929782421900115,True
TW100923,2026-07-07 20:15:00,2026-07-07 20:39:30,1.0934606513514422,24.5,Electric Scooter,23,-1.3043997869485757,Low,Clear,Navi Mumbai,-0.17201375693261042,True
TW102452,2026-07-17 01:53:00,2026-07-17 02:08:24,-0.271334562297989,15.4,Scooter,27,-0.26027641787001443,High,Overcast,Kalyan,0.9424169012789914,True
TW100274,2026-07-14 14:48:00,2026-07-14 15:05:42,0.0008355814644697468,17.7,Scooter,22,0.0007544243996247222,Medium,Clear,Vashi,0.08990312587288121,True
TW102515,2026-07-10 16:27:00,2026-07-10 16:37:36,-0.4803927886662544,10.6,Motorcycle,27,0.0007544243996247222,High,Overcast,Dombivli,0.6805000184734996,True
TW104638,2026-07-21 10:40:00,2026-07-21 11:12:06,1.8705261342674473,32.1,Motorcycle,32,0.2617852666692662,Low,Clear,Thane West,0.6548218927082554,False
TW102424,2026-07-28 15:48:00,2026-07-28 16:17:00,2.550951493673595,29.0,Motorcycle,42,-0.5213072601396559,Medium,Clear,Thane West,-0.28499751029968523,False
TW104727,2026-07-22 17:44:00,2026-07-22 17:49:48,-1.0286775710283091,5.8,Electric Scooter,42,-1.3043997869485757,Low,Clear,Airoli,-0.4031168888198089,True
TW104828,2026-07-11 20:29:00,2026-07-11 20:40:06,-0.5750606647575445,11.1,Scooter,26,-0.7823381024092951,High,Clear,Mulund,-0.9218150292777434,True
TW104536,2026-07-11 05:48:00,2026-07-11 05:57:06,-0.5198377370376253,9.1,Motorcycle,32,-2.0874923137574957,High,Clear,Kalyan,-0.6958475225435937,True
TW100270,2026-07-08 07:01:00,2026-07-08 07:11:24,-0.3344464796921823,10.4,Motorcycle,39,-1.3043997869485757,Low,Clear,Mumbra,1.2659612859210694,True
TW104259,2026-07-27 22:03:00,2026-07-27 22:12:06,-0.23188961392661817,9.1,Motorcycle,20,-0.5213072601396559,Low,Rain,Thane West,-0.6290843955539586,True
TW103227,2026-07-02 20:26:00,2026-07-02 20:33:00,-1.2298468077223006,7.0,Scooter,40,0.7838469512085445,Medium,Clear,Dombivli,3.7259257342314713,True
TW102695,2026-07-19 03:40:00,2026-07-19 03:44:00,-1.3324036734878646,4.0,Scooter,34,0.5228161089389054,Medium,Clear,Bhandup,-0.07957250417773094,True
TW102671,2026-07-28 21:46:00,2026-07-28 21:58:24,0.016613560813018097,12.4,Scooter,23,-0.26027641787001443,Medium,Clear,Bhandup,-0.4955581415746883,True
TW103852,2026-07-09 20:47:00,2026-07-09 20:51:24,-0.9576766639598415,4.4,Scooter,41,0.5228161089389054,High,Rain,Thane West,-0.6958475225435937,True
TW103449,2026-07-14 01:37:00,2026-07-14 01:49:24,0.032391540161566444,12.4,Motorcycle,35,0.5228161089389054,High,Overcast,Thane West,-0.7780175249923754,True
TW101879,2026-07-13 21:14:00,2026-07-13 21:26:12,0.09550345755575984,12.2,Scooter,43,1.044877793478186,Low,Rain,Mumbra,-0.32094688637102714,True
TW104959,2026-07-17 00:00:00,2026-07-17 00:09:24,-0.2161116345780698,9.4,Motorcycle,24,0.0007544243996247222,High,Clear,Airoli,0.19261562893385842,True
TW103173,2026-07-19 19:50:00,2026-07-19 19:57:54,-0.555338190571859,7.9,Motorcycle,33,-1.3043997869485757,Low,Rain,Vashi,-0.8550519022881081,True
TW101666,2026-07-19 15:02:00,2026-07-19 15:23:18,1.8389701755703514,21.3,Motorcycle,43,0.0007544243996247222,Medium,Clear,Mulund,0.521295638728985,True
TW103774,2026-07-21 18:43:00,2026-07-21 18:49:30,-0.49617076801480275,6.5,Electric Scooter,19,-1.0433689446789354,Low,Clear,Kalyan,1.3327244129107043,True
TW101873,2026-07-21 06:28:00,2026-07-21 06:45:30,0.9199028785174104,17.5,Scooter,27,-1.3043997869485757,Low,Clear,Vashi,-0.326082511524076,True
TW101592,2026-07-07 12:59:00,2026-07-07 13:06:48,-0.7959523756372212,7.8,Motorcycle,20,0.5228161089389054,Medium,Clear,Dombivli,-0.5828637691765188,True
TW101329,2026-07-18 00:17:00,2026-07-18 00:21:00,-0.9892326226569382,4.0,Motorcycle,24,0.7838469512085445,Medium,Clear,Mulund,1.096485655870457,True
TW100641,2026-07-28 19:24:00,2026-07-28 19:49:36,2.550951493673595,25.6,Scooter,44,-1.0433689446789354,Medium,Rain,Kalyan,1.948999431276567,False
TW100481,2026-07-18 14:20:00,2026-07-18 14:38:54,0.12705941625285655,18.9,Scooter,34,0.7838469512085445,Medium,Rain,Navi Mumbai,-0.5212362673399326,True
TW101037,2026-07-20 10:20:00,2026-07-20 10:38:00,1.7127463407819645,18.0,Motorcycle,40,1.3059086357478251,Low,Clear,Kalyan,-0.6650337716253005,True
TW100638,2026-07-20 00:09:00,2026-07-20 00:37:00,1.32618584674253,28.0,Scooter,39,1.8279703202871058,Low,Clear,Bhandup,0.4391256362802035,False
TW102596,2026-07-23 16:04:00,2026-07-23 16:10:24,-0.3107795106693599,6.4,Motorcycle,43,-1.8264614714878553,Medium,Clear,Airoli,-0.9218150292777434,True
TW104528,2026-07-10 15:38:00,2026-07-10 15:42:00,-0.8393418188457291,4.0,Motorcycle,24,-0.5213072601396559,Medium,Clear,Ghodbunder Road,-0.33121813667712485,True
TW101664,2026-07-03 07:53:00,2026-07-03 08:01:48,-0.6105611182917782,8.8,Scooter,42,1.5669394780174666,Medium,Clear,Airoli,-0.1617425066265127,True
TW100217,2026-07-26 22:21:00,2026-07-26 22:30:12,-1.020788581354035,9.2,Electric Scooter,43,0.5228161089389054,Medium,Clear,Airoli,0.1053100013320279,True
TW101690,2026-07-28 04:39:00,2026-07-28 04:53:06,0.6082877863835807,14.1,Scooter,40,-0.7823381024092951,High,Clear,Navi Mumbai,-0.7163900231557891,True
TW103665,2026-07-03 14:27:00,2026-07-03 14:50:30,1.5036881144136987,23.5,Scooter,19,-0.26027641787001443,Low,Clear,Vashi,-0.5315075176460303,True
TW104585,2026-07-06 02:21:00,2026-07-06 02:36:30,1.0303487339572488,15.5,Scooter,40,-1.0433689446789354,Low,Overcast,Thane West,-0.4390662648911509,True
TW102248,2026-07-16 16:31:00,2026-07-16 17:10:12,2.550951493673595,39.2,Scooter,35,-0.26027641787001443,Medium,Clear,Vashi,0.8294331479119164,False
TW101837,2026-07-18 17:19:00,2026-07-18 17:56:42,1.7206353304562385,37.7,Electric Scooter,39,-0.26027641787001443,High,Rain,Mulund,-0.7420681489210333,False
TW101110,2026-07-06 01:51:00,2026-07-06 01:55:00,-1.2377357973965746,4.0,Scooter,19,1.5669394780174666,Medium,Clear,Airoli,-0.39798126366676007,True
TW101691,2026-07-18 17:23:00,2026-07-18 17:28:12,-1.0286775710283091,5.2,Motorcycle,42,-0.7823381024092951,Low,Clear,Bhandup,0.2953281319948354,True
TW102870,2026-07-15 07:46:00,2026-07-15 08:09:54,1.7561357839904723,23.9,Motorcycle,43,-1.565430629218215,Medium,Overcast,Kalyan,-0.4904225164216394,True
TW104709,2026-07-21 23:34:00,2026-07-21 23:44:36,-1.0523445400511318,10.6,Electric Scooter,33,0.0007544243996247222,High,Rain,Mulund,-0.8191025262167662,True
TW101836,2026-07-03 16:38:00,2026-07-03 16:45:30,0.1428373956014049,7.5,Motorcycle,31,-1.565430629218215,Medium,Clear,Kalyan,1.5638275447979029,True
TW101443,2026-07-29 12:51:00,2026-07-29 13:00:36,-0.48433728350339156,9.6,Scooter,43,-0.26027641787001443,Low,Overcast,Mumbra,-0.9064081538185967,True
TW103000,2026-07-11 13:54:00,2026-07-11 13:59:00,-0.68945101503452,5.0,Scooter,30,-0.5213072601396559,Medium,Clear,Kalyan,-0.3055400109118807,True
TW100132,2026-07-28 04:03:00,2026-07-28 04:08:42,-0.4567258196434319,5.7,Motorcycle,19,-0.5213072601396559,High,Clear,Kalyan,-0.13092875570821955,True
TW104117,2026-07-07 15:47:00,2026-07-07 15:51:30,-1.1706793851652442,4.5,Motorcycle,44,0.0007544243996247222,Medium,Overcast,Mulund,0.19261562893385842,True
TW102880,2026-07-11 12:55:00,2026-07-11 13:22:36,1.3577418054396269,27.6,Scooter,29,0.7838469512085445,Medium,Clear,Bhandup,-0.08984375448382867,False
TW102031,2026-07-11 00:07:00,2026-07-11 00:21:00,0.06000300402152615,14.0,Scooter,23,-1.3043997869485757,Low,Clear,Bhandup,0.023139998883246145,True
TW100603,2026-07-14 02:21:00,2026-07-14 02:25:00,-0.9695101484712529,4.0,Scooter,26,-1.3043997869485757,Low,Clear,Kalyan,-0.860187527441157,True
TW101964,2026-07-16 03:39:00,2026-07-16 03:53:24,1.1171276203742646,14.4,Motorcycle,41,-1.3043997869485757,Low,Overcast,Navi Mumbai,1.5432850441857076,True
TW101556,2026-07-08 09:00:00,2026-07-08 09:39:54,2.550951493673595,39.9,Motorcycle,31,0.2617852666692662,Low,Clear,Bhandup,-0.9218150292777434,False
TW103690,2026-07-24 06:55:00,2026-07-24 06:59:00,-1.399460085719195,4.0,Motorcycle,43,-0.7823381024092951,Low,Clear,Mumbra,-0.5315075176460303,True
TW102252,2026-07-14 12:13:00,2026-07-14 12:31:12,0.9632923217259184,18.2,Motorcycle,35,0.2617852666692662,High,Clear,Airoli,-0.860187527441157,True
TW103506,2026-07-07 04:07:00,2026-07-07 04:27:48,0.3637291064810815,20.8,Motorcycle,39,-0.26027641787001443,Medium,Clear,Dombivli,-0.8755944029003037,True
TW102456,2026-07-18 21:56:00,2026-07-18 22:05:24,-0.693395509871657,9.4,Motorcycle,38,0.0007544243996247222,High,Rain,Airoli,-0.8345094016759128,True
TW101607,2026-07-20 18:33:00,2026-07-20 18:42:48,-0.27922355197226323,9.8,Electric Scooter,28,1.8279703202871058,Low,Overcast,Airoli,-0.9218150292777434,True
TW100404,2026-07-12 18:09:00,2026-07-12 18:31:24,1.4405761970195055,22.4,Scooter,34,-0.26027641787001443,Medium,Clear,Ghodbunder Road,-0.41338813912590666,True
TW104774,2026-07-23 01:49:00,2026-07-23 01:54:18,-1.1036229729339138,5.3,Scooter,21,-1.0433689446789354,Medium,Overcast,Vashi,-0.6804406470844471,True
TW101782,2026-07-03 20:27:00,2026-07-03 20:42:06,-0.3462799642035936,15.1,Motorcycle,37,-0.5213072601396559,Low,Clear,Airoli,1.0451294043399686,True
TW103785,2026-07-22 15:22:00,2026-07-22 15:30:36,-0.4764482938291174,8.6,Motorcycle,27,0.2617852666692662,Medium,Overcast,Ghodbunder Road,-0.8242381513698152,True
TW104669,2026-07-02 23:56:00,2026-07-03 00:07:42,0.5057309206180166,11.7,Motorcycle,32,0.0007544243996247222,High,Clear,Navi Mumbai,0.49561751296374085,True
TW104481,2026-07-29 03:26:00,2026-07-29 03:35:00,-0.6776175305231086,9.0,Scooter,22,-0.5213072601396559,Medium,Clear,Mulund,-0.8396450268289616,True
TW104093,2026-07-15 21:16:00,2026-07-15 21:29:54,0.572787332849347,13.9,Motorcycle,21,0.0007544243996247222,Low,Rain,Airoli,-0.7163900231557891,True
TW101438,2026-07-05 22:01:00,2026-07-05 22:08:00,-0.7722854066143987,7.0,Electric Scooter,36,0.7838469512085445,Medium,Clear,Vashi,1.2351475350027763,True
TW103363,2026-07-21 00:38:00,2026-07-21 00:50:54,-0.417280871272061,12.9,Motorcycle,24,0.2617852666692662,Low,Rain,Ghodbunder Road,1.348131288369851,True
TW104745,2026-07-04 10:27:00,2026-07-04 10:41:06,-0.19244466555524728,14.1,Scooter,33,0.7838469512085445,Low,Clear,Kalyan,-0.9218150292777434,True
TW101623,2026-07-23 14:24:00,2026-07-23 14:36:36,0.5057309206180166,12.6,Scooter,27,0.5228161089389054,Medium,Rain,Navi Mumbai,-0.1001150047899264,True
TW101393,2026-07-06 22:53:00,2026-07-06 23:07:06,0.4662859722466459,14.1,Scooter,34,0.2617852666692662,Medium,Overcast,Kalyan,-0.33121813667712485,True
TW102211,2026-07-05 03:05:00,2026-07-05 03:09:12,-0.9655656536341157,4.2,Motorcycle,42,-0.5213072601396559,High,Clear,Navi Mumbai,-0.793424400451522,True
TW101766,2026-07-07 03:04:00,2026-07-07 03:08:00,-1.2061798386994778,4.0,Scooter,36,1.3059086357478251,Medium,Clear,Dombivli,-0.4750156409624928,True
TW103851,2026-07-24 14:02:00,2026-07-24 14:13:12,-0.6500060666631491,11.2,Electric Scooter,32,-1.3043997869485757,Medium,Rain,Airoli,1.630590671787538,True
TW104862,2026-07-17 08:26:00,2026-07-17 08:38:54,0.22172729234414665,12.9,Electric Scooter,40,-1.0433689446789354,Medium,Clear,Navi Mumbai,0.593194390871669,True
TW104522,2026-07-30 04:34:00,2026-07-30 04:40:30,-0.9024537362399225,6.5,Electric Scooter,19,-1.8264614714878553,Low,Clear,Kalyan,-0.9218150292777434,True
TW101442,2026-07-04 16:03:00,2026-07-04 16:07:00,-0.9616211587969785,4.0,Scooter,42,0.2617852666692662,Medium,Overcast,Vashi,-0.05389437841248676,True
TW101634,2026-07-25 07:25:00,2026-07-25 07:37:42,0.3755625909924928,12.7,Electric Scooter,31,0.2617852666692662,Low,Rain,Thane West,-0.8961369035124991,True
TW102910,2026-07-11 02:25:00,2026-07-11 02:31:42,-1.1667348903281072,6.7,Scooter,43,0.0007544243996247222,Medium,Rain,Thane West,0.3415487583722753,True
TW101147,2026-07-30 14:23:00,2026-07-30 14:27:18,-0.7643964169401245,4.3,Scooter,25,-0.26027641787001443,Medium,Clear,Dombivli,-0.7985600256045708,True
TW104703,2026-07-29 02:00:00,2026-07-29 02:07:48,-0.6657840460116974,7.8,Motorcycle,40,1.3059086357478251,High,Clear,Kalyan,-0.7831531501454242,True
TW104238,2026-07-10 15:13:00,2026-07-10 15:28:24,0.8607354559603543,15.4,Motorcycle,21,1.8279703202871058,Medium,Clear,Ghodbunder Road,1.0399937791869194,True
TW100498,2026-07-19 02:25:00,2026-07-19 02:36:48,0.11917042657858219,11.8,Scooter,38,0.0007544243996247222,Low,Clear,Ghodbunder Road,-0.35176063728932033,True
TW102239,2026-07-19 22:00:00,2026-07-19 22:08:12,0.5570093535007986,8.2,Motorcycle,33,0.2617852666692662,Low,Clear,Navi Mumbai,-0.7574750243801799,True
TW101129,2026-07-03 07:54:00,2026-07-03 08:01:36,-0.7920078808000841,7.6,Motorcycle,42,-0.5213072601396559,Medium,Clear,Navi Mumbai,1.4046231650533887,True
TW104333,2026-07-02 21:18:00,2026-07-02 21:22:00,-0.49222627317766576,4.0,Motorcycle,35,1.8279703202871058,High,Rain,Ghodbunder Road,-0.16687813177956157,True
TW101515,2026-07-15 12:47:00,2026-07-15 12:52:12,-0.030720377232626953,5.2,Motorcycle,40,1.044877793478186,Medium,Clear,Ghodbunder Road,-0.7472037740740822,True
TW102176,2026-07-10 10:37:00,2026-07-10 10:41:00,-1.2180133232108892,4.0,Motorcycle,33,0.0007544243996247222,Low,Clear,Thane West,0.7215850196978905,True
TW101391,2026-07-06 02:37:00,2026-07-06 03:01:18,1.1684060532570466,24.3,Scooter,37,-0.26027641787001443,Medium,Clear,Ghodbunder Road,-0.4852868912685906,True
TW102155,2026-07-28 04:30:00,2026-07-28 04:44:36,0.2138383026698723,14.6,Motorcycle,36,-0.26027641787001443,High,Clear,Vashi,1.53301379387961,True
TW103666,2026-07-25 00:18:00,2026-07-25 00:24:54,-0.085943304952546,6.9,Motorcycle,38,0.2617852666692662,High,Clear,Dombivli,0.6548218927082554,True
TW101010,2026-07-24 01:12:00,2026-07-24 01:26:18,0.3676736013182188,14.3,Motorcycle,37,-0.7823381024092951,Low,Clear,Navi Mumbai,-0.541778767952128,True
TW103940,2026-07-20 13:01:00,2026-07-20 13:09:00,-0.9734546433083899,8.0,Motorcycle,23,1.044877793478186,High,Clear,Thane West,-0.8088312759106685,True
TW104793,2026-07-16 23:07:00,2026-07-16 23:23:54,0.3992295600153152,16.9,Scooter,28,1.044877793478186,Low,Rain,Dombivli,-0.793424400451522,True
TW101287,2026-07-05 09:16:00,2026-07-05 09:31:24,0.0718364885329375,15.4,Electric Scooter,20,0.2617852666692662,High,Clear,Navi Mumbai,-0.9218150292777434,True
TW103653,2026-07-24 10:13:00,2026-07-24 10:18:12,-1.1272899419567362,5.2,Scooter,20,1.5669394780174666,High,Clear,Dombivli,-0.8139669010637174,True
TW101868,2026-07-10 16:15:00,2026-07-10 16:19:00,-0.7328404582430278,4.0,Electric Scooter,31,-0.7823381024092951,Medium,Overcast,Airoli,0.7369918951570371,True
TW101395,2026-07-13 14:22:00,2026-07-13 14:26:00,-0.3068350158322227,4.0,Scooter,24,1.3059086357478251,Low,Overcast,Thane West,-0.4544731403502974,True
TW103628,2026-07-30 06:19:00,2026-07-30 06:27:48,-0.6302835924774636,8.8,Scooter,24,0.5228161089389054,High,Clear,Vashi,-0.685576272237496,True
TW100768,2026-07-11 16:15:00,2026-07-11 16:23:54,-1.0996784780967768,8.9,Scooter,43,1.8279703202871058,Medium,Clear,Navi Mumbai,3.181549468008292,True
TW103687,2026-07-05 03:12:00,2026-07-05 03:26:30,0.7700120747062013,14.5,Motorcycle,40,-1.8264614714878553,Medium,Clear,Vashi,-0.7780175249923754,True
TW102847,2026-07-02 23:31:00,2026-07-02 23:54:48,1.653578918224908,23.8,Electric Scooter,24,0.7838469512085445,High,Clear,Kalyan,-0.8293737765228638,True
TW103396,2026-07-09 17:32:00,2026-07-09 17:41:54,2.550951493673595,9.9,Electric Scooter,36,1.8279703202871058,Low,Overcast,Mulund,-0.7831531501454242,True
TW100022,2026-07-14 05:35:00,2026-07-14 05:50:06,-0.36205794355214194,15.1,Scooter,22,1.044877793478186,Medium,Overcast,Mulund,1.7178962993893685,True
TW103946,2026-07-19 17:17:00,2026-07-19 17:31:18,0.8844024249831767,14.3,Scooter,31,0.7838469512085445,Low,Overcast,Airoli,-0.22850563361614779,True
TW102232,2026-07-11 09:06:00,2026-07-11 09:26:12,1.274907413859748,20.2,Motorcycle,34,0.0007544243996247222,Medium,Clear,Airoli,-0.6650337716253005,True
TW100985,2026-07-30 09:36:00,2026-07-30 09:45:12,-0.9221762104256078,9.2,Motorcycle,42,-0.7823381024092951,Low,Clear,Kalyan,-0.4647443906563951,True
TW102979,2026-07-26 03:09:00,2026-07-26 03:13:00,-0.9537321691227045,4.0,Motorcycle,36,0.2617852666692662,Low,Clear,Thane West,-0.1257931305551707,True
TW101743,2026-07-19 20:46:00,2026-07-19 20:52:42,-0.8353973240085919,6.7,Scooter,34,-1.0433689446789354,Low,Clear,Dombivli,-0.469880015809444,True
TW101938,2026-07-29 12:55:00,2026-07-29 13:02:48,-0.7643964169401245,7.8,Motorcycle,23,0.5228161089389054,Medium,Clear,Mulund,-0.07443687902468209,True
TW101543,2026-07-27 07:18:00,2026-07-27 07:22:00,-0.6421170769888749,4.0,Scooter,19,0.0007544243996247222,Medium,Rain,Mumbra,-0.5674568937173723,True
TW103791,2026-07-22 08:51:00,2026-07-22 08:57:00,-0.9892326226569382,6.0,Scooter,37,0.0007544243996247222,Medium,Clear,Vashi,-0.649626896166154,True
TW102230,2026-07-11 16:02:00,2026-07-11 16:09:18,-0.07016532560399766,7.3,Motorcycle,36,0.2617852666692662,Medium,Rain,Vashi,-0.048758753259437904,True
TW101269,2026-07-11 12:08:00,2026-07-11 12:21:12,0.5925098070350323,13.2,Motorcycle,22,-0.5213072601396559,Medium,Rain,Mulund,0.07449625041373474,True
TW104134,2026-07-23 23:55:00,2026-07-24 00:06:24,0.0008355814644697468,11.4,Motorcycle,29,1.5669394780174666,High,Overcast,Vashi,-0.31067563606492954,True
TW103284,2026-07-13 23:12:00,2026-07-13 23:20:48,-0.9695101484712529,8.8,Motorcycle,23,0.0007544243996247222,Medium,Clear,Dombivli,-0.5982706446356655,True
TW102296,2026-07-12 05:40:00,2026-07-12 05:52:24,-0.5829496544318187,12.4,Scooter,23,0.0007544243996247222,Medium,Overcast,Ghodbunder Road,3.648891356935738,True
TW100999,2026-07-09 06:47:00,2026-07-09 07:01:36,0.7779010643804752,14.6,Electric Scooter,32,-1.3043997869485757,Low,Clear,Mumbra,-0.6598981464722518,True
TW102609,2026-07-05 07:05:00,2026-07-05 07:26:36,1.8113587117103915,21.6,Motorcycle,28,0.0007544243996247222,Low,Overcast,Vashi,1.1889269086253362,True
TW104901,2026-07-04 00:05:00,2026-07-04 00:18:24,0.2730057252269287,13.4,Motorcycle,37,0.2617852666692662,Medium,Clear,Mumbra,-0.31067563606492954,True
TW100573,2026-07-27 03:51:00,2026-07-27 04:15:36,1.223628980976966,24.6,Motorcycle,35,-0.7823381024092951,Medium,Clear,Mumbra,-0.9218150292777434,True
TW102616,2026-07-26 22:33:00,2026-07-26 22:38:30,-0.3581134487150048,5.5,Motorcycle,31,-2.0874923137574957,Low,Clear,Navi Mumbai,-0.31067563606492954,True
TW102484,2026-07-01 15:58:00,2026-07-01 16:24:12,2.170307741889866,26.2,Scooter,38,-0.26027641787001443,High,Clear,Mumbra,-0.31067563606492954,False
TW101701,2026-07-28 19:53:00,2026-07-28 19:57:00,-1.0562890348882688,4.0,Electric Scooter,23,0.7838469512085445,Low,Rain,Mulund,3.91080823974123,True
TW101539,2026-07-22 02:54:00,2026-07-22 03:13:00,1.6259674543649485,19.0,Electric Scooter,19,1.3059086357478251,High,Overcast,Kalyan,-0.028216252647242458,True
TW103825,2026-07-26 13:02:00,2026-07-26 13:09:36,-0.8708977775428258,7.6,Motorcycle,33,-0.26027641787001443,High,Clear,Mumbra,-0.37230313790151576,True
TW102514,2026-07-07 15:18:00,2026-07-07 15:25:54,-0.6736730356859716,7.9,Motorcycle,35,0.5228161089389054,Medium,Overcast,Navi Mumbai,0.12585250194422334,True
TW100755,2026-07-20 07:03:00,2026-07-20 07:07:00,-0.9695101484712529,4.0,Scooter,20,0.5228161089389054,High,Rain,Thane West,0.3723625092905684,True
TW102290,2026-07-23 21:01:00,2026-07-23 21:07:24,-0.6578950563374233,6.4,Motorcycle,30,1.8279703202871058,Medium,Rain,Bhandup,-0.07443687902468209,True
TW103428,2026-07-09 08:34:00,2026-07-09 09:06:42,2.1979192057498254,32.7,Electric Scooter,32,0.0007544243996247222,Medium,Rain,Kalyan,-0.9218150292777434,False
TW102754,2026-07-13 07:18:00,2026-07-13 07:30:18,0.2572277458783804,12.3,Scooter,43,-0.26027641787001443,Low,Overcast,Thane West,0.5418381393411804,True
TW101703,2026-07-25 13:07:00,2026-07-25 13:18:00,-0.062276335929723654,11.0,Scooter,24,-0.5213072601396559,Low,Clear,Ghodbunder Road,0.1309881270972721,True
TW101482,2026-07-08 12:54:00,2026-07-08 12:58:00,-1.44679402376484,4.0,Motorcycle,43,-1.3043997869485757,Medium,Clear,Thane West,-0.5571856434112746,True
TW103980,2026-07-06 22:09:00,2026-07-06 22:21:00,-0.9418986846112932,12.0,Motorcycle,44,0.7838469512085445,Medium,Rain,Bhandup,0.526431263882034,True
TW103570,2026-07-06 23:01:00,2026-07-06 23:21:00,0.1507263852756789,20.0,Motorcycle,38,-0.5213072601396559,Medium,Clear,Mumbra,-0.05389437841248676,True
TW104790,2026-07-22 15:22:00,2026-07-22 15:26:00,-1.4862389721362108,4.0,Scooter,37,-1.0433689446789354,Low,Clear,Thane West,-0.2644550096874898,True
TW100588,2026-07-23 21:33:00,2026-07-23 21:46:30,0.7779010643804752,13.5,Scooter,24,1.044877793478186,High,Overcast,Dombivli,0.25424313077044475,True
TW101521,2026-07-10 20:58:00,2026-07-10 21:03:06,-0.8985092414027853,5.1,Scooter,20,1.8279703202871058,High,Clear,Ghodbunder Road,0.3107350074539821,True
TW102540,2026-07-15 00:47:00,2026-07-15 00:51:00,-1.5138504359961704,4.0,Motorcycle,44,-0.5213072601396559,High,Clear,Kalyan,-0.9218150292777434,True
TW100538,2026-07-16 01:27:00,2026-07-16 01:31:12,-1.2535137767451228,4.2,Electric Scooter,29,1.8279703202871058,Low,Clear,Airoli,-0.7369325237679845,True
TW103155,2026-07-21 12:48:00,2026-07-21 12:52:00,-1.3166256941393162,4.0,Scooter,39,0.2617852666692662,Low,Clear,Kalyan,-0.6342200207070074,True
TW104362,2026-07-09 10:53:00,2026-07-09 11:23:12,1.9967499690558341,30.2,Motorcycle,36,0.2617852666692662,Medium,Overcast,Mumbra,0.059089374954588055,False
TW102544,2026-07-15 06:00:00,2026-07-15 06:04:30,-0.9103427259141965,4.5,Scooter,27,-0.5213072601396559,High,Rain,Ghodbunder Road,0.3723625092905684,True
TW101293,2026-07-08 16:43:00,2026-07-08 16:50:42,-0.9063982310770595,7.7,Scooter,44,-2.348523156027136,Medium,Clear,Kalyan,-0.5571856434112746,True
TW100015,2026-07-17 08:54:00,2026-07-17 09:03:18,-0.8590642930314144,9.3,Scooter,35,0.0007544243996247222,High,Clear,Kalyan,-0.8345094016759128,True
TW101004,2026-07-07 22:33:00,2026-07-07 22:45:54,-0.17666668620669893,12.9,Scooter,39,-1.565430629218215,Medium,Clear,Dombivli,-0.9218150292777434,True
TW102997,2026-07-14 01:45:00,2026-07-14 02:15:42,2.4858673288608326,30.7,Electric Scooter,22,0.0007544243996247222,Low,Clear,Kalyan,-0.9218150292777434,False
TW102721,2026-07-12 04:48:00,2026-07-12 05:02:36,-0.007053408209804253,14.6,Scooter,39,-1.565430629218215,Medium,Clear,Mumbra,1.7795238012259549,True
TW101071,2026-07-15 15:15:00,2026-07-15 15:22:30,-0.007053408209804253,7.5,Motorcycle,35,1.8279703202871058,Low,Clear,Bhandup,0.24910750561739578,True
TW102646,2026-07-24 17:45:00,2026-07-24 17:54:18,-0.47250379899198025,9.3,Motorcycle,36,1.3059086357478251,Low,Rain,Mumbra,-0.8550519022881081,True
TW104247,2026-07-29 03:32:00,2026-07-29 03:54:18,0.7581785901947898,22.3,Motorcycle,38,-1.8264614714878553,Low,Rain,Kalyan,0.25424313077044475,True
TW102032,2026-07-08 06:59:00,2026-07-08 07:19:48,0.22961628201842066,20.8,Motorcycle,22,-1.0433689446789354,High,Clear,Mulund,-0.007673752035047018,True
TW102639,2026-07-10 06:00:00,2026-07-10 06:14:36,0.03633603499870345,14.6,Scooter,35,-0.5213072601396559,Medium,Clear,Kalyan,-0.6290843955539586,True
TW102109,2026-07-17 21:30:00,2026-07-17 21:39:54,0.4820639515951939,9.9,Scooter,29,-1.0433689446789354,Medium,Rain,Vashi,0.002597498271050703,True
TW101325,2026-07-24 07:40:00,2026-07-24 07:49:06,-0.06622083076686065,9.1,Motorcycle,44,0.2617852666692662,Low,Overcast,Thane West,-0.9218150292777434,True
TW102102,2026-07-02 20:18:00,2026-07-02 20:27:42,-0.39361390224923865,9.7,Scooter,43,-0.26027641787001443,Low,Rain,Thane West,-0.7780175249923754,True
TW102572,2026-07-16 21:08:00,2026-07-16 21:19:36,-0.6342280873146008,11.6,Motorcycle,21,0.5228161089389054,High,Clear,Ghodbunder Road,-0.326082511524076,True
TW103975,2026-07-29 19:04:00,2026-07-29 19:10:00,-0.9379541897741562,6.0,Scooter,37,0.5228161089389054,High,Rain,Navi Mumbai,-0.41338813912590666,True
TW103745,2026-07-09 02:04:00,2026-07-09 02:10:54,-0.6578950563374233,6.9,Motorcycle,31,1.3059086357478251,High,Clear,Bhandup,-0.7882887752984731,True
TW104109,2026-07-14 18:35:00,2026-07-14 18:43:12,-0.882731262054237,8.2,Electric Scooter,44,0.2617852666692662,Low,Rain,Navi Mumbai,-0.541778767952128,True
TW101454,2026-07-23 15:14:00,2026-07-23 15:21:06,-0.2121671397409328,7.1,Scooter,32,0.5228161089389054,Medium,Clear,Airoli,-0.3928456385137112,True
TW101547,2026-07-02 00:14:00,2026-07-02 00:20:12,-1.0602335297254057,6.2,Motorcycle,38,0.5228161089389054,Low,Clear,Mulund,0.03854687434239261,True
TW104399,2026-07-04 00:36:00,2026-07-04 00:40:18,2.550951493673595,4.3,Motorcycle,39,-0.26027641787001443,Medium,Overcast,Navi Mumbai,-0.33121813667712485,True
TW102633,2026-07-20 11:46:00,2026-07-20 12:01:12,0.23356077685555765,15.2,Scooter,19,1.044877793478186,Medium,Clear,Mumbra,1.3429956632168023,True
TW104086,2026-07-07 21:15:00,2026-07-07 21:28:30,-0.20822264490379563,13.5,Scooter,22,-0.5213072601396559,Low,Clear,Bhandup,0.48534626265764313,True
TW102399,2026-07-05 19:32:00,2026-07-05 19:38:48,-0.24372309843802933,6.8,Scooter,31,-0.5213072601396559,Medium,Clear,Bhandup,0.5880587657186204,True
TW104934,2026-07-27 13:49:00,2026-07-27 14:03:30,-0.10172128430109435,14.5,Scooter,35,-0.5213072601396559,Medium,Clear,Mulund,-0.1771493820856593,True
TW101612,2026-07-13 14:36:00,2026-07-13 14:46:12,-0.14511072750960222,10.2,Scooter,44,0.5228161089389054,Medium,Clear,Airoli,-0.9218150292777434,True
TW104948,2026-07-19 00:45:00,2026-07-19 00:54:30,-0.511948747363351,9.5,Scooter,28,1.5669394780174666,Medium,Clear,Airoli,-0.8910012783594502,True
TW103717,2026-07-20 01:27:00,2026-07-20 01:45:42,0.09155896271862285,18.7,Scooter,38,-0.5213072601396559,High,Rain,Mumbra,-0.08984375448382867,True
TW102823,2026-07-16 18:11:00,2026-07-16 18:17:42,-0.5277267267118995,6.7,Motorcycle,44,-1.8264614714878553,Low,Clear,Navi Mumbai,1.3686737889820466,True
TW102642,2026-07-13 12:27:00,2026-07-13 12:35:00,-0.9892326226569382,8.0,Motorcycle,20,-0.26027641787001443,Medium,Rain,Ghodbunder Road,-0.10525062994297525,True
TW103025,2026-07-10 16:32:00,2026-07-10 16:42:30,-0.3778359229006903,10.5,Motorcycle,34,0.7838469512085445,High,Clear,Navi Mumbai,-0.2747262599935875,True
TW103762,2026-07-23 03:46:00,2026-07-23 04:14:00,2.550951493673595,28.0,Motorcycle,43,0.0007544243996247222,Medium,Overcast,Mulund,-0.8293737765228638,False
TW101120,2026-07-26 04:19:00,2026-07-26 04:28:06,-0.5868941492689557,9.1,Scooter,35,-1.8264614714878553,Medium,Overcast,Bhandup,0.6650931430143531,True
TW102280,2026-07-28 11:35:00,2026-07-28 11:49:18,-0.8393418188457291,14.3,Scooter,19,0.0007544243996247222,High,Clear,Kalyan,0.706178144238744,True
TW103836,2026-07-23 23:15:00,2026-07-23 23:23:12,-0.551393695734722,8.2,Scooter,32,0.2617852666692662,Medium,Clear,Ghodbunder Road,-0.6547625213192029,True
TW101700,2026-07-02 18:34:00,2026-07-02 18:50:18,0.8686244456346283,16.3,Electric Scooter,26,0.5228161089389054,Low,Clear,Mulund,0.15153062770946754,True
TW102952,2026-07-17 11:52:00,2026-07-17 12:06:54,0.9435698475402331,14.9,Scooter,22,0.2617852666692662,High,Clear,Navi Mumbai,0.3569556338314217,True
TW101155,2026-07-12 09:31:00,2026-07-12 09:48:42,0.39528506517817813,17.7,Scooter,30,0.5228161089389054,High,Overcast,Dombivli,2.0208981834192508,True
TW104718,2026-07-13 18:24:00,2026-07-13 18:33:06,-1.1982908490252038,9.1,Scooter,22,-0.5213072601396559,Low,Clear,Airoli,0.12585250194422334,True
TW100952,2026-07-24 22:46:00,2026-07-24 22:59:36,-0.06622083076686065,13.6,Scooter,32,0.0007544243996247222,Low,Rain,Kalyan,1.4662506668899744,True
TW104563,2026-07-25 14:51:00,2026-07-25 14:55:00,-1.44679402376484,4.0,Scooter,28,-1.3043997869485757,Medium,Clear,Mumbra,-0.7009831476966425,True
TW103342,2026-07-06 19:43:00,2026-07-06 19:50:42,-1.1549014058166958,7.7,Electric Scooter,34,0.2617852666692662,Medium,Clear,Airoli,-0.028216252647242458,True
TW101117,2026-07-13 16:57:00,2026-07-13 17:06:30,-0.7288959634058907,9.5,Motorcycle,34,1.044877793478186,Medium,Clear,Ghodbunder Road,-0.9064081538185967,True
TW100954,2026-07-19 03:57:00,2026-07-19 04:03:54,-0.7643964169401245,6.9,Scooter,36,-0.26027641787001443,Medium,Clear,Mumbra,0.9835019025033822,True
TW103203,2026-07-09 20:29:00,2026-07-09 20:46:06,0.24539426136696899,17.1,Electric Scooter,41,-0.7823381024092951,Medium,Clear,Dombivli,-0.9218150292777434,True
TW100368,2026-07-21 02:17:00,2026-07-21 02:30:42,0.572787332849347,13.7,Scooter,35,-0.26027641787001443,Medium,Rain,Navi Mumbai,-0.6753050219313983,True
TW102718,2026-07-14 22:33:00,2026-07-14 22:37:12,-1.1549014058166958,4.2,Motorcycle,35,-1.0433689446789354,Low,Clear,Bhandup,-0.9218150292777434,True
TW101172,2026-07-08 14:11:00,2026-07-08 14:17:42,-1.0405110555397203,6.7,Motorcycle,22,0.0007544243996247222,Medium,Clear,Thane West,-0.8910012783594502,True
TW104635,2026-07-22 16:36:00,2026-07-22 16:45:48,-0.2989460261579486,9.8,Scooter,35,-0.5213072601396559,Low,Clear,Navi Mumbai,-0.39798126366676007,True
TW102330,2026-07-11 07:38:00,2026-07-11 07:49:24,-0.5908386441060929,11.4,Electric Scooter,33,0.7838469512085445,Low,Overcast,Airoli,1.024586903727773,True
TW103057,2026-07-17 15:03:00,2026-07-17 15:11:00,-0.693395509871657,8.0,Motorcycle,21,0.2617852666692662,Low,Clear,Thane West,-0.469880015809444,True
TW100341,2026-07-16 04:16:00,2026-07-16 04:29:30,0.2690612303897917,13.5,Electric Scooter,25,1.044877793478186,Low,Clear,Airoli,-0.4750156409624928,True
TW101376,2026-07-03 23:29:00,2026-07-03 23:33:00,-0.6026721286175041,4.0,Scooter,21,-1.3043997869485757,Low,Clear,Bhandup,1.4046231650533887,True
TW101125,2026-07-06 13:15:00,2026-07-06 13:33:06,0.7581785901947898,18.1,Motorcycle,24,1.8279703202871058,Medium,Clear,Ghodbunder Road,-0.28499751029968523,True
TW103700,2026-07-12 19:17:00,2026-07-12 19:28:48,-0.9024537362399225,11.8,Motorcycle,23,0.0007544243996247222,Low,Clear,Mulund,0.25424313077044475,True
TW100415,2026-07-11 06:33:00,2026-07-11 06:55:36,1.0737381771657566,22.6,Scooter,41,1.044877793478186,Low,Clear,Mulund,-0.4852868912685906,True
TW103102,2026-07-28 22:43:00,2026-07-28 22:52:00,0.0718364885329375,9.0,Motorcycle,30,0.5228161089389054,High,Clear,Thane West,-0.1257931305551707,True
TW103661,2026-07-12 15:05:00,2026-07-12 15:09:30,-0.9813436329826641,4.5,Motorcycle,22,-0.7823381024092951,Low,Rain,Airoli,-0.08984375448382867,True
TW100944,2026-07-11 15:40:00,2026-07-11 15:51:54,1.6141339698535375,11.9,Motorcycle,27,-0.7823381024092951,High,Rain,Navi Mumbai,-0.9218150292777434,True
TW102379,2026-07-12 22:48:00,2026-07-12 22:52:00,-0.5947831389432299,4.0,Motorcycle,38,0.7838469512085445,Medium,Clear,Navi Mumbai,-0.01794500234114474,True
TW101980,2026-07-03 05:55:00,2026-07-03 05:59:00,-0.8551197981942774,4.0,Motorcycle,35,1.044877793478186,Low,Clear,Airoli,-0.7882887752984731,True
TW103461,2026-07-04 19:37:00,2026-07-04 19:43:12,-0.8708977775428258,6.2,Motorcycle,39,-0.5213072601396559,High,Clear,Airoli,1.204333784084483,True
TW103658,2026-07-06 06:55:00,2026-07-06 06:59:30,-0.5711161699204074,4.5,Scooter,41,-0.5213072601396559,Medium,Clear,Navi Mumbai,-0.36203188759541804,True
TW103138,2026-07-19 03:40:00,2026-07-19 03:44:00,2.550951493673595,4.0,Scooter,24,0.0007544243996247222,Medium,Clear,Bhandup,-0.9218150292777434,True
TW102914,2026-07-09 04:17:00,2026-07-09 04:21:06,-0.6618395511745603,4.1,Motorcycle,43,0.0007544243996247222,High,Clear,Bhandup,-0.0025381268819981576,True
TW101957,2026-07-01 13:16:00,2026-07-01 13:32:30,1.0895161565143048,16.5,Motorcycle,37,1.8279703202871058,Medium,Clear,Ghodbunder Road,-0.5982706446356655,True
TW101893,2026-07-01 12:51:00,2026-07-01 13:18:06,1.8981375981274071,27.1,Motorcycle,25,0.7838469512085445,Low,Clear,Navi Mumbai,-0.9166794041246945,False
TW100523,2026-07-27 11:21:00,2026-07-27 11:38:24,0.45839698257237155,17.4,Motorcycle,22,0.2617852666692662,High,Clear,Bhandup,-0.9218150292777434,True
TW100091,2026-07-03 16:16:00,2026-07-03 16:30:54,0.1862268388099126,14.9,Motorcycle,26,-0.26027641787001443,Medium,Clear,Mumbra,-0.4801512661155417,True
TW104323,2026-07-18 06:25:00,2026-07-18 06:35:42,-0.27922355197226323,10.7,Motorcycle,27,-0.7823381024092951,Medium,Clear,Dombivli,-0.3414893869832226,True
TW101566,2026-07-04 00:24:00,2026-07-04 00:29:06,-0.68945101503452,5.1,Motorcycle,32,0.0007544243996247222,Low,Rain,Kalyan,0.7575343957692326,True
TW100442,2026-07-16 04:30:00,2026-07-16 04:38:12,-1.1509569109795588,8.2,Motorcycle,33,-0.7823381024092951,High,Rain,Navi Mumbai,-0.1360643808612684,True
TW103556,2026-07-05 01:41:00,2026-07-05 02:04:30,1.8705261342674473,23.5,Motorcycle,25,0.7838469512085445,Medium,Clear,Navi Mumbai,-0.03335187780029132,True
TW101549,2026-07-06 13:52:00,2026-07-06 14:26:42,1.9967499690558341,34.7,Motorcycle,28,-0.26027641787001443,Medium,Clear,Airoli,-0.37230313790151576,False
TW101820,2026-07-18 02:40:00,2026-07-18 02:44:00,-0.7920078808000841,4.0,Scooter,27,1.3059086357478251,High,Rain,Dombivli,-0.15660688147346385,True
TW101461,2026-07-22 16:13:00,2026-07-22 16:18:54,-1.0326220658654464,5.9,Scooter,37,0.2617852666692662,Medium,Clear,Vashi,-0.20282750785090348,True
TW102830,2026-07-27 16:57:00,2026-07-27 17:01:00,-0.43700334545774655,4.0,Scooter,31,-0.26027641787001443,Medium,Rain,Navi Mumbai,-0.1771493820856593,True
TW103282,2026-07-11 10:44:00,2026-07-11 11:14:24,1.9139155774759558,30.4,Motorcycle,37,-0.5213072601396559,Medium,Clear,Bhandup,-0.41338813912590666,False
TW104485,2026-07-18 16:43:00,2026-07-18 16:51:54,-0.6184501079660524,8.9,Scooter,38,-1.8264614714878553,Medium,Rain,Kalyan,-0.6085418949417631,True
TW103382,2026-07-16 02:41:00,2026-07-16 02:45:00,-1.2140688283737522,4.0,Scooter,19,-0.26027641787001443,Medium,Overcast,Airoli,1.3994875399003395,True
TW100314,2026-07-23 11:55:00,2026-07-23 12:15:36,0.1862268388099126,20.6,Motorcycle,22,1.5669394780174666,High,Rain,Mumbra,-0.5520500182582256,True
TW100615,2026-07-21 01:02:00,2026-07-21 01:15:18,-0.504059757689077,13.3,Scooter,22,-1.0433689446789354,Medium,Clear,Mulund,0.20802250439300488,True
TW100805,2026-07-20 08:50:00,2026-07-20 08:57:18,-0.6263390976403266,7.3,Motorcycle,31,0.0007544243996247222,High,Clear,Navi Mumbai,-0.8447806519820106,True
TW103160,2026-07-26 00:29:00,2026-07-26 00:55:18,1.558911042133618,26.3,Motorcycle,32,-0.26027641787001443,High,Clear,Thane West,-0.2387768839222455,False
TW104773,2026-07-13 18:52:00,2026-07-13 19:01:24,-0.46855930415484326,9.4,Motorcycle,29,0.0007544243996247222,High,Clear,Navi Mumbai,0.1053100013320279,True
TW101783,2026-07-20 21:00:00,2026-07-20 21:21:48,2.193974710912688,21.8,Scooter,22,1.5669394780174666,Medium,Clear,Mumbra,0.06422500010763703,True
TW102465,2026-07-17 16:47:00,2026-07-17 16:57:06,-0.1885001707181103,10.1,Motorcycle,31,-0.5213072601396559,High,Clear,Navi Mumbai,-0.3055400109118807,True
TW103222,2026-07-02 21:03:00,2026-07-02 21:07:18,-0.7052289943830683,4.3,Scooter,36,0.5228161089389054,Medium,Rain,Ghodbunder Road,-0.6804406470844471,True
TW102008,2026-07-08 10:07:00,2026-07-08 10:18:42,0.6398437450806774,11.7,Scooter,20,0.7838469512085445,Low,Clear,Bhandup,-0.793424400451522,True
TW103776,2026-07-11 16:49:00,2026-07-11 17:03:24,0.7108446521491448,14.4,Motorcycle,19,0.0007544243996247222,High,Overcast,Airoli,-0.7420681489210333,True
TW102023,2026-07-08 18:05:00,2026-07-08 18:16:18,-0.026775882395489604,11.3,Scooter,31,-2.348523156027136,Low,Rain,Airoli,0.5675162651064248,True
TW100194,2026-07-30 09:25:00,2026-07-30 09:35:36,-0.4488368299691577,10.6,Scooter,38,0.0007544243996247222,Medium,Clear,Mulund,0.1566662528625163,True
TW103443,2026-07-13 12:46:00,2026-07-13 12:55:42,0.1704488594613646,9.7,Electric Scooter,30,-1.8264614714878553,High,Clear,Dombivli,-0.6804406470844471,True
TW104211,2026-07-08 21:25:00,2026-07-08 21:37:30,0.09550345755575984,12.5,Motorcycle,29,0.5228161089389054,Low,Clear,Navi Mumbai,-0.4801512661155417,True
TW102069,2026-07-18 17:18:00,2026-07-18 17:23:36,-0.5316712215490365,5.6,Scooter,39,1.8279703202871058,High,Overcast,Mulund,-0.5879993943295678,True
TW102311,2026-07-25 11:33:00,2026-07-25 11:59:18,0.9632923217259184,26.3,Scooter,38,-0.26027641787001443,High,Rain,Bhandup,-0.7472037740740822,False
TW102367,2026-07-25 08:38:00,2026-07-25 08:48:30,-0.8669532827056886,10.5,Scooter,41,-2.0874923137574957,Low,Clear,Bhandup,0.1566662528625163,True
TW100313,2026-07-18 19:35:00,2026-07-18 19:42:54,-1.020788581354035,7.9,Scooter,44,0.0007544243996247222,Medium,Rain,Kalyan,-0.13092875570821955,True
TW103505,2026-07-15 03:39:00,2026-07-15 04:01:30,0.5846208173607583,22.5,Electric Scooter,26,0.5228161089389054,High,Overcast,Thane West,-0.20282750785090348,True
TW103130,2026-07-21 18:16:00,2026-07-21 18:33:00,-0.3226129951807711,17.0,Scooter,30,1.5669394780174666,Low,Clear,Kalyan,-0.5828637691765188,True
TW103109,2026-07-19 12:15:00,2026-07-19 12:28:24,0.1822823439727756,13.4,Motorcycle,26,0.0007544243996247222,Low,Clear,Airoli,-0.7780175249923754,True
TW103376,2026-07-17 20:49:00,2026-07-17 21:23:12,2.4937563185351066,34.2,Scooter,36,-1.3043997869485757,High,Clear,Vashi,0.0796318755667835,False
TW100622,2026-07-29 09:10:00,2026-07-29 09:16:00,-0.4527813248062949,6.0,Electric Scooter,44,1.5669394780174666,Low,Clear,Kalyan,0.06422500010763703,True
TW104883,2026-07-11 16:55:00,2026-07-11 17:08:42,0.5964543018721693,13.7,Scooter,36,0.2617852666692662,High,Overcast,Mulund,0.21829375469910262,True
TW101291,2026-07-13 09:46:00,2026-07-13 09:50:00,-1.1864573645137924,4.0,Scooter,34,-0.7823381024092951,Low,Rain,Navi Mumbai,-0.7780175249923754,True
TW101218,2026-07-12 12:58:00,2026-07-12 13:06:12,-0.9931771174940752,8.2,Scooter,23,-0.5213072601396559,Medium,Clear,Mulund,1.106756906176555,True
TW104473,2026-07-22 22:47:00,2026-07-22 23:07:48,1.5825780111564407,20.8,Motorcycle,23,0.0007544243996247222,High,Clear,Dombivli,-0.9012725286655479,True
TW102711,2026-07-18 03:14:00,2026-07-18 03:40:42,1.2117954964655546,26.7,Electric Scooter,42,1.3059086357478251,Low,Clear,Vashi,1.1118925313296038,False
TW102956,2026-07-13 20:37:00,2026-07-13 20:42:30,-0.6776175305231086,5.5,Motorcycle,33,-1.8264614714878553,Medium,Clear,Ghodbunder Road,-0.5931350194826165,True
TW104172,2026-07-30 08:02:00,2026-07-30 08:14:24,0.529397889640839,12.4,Motorcycle,27,0.7838469512085445,High,Clear,Dombivli,1.2556900356149718,True
TW103822,2026-07-14 14:22:00,2026-07-14 14:27:18,-0.8551197981942774,5.3,Scooter,44,-0.7823381024092951,Medium,Overcast,Thane West,0.351820008678373,True
TW101059,2026-07-27 09:49:00,2026-07-27 09:53:12,-0.6855065201973828,4.2,Motorcycle,21,-1.0433689446789354,High,Overcast,Kalyan,-0.4236593894320044,True
TW103973,2026-07-03 17:36:00,2026-07-03 17:40:00,-0.6618395511745603,4.0,Scooter,26,0.2617852666692662,Low,Clear,Mulund,1.4405725411247303,True
TW103171,2026-07-10 01:27:00,2026-07-10 01:48:54,0.8370684869375316,21.9,Motorcycle,22,-1.0433689446789354,Medium,Rain,Bhandup,-0.05903000356553562,True
TW100725,2026-07-10 01:50:00,2026-07-10 02:02:54,0.48600844643233126,12.9,Scooter,33,-0.7823381024092951,Low,Clear,Bhandup,0.31587063260703085,True
TW101898,2026-07-24 08:32:00,2026-07-24 08:52:54,0.9475143423773701,20.9,Electric Scooter,22,-0.26027641787001443,Low,Clear,Vashi,-0.5674568937173723,True
TW101259,2026-07-03 09:23:00,2026-07-03 09:31:54,0.0876144678814855,8.9,Motorcycle,36,-0.5213072601396559,High,Clear,Mumbra,0.5521093896472782,True
TW103074,2026-07-09 09:14:00,2026-07-09 09:27:06,-0.07016532560399766,13.1,Scooter,21,0.5228161089389054,Medium,Clear,Thane West,-0.7266612734618869,True
TW103092,2026-07-02 22:11:00,2026-07-02 22:20:54,-0.5829496544318187,9.9,Electric Scooter,26,0.0007544243996247222,Medium,Rain,Vashi,0.04881812464849033,True
TW102342,2026-07-08 05:42:00,2026-07-08 06:00:06,0.040280529835840795,18.1,Scooter,37,1.3059086357478251,Low,Clear,Ghodbunder Road,-0.7831531501454242,True
TW103754,2026-07-13 16:05:00,2026-07-13 16:25:24,1.2709629190226106,20.4,Scooter,23,-0.5213072601396559,High,Clear,Airoli,-0.24391250907529435,True
TW101504,2026-07-17 00:54:00,2026-07-17 01:03:12,-0.6973400047087941,9.2,Scooter,33,1.5669394780174666,High,Overcast,Ghodbunder Road,-0.9218150292777434,True
TW100681,2026-07-20 07:10:00,2026-07-20 07:14:00,-0.9142872207513337,4.0,Electric Scooter,19,-0.7823381024092951,High,Overcast,Kalyan,0.3620912589844707,True
TW103164,2026-07-20 20:17:00,2026-07-20 20:30:36,-0.20033365522952146,13.6,Motorcycle,40,0.2617852666692662,Low,Clear,Navi Mumbai,-0.793424400451522,True
TW103478,2026-07-29 13:14:00,2026-07-29 13:18:00,-1.024733076191172,4.0,Motorcycle,25,1.8279703202871058,Medium,Clear,Mulund,0.3415487583722753,True
TW100896,2026-07-13 06:44:00,2026-07-13 06:54:36,-0.4488368299691577,10.6,Electric Scooter,35,-0.7823381024092951,Low,Clear,Navi Mumbai,-0.1001150047899264,True
TW104329,2026-07-30 17:44:00,2026-07-30 18:03:42,1.4247982176709573,19.7,Electric Scooter,43,0.5228161089389054,Medium,Clear,Airoli,0.7626700209222813,True
TW104863,2026-07-18 08:32:00,2026-07-18 08:41:36,-0.6776175305231086,9.6,Scooter,24,0.0007544243996247222,Medium,Clear,Vashi,0.14125937740336983,True
TW102680,2026-07-19 05:29:00,2026-07-19 05:34:00,-1.1233454471195992,5.0,Motorcycle,20,-0.5213072601396559,Low,Clear,Navi Mumbai,0.3210062577600798,True
TW103877,2026-07-25 05:47:00,2026-07-25 05:58:24,-0.1135547688125057,11.4,Scooter,39,1.044877793478186,Low,Clear,Airoli,-0.2695906348405387,True
TW103069,2026-07-30 07:52:00,2026-07-30 07:58:54,-0.6500060666631491,6.9,Motorcycle,34,-0.7823381024092951,Medium,Clear,Navi Mumbai,-0.07443687902468209,True
TW102916,2026-07-16 01:50:00,2026-07-16 02:01:42,-0.4251698609463352,11.7,Motorcycle,34,1.8279703202871058,Medium,Clear,Kalyan,-0.8704587777472548,True
TW101721,2026-07-22 11:49:00,2026-07-22 12:01:36,0.2059493129955983,12.6,Motorcycle,24,0.0007544243996247222,Low,Overcast,Airoli,-0.2798618851466364,True
TW103601,2026-07-06 08:25:00,2026-07-06 08:39:18,-0.40544738676064984,14.3,Motorcycle,43,0.5228161089389054,Low,Clear,Bhandup,2.2520013153064498,True
TW104914,2026-07-25 15:07:00,2026-07-25 15:22:24,0.12311492141571954,15.4,Motorcycle,27,-0.26027641787001443,Low,Clear,Dombivli,-0.9218150292777434,True
TW104968,2026-07-25 03:20:00,2026-07-25 03:31:48,-0.6026721286175041,11.8,Motorcycle,32,1.3059086357478251,Low,Clear,Bhandup,4.18299637285282,True
TW102227,2026-07-12 17:00:00,2026-07-12 17:29:42,2.550951493673595,29.7,Scooter,40,-1.3043997869485757,High,Clear,Vashi,-0.3055400109118807,False
TW100598,2026-07-04 10:58:00,2026-07-04 11:07:06,0.22961628201842066,9.1,Scooter,27,0.5228161089389054,High,Clear,Mulund,-0.9218150292777434,True
TW102923,2026-07-17 01:47:00,2026-07-17 01:53:54,-1.0523445400511318,6.9,Scooter,32,-2.348523156027136,Low,Rain,Mulund,0.6702287681674018,True
TW101912,2026-07-07 12:56:00,2026-07-07 13:04:12,-0.9695101484712529,8.2,Scooter,24,-0.7823381024092951,High,Overcast,Mumbra,0.8756537742893563,True
TW101823,2026-07-22 06:23:00,2026-07-22 06:27:00,-1.3718486218592354,4.0,Electric Scooter,35,-0.26027641787001443,Low,Clear,Kalyan,0.3210062577600798,True
TW102867,2026-07-19 22:18:00,2026-07-19 22:31:42,-0.018886892721215603,13.7,Motorcycle,30,-1.8264614714878553,Low,Clear,Dombivli,0.24910750561739578,True
TW104849,2026-07-12 01:54:00,2026-07-12 02:10:30,1.0974051461885792,16.5,Scooter,37,1.5669394780174666,Medium,Overcast,Mumbra,-0.9218150292777434,True
TW102237,2026-07-12 10:26:00,2026-07-12 10:47:06,1.3419638260910784,21.1,Scooter,32,1.044877793478186,Low,Clear,Mulund,-0.7985600256045708,True
TW101847,2026-07-15 16:22:00,2026-07-15 16:39:30,0.6003987967093067,17.5,Scooter,37,1.3059086357478251,Low,Clear,Ghodbunder Road,1.6562687975527823,True
TW104404,2026-07-30 08:54:00,2026-07-30 09:15:30,0.32428415810971073,21.5,Motorcycle,26,-0.26027641787001443,Medium,Overcast,Mumbra,2.2211875643881567,True
TW101008,2026-07-30 19:49:00,2026-07-30 20:17:36,2.13875178319277,28.6,Motorcycle,35,0.0007544243996247222,Low,Clear,Ghodbunder Road,-0.5674568937173723,False
TW100874,2026-07-20 14:09:00,2026-07-20 14:19:18,-0.4764482938291174,10.3,Motorcycle,30,-0.5213072601396559,Medium,Rain,Mulund,1.3943519147472907,True
TW101793,2026-07-30 17:02:00,2026-07-30 17:18:24,0.908069394005999,16.4,Motorcycle,33,0.5228161089389054,High,Clear,Dombivli,-0.541778767952128,True
TW103453,2026-07-15 05:15:00,2026-07-15 05:36:06,1.0934606513514422,21.1,Scooter,21,0.2617852666692662,Medium,Clear,Navi Mumbai,-0.7317968986149357,True
TW101406,2026-07-09 12:51:00,2026-07-09 12:56:48,-0.6578950563374233,5.8,Motorcycle,40,-0.26027641787001443,Medium,Clear,Airoli,1.4200300405125348,True
TW100860,2026-07-07 17:06:00,2026-07-07 17:10:00,-1.2377357973965746,4.0,Electric Scooter,19,-0.26027641787001443,High,Clear,Mulund,-0.8345094016759128,True
TW104370,2026-07-30 15:10:00,2026-07-30 15:19:24,0.10339244723003385,9.4,Scooter,22,-0.26027641787001443,Medium,Clear,Airoli,-0.3671675127484669,True
TW103056,2026-07-22 07:30:00,2026-07-22 07:51:06,0.48600844643233126,21.1,Motorcycle,34,0.5228161089389054,Low,Overcast,Thane West,-0.9218150292777434,True
TW104456,2026-07-17 14:33:00,2026-07-17 14:49:24,-0.14116623267246522,16.4,Scooter,26,-1.3043997869485757,Medium,Overcast,Mumbra,0.7472631454631349,True
TW103976,2026-07-25 13:39:00,2026-07-25 13:44:12,-0.9852881278198012,5.2,Motorcycle,27,-1.3043997869485757,Low,Clear,Dombivli,0.45966813689239894,True
TW102159,2026-07-18 23:22:00,2026-07-18 23:28:48,-0.8314528291714549,6.8,Electric Scooter,21,-1.3043997869485757,High,Clear,Bhandup,-0.7574750243801799,True
TW103036,2026-07-19 13:53:00,2026-07-19 14:01:30,-0.20033365522952146,8.5,Motorcycle,44,-1.3043997869485757,Low,Rain,Mumbra,1.3275887877576555,True
TW100853,2026-07-22 15:16:00,2026-07-22 15:26:06,-0.25555658294944067,10.1,Motorcycle,36,-1.8264614714878553,Low,Clear,Ghodbunder Road,-0.5879993943295678,True
TW104098,2026-07-04 04:08:00,2026-07-04 04:33:12,1.1447390842342242,25.2,Motorcycle,44,1.3059086357478251,Medium,Clear,Ghodbunder Road,-0.3928456385137112,False
TW101999,2026-07-01 21:41:00,2026-07-01 21:47:00,-1.076011509073954,6.0,Scooter,30,0.2617852666692662,Low,Clear,Vashi,-0.4082525139728578,True
TW100374,2026-07-22 18:56:00,2026-07-22 19:02:36,-0.6460615718260119,6.6,Electric Scooter,23,0.0007544243996247222,Medium,Clear,Airoli,-0.35176063728932033,True
TW104559,2026-07-25 22:18:00,2026-07-25 22:22:00,-1.1746238800023812,4.0,Motorcycle,29,0.0007544243996247222,Medium,Clear,Mulund,1.178655658319239,True
TW101519,2026-07-29 03:28:00,2026-07-29 03:38:24,0.22172729234414665,10.4,Motorcycle,19,-0.7823381024092951,High,Clear,Dombivli,0.002597498271050703,True
TW101534,2026-07-04 20:51:00,2026-07-04 21:20:36,2.550951493673595,29.6,Electric Scooter,25,0.5228161089389054,High,Overcast,Vashi,-0.8345094016759128,False
TW101810,2026-07-18 13:31:00,2026-07-18 13:39:48,-0.3778359229006903,8.8,Scooter,38,0.5228161089389054,Medium,Rain,Kalyan,0.5777875154125226,True
TW101386,2026-07-08 02:45:00,2026-07-08 03:05:42,1.886304113615996,20.7,Scooter,41,-0.5213072601396559,Medium,Rain,Bhandup,-0.9218150292777434,True
TW102556,2026-07-17 06:54:00,2026-07-17 07:10:30,0.38739607550390415,16.5,Scooter,26,-1.0433689446789354,Low,Clear,Dombivli,-0.28499751029968523,True
TW102136,2026-07-09 03:27:00,2026-07-09 03:44:12,-0.030720377232626953,17.2,Scooter,24,-0.26027641787001443,Medium,Clear,Mulund,-0.9218150292777434,True
TW101858,2026-07-13 22:17:00,2026-07-13 22:31:24,0.19017133364704994,14.4,Motorcycle,28,-1.565430629218215,High,Rain,Dombivli,-0.7626106495332288,True
TW102383,2026-07-12 18:51:00,2026-07-12 19:33:12,2.550951493673595,42.2,Scooter,28,1.044877793478186,Low,Rain,Mulund,-0.9218150292777434,False
TW102203,2026-07-14 12:00:00,2026-07-14 12:16:18,0.9277918681916847,16.3,Motorcycle,21,-1.8264614714878553,Medium,Rain,Bhandup,-0.39798126366676007,True
TW100793,2026-07-17 02:09:00,2026-07-17 02:15:06,-1.0602335297254057,6.1,Motorcycle,43,1.044877793478186,Low,Clear,Ghodbunder Road,-0.5828637691765188,True
TW104397,2026-07-15 23:57:00,2026-07-16 00:08:18,-0.2161116345780698,11.3,Scooter,22,0.0007544243996247222,High,Clear,Mulund,0.7421275203100859,True
TW101492,2026-07-02 03:47:00,2026-07-02 03:56:54,-0.46461480931770605,9.9,Electric Scooter,34,0.2617852666692662,Medium,Clear,Navi Mumbai,-0.31067563606492954,True
TW103101,2026-07-30 03:11:00,2026-07-30 03:16:42,-0.6145056131289152,5.7,Motorcycle,24,-1.8264614714878553,High,Clear,Ghodbunder Road,0.21315812954605387,True
TW104190,2026-07-25 16:14:00,2026-07-25 16:22:12,-0.007053408209804253,8.2,Motorcycle,25,1.044877793478186,High,Overcast,Kalyan,0.29019250684178666,True
TW103832,2026-07-24 11:20:00,2026-07-24 11:25:42,-1.2377357973965746,5.7,Motorcycle,30,-0.26027641787001443,High,Overcast,Mulund,-0.7420681489210333,True
TW103486,2026-07-16 21:27:00,2026-07-16 21:31:48,-1.4783499824619368,4.8,Motorcycle,25,0.7838469512085445,Low,Overcast,Vashi,-0.2798618851466364,True
TW101231,2026-07-07 14:43:00,2026-07-07 14:47:00,-1.4112935702306064,4.0,Motorcycle,21,-1.8264614714878553,Medium,Rain,Navi Mumbai,-0.9218150292777434,True
TW101498,2026-07-18 04:41:00,2026-07-18 04:52:30,-0.5750606647575445,11.5,Scooter,42,-2.0874923137574957,Medium,Clear,Dombivli,0.5007531381167898,True
TW104668,2026-07-01 14:02:00,2026-07-01 14:09:24,-0.6263390976403266,7.4,Scooter,37,-0.5213072601396559,Medium,Overcast,Kalyan,-0.6393556458600562,True
TW102039,2026-07-15 06:23:00,2026-07-15 06:43:42,1.890248608453133,20.7,Motorcycle,22,0.2617852666692662,Medium,Clear,Bhandup,-0.7317968986149357,True
TW102851,2026-07-03 14:13:00,2026-07-03 14:30:24,0.8134015179147093,17.4,Motorcycle,44,-0.7823381024092951,High,Rain,Bhandup,-0.8755944029003037,True
TW101924,2026-07-20 09:24:00,2026-07-20 09:29:54,-1.0089550968426235,5.9,Motorcycle,22,0.0007544243996247222,Low,Rain,Thane West,0.351820008678373,True
TW104445,2026-07-29 09:40:00,2026-07-29 09:53:54,-0.19244466555524728,13.9,Electric Scooter,23,1.3059086357478251,High,Clear,Ghodbunder Road,-0.7831531501454242,True
TW101104,2026-07-22 16:02:00,2026-07-22 16:12:42,-0.23188961392661817,10.7,Scooter,28,1.8279703202871058,Medium,Rain,Mumbra,-0.9218150292777434,True
TW104337,2026-07-03 16:34:00,2026-07-03 16:50:42,0.8015680334032979,16.7,Electric Scooter,33,1.3059086357478251,Low,Rain,Bhandup,2.9761244618863385,True
TW101324,2026-07-28 21:17:00,2026-07-28 21:32:00,0.3045616839240254,15.0,Scooter,36,0.7838469512085445,Low,Clear,Vashi,-0.7215256483088379,True
TW104418,2026-07-28 17:06:00,2026-07-28 17:25:42,1.4721321557166018,19.7,Scooter,30,-0.5213072601396559,High,Rain,Dombivli,-0.05903000356553562,True
TW103953,2026-07-25 03:35:00,2026-07-25 03:39:00,-1.261402766419397,4.0,Motorcycle,30,0.5228161089389054,High,Rain,Ghodbunder Road,0.13612375225032083,True
TW101029,2026-07-02 17:37:00,2026-07-02 17:44:18,-0.5868941492689557,7.3,Scooter,36,0.7838469512085445,Low,Clear,Mulund,-0.9218150292777434,True
TW103733,2026-07-27 23:19:00,2026-07-27 23:55:48,2.550951493673595,36.8,Electric Scooter,24,0.0007544243996247222,Medium,Clear,Bhandup,0.25937875592349346,False
TW101689,2026-07-02 02:14:00,2026-07-02 02:24:00,0.1507263852756789,10.0,Motorcycle,37,0.2617852666692662,Medium,Rain,Airoli,-0.34662501213627145,True
TW102117,2026-07-04 07:13:00,2026-07-04 07:28:48,-0.2516120881123035,15.8,Motorcycle,22,-1.0433689446789354,Low,Clear,Thane West,-0.6547625213192029,True
TW100580,2026-07-21 18:10:00,2026-07-21 18:14:00,-0.6657840460116974,4.0,Electric Scooter,42,-0.5213072601396559,Low,Overcast,Vashi,-0.6393556458600562,True
TW103076,2026-07-09 00:29:00,2026-07-09 00:44:36,0.49389743610660525,15.6,Motorcycle,29,1.8279703202871058,Medium,Rain,Kalyan,-0.8293737765228638,True
TW103210,2026-07-27 00:29:00,2026-07-27 00:33:18,-1.2692917560936712,4.3,Scooter,33,1.3059086357478251,High,Rain,Thane West,-0.8036956507576197,True
TW104582,2026-07-29 05:48:00,2026-07-29 05:52:00,-1.1746238800023812,4.0,Motorcycle,31,-1.0433689446789354,Medium,Rain,Navi Mumbai,3.2483125949979277,True
TW100119,2026-07-27 21:05:00,2026-07-27 21:39:48,2.550951493673595,34.8,Motorcycle,22,0.2617852666692662,High,Overcast,Bhandup,-0.469880015809444,False
TW101408,2026-07-19 18:08:00,2026-07-19 18:13:42,0.06789199369580015,5.7,Electric Scooter,27,-0.26027641787001443,High,Clear,Mumbra,-0.7009831476966425,True
TW103607,2026-07-13 12:00:00,2026-07-13 12:08:42,-0.7131179840573423,8.7,Scooter,26,1.8279703202871058,Medium,Overcast,Bhandup,-0.4236593894320044,True
TW103629,2026-07-16 01:46:00,2026-07-16 02:03:30,0.7463451056833789,17.5,Scooter,38,-0.7823381024092951,Medium,Clear,Mumbra,1.3532669135228999,True
TW102464,2026-07-02 12:42:00,2026-07-02 13:18:30,2.550951493673595,36.5,Electric Scooter,29,0.0007544243996247222,Medium,Clear,Thane West,-0.8242381513698152,False
TW102516,2026-07-03 01:26:00,2026-07-03 01:34:36,-0.3541689538778678,8.6,Scooter,31,-1.565430629218215,Medium,Clear,Ghodbunder Road,-0.7215256483088379,True
TW102054,2026-07-14 23:49:00,2026-07-14 23:56:42,-0.9971216123312124,7.7,Scooter,24,0.2617852666692662,Low,Clear,Thane West,-0.44933751519724857,True
TW102696,2026-07-19 17:57:00,2026-07-19 18:29:24,1.4169092279966828,32.4,Motorcycle,19,0.2617852666692662,Medium,Clear,Vashi,0.2953281319948354,False
TW100807,2026-07-16 06:44:00,2026-07-16 06:48:42,-1.0444555503768576,4.7,Scooter,40,-2.870584840566415,Medium,Overcast,Ghodbunder Road,-0.5674568937173723,True
TW104062,2026-07-09 10:25:00,2026-07-09 10:39:24,-0.003108913372667253,14.4,Electric Scooter,38,-1.565430629218215,Medium,Clear,Ghodbunder Road,-0.8704587777472548,True
TW100067,2026-07-13 10:21:00,2026-07-13 10:33:48,-0.5237822318747622,12.8,Scooter,42,-1.0433689446789354,Low,Clear,Bhandup,-0.6136775200948119,True
TW102353,2026-07-29 19:19:00,2026-07-29 19:23:00,-1.399460085719195,4.0,Motorcycle,42,0.0007544243996247222,High,Clear,Dombivli,0.351820008678373,True
TW100859,2026-07-01 15:10:00,2026-07-01 15:14:00,-0.9813436329826641,4.0,Scooter,21,-0.26027641787001443,Medium,Clear,Kalyan,-0.9218150292777434,True
TW103299,2026-07-18 22:54:00,2026-07-18 22:58:00,-1.1075674677710508,4.0,Motorcycle,19,-0.5213072601396559,Medium,Overcast,Bhandup,-0.9218150292777434,True
TW100112,2026-07-25 21:19:00,2026-07-25 21:23:00,-0.7920078808000841,4.0,Motorcycle,29,1.3059086357478251,High,Rain,Ghodbunder Road,0.7523987706161837,True
TW103161,2026-07-13 14:54:00,2026-07-13 15:01:24,-1.0010661071683495,7.4,Motorcycle,32,0.0007544243996247222,Medium,Clear,Thane West,1.9746775570418114,True
TW102153,2026-07-09 03:28:00,2026-07-09 03:37:54,-0.8472308085200033,9.9,Electric Scooter,32,-1.0433689446789354,High,Clear,Airoli,-0.6547625213192029,True
TW104425,2026-07-01 03:27:00,2026-07-01 03:38:12,2.550951493673595,11.2,Scooter,25,1.5669394780174666,Low,Rain,Kalyan,-0.2644550096874898,True
TW103001,2026-07-01 20:51:00,2026-07-01 21:21:30,1.1960175171170062,30.5,Motorcycle,44,0.0007544243996247222,Low,Rain,Vashi,1.445708166277779,False
TW101502,2026-07-20 15:30:00,2026-07-20 15:37:36,2.550951493673595,7.6,Scooter,25,0.2617852666692662,Medium,Clear,Mumbra,1.8822363042869321,True
TW104289,2026-07-30 22:15:00,2026-07-30 22:23:42,-0.6223946028031894,8.7,Motorcycle,38,0.5228161089389054,Low,Clear,Navi Mumbai,-0.20282750785090348,True
TW104476,2026-07-23 20:13:00,2026-07-23 20:17:00,-1.3205701889764532,4.0,Scooter,25,1.8279703202871058,Low,Clear,Ghodbunder Road,-0.14633563116736614,True
TW101581,2026-07-23 22:33:00,2026-07-23 22:56:18,0.7226781366605561,23.3,Motorcycle,21,1.8279703202871058,Medium,Overcast,Mumbra,1.281368161380216,True
TW104145,2026-07-06 04:22:00,2026-07-06 04:27:36,-0.7249514685687537,5.6,Motorcycle,19,-0.5213072601396559,Medium,Clear,Kalyan,-0.05903000356553562,True
TW103969,2026-07-10 11:51:00,2026-07-10 12:01:54,-0.4527813248062949,10.9,Scooter,42,0.5228161089389054,High,Clear,Bhandup,-0.9218150292777434,True
TW104420,2026-07-15 22:26:00,2026-07-15 22:39:18,-0.08199881011540901,13.3,Electric Scooter,39,1.044877793478186,Low,Overcast,Airoli,-0.33121813667712485,True
TW102813,2026-07-19 15:13:00,2026-07-19 15:30:54,0.856790961123217,17.9,Motorcycle,37,1.044877793478186,Low,Clear,Mulund,2.9042257097436543,True
TW104393,2026-07-19 16:35:00,2026-07-19 16:58:24,1.5155215989251103,23.4,Motorcycle,39,0.0007544243996247222,Medium,Clear,Airoli,0.0950387510259302,True
TW104985,2026-07-27 08:49:00,2026-07-27 09:02:06,-0.5868941492689557,13.1,Scooter,43,1.044877793478186,Medium,Clear,Kalyan,1.2351475350027763,True
TW104045,2026-07-07 19:49:00,2026-07-07 20:05:48,0.4071185496895895,16.8,Scooter,44,0.0007544243996247222,Low,Clear,Navi Mumbai,-0.5161006421868838,True
TW102905,2026-07-01 16:06:00,2026-07-01 16:37:54,2.533201266906478,31.9,Scooter,38,-1.0433689446789354,Medium,Clear,Airoli,1.1427062822478966,False
TW102051,2026-07-23 16:17:00,2026-07-23 16:41:06,2.241308648958334,24.1,Scooter,34,0.5228161089389054,Low,Clear,Bhandup,-0.7369325237679845,True
TW100179,2026-07-13 11:24:00,2026-07-13 11:34:00,-0.15694421202101358,10.0,Motorcycle,27,1.044877793478186,High,Rain,Navi Mumbai,-0.8653231525942059,True
TW102091,2026-07-18 01:44:00,2026-07-18 01:48:00,-1.111511962608188,4.0,Scooter,27,-0.26027641787001443,Low,Clear,Airoli,-0.20796313300395233,True
TW102904,2026-07-17 03:03:00,2026-07-17 03:20:36,0.45839698257237155,17.6,Motorcycle,33,-0.26027641787001443,High,Clear,Ghodbunder Road,-0.685576272237496,True
TW102866,2026-07-13 09:59:00,2026-07-13 10:03:00,-1.0444555503768576,4.0,Motorcycle,43,1.3059086357478251,Medium,Clear,Airoli,-0.9218150292777434,True
TW103926,2026-07-14 14:07:00,2026-07-14 14:11:00,-0.9734546433083899,4.0,Scooter,36,0.2617852666692662,Low,Clear,Mumbra,3.1250575913247554,True
TW100519,2026-07-27 18:31:00,2026-07-27 18:41:00,2.550951493673595,10.0,Scooter,42,1.044877793478186,High,Clear,Bhandup,-0.17201375693261042,True
TW103410,2026-07-05 07:08:00,2026-07-05 07:20:48,-0.23583410876375516,12.8,Scooter,38,0.2617852666692662,Low,Overcast,Mulund,1.3070462871454602,True
TW104763,2026-07-30 14:57:00,2026-07-30 15:07:06,-0.20033365522952146,10.1,Motorcycle,23,0.0007544243996247222,Low,Clear,Mumbra,0.6599575178613042,True
TW103831,2026-07-26 04:35:00,2026-07-26 04:45:48,-0.5671716750832704,10.8,Scooter,28,0.7838469512085445,High,Rain,Ghodbunder Road,1.029722528880822,True
TW103520,2026-07-22 07:41:00,2026-07-22 07:49:48,-0.6263390976403266,8.8,Motorcycle,36,-0.26027641787001443,High,Clear,Airoli,0.8088906472997209,True
TW100781,2026-07-13 06:37:00,2026-07-13 06:51:12,-0.43700334545774655,14.2,Scooter,34,0.2617852666692662,Low,Clear,Ghodbunder Road,0.059089374954588055,True
TW102346,2026-07-03 12:44:00,2026-07-03 13:03:30,0.5451758689893873,19.5,Electric Scooter,35,-0.7823381024092951,Medium,Clear,Navi Mumbai,-0.8961369035124991,True
TW101122,2026-07-10 20:30:00,2026-07-10 20:36:06,-0.9971216123312124,6.1,Motorcycle,31,-2.0874923137574957,Medium,Clear,Kalyan,-0.8755944029003037,True
TW100202,2026-07-01 09:05:00,2026-07-01 09:19:12,0.4662859722466459,14.2,Motorcycle,28,-0.5213072601396559,Medium,Overcast,Thane West,-0.8036956507576197,True
TW101801,2026-07-16 16:15:00,2026-07-16 16:28:18,0.2769502200640657,13.3,Scooter,43,0.0007544243996247222,Medium,Clear,Mumbra,-0.9064081538185967,True
TW101596,2026-07-05 23:23:00,2026-07-05 23:27:00,-1.348181652836413,4.0,Motorcycle,24,1.044877793478186,Low,Clear,Ghodbunder Road,-0.8242381513698152,True
TW100074,2026-07-06 00:26:00,2026-07-06 00:43:06,1.0066817649344262,17.1,Motorcycle,23,0.2617852666692662,Medium,Rain,Kalyan,0.13612375225032083,True
TW103509,2026-07-09 21:02:00,2026-07-09 21:18:00,1.1920730222798692,16.0,Scooter,42,0.7838469512085445,Low,Clear,Mumbra,-0.9064081538185967,True
TW100040,2026-07-03 17:02:00,2026-07-03 17:33:42,2.257086628306882,31.7,Scooter,24,-1.8264614714878553,Low,Clear,Navi Mumbai,-0.2747262599935875,False
TW100730,2026-07-03 01:03:00,2026-07-03 01:13:48,-0.3462799642035936,10.8,Scooter,36,-1.565430629218215,Medium,Clear,Mulund,-0.8191025262167662,True
TW100109,2026-07-04 12:31:00,2026-07-04 12:36:48,-1.1233454471195992,5.8,Scooter,19,-0.26027641787001443,Medium,Clear,Vashi,-0.38257438820761347,True
TW104579,2026-07-09 23:05:00,2026-07-09 23:22:24,0.2059493129955983,17.4,Electric Scooter,39,-0.5213072601396559,Low,Clear,Kalyan,-0.9218150292777434,True
TW104514,2026-07-11 08:16:00,2026-07-11 08:20:00,-1.0050106020054865,4.0,Motorcycle,36,0.2617852666692662,Low,Overcast,Mulund,-0.9064081538185967,True
TW100192,2026-07-15 21:29:00,2026-07-15 21:47:24,0.7502896005205159,18.4,Electric Scooter,31,1.5669394780174666,High,Clear,Thane West,-0.39798126366676007,True
TW104797,2026-07-28 19:39:00,2026-07-28 19:57:00,0.6082877863835807,18.0,Scooter,22,-0.26027641787001443,High,Rain,Ghodbunder Road,0.6086012663308158,True
TW101368,2026-07-27 20:48:00,2026-07-27 21:24:12,2.550951493673595,36.2,Scooter,26,0.2617852666692662,Low,Overcast,Ghodbunder Road,0.7421275203100859,False
TW103419,2026-07-14 03:52:00,2026-07-14 03:58:42,-0.788063385962947,6.7,Electric Scooter,22,0.0007544243996247222,Medium,Rain,Airoli,1.4251656656655836,True
TW101709,2026-07-11 19:47:00,2026-07-11 19:55:30,-1.0562890348882688,8.5,Motorcycle,28,-0.5213072601396559,Low,Rain,Airoli,0.24397188046434704,True
TW103337,2026-07-03 09:11:00,2026-07-03 09:28:18,0.30061718908688806,17.3,Motorcycle,26,0.7838469512085445,High,Clear,Thane West,-0.8036956507576197,True
TW104720,2026-07-26 16:08:00,2026-07-26 16:13:06,-1.0523445400511318,5.1,Scooter,28,1.044877793478186,Low,Clear,Airoli,-0.4801512661155417,True
TW102549,2026-07-26 14:45:00,2026-07-26 15:09:12,2.103251329658536,24.2,Motorcycle,28,0.0007544243996247222,Medium,Clear,Ghodbunder Road,0.08476750071983247,True
TW103959,2026-07-03 10:44:00,2026-07-03 10:49:48,0.03633603499870345,5.8,Scooter,37,0.0007544243996247222,Low,Overcast,Kalyan,1.1940625337783854,True
TW101014,2026-07-09 15:24:00,2026-07-09 15:36:00,-0.20822264490379563,12.0,Motorcycle,25,-0.26027641787001443,High,Clear,Kalyan,-0.5982706446356655,True
TW104136,2026-07-04 02:23:00,2026-07-04 02:37:24,0.5570093535007986,14.4,Scooter,28,0.5228161089389054,Low,Clear,Airoli,0.1309881270972721,True
TW104870,2026-07-10 20:05:00,2026-07-10 20:14:36,-0.5750606647575445,9.6,Motorcycle,22,-1.565430629218215,Low,Clear,Ghodbunder Road,-0.9218150292777434,True
TW101892,2026-07-29 09:51:00,2026-07-29 09:57:36,-0.504059757689077,6.6,Scooter,43,0.0007544243996247222,Medium,Overcast,Kalyan,-0.41338813912590666,True
TW103230,2026-07-30 16:35:00,2026-07-30 16:41:12,-1.0365665607025834,6.2,Motorcycle,27,-0.26027641787001443,Low,Rain,Dombivli,-0.6342200207070074,True
TW102787,2026-07-05 03:58:00,2026-07-05 04:15:00,1.0816271668400308,17.0,Scooter,39,-0.26027641787001443,Medium,Clear,Mumbra,1.7897950515320529,True
TW101322,2026-07-09 06:34:00,2026-07-09 06:38:00,-1.3757931166963724,4.0,Motorcycle,22,-0.26027641787001443,Medium,Overcast,Kalyan,-0.18228500723870816,True
TW103856,2026-07-07 12:10:00,2026-07-07 12:23:36,0.4465634980609602,13.6,Scooter,20,-0.7823381024092951,Medium,Clear,Dombivli,-0.2747262599935875,True
TW102734,2026-07-05 14:16:00,2026-07-05 14:31:00,-0.19638916039238447,15.0,Electric Scooter,30,-1.8264614714878553,High,Clear,Vashi,-0.7215256483088379,True
TW100869,2026-07-17 13:45:00,2026-07-17 13:55:06,-0.5237822318747622,10.1,Scooter,31,-1.565430629218215,Low,Clear,Navi Mumbai,-0.2798618851466364,True
TW101606,2026-07-04 05:08:00,2026-07-04 05:12:00,-1.2219578180480262,4.0,Motorcycle,23,1.3059086357478251,Medium,Overcast,Bhandup,-0.06416562871858436,True
TW103148,2026-07-05 20:53:00,2026-07-05 21:03:54,-1.0839004987482284,10.9,Scooter,44,-0.5213072601396559,High,Clear,Navi Mumbai,-0.9218150292777434,True
TW101095,2026-07-15 21:46:00,2026-07-15 22:06:30,0.06394749885866315,20.5,Scooter,29,-0.26027641787001443,Low,Rain,Ghodbunder Road,-0.9012725286655479,True
TW104512,2026-07-08 03:21:00,2026-07-08 03:38:36,0.15861537494995326,17.6,Scooter,21,0.0007544243996247222,Low,Clear,Ghodbunder Road,1.774388176072906,True
TW100045,2026-07-25 17:40:00,2026-07-25 17:50:54,-0.1214437584867797,10.9,Motorcycle,25,-0.7823381024092951,Medium,Clear,Mulund,-0.9218150292777434,True
TW103839,2026-07-24 13:48:00,2026-07-24 14:06:54,1.4445206918566427,18.9,Motorcycle,40,-1.3043997869485757,Medium,Clear,Navi Mumbai,0.5777875154125226,True
TW100333,2026-07-27 19:58:00,2026-07-27 20:09:36,0.49784193094374224,11.6,Motorcycle,33,-1.3043997869485757,Medium,Rain,Kalyan,0.3569556338314217,True
TW101753,2026-07-21 10:24:00,2026-07-21 10:33:00,-0.8866757568913741,9.0,Motorcycle,27,-0.7823381024092951,Medium,Clear,Airoli,0.4391256362802035,True
TW101224,2026-07-10 17:44:00,2026-07-10 17:54:18,-0.5080042525262141,10.3,Motorcycle,38,-1.8264614714878553,Medium,Rain,Airoli,-0.3055400109118807,True
TW100727,2026-07-07 16:46:00,2026-07-07 16:50:42,-0.4488368299691577,4.7,Motorcycle,33,0.0007544243996247222,High,Rain,Vashi,-0.7215256483088379,True
TW104494,2026-07-20 04:39:00,2026-07-20 04:51:12,-0.3817804177378273,12.2,Motorcycle,34,-3.1316156828360557,Medium,Clear,Ghodbunder Road,-0.7728818998393265,True
TW102071,2026-07-01 11:53:00,2026-07-01 12:03:42,-0.4212253661091982,10.7,Electric Scooter,30,-0.26027641787001443,Low,Overcast,Mulund,0.31587063260703085,True
TW104124,2026-07-14 16:33:00,2026-07-14 16:45:00,-0.48433728350339156,12.0,Motorcycle,39,-0.26027641787001443,High,Clear,Bhandup,-0.5777281440234701,True
TW102492,2026-07-18 06:03:00,2026-07-18 06:20:12,0.7147891469862822,17.2,Scooter,28,-1.3043997869485757,Low,Clear,Ghodbunder Road,0.49561751296374085,True
TW103005,2026-07-22 12:59:00,2026-07-22 13:04:36,-0.7131179840573423,5.6,Scooter,30,-0.5213072601396559,Low,Clear,Kalyan,-0.15660688147346385,True
TW100963,2026-07-04 21:31:00,2026-07-04 21:45:24,-0.3226129951807711,14.4,Scooter,31,1.5669394780174666,Medium,Rain,Bhandup,0.19261562893385842,True
TW104203,2026-07-06 03:19:00,2026-07-06 03:40:30,0.7936790437290235,21.5,Scooter,37,-0.5213072601396559,High,Rain,Thane West,-0.31067563606492954,True
TW102499,2026-07-05 01:42:00,2026-07-05 01:46:00,-1.072067014236817,4.0,Motorcycle,43,0.5228161089389054,High,Rain,Bhandup,-0.7728818998393265,True
TW102388,2026-07-06 11:09:00,2026-07-06 11:20:12,0.35584011680680744,11.2,Motorcycle,31,-0.7823381024092951,Medium,Clear,Dombivli,2.0208981834192508,True
TW100232,2026-07-26 18:25:00,2026-07-26 18:36:18,-0.06622083076686065,11.3,Electric Scooter,31,0.5228161089389054,High,Overcast,Thane West,-0.8807300280533524,True
TW103981,2026-07-25 18:53:00,2026-07-25 18:59:12,-0.5316712215490365,6.2,Scooter,19,1.8279703202871058,High,Clear,Dombivli,-0.326082511524076,True
TW101301,2026-07-02 21:50:00,2026-07-02 21:54:00,-1.3402926631621388,4.0,Motorcycle,30,0.0007544243996247222,High,Overcast,Thane West,-0.05903000356553562,True
TW101089,2026-07-13 18:01:00,2026-07-13 18:22:00,0.9909037855858778,21.0,Electric Scooter,20,0.2617852666692662,Low,Clear,Ghodbunder Road,-0.4801512661155417,True
TW103843,2026-07-15 07:39:00,2026-07-15 07:44:18,-0.13327724299819105,5.3,Motorcycle,26,1.044877793478186,High,Clear,Mulund,2.0208981834192508,True
TW101550,2026-07-22 02:59:00,2026-07-22 03:03:00,-0.8077858601486324,4.0,Scooter,23,-0.7823381024092951,High,Clear,Thane West,0.48534626265764313,True
TW100076,2026-07-05 16:22:00,2026-07-05 16:41:00,0.0718364885329375,19.0,Electric Scooter,44,-1.3043997869485757,Medium,Rain,Mumbra,0.562380639953376,True
TW104652,2026-07-06 05:57:00,2026-07-06 06:14:00,0.9948482804230151,17.0,Scooter,31,-0.26027641787001443,Medium,Overcast,Ghodbunder Road,-0.4185237642789555,True
TW100233,2026-07-26 16:01:00,2026-07-26 16:21:30,0.7069001573120078,20.5,Motorcycle,39,0.5228161089389054,Medium,Overcast,Vashi,2.1184750613271794,True
TW101428,2026-07-12 05:12:00,2026-07-12 05:20:42,2.550951493673595,8.7,Scooter,26,-0.7823381024092951,High,Rain,Dombivli,-0.8910012783594502,True
TW100256,2026-07-09 22:32:00,2026-07-09 22:37:06,-0.6539505615002861,5.1,Scooter,36,0.5228161089389054,Low,Clear,Kalyan,-0.9218150292777434,True
TW102732,2026-07-13 04:11:00,2026-07-13 04:27:30,0.5964543018721693,16.5,Motorcycle,20,0.2617852666692662,Low,Clear,Mulund,-0.38771001336066235,True
TW102226,2026-07-27 18:51:00,2026-07-27 18:55:00,-1.1667348903281072,4.0,Scooter,27,-0.5213072601396559,Low,Clear,Dombivli,0.06422500010763703,True
TW104704,2026-07-22 01:37:00,2026-07-22 01:50:54,0.0757809833700745,13.9,Scooter,43,0.0007544243996247222,Low,Clear,Thane West,-0.6650337716253005,True
TW101256,2026-07-24 10:54:00,2026-07-24 11:00:36,-1.3402926631621388,6.6,Motorcycle,44,0.2617852666692662,High,Overcast,Vashi,1.1118925313296038,True
TW100154,2026-07-15 21:12:00,2026-07-15 21:30:12,0.2730057252269287,18.2,Motorcycle,43,-0.26027641787001443,Low,Rain,Navi Mumbai,-0.6342200207070074,True
TW103048,2026-07-17 12:43:00,2026-07-17 12:52:48,-0.9655656536341157,9.8,Motorcycle,39,-2.348523156027136,Medium,Clear,Ghodbunder Road,-0.31067563606492954,True
TW104555,2026-07-08 02:30:00,2026-07-08 02:43:54,1.0934606513514422,13.9,Motorcycle,28,0.7838469512085445,Medium,Clear,Ghodbunder Road,-0.4031168888198089,True
TW103024,2026-07-21 10:15:00,2026-07-21 10:28:54,-0.3462799642035936,13.9,Scooter,24,0.0007544243996247222,Medium,Clear,Navi Mumbai,-0.9218150292777434,True
TW101096,2026-07-05 01:41:00,2026-07-05 01:45:48,-0.6697285408488345,4.8,Motorcycle,27,1.5669394780174666,Medium,Clear,Kalyan,-0.23364125876919664,True
TW104511,2026-07-04 12:56:00,2026-07-04 13:15:48,0.7581785901947898,19.8,Electric Scooter,24,-0.5213072601396559,Low,Overcast,Thane West,0.7472631454631349,True
TW101394,2026-07-15 12:12:00,2026-07-15 12:16:00,-0.6460615718260119,4.0,Motorcycle,44,-1.565430629218215,Medium,Rain,Mulund,-0.6907118973905447,True
TW101367,2026-07-26 19:13:00,2026-07-26 19:17:00,-1.1825128696766554,4.0,Motorcycle,41,0.7838469512085445,Low,Rain,Vashi,-0.8961369035124991,True
TW101994,2026-07-27 05:30:00,2026-07-27 05:34:00,-1.2061798386994778,4.0,Motorcycle,42,-0.26027641787001443,Low,Clear,Airoli,-0.44933751519724857,True
TW103752,2026-07-17 01:00:00,2026-07-17 01:04:00,-0.6855065201973828,4.0,Motorcycle,20,-0.5213072601396559,Low,Rain,Kalyan,0.4031762602088613,True
TW104949,2026-07-25 23:35:00,2026-07-25 23:43:18,-0.7328404582430278,8.3,Electric Scooter,39,-0.26027641787001443,High,Clear,Mulund,0.19261562893385842,True
TW100386,2026-07-12 13:17:00,2026-07-12 13:37:54,1.1999620119541432,20.9,Motorcycle,25,0.0007544243996247222,Medium,Overcast,Vashi,0.49561751296374085,True
TW100911,2026-07-23 00:12:00,2026-07-23 00:20:18,0.26511673555265436,8.3,Electric Scooter,26,1.8279703202871058,Medium,Clear,Thane West,-0.685576272237496,True
TW101374,2026-07-10 02:17:00,2026-07-10 02:21:12,2.550951493673595,4.2,Electric Scooter,41,-0.26027641787001443,Low,Clear,Mulund,0.08990312587288121,True
TW101405,2026-07-11 21:42:00,2026-07-11 21:53:24,-0.48433728350339156,11.4,Electric Scooter,26,1.3059086357478251,High,Clear,Vashi,-0.048758753259437904,True
TW103695,2026-07-28 20:18:00,2026-07-28 20:33:48,0.6516772295920887,15.8,Motorcycle,42,1.3059086357478251,Low,Clear,Ghodbunder Road,-0.5212362673399326,True
TW101468,2026-07-11 21:15:00,2026-07-11 21:20:24,-1.0128995916797607,5.4,Motorcycle,30,-0.5213072601396559,Medium,Clear,Bhandup,0.952688151585089,True
TW100779,2026-07-25 18:37:00,2026-07-25 19:02:12,1.8429146704074884,25.2,Electric Scooter,30,0.0007544243996247222,High,Clear,Vashi,-0.9218150292777434,False
TW101488,2026-07-24 00:43:00,2026-07-24 00:47:00,-0.7604519221029874,4.0,Scooter,41,0.0007544243996247222,Medium,Clear,Vashi,-0.3928456385137112,True
TW103055,2026-07-05 16:47:00,2026-07-05 17:02:00,0.6437882399178144,15.0,Motorcycle,44,-0.26027641787001443,Medium,Rain,Vashi,-0.9218150292777434,True
TW101153,2026-07-07 05:54:00,2026-07-07 06:04:06,-0.3344464796921823,10.1,Motorcycle,23,1.044877793478186,High,Clear,Kalyan,-0.7985600256045708,True
TW100976,2026-07-19 19:38:00,2026-07-19 19:43:12,-0.3305019848550453,5.2,Motorcycle,24,-0.26027641787001443,Low,Overcast,Mulund,-0.16687813177956157,True
TW102482,2026-07-24 02:42:00,2026-07-24 02:54:12,-0.3226129951807711,12.2,Motorcycle,33,-1.3043997869485757,Medium,Clear,Navi Mumbai,-0.1771493820856593,True
TW102731,2026-07-14 03:59:00,2026-07-14 04:03:12,-1.1391234264681473,4.2,Motorcycle,38,-0.26027641787001443,Low,Rain,Airoli,1.3635381638289978,True
TW102222,2026-07-30 00:54:00,2026-07-30 00:58:00,-1.2022353438623408,4.0,Motorcycle,29,0.7838469512085445,Low,Overcast,Airoli,-0.9218150292777434,True
TW100001,2026-07-06 22:14:00,2026-07-06 22:22:54,-0.14511072750960222,8.9,Motorcycle,42,1.044877793478186,Medium,Rain,Thane West,-0.793424400451522,True
TW101565,2026-07-30 01:18:00,2026-07-30 01:44:36,2.550951493673595,26.6,Scooter,27,0.7838469512085445,Medium,Clear,Mulund,-0.06416562871858436,False
TW103318,2026-07-01 03:45:00,2026-07-01 03:56:30,-0.062276335929723654,11.5,Motorcycle,28,-0.26027641787001443,Low,Clear,Ghodbunder Road,2.2365944398473028,True
TW102010,2026-07-29 02:03:00,2026-07-29 02:17:30,0.8844024249831767,14.5,Scooter,19,0.5228161089389054,Medium,Rain,Airoli,2.3239000674491335,True
TW103763,2026-07-07 10:56:00,2026-07-07 11:30:00,2.550951493673595,34.0,Motorcycle,40,0.0007544243996247222,Low,Clear,Vashi,-0.05903000356553562,False
TW104732,2026-07-16 05:48:00,2026-07-16 06:12:36,0.5964543018721693,24.6,Electric Scooter,40,-2.348523156027136,High,Clear,Navi Mumbai,-0.31067563606492954,True
TW104363,2026-07-07 20:08:00,2026-07-07 20:12:00,-1.1509569109795588,4.0,Scooter,27,-0.26027641787001443,High,Clear,Vashi,-0.38771001336066235,True
TW101708,2026-07-12 15:51:00,2026-07-12 16:02:54,-0.33839097452931943,11.9,Scooter,27,1.3059086357478251,Medium,Rain,Thane West,-0.03335187780029132,True
TW104023,2026-07-08 18:34:00,2026-07-08 18:52:12,0.22172729234414665,18.2,Motorcycle,29,0.2617852666692662,Low,Clear,Navi Mumbai,1.1478419074009458,True
TW102187,2026-07-29 21:41:00,2026-07-29 21:53:36,0.11917042657858219,12.6,Scooter,42,-1.0433689446789354,High,Clear,Ghodbunder Road,-0.9218150292777434,True
TW100995,2026-07-20 17:00:00,2026-07-20 17:04:00,-0.7052289943830683,4.0,Motorcycle,41,-0.26027641787001443,Medium,Clear,Vashi,1.53301379387961,True
TW101781,2026-07-07 06:27:00,2026-07-07 06:31:00,-0.8353973240085919,4.0,Scooter,36,0.0007544243996247222,Medium,Rain,Navi Mumbai,0.526431263882034,True
TW103779,2026-07-18 08:45:00,2026-07-18 09:04:48,1.0185152494458374,19.8,Electric Scooter,29,1.3059086357478251,Medium,Clear,Navi Mumbai,-0.7215256483088379,True
TW100409,2026-07-03 03:50:00,2026-07-03 04:04:54,0.19411582848418696,14.9,Motorcycle,32,0.0007544243996247222,Low,Clear,Mulund,0.9116031503606982,True
TW100803,2026-07-10 01:39:00,2026-07-10 01:50:24,-0.35022445904073063,11.4,Motorcycle,29,0.5228161089389054,Low,Clear,Bhandup,1.0554006546460661,True
TW103631,2026-07-19 01:57:00,2026-07-19 02:19:30,0.6792886934520481,22.5,Scooter,27,-0.26027641787001443,Medium,Clear,Bhandup,0.8961962749015517,True
TW104646,2026-07-12 22:19:00,2026-07-12 22:23:42,-1.1391234264681473,4.7,Scooter,20,0.5228161089389054,Low,Overcast,Ghodbunder Road,-0.31067563606492954,True
TW100855,2026-07-25 12:15:00,2026-07-25 12:20:42,-0.5750606647575445,5.7,Motorcycle,21,0.7838469512085445,Medium,Overcast,Vashi,0.8242975227588677,True
TW103865,2026-07-12 15:19:00,2026-07-12 15:29:06,-0.089887799789683,10.1,Electric Scooter,34,0.0007544243996247222,High,Rain,Mumbra,-0.18228500723870816,True
TW103229,2026-07-23 09:44:00,2026-07-23 09:55:36,-0.2634455726237149,11.6,Scooter,28,0.2617852666692662,Medium,Clear,Mulund,1.1221637816357013,True
TW102760,2026-07-04 19:04:00,2026-07-04 19:23:48,1.5786335163193037,19.8,Motorcycle,29,0.5228161089389054,Medium,Clear,Bhandup,-0.33635376183017374,True
TW102463,2026-07-12 06:30:00,2026-07-12 06:43:30,-0.32655749001790807,13.5,Motorcycle,31,0.2617852666692662,Medium,Clear,Navi Mumbai,-0.2593193845344409,True
TW103028,2026-07-14 05:55:00,2026-07-14 05:59:00,-0.9379541897741562,4.0,Electric Scooter,22,-0.26027641787001443,Medium,Clear,Dombivli,-0.7215256483088379,True
TW100211,2026-07-17 20:29:00,2026-07-17 20:42:42,0.1783378491356386,13.7,Electric Scooter,29,0.7838469512085445,Low,Clear,Ghodbunder Road,1.445708166277779,True
TW103212,2026-07-14 00:51:00,2026-07-14 00:55:00,-1.4625720031133884,4.0,Motorcycle,44,0.7838469512085445,High,Rain,Thane West,0.3620912589844707,True
TW100583,2026-07-07 18:03:00,2026-07-07 18:13:48,0.19411582848418696,10.8,Scooter,27,0.7838469512085445,Medium,Clear,Mulund,-0.1257931305551707,True
TW102040,2026-07-08 04:07:00,2026-07-08 04:16:06,-1.0839004987482284,9.1,Electric Scooter,35,0.0007544243996247222,Low,Overcast,Vashi,-0.4390662648911509,True
TW101969,2026-07-28 18:14:00,2026-07-28 18:37:12,1.6023004853421257,23.2,Scooter,35,-0.5213072601396559,Medium,Clear,Thane West,-0.2695906348405387,True
TW100532,2026-07-20 15:44:00,2026-07-20 15:48:00,-1.1549014058166958,4.0,Motorcycle,42,-0.26027641787001443,Low,Rain,Thane West,-0.5725925188704211,True
TW102260,2026-07-17 06:21:00,2026-07-17 06:25:00,-1.2692917560936712,4.0,Scooter,31,-0.7823381024092951,Low,Clear,Kalyan,-0.9218150292777434,True
TW100515,2026-07-02 23:13:00,2026-07-02 23:20:36,-0.555338190571859,7.6,Scooter,27,0.2617852666692662,Medium,Clear,Dombivli,-0.9012725286655479,True
TW103118,2026-07-06 15:26:00,2026-07-06 15:30:00,-1.2140688283737522,4.0,Scooter,37,1.8279703202871058,High,Overcast,Kalyan,-0.9218150292777434,True
TW104545,2026-07-06 14:01:00,2026-07-06 14:05:54,-0.6342280873146008,4.9,Motorcycle,39,-0.7823381024092951,Medium,Clear,Bhandup,-0.9218150292777434,True
TW100531,2026-07-16 19:39:00,2026-07-16 20:08:06,1.2078510016284176,29.1,Scooter,41,1.8279703202871058,Medium,Clear,Mulund,-0.18228500723870816,False
TW101460,2026-07-06 06:33:00,2026-07-06 06:39:42,-0.2161116345780698,6.7,Scooter,28,0.5228161089389054,Low,Clear,Mumbra,1.553556294491805,True
TW100326,2026-07-08 19:18:00,2026-07-08 19:30:54,-0.44094784029488354,12.9,Scooter,30,0.0007544243996247222,Medium,Clear,Thane West,-0.2644550096874898,True
TW100246,2026-07-15 18:47:00,2026-07-15 18:51:00,-1.1943463541880666,4.0,Scooter,19,-1.3043997869485757,Low,Overcast,Airoli,2.1082038110210815,True
TW102779,2026-07-09 08:55:00,2026-07-09 09:15:42,0.6319547554064034,20.7,Motorcycle,23,-0.26027641787001443,Medium,Clear,Mulund,0.46480376204544765,True
TW101622,2026-07-27 17:09:00,2026-07-27 17:17:48,0.22567178718128364,8.8,Motorcycle,31,-1.3043997869485757,Low,Overcast,Bhandup,0.023139998883246145,True
TW100930,2026-07-14 19:45:00,2026-07-14 19:49:00,-0.5356157163861737,4.0,Scooter,42,0.7838469512085445,Medium,Overcast,Airoli,-0.6188131452478608,True
TW102150,2026-07-14 02:32:00,2026-07-14 03:05:30,1.6338564440392225,33.5,Scooter,27,0.2617852666692662,High,Clear,Ghodbunder Road,-0.4647443906563951,False
TW101713,2026-07-15 17:36:00,2026-07-15 17:54:18,1.5312995782736583,18.3,Motorcycle,27,1.5669394780174666,Low,Clear,Vashi,0.5675162651064248,True
TW100069,2026-07-22 14:53:00,2026-07-22 15:06:24,1.0145707546087004,13.4,Scooter,26,1.8279703202871058,Low,Rain,Navi Mumbai,2.4214769453570617,True
TW100388,2026-07-07 22:05:00,2026-07-07 22:35:12,1.2670184241854736,30.2,Motorcycle,36,0.2617852666692662,Low,Clear,Thane West,-0.1360643808612684,False
TW103517,2026-07-07 15:42:00,2026-07-07 15:46:18,-1.44679402376484,4.3,Scooter,39,0.5228161089389054,Low,Overcast,Dombivli,-0.6701693967783494,True
TW103020,2026-07-03 22:29:00,2026-07-03 22:40:54,-0.48433728350339156,11.9,Electric Scooter,29,-1.8264614714878553,Low,Clear,Dombivli,-0.38771001336066235,True
TW102859,2026-07-22 09:38:00,2026-07-22 09:48:24,-0.014942397884078603,10.4,Motorcycle,42,1.8279703202871058,Low,Overcast,Mulund,-0.39798126366676007,True
TW100698,2026-07-28 05:21:00,2026-07-28 05:33:42,-0.224000624252344,12.7,Motorcycle,44,0.7838469512085445,Medium,Clear,Vashi,-0.4955581415746883,True
TW100747,2026-07-23 05:08:00,2026-07-23 05:26:00,1.4090202383224089,18.0,Scooter,21,-1.3043997869485757,Medium,Clear,Dombivli,0.25937875592349346,True
TW102095,2026-07-19 12:40:00,2026-07-19 12:53:24,0.09944795239289685,13.4,Motorcycle,33,1.3059086357478251,Low,Rain,Navi Mumbai,0.7523987706161837,True
TW103748,2026-07-08 14:48:00,2026-07-08 15:01:48,0.844957476611806,13.8,Electric Scooter,29,1.3059086357478251,High,Rain,Navi Mumbai,-0.7780175249923754,True
TW102683,2026-07-22 17:27:00,2026-07-22 17:48:24,0.576731827686484,21.4,Motorcycle,21,0.0007544243996247222,Low,Overcast,Airoli,0.7472631454631349,True
TW102236,2026-07-10 01:58:00,2026-07-10 02:20:18,0.5530648586636616,22.3,Scooter,34,-0.26027641787001443,Low,Clear,Kalyan,0.023139998883246145,True
TW103712,2026-07-03 16:35:00,2026-07-03 16:44:24,-0.9655656536341157,9.4,Scooter,24,0.5228161089389054,Medium,Overcast,Mumbra,-0.9218150292777434,True
TW103897,2026-07-26 22:50:00,2026-07-26 23:05:12,0.45445248773523456,15.2,Scooter,33,1.044877793478186,High,Clear,Ghodbunder Road,-0.4801512661155417,True
TW102889,2026-07-28 13:49:00,2026-07-28 14:21:18,2.3320320302124866,32.3,Scooter,21,-1.3043997869485757,Low,Overcast,Ghodbunder Road,-0.16687813177956157,False
TW100227,2026-07-16 00:23:00,2026-07-16 00:49:54,2.446422380489462,26.9,Scooter,39,0.0007544243996247222,Medium,Clear,Kalyan,-0.649626896166154,False
TW101035,2026-07-24 17:27:00,2026-07-24 17:31:00,-1.2416802922337118,4.0,Motorcycle,35,-0.7823381024092951,Low,Clear,Navi Mumbai,-0.0025381268819981576,True
TW101859,2026-07-16 10:11:00,2026-07-16 10:17:54,-1.0050106020054865,6.9,Scooter,44,1.8279703202871058,Low,Clear,Airoli,0.20802250439300488,True
TW103433,2026-07-11 01:51:00,2026-07-11 02:02:06,-0.3817804177378273,11.1,Scooter,35,-1.3043997869485757,Low,Clear,Mulund,-0.4955581415746883,True
TW104792,2026-07-08 17:55:00,2026-07-08 18:16:30,0.9672368165630554,21.5,Scooter,44,-0.26027641787001443,Low,Clear,Kalyan,1.640861922093636,True
TW104634,2026-07-17 22:28:00,2026-07-17 22:44:54,0.8331239921003946,16.9,Scooter,20,0.5228161089389054,Medium,Overcast,Vashi,-0.9218150292777434,True
TW101998,2026-07-23 15:46:00,2026-07-23 15:51:36,-1.1982908490252038,5.6,Scooter,24,-1.3043997869485757,High,Clear,Kalyan,2.0311694337253487,True
TW104783,2026-07-09 09:38:00,2026-07-09 10:07:48,1.8468591652446253,29.8,Motorcycle,39,1.5669394780174666,Medium,Clear,Vashi,-0.151471256320415,False
TW100962,2026-07-01 00:25:00,2026-07-01 00:39:54,0.35978461164394443,14.9,Scooter,30,1.8279703202871058,Medium,Clear,Mumbra,0.4237187608210568,True
TW100891,2026-07-05 23:19:00,2026-07-05 23:31:12,0.2138383026698723,12.2,Scooter,39,1.5669394780174666,Low,Overcast,Dombivli,-0.685576272237496,True
TW100189,2026-07-05 17:02:00,2026-07-05 17:29:30,2.257086628306882,27.5,Scooter,30,0.0007544243996247222,High,Clear,Dombivli,-0.9218150292777434,False
TW100946,2026-07-16 22:12:00,2026-07-16 22:18:18,-1.0365665607025834,6.3,Motorcycle,26,-0.5213072601396559,Medium,Clear,Kalyan,-0.326082511524076,True
TW101054,2026-07-30 06:56:00,2026-07-30 07:16:48,2.550951493673595,20.8,Scooter,37,0.2617852666692662,Medium,Rain,Dombivli,1.4662506668899744,True
TW102741,2026-07-06 17:38:00,2026-07-06 17:44:54,-0.6973400047087941,6.9,Electric Scooter,38,0.2617852666692662,High,Rain,Dombivli,-0.793424400451522,True
TW100172,2026-07-11 13:11:00,2026-07-11 13:20:54,0.028447045324429446,9.9,Motorcycle,43,-1.8264614714878553,Low,Clear,Mumbra,-0.6085418949417631,True
TW101588,2026-07-19 22:01:00,2026-07-19 22:22:18,1.689079371759142,21.3,Motorcycle,42,0.7838469512085445,Low,Rain,Mumbra,0.5418381393411804,True
TW103810,2026-07-18 01:13:00,2026-07-18 01:27:54,0.6003987967093067,14.9,Scooter,42,1.3059086357478251,Medium,Rain,Bhandup,-0.9218150292777434,True
TW102255,2026-07-27 12:58:00,2026-07-27 13:08:00,-1.1194009522824622,10.0,Motorcycle,21,-1.0433689446789354,Low,Rain,Vashi,-0.18742063239175702,True
TW100271,2026-07-11 17:48:00,2026-07-11 17:52:00,-1.3915710960449208,4.0,Scooter,41,-1.3043997869485757,Medium,Rain,Navi Mumbai,-0.8704587777472548,True
TW103699,2026-07-14 15:46:00,2026-07-14 16:03:54,0.8686244456346283,17.9,Motorcycle,37,0.2617852666692662,Medium,Clear,Navi Mumbai,-0.6239487704009097,True
TW102749,2026-07-03 16:08:00,2026-07-03 16:12:00,-0.7367849530801648,4.0,Scooter,29,-2.870584840566415,Medium,Rain,Mumbra,-0.7574750243801799,True
TW100714,2026-07-09 06:13:00,2026-07-09 06:41:54,1.3735197847881753,28.9,Motorcycle,34,1.8279703202871058,Low,Clear,Navi Mumbai,-0.7266612734618869,False
TW102408,2026-07-08 04:28:00,2026-07-08 04:53:36,0.26117224071551737,25.6,Scooter,27,-1.3043997869485757,High,Clear,Dombivli,-0.9218150292777434,False
TW103747,2026-07-28 00:12:00,2026-07-28 00:20:36,-0.026775882395489604,8.6,Motorcycle,23,1.3059086357478251,Low,Clear,Thane West,-0.9218150292777434,True
TW100177,2026-07-04 17:35:00,2026-07-04 17:54:18,0.8173460127518463,19.3,Electric Scooter,32,-1.3043997869485757,High,Clear,Airoli,1.024586903727773,True
TW101699,2026-07-21 04:40:00,2026-07-21 04:52:54,1.23151797065124,12.9,Motorcycle,22,1.3059086357478251,Medium,Clear,Mulund,3.7207901090784223,True
TW101360,2026-07-24 02:50:00,2026-07-24 02:54:00,-1.4349605392534288,4.0,Motorcycle,31,0.7838469512085445,Medium,Rain,Ghodbunder Road,-0.4750156409624928,True
TW102968,2026-07-09 08:36:00,2026-07-09 08:47:00,-0.5356157163861737,11.0,Scooter,25,0.2617852666692662,High,Clear,Bhandup,1.3584025386759486,True
TW100872,2026-07-14 19:09:00,2026-07-14 19:15:42,-0.224000624252344,6.7,Motorcycle,21,1.8279703202871058,High,Clear,Thane West,-0.6958475225435937,True
TW102017,2026-07-03 19:01:00,2026-07-03 19:25:54,1.2709629190226106,24.9,Scooter,36,-0.26027641787001443,Medium,Clear,Bhandup,0.1566662528625163,True
TW100928,2026-07-02 07:26:00,2026-07-02 07:31:18,-0.9773991381455269,5.3,Electric Scooter,20,-1.3043997869485757,Medium,Clear,Mulund,0.26451438107654224,True
TW102257,2026-07-07 18:05:00,2026-07-07 18:09:54,-1.0010661071683495,4.9,Scooter,34,0.2617852666692662,Medium,Clear,Navi Mumbai,-0.8653231525942059,True
TW104212,2026-07-21 10:52:00,2026-07-21 10:56:00,-1.4310160444162918,4.0,Scooter,24,-1.3043997869485757,Medium,Clear,Navi Mumbai,-0.8704587777472548,True
TW102681,2026-07-10 22:09:00,2026-07-10 22:20:24,-0.5908386441060929,11.4,Scooter,41,0.5228161089389054,Low,Clear,Vashi,3.15073571709,True
TW100777,2026-07-05 04:28:00,2026-07-05 04:35:00,-0.6460615718260119,7.0,Scooter,43,-0.5213072601396559,Low,Rain,Mumbra,-0.7266612734618869,True
TW102052,2026-07-29 02:40:00,2026-07-29 03:02:36,0.844957476611806,22.6,Electric Scooter,35,0.2617852666692662,Medium,Clear,Navi Mumbai,1.5278781687265608,True
TW103389,2026-07-19 03:00:00,2026-07-19 03:10:00,-0.5671716750832704,10.0,Electric Scooter,19,-0.26027641787001443,Medium,Overcast,Navi Mumbai,0.2953281319948354,True
TW103473,2026-07-04 04:46:00,2026-07-04 04:58:48,-0.085943304952546,12.8,Motorcycle,42,-0.26027641787001443,Medium,Clear,Thane West,1.7949306766851016,True
TW100476,2026-07-03 22:01:00,2026-07-03 22:19:36,0.42289652903813785,18.6,Electric Scooter,28,-0.26027641787001443,Low,Clear,Thane West,5.107408900401613,True
TW101069,2026-07-06 20:25:00,2026-07-06 20:42:12,0.7857900540547496,17.2,Motorcycle,35,1.8279703202871058,Medium,Rain,Dombivli,-0.4339306397381021,True
TW102919,2026-07-04 19:15:00,2026-07-04 19:19:00,-0.6302835924774636,4.0,Electric Scooter,29,1.044877793478186,High,Clear,Vashi,-0.14633563116736614,True
TW100786,2026-07-27 05:42:00,2026-07-27 05:57:36,-0.003108913372667253,15.6,Motorcycle,19,-0.26027641787001443,Medium,Clear,Ghodbunder Road,-0.7061187728496915,True
TW103649,2026-07-19 04:18:00,2026-07-19 04:27:06,-0.2121671397409328,9.1,Motorcycle,30,0.0007544243996247222,Medium,Clear,Navi Mumbai,-0.8191025262167662,True
TW101327,2026-07-05 18:42:00,2026-07-05 18:52:18,-0.3778359229006903,10.3,Motorcycle,31,1.044877793478186,Medium,Clear,Ghodbunder Road,0.21829375469910262,True
TW102942,2026-07-17 20:09:00,2026-07-17 20:13:00,-1.1667348903281072,4.0,Motorcycle,28,0.7838469512085445,Medium,Rain,Bhandup,-0.7728818998393265,True
TW103309,2026-07-25 14:10:00,2026-07-25 14:22:18,-0.1885001707181103,12.3,Motorcycle,44,1.5669394780174666,Medium,Clear,Mulund,-0.2541837593813921,True
TW100564,2026-07-29 15:27:00,2026-07-29 15:32:42,-0.7683409117772615,5.7,Motorcycle,40,-0.26027641787001443,High,Clear,Thane West,-0.36203188759541804,True
TW102269,2026-07-22 07:11:00,2026-07-22 07:33:06,0.09155896271862285,22.1,Motorcycle,41,-0.26027641787001443,Medium,Clear,Navi Mumbai,-0.8653231525942059,True
TW104306,2026-07-27 10:18:00,2026-07-27 10:31:18,0.28878370457547703,13.3,Scooter,31,-0.7823381024092951,Low,Clear,Dombivli,0.11044562648507665,True
TW104407,2026-07-11 04:03:00,2026-07-11 04:17:06,-0.022831387558352602,14.1,Scooter,23,0.5228161089389054,Medium,Rain,Navi Mumbai,-0.22850563361614779,True
TW102748,2026-07-24 09:00:00,2026-07-24 09:04:00,-1.1312344367938734,4.0,Scooter,38,1.8279703202871058,Low,Clear,Thane West,-0.4287950145850532,True
TW104113,2026-07-13 00:03:00,2026-07-13 00:17:00,0.06000300402152615,14.0,Motorcycle,33,1.5669394780174666,High,Clear,Thane West,-0.4904225164216394,True
TW104429,2026-07-19 20:06:00,2026-07-19 20:10:12,-0.7959523756372212,4.2,Scooter,37,-1.565430629218215,High,Clear,Vashi,-0.7420681489210333,True
TW103045,2026-07-28 20:41:00,2026-07-28 20:56:00,-0.14116623267246522,15.0,Scooter,20,0.2617852666692662,Medium,Rain,Airoli,-0.9218150292777434,True
TW103288,2026-07-06 20:17:00,2026-07-06 20:26:36,-1.2495692819079858,9.6,Scooter,39,1.8279703202871058,Low,Clear,Bhandup,0.3312775080661775,True
TW101834,2026-07-02 21:21:00,2026-07-02 21:31:54,-0.09383229462682036,10.9,Scooter,30,0.0007544243996247222,High,Clear,Thane West,0.012868748577148424,True
TW100804,2026-07-06 23:16:00,2026-07-06 23:22:54,-0.8353973240085919,6.9,Scooter,35,-1.8264614714878553,Medium,Rain,Dombivli,1.497064417808268,True
TW104879,2026-07-11 00:34:00,2026-07-11 00:40:18,-1.1312344367938734,6.3,Scooter,32,0.0007544243996247222,Low,Overcast,Airoli,0.9783662773503332,True
TW104149,2026-07-25 21:15:00,2026-07-25 21:23:00,-0.7170624788944795,8.0,Electric Scooter,44,0.2617852666692662,Medium,Clear,Navi Mumbai,-0.7780175249923754,True
TW104744,2026-07-06 00:38:00,2026-07-06 01:07:24,2.550951493673595,29.4,Electric Scooter,42,1.044877793478186,High,Clear,Thane West,-0.31067563606492954,False
TW104932,2026-07-24 15:12:00,2026-07-24 15:16:00,-0.9261207052627448,4.0,Motorcycle,34,-1.565430629218215,Medium,Rain,Kalyan,-0.7369325237679845,True
TW103176,2026-07-14 12:45:00,2026-07-14 13:07:06,0.5530648586636616,22.1,Motorcycle,26,0.0007544243996247222,Low,Clear,Mumbra,-0.9218150292777434,True
TW100416,2026-07-04 00:01:00,2026-07-04 00:12:36,0.17439335429850158,11.6,Electric Scooter,23,0.2617852666692662,Medium,Rain,Vashi,0.48021063750459436,True
TW102624,2026-07-16 15:00:00,2026-07-16 15:21:54,1.1447390842342242,21.9,Scooter,23,0.5228161089389054,Low,Rain,Navi Mumbai,-0.16687813177956157,True
TW102018,2026-07-16 11:22:00,2026-07-16 11:29:48,-0.417280871272061,7.8,Motorcycle,25,-2.0874923137574957,Low,Clear,Navi Mumbai,0.63427939209606,True
TW103679,2026-07-13 03:58:00,2026-07-13 04:02:12,-1.0089550968426235,4.2,Motorcycle,23,-0.26027641787001443,Low,Clear,Kalyan,0.28505688168873766,True
TW103232,2026-07-21 22:41:00,2026-07-21 22:48:12,-0.3107795106693599,7.2,Motorcycle,33,1.5669394780174666,Low,Clear,Vashi,-0.9218150292777434,True
TW101966,2026-07-30 19:12:00,2026-07-30 19:21:30,-0.19244466555524728,9.5,Scooter,28,-0.5213072601396559,Medium,Clear,Bhandup,-0.9218150292777434,True
TW102543,2026-07-28 22:15:00,2026-07-28 22:28:30,0.45839698257237155,13.5,Scooter,31,-0.5213072601396559,Low,Rain,Dombivli,0.30046375714788437,True
TW104367,2026-07-29 14:05:00,2026-07-29 14:09:00,-1.4112935702306064,4.0,Motorcycle,41,1.5669394780174666,Low,Clear,Airoli,0.012868748577148424,True
TW100614,2026-07-24 05:36:00,2026-07-24 05:41:06,-1.0128995916797607,5.1,Electric Scooter,28,0.5228161089389054,Medium,Clear,Thane West,-0.18742063239175702,True
TW104472,2026-07-02 15:36:00,2026-07-02 15:56:00,0.908069394005999,20.0,Scooter,33,0.2617852666692662,Low,Overcast,Kalyan,-0.8653231525942059,True
TW100955,2026-07-18 20:00:00,2026-07-18 20:16:00,0.2848392097383397,16.0,Motorcycle,32,-0.26027641787001443,Low,Rain,Navi Mumbai,-0.4236593894320044,True
TW100083,2026-07-16 03:58:00,2026-07-16 04:05:36,-0.17272219136956193,7.6,Motorcycle,38,-1.565430629218215,Medium,Rain,Vashi,1.9746775570418114,True
TW101067,2026-07-04 00:16:00,2026-07-04 00:37:06,1.1565725687456356,21.1,Scooter,36,-1.565430629218215,Low,Clear,Ghodbunder Road,0.526431263882034,True
TW100957,2026-07-07 18:40:00,2026-07-07 18:44:00,-1.4310160444162918,4.0,Scooter,35,-1.0433689446789354,High,Clear,Ghodbunder Road,1.5586919196448543,True
TW102535,2026-07-17 22:02:00,2026-07-17 22:07:48,-0.8156748498229066,5.8,Electric Scooter,23,-0.26027641787001443,High,Clear,Mulund,1.9387281809704693,True
TW103846,2026-07-16 13:59:00,2026-07-16 14:03:00,0.06000300402152615,4.0,Motorcycle,23,-0.7823381024092951,Medium,Clear,Ghodbunder Road,-0.4390662648911509,True
TW101825,2026-07-09 06:02:00,2026-07-09 06:27:24,1.649634423387771,25.4,Motorcycle,38,0.0007544243996247222,High,Overcast,Thane West,-0.9012725286655479,False
TW103090,2026-07-15 21:33:00,2026-07-15 21:45:36,-0.030720377232626953,12.6,Scooter,27,1.3059086357478251,Medium,Clear,Vashi,-0.9218150292777434,True
TW103609,2026-07-17 20:31:00,2026-07-17 20:56:12,1.7679692685018833,25.2,Scooter,20,1.8279703202871058,Medium,Clear,Kalyan,-0.9218150292777434,False
TW101657,2026-07-15 07:22:00,2026-07-15 07:30:24,-0.6736730356859716,8.4,Scooter,20,0.5228161089389054,Medium,Clear,Bhandup,-0.7163900231557891,True
TW103432,2026-07-26 04:52:00,2026-07-26 04:56:00,-1.0484000452139948,4.0,Electric Scooter,30,-0.26027641787001443,Medium,Clear,Dombivli,-0.4287950145850532,True
TW101889,2026-07-04 12:56:00,2026-07-04 13:11:06,-0.1135547688125057,15.1,Motorcycle,27,-0.7823381024092951,Medium,Overcast,Dombivli,-0.5777281440234701,True
TW103128,2026-07-29 12:36:00,2026-07-29 12:40:48,-1.0089550968426235,4.8,Motorcycle,29,-0.26027641787001443,Medium,Clear,Mumbra,-0.9218150292777434,True
TW102871,2026-07-05 08:34:00,2026-07-05 08:48:06,0.1428373956014049,14.1,Scooter,33,0.2617852666692662,Medium,Overcast,Bhandup,1.5278781687265608,True
TW104643,2026-07-29 15:29:00,2026-07-29 15:40:36,-0.3817804177378273,11.6,Electric Scooter,34,-1.3043997869485757,Low,Clear,Dombivli,-0.31067563606492954,True
TW103573,2026-07-30 09:23:00,2026-07-30 09:45:30,0.15861537494995326,22.5,Electric Scooter,38,-0.26027641787001443,High,Clear,Mumbra,-0.7215256483088379,True
TW104126,2026-07-08 08:43:00,2026-07-08 08:58:18,0.7305671263348305,15.3,Scooter,20,1.3059086357478251,High,Rain,Airoli,2.791241956376579,True
TW104274,2026-07-07 05:20:00,2026-07-07 05:43:18,1.8586926497560363,23.3,Motorcycle,36,-0.7823381024092951,Low,Overcast,Airoli,-0.2541837593813921,True
TW103133,2026-07-21 20:45:00,2026-07-21 21:08:12,0.7305671263348305,23.2,Scooter,35,0.2617852666692662,Low,Clear,Thane West,-0.41338813912590666,True
TW101510,2026-07-21 15:38:00,2026-07-21 15:54:48,-0.10961027397536871,16.8,Electric Scooter,32,0.0007544243996247222,Medium,Clear,Bhandup,-0.7780175249923754,True
TW100503,2026-07-03 20:03:00,2026-07-03 20:32:54,2.550951493673595,29.9,Motorcycle,23,-0.26027641787001443,Medium,Rain,Dombivli,-0.04362312810638904,False
TW103584,2026-07-25 06:38:00,2026-07-25 06:57:42,0.46234147740950854,19.7,Motorcycle,20,0.0007544243996247222,Medium,Clear,Thane West,-0.31067563606492954,True
TW103243,2026-07-12 19:10:00,2026-07-12 19:17:06,-0.8669532827056886,7.1,Scooter,34,0.5228161089389054,Low,Clear,Kalyan,-0.6547625213192029,True
TW104489,2026-07-17 04:32:00,2026-07-17 04:43:18,-0.7525629324287132,11.3,Scooter,24,0.5228161089389054,Low,Clear,Ghodbunder Road,0.521295638728985,True
TW104355,2026-07-17 10:13:00,2026-07-17 10:24:00,2.550951493673595,11.0,Motorcycle,31,-0.26027641787001443,Medium,Clear,Thane West,-0.9218150292777434,True
TW104550,2026-07-06 19:32:00,2026-07-06 19:41:48,-0.9813436329826641,9.8,Motorcycle,29,-2.0874923137574957,Low,Clear,Ghodbunder Road,-0.11038625509602411,True
TW101300,2026-07-25 07:28:00,2026-07-25 07:43:30,0.6871776831263224,15.5,Electric Scooter,41,0.2617852666692662,High,Clear,Vashi,-0.6804406470844471,True
TW100505,2026-07-06 13:30:00,2026-07-06 13:40:48,-0.038609366906900956,10.8,Motorcycle,40,-1.565430629218215,Low,Clear,Vashi,-0.7728818998393265,True
TW100441,2026-07-10 17:11:00,2026-07-10 17:16:48,-0.68945101503452,5.8,Scooter,31,0.2617852666692662,Medium,Rain,Dombivli,3.479415726885126,True
TW102964,2026-07-07 06:15:00,2026-07-07 06:31:00,-0.038609366906900956,16.0,Electric Scooter,35,0.5228161089389054,Medium,Clear,Kalyan,-0.9064081538185967,True
TW101599,2026-07-01 14:54:00,2026-07-01 15:44:42,2.550951493673595,50.7,Scooter,33,1.044877793478186,Medium,Overcast,Bhandup,-0.6290843955539586,False
TW100839,2026-07-11 04:48:00,2026-07-11 05:01:48,-0.1214437584867797,13.8,Motorcycle,38,-0.5213072601396559,Medium,Clear,Thane West,0.166937503168614,True
TW102858,2026-07-08 12:07:00,2026-07-08 12:11:00,-1.44679402376484,4.0,Motorcycle,32,-0.7823381024092951,Low,Clear,Dombivli,0.059089374954588055,True
TW103012,2026-07-10 13:55:00,2026-07-10 14:15:00,-0.27922355197226323,20.0,Scooter,34,-1.3043997869485757,High,Overcast,Vashi,-0.9115437789716456,True
TW102883,2026-07-04 09:23:00,2026-07-04 09:32:30,-0.2871125416465374,9.5,Electric Scooter,43,1.3059086357478251,Low,Clear,Airoli,-0.5161006421868838,True
TW102874,2026-07-24 07:27:00,2026-07-24 08:01:24,2.406977432118091,34.4,Scooter,42,0.5228161089389054,Low,Clear,Navi Mumbai,1.7897950515320529,False
TW101817,2026-07-22 01:16:00,2026-07-22 01:20:30,-0.9418986846112932,4.5,Motorcycle,36,1.3059086357478251,Low,Clear,Mumbra,-0.8807300280533524,True
TW100915,2026-07-04 22:45:00,2026-07-04 23:26:00,2.550951493673595,41.0,Electric Scooter,29,1.044877793478186,Medium,Rain,Thane West,-0.6598981464722518,False
TW100107,2026-07-29 23:24:00,2026-07-29 23:28:00,-1.450738518601977,4.0,Scooter,25,-1.0433689446789354,Medium,Rain,Airoli,1.522742543573512,True
TW100688,2026-07-19 09:38:00,2026-07-19 09:55:12,0.9593478268887814,17.2,Electric Scooter,32,-1.8264614714878553,Medium,Clear,Mumbra,0.1053100013320279,True
TW101677,2026-07-27 03:45:00,2026-07-27 03:49:24,-0.6539505615002861,4.4,Scooter,21,0.2617852666692662,Low,Clear,Kalyan,2.549867574183283,True
TW104800,2026-07-07 12:41:00,2026-07-07 12:49:54,-0.1806111810438361,8.9,Scooter,39,1.5669394780174666,Low,Rain,Bhandup,-0.38257438820761347,True
TW101162,2026-07-17 05:45:00,2026-07-17 05:53:54,-0.47250379899198025,8.9,Scooter,40,-1.0433689446789354,Low,Clear,Mumbra,1.178655658319239,True
TW103569,2026-07-10 23:37:00,2026-07-10 23:41:00,-1.0957339832596396,4.0,Motorcycle,40,0.7838469512085445,Low,Clear,Vashi,-0.2901331354527341,True
TW103534,2026-07-09 21:12:00,2026-07-09 21:16:00,-1.0996784780967768,4.0,Scooter,27,1.8279703202871058,Medium,Clear,Vashi,-0.7369325237679845,True
TW102673,2026-07-28 14:10:00,2026-07-28 14:24:00,-0.2871125416465374,14.0,Scooter,24,0.7838469512085445,Low,Clear,Ghodbunder Road,-0.14120000601431726,True
TW102603,2026-07-12 07:49:00,2026-07-12 07:54:12,-0.8866757568913741,5.2,Motorcycle,30,0.2617852666692662,Medium,Clear,Dombivli,-0.9218150292777434,True
TW100761,2026-07-25 19:27:00,2026-07-25 19:35:54,-0.49617076801480275,8.9,Motorcycle,37,-0.26027641787001443,Low,Rain,Navi Mumbai,0.6907712687795973,True
TW102852,2026-07-24 23:56:00,2026-07-25 00:10:12,-0.1293327481610539,14.2,Scooter,20,0.0007544243996247222,Medium,Overcast,Dombivli,-0.5931350194826165,True
TW100909,2026-07-12 03:55:00,2026-07-12 04:06:48,-0.7288959634058907,11.8,Scooter,42,1.5669394780174666,Medium,Rain,Navi Mumbai,-0.4750156409624928,True
TW104458,2026-07-11 05:39:00,2026-07-11 05:43:00,-1.348181652836413,4.0,Scooter,20,-0.5213072601396559,High,Overcast,Mulund,-0.14120000601431726,True
TW102573,2026-07-03 12:34:00,2026-07-03 12:41:48,-0.7012844995459311,7.8,Motorcycle,36,0.0007544243996247222,High,Clear,Ghodbunder Road,-0.0025381268819981576,True
TW103922,2026-07-21 00:30:00,2026-07-21 00:34:00,-0.8117303549857694,4.0,Scooter,34,0.7838469512085445,High,Clear,Dombivli,-0.4596087655033463,True
TW100871,2026-07-07 23:28:00,2026-07-07 23:39:00,-0.4527813248062949,11.0,Electric Scooter,37,-1.0433689446789354,High,Clear,Airoli,1.0091800282686265,True
TW103616,2026-07-26 18:18:00,2026-07-26 18:24:48,-0.6145056131289152,6.8,Scooter,37,-0.26027641787001443,Low,Overcast,Kalyan,1.5843700454100984,True
TW104529,2026-07-25 12:14:00,2026-07-25 12:45:42,2.3675324837467207,31.7,Scooter,19,0.2617852666692662,Medium,Clear,Mumbra,-0.14633563116736614,False
TW103820,2026-07-25 02:48:00,2026-07-25 02:52:00,-0.8432863136828661,4.0,Scooter,23,-2.6095539982967764,Low,Clear,Thane West,-0.8550519022881081,True
TW101098,2026-07-22 05:54:00,2026-07-22 06:06:00,-1.1943463541880666,12.0,Motorcycle,40,-1.565430629218215,Medium,Clear,Navi Mumbai,1.9900844325009581,True
TW100295,2026-07-08 11:41:00,2026-07-08 12:00:12,1.7088018459448275,19.2,Scooter,22,-1.0433689446789354,Low,Overcast,Mumbra,2.4728331968875503,True
TW103017,2026-07-19 23:17:00,2026-07-19 23:21:00,-0.9537321691227045,4.0,Motorcycle,44,-1.0433689446789354,Low,Clear,Vashi,-0.8242381513698152,True
TW104112,2026-07-07 05:27:00,2026-07-07 05:34:42,-1.1667348903281072,7.7,Electric Scooter,40,0.0007544243996247222,Medium,Rain,Kalyan,-0.5469143931051769,True
TW102861,2026-07-23 02:05:00,2026-07-23 02:18:06,-0.31472400550649693,13.1,Scooter,28,-0.26027641787001443,High,Clear,Airoli,-0.1257931305551707,True
TW102086,2026-07-24 18:33:00,2026-07-24 18:41:06,-0.504059757689077,8.1,Motorcycle,24,0.2617852666692662,Medium,Rain,Mumbra,-0.5520500182582256,True
TW104417,2026-07-13 03:25:00,2026-07-13 03:29:54,-0.8038413653114954,4.9,Electric Scooter,23,-1.3043997869485757,High,Clear,Dombivli,-0.7882887752984731,True
TW103168,2026-07-15 22:13:00,2026-07-15 22:22:30,-0.555338190571859,9.5,Scooter,32,0.5228161089389054,Low,Rain,Ghodbunder Road,-0.9218150292777434,True
TW100397,2026-07-25 21:38:00,2026-07-25 21:49:18,0.41895203420100086,11.3,Motorcycle,28,0.5228161089389054,Low,Clear,Vashi,-0.8139669010637174,True
TW100854,2026-07-05 06:00:00,2026-07-05 06:16:54,1.0895161565143048,16.9,Scooter,27,0.0007544243996247222,High,Clear,Mulund,-0.9218150292777434,True
TW102080,2026-07-22 00:00:00,2026-07-22 00:29:36,2.430644401140914,29.6,Motorcycle,19,-0.26027641787001443,Low,Clear,Dombivli,-0.3928456385137112,False
TW100018,2026-07-02 04:42:00,2026-07-02 04:46:48,-0.9063982310770595,4.8,Scooter,43,1.5669394780174666,Low,Rain,Thane West,-0.9166794041246945,True
TW104999,2026-07-06 05:16:00,2026-07-06 05:44:36,1.4957991247394247,28.6,Motorcycle,23,0.7838469512085445,Medium,Clear,Vashi,0.03854687434239261,False
TW103345,2026-07-14 04:54:00,2026-07-14 05:09:42,-0.23583410876375516,15.7,Scooter,41,-0.26027641787001443,Medium,Clear,Navi Mumbai,0.9321456509728936,True
TW103627,2026-07-30 05:26:00,2026-07-30 05:36:00,-0.5868941492689557,10.0,Electric Scooter,19,0.7838469512085445,Medium,Clear,Airoli,-0.05389437841248676,True
TW101252,2026-07-16 20:00:00,2026-07-16 20:19:30,0.7936790437290235,19.5,Motorcycle,43,-0.7823381024092951,Low,Overcast,Ghodbunder Road,-0.6907118973905447,True
TW100195,2026-07-02 03:38:00,2026-07-02 04:18:36,2.550951493673595,40.6,Scooter,36,-0.5213072601396559,High,Rain,Mumbra,-0.6393556458600562,False
TW103758,2026-07-16 01:39:00,2026-07-16 01:43:00,-0.8787867672171,4.0,Motorcycle,28,1.3059086357478251,Medium,Clear,Ghodbunder Road,-0.8345094016759128,True
TW100203,2026-07-01 02:13:00,2026-07-01 02:18:00,-0.8866757568913741,5.0,Motorcycle,40,0.0007544243996247222,Medium,Rain,Navi Mumbai,0.9013319000546005,True
TW100292,2026-07-05 16:42:00,2026-07-05 16:46:00,-0.7959523756372212,4.0,Scooter,44,-1.3043997869485757,Low,Overcast,Airoli,-0.5315075176460303,True
TW101345,2026-07-01 03:31:00,2026-07-01 03:40:48,0.25328325104124333,9.8,Scooter,38,0.0007544243996247222,Low,Clear,Navi Mumbai,0.3364131332192263,True
TW102161,2026-07-18 00:09:00,2026-07-18 00:37:00,2.550951493673595,28.0,Motorcycle,40,0.0007544243996247222,Medium,Clear,Thane West,-0.5674568937173723,False
TW104279,2026-07-28 02:19:00,2026-07-28 02:44:36,2.550951493673595,25.6,Electric Scooter,29,-1.0433689446789354,Medium,Clear,Airoli,-0.6136775200948119,False
TW102986,2026-07-01 08:53:00,2026-07-01 09:08:54,0.45839698257237155,15.9,Scooter,22,1.8279703202871058,Low,Clear,Mumbra,0.4339900111271545,True
TW104487,2026-07-13 14:40:00,2026-07-13 14:55:48,-0.5750606647575445,15.8,Electric Scooter,43,1.3059086357478251,Medium,Rain,Vashi,0.3929050099027636,True
TW103648,2026-07-23 23:39:00,2026-07-23 23:44:36,-0.39361390224923865,5.6,Motorcycle,36,-1.3043997869485757,Low,Rain,Navi Mumbai,0.8397043982180141,True
TW101629,2026-07-29 20:20:00,2026-07-29 20:51:36,2.550951493673595,31.6,Scooter,35,1.8279703202871058,Low,Rain,Mulund,0.45453251173934994,False
TW102901,2026-07-11 07:08:00,2026-07-11 07:22:12,0.8252350024261202,14.2,Electric Scooter,34,-0.26027641787001443,Medium,Clear,Thane West,-0.8910012783594502,True
TW100175,2026-07-14 04:49:00,2026-07-14 04:58:54,0.46234147740950854,9.9,Scooter,41,-0.5213072601396559,High,Overcast,Airoli,0.6394150172491089,True
TW100412,2026-07-07 04:21:00,2026-07-07 04:25:00,-0.9497876742855675,4.0,Electric Scooter,28,-0.5213072601396559,Low,Overcast,Dombivli,0.059089374954588055,True
TW103899,2026-07-22 09:38:00,2026-07-22 09:54:30,0.46234147740950854,16.5,Motorcycle,39,-0.5213072601396559,Medium,Rain,Thane West,-0.7266612734618869,True
TW101990,2026-07-08 15:22:00,2026-07-08 15:27:54,-0.7249514685687537,5.9,Motorcycle,20,-0.5213072601396559,Low,Clear,Mumbra,3.8337738624454976,True
TW101430,2026-07-09 03:39:00,2026-07-09 03:52:06,0.4110630445267265,13.1,Scooter,25,-0.26027641787001443,Low,Clear,Vashi,0.30559938230093314,True
TW101940,2026-07-10 04:44:00,2026-07-10 04:49:36,-0.7959523756372212,5.6,Scooter,26,0.2617852666692662,Low,Rain,Bhandup,-0.9115437789716456,True
TW102584,2026-07-27 03:48:00,2026-07-27 04:00:06,0.09944795239289685,12.1,Electric Scooter,40,-0.5213072601396559,Low,Clear,Kalyan,-0.9218150292777434,True
TW100023,2026-07-16 05:56:00,2026-07-16 06:08:30,-1.111511962608188,12.5,Scooter,31,0.2617852666692662,High,Clear,Kalyan,-0.9064081538185967,True
TW104621,2026-07-15 03:02:00,2026-07-15 03:14:36,-0.6736730356859716,12.6,Motorcycle,34,0.0007544243996247222,High,Clear,Vashi,1.0656719049521641,True
TW102292,2026-07-18 01:56:00,2026-07-18 02:03:18,-0.5237822318747622,7.3,Scooter,32,-0.5213072601396559,Medium,Clear,Thane West,-0.01794500234114474,True
TW104858,2026-07-15 00:54:00,2026-07-15 01:28:06,1.6338564440392225,34.1,Scooter,37,-0.5213072601396559,Medium,Clear,Thane West,2.0517119343375443,False
TW104256,2026-07-29 04:35:00,2026-07-29 04:55:54,0.8331239921003946,20.9,Scooter,22,0.5228161089389054,High,Clear,Ghodbunder Road,1.702489423930222,True
TW102074,2026-07-29 08:43:00,2026-07-29 08:55:30,0.09550345755575984,12.5,Scooter,33,-0.26027641787001443,Low,Clear,Kalyan,-0.9218150292777434,True
TW100420,2026-07-01 11:19:00,2026-07-01 11:35:30,0.6713997037777741,16.5,Motorcycle,25,0.5228161089389054,High,Clear,Kalyan,-0.7112543980027402,True
TW100959,2026-07-17 12:44:00,2026-07-17 12:56:06,0.48600844643233126,12.1,Electric Scooter,34,-0.7823381024092951,Low,Rain,Kalyan,-0.9218150292777434,True
TW101791,2026-07-16 01:43:00,2026-07-16 01:47:00,-1.0878449935853653,4.0,Scooter,19,1.3059086357478251,Low,Clear,Mumbra,0.5469737644942294,True
TW104248,2026-07-19 17:18:00,2026-07-19 17:31:06,-0.11749926364964271,13.1,Motorcycle,24,1.044877793478186,Low,Rain,Mumbra,-0.7163900231557891,True
TW100829,2026-07-24 18:45:00,2026-07-24 18:56:18,-0.14116623267246522,11.3,Electric Scooter,38,0.5228161089389054,Medium,Rain,Ghodbunder Road,0.5315668890350828,True
TW102563,2026-07-25 04:22:00,2026-07-25 04:53:48,1.3182968570682558,31.8,Scooter,38,-0.5213072601396559,Medium,Rain,Mumbra,2.7450213299991395,False
TW104874,2026-07-30 02:06:00,2026-07-30 02:11:06,-1.3757931166963724,5.1,Scooter,44,-1.3043997869485757,Medium,Clear,Ghodbunder Road,-0.4955581415746883,True
TW100506,2026-07-30 21:12:00,2026-07-30 21:40:12,1.7088018459448275,28.2,Scooter,37,0.7838469512085445,Low,Rain,Mumbra,-0.24391250907529435,False
TW103698,2026-07-10 23:40:00,2026-07-10 23:46:48,-0.8551197981942774,6.8,Motorcycle,30,-0.5213072601396559,Low,Rain,Dombivli,-0.9218150292777434,True
TW102913,2026-07-29 06:43:00,2026-07-29 06:52:06,-0.46855930415484326,9.1,Scooter,30,-1.565430629218215,Low,Clear,Airoli,-0.860187527441157,True
TW102528,2026-07-09 12:45:00,2026-07-09 12:49:00,-1.0878449935853653,4.0,Scooter,21,-0.26027641787001443,High,Clear,Navi Mumbai,-0.8191025262167662,True
TW101576,2026-07-16 14:47:00,2026-07-16 15:19:48,1.8350256807332137,32.8,Scooter,44,1.044877793478186,Low,Clear,Dombivli,0.11558125163812563,False
TW100582,2026-07-08 13:54:00,2026-07-08 14:09:18,-0.1845556758809731,15.3,Scooter,36,1.3059086357478251,High,Clear,Kalyan,-0.469880015809444,True
TW104395,2026-07-30 14:34:00,2026-07-30 14:46:30,-0.1529997171838764,12.5,Scooter,19,1.8279703202871058,Medium,Rain,Ghodbunder Road,0.32614188291312857,True
TW102798,2026-07-02 02:41:00,2026-07-02 02:49:24,0.1704488594613646,8.4,Scooter,22,0.2617852666692662,Low,Clear,Bhandup,-0.9218150292777434,True
TW101226,2026-07-06 09:53:00,2026-07-06 09:58:12,-0.413336376434924,5.2,Motorcycle,20,0.0007544243996247222,High,Clear,Airoli,-0.793424400451522,True
TW100697,2026-07-24 02:06:00,2026-07-24 02:10:36,-0.6066166234546412,4.6,Electric Scooter,36,1.3059086357478251,High,Clear,Vashi,1.0348581540338706,True
TW104221,2026-07-27 16:52:00,2026-07-27 17:02:48,-0.2871125416465374,10.8,Scooter,20,-1.0433689446789354,Medium,Clear,Airoli,-0.2541837593813921,True
TW103736,2026-07-29 10:08:00,2026-07-29 10:25:18,-0.4764482938291174,17.3,Motorcycle,24,1.8279703202871058,Medium,Clear,Dombivli,-0.4287950145850532,True
TW101485,2026-07-17 05:30:00,2026-07-17 05:37:54,-1.2337913025594376,7.9,Motorcycle,39,0.2617852666692662,High,Clear,Vashi,-0.8345094016759128,True
TW100454,2026-07-13 08:14:00,2026-07-13 08:22:24,-0.8669532827056886,8.4,Motorcycle,31,-2.348523156027136,Medium,Clear,Ghodbunder Road,-0.6290843955539586,True
TW104002,2026-07-15 19:59:00,2026-07-15 20:03:00,-1.395515590882058,4.0,Scooter,20,0.5228161089389054,Low,Clear,Mumbra,-0.8550519022881081,True
TW103214,2026-07-21 20:01:00,2026-07-21 20:20:36,1.235462465488377,19.6,Scooter,33,-0.5213072601396559,Medium,Rain,Kalyan,-0.9166794041246945,True
TW102129,2026-07-12 08:24:00,2026-07-12 08:31:06,-1.072067014236817,7.1,Scooter,43,-0.26027641787001443,Medium,Clear,Navi Mumbai,0.26451438107654224,True
TW100861,2026-07-14 02:20:00,2026-07-14 02:27:30,-0.7643964169401245,7.5,Scooter,36,0.2617852666692662,Medium,Clear,Airoli,0.27992125653568894,True
TW100501,2026-07-08 15:12:00,2026-07-08 15:21:42,-0.9497876742855675,9.7,Motorcycle,29,-0.26027641787001443,High,Clear,Thane West,-0.6598981464722518,True
TW103169,2026-07-27 12:39:00,2026-07-27 12:51:24,0.29667269424975107,12.4,Motorcycle,38,0.0007544243996247222,Low,Clear,Mulund,-0.1360643808612684,True
TW102099,2026-07-22 08:18:00,2026-07-22 08:28:06,-0.5356157163861737,10.1,Scooter,37,-1.0433689446789354,Low,Rain,Thane West,1.0040444031155777,True
TW104784,2026-07-15 15:41:00,2026-07-15 15:50:18,-0.1529997171838764,9.3,Scooter,20,0.2617852666692662,Low,Clear,Bhandup,-0.5469143931051769,True
TW104575,2026-07-09 20:02:00,2026-07-09 20:15:00,-0.7210069737316165,13.0,Motorcycle,34,-2.348523156027136,High,Rain,Vashi,-0.8499162771350594,True
TW104144,2026-07-17 17:02:00,2026-07-17 17:20:06,0.0008355814644697468,18.1,Motorcycle,33,-0.7823381024092951,Medium,Clear,Mulund,1.66654004785888,True
TW103943,2026-07-14 22:49:00,2026-07-14 23:13:36,0.9554033320516441,24.6,Scooter,37,-0.7823381024092951,Low,Rain,Mumbra,-0.31067563606492954,True
TW101800,2026-07-19 21:34:00,2026-07-19 21:47:54,0.15861537494995326,13.9,Scooter,37,-0.5213072601396559,Medium,Clear,Thane West,-0.29526876060578294,True
TW101190,2026-07-06 08:40:00,2026-07-06 08:59:30,0.3795070858296298,19.5,Motorcycle,41,0.7838469512085445,Medium,Rain,Dombivli,-0.7215256483088379,True
TW101366,2026-07-13 15:43:00,2026-07-13 15:51:18,-0.31472400550649693,8.3,Electric Scooter,34,1.8279703202871058,Medium,Clear,Dombivli,-0.028216252647242458,True
TW103838,2026-07-11 16:05:00,2026-07-11 16:43:48,2.550951493673595,38.8,Scooter,42,-0.5213072601396559,High,Rain,Mulund,-0.7420681489210333,False
TW104488,2026-07-26 23:24:00,2026-07-26 23:32:42,-0.6973400047087941,8.7,Scooter,31,-0.7823381024092951,Medium,Clear,Navi Mumbai,0.9835019025033822,True
TW102306,2026-07-10 00:47:00,2026-07-10 00:51:00,-1.1785683748395184,4.0,Electric Scooter,35,-0.5213072601396559,High,Clear,Navi Mumbai,0.1309881270972721,True
TW101294,2026-07-06 22:08:00,2026-07-06 22:12:00,-0.9340096949370192,4.0,Scooter,37,1.044877793478186,Low,Rain,Ghodbunder Road,0.63427939209606,True
TW104100,2026-07-05 07:04:00,2026-07-05 07:20:48,0.08366997304434849,16.8,Motorcycle,42,-1.0433689446789354,Medium,Clear,Vashi,2.6371732017851137,True
TW103041,2026-07-29 01:36:00,2026-07-29 01:45:42,-0.7643964169401245,9.7,Motorcycle,36,0.5228161089389054,High,Clear,Ghodbunder Road,-0.7574750243801799,True
TW103204,2026-07-05 22:04:00,2026-07-05 22:18:24,-0.1845556758809731,14.4,Scooter,32,-0.26027641787001443,High,Clear,Mumbra,0.27992125653568894,True
TW103437,2026-07-20 13:22:00,2026-07-20 13:50:24,1.286740898371159,28.4,Motorcycle,35,1.3059086357478251,Medium,Rain,Mulund,3.6899763581601293,False
TW100216,2026-07-27 07:54:00,2026-07-27 08:15:18,1.9730830000330122,21.3,Motorcycle,42,1.5669394780174666,Low,Clear,Bhandup,-0.9218150292777434,True
TW103507,2026-07-28 19:17:00,2026-07-28 19:21:00,-1.2180133232108892,4.0,Scooter,19,1.044877793478186,Medium,Clear,Airoli,-0.31067563606492954,True
TW103085,2026-07-11 19:40:00,2026-07-11 19:44:00,-1.395515590882058,4.0,Electric Scooter,24,-1.0433689446789354,Low,Overcast,Airoli,-0.2747262599935875,True
TW104904,2026-07-26 02:32:00,2026-07-26 02:45:30,0.26117224071551737,13.5,Scooter,28,0.2617852666692662,High,Clear,Dombivli,-0.4031168888198089,True
TW100493,2026-07-01 04:02:00,2026-07-01 04:08:48,-0.44094784029488354,6.8,Motorcycle,21,1.5669394780174666,Low,Overcast,Bhandup,-0.9115437789716456,True
TW100472,2026-07-26 20:37:00,2026-07-26 20:48:54,-0.29105703648367437,11.9,Scooter,33,0.5228161089389054,Low,Overcast,Airoli,-0.6907118973905447,True
TW101651,2026-07-16 19:58:00,2026-07-16 20:38:18,2.550951493673595,40.3,Scooter,43,1.8279703202871058,Medium,Overcast,Navi Mumbai,-0.6701693967783494,False
TW102357,2026-07-30 04:36:00,2026-07-30 04:52:12,-0.14116623267246522,16.2,Motorcycle,23,-1.0433689446789354,High,Clear,Airoli,0.7369918951570371,True
TW101754,2026-07-13 06:23:00,2026-07-13 06:30:12,-1.0128995916797607,7.2,Electric Scooter,28,0.5228161089389054,Low,Clear,Airoli,-0.8807300280533524,True
TW104153,2026-07-10 14:49:00,2026-07-10 14:53:00,-0.5947831389432299,4.0,Motorcycle,37,0.7838469512085445,High,Rain,Airoli,1.3173175374515578,True
TW103247,2026-07-06 00:15:00,2026-07-06 00:30:24,0.08366997304434849,15.4,Electric Scooter,44,-1.0433689446789354,Medium,Clear,Mulund,0.1566662528625163,True
TW104391,2026-07-26 23:13:00,2026-07-26 23:19:54,-0.8275083343343178,6.9,Motorcycle,42,0.0007544243996247222,Medium,Clear,Vashi,1.0502650294930174,True
TW101860,2026-07-01 05:21:00,2026-07-01 05:35:48,0.2848392097383397,14.8,Scooter,33,-1.3043997869485757,High,Clear,Mumbra,0.04368249949544158,True
TW102321,2026-07-07 19:20:00,2026-07-07 19:50:48,2.107195824495673,30.8,Motorcycle,38,0.0007544243996247222,Low,Clear,Navi Mumbai,-0.9218150292777434,False
TW104307,2026-07-30 16:57:00,2026-07-30 17:05:24,-0.788063385962947,8.4,Scooter,23,-0.26027641787001443,Low,Clear,Thane West,0.9372812761259424,True
TW102355,2026-07-24 23:27:00,2026-07-24 23:46:42,1.1092386306999906,19.7,Scooter,40,1.3059086357478251,Low,Clear,Kalyan,-0.7677462746862777,True
TW100886,2026-07-03 22:11:00,2026-07-03 22:15:00,-0.68945101503452,4.0,Scooter,22,-1.565430629218215,Low,Clear,Navi Mumbai,-0.24391250907529435,True
TW100396,2026-07-09 07:19:00,2026-07-09 07:25:12,-0.6697285408488345,6.2,Scooter,33,0.0007544243996247222,Low,Clear,Ghodbunder Road,-0.6342200207070074,True
TW102801,2026-07-17 13:51:00,2026-07-17 14:16:06,1.3971867538109974,25.1,Motorcycle,38,0.7838469512085445,Medium,Rain,Airoli,-0.8910012783594502,False
TW102216,2026-07-07 14:21:00,2026-07-07 14:29:12,-0.6263390976403266,8.2,Motorcycle,21,0.5228161089389054,High,Rain,Airoli,0.8653825239832585,True
TW103021,2026-07-01 10:20:00,2026-07-01 10:24:00,-0.9458431794484304,4.0,Scooter,28,0.0007544243996247222,High,Clear,Mulund,-0.9218150292777434,True
TW104558,2026-07-13 10:21:00,2026-07-13 10:27:00,-0.5711161699204074,6.0,Scooter,23,0.7838469512085445,Medium,Overcast,Airoli,-0.3055400109118807,True
TW100379,2026-07-13 06:08:00,2026-07-13 06:13:18,-0.9931771174940752,5.3,Scooter,33,-0.26027641787001443,High,Clear,Ghodbunder Road,-0.32094688637102714,True
TW102141,2026-07-23 21:20:00,2026-07-23 21:39:18,0.5925098070350323,19.3,Scooter,37,0.0007544243996247222,Medium,Clear,Vashi,-0.649626896166154,True
TW103536,2026-07-20 23:11:00,2026-07-20 23:26:12,0.4347300135495492,15.2,Scooter,40,0.0007544243996247222,Low,Rain,Mumbra,0.9321456509728936,True
TW103291,2026-07-03 01:31:00,2026-07-03 02:00:06,1.661467907899182,29.1,Electric Scooter,21,1.8279703202871058,Medium,Clear,Mumbra,-0.39798126366676007,False
TW104929,2026-07-06 03:29:00,2026-07-06 03:35:24,-0.5750606647575445,6.4,Motorcycle,32,0.2617852666692662,Low,Overcast,Vashi,-0.5571856434112746,True
TW100149,2026-07-19 09:34:00,2026-07-19 09:42:18,-0.8196193446600436,8.3,Scooter,29,1.3059086357478251,High,Clear,Mumbra,-0.8807300280533524,True
TW102240,2026-07-29 01:58:00,2026-07-29 02:02:00,-0.9655656536341157,4.0,Scooter,34,-0.5213072601396559,High,Clear,Navi Mumbai,1.5073356681143655,True
TW100721,2026-07-29 02:00:00,2026-07-29 02:15:48,1.0066817649344262,15.8,Motorcycle,29,1.3059086357478251,Medium,Overcast,Mumbra,-0.649626896166154,True
TW102410,2026-07-13 20:56:00,2026-07-13 21:21:42,1.669356897573456,25.7,Motorcycle,42,-0.26027641787001443,Medium,Clear,Navi Mumbai,-0.5931350194826165,False
TW100430,2026-07-15 19:33:00,2026-07-15 19:39:48,-1.1982908490252038,6.8,Motorcycle,23,-0.7823381024092951,Medium,Overcast,Kalyan,0.351820008678373,True
TW102489,2026-07-06 06:15:00,2026-07-06 06:21:42,-0.7565074272658504,6.7,Motorcycle,23,1.044877793478186,Low,Clear,Airoli,0.16180187801556525,True
TW104441,2026-07-05 09:39:00,2026-07-05 09:47:54,-0.014942397884078603,8.9,Motorcycle,23,0.5228161089389054,Low,Overcast,Mumbra,0.3826337595966661,True
TW101105,2026-07-06 20:15:00,2026-07-06 20:32:30,0.32033966327257374,17.5,Scooter,19,-2.0874923137574957,Medium,Clear,Ghodbunder Road,0.007733123424099449,True
TW101361,2026-07-15 20:18:00,2026-07-15 20:38:18,0.6556217244292257,20.3,Motorcycle,24,1.044877793478186,High,Rain,Vashi,-0.4339306397381021,True
TW101580,2026-07-16 03:02:00,2026-07-16 03:08:54,-0.6381725821517378,6.9,Scooter,28,0.7838469512085445,Medium,Overcast,Dombivli,-0.32094688637102714,True
TW103650,2026-07-09 23:17:00,2026-07-09 23:27:30,-0.7170624788944795,10.5,Motorcycle,28,-0.5213072601396559,Medium,Rain,Bhandup,-0.4031168888198089,True
TW101051,2026-07-28 01:18:00,2026-07-28 01:41:18,1.6338564440392225,23.3,Scooter,31,-0.5213072601396559,High,Clear,Airoli,1.9695419318887626,True
TW103463,2026-07-13 10:01:00,2026-07-13 10:06:36,-0.8787867672171,5.6,Motorcycle,32,-0.7823381024092951,Medium,Clear,Dombivli,3.2329057195387807,True
TW102941,2026-07-17 08:49:00,2026-07-17 08:59:42,-0.6578950563374233,10.7,Scooter,32,-1.8264614714878553,High,Clear,Bhandup,1.553556294491805,True
TW101555,2026-07-09 09:01:00,2026-07-09 09:08:18,-0.6973400047087941,7.3,Motorcycle,23,0.0007544243996247222,Medium,Clear,Mumbra,1.0143156534216753,True
TW104723,2026-07-18 18:10:00,2026-07-18 18:31:00,0.809457023077572,21.0,Electric Scooter,34,-0.5213072601396559,Medium,Clear,Mumbra,-0.10525062994297525,True
TW104398,2026-07-08 11:59:00,2026-07-08 12:13:12,0.1704488594613646,14.2,Motorcycle,42,1.8279703202871058,Medium,Overcast,Mulund,-0.39798126366676007,True
TW100359,2026-07-18 04:25:00,2026-07-18 04:29:00,-1.4152380650677434,4.0,Scooter,44,0.2617852666692662,Low,Clear,Ghodbunder Road,0.7575343957692326,True
TW101731,2026-07-19 09:43:00,2026-07-19 10:06:54,0.805512528240435,23.9,Motorcycle,19,-1.565430629218215,High,Rain,Vashi,-0.7523393992271311,True
TW101671,2026-07-09 16:27:00,2026-07-09 16:32:54,-0.5158932422004882,5.9,Scooter,27,0.2617852666692662,High,Clear,Kalyan,0.3107350074539821,True
TW101972,2026-07-02 04:52:00,2026-07-02 05:02:18,-0.14511072750960222,10.3,Scooter,20,-1.0433689446789354,Low,Rain,Ghodbunder Road,0.6650931430143531,True
TW100877,2026-07-12 16:38:00,2026-07-12 16:53:18,0.9909037855858778,15.3,Motorcycle,30,1.3059086357478251,Low,Rain,Airoli,-0.07957250417773094,True
TW101410,2026-07-04 19:51:00,2026-07-04 19:55:00,-1.450738518601977,4.0,Electric Scooter,43,-1.0433689446789354,Low,Clear,Airoli,0.15153062770946754,True
TW100352,2026-07-03 03:19:00,2026-07-03 03:27:06,-0.49617076801480275,8.1,Scooter,34,0.0007544243996247222,Low,Clear,Bhandup,-0.7317968986149357,True
TW102567,2026-07-30 21:39:00,2026-07-30 21:47:48,-0.6973400047087941,8.8,Motorcycle,42,1.8279703202871058,Medium,Overcast,Airoli,-0.1771493820856593,True
TW101948,2026-07-03 18:16:00,2026-07-03 18:38:54,0.2769502200640657,22.9,Motorcycle,37,-0.5213072601396559,High,Rain,Navi Mumbai,0.24910750561739578,True
TW103351,2026-07-21 02:48:00,2026-07-21 03:00:00,0.09155896271862285,12.0,Motorcycle,21,-0.7823381024092951,Low,Clear,Thane West,-0.469880015809444,True
TW101357,2026-07-18 13:35:00,2026-07-18 13:56:54,0.6043432915464437,21.9,Motorcycle,37,0.5228161089389054,Medium,Clear,Thane West,0.26451438107654224,True
TW100407,2026-07-13 23:45:00,2026-07-13 23:49:00,-1.1588459006538328,4.0,Scooter,22,0.0007544243996247222,Low,Rain,Airoli,-0.9218150292777434,True
TW103546,2026-07-09 12:27:00,2026-07-09 12:31:00,-1.3600151373478242,4.0,Scooter,34,-0.5213072601396559,Medium,Clear,Thane West,0.6291437669430112,True
TW103956,2026-07-11 00:14:00,2026-07-11 00:23:42,-0.16483320169528776,9.7,Motorcycle,39,0.2617852666692662,High,Rain,Ghodbunder Road,-0.4339306397381021,True
TW104639,2026-07-20 08:17:00,2026-07-20 08:36:00,0.85284646628608,19.0,Electric Scooter,24,1.044877793478186,Low,Rain,Thane West,-0.9012725286655479,True
TW102600,2026-07-17 09:25:00,2026-07-17 09:29:00,-1.3126811993021792,4.0,Motorcycle,23,-0.5213072601396559,Medium,Clear,Airoli,-0.5469143931051769,True
TW104135,2026-07-19 17:29:00,2026-07-19 17:42:06,-0.10172128430109435,13.1,Scooter,32,0.5228161089389054,Medium,Rain,Dombivli,1.5740987951040004,True
TW101930,2026-07-03 06:23:00,2026-07-03 06:30:54,0.20200481815846094,7.9,Scooter,32,0.0007544243996247222,High,Overcast,Mulund,2.955581961274143,True
TW104733,2026-07-21 21:11:00,2026-07-21 21:15:00,-0.9852881278198012,4.0,Electric Scooter,38,0.5228161089389054,Medium,Clear,Mulund,-0.8550519022881081,True
TW103366,2026-07-05 03:05:00,2026-07-05 03:23:00,0.8370684869375316,18.0,Scooter,27,-1.3043997869485757,Medium,Clear,Vashi,-0.9218150292777434,True
TW101415,2026-07-28 16:12:00,2026-07-28 16:31:12,1.0224597442829744,19.2,Electric Scooter,21,-0.26027641787001443,Low,Clear,Kalyan,0.25937875592349346,True
TW103624,2026-07-15 18:01:00,2026-07-15 18:12:36,-0.275279057135126,11.6,Electric Scooter,28,-1.3043997869485757,Medium,Rain,Dombivli,-0.9218150292777434,True
TW103377,2026-07-02 05:49:00,2026-07-02 06:11:30,0.1112814369043082,22.5,Electric Scooter,40,-0.7823381024092951,Medium,Rain,Mulund,2.8477338330601167,True
TW103726,2026-07-22 22:06:00,2026-07-22 22:29:30,1.8981375981274071,23.5,Scooter,27,1.3059086357478251,High,Clear,Vashi,3.5256363532625654,True
TW101469,2026-07-30 15:35:00,2026-07-30 15:50:48,0.0205580556501551,15.8,Scooter,19,-1.565430629218215,Low,Overcast,Mulund,-0.8807300280533524,True
TW102991,2026-07-27 20:06:00,2026-07-27 20:17:06,-0.511948747363351,11.1,Scooter,38,-0.5213072601396559,Medium,Clear,Kalyan,-0.1001150047899264,True
TW101624,2026-07-15 08:15:00,2026-07-15 08:21:36,-0.417280871272061,6.6,Motorcycle,23,0.2617852666692662,Medium,Rain,Airoli,-0.7780175249923754,True
TW101827,2026-07-27 02:10:00,2026-07-27 02:23:30,0.3637291064810815,13.5,Scooter,39,0.5228161089389054,Low,Clear,Mulund,1.168384408013141,True
TW104577,2026-07-30 23:52:00,2026-07-31 00:07:00,-0.5080042525262141,15.0,Motorcycle,42,-1.3043997869485757,Low,Clear,Dombivli,1.2659612859210694,True
TW104675,2026-07-13 08:02:00,2026-07-13 08:09:24,2.550951493673595,7.4,Scooter,19,-0.7823381024092951,Medium,Rain,Mulund,-0.4339306397381021,True
TW103891,2026-07-11 12:43:00,2026-07-11 12:57:18,0.6871776831263224,14.3,Motorcycle,22,-0.7823381024092951,Low,Clear,Mumbra,-0.9218150292777434,True
TW101270,2026-07-14 10:42:00,2026-07-14 10:49:06,-0.9182317155884708,7.1,Motorcycle,36,1.8279703202871058,High,Clear,Navi Mumbai,2.914496960049752,True
TW104224,2026-07-15 16:25:00,2026-07-15 16:44:36,0.9475143423773701,19.6,Scooter,36,1.044877793478186,Medium,Clear,Bhandup,0.06936062526068577,True
TW103902,2026-07-08 23:07:00,2026-07-08 23:11:54,-1.4270715495791546,4.9,Motorcycle,22,-0.26027641787001443,Low,Clear,Vashi,1.4765219171960724,True
TW100277,2026-07-24 22:03:00,2026-07-24 22:33:12,1.8429146704074884,30.2,Scooter,23,0.7838469512085445,Low,Overcast,Ghodbunder Road,-0.5674568937173723,False
TW101584,2026-07-23 17:18:00,2026-07-23 17:22:00,-1.0365665607025834,4.0,Motorcycle,31,0.2617852666692662,Low,Clear,Mulund,-0.6342200207070074,True
TW102360,2026-07-13 16:53:00,2026-07-13 17:04:24,-0.6855065201973828,11.4,Electric Scooter,34,0.5228161089389054,Low,Clear,Ghodbunder Road,-0.7574750243801799,True
TW100136,2026-07-04 17:56:00,2026-07-04 18:02:48,-0.3896694074121015,6.8,Scooter,26,0.5228161089389054,Medium,Overcast,Ghodbunder Road,1.0759431552582617,True
TW102382,2026-07-11 07:07:00,2026-07-11 07:21:48,0.3163951684354364,14.8,Motorcycle,27,-0.26027641787001443,Medium,Clear,Thane West,-0.5777281440234701,True
TW103014,2026-07-04 03:28:00,2026-07-04 03:54:30,2.3714769785838574,26.5,Motorcycle,24,-1.3043997869485757,Medium,Clear,Vashi,0.02827562403629489,False
TW102259,2026-07-08 00:59:00,2026-07-08 01:17:54,1.6180784646906745,18.9,Scooter,21,0.7838469512085445,High,Clear,Navi Mumbai,-0.793424400451522,True
TW104310,2026-07-14 13:08:00,2026-07-14 13:16:54,-0.7841188911258099,8.9,Scooter,24,-0.5213072601396559,Medium,Clear,Navi Mumbai,-0.4185237642789555,True
TW100339,2026-07-15 20:04:00,2026-07-15 20:08:00,-0.8393418188457291,4.0,Electric Scooter,32,-1.0433689446789354,Medium,Clear,Ghodbunder Road,-0.6958475225435937,True
TW103050,2026-07-20 10:08:00,2026-07-20 10:33:00,1.5391885679479322,25.0,Motorcycle,19,1.044877793478186,High,Clear,Ghodbunder Road,-0.2747262599935875,True
TW104233,2026-07-27 06:10:00,2026-07-27 06:27:18,0.35978461164394443,17.3,Scooter,39,0.5228161089389054,Medium,Clear,Navi Mumbai,-0.4544731403502974,True
TW102048,2026-07-08 21:12:00,2026-07-08 21:17:00,-0.6618395511745603,5.0,Motorcycle,23,-1.3043997869485757,Medium,Clear,Ghodbunder Road,0.0539537498015393,True
TW103898,2026-07-03 08:09:00,2026-07-03 08:14:48,-0.9458431794484304,5.8,Motorcycle,23,-0.5213072601396559,Medium,Clear,Mumbra,-0.9218150292777434,True
TW104152,2026-07-29 05:45:00,2026-07-29 06:18:48,2.550951493673595,33.8,Scooter,32,-0.26027641787001443,Medium,Rain,Vashi,-0.8139669010637174,False
TW104740,2026-07-18 03:52:00,2026-07-18 04:07:12,0.7857900540547496,15.2,Motorcycle,28,-1.3043997869485757,Medium,Clear,Ghodbunder Road,-0.7574750243801799,True
TW104715,2026-07-05 17:40:00,2026-07-05 17:44:00,-0.6697285408488345,4.0,Motorcycle,25,0.5228161089389054,Medium,Clear,Mulund,0.6959068939326463,True
TW104017,2026-07-06 02:39:00,2026-07-06 02:52:00,-0.5987276337803671,13.0,Scooter,30,-1.3043997869485757,Low,Clear,Bhandup,0.12071687679117438,True
TW100791,2026-07-30 19:45:00,2026-07-30 19:49:00,-1.020788581354035,4.0,Scooter,32,-0.5213072601396559,High,Overcast,Navi Mumbai,-0.9012725286655479,True
TW101845,2026-07-14 15:19:00,2026-07-14 15:29:42,-0.6263390976403266,10.7,Electric Scooter,24,0.5228161089389054,High,Rain,Navi Mumbai,-0.7626106495332288,True
TW103111,2026-07-21 17:54:00,2026-07-21 18:08:36,0.23356077685555765,14.6,Scooter,31,0.0007544243996247222,Medium,Clear,Vashi,-0.35176063728932033,True
TW101907,2026-07-13 23:27:00,2026-07-13 23:49:24,1.180239537768458,22.4,Motorcycle,33,0.7838469512085445,Medium,Clear,Navi Mumbai,-0.9166794041246945,True
TW101790,2026-07-16 08:05:00,2026-07-16 08:09:06,-0.7012844995459311,4.1,Scooter,33,-1.565430629218215,Medium,Clear,Mumbra,0.0539537498015393,True
TW101344,2026-07-09 00:36:00,2026-07-09 00:44:24,-0.8985092414027853,8.4,Motorcycle,37,-2.0874923137574957,Medium,Rain,Navi Mumbai,-0.6342200207070074,True
TW101805,2026-07-26 09:45:00,2026-07-26 10:02:36,0.8765134353089024,17.6,Scooter,28,1.3059086357478251,Low,Overcast,Ghodbunder Road,-0.1617425066265127,True
TW101816,2026-07-07 05:54:00,2026-07-07 06:17:06,1.6220229595278115,23.1,Motorcycle,40,-0.7823381024092951,Low,Clear,Navi Mumbai,1.3173175374515578,True
TW102906,2026-07-17 00:21:00,2026-07-17 00:27:54,-0.413336376434924,6.9,Scooter,27,-0.26027641787001443,Medium,Rain,Mulund,-0.6650337716253005,True
TW100824,2026-07-08 03:50:00,2026-07-08 04:03:12,-0.29105703648367437,13.2,Motorcycle,27,0.2617852666692662,Low,Clear,Thane West,1.3584025386759486,True
TW100990,2026-07-11 11:50:00,2026-07-11 12:21:00,1.8310811858960767,31.0,Motorcycle,22,0.5228161089389054,Medium,Clear,Navi Mumbai,-0.012809377188095878,False
TW100817,2026-07-25 11:04:00,2026-07-25 11:10:24,-0.36205794355214194,6.4,Motorcycle,23,-1.3043997869485757,Medium,Rain,Bhandup,-0.7728818998393265,True
TW101574,2026-07-03 04:17:00,2026-07-03 04:22:36,-0.8235638394971807,5.6,Scooter,23,-0.7823381024092951,Low,Clear,Airoli,-0.7882887752984731,True
TW101017,2026-07-20 09:54:00,2026-07-20 09:58:00,-0.49222627317766576,4.0,Motorcycle,32,0.2617852666692662,Medium,Clear,Kalyan,-0.04362312810638904,True
TW104207,2026-07-13 22:25:00,2026-07-13 22:44:18,0.8291794972632576,19.3,Motorcycle,20,-0.5213072601396559,High,Overcast,Mumbra,2.20578068892901,True
TW102455,2026-07-19 13:35:00,2026-07-19 13:49:42,-0.36205794355214194,14.7,Motorcycle,33,1.3059086357478251,High,Overcast,Mumbra,0.0539537498015393,True
TW100977,2026-07-22 20:40:00,2026-07-22 21:03:42,0.3045616839240254,23.7,Scooter,38,-1.0433689446789354,Low,Overcast,Thane West,-0.08470812933077981,True
TW100340,2026-07-01 00:33:00,2026-07-01 00:41:12,-0.3778359229006903,8.2,Motorcycle,35,-0.26027641787001443,Low,Clear,Bhandup,0.49561751296374085,True
TW100331,2026-07-24 13:01:00,2026-07-24 13:10:42,-0.2476675932751665,9.7,Scooter,20,0.2617852666692662,Low,Clear,Bhandup,-0.14633563116736614,True
TW103548,2026-07-30 01:46:00,2026-07-30 01:55:54,-0.7565074272658504,9.9,Scooter,41,1.5669394780174666,High,Clear,Mumbra,-0.3158112612179784,True
TW102856,2026-07-22 10:05:00,2026-07-22 10:11:12,-0.9773991381455269,6.2,Motorcycle,26,0.7838469512085445,Medium,Rain,Mulund,0.04881812464849033,True
TW102215,2026-07-05 03:20:00,2026-07-05 03:40:12,1.5983559905049887,20.2,Scooter,37,-0.5213072601396559,Medium,Clear,Ghodbunder Road,-0.31067563606492954,True
TW100296,2026-07-11 01:08:00,2026-07-11 01:12:00,-1.1825128696766554,4.0,Electric Scooter,39,0.5228161089389054,Medium,Clear,Mumbra,-0.8139669010637174,True
TW101213,2026-07-18 02:27:00,2026-07-18 02:39:06,0.4426190032238232,12.1,Motorcycle,33,-0.26027641787001443,Low,Rain,Vashi,-0.9218150292777434,True
TW104825,2026-07-11 10:59:00,2026-07-11 11:23:12,1.9612495155216003,24.2,Motorcycle,39,0.2617852666692662,High,Clear,Ghodbunder Road,-0.03848750295334018,True
TW100319,2026-07-19 12:05:00,2026-07-19 12:15:24,-0.6381725821517378,10.4,Electric Scooter,19,0.7838469512085445,Low,Rain,Bhandup,-0.8036956507576197,True
TW104886,2026-07-05 13:07:00,2026-07-05 13:16:36,-0.22794511908948098,9.6,Motorcycle,36,-2.0874923137574957,High,Overcast,Dombivli,-0.5982706446356655,True
TW100830,2026-07-20 23:03:00,2026-07-20 23:20:06,0.20989380783273529,17.1,Scooter,23,1.3059086357478251,Medium,Clear,Kalyan,1.1735200331661901,True
TW100662,2026-07-07 18:57:00,2026-07-07 19:01:48,-0.7762299014515357,4.8,Scooter,24,-1.0433689446789354,Medium,Overcast,Thane West,1.2865037865332647,True
TW104721,2026-07-24 10:58:00,2026-07-24 11:04:06,-0.46855930415484326,6.1,Scooter,21,-0.26027641787001443,Low,Clear,Mumbra,1.1170281564826525,True
TW102614,2026-07-14 07:23:00,2026-07-14 07:28:48,-1.4152380650677434,5.8,Electric Scooter,42,-1.3043997869485757,Medium,Clear,Airoli,-0.505829391880786,True
TW104416,2026-07-25 22:13:00,2026-07-25 22:27:24,0.8212905075889833,14.4,Motorcycle,20,-1.0433689446789354,Medium,Clear,Navi Mumbai,-0.4442018900441998,True
TW102999,2026-07-05 07:43:00,2026-07-05 08:13:48,2.537145761743615,30.8,Scooter,21,0.0007544243996247222,Low,Clear,Thane West,-0.11552188024907296,False
TW100535,2026-07-12 01:07:00,2026-07-12 01:12:42,-0.37389142806355313,5.7,Motorcycle,28,-0.5213072601396559,Medium,Clear,Mulund,0.007733123424099449,True
TW102993,2026-07-02 02:32:00,2026-07-02 02:55:00,2.5174232875579294,23.0,Scooter,30,-0.7823381024092951,High,Overcast,Navi Mumbai,0.63427939209606,True
TW101587,2026-07-20 14:31:00,2026-07-20 14:46:18,0.5017864257808796,15.3,Scooter,24,-0.26027641787001443,High,Clear,Thane West,0.03854687434239261,True
TW100858,2026-07-06 12:31:00,2026-07-06 12:36:36,-0.7565074272658504,5.6,Motorcycle,40,-0.5213072601396559,Low,Rain,Dombivli,-0.7369325237679845,True
TW101263,2026-07-24 11:04:00,2026-07-24 11:15:30,-0.018886892721215603,11.5,Motorcycle,33,-1.0433689446789354,Low,Clear,Bhandup,-0.6650337716253005,True
TW104942,2026-07-27 12:46:00,2026-07-27 12:57:54,-1.0484000452139948,11.9,Electric Scooter,35,0.0007544243996247222,Medium,Clear,Mulund,2.4625619465814528,True
TW102857,2026-07-22 00:16:00,2026-07-22 00:23:24,-0.68945101503452,7.4,Electric Scooter,34,-1.0433689446789354,Low,Overcast,Vashi,1.024586903727773,True
TW101654,2026-07-10 16:31:00,2026-07-10 16:42:06,-0.3462799642035936,11.1,Electric Scooter,29,0.0007544243996247222,Medium,Clear,Kalyan,-0.048758753259437904,True
TW104806,2026-07-30 21:37:00,2026-07-30 22:01:18,1.5431330627850701,24.3,Motorcycle,41,0.0007544243996247222,High,Clear,Navi Mumbai,-0.31067563606492954,True
TW103675,2026-07-22 12:52:00,2026-07-22 13:04:54,-0.271334562297989,12.9,Scooter,20,-3.1316156828360557,Low,Clear,Airoli,-0.7215256483088379,True
TW104905,2026-07-19 21:00:00,2026-07-19 21:15:36,0.004780076301606747,15.6,Motorcycle,36,0.7838469512085445,Medium,Rain,Dombivli,0.45453251173934994,True
TW102568,2026-07-12 15:17:00,2026-07-12 15:24:36,-0.6973400047087941,7.6,Scooter,40,1.5669394780174666,Medium,Clear,Mulund,2.0054913079601047,True
TW100560,2026-07-10 08:34:00,2026-07-10 08:53:42,0.1073369420671712,19.7,Motorcycle,37,-0.26027641787001443,Low,Clear,Vashi,0.593194390871669,True
TW103696,2026-07-20 02:16:00,2026-07-20 02:32:54,1.0737381771657566,16.9,Motorcycle,33,1.044877793478186,Low,Clear,Kalyan,-0.9064081538185967,True
TW103196,2026-07-24 20:09:00,2026-07-24 20:23:48,0.5885653121978953,14.8,Electric Scooter,41,0.2617852666692662,High,Clear,Mumbra,-0.2644550096874898,True
TW100960,2026-07-15 11:16:00,2026-07-15 11:33:36,0.9475143423773701,17.6,Scooter,26,-0.5213072601396559,Low,Clear,Ghodbunder Road,1.9181856803582742,True
TW101160,2026-07-16 13:13:00,2026-07-16 13:33:36,0.45839698257237155,20.6,Scooter,28,-1.0433689446789354,High,Clear,Mulund,0.5110243884228876,True
TW103582,2026-07-02 21:18:00,2026-07-02 21:41:36,0.6319547554064034,23.6,Scooter,22,0.0007544243996247222,Low,Clear,Ghodbunder Road,-0.5212362673399326,True
TW101775,2026-07-18 12:17:00,2026-07-18 12:25:42,-0.24372309843802933,8.7,Scooter,30,-0.7823381024092951,High,Rain,Thane West,-0.4031168888198089,True
TW104410,2026-07-20 08:05:00,2026-07-20 08:13:36,-0.413336376434924,8.6,Electric Scooter,40,1.044877793478186,Low,Clear,Thane West,-0.9218150292777434,True
TW101441,2026-07-14 08:52:00,2026-07-14 09:00:48,-0.9695101484712529,8.8,Scooter,31,0.5228161089389054,Medium,Clear,Thane West,-0.6034062697887143,True
TW103610,2026-07-20 17:09:00,2026-07-20 17:40:30,2.186085721238414,31.5,Scooter,33,0.0007544243996247222,Medium,Overcast,Thane West,0.7832125215344767,False
TW102015,2026-07-08 20:14:00,2026-07-08 20:25:12,-0.6500060666631491,11.2,Scooter,38,1.8279703202871058,Medium,Clear,Dombivli,-0.028216252647242458,True
TW101331,2026-07-18 09:31:00,2026-07-18 09:49:42,1.227573475814103,18.7,Scooter,30,-1.0433689446789354,Medium,Clear,Bhandup,-0.2387768839222455,True
TW104201,2026-07-07 04:07:00,2026-07-07 04:14:30,-1.0641780245625427,7.5,Electric Scooter,44,0.0007544243996247222,Medium,Overcast,Ghodbunder Road,2.1698313128576676,True
TW100016,2026-07-09 10:26:00,2026-07-09 10:30:24,-1.1036229729339138,4.4,Electric Scooter,22,1.3059086357478251,High,Rain,Kalyan,-0.34662501213627145,True
TW104447,2026-07-21 03:34:00,2026-07-21 04:00:30,1.5825780111564407,26.5,Electric Scooter,19,-0.5213072601396559,Low,Clear,Vashi,0.2953281319948354,False
TW101131,2026-07-13 21:43:00,2026-07-13 21:52:24,-0.9418986846112932,9.4,Scooter,38,0.5228161089389054,High,Clear,Airoli,0.6496862675552064,True
TW104924,2026-07-12 15:39:00,2026-07-12 16:01:42,0.9356808578659587,22.7,Motorcycle,26,1.044877793478186,Low,Clear,Airoli,-0.4750156409624928,True
TW100657,2026-07-18 05:04:00,2026-07-18 05:15:42,-0.078054315278272,11.7,Electric Scooter,24,-1.3043997869485757,Low,Overcast,Dombivli,-0.6393556458600562,True
TW101655,2026-07-17 14:08:00,2026-07-17 14:28:36,0.9987927752601521,20.6,Scooter,36,-0.7823381024092951,Low,Clear,Ghodbunder Road,-0.5828637691765188,True
TW102899,2026-07-12 17:34:00,2026-07-12 17:49:24,0.5175644051294279,15.4,Scooter,26,0.7838469512085445,High,Rain,Thane West,-0.860187527441157,True
TW104328,2026-07-28 14:20:00,2026-07-28 14:38:12,0.20989380783273529,18.2,Scooter,34,0.0007544243996247222,Low,Rain,Bhandup,0.21829375469910262,True
TW100392,2026-07-07 04:04:00,2026-07-07 04:32:30,2.5016453082093815,28.5,Motorcycle,39,-1.0433689446789354,Medium,Rain,Mulund,2.2263231895412052,False
TW101695,2026-07-23 11:59:00,2026-07-23 12:15:24,0.9514588372145071,16.4,Scooter,43,-2.0874923137574957,Low,Rain,Airoli,-0.18228500723870816,True
TW101295,2026-07-04 21:03:00,2026-07-04 21:16:54,-0.4803927886662544,13.9,Scooter,43,-2.348523156027136,Medium,Clear,Airoli,-0.9218150292777434,True
TW102747,2026-07-16 07:51:00,2026-07-16 07:58:36,-0.4251698609463352,7.6,Motorcycle,36,-2.348523156027136,High,Clear,Vashi,1.024586903727773,True
TW101880,2026-07-12 22:47:00,2026-07-12 22:55:24,-0.417280871272061,8.4,Motorcycle,28,1.044877793478186,High,Overcast,Ghodbunder Road,1.5740987951040004,True
TW101427,2026-07-27 13:37:00,2026-07-27 13:49:06,-0.6697285408488345,12.1,Motorcycle,41,-0.26027641787001443,High,Clear,Vashi,0.6959068939326463,True
TW101589,2026-07-16 13:03:00,2026-07-16 13:26:12,2.2649756179811558,23.2,Motorcycle,24,-0.26027641787001443,Medium,Rain,Mumbra,-0.3928456385137112,True
TW102522,2026-07-02 13:18:00,2026-07-02 13:43:54,0.9317363630288217,25.9,Motorcycle,37,0.5228161089389054,Medium,Clear,Vashi,-0.05389437841248676,False
TW104808,2026-07-17 19:04:00,2026-07-17 19:32:30,2.550951493673595,28.5,Scooter,28,0.5228161089389054,Low,Rain,Navi Mumbai,-0.39798126366676007,False
TW101015,2026-07-30 09:41:00,2026-07-30 09:48:48,-1.1588459006538328,7.8,Scooter,22,0.2617852666692662,Medium,Clear,Mulund,-0.4185237642789555,True
TW102769,2026-07-09 11:38:00,2026-07-09 11:57:30,0.6753441986149111,19.5,Motorcycle,36,0.0007544243996247222,Low,Overcast,Thane West,-0.9218150292777434,True
TW104936,2026-07-18 22:02:00,2026-07-18 22:19:00,0.7029556624748708,17.0,Motorcycle,29,-1.0433689446789354,Low,Clear,Thane West,0.3929050099027636,True
TW100180,2026-07-11 21:14:00,2026-07-11 21:19:48,-0.740729447917302,5.8,Scooter,33,0.0007544243996247222,Medium,Clear,Vashi,-0.6290843955539586,True
TW102268,2026-07-06 01:17:00,2026-07-06 01:23:06,-1.0050106020054865,6.1,Motorcycle,29,1.5669394780174666,Medium,Clear,Mumbra,0.24397188046434704,True
TW102761,2026-07-04 11:45:00,2026-07-04 11:52:30,-0.7604519221029874,7.5,Motorcycle,37,-0.26027641787001443,Low,Clear,Bhandup,-0.9218150292777434,True
TW101631,2026-07-01 19:02:00,2026-07-01 19:10:18,-0.5711161699204074,8.3,Scooter,30,0.5228161089389054,Medium,Rain,Thane West,0.9116031503606982,True
TW103242,2026-07-02 23:43:00,2026-07-02 23:47:24,-0.4448923351320207,4.4,Scooter,43,0.5228161089389054,Medium,Clear,Mumbra,-0.2644550096874898,True
TW104345,2026-07-26 19:37:00,2026-07-26 20:05:06,0.9948482804230151,28.1,Scooter,26,0.0007544243996247222,Medium,Clear,Airoli,0.8294331479119164,False
TW101292,2026-07-23 04:39:00,2026-07-23 04:44:54,-0.9852881278198012,5.9,Motorcycle,24,0.0007544243996247222,Low,Clear,Mumbra,0.16180187801556525,True
TW103125,2026-07-24 09:43:00,2026-07-24 09:47:00,-1.1864573645137924,4.0,Motorcycle,32,-0.26027641787001443,High,Overcast,Bhandup,0.5418381393411804,True
TW102924,2026-07-17 23:35:00,2026-07-17 23:44:48,-0.5395602112233107,9.8,Motorcycle,30,-0.7823381024092951,High,Clear,Navi Mumbai,0.9989087779625286,True
TW104070,2026-07-20 17:02:00,2026-07-20 17:06:00,-1.2259023128851634,4.0,Scooter,21,-0.7823381024092951,Medium,Rain,Mulund,-0.6753050219313983,True
TW104392,2026-07-15 16:19:00,2026-07-15 16:25:36,-0.40544738676064984,6.6,Scooter,36,0.2617852666692662,High,Clear,Mulund,-0.9218150292777434,True
TW102606,2026-07-11 02:38:00,2026-07-11 02:52:24,0.4386745083866862,14.4,Motorcycle,34,0.5228161089389054,Low,Rain,Mumbra,-0.06416562871858436,True
TW100554,2026-07-19 15:51:00,2026-07-19 15:56:24,-0.8511753033571403,5.4,Motorcycle,39,0.7838469512085445,Low,Clear,Dombivli,-0.7215256483088379,True
TW100400,2026-07-20 04:11:00,2026-07-20 04:17:00,0.1428373956014049,6.0,Scooter,21,-0.26027641787001443,Medium,Clear,Mumbra,0.19261562893385842,True
TW102789,2026-07-17 18:48:00,2026-07-17 18:58:06,-0.275279057135126,10.1,Scooter,23,1.044877793478186,Medium,Clear,Bhandup,-0.9218150292777434,True
TW104997,2026-07-29 01:42:00,2026-07-29 01:56:54,0.1507263852756789,14.9,Motorcycle,43,0.0007544243996247222,High,Clear,Vashi,1.497064417808268,True
TW101853,2026-07-10 12:48:00,2026-07-10 13:00:18,0.13494840592713056,12.3,Motorcycle,20,0.7838469512085445,Medium,Overcast,Thane West,1.5843700454100984,True
TW104952,2026-07-15 01:44:00,2026-07-15 01:55:36,-0.4488368299691577,11.6,Motorcycle,23,1.8279703202871058,Medium,Clear,Bhandup,0.8756537742893563,True
TW104079,2026-07-12 07:37:00,2026-07-12 07:41:36,-0.7091734892202053,4.6,Motorcycle,44,1.8279703202871058,Low,Rain,Mulund,-0.4185237642789555,True
TW104018,2026-07-21 15:06:00,2026-07-21 15:19:36,0.1073369420671712,13.6,Scooter,30,0.2617852666692662,Medium,Clear,Mumbra,0.3774981344436172,True
TW100992,2026-07-21 03:12:00,2026-07-21 03:40:54,2.541090256580752,28.9,Motorcycle,23,0.0007544243996247222,High,Clear,Vashi,1.0348581540338706,False
TW102617,2026-07-05 10:48:00,2026-07-05 10:52:00,-0.7683409117772615,4.0,Electric Scooter,27,1.044877793478186,Medium,Overcast,Mulund,0.6086012663308158,True
TW103084,2026-07-19 01:07:00,2026-07-19 01:14:36,-1.0365665607025834,7.6,Scooter,43,-1.0433689446789354,Medium,Clear,Airoli,2.0773900601027884,True
TW100170,2026-07-04 18:13:00,2026-07-04 18:17:00,-1.0286775710283091,4.0,Motorcycle,42,0.7838469512085445,Low,Clear,Vashi,-0.9218150292777434,True
TW100686,2026-07-26 05:20:00,2026-07-26 05:36:30,0.2690612303897917,16.5,Motorcycle,44,0.5228161089389054,Medium,Clear,Airoli,0.8191618976058187,True
TW103344,2026-07-18 17:08:00,2026-07-18 17:14:12,-0.6697285408488345,6.2,Motorcycle,32,1.8279703202871058,High,Overcast,Airoli,0.059089374954588055,True
TW103429,2026-07-18 06:35:00,2026-07-18 06:40:12,-1.0444555503768576,5.2,Scooter,31,-0.7823381024092951,Medium,Clear,Kalyan,0.6445506424021576,True
TW100060,2026-07-17 03:17:00,2026-07-17 03:26:24,0.4781194567580569,9.4,Scooter,31,1.8279703202871058,Low,Clear,Mumbra,-0.6547625213192029,True
TW104664,2026-07-03 10:58:00,2026-07-03 11:09:00,-0.25950107778657766,11.0,Scooter,37,0.5228161089389054,High,Overcast,Dombivli,0.25424313077044475,True
TW104141,2026-07-04 01:20:00,2026-07-04 01:39:42,0.9632923217259184,19.7,Scooter,35,0.2617852666692662,Medium,Rain,Thane West,-0.8191025262167662,True
TW103985,2026-07-22 06:09:00,2026-07-22 06:43:48,2.1821412264012774,34.8,Scooter,22,1.044877793478186,High,Clear,Bhandup,-0.7472037740740822,False
TW104240,2026-07-03 08:25:00,2026-07-03 08:51:06,1.673301392410593,26.1,Scooter,36,0.0007544243996247222,Low,Rain,Kalyan,-0.28499751029968523,False
TW102314,2026-07-27 16:26:00,2026-07-27 16:30:36,-0.882731262054237,4.6,Motorcycle,38,0.2617852666692662,High,Overcast,Navi Mumbai,3.1199219661717064,True
TW100719,2026-07-16 18:20:00,2026-07-16 18:47:30,2.000694463892971,27.5,Scooter,26,-0.5213072601396559,Low,Clear,Mumbra,-0.19769188269785462,False
TW102454,2026-07-25 03:45:00,2026-07-25 04:21:00,2.550951493673595,36.0,Motorcycle,27,-0.5213072601396559,High,Clear,Kalyan,-0.44933751519724857,False
TW102706,2026-07-19 23:43:00,2026-07-19 23:49:12,-0.9813436329826641,6.2,Electric Scooter,32,0.7838469512085445,Medium,Clear,Bhandup,-0.6753050219313983,True
TW104711,2026-07-02 04:09:00,2026-07-02 04:20:18,0.32033966327257374,11.3,Scooter,32,-0.7823381024092951,High,Clear,Navi Mumbai,-0.7061187728496915,True
TW100525,2026-07-15 14:26:00,2026-07-15 14:35:12,-0.0583318410925863,9.2,Scooter,28,-2.348523156027136,Medium,Clear,Navi Mumbai,-0.4031168888198089,True
TW100669,2026-07-18 22:52:00,2026-07-18 23:03:30,-0.16877769653242475,11.5,Motorcycle,27,1.044877793478186,Medium,Clear,Ghodbunder Road,-0.4031168888198089,True
TW101108,2026-07-12 05:09:00,2026-07-12 05:15:06,-0.6815620253602458,6.1,Electric Scooter,24,0.5228161089389054,Low,Clear,Thane West,2.103068185868033,True
TW103819,2026-07-16 17:35:00,2026-07-16 17:48:06,0.0718364885329375,13.1,Scooter,32,0.2617852666692662,Medium,Clear,Navi Mumbai,-0.35689626244236916,True
TW103772,2026-07-30 19:53:00,2026-07-30 19:57:54,-1.0405110555397203,4.9,Scooter,41,-1.0433689446789354,Medium,Clear,Airoli,0.0796318755667835,True
TW100998,2026-07-20 21:37:00,2026-07-20 21:41:42,-0.7722854066143987,4.7,Scooter,22,0.7838469512085445,Low,Rain,Mulund,0.02827562403629489,True
TW104431,2026-07-05 21:09:00,2026-07-05 21:21:42,-0.2161116345780698,12.7,Electric Scooter,27,-0.26027641787001443,Low,Clear,Dombivli,-0.8293737765228638,True
TW103583,2026-07-22 00:31:00,2026-07-22 00:46:12,0.564898343175073,15.2,Motorcycle,22,0.2617852666692662,Low,Clear,Mumbra,-0.8293737765228638,True
TW103527,2026-07-18 07:18:00,2026-07-18 07:30:12,0.2177827975070093,12.2,Motorcycle,43,0.0007544243996247222,Low,Clear,Mumbra,0.3107350074539821,True
TW100053,2026-07-08 00:35:00,2026-07-08 00:39:00,-0.7486184375915762,4.0,Scooter,29,-1.0433689446789354,Medium,Overcast,Vashi,-0.33121813667712485,True
TW103636,2026-07-23 01:42:00,2026-07-23 01:46:00,-1.0839004987482284,4.0,Scooter,31,0.0007544243996247222,Low,Clear,Navi Mumbai,-0.03848750295334018,True
TW104313,2026-07-06 21:04:00,2026-07-06 21:13:54,-0.3817804177378273,9.9,Scooter,26,0.0007544243996247222,Low,Clear,Kalyan,-0.31067563606492954,True
TW102242,2026-07-12 21:38:00,2026-07-12 21:56:30,1.1684060532570466,18.5,Electric Scooter,43,0.2617852666692662,High,Clear,Mulund,-0.4750156409624928,True
TW101824,2026-07-18 18:43:00,2026-07-18 18:53:48,0.6595662192663627,10.8,Motorcycle,34,0.7838469512085445,Low,Clear,Airoli,-0.20796313300395233,True
TW101450,2026-07-20 02:03:00,2026-07-20 02:07:42,-0.882731262054237,4.7,Electric Scooter,44,1.5669394780174666,Medium,Clear,Airoli,2.3290356926021825,True
TW103759,2026-07-04 22:12:00,2026-07-04 22:21:42,-0.5080042525262141,9.7,Scooter,38,0.0007544243996247222,High,Clear,Ghodbunder Road,-0.4596087655033463,True
TW103809,2026-07-25 04:54:00,2026-07-25 04:59:48,-0.07410982044113465,5.8,Motorcycle,33,1.5669394780174666,Medium,Clear,Kalyan,-0.6393556458600562,True
TW104600,2026-07-17 18:38:00,2026-07-17 18:57:42,0.7029556624748708,19.7,Scooter,31,-0.7823381024092951,Medium,Clear,Bhandup,1.1940625337783854,True
TW100205,2026-07-21 02:14:00,2026-07-21 02:25:00,-0.2516120881123035,11.0,Electric Scooter,23,-1.565430629218215,Low,Clear,Airoli,-0.31067563606492954,True
TW104830,2026-07-21 02:07:00,2026-07-21 02:25:18,1.2196844861398286,18.3,Scooter,19,1.044877793478186,Low,Clear,Vashi,0.562380639953376,True
TW101831,2026-07-18 05:54:00,2026-07-18 06:01:42,-0.9497876742855675,7.7,Electric Scooter,37,1.5669394780174666,Medium,Clear,Kalyan,-0.9218150292777434,True
TW102336,2026-07-05 20:08:00,2026-07-05 20:19:42,-0.9576766639598415,11.7,Scooter,21,-0.5213072601396559,Medium,Clear,Bhandup,-0.9218150292777434,True
TW104314,2026-07-28 16:06:00,2026-07-28 16:10:00,-1.304792209627905,4.0,Motorcycle,21,-1.3043997869485757,Low,Clear,Navi Mumbai,-0.4031168888198089,True
TW103296,2026-07-08 10:19:00,2026-07-08 10:32:48,0.6556217244292257,13.8,Electric Scooter,31,0.7838469512085445,Medium,Clear,Dombivli,0.9372812761259424,True
TW101192,2026-07-08 23:21:00,2026-07-08 23:29:12,0.1783378491356386,8.2,Electric Scooter,34,0.2617852666692662,Medium,Clear,Airoli,-0.9218150292777434,True
TW102198,2026-07-27 08:29:00,2026-07-27 08:43:30,-0.4212253661091982,14.5,Motorcycle,42,1.8279703202871058,Low,Clear,Kalyan,-0.6034062697887143,True
TW103358,2026-07-27 16:21:00,2026-07-27 16:29:36,-0.7367849530801648,8.6,Scooter,21,1.3059086357478251,Medium,Rain,Navi Mumbai,-0.6290843955539586,True
TW102879,2026-07-29 19:40:00,2026-07-29 19:51:54,0.7857900540547496,11.9,Scooter,37,-0.5213072601396559,Medium,Overcast,Thane West,-0.685576272237496,True
TW100934,2026-07-01 05:02:00,2026-07-01 05:08:06,-0.9458431794484304,6.1,Scooter,23,0.0007544243996247222,Low,Overcast,Ghodbunder Road,-0.1360643808612684,True
TW104532,2026-07-14 20:35:00,2026-07-14 20:47:18,-0.555338190571859,12.3,Scooter,22,-0.5213072601396559,High,Rain,Kalyan,-0.17201375693261042,True
TW102988,2026-07-27 22:12:00,2026-07-27 22:23:30,-0.8787867672171,11.5,Scooter,31,0.0007544243996247222,Low,Clear,Mumbra,-0.8293737765228638,True
TW104776,2026-07-10 14:03:00,2026-07-10 14:15:00,0.1704488594613646,12.0,Scooter,25,-0.7823381024092951,High,Clear,Kalyan,2.4317481956631597,True
TW101888,2026-07-27 15:35:00,2026-07-27 15:55:00,1.0224597442829744,20.0,Scooter,32,0.5228161089389054,High,Clear,Kalyan,0.1309881270972721,True
TW103211,2026-07-10 05:43:00,2026-07-10 05:53:54,-0.5395602112233107,10.9,Scooter,44,0.7838469512085445,Medium,Rain,Bhandup,1.5792344202570496,True
TW103175,2026-07-19 23:36:00,2026-07-19 23:41:00,-0.8353973240085919,5.0,Motorcycle,38,-0.5213072601396559,Medium,Clear,Ghodbunder Road,-0.13092875570821955,True
TW104771,2026-07-07 10:09:00,2026-07-07 10:16:54,-0.9734546433083899,7.9,Motorcycle,30,-0.26027641787001443,Low,Clear,Bhandup,-0.7317968986149357,True
TW101335,2026-07-21 18:23:00,2026-07-21 18:40:06,-0.12538825332391687,17.1,Motorcycle,29,0.5228161089389054,High,Overcast,Dombivli,-0.7985600256045708,True
TW101794,2026-07-18 10:26:00,2026-07-18 10:43:00,0.3992295600153152,17.0,Electric Scooter,31,-0.26027641787001443,High,Rain,Navi Mumbai,-0.8550519022881081,True
TW104375,2026-07-21 16:29:00,2026-07-21 16:33:00,-1.1785683748395184,4.0,Scooter,34,-0.26027641787001443,High,Clear,Dombivli,0.6034656411777668,True
TW104390,2026-07-09 20:24:00,2026-07-09 20:40:24,0.9830147959116038,16.4,Scooter,31,0.2617852666692662,Low,Clear,Mumbra,2.0927969355619354,True
TW101275,2026-07-04 01:10:00,2026-07-04 01:14:00,-1.2495692819079858,4.0,Scooter,35,0.5228161089389054,High,Rain,Mulund,-0.18742063239175702,True
TW100738,2026-07-25 16:45:00,2026-07-25 16:59:48,0.10339244723003385,14.8,Scooter,34,-1.565430629218215,High,Clear,Mumbra,-0.31067563606492954,True
TW104845,2026-07-10 10:00:00,2026-07-10 10:06:18,-0.551393695734722,6.3,Scooter,37,-0.26027641787001443,Medium,Overcast,Mumbra,0.521295638728985,True
TW104332,2026-07-15 15:28:00,2026-07-15 15:40:48,-0.5868941492689557,12.8,Scooter,27,0.5228161089389054,Medium,Clear,Thane West,-0.8088312759106685,True
TW100991,2026-07-13 20:20:00,2026-07-13 20:24:00,-1.2495692819079858,4.0,Motorcycle,33,0.0007544243996247222,Medium,Clear,Navi Mumbai,-0.8807300280533524,True
TW102050,2026-07-01 01:12:00,2026-07-01 01:28:30,0.23356077685555765,16.5,Motorcycle,31,0.0007544243996247222,Medium,Rain,Vashi,-0.7163900231557891,True
TW103206,2026-07-29 04:27:00,2026-07-29 04:34:18,-0.8393418188457291,7.3,Scooter,29,1.044877793478186,Medium,Clear,Mulund,-0.4082525139728578,True
TW101176,2026-07-13 20:35:00,2026-07-13 21:00:18,1.558911042133618,25.3,Scooter,44,1.3059086357478251,Low,Rain,Thane West,-0.2695906348405387,False
TW100047,2026-07-22 03:41:00,2026-07-22 03:46:18,-0.7959523756372212,5.3,Electric Scooter,30,-0.5213072601396559,Medium,Rain,Airoli,0.02827562403629489,True
TW100605,2026-07-11 19:10:00,2026-07-11 19:24:36,-0.17666668620669893,14.6,Motorcycle,34,-0.5213072601396559,Low,Clear,Mumbra,-0.36203188759541804,True
TW104524,2026-07-27 09:52:00,2026-07-27 10:06:54,0.249338756204106,14.9,Electric Scooter,32,0.5228161089389054,Medium,Clear,Mulund,1.702489423930222,True
TW103275,2026-07-11 04:21:00,2026-07-11 04:48:42,2.213697185098374,27.7,Motorcycle,38,-1.8264614714878553,Low,Clear,Dombivli,-0.8910012783594502,False
TW104839,2026-07-16 07:48:00,2026-07-16 08:02:48,-0.15694421202101358,14.8,Motorcycle,25,0.0007544243996247222,Medium,Clear,Bhandup,-0.9218150292777434,True
TW100672,2026-07-22 12:03:00,2026-07-22 12:11:24,-0.03466487206976395,8.4,Scooter,28,-0.26027641787001443,Medium,Overcast,Bhandup,-0.0025381268819981576,True
TW100487,2026-07-03 03:05:00,2026-07-03 03:17:54,1.1250166100485388,12.9,Scooter,25,-1.565430629218215,Medium,Clear,Navi Mumbai,-0.9218150292777434,True
TW102877,2026-07-29 23:52:00,2026-07-29 23:58:30,-0.9379541897741562,6.5,Motorcycle,25,1.3059086357478251,Medium,Clear,Thane West,-0.6239487704009097,True
TW102868,2026-07-17 10:57:00,2026-07-17 11:01:00,-1.1233454471195992,4.0,Scooter,25,0.0007544243996247222,Medium,Clear,Dombivli,-0.29526876060578294,True
TW100299,2026-07-25 07:00:00,2026-07-25 07:12:54,0.13494840592713056,12.9,Scooter,37,-0.26027641787001443,High,Clear,Kalyan,2.739885704846091,True
TW104359,2026-07-05 17:17:00,2026-07-05 17:32:30,0.7818455592176126,15.5,Motorcycle,38,-1.3043997869485757,Medium,Clear,Mulund,-0.3158112612179784,True
TW103755,2026-07-04 01:01:00,2026-07-04 01:22:36,1.4090202383224089,21.6,Scooter,32,0.5228161089389054,High,Rain,Navi Mumbai,-0.7831531501454242,True
TW102987,2026-07-23 01:49:00,2026-07-23 02:01:48,-0.5987276337803671,12.8,Motorcycle,39,0.0007544243996247222,Medium,Rain,Vashi,0.04368249949544158,True
TW102911,2026-07-18 21:20:00,2026-07-18 21:27:36,-0.7722854066143987,7.6,Scooter,38,-0.26027641787001443,High,Clear,Mulund,-0.6701693967783494,True
TW103732,2026-07-27 15:02:00,2026-07-27 15:13:36,0.46234147740950854,11.6,Motorcycle,19,0.0007544243996247222,Low,Clear,Mulund,0.1309881270972721,True
TW104747,2026-07-12 10:46:00,2026-07-12 10:50:30,-1.2022353438623408,4.5,Electric Scooter,41,0.0007544243996247222,Medium,Clear,Airoli,-0.6136775200948119,True
TW103053,2026-07-03 21:41:00,2026-07-03 21:49:12,-0.4212253661091982,8.2,Motorcycle,42,1.5669394780174666,Medium,Overcast,Thane West,0.06936062526068577,True
TW101929,2026-07-14 22:10:00,2026-07-14 22:22:18,0.5057309206180166,12.3,Scooter,42,-1.8264614714878553,Low,Rain,Vashi,-0.8858656532064013,True
TW104330,2026-07-03 05:04:00,2026-07-03 05:10:24,-1.020788581354035,6.4,Motorcycle,37,-0.5213072601396559,Low,Clear,Vashi,-0.6598981464722518,True
TW101572,2026-07-16 00:11:00,2026-07-16 00:21:36,-0.551393695734722,10.6,Electric Scooter,36,-0.5213072601396559,Medium,Clear,Bhandup,-0.8807300280533524,True
TW101647,2026-07-21 06:27:00,2026-07-21 06:45:12,0.249338756204106,18.2,Scooter,31,0.7838469512085445,Medium,Clear,Airoli,-0.9218150292777434,True
TW100106,2026-07-23 02:03:00,2026-07-23 02:10:54,-0.551393695734722,7.9,Electric Scooter,41,-0.5213072601396559,Medium,Clear,Ghodbunder Road,0.04881812464849033,True
TW100606,2026-07-11 11:25:00,2026-07-11 11:45:12,0.8410129817746687,20.2,Motorcycle,42,-0.26027641787001443,Medium,Clear,Mumbra,-0.31067563606492954,True
TW103682,2026-07-09 22:43:00,2026-07-09 22:47:00,-1.2416802922337118,4.0,Motorcycle,32,-0.7823381024092951,High,Clear,Mulund,-0.09497937963687753,True
TW101221,2026-07-21 23:15:00,2026-07-21 23:27:12,-0.12538825332391687,12.2,Motorcycle,26,-0.26027641787001443,Low,Overcast,Dombivli,-0.9218150292777434,True
TW103075,2026-07-16 21:23:00,2026-07-16 21:33:06,-1.2337913025594376,10.1,Scooter,30,-0.5213072601396559,High,Clear,Kalyan,-0.541778767952128,True
TW104823,2026-07-01 09:28:00,2026-07-01 09:41:36,0.22567178718128364,13.6,Scooter,43,-0.5213072601396559,Low,Clear,Ghodbunder Road,-0.2593193845344409,True
TW103863,2026-07-06 12:42:00,2026-07-06 12:49:24,-1.1351789316310104,7.4,Motorcycle,28,-1.565430629218215,High,Clear,Vashi,-0.6804406470844471,True
TW104459,2026-07-28 12:21:00,2026-07-28 12:25:00,-1.16279039549097,4.0,Motorcycle,23,0.2617852666692662,Medium,Clear,Airoli,1.9644063067357138,True
TW100078,2026-07-01 04:54:00,2026-07-01 05:19:30,2.48981182369797,25.5,Motorcycle,43,0.2617852666692662,Low,Clear,Navi Mumbai,-0.8396450268289616,False
TW100031,2026-07-14 18:46:00,2026-07-14 18:50:00,-0.7801743962886729,4.0,Scooter,32,-0.7823381024092951,Medium,Clear,Dombivli,0.25424313077044475,True
TW102197,2026-07-06 03:32:00,2026-07-06 03:53:30,1.2078510016284176,21.5,Motorcycle,34,1.3059086357478251,High,Clear,Kalyan,3.2174988440796346,True
TW103945,2026-07-26 06:32:00,2026-07-26 06:37:30,-1.0128995916797607,5.5,Motorcycle,39,0.7838469512085445,Low,Clear,Kalyan,-0.9218150292777434,True
TW104801,2026-07-10 14:30:00,2026-07-10 14:37:00,-0.31472400550649693,7.0,Scooter,42,-0.5213072601396559,High,Rain,Kalyan,-0.5006937667277371,True
TW103951,2026-07-20 13:33:00,2026-07-20 13:40:42,-0.3778359229006903,7.7,Motorcycle,40,0.7838469512085445,Low,Clear,Vashi,-0.8139669010637174,True
TW103094,2026-07-23 15:14:00,2026-07-23 15:19:06,-0.39755839708637564,5.1,Motorcycle,34,0.7838469512085445,High,Rain,Dombivli,-0.4544731403502974,True
TW101734,2026-07-30 02:06:00,2026-07-30 02:24:30,0.7345116211719676,18.5,Scooter,38,-0.5213072601396559,Medium,Clear,Kalyan,-0.05389437841248676,True
TW100389,2026-07-27 03:03:00,2026-07-27 03:08:42,-0.8748422723799628,5.7,Electric Scooter,37,0.5228161089389054,Medium,Clear,Kalyan,-0.1001150047899264,True
TW102135,2026-07-22 15:22:00,2026-07-22 15:27:48,-0.9655656536341157,5.8,Scooter,29,0.7838469512085445,Medium,Clear,Mumbra,1.024586903727773,True
TW104816,2026-07-06 11:52:00,2026-07-06 12:20:12,1.32618584674253,28.2,Motorcycle,32,0.7838469512085445,Medium,Clear,Thane West,-0.5366431427990792,False
TW100044,2026-07-11 13:34:00,2026-07-11 13:43:36,-0.5671716750832704,9.6,Motorcycle,27,-1.3043997869485757,Medium,Clear,Kalyan,0.03854687434239261,True
TW101987,2026-07-02 03:40:00,2026-07-02 04:00:00,1.570744526645029,20.0,Motorcycle,21,0.5228161089389054,High,Overcast,Mulund,-0.5674568937173723,True
TW104176,2026-07-29 15:48:00,2026-07-29 16:01:12,1.2946298880454334,13.2,Motorcycle,26,-0.26027641787001443,High,Clear,Vashi,-0.7574750243801799,True
TW101959,2026-07-08 04:01:00,2026-07-08 04:12:00,-0.511948747363351,11.0,Scooter,35,0.7838469512085445,Low,Overcast,Airoli,1.337860038063753,True
TW103385,2026-07-07 20:39:00,2026-07-07 21:02:18,1.9336380516616407,23.3,Motorcycle,21,0.7838469512085445,Medium,Rain,Bhandup,-0.9218150292777434,True
TW100818,2026-07-16 10:46:00,2026-07-16 11:11:42,1.4918546299022877,25.7,Motorcycle,39,0.5228161089389054,High,Clear,Bhandup,-0.7574750243801799,False
TW103593,2026-07-17 12:20:00,2026-07-17 12:28:18,-0.9024537362399225,8.3,Electric Scooter,43,0.2617852666692662,High,Clear,Bhandup,-0.7009831476966425,True
TW100707,2026-07-04 07:54:00,2026-07-04 08:10:06,0.6437882399178144,16.1,Scooter,25,0.7838469512085445,Medium,Overcast,Airoli,-0.2901331354527341,True
TW100810,2026-07-27 19:35:00,2026-07-27 19:43:06,-0.6578950563374233,8.1,Motorcycle,24,0.0007544243996247222,High,Clear,Kalyan,-0.5469143931051769,True
TW102196,2026-07-26 16:58:00,2026-07-26 17:08:12,-0.054387346255449304,10.2,Scooter,23,-0.7823381024092951,High,Clear,Kalyan,1.2094694092375318,True
TW104742,2026-07-28 05:50:00,2026-07-28 05:54:00,-1.3876266012077836,4.0,Motorcycle,44,0.2617852666692662,Low,Clear,Kalyan,-0.14120000601431726,True
TW102194,2026-07-10 02:08:00,2026-07-10 02:39:00,1.8665816394303103,31.0,Scooter,23,-1.0433689446789354,Medium,Rain,Kalyan,1.230011909849727,False
TW104628,2026-07-02 09:09:00,2026-07-02 09:17:24,-0.5198377370376253,8.4,Motorcycle,34,0.2617852666692662,Low,Clear,Dombivli,-0.5674568937173723,True
TW104569,2026-07-23 23:38:00,2026-07-23 23:45:54,-0.49617076801480275,7.9,Scooter,19,-1.0433689446789354,Medium,Clear,Mumbra,-0.36203188759541804,True
TW104348,2026-07-30 16:28:00,2026-07-30 16:40:24,0.4150075393638635,12.4,Scooter,32,-0.26027641787001443,Medium,Clear,Kalyan,0.19775125408690716,True
TW104292,2026-07-19 03:03:00,2026-07-19 03:15:18,0.17439335429850158,12.3,Scooter,39,0.2617852666692662,Medium,Rain,Dombivli,-0.6136775200948119,True
TW103113,2026-07-27 06:03:00,2026-07-27 06:24:42,0.8686244456346283,21.7,Motorcycle,19,1.8279703202871058,Low,Rain,Bhandup,-0.08984375448382867,True
TW103757,2026-07-18 01:55:00,2026-07-18 02:05:06,0.4781194567580569,10.1,Motorcycle,27,1.8279703202871058,Low,Clear,Mulund,0.6599575178613042,True
TW104595,2026-07-14 15:35:00,2026-07-14 15:47:36,-0.5395602112233107,12.6,Motorcycle,41,0.5228161089389054,Low,Rain,Bhandup,-0.8293737765228638,True
TW100904,2026-07-09 02:32:00,2026-07-09 02:40:18,-0.5474492008975848,8.3,Scooter,36,0.5228161089389054,Low,Rain,Airoli,-0.6907118973905447,True
TW102487,2026-07-08 03:40:00,2026-07-08 03:59:48,1.2906853932082964,19.8,Scooter,41,1.3059086357478251,High,Clear,Navi Mumbai,0.49561751296374085,True
TW100850,2026-07-30 04:49:00,2026-07-30 04:54:24,-0.68945101503452,5.4,Scooter,23,0.7838469512085445,Medium,Overcast,Thane West,-0.39798126366676007,True
TW101296,2026-07-07 14:44:00,2026-07-07 14:48:00,-1.2850697354422196,4.0,Motorcycle,39,-0.7823381024092951,Low,Clear,Airoli,0.14639500255641857,True
TW103144,2026-07-04 18:19:00,2026-07-04 18:29:24,-0.9813436329826641,10.4,Scooter,30,-1.3043997869485757,Low,Overcast,Navi Mumbai,2.688529453315603,True
TW103331,2026-07-15 16:50:00,2026-07-15 17:17:00,1.3774642796253123,27.0,Scooter,34,0.0007544243996247222,Low,Clear,Kalyan,-0.9218150292777434,False
TW103083,2026-07-29 17:49:00,2026-07-29 17:53:00,-1.3600151373478242,4.0,Scooter,34,-2.348523156027136,Medium,Clear,Kalyan,-0.2490481342283432,True
TW102513,2026-07-20 11:41:00,2026-07-20 11:45:00,-1.304792209627905,4.0,Motorcycle,22,-0.26027641787001443,Low,Overcast,Kalyan,0.9989087779625286,True
TW103404,2026-07-08 15:47:00,2026-07-08 15:56:18,-0.40544738676064984,9.3,Electric Scooter,41,-0.26027641787001443,High,Clear,Ghodbunder Road,-0.9218150292777434,True
TW100257,2026-07-26 09:51:00,2026-07-26 10:02:48,-0.9537321691227045,11.8,Motorcycle,19,-1.565430629218215,Low,Clear,Thane West,-0.38257438820761347,True
TW100241,2026-07-15 12:16:00,2026-07-15 12:24:06,-0.9576766639598415,8.1,Electric Scooter,23,1.3059086357478251,Low,Clear,Ghodbunder Road,1.4200300405125348,True
TW104276,2026-07-30 11:15:00,2026-07-30 11:24:06,-0.6460615718260119,9.1,Electric Scooter,25,1.044877793478186,High,Overcast,Mulund,1.5176069184204632,True
TW104088,2026-07-27 21:23:00,2026-07-27 21:32:24,-0.6776175305231086,9.4,Motorcycle,36,0.7838469512085445,Medium,Clear,Navi Mumbai,0.22342937985215158,True
TW101066,2026-07-06 01:09:00,2026-07-06 01:14:06,-1.16279039549097,5.1,Electric Scooter,38,-0.26027641787001443,High,Clear,Mulund,-0.8036956507576197,True
TW104477,2026-07-28 03:13:00,2026-07-28 03:33:00,1.330130341579667,20.0,Electric Scooter,19,0.7838469512085445,High,Rain,Airoli,0.20802250439300488,True
TW102286,2026-07-04 23:36:00,2026-07-04 23:47:42,-0.3857249125749645,11.7,Scooter,24,-1.0433689446789354,Medium,Clear,Vashi,2.164695687704619,True
TW103149,2026-07-22 02:39:00,2026-07-22 02:52:18,0.1704488594613646,13.3,Scooter,27,-0.5213072601396559,Low,Clear,Mulund,0.44426126143325223,True
TW101705,2026-07-27 03:15:00,2026-07-27 03:23:54,-0.6539505615002861,8.9,Scooter,38,1.5669394780174666,Medium,Rain,Navi Mumbai,0.7369918951570371,True
TW102264,2026-07-25 02:52:00,2026-07-25 02:58:18,-0.3896694074121015,6.3,Scooter,22,-0.7823381024092951,Low,Clear,Kalyan,0.11044562648507665,True
TW103923,2026-07-28 15:03:00,2026-07-28 15:23:48,0.5925098070350323,20.8,Scooter,20,-1.3043997869485757,Low,Clear,Airoli,-0.5982706446356655,True
TW102365,2026-07-22 12:56:00,2026-07-22 13:05:24,0.17439335429850158,9.4,Motorcycle,28,0.2617852666692662,Medium,Clear,Dombivli,-0.8499162771350594,True
TW100323,2026-07-24 00:05:00,2026-07-24 00:19:36,-0.49222627317766576,14.6,Motorcycle,29,-1.565430629218215,High,Clear,Mulund,1.5484206693387563,True
TW103216,2026-07-11 02:55:00,2026-07-11 03:01:30,-0.7367849530801648,6.5,Scooter,28,0.0007544243996247222,High,Clear,Navi Mumbai,4.121368871016233,True
TW103756,2026-07-08 09:23:00,2026-07-08 09:34:06,-0.018886892721215603,11.1,Electric Scooter,36,-0.26027641787001443,High,Clear,Dombivli,-0.38257438820761347,True
TW104317,2026-07-02 12:24:00,2026-07-02 12:28:00,-1.2811252406050826,4.0,Scooter,28,-0.5213072601396559,Medium,Clear,Navi Mumbai,-0.4287950145850532,True
TW100702,2026-07-14 03:31:00,2026-07-14 03:35:42,-0.5277267267118995,4.7,Scooter,29,-2.348523156027136,Low,Clear,Dombivli,3.5102294778034193,True
TW100718,2026-07-01 16:51:00,2026-07-01 16:55:00,-0.9497876742855675,4.0,Electric Scooter,33,0.5228161089389054,Medium,Clear,Airoli,-0.32094688637102714,True
TW103395,2026-07-22 06:42:00,2026-07-22 06:46:12,-1.4270715495791546,4.2,Motorcycle,41,0.2617852666692662,Low,Overcast,Navi Mumbai,-0.32094688637102714,True
TW103781,2026-07-19 17:43:00,2026-07-19 17:59:48,0.6713997037777741,16.8,Scooter,31,0.5228161089389054,Low,Rain,Ghodbunder Road,0.012868748577148424,True
TW104357,2026-07-06 21:19:00,2026-07-06 21:26:06,-0.7604519221029874,7.1,Electric Scooter,26,0.2617852666692662,Medium,Clear,Mulund,-0.4852868912685906,True
TW102471,2026-07-03 03:14:00,2026-07-03 03:19:36,0.016613560813018097,5.6,Motorcycle,23,0.0007544243996247222,Medium,Overcast,Bhandup,1.604912546022294,True
TW103541,2026-07-21 14:52:00,2026-07-21 15:01:54,-0.4488368299691577,9.9,Scooter,43,0.0007544243996247222,Low,Clear,Mulund,-0.2644550096874898,True
TW103857,2026-07-18 14:39:00,2026-07-18 14:45:30,-0.2871125416465374,6.5,Motorcycle,43,-1.3043997869485757,Medium,Overcast,Mumbra,3.2174988440796346,True
TW104177,2026-07-27 00:58:00,2026-07-27 01:24:36,2.550951493673595,26.6,Electric Scooter,25,0.7838469512085445,High,Rain,Bhandup,0.7215850196978905,False
TW103724,2026-07-13 18:52:00,2026-07-13 19:07:30,0.3676736013182188,15.5,Scooter,25,-1.3043997869485757,Medium,Rain,Navi Mumbai,1.748710050307662,True
TW104810,2026-07-16 06:48:00,2026-07-16 07:03:54,0.39528506517817813,15.9,Motorcycle,21,-0.5213072601396559,Low,Clear,Vashi,-0.5879993943295678,True
TW100204,2026-07-16 20:51:00,2026-07-16 21:11:36,0.028447045324429446,20.6,Motorcycle,31,-1.0433689446789354,Low,Rain,Bhandup,-0.8653231525942059,True
TW102414,2026-07-10 18:22:00,2026-07-10 18:39:48,1.1210721152114016,17.8,Motorcycle,22,1.8279703202871058,Medium,Clear,Bhandup,-0.7523393992271311,True
TW102702,2026-07-05 16:02:00,2026-07-05 16:24:48,0.904124899168862,22.8,Motorcycle,20,0.5228161089389054,Low,Clear,Mulund,-0.860187527441157,True
TW100971,2026-07-01 17:26:00,2026-07-01 17:36:06,-0.36994693322641614,10.1,Scooter,34,-0.26027641787001443,Medium,Rain,Bhandup,1.9387281809704693,True
TW101397,2026-07-16 12:12:00,2026-07-16 12:25:42,0.2138383026698723,13.7,Motorcycle,43,1.8279703202871058,Medium,Clear,Thane West,-0.31067563606492954,True
TW102319,2026-07-20 03:14:00,2026-07-20 03:18:00,-1.0602335297254057,4.0,Electric Scooter,35,-0.5213072601396559,Low,Rain,Airoli,2.087661310408886,True
TW102188,2026-07-11 05:51:00,2026-07-11 06:01:36,-0.2516120881123035,10.6,Scooter,21,0.0007544243996247222,Medium,Clear,Airoli,-0.793424400451522,True
TW102519,2026-07-07 09:11:00,2026-07-07 09:20:12,-0.551393695734722,9.2,Scooter,19,-0.7823381024092951,Medium,Clear,Vashi,-0.1617425066265127,True
TW104916,2026-07-25 18:58:00,2026-07-25 19:07:48,-0.33839097452931943,9.8,Motorcycle,40,-0.5213072601396559,Low,Rain,Bhandup,0.6702287681674018,True
TW100230,2026-07-15 00:59:00,2026-07-15 01:23:06,2.229475164446922,24.1,Motorcycle,35,1.5669394780174666,Medium,Clear,Airoli,-0.09497937963687753,True
TW103739,2026-07-23 07:24:00,2026-07-23 07:29:30,-0.5829496544318187,5.5,Motorcycle,19,1.3059086357478251,Medium,Rain,Ghodbunder Road,-0.6804406470844471,True
TW104994,2026-07-05 03:25:00,2026-07-05 03:32:06,-0.17666668620669893,7.1,Scooter,31,1.3059086357478251,Medium,Rain,Airoli,-0.9218150292777434,True
TW103436,2026-07-22 01:38:00,2026-07-22 01:45:30,-1.2298468077223006,7.5,Scooter,43,0.0007544243996247222,High,Clear,Mulund,-0.6804406470844471,True
TW103913,2026-07-24 22:51:00,2026-07-24 23:05:24,0.7305671263348305,14.4,Scooter,27,-1.565430629218215,Medium,Clear,Navi Mumbai,1.5022000429613167,True
TW102634,2026-07-12 05:08:00,2026-07-12 05:12:00,-0.9340096949370192,4.0,Electric Scooter,36,0.7838469512085445,High,Clear,Bhandup,-0.7472037740740822,True
TW100953,2026-07-01 18:39:00,2026-07-01 19:06:48,2.550951493673595,27.8,Motorcycle,23,-1.565430629218215,Low,Overcast,Dombivli,1.0862144055643594,False
TW103263,2026-07-07 10:15:00,2026-07-07 10:19:00,-0.9063982310770595,4.0,Scooter,43,-1.565430629218215,Medium,Rain,Dombivli,1.604912546022294,True
TW103375,2026-07-09 17:32:00,2026-07-09 17:50:42,0.3124506735982994,18.7,Scooter,38,-0.26027641787001443,Low,Rain,Kalyan,0.20288687923995613,True
TW101542,2026-07-02 20:07:00,2026-07-02 20:33:18,1.5825780111564407,26.3,Electric Scooter,30,0.0007544243996247222,Medium,Clear,Ghodbunder Road,-0.10525062994297525,False
TW101215,2026-07-27 21:38:00,2026-07-27 21:56:24,0.6516772295920887,18.4,Electric Scooter,44,-1.3043997869485757,Low,Clear,Vashi,0.4391256362802035,True
TW102142,2026-07-10 00:16:00,2026-07-10 00:27:00,0.1822823439727756,11.0,Electric Scooter,31,0.2617852666692662,High,Clear,Thane West,-0.4955581415746883,True
TW102645,2026-07-22 06:33:00,2026-07-22 06:48:36,0.06000300402152615,15.6,Scooter,32,-1.0433689446789354,Medium,Rain,Kalyan,1.774388176072906,True
TW102541,2026-07-21 15:58:00,2026-07-21 16:12:06,0.7108446521491448,14.1,Motorcycle,23,-1.3043997869485757,Medium,Clear,Mumbra,-0.5931350194826165,True
TW101620,2026-07-07 14:59:00,2026-07-07 15:03:36,-0.50011526285194,4.6,Scooter,32,0.7838469512085445,Low,Clear,Ghodbunder Road,1.3840806644411932,True
TW102886,2026-07-28 19:52:00,2026-07-28 20:05:48,-0.1529997171838764,13.8,Electric Scooter,23,-1.0433689446789354,Medium,Clear,Navi Mumbai,0.63427939209606,True
TW103235,2026-07-26 08:50:00,2026-07-26 08:55:18,-0.7959523756372212,5.3,Scooter,42,-1.565430629218215,Low,Clear,Vashi,-0.5623212685643234,True
TW104374,2026-07-21 11:47:00,2026-07-21 11:57:42,-0.6855065201973828,10.7,Motorcycle,22,0.7838469512085445,Low,Clear,Dombivli,-0.7112543980027402,True
TW100436,2026-07-16 05:52:00,2026-07-16 06:23:54,2.3833104630952686,31.9,Scooter,33,0.2617852666692662,Medium,Clear,Dombivli,-0.7215256483088379,False
TW101603,2026-07-08 21:06:00,2026-07-08 21:10:00,-1.0602335297254057,4.0,Motorcycle,35,1.3059086357478251,Medium,Rain,Vashi,0.21315812954605387,True
TW103127,2026-07-28 03:38:00,2026-07-28 04:02:00,1.3814087744624493,24.0,Motorcycle,19,-1.0433689446789354,Medium,Rain,Vashi,-0.4955581415746883,True
TW102635,2026-07-07 08:47:00,2026-07-07 08:54:30,-0.882731262054237,7.5,Motorcycle,39,-1.3043997869485757,Low,Clear,Ghodbunder Road,0.20288687923995613,True
TW103194,2026-07-10 16:58:00,2026-07-10 17:03:18,-1.2140688283737522,5.3,Motorcycle,44,1.3059086357478251,Medium,Clear,Thane West,-0.5109650170338349,True
TW100820,2026-07-07 15:35:00,2026-07-07 15:42:48,-1.016844086516898,7.8,Scooter,29,0.7838469512085445,Medium,Clear,Dombivli,-0.7985600256045708,True
TW101340,2026-07-16 00:38:00,2026-07-16 00:48:36,-0.36205794355214194,10.6,Motorcycle,23,0.2617852666692662,Low,Rain,Mumbra,0.7523987706161837,True
TW100281,2026-07-17 01:21:00,2026-07-17 01:31:54,-0.47250379899198025,10.9,Electric Scooter,20,0.7838469512085445,Medium,Rain,Thane West,-0.2695906348405387,True
TW101981,2026-07-29 17:54:00,2026-07-29 17:58:00,-1.2653472612565342,4.0,Scooter,35,1.8279703202871058,Medium,Rain,Bhandup,0.7369918951570371,True
TW101248,2026-07-23 08:45:00,2026-07-23 08:49:00,-1.020788581354035,4.0,Electric Scooter,31,-0.5213072601396559,Medium,Clear,Dombivli,1.214605034390581,True
TW102678,2026-07-17 15:19:00,2026-07-17 15:32:24,0.3400621374582591,13.4,Motorcycle,24,0.0007544243996247222,Low,Rain,Airoli,-0.9218150292777434,True
TW101493,2026-07-07 11:53:00,2026-07-07 11:57:30,-0.6500060666631491,4.5,Scooter,40,-0.5213072601396559,Low,Clear,Navi Mumbai,-0.0230806274941936,True
TW104195,2026-07-14 19:19:00,2026-07-14 19:29:30,-0.31472400550649693,10.5,Scooter,38,0.5228161089389054,Low,Rain,Airoli,1.6562687975527823,True
TW104976,2026-07-10 17:03:00,2026-07-10 17:19:18,-0.018886892721215603,16.3,Scooter,19,-0.26027641787001443,Medium,Clear,Navi Mumbai,0.7421275203100859,True
TW103062,2026-07-24 15:37:00,2026-07-24 15:53:48,0.1862268388099126,16.8,Scooter,27,-1.3043997869485757,High,Clear,Kalyan,-0.7882887752984731,True
TW102814,2026-07-24 09:50:00,2026-07-24 09:54:00,-1.2535137767451228,4.0,Electric Scooter,34,-1.8264614714878553,Medium,Rain,Airoli,0.4391256362802035,True
TW102651,2026-07-07 15:49:00,2026-07-07 15:58:24,-0.1806111810438361,9.4,Motorcycle,37,1.044877793478186,Medium,Clear,Thane West,-0.7831531501454242,True
TW101026,2026-07-06 00:50:00,2026-07-06 01:13:00,1.1526280739084982,23.0,Scooter,30,0.0007544243996247222,High,Clear,Vashi,-0.3928456385137112,True
TW101209,2026-07-29 03:02:00,2026-07-29 03:18:24,0.7305671263348305,16.4,Motorcycle,23,-0.7823381024092951,Low,Clear,Mumbra,-0.5879993943295678,True
TW102457,2026-07-06 03:11:00,2026-07-06 03:23:00,1.9296935568245037,12.0,Motorcycle,19,1.3059086357478251,Medium,Overcast,Navi Mumbai,0.002597498271050703,True
TW101099,2026-07-15 12:40:00,2026-07-15 12:59:24,0.5215088999665649,19.4,Scooter,24,0.5228161089389054,Medium,Clear,Thane West,0.46480376204544765,True
TW102326,2026-07-19 17:41:00,2026-07-19 17:46:24,-0.8985092414027853,5.4,Scooter,21,-0.26027641787001443,High,Clear,Ghodbunder Road,-0.9115437789716456,True
TW101135,2026-07-20 18:15:00,2026-07-20 18:19:00,-1.44679402376484,4.0,Scooter,21,-1.0433689446789354,Low,Overcast,Airoli,-0.31067563606492954,True
TW103353,2026-07-21 20:28:00,2026-07-21 20:36:30,-0.8787867672171,8.5,Motorcycle,24,-1.3043997869485757,Medium,Clear,Navi Mumbai,0.351820008678373,True
TW104319,2026-07-06 03:33:00,2026-07-06 04:14:12,2.550951493673595,41.2,Scooter,21,-1.0433689446789354,High,Overcast,Navi Mumbai,1.214605034390581,False
TW104752,2026-07-09 09:41:00,2026-07-09 10:07:12,1.570744526645029,26.2,Motorcycle,32,-0.7823381024092951,Medium,Overcast,Ghodbunder Road,-0.08984375448382867,False
TW100301,2026-07-26 07:38:00,2026-07-26 07:47:24,-0.8077858601486324,9.4,Scooter,34,-0.26027641787001443,Low,Clear,Dombivli,6.678910197234563,True
TW103890,2026-07-09 17:08:00,2026-07-09 17:22:54,0.09550345755575984,14.9,Motorcycle,25,0.7838469512085445,Low,Clear,Mumbra,-0.7266612734618869,True
TW101752,2026-07-28 04:52:00,2026-07-28 05:08:00,0.0797254782072115,16.0,Electric Scooter,39,0.0007544243996247222,Low,Clear,Vashi,-0.41338813912590666,True
TW103384,2026-07-23 21:41:00,2026-07-23 21:56:30,1.3419638260910784,15.5,Motorcycle,38,0.0007544243996247222,Low,Rain,Navi Mumbai,-0.31067563606492954,True
TW103456,2026-07-24 16:05:00,2026-07-24 16:19:18,0.5609538483379356,14.3,Scooter,34,1.5669394780174666,Low,Clear,Kalyan,0.007733123424099449,True
TW103888,2026-07-04 03:16:00,2026-07-04 03:42:00,2.550951493673595,26.0,Scooter,32,0.5228161089389054,Medium,Rain,Navi Mumbai,-0.3928456385137112,False
TW104541,2026-07-30 16:56:00,2026-07-30 17:32:00,2.550951493673595,36.0,Motorcycle,27,0.2617852666692662,Medium,Clear,Thane West,2.164695687704619,False
TW102672,2026-07-15 09:25:00,2026-07-15 09:30:36,-0.7604519221029874,5.6,Electric Scooter,44,-0.7823381024092951,Medium,Rain,Mumbra,-0.6701693967783494,True
TW100851,2026-07-27 18:06:00,2026-07-27 18:22:06,1.693023866596279,16.1,Electric Scooter,22,-1.3043997869485757,Low,Clear,Dombivli,0.3210062577600798,True
TW102304,2026-07-10 18:23:00,2026-07-10 18:37:24,0.0797254782072115,14.4,Electric Scooter,28,-1.3043997869485757,Medium,Rain,Bhandup,0.5829231405655714,True
TW103961,2026-07-17 22:02:00,2026-07-17 22:10:00,-0.744673942754439,8.0,Scooter,27,-0.7823381024092951,Medium,Clear,Airoli,0.701042519085695,True
TW104768,2026-07-07 16:13:00,2026-07-07 16:19:48,-0.6855065201973828,6.8,Motorcycle,36,0.2617852666692662,High,Clear,Bhandup,-0.9115437789716456,True
TW100080,2026-07-01 22:55:00,2026-07-01 23:00:06,-0.9537321691227045,5.1,Scooter,31,-1.3043997869485757,Medium,Clear,Vashi,-0.05389437841248676,True
TW103122,2026-07-21 11:19:00,2026-07-21 11:28:06,-0.25555658294944067,9.1,Motorcycle,41,0.5228161089389054,Medium,Clear,Mulund,-0.2798618851466364,True
TW100883,2026-07-18 04:05:00,2026-07-18 04:22:30,0.5412313741522503,17.5,Scooter,42,0.2617852666692662,Low,Clear,Ghodbunder Road,0.8242975227588677,True
TW101961,2026-07-24 17:42:00,2026-07-24 17:49:06,-0.20033365522952146,7.1,Scooter,41,-1.0433689446789354,Medium,Clear,Mumbra,-0.3004043857588318,True
TW101464,2026-07-02 09:54:00,2026-07-02 09:58:00,-0.9103427259141965,4.0,Motorcycle,24,-1.0433689446789354,Medium,Clear,Ghodbunder Road,-0.4390662648911509,True
TW100318,2026-07-14 20:43:00,2026-07-14 21:05:06,0.9199028785174104,22.1,Motorcycle,43,0.5228161089389054,Medium,Clear,Bhandup,0.3672268841375194,True
TW100979,2026-07-07 01:35:00,2026-07-07 01:46:36,-0.5435047060604478,11.6,Motorcycle,29,0.5228161089389054,Medium,Overcast,Kalyan,0.48534626265764313,True
TW103813,2026-07-05 18:13:00,2026-07-05 18:21:42,-0.062276335929723654,8.7,Scooter,39,0.0007544243996247222,Medium,Clear,Airoli,2.103068185868033,True
TW103709,2026-07-28 18:44:00,2026-07-28 19:03:12,-0.3186685003436339,19.2,Scooter,39,0.2617852666692662,Medium,Rain,Thane West,-0.6907118973905447,True
TW103260,2026-07-18 18:04:00,2026-07-18 18:22:24,0.0876144678814855,18.4,Scooter,36,1.8279703202871058,Low,Overcast,Airoli,-0.7472037740740822,True
TW102666,2026-07-29 12:40:00,2026-07-29 12:54:06,0.05605850918438915,14.1,Scooter,21,-1.3043997869485757,Medium,Clear,Bhandup,-0.7112543980027402,True
TW102780,2026-07-23 09:21:00,2026-07-23 09:42:24,1.4957991247394247,21.4,Motorcycle,28,0.7838469512085445,Medium,Rain,Vashi,-0.6034062697887143,True
TW100215,2026-07-12 04:32:00,2026-07-12 04:58:30,1.8429146704074884,26.5,Motorcycle,31,-1.3043997869485757,Low,Clear,Navi Mumbai,-0.7215256483088379,False
TW100838,2026-07-27 14:25:00,2026-07-27 14:29:00,-0.8590642930314144,4.0,Motorcycle,19,0.5228161089389054,Low,Clear,Kalyan,1.3584025386759486,True
TW101332,2026-07-24 05:01:00,2026-07-24 05:05:00,-1.1864573645137924,4.0,Motorcycle,42,-0.5213072601396559,High,Clear,Dombivli,0.27992125653568894,True
TW104831,2026-07-24 20:34:00,2026-07-24 20:52:48,0.6950666728005964,18.8,Motorcycle,19,0.0007544243996247222,Low,Clear,Airoli,0.6445506424021576,True
TW101914,2026-07-02 10:10:00,2026-07-02 10:24:36,0.48600844643233126,14.6,Scooter,41,1.8279703202871058,High,Overcast,Airoli,-0.31067563606492954,True
TW104686,2026-07-08 18:42:00,2026-07-08 18:57:24,0.8252350024261202,15.4,Scooter,39,0.5228161089389054,Low,Rain,Navi Mumbai,2.0825256852558374,True
TW103253,2026-07-27 08:21:00,2026-07-27 08:35:42,0.29667269424975107,14.7,Motorcycle,40,-1.3043997869485757,Medium,Clear,Dombivli,-0.1360643808612684,True
TW104596,2026-07-26 09:03:00,2026-07-26 09:17:36,0.9356808578659587,14.6,Motorcycle,34,0.5228161089389054,Medium,Overcast,Thane West,-0.8191025262167662,True
TW101686,2026-07-14 13:56:00,2026-07-14 14:00:00,-0.9497876742855675,4.0,Scooter,29,0.0007544243996247222,High,Overcast,Dombivli,-0.793424400451522,True
TW101529,2026-07-21 03:29:00,2026-07-21 03:33:00,-1.3560706425106872,4.0,Scooter,25,-0.7823381024092951,Low,Overcast,Dombivli,1.5381494190326588,True
TW100634,2026-07-14 23:50:00,2026-07-15 00:08:42,1.5904670008307147,18.7,Motorcycle,41,0.0007544243996247222,High,Rain,Vashi,-0.4390662648911509,True
TW103947,2026-07-14 08:23:00,2026-07-14 08:37:36,0.0757809833700745,14.6,Motorcycle,44,1.5669394780174666,Medium,Clear,Dombivli,-0.31067563606492954,True
TW104654,2026-07-22 01:21:00,2026-07-22 01:29:42,-0.8314528291714549,8.7,Scooter,41,0.2617852666692662,High,Clear,Airoli,-0.8036956507576197,True
TW104613,2026-07-26 14:24:00,2026-07-26 14:34:48,0.1822823439727756,10.8,Scooter,27,-1.8264614714878553,Medium,Rain,Vashi,0.7215850196978905,True
TW100448,2026-07-20 10:33:00,2026-07-20 10:40:18,-0.5237822318747622,7.3,Scooter,34,-1.565430629218215,Medium,Clear,Kalyan,-0.7523393992271311,True
TW101538,2026-07-27 14:12:00,2026-07-27 14:20:00,-0.9221762104256078,8.0,Scooter,40,1.044877793478186,High,Clear,Dombivli,-0.29526876060578294,True
TW103314,2026-07-03 18:07:00,2026-07-03 18:26:54,0.4781194567580569,19.9,Motorcycle,29,1.044877793478186,Medium,Clear,Ghodbunder Road,-0.9166794041246945,True
TW103742,2026-07-21 06:22:00,2026-07-21 06:41:48,0.6319547554064034,19.8,Motorcycle,22,-3.6536773673753364,Low,Clear,Mumbra,-0.41338813912590666,True
TW101253,2026-07-19 20:10:00,2026-07-19 20:36:12,2.550951493673595,26.2,Motorcycle,40,0.2617852666692662,Low,Clear,Navi Mumbai,-0.7882887752984731,False
TW102697,2026-07-20 05:06:00,2026-07-20 05:30:54,1.176295042931321,24.9,Scooter,25,-0.5213072601396559,Medium,Rain,Navi Mumbai,0.41858313566800803,True
TW100425,2026-07-18 14:48:00,2026-07-18 14:52:48,-1.2259023128851634,4.8,Scooter,24,-1.0433689446789354,Medium,Clear,Bhandup,0.13612375225032083,True
TW104502,2026-07-06 16:11:00,2026-07-06 16:59:12,2.550951493673595,48.2,Motorcycle,38,1.044877793478186,Low,Overcast,Kalyan,-0.4185237642789555,False
TW102038,2026-07-09 04:31:00,2026-07-09 04:44:12,-0.42911435578347235,13.2,Motorcycle,37,-0.5213072601396559,Medium,Clear,Airoli,-0.9218150292777434,True
TW100229,2026-07-17 16:37:00,2026-07-17 16:53:48,0.3992295600153152,16.8,Motorcycle,34,1.5669394780174666,Medium,Clear,Dombivli,-0.685576272237496,True
TW102954,2026-07-23 11:40:00,2026-07-23 12:12:48,2.1742522367270034,32.8,Motorcycle,39,0.5228161089389054,High,Clear,Airoli,-0.23364125876919664,False
TW102772,2026-07-05 08:29:00,2026-07-05 08:41:18,-0.13722173783532807,12.3,Motorcycle,23,-0.26027641787001443,Medium,Clear,Kalyan,-0.6753050219313983,True
TW104531,2026-07-18 15:35:00,2026-07-18 15:49:54,0.9830147959116038,14.9,Scooter,26,1.3059086357478251,High,Rain,Mulund,-0.8910012783594502,True
TW104269,2026-07-12 00:56:00,2026-07-12 01:00:00,-1.0878449935853653,4.0,Electric Scooter,27,0.5228161089389054,Low,Clear,Ghodbunder Road,-0.9218150292777434,True
TW102151,2026-07-29 09:52:00,2026-07-29 10:01:30,-0.9261207052627448,9.5,Motorcycle,32,1.3059086357478251,Medium,Rain,Dombivli,-0.32094688637102714,True
TW101326,2026-07-26 13:21:00,2026-07-26 13:25:00,-1.3915710960449208,4.0,Scooter,31,-0.26027641787001443,Medium,Clear,Navi Mumbai,0.7575343957692326,True
TW101205,2026-07-05 11:35:00,2026-07-05 11:52:00,0.8173460127518463,17.0,Scooter,32,-2.0874923137574957,Medium,Clear,Dombivli,-0.6958475225435937,True
TW104644,2026-07-11 12:52:00,2026-07-11 13:09:36,-0.050442851418312305,17.6,Scooter,19,-0.5213072601396559,Low,Overcast,Dombivli,1.553556294491805,True
TW104877,2026-07-12 04:40:00,2026-07-12 05:04:00,1.3853532692995862,24.0,Motorcycle,31,-1.0433689446789354,High,Clear,Ghodbunder Road,-0.7626106495332288,True
TW104565,2026-07-21 12:40:00,2026-07-21 12:44:00,-1.115456457445325,4.0,Scooter,25,0.2617852666692662,High,Clear,Navi Mumbai,1.2351475350027763,True
TW103186,2026-07-06 21:11:00,2026-07-06 21:25:06,0.4347300135495492,14.1,Scooter,26,-1.0433689446789354,Medium,Rain,Vashi,3.2277700943857317,True
TW102289,2026-07-04 23:43:00,2026-07-04 23:56:12,-0.3817804177378273,13.2,Electric Scooter,23,0.7838469512085445,High,Rain,Kalyan,-0.41338813912590666,True
TW100474,2026-07-30 14:00:00,2026-07-30 14:12:24,-0.9418986846112932,12.4,Motorcycle,20,-0.7823381024092951,Low,Clear,Dombivli,-0.5828637691765188,True
TW101479,2026-07-07 23:17:00,2026-07-07 23:33:30,1.0342932287943858,16.5,Scooter,30,-0.5213072601396559,Medium,Rain,Bhandup,-0.7163900231557891,True
TW104272,2026-07-05 03:12:00,2026-07-05 03:21:06,-0.47250379899198025,9.1,Motorcycle,36,0.2617852666692662,High,Overcast,Mulund,-0.9218150292777434,True
TW101052,2026-07-17 14:13:00,2026-07-17 14:44:06,1.3498528157653524,31.1,Motorcycle,31,-1.3043997869485757,High,Clear,Airoli,1.497064417808268,False
TW100569,2026-07-11 07:52:00,2026-07-11 07:56:00,-0.8156748498229066,4.0,Motorcycle,42,0.0007544243996247222,High,Clear,Kalyan,-0.6701693967783494,True
TW100105,2026-07-17 17:42:00,2026-07-17 17:53:12,-0.1529997171838764,11.2,Motorcycle,27,-2.0874923137574957,Low,Rain,Mulund,-0.8191025262167662,True
TW102201,2026-07-22 19:47:00,2026-07-22 19:52:06,-0.8787867672171,5.1,Electric Scooter,23,0.7838469512085445,High,Overcast,Ghodbunder Road,0.2337006301582493,True
TW104785,2026-07-20 09:12:00,2026-07-20 09:27:24,0.32428415810971073,15.4,Electric Scooter,42,0.7838469512085445,Low,Overcast,Thane West,-0.9218150292777434,True
TW103120,2026-07-03 22:42:00,2026-07-03 22:48:06,-0.8669532827056886,6.1,Electric Scooter,20,0.5228161089389054,Low,Clear,Navi Mumbai,-0.1771493820856593,True
TW103998,2026-07-12 19:27:00,2026-07-12 19:38:36,0.20200481815846094,11.6,Motorcycle,22,1.3059086357478251,Medium,Overcast,Ghodbunder Road,-0.860187527441157,True
TW100253,2026-07-19 01:17:00,2026-07-19 01:25:42,-0.7762299014515357,8.7,Scooter,40,0.0007544243996247222,Low,Clear,Navi Mumbai,-0.5315075176460303,True
TW101971,2026-07-06 02:41:00,2026-07-06 02:56:18,0.3755625909924928,15.3,Motorcycle,42,1.044877793478186,Low,Clear,Vashi,0.48534626265764313,True
TW101422,2026-07-21 08:23:00,2026-07-21 08:38:12,-0.36994693322641614,15.2,Electric Scooter,42,-1.0433689446789354,Medium,Overcast,Airoli,-0.4442018900441998,True
TW101286,2026-07-26 01:51:00,2026-07-26 02:00:24,-0.43305885062060934,9.4,Motorcycle,44,-0.5213072601396559,Medium,Clear,Mulund,-0.9115437789716456,True
TW102501,2026-07-15 12:57:00,2026-07-15 13:14:30,0.3637291064810815,17.5,Scooter,24,0.5228161089389054,High,Clear,Thane West,1.3019106619924115,True
TW102502,2026-07-08 13:00:00,2026-07-08 13:26:36,1.7719137633390203,26.6,Electric Scooter,20,0.7838469512085445,Medium,Clear,Mulund,-0.4390662648911509,False
TW102534,2026-07-19 08:54:00,2026-07-19 09:07:00,0.06789199369580015,13.0,Motorcycle,39,0.7838469512085445,Medium,Clear,Vashi,-0.22337000846309893,True
TW102195,2026-07-28 19:22:00,2026-07-28 19:29:36,-0.413336376434924,7.6,Scooter,44,-0.5213072601396559,High,Clear,Airoli,1.1272994067887505,True
TW103244,2026-07-05 15:14:00,2026-07-05 15:21:24,-0.9340096949370192,7.4,Scooter,37,0.2617852666692662,Medium,Overcast,Bhandup,-0.2541837593813921,True
TW104496,2026-07-23 21:10:00,2026-07-23 21:16:18,-0.8787867672171,6.3,Scooter,22,-0.5213072601396559,High,Clear,Bhandup,0.023139998883246145,True
TW102305,2026-07-07 02:35:00,2026-07-07 02:56:00,1.7009128562705529,21.0,Motorcycle,22,-0.5213072601396559,Medium,Clear,Mumbra,-0.08470812933077981,True
TW103317,2026-07-17 18:31:00,2026-07-17 18:54:42,1.3735197847881753,23.7,Scooter,36,0.0007544243996247222,High,Overcast,Kalyan,-0.1257931305551707,True
TW104304,2026-07-27 04:39:00,2026-07-27 04:43:24,-0.8196193446600436,4.4,Scooter,40,-0.7823381024092951,Medium,Overcast,Bhandup,0.1053100013320279,True
TW101763,2026-07-10 19:39:00,2026-07-10 20:02:30,1.7206353304562385,23.5,Scooter,30,-3.9147082096449766,Medium,Overcast,Bhandup,-0.5828637691765188,True
TW103425,2026-07-18 10:59:00,2026-07-18 11:07:18,-0.43700334545774655,8.3,Scooter,30,0.0007544243996247222,Medium,Clear,Navi Mumbai,0.14639500255641857,True
TW101312,2026-07-04 04:28:00,2026-07-04 04:36:24,-0.07410982044113465,8.4,Scooter,40,-0.7823381024092951,High,Clear,Thane West,0.63427939209606,True
TW104636,2026-07-14 22:44:00,2026-07-14 22:48:24,-1.0799560039110911,4.4,Motorcycle,30,0.7838469512085445,Medium,Clear,Mulund,-0.1257931305551707,True
TW104632,2026-07-03 20:02:00,2026-07-03 20:17:12,-0.042553861744037955,15.2,Scooter,43,0.2617852666692662,High,Overcast,Ghodbunder Road,-0.6342200207070074,True
TW104562,2026-07-20 13:40:00,2026-07-20 13:51:48,0.016613560813018097,11.8,Motorcycle,23,-0.5213072601396559,High,Overcast,Airoli,0.7267206448509395,True
TW103878,2026-07-08 14:24:00,2026-07-08 14:34:54,-0.16877769653242475,10.9,Motorcycle,21,-0.26027641787001443,Medium,Clear,Airoli,-0.4185237642789555,True
TW103883,2026-07-02 03:56:00,2026-07-02 04:02:18,-0.8866757568913741,6.3,Scooter,28,-0.26027641787001443,Low,Overcast,Dombivli,0.25937875592349346,True
TW104833,2026-07-06 04:42:00,2026-07-06 04:46:00,-0.7170624788944795,4.0,Motorcycle,34,0.7838469512085445,Medium,Clear,Mulund,-0.6650337716253005,True
TW104087,2026-07-04 18:19:00,2026-07-04 18:31:06,-0.7959523756372212,12.1,Electric Scooter,23,-0.5213072601396559,High,Clear,Kalyan,-0.44933751519724857,True
TW103501,2026-07-28 02:35:00,2026-07-28 02:39:24,-0.8393418188457291,4.4,Electric Scooter,38,0.0007544243996247222,Medium,Clear,Mumbra,-0.8345094016759128,True
TW100390,2026-07-18 01:14:00,2026-07-18 01:29:18,0.3124506735982994,15.3,Motorcycle,35,1.5669394780174666,Medium,Rain,Airoli,1.9644063067357138,True
TW103958,2026-07-19 12:30:00,2026-07-19 12:45:12,0.7069001573120078,15.2,Electric Scooter,25,0.7838469512085445,Low,Overcast,Bhandup,1.4097587902064375,True
TW102440,2026-07-10 21:11:00,2026-07-10 21:29:36,0.4386745083866862,18.6,Scooter,38,0.2617852666692662,Low,Clear,Airoli,0.5315668890350828,True
TW101682,2026-07-14 05:18:00,2026-07-14 05:23:18,-1.1194009522824622,5.3,Scooter,39,-0.7823381024092951,Medium,Overcast,Bhandup,0.7164493945448417,True
TW100006,2026-07-03 13:25:00,2026-07-03 13:45:30,0.7147891469862822,20.5,Scooter,44,-1.3043997869485757,Low,Clear,Navi Mumbai,1.5997769208692452,True
TW102297,2026-07-21 16:39:00,2026-07-21 16:53:00,0.33217314778398477,14.0,Electric Scooter,34,0.0007544243996247222,Medium,Clear,Thane West,-0.31067563606492954,True
TW100462,2026-07-27 09:57:00,2026-07-27 10:15:30,0.1862268388099126,18.5,Scooter,41,-1.0433689446789354,Medium,Rain,Mulund,-0.8858656532064013,True
TW104803,2026-07-20 03:02:00,2026-07-20 03:06:00,-1.2850697354422196,4.0,Motorcycle,39,-1.3043997869485757,High,Clear,Navi Mumbai,0.023139998883246145,True
TW103423,2026-07-13 21:42:00,2026-07-13 22:00:12,1.1526280739084982,18.2,Motorcycle,21,-0.7823381024092951,Low,Rain,Ghodbunder Road,-0.38257438820761347,True
TW100184,2026-07-24 08:04:00,2026-07-24 08:29:00,1.2039065067912804,25.0,Scooter,19,1.8279703202871058,Medium,Clear,Bhandup,-0.9115437789716456,True
TW103705,2026-07-01 09:25:00,2026-07-01 09:36:30,0.15467088011281624,11.5,Motorcycle,35,0.0007544243996247222,Low,Clear,Mulund,0.02827562403629489,True
TW103978,2026-07-11 20:59:00,2026-07-11 21:14:54,0.2177827975070093,15.9,Scooter,41,0.7838469512085445,Medium,Clear,Thane West,-0.7985600256045708,True
TW101201,2026-07-22 00:35:00,2026-07-22 00:47:36,0.08366997304434849,12.6,Motorcycle,27,-0.26027641787001443,High,Rain,Mumbra,-0.9218150292777434,True
TW100518,2026-07-04 20:47:00,2026-07-04 20:53:18,-0.8748422723799628,6.3,Motorcycle,44,0.5228161089389054,Medium,Clear,Bhandup,-0.31067563606492954,True
TW102983,2026-07-16 04:44:00,2026-07-16 04:50:18,-1.0641780245625427,6.3,Electric Scooter,22,0.2617852666692662,Medium,Clear,Kalyan,-0.05389437841248676,True
TW100273,2026-07-07 23:24:00,2026-07-07 23:36:12,-0.8353973240085919,12.2,Electric Scooter,31,-0.26027641787001443,High,Clear,Thane West,-0.7215256483088379,True
TW103625,2026-07-21 03:15:00,2026-07-21 03:27:30,0.5412313741522503,12.5,Scooter,25,-2.0874923137574957,Low,Clear,Bhandup,0.3929050099027636,True
TW101688,2026-07-07 03:34:00,2026-07-07 03:50:18,0.43078551871241183,16.3,Scooter,39,-0.7823381024092951,High,Rain,Navi Mumbai,-0.31067563606492954,True
TW104386,2026-07-03 02:27:00,2026-07-03 02:43:18,0.1507263852756789,16.3,Motorcycle,40,-0.5213072601396559,Medium,Clear,Mumbra,0.1823443786277607,True
TW101423,2026-07-08 21:09:00,2026-07-08 21:26:18,0.19806032332132395,17.3,Motorcycle,32,-0.26027641787001443,High,Clear,Thane West,6.488892066571756,True
TW103995,2026-07-21 23:03:00,2026-07-21 23:59:48,2.550951493673595,56.8,Scooter,42,-1.565430629218215,Medium,Clear,Vashi,0.023139998883246145,False
TW102164,2026-07-30 09:48:00,2026-07-30 10:09:36,-0.038609366906900956,21.6,Motorcycle,37,1.044877793478186,Low,Rain,Thane West,-0.9218150292777434,True
TW101283,2026-07-04 13:27:00,2026-07-04 13:32:36,-0.7801743962886729,5.6,Electric Scooter,32,-0.26027641787001443,High,Clear,Bhandup,-0.2798618851466364,True
TW101767,2026-07-28 21:16:00,2026-07-28 21:25:18,-1.020788581354035,9.3,Motorcycle,39,0.0007544243996247222,Medium,Clear,Bhandup,0.31587063260703085,True
TW104170,2026-07-29 01:43:00,2026-07-29 01:54:36,-0.4448923351320207,11.6,Electric Scooter,39,1.3059086357478251,Medium,Rain,Thane West,0.20288687923995613,True
TW100687,2026-07-28 15:41:00,2026-07-28 15:45:00,-0.9773991381455269,4.0,Scooter,29,0.0007544243996247222,High,Clear,Dombivli,0.6034656411777668,True
TW104722,2026-07-30 10:15:00,2026-07-30 10:38:06,0.6713997037777741,23.1,Scooter,32,1.5669394780174666,Medium,Overcast,Mumbra,0.27478563138263995,True
TW100827,2026-07-30 15:01:00,2026-07-30 15:22:12,0.8607354559603543,21.2,Scooter,37,-1.0433689446789354,Low,Rain,Ghodbunder Road,1.995220057654007,True
TW102168,2026-07-08 13:06:00,2026-07-08 13:41:18,2.550951493673595,35.3,Electric Scooter,27,-0.7823381024092951,Low,Rain,Navi Mumbai,-0.326082511524076,False
TW102308,2026-07-18 03:10:00,2026-07-18 03:37:48,1.7009128562705529,27.8,Motorcycle,30,-2.0874923137574957,Medium,Rain,Mumbra,-0.8961369035124991,False
TW101055,2026-07-10 08:19:00,2026-07-10 08:35:18,0.1507263852756789,16.3,Scooter,42,-0.5213072601396559,Low,Clear,Ghodbunder Road,0.14639500255641857,True
TW102723,2026-07-14 07:23:00,2026-07-14 07:32:12,-0.413336376434924,9.2,Electric Scooter,20,-1.0433689446789354,High,Rain,Ghodbunder Road,0.6496862675552064,True
TW103343,2026-07-30 04:33:00,2026-07-30 04:40:00,-0.46461480931770605,7.0,Scooter,25,0.5228161089389054,Low,Rain,Vashi,-0.20796313300395233,True
TW103135,2026-07-20 10:47:00,2026-07-20 10:56:18,0.1822823439727756,9.3,Motorcycle,28,1.3059086357478251,Medium,Rain,Kalyan,-0.9218150292777434,True
TW100980,2026-07-25 10:14:00,2026-07-25 10:29:48,-0.1885001707181103,15.8,Scooter,39,-0.5213072601396559,Medium,Overcast,Vashi,1.1478419074009458,True
TW100240,2026-07-21 17:53:00,2026-07-21 17:59:30,-0.7722854066143987,6.5,Motorcycle,36,1.3059086357478251,Low,Rain,Vashi,-0.6650337716253005,True
TW104063,2026-07-29 20:39:00,2026-07-29 21:01:12,0.8725689404717653,22.2,Motorcycle,28,-0.5213072601396559,Medium,Clear,Vashi,0.059089374954588055,True
TW103847,2026-07-14 19:38:00,2026-07-14 19:42:12,-0.20427815006665864,4.2,Scooter,31,-2.6095539982967764,Medium,Clear,Thane West,0.7523987706161837,True
TW104046,2026-07-03 18:07:00,2026-07-03 18:24:00,0.2808947149012027,17.0,Motorcycle,21,-0.26027641787001443,Low,Rain,Ghodbunder Road,3.8954013642820833,True
TW102340,2026-07-15 18:32:00,2026-07-15 18:43:48,0.4426190032238232,11.8,Scooter,31,1.044877793478186,Medium,Clear,Kalyan,-0.6753050219313983,True
TW100720,2026-07-27 17:30:00,2026-07-27 17:54:48,1.3143523622311188,24.8,Motorcycle,39,0.0007544243996247222,High,Clear,Mulund,-0.35176063728932033,True
TW100468,2026-07-03 05:39:00,2026-07-03 05:47:06,-0.5474492008975848,8.1,Motorcycle,34,0.7838469512085445,Low,Clear,Dombivli,-0.7985600256045708,True
TW102092,2026-07-18 08:56:00,2026-07-18 09:17:48,0.9554033320516441,21.8,Motorcycle,20,1.044877793478186,High,Clear,Kalyan,-0.6958475225435937,True
TW103080,2026-07-18 18:37:00,2026-07-18 18:41:42,-0.8275083343343178,4.7,Motorcycle,20,0.5228161089389054,Medium,Overcast,Kalyan,-0.5828637691765188,True
TW101777,2026-07-03 20:21:00,2026-07-03 20:31:54,0.008724571138744096,10.9,Scooter,25,-2.0874923137574957,Medium,Rain,Kalyan,-0.8755944029003037,True
TW104239,2026-07-17 08:04:00,2026-07-17 08:23:24,0.6516772295920887,19.4,Motorcycle,31,0.7838469512085445,Low,Clear,Thane West,-0.649626896166154,True
TW100126,2026-07-09 07:27:00,2026-07-09 07:38:00,-0.5474492008975848,11.0,Electric Scooter,22,-1.565430629218215,High,Rain,Airoli,1.5381494190326588,True
TW102957,2026-07-26 01:27:00,2026-07-26 01:35:54,-0.078054315278272,8.9,Electric Scooter,37,-1.0433689446789354,High,Overcast,Kalyan,0.6394150172491089,True
TW104651,2026-07-20 10:52:00,2026-07-20 10:56:00,-0.8866757568913741,4.0,Scooter,24,0.2617852666692662,Medium,Clear,Airoli,1.2762325362271671,True
TW103849,2026-07-29 21:56:00,2026-07-29 22:00:00,-1.0365665607025834,4.0,Motorcycle,29,0.2617852666692662,Low,Clear,Kalyan,-0.6701693967783494,True
TW101986,2026-07-02 20:42:00,2026-07-02 20:49:54,-1.1233454471195992,7.9,Scooter,31,0.5228161089389054,High,Clear,Dombivli,-0.7574750243801799,True
TW100651,2026-07-23 13:29:00,2026-07-23 13:33:00,-0.7367849530801648,4.0,Scooter,25,-0.5213072601396559,Low,Clear,Navi Mumbai,-0.4082525139728578,True
TW100234,2026-07-16 11:49:00,2026-07-16 12:05:18,0.20200481815846094,16.3,Electric Scooter,33,0.2617852666692662,High,Overcast,Navi Mumbai,-0.7420681489210333,True
TW101404,2026-07-07 18:10:00,2026-07-07 18:51:36,2.550951493673595,41.6,Scooter,24,0.5228161089389054,High,Overcast,Airoli,-0.21823438331005007,False
TW100288,2026-07-21 03:30:00,2026-07-21 04:25:30,2.550951493673595,55.5,Scooter,33,0.0007544243996247222,Medium,Clear,Navi Mumbai,-0.9218150292777434,False
TW102841,2026-07-18 01:00:00,2026-07-18 01:07:54,-0.9379541897741562,7.9,Motorcycle,44,-1.565430629218215,Low,Overcast,Mumbra,0.4391256362802035,True
TW102508,2026-07-10 12:38:00,2026-07-10 12:51:00,-0.43700334545774655,13.0,Motorcycle,40,-0.5213072601396559,Medium,Clear,Mulund,-0.31067563606492954,True
TW104119,2026-07-28 09:58:00,2026-07-28 10:13:30,0.7463451056833789,15.5,Scooter,26,-1.3043997869485757,High,Clear,Mumbra,1.0040444031155777,True
TW100198,2026-07-11 17:14:00,2026-07-11 17:25:30,-0.8117303549857694,11.5,Motorcycle,39,1.3059086357478251,Low,Overcast,Mumbra,-0.32094688637102714,True
TW101124,2026-07-27 04:19:00,2026-07-27 04:42:24,1.5983559905049887,23.4,Electric Scooter,25,1.044877793478186,High,Rain,Vashi,-0.07443687902468209,True
TW101812,2026-07-03 08:09:00,2026-07-03 08:23:42,0.11917042657858219,14.7,Motorcycle,34,1.044877793478186,Medium,Rain,Bhandup,-0.0025381268819981576,True
TW102762,2026-07-06 02:12:00,2026-07-06 02:32:06,0.26117224071551737,20.1,Scooter,40,1.8279703202871058,Medium,Clear,Mumbra,-0.7215256483088379,True
TW101642,2026-07-11 11:38:00,2026-07-11 11:46:48,-1.2850697354422196,8.8,Electric Scooter,27,-0.7823381024092951,High,Clear,Vashi,-0.7574750243801799,True
TW104316,2026-07-08 00:45:00,2026-07-08 01:00:54,0.4781194567580569,15.9,Scooter,21,-0.5213072601396559,Low,Clear,Airoli,0.08990312587288121,True
TW100774,2026-07-20 16:18:00,2026-07-20 16:38:30,1.0500712081429342,20.5,Scooter,40,0.0007544243996247222,Medium,Clear,Navi Mumbai,0.16180187801556525,True
TW103378,2026-07-22 20:59:00,2026-07-22 21:11:12,-0.50011526285194,12.2,Scooter,39,1.8279703202871058,High,Rain,Dombivli,0.19775125408690716,True
TW101097,2026-07-15 00:18:00,2026-07-15 00:28:42,-0.1490552223467394,10.7,Electric Scooter,34,-0.7823381024092951,High,Overcast,Ghodbunder Road,-0.11552188024907296,True
TW102185,2026-07-02 02:55:00,2026-07-02 03:12:06,0.3163951684354364,17.1,Scooter,32,-0.7823381024092951,Low,Clear,Mumbra,-0.6753050219313983,True
TW103574,2026-07-17 01:58:00,2026-07-17 02:07:12,-0.7328404582430278,9.2,Motorcycle,31,1.8279703202871058,Medium,Clear,Ghodbunder Road,-0.8139669010637174,True
TW104605,2026-07-21 04:35:00,2026-07-21 04:42:24,-0.6578950563374233,7.4,Motorcycle,39,0.2617852666692662,High,Rain,Bhandup,-0.4904225164216394,True
TW100693,2026-07-28 14:24:00,2026-07-28 14:28:18,-0.5592826854089962,4.3,Scooter,20,-0.26027641787001443,Medium,Clear,Navi Mumbai,-0.7728818998393265,True
TW101627,2026-07-21 12:14:00,2026-07-21 12:27:54,0.39528506517817813,13.9,Motorcycle,25,0.7838469512085445,Medium,Overcast,Thane West,-0.8447806519820106,True
TW100042,2026-07-14 22:34:00,2026-07-14 22:54:06,0.19411582848418696,20.1,Scooter,44,0.2617852666692662,Low,Clear,Ghodbunder Road,0.023139998883246145,True
TW104243,2026-07-27 16:14:00,2026-07-27 16:20:54,-0.9103427259141965,6.9,Motorcycle,37,-0.7823381024092951,Medium,Clear,Vashi,0.3826337595966661,True
TW103209,2026-07-18 11:00:00,2026-07-18 11:07:30,-0.7643964169401245,7.5,Scooter,31,-0.7823381024092951,Low,Rain,Thane West,-0.8858656532064013,True
TW101094,2026-07-18 02:03:00,2026-07-18 02:15:36,-0.2831680468094002,12.6,Scooter,33,0.0007544243996247222,High,Rain,Kalyan,-0.685576272237496,True
TW102807,2026-07-22 05:10:00,2026-07-22 05:14:00,-1.2771807457679454,4.0,Motorcycle,32,0.0007544243996247222,Low,Clear,Vashi,-0.7677462746862777,True
TW101447,2026-07-19 20:44:00,2026-07-19 20:57:48,-0.47250379899198025,13.8,Electric Scooter,37,0.5228161089389054,High,Clear,Vashi,-0.649626896166154,True
TW103440,2026-07-12 15:12:00,2026-07-12 15:16:42,-1.111511962608188,4.7,Motorcycle,40,0.0007544243996247222,Low,Rain,Ghodbunder Road,-0.7061187728496915,True
TW104301,2026-07-03 01:10:00,2026-07-03 01:28:36,0.4386745083866862,18.6,Scooter,30,-0.5213072601396559,Medium,Clear,Airoli,-0.8755944029003037,True
TW100248,2026-07-03 16:12:00,2026-07-03 16:27:42,0.2138383026698723,15.7,Electric Scooter,23,0.0007544243996247222,Medium,Clear,Thane West,-0.5161006421868838,True
TW100708,2026-07-21 03:35:00,2026-07-21 03:42:30,-0.1214437584867797,7.5,Electric Scooter,41,-0.5213072601396559,Medium,Overcast,Mulund,-0.41338813912590666,True
TW103179,2026-07-25 09:15:00,2026-07-25 09:42:30,1.649634423387771,27.5,Motorcycle,33,-2.0874923137574957,Low,Clear,Mulund,2.770699455764384,False
TW102467,2026-07-05 00:47:00,2026-07-05 01:32:48,2.550951493673595,45.8,Scooter,26,-1.3043997869485757,Low,Overcast,Bhandup,0.885925024595454,False
TW102126,2026-07-10 04:36:00,2026-07-10 05:02:36,1.4642431660423278,26.6,Scooter,30,-0.26027641787001443,High,Clear,Dombivli,-0.6290843955539586,False
TW103006,2026-07-02 00:58:00,2026-07-02 01:06:00,-0.6657840460116974,8.0,Scooter,37,0.0007544243996247222,High,Overcast,Bhandup,-0.7317968986149357,True
TW101449,2026-07-19 11:40:00,2026-07-19 11:58:24,0.6516772295920887,18.4,Electric Scooter,38,0.5228161089389054,Low,Clear,Mumbra,-0.6393556458600562,True
TW103678,2026-07-03 09:36:00,2026-07-03 09:40:00,-1.0405110555397203,4.0,Electric Scooter,21,0.0007544243996247222,Low,Clear,Thane West,-0.10525062994297525,True
TW100223,2026-07-25 19:15:00,2026-07-25 19:21:12,-0.9537321691227045,6.2,Electric Scooter,35,-1.0433689446789354,Low,Rain,Kalyan,0.7626700209222813,True
TW100701,2026-07-01 13:17:00,2026-07-01 13:24:48,-0.48433728350339156,7.8,Motorcycle,43,0.0007544243996247222,High,Clear,Mulund,0.12585250194422334,True
TW100689,2026-07-24 00:34:00,2026-07-24 00:38:00,-0.6500060666631491,4.0,Scooter,20,-0.5213072601396559,Medium,Clear,Thane West,-0.39798126366676007,True
TW100664,2026-07-16 05:04:00,2026-07-16 05:12:12,-0.5158932422004882,8.2,Motorcycle,28,0.0007544243996247222,High,Clear,Navi Mumbai,-0.6650337716253005,True
TW104052,2026-07-07 12:04:00,2026-07-07 12:15:18,-0.40150289192351285,11.3,Scooter,38,0.0007544243996247222,High,Clear,Mumbra,-0.8191025262167662,True
TW101876,2026-07-27 15:02:00,2026-07-27 15:19:42,0.09944795239289685,17.7,Motorcycle,35,0.2617852666692662,High,Overcast,Vashi,-0.8191025262167662,True
TW103283,2026-07-18 16:33:00,2026-07-18 16:43:24,-0.3186685003436339,10.4,Electric Scooter,22,-0.7823381024092951,Medium,Rain,Bhandup,-0.6650337716253005,True
TW104219,2026-07-21 17:38:00,2026-07-21 17:57:48,0.4781194567580569,19.8,Scooter,21,-1.565430629218215,Low,Overcast,Bhandup,-0.7985600256045708,True
TW104168,2026-07-18 20:55:00,2026-07-18 20:59:00,-0.5237822318747622,4.0,Motorcycle,21,0.7838469512085445,Low,Clear,Mumbra,0.1053100013320279,True
TW104089,2026-07-20 05:06:00,2026-07-20 05:20:36,0.3282286529468478,14.6,Motorcycle,33,1.3059086357478251,High,Clear,Navi Mumbai,-0.4236593894320044,True
TW101436,2026-07-30 12:41:00,2026-07-30 12:58:30,1.0579601978172084,17.5,Scooter,20,0.2617852666692662,Low,Rain,Kalyan,1.132435031941799,True
TW104501,2026-07-16 09:33:00,2026-07-16 10:02:06,2.3399210198867606,29.1,Scooter,22,-0.5213072601396559,Low,Clear,Thane West,-0.8036956507576197,False
TW101739,2026-07-30 20:47:00,2026-07-30 21:04:00,1.0264042391201118,17.0,Motorcycle,31,0.0007544243996247222,Medium,Clear,Mumbra,-0.7420681489210333,True
TW104590,2026-07-18 13:08:00,2026-07-18 13:25:12,0.26117224071551737,17.2,Motorcycle,34,0.5228161089389054,High,Clear,Bhandup,-0.33121813667712485,True
TW104941,2026-07-01 01:38:00,2026-07-01 01:50:42,-0.46855930415484326,12.7,Scooter,20,-1.3043997869485757,High,Clear,Kalyan,-0.2901331354527341,True
TW104923,2026-07-02 23:10:00,2026-07-02 23:21:36,-0.4803927886662544,11.6,Scooter,31,1.044877793478186,Low,Clear,Bhandup,-0.793424400451522,True
TW104116,2026-07-21 12:21:00,2026-07-21 12:46:36,2.1742522367270034,25.6,Scooter,39,-2.6095539982967764,Low,Overcast,Bhandup,-0.31067563606492954,False
TW100428,2026-07-17 07:24:00,2026-07-17 07:41:48,1.4997436195765617,17.8,Motorcycle,28,-0.5213072601396559,Medium,Clear,Ghodbunder Road,-0.9218150292777434,True
TW104549,2026-07-05 00:42:00,2026-07-05 01:03:24,0.9356808578659587,21.4,Scooter,43,-2.0874923137574957,Medium,Clear,Thane West,-0.7523393992271311,True
TW103310,2026-07-28 03:20:00,2026-07-28 03:26:24,-0.6973400047087941,6.4,Motorcycle,37,-1.565430629218215,Medium,Clear,Mulund,-0.7163900231557891,True
TW103528,2026-07-12 00:16:00,2026-07-12 00:28:48,-0.5237822318747622,12.8,Motorcycle,22,0.5228161089389054,Low,Clear,Ghodbunder Road,-0.8858656532064013,True
TW102073,2026-07-17 18:15:00,2026-07-17 18:19:54,-0.6145056131289152,4.9,Scooter,31,0.5228161089389054,High,Clear,Ghodbunder Road,-0.20282750785090348,True
TW104042,2026-07-16 03:11:00,2026-07-16 03:23:36,-0.014942397884078603,12.6,Scooter,34,0.7838469512085445,High,Clear,Airoli,0.03854687434239261,True
TW103422,2026-07-23 16:41:00,2026-07-23 16:57:36,0.5096754154551536,16.6,Scooter,22,-1.565430629218215,Medium,Rain,Dombivli,-0.9218150292777434,True
TW103807,2026-07-04 16:19:00,2026-07-04 16:33:00,0.5254533948037019,14.0,Scooter,23,-0.5213072601396559,Medium,Clear,Ghodbunder Road,-0.7677462746862777,True
TW103137,2026-07-11 09:19:00,2026-07-11 09:25:12,-0.09383229462682036,6.2,Scooter,31,0.5228161089389054,Medium,Rain,Thane West,-0.151471256320415,True
TW101962,2026-07-05 19:55:00,2026-07-05 20:05:30,-0.5474492008975848,10.5,Motorcycle,26,-2.348523156027136,Low,Rain,Navi Mumbai,-0.8961369035124991,True
TW102139,2026-07-18 10:56:00,2026-07-18 11:01:54,-0.9497876742855675,5.9,Motorcycle,23,1.8279703202871058,Low,Clear,Bhandup,0.22856500500520033,True
TW101016,2026-07-13 08:02:00,2026-07-13 08:11:24,2.550951493673595,9.4,Motorcycle,31,-1.0433689446789354,High,Clear,Thane West,0.6291437669430112,True
TW103390,2026-07-02 00:08:00,2026-07-02 00:19:42,0.028447045324429446,11.7,Electric Scooter,44,0.2617852666692662,Low,Overcast,Thane West,1.8771006791338833,True
TW101727,2026-07-25 21:15:00,2026-07-25 21:19:00,-1.111511962608188,4.0,Scooter,38,1.8279703202871058,High,Rain,Dombivli,-0.03335187780029132,True
TW102276,2026-07-22 19:45:00,2026-07-22 19:52:24,-1.2692917560936712,7.4,Motorcycle,38,-1.0433689446789354,Medium,Clear,Mumbra,-0.9218150292777434,True
TW103642,2026-07-05 18:56:00,2026-07-05 19:03:54,-0.6381725821517378,7.9,Motorcycle,26,-1.0433689446789354,Medium,Rain,Kalyan,0.2337006301582493,True
TW103880,2026-07-27 15:35:00,2026-07-27 15:41:48,-0.788063385962947,6.8,Scooter,21,0.0007544243996247222,Low,Clear,Bhandup,-0.9218150292777434,True
TW103360,2026-07-01 08:02:00,2026-07-01 08:12:18,-0.022831387558352602,10.3,Scooter,32,-1.8264614714878553,Low,Clear,Navi Mumbai,-0.4955581415746883,True
TW101123,2026-07-07 04:51:00,2026-07-07 04:55:06,-0.5711161699204074,4.1,Motorcycle,19,0.7838469512085445,Low,Rain,Ghodbunder Road,-0.9218150292777434,True
TW102838,2026-07-27 07:59:00,2026-07-27 08:04:54,0.0718364885329375,5.9,Scooter,43,0.2617852666692662,High,Clear,Navi Mumbai,-0.2387768839222455,True
TW104161,2026-07-04 06:29:00,2026-07-04 06:36:12,-0.6145056131289152,7.2,Scooter,40,1.3059086357478251,Medium,Overcast,Dombivli,-0.6804406470844471,True
TW101477,2026-07-26 03:30:00,2026-07-26 03:46:18,0.2690612303897917,16.3,Electric Scooter,37,0.2617852666692662,Medium,Rain,Mulund,-0.8242381513698152,True
TW100597,2026-07-03 04:36:00,2026-07-03 05:03:24,1.7482467943161981,27.4,Scooter,35,0.0007544243996247222,Medium,Overcast,Dombivli,-0.9218150292777434,False
TW103246,2026-07-19 06:50:00,2026-07-19 07:01:00,0.040280529835840795,11.0,Electric Scooter,26,1.044877793478186,Medium,Rain,Kalyan,0.20802250439300488,True
TW103123,2026-07-08 19:51:00,2026-07-08 19:59:36,-0.7012844995459311,8.6,Scooter,35,1.8279703202871058,Low,Clear,Mumbra,1.3429956632168023,True
TW101725,2026-07-03 05:47:00,2026-07-03 06:12:36,2.107195824495673,25.6,Electric Scooter,38,-1.565430629218215,Low,Clear,Dombivli,-0.9218150292777434,False
TW104699,2026-07-27 18:05:00,2026-07-27 18:11:12,-0.7249514685687537,6.2,Motorcycle,33,1.5669394780174666,Medium,Rain,Navi Mumbai,-0.5725925188704211,True
TW104232,2026-07-15 12:55:00,2026-07-15 12:59:42,-1.3245146838135904,4.7,Electric Scooter,25,-1.565430629218215,Low,Clear,Airoli,-0.0230806274941936,True
TW104516,2026-07-10 05:16:00,2026-07-10 05:28:30,-0.24372309843802933,12.5,Scooter,41,-0.5213072601396559,High,Rain,Bhandup,-0.6393556458600562,True
TW100587,2026-07-18 21:00:00,2026-07-18 21:29:36,2.550951493673595,29.6,Electric Scooter,34,1.044877793478186,Medium,Clear,Bhandup,1.7641169257668081,False
TW100666,2026-07-18 15:32:00,2026-07-18 15:37:48,-0.9458431794484304,5.8,Scooter,31,1.5669394780174666,High,Overcast,Mulund,0.002597498271050703,True
TW102466,2026-07-14 14:39:00,2026-07-14 15:13:42,2.550951493673595,34.7,Motorcycle,37,1.044877793478186,Medium,Rain,Thane West,-0.7985600256045708,False
TW103172,2026-07-01 01:31:00,2026-07-01 01:58:30,1.3182968570682558,27.5,Motorcycle,30,-0.5213072601396559,Medium,Overcast,Airoli,-0.9218150292777434,False
TW100017,2026-07-27 02:16:00,2026-07-27 02:34:06,1.9060265878016818,18.1,Scooter,20,-0.26027641787001443,Low,Clear,Navi Mumbai,2.5447319490302345,True
TW103937,2026-07-25 10:22:00,2026-07-25 10:31:06,-0.20822264490379563,9.1,Scooter,27,1.8279703202871058,Medium,Overcast,Airoli,-0.7215256483088379,True
TW103285,2026-07-05 06:36:00,2026-07-05 06:40:18,-0.8472308085200033,4.3,Electric Scooter,21,0.0007544243996247222,Low,Clear,Kalyan,-0.4082525139728578,True
TW103571,2026-07-07 14:02:00,2026-07-07 14:12:24,0.0876144678814855,10.4,Motorcycle,36,0.7838469512085445,High,Rain,Airoli,0.4391256362802035,True
TW101955,2026-07-05 17:54:00,2026-07-05 18:00:00,-0.8077858601486324,6.0,Motorcycle,23,-1.565430629218215,Low,Clear,Navi Mumbai,-0.4955581415746883,True
TW104197,2026-07-30 09:50:00,2026-07-30 09:54:00,-0.8077858601486324,4.0,Scooter,22,-0.7823381024092951,Medium,Rain,Kalyan,-0.16687813177956157,True
TW102653,2026-07-28 20:58:00,2026-07-28 21:20:18,0.7108446521491448,22.3,Scooter,19,-1.3043997869485757,Low,Clear,Airoli,0.27478563138263995,True
TW102112,2026-07-07 12:27:00,2026-07-07 12:41:24,0.624065765732129,14.4,Motorcycle,37,0.2617852666692662,High,Clear,Bhandup,2.4009344447448666,True
TW101254,2026-07-26 19:38:00,2026-07-26 19:47:06,-0.3778359229006903,9.1,Motorcycle,23,-0.5213072601396559,Medium,Overcast,Vashi,-0.4801512661155417,True
TW102287,2026-07-07 21:33:00,2026-07-07 21:40:06,-1.2771807457679454,7.1,Scooter,21,-0.5213072601396559,Low,Clear,Mulund,-0.6034062697887143,True
TW104242,2026-07-04 07:33:00,2026-07-04 07:46:06,0.24539426136696899,13.1,Motorcycle,35,-0.26027641787001443,Medium,Rain,Mumbra,-0.7369325237679845,True
TW101497,2026-07-26 22:54:00,2026-07-26 23:04:18,0.028447045324429446,10.3,Motorcycle,38,-0.5213072601396559,High,Clear,Kalyan,-0.7728818998393265,True
TW104185,2026-07-27 02:47:00,2026-07-27 02:58:18,-0.2989460261579486,11.3,Motorcycle,30,-1.565430629218215,High,Clear,Vashi,-0.5828637691765188,True
TW102687,2026-07-07 04:38:00,2026-07-07 04:42:00,-0.9340096949370192,4.0,Scooter,38,-1.3043997869485757,Medium,Clear,Kalyan,-0.8704587777472548,True
TW103228,2026-07-08 22:19:00,2026-07-08 22:23:00,-1.0365665607025834,4.0,Scooter,32,-1.0433689446789354,Low,Rain,Ghodbunder Road,-0.9218150292777434,True
TW101769,2026-07-25 09:25:00,2026-07-25 09:32:48,0.564898343175073,7.8,Scooter,23,1.3059086357478251,Low,Clear,Dombivli,-0.2541837593813921,True
TW102413,2026-07-25 13:14:00,2026-07-25 13:23:06,-0.44094784029488354,9.1,Motorcycle,32,-1.0433689446789354,Low,Clear,Mulund,-0.10525062994297525,True
TW103543,2026-07-30 21:07:00,2026-07-30 21:11:00,-0.9221762104256078,4.0,Scooter,42,0.5228161089389054,Medium,Rain,Vashi,-0.9218150292777434,True
TW102529,2026-07-03 02:14:00,2026-07-03 02:18:00,-0.5395602112233107,4.0,Scooter,33,1.3059086357478251,Low,Clear,Bhandup,-0.33635376183017374,True
TW100645,2026-07-08 16:54:00,2026-07-08 17:01:42,-0.7131179840573423,7.7,Electric Scooter,41,0.2617852666692662,Medium,Clear,Dombivli,-0.38257438820761347,True
TW100456,2026-07-14 08:44:00,2026-07-14 08:53:36,-0.7288959634058907,9.6,Motorcycle,40,0.2617852666692662,Medium,Rain,Vashi,-0.6085418949417631,True
TW102033,2026-07-24 22:57:00,2026-07-24 23:06:06,-0.2476675932751665,9.1,Scooter,44,0.5228161089389054,Medium,Rain,Ghodbunder Road,-0.012809377188095878,True
TW104626,2026-07-29 15:40:00,2026-07-29 15:52:30,0.1428373956014049,12.5,Motorcycle,30,0.2617852666692662,Low,Overcast,Bhandup,-0.4596087655033463,True
TW101318,2026-07-15 02:02:00,2026-07-15 02:19:36,0.8212905075889833,17.6,Scooter,36,-1.0433689446789354,Medium,Overcast,Navi Mumbai,0.5058887632698386,True
TW102644,2026-07-28 06:25:00,2026-07-28 06:29:00,-0.6776175305231086,4.0,Motorcycle,29,-1.3043997869485757,Medium,Overcast,Mumbra,-0.7985600256045708,True
TW101333,2026-07-04 05:06:00,2026-07-04 05:10:00,-1.0996784780967768,4.0,Scooter,44,0.0007544243996247222,Low,Clear,Ghodbunder Road,-0.9218150292777434,True
TW103485,2026-07-07 11:54:00,2026-07-07 12:15:30,1.278851908696885,21.5,Scooter,21,0.7838469512085445,Medium,Clear,Ghodbunder Road,0.4339900111271545,True
TW100812,2026-07-07 03:20:00,2026-07-07 03:24:00,-1.0523445400511318,4.0,Scooter,21,-1.565430629218215,Medium,Clear,Bhandup,0.4031762602088613,True
TW100308,2026-07-14 00:10:00,2026-07-14 00:14:00,-1.4191825599048804,4.0,Scooter,21,-0.26027641787001443,Medium,Rain,Navi Mumbai,-0.31067563606492954,True
TW101006,2026-07-23 19:29:00,2026-07-23 19:42:42,-0.14116623267246522,13.7,Scooter,27,1.5669394780174666,High,Clear,Ghodbunder Road,0.4339900111271545,True
TW100064,2026-07-09 18:54:00,2026-07-09 19:01:48,-0.6263390976403266,7.8,Electric Scooter,39,-0.26027641787001443,Low,Overcast,Kalyan,-0.9218150292777434,True
TW104884,2026-07-12 04:38:00,2026-07-12 04:54:42,0.3755625909924928,16.7,Scooter,39,-1.3043997869485757,Medium,Clear,Bhandup,0.8602468988302095,True
TW104060,2026-07-11 16:55:00,2026-07-11 16:59:00,-0.7643964169401245,4.0,Motorcycle,28,-0.26027641787001443,Medium,Clear,Navi Mumbai,-0.9218150292777434,True
TW101217,2026-07-15 09:02:00,2026-07-15 09:08:18,-0.6618395511745603,6.3,Scooter,44,1.044877793478186,Low,Overcast,Navi Mumbai,0.20802250439300488,True
TW103823,2026-07-15 17:51:00,2026-07-15 17:55:48,-0.5829496544318187,4.8,Motorcycle,32,0.0007544243996247222,High,Clear,Dombivli,-0.8807300280533524,True
TW104339,2026-07-11 06:04:00,2026-07-11 06:15:24,0.0442250246729778,11.4,Scooter,27,-0.7823381024092951,Medium,Clear,Navi Mumbai,-0.2747262599935875,True
TW101577,2026-07-23 14:07:00,2026-07-23 14:25:24,-0.3857249125749645,18.4,Scooter,21,0.7838469512085445,Medium,Clear,Ghodbunder Road,-0.14633563116736614,True
TW104979,2026-07-24 00:02:00,2026-07-24 00:16:48,-0.7052289943830683,14.8,Motorcycle,21,-0.7823381024092951,Medium,Rain,Dombivli,0.4904818878106921,True
TW102490,2026-07-30 11:42:00,2026-07-30 11:46:00,-1.0957339832596396,4.0,Motorcycle,41,-1.565430629218215,Low,Overcast,Navi Mumbai,1.5278781687265608,True
TW103884,2026-07-27 01:38:00,2026-07-27 01:42:48,-0.7131179840573423,4.8,Motorcycle,36,-0.5213072601396559,Medium,Clear,Vashi,0.023139998883246145,True
TW101885,2026-07-30 17:35:00,2026-07-30 17:45:36,-0.5395602112233107,10.6,Scooter,44,-1.3043997869485757,High,Clear,Mumbra,-0.2541837593813921,True
TW104229,2026-07-05 02:26:00,2026-07-05 02:45:24,0.628010260569266,19.4,Scooter,34,-0.26027641787001443,Medium,Rain,Airoli,-0.8191025262167662,True
TW104181,2026-07-20 00:34:00,2026-07-20 00:38:48,-0.0583318410925863,4.8,Scooter,23,0.2617852666692662,Low,Clear,Airoli,-0.8858656532064013,True
TW104836,2026-07-20 03:29:00,2026-07-20 03:45:30,0.3755625909924928,16.5,Motorcycle,25,-0.26027641787001443,Medium,Clear,Dombivli,-0.35176063728932033,True
TW102354,2026-07-20 05:11:00,2026-07-20 05:23:30,0.6319547554064034,12.5,Motorcycle,26,1.044877793478186,Low,Rain,Thane West,-0.8191025262167662,True
TW101237,2026-07-23 13:27:00,2026-07-23 13:54:30,1.9967499690558341,27.5,Electric Scooter,36,-0.26027641787001443,Low,Clear,Vashi,-0.9218150292777434,False
TW101225,2026-07-01 04:03:00,2026-07-01 04:20:36,-0.14116623267246522,17.6,Motorcycle,44,-1.3043997869485757,Medium,Clear,Dombivli,1.2351475350027763,True
TW103199,2026-07-20 22:48:00,2026-07-20 22:53:18,-0.5987276337803671,5.3,Motorcycle,42,-1.0433689446789354,Low,Clear,Vashi,-0.9218150292777434,True
TW103845,2026-07-25 23:21:00,2026-07-25 23:38:48,0.35978461164394443,17.8,Scooter,21,-0.7823381024092951,Medium,Clear,Mumbra,-0.8858656532064013,True
TW102384,2026-07-29 15:05:00,2026-07-29 15:36:12,2.241308648958334,31.2,Motorcycle,41,1.3059086357478251,Medium,Overcast,Airoli,-0.6085418949417631,False
TW100919,2026-07-27 18:45:00,2026-07-27 19:06:48,0.8646799507974913,21.8,Scooter,25,-1.565430629218215,Low,Rain,Vashi,-0.860187527441157,True
TW101928,2026-07-13 23:59:00,2026-07-14 00:21:18,1.669356897573456,22.3,Scooter,24,0.0007544243996247222,Medium,Clear,Kalyan,-0.6701693967783494,True
TW101618,2026-07-18 14:09:00,2026-07-18 14:24:36,0.49784193094374224,15.6,Electric Scooter,31,-0.26027641787001443,Medium,Clear,Vashi,0.6650931430143531,True
TW100084,2026-07-02 04:57:00,2026-07-02 05:01:00,-0.7288959634058907,4.0,Scooter,23,-0.7823381024092951,Medium,Clear,Navi Mumbai,-0.6907118973905447,True
TW103560,2026-07-15 03:09:00,2026-07-15 03:14:30,-0.9734546433083899,5.5,Electric Scooter,36,0.0007544243996247222,Medium,Clear,Mumbra,0.346684383525324,True
TW103576,2026-07-18 21:10:00,2026-07-18 21:36:48,1.9612495155216003,26.8,Motorcycle,44,0.0007544243996247222,High,Clear,Navi Mumbai,-0.31067563606492954,False
TW103034,2026-07-17 19:19:00,2026-07-17 19:28:00,0.2177827975070093,9.0,Scooter,25,1.8279703202871058,High,Clear,Kalyan,2.729614454539993,True
TW100673,2026-07-23 14:54:00,2026-07-23 15:15:30,1.5234105885993843,21.5,Motorcycle,31,0.0007544243996247222,High,Rain,Airoli,-0.8293737765228638,True
TW100186,2026-07-05 10:45:00,2026-07-05 10:59:36,0.4150075393638635,14.6,Electric Scooter,24,0.7838469512085445,Low,Clear,Ghodbunder Road,-0.4236593894320044,True
TW103894,2026-07-14 10:14:00,2026-07-14 10:21:36,-0.8866757568913741,7.6,Motorcycle,34,1.3059086357478251,Low,Clear,Mulund,0.11044562648507665,True
TW101433,2026-07-15 12:52:00,2026-07-15 12:57:42,-0.23977860360089234,5.7,Electric Scooter,32,1.044877793478186,Medium,Clear,Thane West,-0.31067563606492954,True
TW103250,2026-07-10 03:30:00,2026-07-10 03:37:18,-1.072067014236817,7.3,Scooter,37,-0.7823381024092951,Medium,Clear,Ghodbunder Road,-0.028216252647242458,True
TW102939,2026-07-03 03:37:00,2026-07-03 03:52:12,0.024502550487292447,15.2,Motorcycle,36,-2.348523156027136,Medium,Clear,Ghodbunder Road,-0.05389437841248676,True
TW103970,2026-07-23 21:38:00,2026-07-23 21:42:00,-1.0326220658654464,4.0,Scooter,32,0.0007544243996247222,Medium,Clear,Ghodbunder Road,-0.7420681489210333,True
TW104893,2026-07-12 07:36:00,2026-07-12 07:43:00,-0.930065200099882,7.0,Motorcycle,34,0.0007544243996247222,Medium,Clear,Mumbra,0.6599575178613042,True
TW101088,2026-07-30 07:11:00,2026-07-30 07:18:48,-0.5868941492689557,7.8,Scooter,31,-0.7823381024092951,High,Clear,Mulund,-0.3671675127484669,True
TW103147,2026-07-08 17:03:00,2026-07-08 17:07:06,-0.7091734892202053,4.1,Motorcycle,28,0.0007544243996247222,Medium,Rain,Airoli,-0.18742063239175702,True
TW100619,2026-07-08 14:28:00,2026-07-08 14:33:18,-0.8314528291714549,5.3,Scooter,20,-0.26027641787001443,Medium,Rain,Dombivli,2.20578068892901,True
TW104297,2026-07-09 10:51:00,2026-07-09 11:04:30,-1.0365665607025834,13.5,Motorcycle,26,1.3059086357478251,High,Clear,Ghodbunder Road,-0.7728818998393265,True
TW102128,2026-07-25 07:38:00,2026-07-25 07:54:54,-0.224000624252344,16.9,Motorcycle,37,-0.5213072601396559,High,Rain,Vashi,1.66654004785888,True
TW101214,2026-07-04 14:32:00,2026-07-04 14:41:42,-0.882731262054237,9.7,Electric Scooter,21,1.044877793478186,Medium,Overcast,Kalyan,-0.6598981464722518,True
TW101702,2026-07-02 10:12:00,2026-07-02 10:26:36,-0.038609366906900956,14.6,Scooter,20,0.0007544243996247222,Medium,Overcast,Airoli,1.8514225533686386,True
TW103264,2026-07-12 02:10:00,2026-07-12 02:14:36,-0.9497876742855675,4.6,Motorcycle,29,-0.5213072601396559,Medium,Clear,Navi Mumbai,-0.2490481342283432,True
TW102065,2026-07-03 17:23:00,2026-07-03 17:29:24,-0.24372309843802933,6.4,Scooter,20,1.044877793478186,Medium,Rain,Mumbra,6.678910197234563,True
TW100783,2026-07-26 17:28:00,2026-07-26 17:35:36,-0.20822264490379563,7.6,Scooter,21,0.0007544243996247222,Low,Clear,Ghodbunder Road,-0.4185237642789555,True
TW104387,2026-07-22 01:59:00,2026-07-22 02:19:36,0.9751258062373294,20.6,Scooter,22,0.5228161089389054,High,Rain,Dombivli,-0.09497937963687753,True
TW103914,2026-07-22 23:15:00,2026-07-22 23:23:36,-0.9852881278198012,8.6,Electric Scooter,44,0.0007544243996247222,High,Rain,Thane West,1.553556294491805,True
TW103773,2026-07-06 14:26:00,2026-07-06 14:44:00,0.8686244456346283,18.0,Scooter,32,-1.3043997869485757,Low,Clear,Mumbra,2.498511322652795,True
TW101579,2026-07-26 01:13:00,2026-07-26 01:27:30,0.46234147740950854,14.5,Scooter,27,-1.565430629218215,Low,Clear,Ghodbunder Road,-0.18228500723870816,True
TW104928,2026-07-22 08:30:00,2026-07-22 09:20:54,2.550951493673595,50.9,Motorcycle,37,0.5228161089389054,Low,Overcast,Ghodbunder Road,-0.8704587777472548,False
TW104910,2026-07-01 11:48:00,2026-07-01 12:01:48,0.30061718908688806,13.8,Scooter,40,-0.7823381024092951,High,Clear,Navi Mumbai,4.655473886933314,True
TW104475,2026-07-11 21:14:00,2026-07-11 21:30:24,0.5096754154551536,16.4,Scooter,42,0.5228161089389054,High,Rain,Dombivli,-0.22850563361614779,True
TW103403,2026-07-24 17:58:00,2026-07-24 18:20:36,1.3104078673939819,22.6,Motorcycle,27,1.044877793478186,High,Clear,Navi Mumbai,-0.1257931305551707,True
TW101158,2026-07-09 07:30:00,2026-07-09 07:40:42,-0.038609366906900956,10.7,Electric Scooter,36,1.044877793478186,Medium,Rain,Ghodbunder Road,-0.7574750243801799,True
TW102395,2026-07-20 21:26:00,2026-07-20 21:44:18,0.6477327347549517,18.3,Motorcycle,43,-1.0433689446789354,High,Clear,Ghodbunder Road,-0.6188131452478608,True
TW103269,2026-07-06 17:44:00,2026-07-06 17:48:00,-0.930065200099882,4.0,Scooter,42,-0.5213072601396559,High,Clear,Airoli,-0.6239487704009097,True
TW100624,2026-07-07 12:54:00,2026-07-07 13:02:36,-0.6421170769888749,8.6,Scooter,37,-0.5213072601396559,Medium,Clear,Vashi,-0.8293737765228638,True
TW103620,2026-07-01 20:31:00,2026-07-01 21:02:18,2.0361949174272054,31.3,Scooter,20,-0.7823381024092951,High,Clear,Dombivli,-0.31067563606492954,False
TW101365,2026-07-19 12:01:00,2026-07-19 12:17:24,0.7305671263348305,16.4,Motorcycle,27,1.044877793478186,Medium,Clear,Mulund,2.0054913079601047,True
TW102894,2026-07-07 04:39:00,2026-07-07 04:50:54,-0.8669532827056886,11.9,Motorcycle,22,-0.7823381024092951,Medium,Clear,Kalyan,-0.3158112612179784,True
TW103003,2026-07-01 06:55:00,2026-07-01 07:01:42,-0.2121671397409328,6.7,Electric Scooter,44,-1.565430629218215,Low,Rain,Mulund,1.230011909849727,True
TW104068,2026-07-04 10:28:00,2026-07-04 10:46:36,0.5925098070350323,18.6,Scooter,38,0.7838469512085445,Low,Clear,Bhandup,0.21829375469910262,True
TW102220,2026-07-13 09:14:00,2026-07-13 09:34:00,1.8429146704074884,20.0,Scooter,30,0.7838469512085445,Low,Clear,Navi Mumbai,-0.08470812933077981,True
TW102181,2026-07-06 13:07:00,2026-07-06 13:15:00,-0.8117303549857694,8.0,Motorcycle,22,0.7838469512085445,Low,Rain,Dombivli,-0.7472037740740822,True
TW103634,2026-07-28 16:41:00,2026-07-28 16:52:30,0.16650436462422724,11.5,Electric Scooter,39,-0.5213072601396559,High,Clear,Navi Mumbai,-0.5315075176460303,True
TW101000,2026-07-11 17:12:00,2026-07-11 17:16:00,-0.4527813248062949,4.0,Scooter,25,-0.5213072601396559,Low,Clear,Ghodbunder Road,-0.5366431427990792,True
TW103482,2026-07-13 19:56:00,2026-07-13 20:04:30,-0.413336376434924,8.5,Scooter,35,0.0007544243996247222,Low,Clear,Thane West,-0.007673752035047018,True
TW104770,2026-07-30 15:11:00,2026-07-30 15:20:18,-0.16088870685815057,9.3,Motorcycle,35,0.5228161089389054,Medium,Rain,Kalyan,-0.2387768839222455,True
TW104139,2026-07-15 18:43:00,2026-07-15 18:47:00,-1.0562890348882688,4.0,Scooter,22,1.8279703202871058,Low,Clear,Kalyan,-0.9218150292777434,True
TW101084,2026-07-07 07:45:00,2026-07-07 07:51:12,-0.7486184375915762,6.2,Scooter,21,0.7838469512085445,Medium,Clear,Thane West,0.17207312832166297,True
TW100354,2026-07-04 10:12:00,2026-07-04 10:21:06,-1.076011509073954,9.1,Motorcycle,24,0.5228161089389054,Low,Clear,Mumbra,-0.9218150292777434,True
TW103826,2026-07-22 17:47:00,2026-07-22 17:59:00,0.1073369420671712,12.0,Motorcycle,22,1.044877793478186,High,Clear,Bhandup,-0.4852868912685906,True
TW104027,2026-07-14 01:56:00,2026-07-14 02:26:18,1.874470629104585,30.3,Scooter,23,0.2617852666692662,Low,Rain,Kalyan,-0.7780175249923754,False
TW104394,2026-07-17 03:58:00,2026-07-17 04:11:30,1.330130341579667,13.5,Motorcycle,37,0.2617852666692662,Medium,Clear,Vashi,-0.9218150292777434,True
TW101267,2026-07-26 16:24:00,2026-07-26 16:32:54,-0.4527813248062949,8.9,Motorcycle,27,0.5228161089389054,Low,Clear,Dombivli,0.6907712687795973,True
TW104309,2026-07-18 10:19:00,2026-07-18 11:06:48,2.550951493673595,47.8,Scooter,34,0.0007544243996247222,High,Clear,Kalyan,1.66654004785888,False
TW102918,2026-07-26 07:35:00,2026-07-26 07:39:00,-1.3402926631621388,4.0,Scooter,37,1.8279703202871058,Medium,Clear,Mulund,-0.4442018900441998,True
TW100458,2026-07-25 18:24:00,2026-07-25 18:39:48,0.6990111676377339,15.8,Scooter,25,0.5228161089389054,Low,Clear,Kalyan,-0.8293737765228638,True
TW100008,2026-07-22 03:52:00,2026-07-22 04:04:00,-0.20033365522952146,12.0,Scooter,25,0.0007544243996247222,Medium,Clear,Mulund,-0.505829391880786,True
TW103489,2026-07-25 17:50:00,2026-07-25 17:54:00,-1.4073490753934692,4.0,Electric Scooter,25,1.044877793478186,Low,Clear,Bhandup,-0.8653231525942059,True
TW102166,2026-07-02 06:51:00,2026-07-02 07:15:12,0.9948482804230151,24.2,Electric Scooter,39,0.0007544243996247222,Low,Rain,Thane West,-0.9218150292777434,True
TW101204,2026-07-03 21:08:00,2026-07-03 21:19:54,-0.03466487206976395,11.9,Motorcycle,22,0.2617852666692662,Medium,Clear,Mumbra,0.6959068939326463,True
TW103281,2026-07-18 15:21:00,2026-07-18 15:36:48,1.5391885679479322,15.8,Motorcycle,20,-0.5213072601396559,Medium,Clear,Kalyan,-0.20796313300395233,True
TW103977,2026-07-21 15:55:00,2026-07-21 16:11:30,1.3182968570682558,16.5,Scooter,35,0.5228161089389054,High,Clear,Bhandup,-0.6290843955539586,True
TW104021,2026-07-02 06:24:00,2026-07-02 06:43:12,0.616176776057855,19.2,Electric Scooter,31,0.0007544243996247222,Low,Overcast,Bhandup,0.29019250684178666,True
TW102511,2026-07-30 07:51:00,2026-07-30 08:03:30,-0.7998968704743582,12.5,Scooter,33,-1.0433689446789354,Low,Clear,Mulund,-0.6342200207070074,True
TW102971,2026-07-03 00:02:00,2026-07-03 00:06:00,-1.1233454471195992,4.0,Motorcycle,41,-0.7823381024092951,Medium,Clear,Navi Mumbai,-0.012809377188095878,True
TW101541,2026-07-15 17:13:00,2026-07-15 17:28:00,0.6398437450806774,15.0,Motorcycle,31,-1.8264614714878553,Low,Rain,Airoli,-0.685576272237496,True
TW102430,2026-07-13 19:08:00,2026-07-13 19:14:54,-0.7170624788944795,6.9,Electric Scooter,36,1.044877793478186,High,Rain,Navi Mumbai,-0.37230313790151576,True
TW102585,2026-07-05 00:10:00,2026-07-05 00:22:48,-0.3423354693664564,12.8,Scooter,36,-1.565430629218215,Low,Clear,Mulund,-0.6239487704009097,True
TW100715,2026-07-15 12:35:00,2026-07-15 12:39:48,-0.3896694074121015,4.8,Electric Scooter,29,0.5228161089389054,Medium,Overcast,Mumbra,-0.3671675127484669,True
TW100443,2026-07-18 05:28:00,2026-07-18 05:32:00,-1.1233454471195992,4.0,Scooter,30,-2.0874923137574957,Medium,Rain,Navi Mumbai,-0.9218150292777434,True
TW102938,2026-07-27 15:09:00,2026-07-27 15:26:30,1.1210721152114016,17.5,Scooter,35,1.8279703202871058,Medium,Clear,Kalyan,0.7113137693917927,True
TW104085,2026-07-08 10:35:00,2026-07-08 10:43:12,-0.6776175305231086,8.2,Motorcycle,23,-1.565430629218215,Medium,Rain,Vashi,-0.9218150292777434,True
TW103684,2026-07-13 19:26:00,2026-07-13 19:32:36,-1.0286775710283091,6.6,Scooter,23,1.3059086357478251,High,Clear,Bhandup,3.2945332213753673,True
TW102058,2026-07-04 18:53:00,2026-07-04 19:04:30,0.09550345755575984,11.5,Motorcycle,29,0.5228161089389054,Low,Rain,Mulund,1.019451278574724,True
TW102062,2026-07-17 12:07:00,2026-07-17 12:12:48,-0.7367849530801648,5.8,Scooter,40,0.0007544243996247222,High,Clear,Dombivli,-0.8858656532064013,True
TW100191,2026-07-19 00:36:00,2026-07-19 00:42:18,-1.0444555503768576,6.3,Motorcycle,39,-0.7823381024092951,High,Rain,Kalyan,0.46993938719849665,True
TW102096,2026-07-11 00:18:00,2026-07-11 00:27:00,-0.43305885062060934,9.0,Scooter,19,0.2617852666692662,Low,Clear,Dombivli,0.01800437373019717,True
TW100424,2026-07-23 16:21:00,2026-07-23 16:28:12,-1.020788581354035,7.2,Scooter,30,-0.5213072601396559,Low,Clear,Airoli,0.1053100013320279,True
TW101072,2026-07-12 03:24:00,2026-07-12 03:47:24,1.1250166100485388,23.4,Scooter,27,-0.26027641787001443,High,Clear,Thane West,0.3826337595966661,True
TW101643,2026-07-20 03:05:00,2026-07-20 03:09:12,-0.8708977775428258,4.2,Motorcycle,24,-0.26027641787001443,Low,Clear,Vashi,-0.4544731403502974,True
TW102694,2026-07-12 23:45:00,2026-07-12 23:57:36,-0.3186685003436339,12.6,Scooter,33,-0.7823381024092951,Medium,Clear,Mumbra,1.2967750368393622,True
TW101389,2026-07-10 02:50:00,2026-07-10 02:54:00,-1.4625720031133884,4.0,Scooter,25,0.5228161089389054,Low,Rain,Navi Mumbai,0.12585250194422334,True
TW100181,2026-07-09 06:42:00,2026-07-09 06:56:24,-0.10961027397536871,14.4,Scooter,29,1.5669394780174666,Medium,Clear,Thane West,0.13612375225032083,True
TW101680,2026-07-14 11:50:00,2026-07-14 12:09:12,0.43078551871241183,19.2,Electric Scooter,31,0.7838469512085445,Low,Clear,Kalyan,2.0260338085723,True
TW103735,2026-07-14 21:02:00,2026-07-14 21:06:00,-0.9142872207513337,4.0,Scooter,26,1.3059086357478251,High,Rain,Vashi,0.15153062770946754,True
TW102427,2026-07-14 21:59:00,2026-07-14 22:32:12,2.221586174772648,33.2,Motorcycle,20,0.0007544243996247222,High,Clear,Bhandup,-0.3928456385137112,False
TW100787,2026-07-04 19:09:00,2026-07-04 19:30:24,1.1723505480941836,21.4,Electric Scooter,33,0.0007544243996247222,Medium,Clear,Dombivli,1.1991981589314342,True
TW102628,2026-07-10 20:04:00,2026-07-10 20:48:54,2.550951493673595,44.9,Electric Scooter,27,1.8279703202871058,High,Overcast,Thane West,3.0685657146412177,False
TW101350,2026-07-08 15:49:00,2026-07-08 16:07:12,1.2709629190226106,18.2,Motorcycle,20,1.8279703202871058,High,Rain,Navi Mumbai,-0.6753050219313983,True
TW101490,2026-07-07 20:31:00,2026-07-07 21:01:54,2.0677508761243013,30.9,Scooter,26,0.0007544243996247222,High,Clear,Navi Mumbai,0.9835019025033822,False
TW104618,2026-07-29 06:53:00,2026-07-29 07:29:42,2.1900302160755514,36.7,Scooter,42,-0.5213072601396559,Low,Overcast,Mumbra,0.8397043982180141,False
TW103553,2026-07-28 02:35:00,2026-07-28 02:39:06,-0.7131179840573423,4.1,Motorcycle,25,0.2617852666692662,Medium,Rain,Bhandup,0.1772087534747117,True
TW104967,2026-07-16 16:10:00,2026-07-16 16:16:54,-1.1075674677710508,6.9,Scooter,21,0.2617852666692662,High,Overcast,Mulund,-0.9166794041246945,True
TW101600,2026-07-03 10:33:00,2026-07-03 10:41:30,-0.2200561294152068,8.5,Motorcycle,41,0.0007544243996247222,High,Clear,Ghodbunder Road,-0.793424400451522,True
TW104986,2026-07-02 13:33:00,2026-07-02 13:43:00,-0.6302835924774636,10.0,Motorcycle,39,0.2617852666692662,High,Clear,Bhandup,-0.6188131452478608,True
TW102366,2026-07-01 01:13:00,2026-07-01 01:33:48,1.2117954964655546,20.8,Scooter,20,0.0007544243996247222,Low,Rain,Mulund,-0.6034062697887143,True
TW103580,2026-07-01 00:55:00,2026-07-01 01:01:12,-0.68945101503452,6.2,Scooter,26,-1.0433689446789354,Low,Overcast,Airoli,-0.8499162771350594,True
TW104216,2026-07-01 01:10:00,2026-07-01 01:33:30,2.550951493673595,23.5,Motorcycle,24,-2.348523156027136,Medium,Clear,Bhandup,0.4391256362802035,True
TW102431,2026-07-15 02:53:00,2026-07-15 03:07:06,0.28878370457547703,14.1,Electric Scooter,42,-0.7823381024092951,Medium,Rain,Vashi,-0.8961369035124991,True
TW100522,2026-07-22 05:57:00,2026-07-22 06:06:54,-0.5237822318747622,9.9,Scooter,27,-0.5213072601396559,Low,Overcast,Dombivli,0.3672268841375194,True
TW101900,2026-07-07 12:52:00,2026-07-07 12:57:36,-1.0010661071683495,5.6,Scooter,36,-0.26027641787001443,High,Clear,Mumbra,0.5469737644942294,True
TW102985,2026-07-15 11:31:00,2026-07-15 11:51:18,1.176295042931321,20.3,Motorcycle,29,1.044877793478186,Low,Rain,Navi Mumbai,-0.8755944029003037,True
TW104102,2026-07-12 07:35:00,2026-07-12 07:39:30,-0.7170624788944795,4.5,Scooter,27,0.2617852666692662,Medium,Clear,Navi Mumbai,1.9181856803582742,True
TW104513,2026-07-12 08:26:00,2026-07-12 08:44:12,0.35584011680680744,18.2,Motorcycle,31,0.2617852666692662,High,Clear,Vashi,1.0913500307174082,True
TW102274,2026-07-04 15:06:00,2026-07-04 15:15:54,-0.3186685003436339,9.9,Electric Scooter,27,-1.8264614714878553,High,Clear,Bhandup,2.0568475594905933,True
TW102601,2026-07-13 03:17:00,2026-07-13 03:29:06,-0.007053408209804253,12.1,Motorcycle,27,0.0007544243996247222,Medium,Rain,Vashi,0.0796318755667835,True
TW101001,2026-07-23 18:01:00,2026-07-23 18:18:48,1.1565725687456356,17.8,Scooter,27,1.044877793478186,Medium,Clear,Vashi,0.7729412712283791,True
TW101373,2026-07-20 15:19:00,2026-07-20 15:23:00,-0.417280871272061,4.0,Motorcycle,27,-0.7823381024092951,Medium,Clear,Bhandup,-0.649626896166154,True
TW100916,2026-07-27 18:27:00,2026-07-27 18:38:12,-0.5158932422004882,11.2,Motorcycle,29,-0.26027641787001443,Medium,Clear,Vashi,0.04881812464849033,True
TW100826,2026-07-07 03:30:00,2026-07-07 03:38:00,0.17439335429850158,8.0,Scooter,33,0.7838469512085445,Medium,Clear,Mumbra,1.7949306766851016,True
TW100526,2026-07-17 06:56:00,2026-07-17 07:00:00,-1.3205701889764532,4.0,Motorcycle,30,1.3059086357478251,Low,Clear,Ghodbunder Road,-0.9218150292777434,True
TW102422,2026-07-22 19:56:00,2026-07-22 20:00:06,-0.022831387558352602,4.1,Motorcycle,35,0.0007544243996247222,Medium,Clear,Navi Mumbai,-0.9218150292777434,True
TW102001,2026-07-19 01:11:00,2026-07-19 01:29:24,0.1467818904385419,18.4,Scooter,36,0.2617852666692662,Medium,Rain,Mulund,-0.08470812933077981,True
TW101546,2026-07-14 22:34:00,2026-07-14 22:38:00,-0.4567258196434319,4.0,Motorcycle,38,1.044877793478186,Medium,Clear,Kalyan,-0.4647443906563951,True
TW103564,2026-07-24 01:35:00,2026-07-24 01:48:48,0.0442250246729778,13.8,Scooter,35,0.0007544243996247222,High,Rain,Navi Mumbai,-0.469880015809444,True
TW102944,2026-07-28 09:25:00,2026-07-28 09:36:18,-0.275279057135126,11.3,Scooter,20,-1.3043997869485757,Low,Clear,Navi Mumbai,-0.7780175249923754,True
TW101136,2026-07-20 13:23:00,2026-07-20 13:33:00,-0.7328404582430278,10.0,Motorcycle,24,-0.26027641787001443,Low,Overcast,Bhandup,-0.9218150292777434,True
TW103906,2026-07-07 12:51:00,2026-07-07 13:05:00,-0.6736730356859716,14.0,Scooter,43,0.2617852666692662,High,Clear,Mulund,0.1053100013320279,True
TW104468,2026-07-06 04:55:00,2026-07-06 05:04:12,-0.36205794355214194,9.2,Scooter,37,-0.7823381024092951,Medium,Clear,Navi Mumbai,-0.9218150292777434,True
TW100278,2026-07-09 15:22:00,2026-07-09 15:39:48,0.42289652903813785,17.8,Electric Scooter,26,0.0007544243996247222,Medium,Rain,Mulund,-0.4647443906563951,True
TW103713,2026-07-12 12:16:00,2026-07-12 12:20:00,-1.2022353438623408,4.0,Motorcycle,24,-0.26027641787001443,Low,Clear,Thane West,-0.08984375448382867,True
TW100882,2026-07-21 10:46:00,2026-07-21 10:55:18,-0.2516120881123035,9.3,Motorcycle,24,1.044877793478186,Medium,Rain,Vashi,-0.9218150292777434,True
TW100737,2026-07-03 01:30:00,2026-07-03 01:55:00,1.8389701755703514,25.0,Scooter,43,1.044877793478186,High,Clear,Airoli,-0.8755944029003037,True
TW102926,2026-07-05 01:13:00,2026-07-05 01:17:00,-1.5138504359961704,4.0,Motorcycle,44,-0.5213072601396559,Medium,Clear,Dombivli,-0.18228500723870816,True
TW103614,2026-07-09 06:19:00,2026-07-09 06:23:00,-1.4665164979505254,4.0,Scooter,34,1.3059086357478251,Medium,Rain,Bhandup,-0.6753050219313983,True
TW104794,2026-07-17 05:11:00,2026-07-17 05:18:42,-0.7328404582430278,7.7,Scooter,21,0.0007544243996247222,Low,Overcast,Bhandup,0.20802250439300488,True
TW100610,2026-07-03 08:06:00,2026-07-03 08:14:24,-0.7091734892202053,8.4,Scooter,22,0.7838469512085445,Medium,Overcast,Ghodbunder Road,1.0040444031155777,True
TW103789,2026-07-23 21:39:00,2026-07-23 21:43:54,-0.5080042525262141,4.9,Scooter,21,0.2617852666692662,Low,Clear,Vashi,-0.09497937963687753,True
TW100294,2026-07-04 02:15:00,2026-07-04 02:24:06,-0.6776175305231086,9.1,Scooter,22,0.5228161089389054,Medium,Clear,Bhandup,0.7215850196978905,True
TW100504,2026-07-03 01:24:00,2026-07-03 01:40:18,0.4465634980609602,16.3,Scooter,41,-0.7823381024092951,Low,Rain,Ghodbunder Road,-0.9218150292777434,True
TW101659,2026-07-07 02:44:00,2026-07-07 02:58:48,-0.2871125416465374,14.8,Motorcycle,19,-1.565430629218215,Low,Clear,Mulund,-0.9012725286655479,True
TW102119,2026-07-03 22:39:00,2026-07-03 22:53:18,0.1822823439727756,14.3,Scooter,24,-1.0433689446789354,High,Overcast,Vashi,-0.2695906348405387,True
TW101717,2026-07-20 05:02:00,2026-07-20 05:24:18,1.32618584674253,22.3,Scooter,44,-0.26027641787001443,Medium,Clear,Vashi,-0.37230313790151576,True
TW104882,2026-07-07 19:35:00,2026-07-07 19:52:30,-0.16483320169528776,17.5,Motorcycle,28,-0.5213072601396559,High,Clear,Vashi,-0.06416562871858436,True
TW104349,2026-07-07 23:50:00,2026-07-07 23:54:00,-0.8590642930314144,4.0,Scooter,22,0.2617852666692662,Low,Overcast,Vashi,-0.3158112612179784,True
TW101182,2026-07-09 20:23:00,2026-07-09 20:39:24,0.2177827975070093,16.4,Scooter,25,0.2617852666692662,Medium,Overcast,Vashi,-0.8704587777472548,True
TW103201,2026-07-24 06:56:00,2026-07-24 07:09:48,-0.026775882395489604,13.8,Scooter,28,0.0007544243996247222,Low,Rain,Airoli,-0.37230313790151576,True
TW100547,2026-07-08 23:30:00,2026-07-08 23:37:30,-0.275279057135126,7.5,Scooter,31,1.5669394780174666,Medium,Rain,Vashi,-0.012809377188095878,True
TW102756,2026-07-13 15:41:00,2026-07-13 15:45:00,-0.8353973240085919,4.0,Scooter,29,-0.5213072601396559,Medium,Clear,Vashi,-0.6085418949417631,True
TW100003,2026-07-28 08:53:00,2026-07-28 09:09:00,0.4781194567580569,16.0,Scooter,33,0.7838469512085445,High,Rain,Dombivli,-0.9218150292777434,True
TW100978,2026-07-07 16:24:00,2026-07-07 16:45:12,1.4129647331595458,21.2,Scooter,43,-0.7823381024092951,Medium,Clear,Ghodbunder Road,-0.6136775200948119,True
TW101143,2026-07-23 17:09:00,2026-07-23 17:19:54,-0.054387346255449304,10.9,Motorcycle,40,1.8279703202871058,Low,Clear,Thane West,-0.5109650170338349,True
TW104922,2026-07-14 23:08:00,2026-07-14 23:12:00,-1.0286775710283091,4.0,Scooter,27,0.5228161089389054,Medium,Clear,Mulund,-0.5006937667277371,True
TW101877,2026-07-25 16:30:00,2026-07-25 16:41:48,-0.271334562297989,11.8,Scooter,22,-1.0433689446789354,Low,Clear,Mulund,-0.7317968986149357,True
TW101573,2026-07-23 16:14:00,2026-07-23 16:25:42,-0.2989460261579486,11.7,Motorcycle,26,-0.5213072601396559,Medium,Rain,Airoli,4.696558888157705,True
TW103740,2026-07-20 07:51:00,2026-07-20 08:04:54,-0.10566577913823136,13.9,Scooter,42,-0.5213072601396559,Low,Rain,Mumbra,-0.8910012783594502,True
TW102608,2026-07-02 10:55:00,2026-07-02 11:22:18,2.550951493673595,27.3,Scooter,28,-0.7823381024092951,Medium,Clear,Bhandup,-0.31067563606492954,False
TW104972,2026-07-20 03:57:00,2026-07-20 04:20:54,0.7463451056833789,23.9,Scooter,19,0.7838469512085445,Low,Clear,Mumbra,-0.5315075176460303,True
TW103652,2026-07-02 16:54:00,2026-07-02 17:00:18,-0.6066166234546412,6.3,Motorcycle,25,-0.5213072601396559,Medium,Overcast,Ghodbunder Road,0.26965000622959123,True
TW100835,2026-07-07 03:50:00,2026-07-07 03:58:36,-0.46855930415484326,8.6,Scooter,26,-1.8264614714878553,Low,Clear,Airoli,-0.9218150292777434,True
TW103146,2026-07-26 10:59:00,2026-07-26 11:13:12,0.06789199369580015,14.2,Scooter,40,0.0007544243996247222,High,Overcast,Airoli,-0.8396450268289616,True
TW103254,2026-07-15 06:49:00,2026-07-15 06:53:48,-0.366002438389279,4.8,Motorcycle,40,-0.7823381024092951,Medium,Clear,Mumbra,-0.048758753259437904,True
TW103510,2026-07-07 11:56:00,2026-07-07 12:00:00,-0.7525629324287132,4.0,Scooter,35,-0.7823381024092951,Low,Clear,Dombivli,-0.7780175249923754,True
TW102892,2026-07-28 11:49:00,2026-07-28 12:05:18,0.29667269424975107,16.3,Scooter,44,-0.26027641787001443,High,Clear,Navi Mumbai,0.6856356436265485,True
TW103114,2026-07-10 19:38:00,2026-07-10 19:46:30,-0.022831387558352602,8.5,Electric Scooter,22,0.0007544243996247222,Low,Clear,Mulund,-0.8653231525942059,True
TW103414,2026-07-19 03:19:00,2026-07-19 03:27:12,-0.275279057135126,8.2,Scooter,22,1.5669394780174666,Medium,Clear,Mulund,1.2762325362271671,True
TW100197,2026-07-06 19:34:00,2026-07-06 19:45:30,-0.5356157163861737,11.5,Scooter,29,0.0007544243996247222,Low,Clear,Mumbra,0.3364131332192263,True
TW100611,2026-07-14 00:48:00,2026-07-14 01:21:00,1.6180784646906745,33.0,Motorcycle,21,1.8279703202871058,Medium,Clear,Airoli,0.32614188291312857,False
TW103219,2026-07-13 00:09:00,2026-07-13 00:13:30,-0.9537321691227045,4.5,Motorcycle,23,-0.7823381024092951,High,Rain,Mulund,-0.5879993943295678,True
TW102524,2026-07-29 01:44:00,2026-07-29 01:51:12,-1.076011509073954,7.2,Scooter,24,0.2617852666692662,Medium,Clear,Mulund,-0.9218150292777434,True
TW101802,2026-07-11 17:12:00,2026-07-11 17:23:36,-0.1293327481610539,11.6,Motorcycle,39,0.2617852666692662,Medium,Clear,Mumbra,0.48534626265764313,True
TW101140,2026-07-03 05:40:00,2026-07-03 05:50:00,-0.5198377370376253,10.0,Scooter,41,0.0007544243996247222,Low,Clear,Dombivli,-0.4801512661155417,True
TW101021,2026-07-04 21:33:00,2026-07-04 21:50:00,0.35978461164394443,17.0,Scooter,31,-0.26027641787001443,Low,Clear,Bhandup,-0.9218150292777434,True
TW102475,2026-07-28 08:05:00,2026-07-28 08:14:54,0.0718364885329375,9.9,Scooter,37,0.0007544243996247222,Low,Clear,Dombivli,-0.38257438820761347,True
TW104525,2026-07-15 02:24:00,2026-07-15 02:36:12,0.16255986978709025,12.2,Scooter,43,-2.348523156027136,Medium,Clear,Ghodbunder Road,-0.5725925188704211,True
TW102439,2026-07-17 10:21:00,2026-07-17 10:34:00,0.20200481815846094,13.0,Scooter,36,0.0007544243996247222,Medium,Clear,Thane West,-0.9012725286655479,True
TW101818,2026-07-19 18:01:00,2026-07-19 18:14:12,0.9238473733545474,13.2,Scooter,26,0.7838469512085445,Medium,Overcast,Vashi,-0.9218150292777434,True
TW104379,2026-07-19 05:30:00,2026-07-19 05:35:06,-1.1825128696766554,5.1,Scooter,35,0.5228161089389054,High,Clear,Bhandup,-0.9218150292777434,True
TW100497,2026-07-30 01:32:00,2026-07-30 01:49:42,0.9277918681916847,17.7,Scooter,33,-0.7823381024092951,Low,Overcast,Mulund,-0.8191025262167662,True
TW104960,2026-07-14 23:29:00,2026-07-14 23:35:00,-0.6736730356859716,6.0,Motorcycle,23,1.044877793478186,Medium,Clear,Bhandup,-0.6907118973905447,True
TW104527,2026-07-02 16:04:00,2026-07-02 16:11:36,-0.2831680468094002,7.6,Motorcycle,25,0.0007544243996247222,Low,Overcast,Dombivli,0.17207312832166297,True
TW104696,2026-07-11 22:13:00,2026-07-11 22:21:00,-1.0799560039110911,8.0,Scooter,23,-0.7823381024092951,Medium,Clear,Mumbra,0.21315812954605387,True
TW104047,2026-07-07 03:56:00,2026-07-07 04:05:12,0.16255986978709025,9.2,Electric Scooter,40,1.044877793478186,Medium,Overcast,Bhandup,-0.685576272237496,True
TW104140,2026-07-17 05:46:00,2026-07-17 06:10:00,2.0677508761243013,24.0,Scooter,21,0.0007544243996247222,Medium,Rain,Thane West,0.9372812761259424,True
TW101570,2026-07-15 06:16:00,2026-07-15 06:26:12,-0.8945647465656483,10.2,Motorcycle,37,-1.565430629218215,Medium,Clear,Mumbra,0.11044562648507665,True
TW100062,2026-07-12 05:38:00,2026-07-12 05:42:00,-1.2416802922337118,4.0,Motorcycle,35,-0.7823381024092951,Low,Clear,Dombivli,-0.8499162771350594,True
TW103919,2026-07-18 11:06:00,2026-07-18 11:18:42,0.580676322523621,12.7,Motorcycle,24,0.5228161089389054,Medium,Rain,Thane West,-0.31067563606492954,True
TW100713,2026-07-30 15:43:00,2026-07-30 15:47:00,-1.3442371579992758,4.0,Motorcycle,28,0.0007544243996247222,Low,Overcast,Mulund,-0.8550519022881081,True
TW100752,2026-07-20 11:55:00,2026-07-20 12:10:06,0.024502550487292447,15.1,Scooter,22,1.8279703202871058,Medium,Clear,Mumbra,-0.36203188759541804,True
TW101222,2026-07-30 16:59:00,2026-07-30 17:10:06,-1.348181652836413,11.1,Scooter,26,0.7838469512085445,Low,Overcast,Dombivli,0.3364131332192263,True
TW100970,2026-07-01 06:58:00,2026-07-01 07:03:18,-0.9221762104256078,5.3,Motorcycle,37,1.044877793478186,Low,Clear,Mulund,-0.33121813667712485,True
TW100808,2026-07-09 11:08:00,2026-07-09 11:16:00,-1.1430679213052846,8.0,Motorcycle,31,0.2617852666692662,Medium,Clear,Thane West,-0.6958475225435937,True
TW102105,2026-07-12 03:18:00,2026-07-12 03:33:24,-0.5987276337803671,15.4,Motorcycle,44,-0.26027641787001443,Low,Rain,Dombivli,-0.5161006421868838,True
TW103750,2026-07-27 17:46:00,2026-07-27 17:51:12,-0.8432863136828661,5.2,Scooter,28,0.7838469512085445,Medium,Clear,Ghodbunder Road,-0.9218150292777434,True
TW103455,2026-07-30 07:33:00,2026-07-30 07:41:24,0.024502550487292447,8.4,Scooter,32,0.7838469512085445,Medium,Clear,Thane West,-0.3004043857588318,True
TW101927,2026-07-13 20:20:00,2026-07-13 20:24:00,-1.1391234264681473,4.0,Electric Scooter,33,0.7838469512085445,Low,Rain,Vashi,-0.9218150292777434,True
TW101188,2026-07-09 05:39:00,2026-07-09 05:43:00,-0.7328404582430278,4.0,Scooter,38,0.5228161089389054,High,Clear,Vashi,0.6240081417899622,True
TW103129,2026-07-11 00:26:00,2026-07-11 00:39:42,-0.10566577913823136,13.7,Scooter,40,-0.26027641787001443,Low,Clear,Vashi,-0.7882887752984731,True
TW101970,2026-07-22 12:41:00,2026-07-22 12:55:42,1.0697936823286196,14.7,Scooter,23,-0.7823381024092951,Low,Overcast,Airoli,-0.8653231525942059,True
TW104383,2026-07-05 19:56:00,2026-07-05 20:08:06,0.1152259317414452,12.1,Scooter,44,0.0007544243996247222,Medium,Clear,Airoli,-0.5674568937173723,True
TW101446,2026-07-17 07:06:00,2026-07-17 07:20:36,0.4031740548524525,14.6,Motorcycle,41,-0.5213072601396559,Medium,Clear,Navi Mumbai,-0.9218150292777434,True
TW104820,2026-07-09 17:21:00,2026-07-09 17:30:24,-0.1885001707181103,9.4,Scooter,23,1.044877793478186,High,Clear,Airoli,-0.10525062994297525,True
TW100716,2026-07-12 23:20:00,2026-07-12 23:24:36,-0.36205794355214194,4.6,Motorcycle,31,0.5228161089389054,High,Clear,Navi Mumbai,-0.4442018900441998,True
TW101882,2026-07-03 17:32:00,2026-07-03 17:55:00,1.23151797065124,23.0,Scooter,31,-0.26027641787001443,Medium,Clear,Mumbra,-0.9218150292777434,True
TW101299,2026-07-15 20:08:00,2026-07-15 20:13:12,-0.6460615718260119,5.2,Electric Scooter,37,0.0007544243996247222,Medium,Clear,Vashi,2.349578193214378,True
TW101675,2026-07-18 14:37:00,2026-07-18 14:44:12,-0.6223946028031894,7.2,Motorcycle,37,-0.5213072601396559,Medium,Clear,Thane West,-0.8242381513698152,True
TW100986,2026-07-12 17:04:00,2026-07-12 17:08:00,-1.0326220658654464,4.0,Electric Scooter,33,1.8279703202871058,Medium,Clear,Dombivli,1.1375706570948478,True
TW100140,2026-07-11 11:57:00,2026-07-11 12:01:00,-0.49617076801480275,4.0,Electric Scooter,40,-0.5213072601396559,Medium,Clear,Mumbra,-0.9218150292777434,True
TW103352,2026-07-18 20:13:00,2026-07-18 20:17:00,-0.9063982310770595,4.0,Motorcycle,44,0.7838469512085445,High,Clear,Mumbra,0.885925024595454,True
TW101923,2026-07-01 18:35:00,2026-07-01 19:00:00,1.3892977641367235,25.0,Electric Scooter,41,-1.565430629218215,High,Clear,Thane West,-0.8139669010637174,True
TW104293,2026-07-28 03:41:00,2026-07-28 03:46:54,-0.6105611182917782,5.9,Scooter,24,1.3059086357478251,Medium,Clear,Mulund,-0.9218150292777434,True
TW101111,2026-07-08 14:03:00,2026-07-08 14:14:48,-0.22794511908948098,11.8,Motorcycle,23,-1.3043997869485757,Medium,Clear,Thane West,-0.5623212685643234,True
TW100377,2026-07-21 01:28:00,2026-07-21 01:32:36,-0.744673942754439,4.6,Scooter,25,-0.7823381024092951,Low,Rain,Ghodbunder Road,-0.8088312759106685,True
TW101799,2026-07-26 14:33:00,2026-07-26 14:37:06,-1.2219578180480262,4.1,Scooter,42,-0.7823381024092951,Low,Rain,Dombivli,-0.9218150292777434,True
TW102766,2026-07-18 22:14:00,2026-07-18 22:18:12,-1.0365665607025834,4.2,Electric Scooter,36,-1.0433689446789354,Low,Clear,Bhandup,1.1221637816357013,True
TW101636,2026-07-03 11:06:00,2026-07-03 11:22:12,0.46234147740950854,16.2,Motorcycle,39,-1.3043997869485757,High,Rain,Thane West,0.2953281319948354,True
TW104921,2026-07-02 20:49:00,2026-07-02 20:56:54,-0.5316712215490365,7.9,Electric Scooter,32,0.0007544243996247222,Low,Rain,Thane West,-0.11552188024907296,True
TW103294,2026-07-23 18:34:00,2026-07-23 18:43:54,0.22961628201842066,9.9,Motorcycle,20,0.0007544243996247222,High,Clear,Mulund,-0.9218150292777434,True
TW100499,2026-07-11 20:42:00,2026-07-11 20:54:00,0.628010260569266,12.0,Electric Scooter,37,1.3059086357478251,Medium,Clear,Airoli,1.9438638061235185,True
TW102066,2026-07-03 00:20:00,2026-07-03 00:30:30,-0.9576766639598415,10.5,Scooter,36,-0.5213072601396559,Low,Rain,Dombivli,-0.8088312759106685,True
TW104509,2026-07-07 18:51:00,2026-07-07 19:13:42,1.791636237524706,22.7,Motorcycle,44,-1.565430629218215,Medium,Rain,Thane West,-0.7163900231557891,True
TW101279,2026-07-30 17:00:00,2026-07-30 17:09:54,-0.10566577913823136,9.9,Motorcycle,37,-0.5213072601396559,Medium,Clear,Bhandup,-0.8036956507576197,True
TW103431,2026-07-03 06:24:00,2026-07-03 06:31:12,-0.1529997171838764,7.2,Scooter,33,0.0007544243996247222,Medium,Clear,Navi Mumbai,-0.6188131452478608,True
TW103082,2026-07-10 00:37:00,2026-07-10 00:53:54,0.844957476611806,16.9,Scooter,43,-0.7823381024092951,High,Overcast,Thane West,-0.5777281440234701,True
TW102334,2026-07-30 18:23:00,2026-07-30 18:32:24,-0.31472400550649693,9.4,Scooter,22,1.044877793478186,Medium,Clear,Dombivli,-0.11552188024907296,True
TW100366,2026-07-04 07:25:00,2026-07-04 07:35:36,0.08366997304434849,10.6,Scooter,36,1.044877793478186,High,Rain,Ghodbunder Road,-0.7112543980027402,True
TW104428,2026-07-30 16:03:00,2026-07-30 16:08:54,-0.9852881278198012,5.9,Scooter,41,0.7838469512085445,Low,Clear,Airoli,0.8448400233710631,True
TW101674,2026-07-04 14:35:00,2026-07-04 14:45:36,0.0481695195101148,10.6,Scooter,19,0.7838469512085445,High,Clear,Dombivli,-0.4647443906563951,True
TW102429,2026-07-08 16:49:00,2026-07-08 17:11:12,1.1526280739084982,22.2,Scooter,29,1.8279703202871058,Low,Clear,Navi Mumbai,-0.8961369035124991,True
TW103639,2026-07-27 16:11:00,2026-07-27 16:19:36,0.03633603499870345,8.6,Motorcycle,27,-0.26027641787001443,Medium,Clear,Mulund,-0.5777281440234701,True
TW103801,2026-07-15 13:08:00,2026-07-15 13:21:00,-0.882731262054237,13.0,Motorcycle,39,-0.5213072601396559,Medium,Rain,Mulund,-0.4904225164216394,True
TW100966,2026-07-12 05:09:00,2026-07-12 05:13:00,-1.3639596321849614,4.0,Scooter,34,1.3059086357478251,Low,Clear,Navi Mumbai,-0.2490481342283432,True
TW102225,2026-07-11 14:04:00,2026-07-11 14:08:00,-0.9892326226569382,4.0,Motorcycle,19,0.5228161089389054,Medium,Rain,Mulund,0.3364131332192263,True
TW103271,2026-07-30 12:47:00,2026-07-30 12:51:00,-1.111511962608188,4.0,Electric Scooter,21,-0.7823381024092951,Medium,Rain,Ghodbunder Road,-0.505829391880786,True
TW102598,2026-07-30 08:59:00,2026-07-30 09:21:06,0.8922914146574507,22.1,Motorcycle,29,1.3059086357478251,Low,Clear,Dombivli,-0.12065750540212183,True
TW104938,2026-07-07 17:36:00,2026-07-07 18:04:54,1.1920730222798692,28.9,Motorcycle,24,-2.6095539982967764,Medium,Clear,Dombivli,-0.9218150292777434,False
TW100237,2026-07-25 21:09:00,2026-07-25 21:29:24,1.6811903820848677,20.4,Electric Scooter,23,0.7838469512085445,Medium,Clear,Bhandup,-0.31067563606492954,True
TW104252,2026-07-21 23:43:00,2026-07-22 00:09:42,1.7561357839904723,26.7,Electric Scooter,32,1.044877793478186,High,Clear,Airoli,-0.6958475225435937,False
TW102333,2026-07-19 21:44:00,2026-07-19 21:58:36,0.22567178718128364,14.6,Scooter,29,0.0007544243996247222,High,Clear,Mumbra,-0.8345094016759128,True
TW101018,2026-07-08 04:41:00,2026-07-08 04:45:00,-1.0839004987482284,4.0,Scooter,27,-0.5213072601396559,Medium,Clear,Mumbra,-0.4801512661155417,True
TW102345,2026-07-27 07:30:00,2026-07-27 07:50:12,0.4662859722466459,20.2,Electric Scooter,40,-1.3043997869485757,Medium,Rain,Mulund,-0.5879993943295678,True
TW104688,2026-07-28 17:32:00,2026-07-28 17:59:18,1.7640247736647463,27.3,Scooter,36,1.044877793478186,High,Clear,Thane West,2.914496960049752,False
TW104463,2026-07-11 05:56:00,2026-07-11 06:03:12,-0.7643964169401245,7.2,Motorcycle,39,-2.6095539982967764,Low,Clear,Vashi,0.1309881270972721,True
TW101145,2026-07-17 13:32:00,2026-07-17 13:48:42,0.5609538483379356,16.7,Scooter,35,-0.26027641787001443,Medium,Clear,Mulund,0.3107350074539821,True
TW102817,2026-07-14 15:03:00,2026-07-14 15:17:18,-0.10961027397536871,14.3,Motorcycle,33,-0.5213072601396559,High,Rain,Ghodbunder Road,-0.9218150292777434,True
TW100639,2026-07-29 03:07:00,2026-07-29 03:14:24,-0.511948747363351,7.4,Scooter,26,-0.26027641787001443,Medium,Rain,Airoli,-0.03848750295334018,True
TW100305,2026-07-25 19:30:00,2026-07-25 19:34:00,-0.4488368299691577,4.0,Motorcycle,44,-0.26027641787001443,Low,Clear,Ghodbunder Road,-0.048758753259437904,True
TW103644,2026-07-27 05:34:00,2026-07-27 05:41:48,-0.30289052099508573,7.8,Motorcycle,40,-0.5213072601396559,High,Clear,Kalyan,-0.9166794041246945,True
TW104682,2026-07-07 06:53:00,2026-07-07 06:57:00,-0.5158932422004882,4.0,Motorcycle,27,1.044877793478186,High,Clear,Mulund,-0.6804406470844471,True
TW104843,2026-07-11 14:10:00,2026-07-11 14:21:24,0.844957476611806,11.4,Electric Scooter,24,0.5228161089389054,Low,Overcast,Dombivli,-0.4236593894320044,True
TW103579,2026-07-19 23:47:00,2026-07-20 00:08:24,2.4779783391865586,21.4,Motorcycle,43,-0.26027641787001443,Low,Rain,Thane West,0.9424169012789914,True
TW104400,2026-07-09 04:33:00,2026-07-09 04:43:12,-0.5947831389432299,10.2,Motorcycle,40,0.2617852666692662,Low,Clear,Thane West,-0.4082525139728578,True
TW102953,2026-07-22 20:39:00,2026-07-22 20:58:54,0.9830147959116038,19.9,Motorcycle,38,-0.5213072601396559,Medium,Rain,Bhandup,0.26451438107654224,True
TW104564,2026-07-06 00:12:00,2026-07-06 00:16:30,-1.2022353438623408,4.5,Scooter,25,0.0007544243996247222,High,Clear,Vashi,-0.3004043857588318,True
TW101453,2026-07-05 06:06:00,2026-07-05 06:10:00,-1.2929587251164938,4.0,Scooter,34,-1.565430629218215,Medium,Overcast,Airoli,-0.7317968986149357,True
TW104602,2026-07-22 16:39:00,2026-07-22 17:00:48,0.8331239921003946,21.8,Scooter,39,0.5228161089389054,High,Clear,Vashi,-0.6034062697887143,True
TW102491,2026-07-24 14:21:00,2026-07-24 14:35:00,0.3045616839240254,14.0,Motorcycle,34,1.044877793478186,High,Clear,Thane West,0.033411249189343864,True
TW104931,2026-07-20 06:44:00,2026-07-20 06:52:42,-1.1233454471195992,8.7,Scooter,22,-0.26027641787001443,Low,Clear,Vashi,1.378945039288144,True
TW101495,2026-07-05 16:00:00,2026-07-05 16:26:42,1.322241351905393,26.7,Motorcycle,25,0.0007544243996247222,Low,Clear,Mumbra,-0.4596087655033463,False
TW100889,2026-07-27 12:02:00,2026-07-27 12:51:18,2.550951493673595,49.3,Scooter,40,1.3059086357478251,Medium,Overcast,Navi Mumbai,-0.7574750243801799,False
TW104617,2026-07-23 20:49:00,2026-07-23 21:00:06,-0.050442851418312305,11.1,Motorcycle,44,0.2617852666692662,Medium,Clear,Vashi,0.32614188291312857,True
TW102537,2026-07-14 21:43:00,2026-07-14 21:49:36,-0.42911435578347235,6.6,Scooter,36,-0.5213072601396559,High,Clear,Mumbra,-0.34662501213627145,True
TW101480,2026-07-12 06:08:00,2026-07-12 06:25:12,1.1092386306999906,17.2,Motorcycle,37,0.0007544243996247222,Medium,Clear,Ghodbunder Road,-0.012809377188095878,True
TW101426,2026-07-05 19:53:00,2026-07-05 19:57:00,-0.7801743962886729,4.0,Scooter,34,-1.3043997869485757,High,Rain,Mulund,-0.9218150292777434,True
TW101513,2026-07-19 02:08:00,2026-07-19 02:14:06,-0.788063385962947,6.1,Motorcycle,29,-0.26027641787001443,High,Rain,Thane West,-0.4596087655033463,True
TW100653,2026-07-11 19:08:00,2026-07-11 19:28:54,0.4110630445267265,20.9,Scooter,22,0.0007544243996247222,Medium,Overcast,Navi Mumbai,1.5792344202570496,True
TW101500,2026-07-05 08:56:00,2026-07-05 09:20:12,1.3814087744624493,24.2,Motorcycle,33,-0.7823381024092951,Low,Overcast,Bhandup,1.6511331723997336,True
TW103406,2026-07-02 04:16:00,2026-07-02 04:36:48,1.0737381771657566,20.8,Motorcycle,43,0.5228161089389054,Medium,Clear,Dombivli,-0.5315075176460303,True
TW103372,2026-07-26 19:28:00,2026-07-26 19:42:00,0.040280529835840795,14.0,Motorcycle,37,0.5228161089389054,Low,Clear,Mumbra,0.8191618976058187,True
TW100630,2026-07-14 02:58:00,2026-07-14 03:19:54,0.3085061787611624,21.9,Electric Scooter,24,0.5228161089389054,Low,Clear,Mumbra,-0.6188131452478608,True
TW101234,2026-07-16 12:33:00,2026-07-16 12:37:00,-0.48433728350339156,4.0,Electric Scooter,29,1.044877793478186,Medium,Clear,Bhandup,0.6650931430143531,True
TW104523,2026-07-08 11:32:00,2026-07-08 11:41:54,-0.07410982044113465,9.9,Scooter,26,-1.3043997869485757,High,Overcast,Ghodbunder Road,-0.7626106495332288,True
TW103771,2026-07-03 19:15:00,2026-07-03 19:32:42,0.0521140143472518,17.7,Scooter,26,0.5228161089389054,High,Clear,Thane West,-0.22337000846309893,True
TW104080,2026-07-02 03:04:00,2026-07-02 03:08:00,-1.2653472612565342,4.0,Scooter,32,1.044877793478186,Medium,Clear,Bhandup,0.3826337595966661,True
TW104672,2026-07-05 11:49:00,2026-07-05 12:02:06,0.028447045324429446,13.1,Motorcycle,36,-1.0433689446789354,Medium,Clear,Thane West,1.1940625337783854,True
TW101578,2026-07-20 23:56:00,2026-07-21 00:17:00,1.1289611048856758,21.0,Motorcycle,24,-2.6095539982967764,Medium,Overcast,Bhandup,-0.8858656532064013,True
TW104796,2026-07-28 04:55:00,2026-07-28 05:05:00,-0.46461480931770605,10.0,Motorcycle,37,-0.26027641787001443,Medium,Rain,Dombivli,0.4493968865863012,True
TW101803,2026-07-15 17:56:00,2026-07-15 18:05:48,-0.7998968704743582,9.8,Motorcycle,41,-1.8264614714878553,Medium,Clear,Vashi,1.8616938036747366,True
TW104690,2026-07-12 11:29:00,2026-07-12 11:33:06,-0.8432863136828661,4.1,Motorcycle,43,1.8279703202871058,High,Rain,Mumbra,2.2211875643881567,True
TW100785,2026-07-26 13:36:00,2026-07-26 13:46:36,0.10339244723003385,10.6,Motorcycle,32,-0.7823381024092951,High,Rain,Airoli,-0.7780175249923754,True
TW104731,2026-07-09 22:13:00,2026-07-09 22:17:36,-0.9142872207513337,4.6,Motorcycle,20,1.044877793478186,Low,Clear,Kalyan,-0.4236593894320044,True
TW103060,2026-07-01 18:55:00,2026-07-01 19:18:36,0.7700120747062013,23.6,Scooter,26,-0.5213072601396559,Low,Overcast,Kalyan,-0.9218150292777434,True
TW103277,2026-07-01 20:01:00,2026-07-01 20:11:18,0.008724571138744096,10.3,Scooter,33,0.0007544243996247222,High,Clear,Dombivli,1.0451294043399686,True
TW101103,2026-07-17 05:18:00,2026-07-17 05:22:00,-0.1845556758809731,4.0,Scooter,30,0.2617852666692662,Medium,Overcast,Ghodbunder Road,-0.6342200207070074,True
TW100566,2026-07-08 09:05:00,2026-07-08 09:36:54,2.550951493673595,31.9,Motorcycle,38,0.2617852666692662,Low,Clear,Kalyan,-0.33635376183017374,False
TW103513,2026-07-07 05:19:00,2026-07-07 05:37:42,0.6832331882891854,18.7,Scooter,39,-1.565430629218215,Medium,Rain,Dombivli,0.3774981344436172,True
TW103841,2026-07-26 15:05:00,2026-07-26 15:26:36,0.8410129817746687,21.6,Scooter,44,-0.7823381024092951,Low,Clear,Kalyan,1.0913500307174082,True
TW101020,2026-07-21 22:09:00,2026-07-21 22:28:12,0.7542340953576528,19.2,Scooter,38,0.0007544243996247222,High,Clear,Bhandup,-0.8704587777472548,True
TW102417,2026-07-19 10:37:00,2026-07-19 10:41:36,-0.6026721286175041,4.6,Scooter,32,-0.7823381024092951,High,Clear,Kalyan,-0.38771001336066235,True
TW102818,2026-07-18 02:59:00,2026-07-18 03:17:54,0.6792886934520481,18.9,Motorcycle,32,0.7838469512085445,High,Overcast,Vashi,-0.7317968986149357,True
TW101611,2026-07-04 05:45:00,2026-07-04 05:51:48,-0.1806111810438361,6.8,Scooter,35,1.3059086357478251,Medium,Overcast,Mumbra,0.5367025141881318,True
TW104687,2026-07-05 03:47:00,2026-07-05 03:57:42,-0.46855930415484326,10.7,Motorcycle,39,-1.0433689446789354,Low,Clear,Mulund,-0.5931350194826165,True
TW100568,2026-07-27 15:18:00,2026-07-27 15:37:42,0.8015680334032979,19.7,Motorcycle,35,-0.26027641787001443,Medium,Clear,Mumbra,0.4904818878106921,True
TW102037,2026-07-17 22:30:00,2026-07-17 22:38:30,-0.693395509871657,8.5,Motorcycle,30,-2.870584840566415,Medium,Clear,Thane West,-0.8345094016759128,True
TW104090,2026-07-04 18:18:00,2026-07-04 18:31:48,0.33217314778398477,13.8,Scooter,21,0.0007544243996247222,High,Clear,Kalyan,0.4339900111271545,True
TW100825,2026-07-07 18:05:00,2026-07-07 18:09:36,-1.0523445400511318,4.6,Motorcycle,34,-0.5213072601396559,Medium,Clear,Bhandup,-0.2130987581570012,True
TW101159,2026-07-16 15:12:00,2026-07-16 15:27:30,-0.5277267267118995,15.5,Electric Scooter,30,0.0007544243996247222,Low,Clear,Thane West,0.7369918951570371,True
TW100095,2026-07-24 22:52:00,2026-07-24 22:57:06,2.550951493673595,5.1,Electric Scooter,32,-0.5213072601396559,Low,Clear,Mulund,1.1272994067887505,True
TW101351,2026-07-28 02:43:00,2026-07-28 03:03:06,0.7108446521491448,20.1,Motorcycle,24,-1.565430629218215,High,Clear,Dombivli,-0.34662501213627145,True
TW100222,2026-07-24 03:25:00,2026-07-24 03:42:54,1.2196844861398286,17.9,Scooter,43,1.044877793478186,High,Clear,Ghodbunder Road,0.11044562648507665,True
TW101796,2026-07-21 08:42:00,2026-07-21 08:49:48,-0.275279057135126,7.8,Scooter,25,0.7838469512085445,High,Overcast,Airoli,-0.32094688637102714,True
TW102699,2026-07-04 23:29:00,2026-07-04 23:34:24,-0.24372309843802933,5.4,Motorcycle,43,0.0007544243996247222,High,Rain,Navi Mumbai,-0.4647443906563951,True
TW101142,2026-07-12 10:27:00,2026-07-12 10:46:30,0.03633603499870345,19.5,Electric Scooter,20,1.8279703202871058,Low,Overcast,Airoli,-0.7369325237679845,True
TW104957,2026-07-16 12:20:00,2026-07-16 12:25:54,-0.7170624788944795,5.9,Motorcycle,41,-1.8264614714878553,High,Clear,Kalyan,-0.8807300280533524,True
TW102089,2026-07-08 12:57:00,2026-07-08 13:27:42,1.3932422589738604,30.7,Motorcycle,21,0.5228161089389054,Low,Overcast,Airoli,-0.19769188269785462,False
TW104325,2026-07-12 16:33:00,2026-07-12 16:40:24,-0.6578950563374233,7.4,Electric Scooter,33,1.044877793478186,Low,Clear,Navi Mumbai,0.18748000378080945,True
TW100964,2026-07-19 22:35:00,2026-07-19 22:42:24,-0.3857249125749645,7.4,Motorcycle,21,-1.8264614714878553,Medium,Clear,Bhandup,-0.2901331354527341,True
TW100899,2026-07-03 03:52:00,2026-07-03 03:59:12,-0.7486184375915762,7.2,Scooter,32,0.5228161089389054,Low,Clear,Airoli,0.5469737644942294,True
TW100249,2026-07-04 06:14:00,2026-07-04 06:28:42,-0.050442851418312305,14.7,Scooter,27,0.2617852666692662,Medium,Clear,Vashi,-0.2130987581570012,True
TW103796,2026-07-13 07:02:00,2026-07-13 07:26:54,1.3695752899510378,24.9,Motorcycle,40,-1.3043997869485757,High,Clear,Mulund,0.3107350074539821,True
TW101804,2026-07-09 07:33:00,2026-07-09 07:52:30,0.7818455592176126,19.5,Motorcycle,35,0.0007544243996247222,High,Clear,Dombivli,-0.7472037740740822,True
TW102912,2026-07-06 23:03:00,2026-07-06 23:16:48,0.4031740548524525,13.8,Electric Scooter,36,0.0007544243996247222,Medium,Overcast,Thane West,-0.4287950145850532,True
TW102781,2026-07-20 21:05:00,2026-07-20 21:10:54,-0.6184501079660524,5.9,Motorcycle,29,1.8279703202871058,Low,Clear,Dombivli,2.2211875643881567,True
TW104761,2026-07-24 07:30:00,2026-07-24 07:47:12,1.3616863002767639,17.2,Scooter,21,0.5228161089389054,High,Rain,Thane West,1.389216289594242,True
TW100461,2026-07-02 15:48:00,2026-07-02 15:54:48,-1.3284591786507274,6.8,Scooter,29,-1.565430629218215,Medium,Clear,Mulund,-0.9218150292777434,True
TW103547,2026-07-07 07:46:00,2026-07-07 08:14:48,2.0480284019386166,28.8,Motorcycle,27,1.8279703202871058,Medium,Clear,Mumbra,-0.5212362673399326,False
TW102682,2026-07-24 04:52:00,2026-07-24 05:04:54,0.7739565695433382,12.9,Scooter,37,-1.3043997869485757,Medium,Clear,Thane West,0.46993938719849665,True
TW104584,2026-07-08 18:20:00,2026-07-08 18:32:18,0.7857900540547496,12.3,Electric Scooter,37,-0.26027641787001443,Low,Clear,Kalyan,0.45453251173934994,True
TW102231,2026-07-03 18:52:00,2026-07-03 19:04:00,-0.6697285408488345,12.0,Motorcycle,43,1.3059086357478251,High,Clear,Ghodbunder Road,-0.07957250417773094,True
TW104227,2026-07-15 17:16:00,2026-07-15 17:20:00,-0.8511753033571403,4.0,Motorcycle,24,1.5669394780174666,High,Clear,Bhandup,-0.8910012783594502,True
TW103549,2026-07-13 03:29:00,2026-07-13 03:35:42,-1.3126811993021792,6.7,Scooter,29,0.0007544243996247222,Medium,Overcast,Kalyan,-0.7728818998393265,True
TW100888,2026-07-01 00:15:00,2026-07-01 00:23:42,-0.46067031448056905,8.7,Motorcycle,29,0.7838469512085445,Low,Clear,Dombivli,0.880789399442405,True
TW100711,2026-07-09 04:26:00,2026-07-09 04:31:36,-0.5908386441060929,5.6,Motorcycle,39,0.5228161089389054,Medium,Clear,Thane West,-0.38771001336066235,True
TW103312,2026-07-20 17:27:00,2026-07-20 17:31:30,-1.1943463541880666,4.5,Scooter,31,-1.0433689446789354,Medium,Clear,Dombivli,-0.9218150292777434,True
TW102245,2026-07-03 22:54:00,2026-07-03 22:59:36,-0.7170624788944795,5.6,Electric Scooter,19,-0.26027641787001443,Low,Clear,Dombivli,0.25937875592349346,True
TW102349,2026-07-16 09:10:00,2026-07-16 09:14:00,-1.1549014058166958,4.0,Electric Scooter,35,-0.26027641787001443,High,Rain,Mumbra,-0.03848750295334018,True
TW102341,2026-07-09 19:28:00,2026-07-09 20:01:42,2.217641679935511,33.7,Motorcycle,26,0.5228161089389054,Low,Clear,Mulund,-0.9218150292777434,False
TW100491,2026-07-01 21:12:00,2026-07-01 21:21:48,-0.5868941492689557,9.8,Motorcycle,32,0.2617852666692662,Low,Clear,Mulund,1.9079144300521762,True
TW103231,2026-07-20 18:30:00,2026-07-20 18:46:42,2.550951493673595,16.7,Scooter,25,-1.3043997869485757,Medium,Clear,Mulund,-0.32094688637102714,True
TW102701,2026-07-21 20:09:00,2026-07-21 20:20:12,-0.5711161699204074,11.2,Scooter,23,-3.1316156828360557,High,Clear,Ghodbunder Road,3.207227593773537,True
TW102775,2026-07-30 15:57:00,2026-07-30 16:05:06,-0.8156748498229066,8.1,Motorcycle,37,0.0007544243996247222,Low,Clear,Airoli,0.04368249949544158,True
TW102972,2026-07-23 03:51:00,2026-07-23 03:58:48,-0.078054315278272,7.8,Electric Scooter,21,-0.7823381024092951,High,Clear,Airoli,-0.5161006421868838,True
TW100123,2026-07-15 08:15:00,2026-07-15 08:21:24,-1.0050106020054865,6.4,Electric Scooter,25,0.7838469512085445,High,Clear,Thane West,-0.34662501213627145,True
TW102332,2026-07-01 06:12:00,2026-07-01 06:43:48,2.550951493673595,31.8,Motorcycle,38,-1.565430629218215,High,Clear,Ghodbunder Road,0.32614188291312857,False
TW102806,2026-07-13 22:26:00,2026-07-13 22:52:48,1.9454715361730524,26.8,Motorcycle,32,1.8279703202871058,Low,Clear,Bhandup,-0.16687813177956157,False
TW103720,2026-07-03 04:30:00,2026-07-03 04:58:30,1.562855536970755,28.5,Motorcycle,39,-0.26027641787001443,High,Clear,Navi Mumbai,1.6716756730119289,False
TW100617,2026-07-14 15:04:00,2026-07-14 15:31:06,1.8705261342674473,27.1,Scooter,21,1.044877793478186,Low,Clear,Ghodbunder Road,-0.11038625509602411,False
TW101561,2026-07-21 00:06:00,2026-07-21 00:35:36,1.3025188777197074,29.6,Motorcycle,19,-0.7823381024092951,Low,Clear,Bhandup,-0.7266612734618869,False
TW104795,2026-07-10 11:32:00,2026-07-10 11:45:00,0.3361176426211221,13.0,Scooter,38,0.2617852666692662,Low,Clear,Mulund,-0.4031168888198089,True
TW103516,2026-07-01 22:49:00,2026-07-01 22:56:12,-0.744673942754439,7.2,Scooter,36,1.8279703202871058,High,Clear,Bhandup,0.08476750071983247,True
TW101149,2026-07-07 22:05:00,2026-07-07 22:09:00,-1.1746238800023812,4.0,Scooter,41,0.7838469512085445,Medium,Overcast,Vashi,-0.3671675127484669,True
TW101976,2026-07-28 21:09:00,2026-07-28 21:20:00,-0.7565074272658504,11.0,Scooter,28,1.5669394780174666,Low,Rain,Kalyan,-0.5725925188704211,True
TW102733,2026-07-20 11:20:00,2026-07-20 11:25:06,-0.7565074272658504,5.1,Scooter,25,-0.26027641787001443,High,Clear,Navi Mumbai,4.249759499842455,True
TW103484,2026-07-04 17:26:00,2026-07-04 17:36:36,0.12705941625285655,10.6,Scooter,27,0.2617852666692662,Medium,Rain,Navi Mumbai,-0.9218150292777434,True
TW101697,2026-07-23 06:02:00,2026-07-23 06:07:06,-0.5316712215490365,5.1,Scooter,40,-0.26027641787001443,Medium,Clear,Vashi,-0.7728818998393265,True
TW100764,2026-07-24 12:00:00,2026-07-24 12:04:00,-1.111511962608188,4.0,Scooter,44,0.5228161089389054,Medium,Clear,Kalyan,-0.05903000356553562,True
TW102154,2026-07-23 18:02:00,2026-07-23 18:06:54,-0.8590642930314144,4.9,Scooter,35,1.044877793478186,Medium,Rain,Airoli,-0.4852868912685906,True
TW100695,2026-07-14 20:33:00,2026-07-14 20:38:30,-0.5277267267118995,5.5,Electric Scooter,34,0.5228161089389054,Low,Clear,Ghodbunder Road,-0.7985600256045708,True
TW103524,2026-07-13 10:59:00,2026-07-13 11:03:00,-1.0602335297254057,4.0,Scooter,27,0.2617852666692662,Medium,Overcast,Ghodbunder Road,-0.505829391880786,True
TW101266,2026-07-16 05:20:00,2026-07-16 05:28:18,-0.03466487206976395,8.3,Motorcycle,30,0.7838469512085445,Low,Overcast,Vashi,-0.9218150292777434,True
TW101950,2026-07-20 23:05:00,2026-07-20 23:09:18,-1.2771807457679454,4.3,Motorcycle,44,-0.7823381024092951,High,Overcast,Bhandup,-0.6907118973905447,True
TW104067,2026-07-21 17:40:00,2026-07-21 17:44:00,-0.8432863136828661,4.0,Scooter,30,-0.5213072601396559,Medium,Rain,Kalyan,-0.4544731403502974,True
TW104911,2026-07-18 22:46:00,2026-07-18 23:00:30,0.7463451056833789,14.5,Scooter,29,0.0007544243996247222,Medium,Clear,Navi Mumbai,-0.541778767952128,True
TW102820,2026-07-12 14:34:00,2026-07-12 14:39:18,-0.9971216123312124,5.3,Motorcycle,42,0.5228161089389054,Low,Rain,Ghodbunder Road,-0.8036956507576197,True
TW103907,2026-07-29 02:15:00,2026-07-29 02:19:00,-0.8156748498229066,4.0,Scooter,35,-0.26027641787001443,Low,Rain,Airoli,0.6702287681674018,True
TW102108,2026-07-07 20:06:00,2026-07-07 20:12:12,-0.8275083343343178,6.2,Motorcycle,33,0.5228161089389054,Medium,Clear,Kalyan,-0.9218150292777434,True
TW102298,2026-07-12 12:53:00,2026-07-12 12:57:00,-1.0286775710283091,4.0,Motorcycle,33,1.044877793478186,High,Rain,Navi Mumbai,-0.9218150292777434,True
TW102202,2026-07-18 11:34:00,2026-07-18 11:45:36,-0.224000624252344,11.6,Motorcycle,21,-2.0874923137574957,High,Clear,Mulund,-0.793424400451522,True
TW102019,2026-07-18 17:27:00,2026-07-18 17:39:42,-0.3817804177378273,12.7,Motorcycle,20,0.2617852666692662,Medium,Rain,Mumbra,0.5110243884228876,True
TW104868,2026-07-20 11:21:00,2026-07-20 11:29:54,-0.33839097452931943,8.9,Motorcycle,21,-0.26027641787001443,Low,Rain,Dombivli,3.1764138428552435,True
TW103966,2026-07-14 09:59:00,2026-07-14 10:03:42,-0.030720377232626953,4.7,Scooter,33,-0.7823381024092951,High,Clear,Thane West,-0.2387768839222455,True
TW104291,2026-07-13 16:13:00,2026-07-13 16:17:00,-1.020788581354035,4.0,Scooter,32,0.2617852666692662,High,Rain,Mumbra,1.2351475350027763,True
TW104356,2026-07-13 08:35:00,2026-07-13 08:44:00,-0.2950015313208116,9.0,Scooter,22,0.5228161089389054,Low,Clear,Navi Mumbai,-0.31067563606492954,True
TW103680,2026-07-14 19:41:00,2026-07-14 19:48:36,-0.8156748498229066,7.6,Motorcycle,24,0.7838469512085445,Medium,Overcast,Mumbra,0.10017437617897894,True
TW102835,2026-07-21 12:18:00,2026-07-21 12:37:30,1.0382377236315228,19.5,Scooter,27,0.7838469512085445,Medium,Clear,Bhandup,-0.5777281440234701,True
TW104179,2026-07-28 20:19:00,2026-07-28 20:26:30,-0.7012844995459311,7.5,Scooter,26,-0.26027641787001443,Medium,Clear,Vashi,0.3620912589844707,True
TW104766,2026-07-04 01:42:00,2026-07-04 01:49:24,-1.016844086516898,7.4,Scooter,35,0.2617852666692662,High,Clear,Vashi,0.3826337595966661,True
TW102212,2026-07-06 09:03:00,2026-07-06 09:23:18,0.7581785901947898,20.3,Electric Scooter,30,-0.26027641787001443,Low,Overcast,Vashi,-0.5828637691765188,True
TW103515,2026-07-16 13:47:00,2026-07-16 13:55:48,0.2927281994126141,8.8,Scooter,38,0.7838469512085445,High,Clear,Mulund,0.4339900111271545,True
TW101558,2026-07-29 02:46:00,2026-07-29 02:57:36,0.2808947149012027,11.6,Motorcycle,37,1.5669394780174666,Medium,Rain,Vashi,0.4391256362802035,True
TW100310,2026-07-08 10:49:00,2026-07-08 10:56:18,-0.7604519221029874,7.3,Motorcycle,20,-0.5213072601396559,Low,Overcast,Dombivli,0.9989087779625286,True
TW102045,2026-07-05 14:46:00,2026-07-05 15:00:48,0.0757809833700745,14.8,Electric Scooter,33,-0.5213072601396559,Medium,Clear,Thane West,-0.6188131452478608,True
TW104995,2026-07-10 14:50:00,2026-07-10 15:00:54,0.6713997037777741,10.9,Motorcycle,27,0.5228161089389054,Medium,Clear,Mumbra,-0.9218150292777434,True
TW101307,2026-07-03 06:27:00,2026-07-03 06:41:24,0.8331239921003946,14.4,Scooter,28,1.3059086357478251,Low,Clear,Dombivli,-0.31067563606492954,True
TW103319,2026-07-09 12:28:00,2026-07-09 12:32:24,-0.7998968704743582,4.4,Motorcycle,19,-0.5213072601396559,Low,Overcast,Airoli,-0.6650337716253005,True
TW100127,2026-07-19 03:02:00,2026-07-19 03:16:12,0.17439335429850158,14.2,Electric Scooter,30,-2.870584840566415,Medium,Clear,Airoli,-0.4442018900441998,True
TW104503,2026-07-09 10:18:00,2026-07-09 10:26:24,-0.32655749001790807,8.4,Scooter,39,-1.0433689446789354,Medium,Overcast,Vashi,-0.39798126366676007,True
TW101830,2026-07-26 09:13:00,2026-07-26 09:24:42,-0.022831387558352602,11.7,Motorcycle,21,0.5228161089389054,High,Clear,Mumbra,0.5880587657186204,True
TW100103,2026-07-07 21:25:00,2026-07-07 21:37:36,-0.10961027397536871,12.6,Motorcycle,26,0.5228161089389054,Low,Clear,Thane West,0.7678056460753303,True
TW101330,2026-07-08 11:31:00,2026-07-08 11:49:36,-0.038609366906900956,18.6,Electric Scooter,42,1.3059086357478251,High,Clear,Bhandup,-0.22850563361614779,True
TW103686,2026-07-05 01:21:00,2026-07-05 01:26:18,-1.2495692819079858,5.3,Motorcycle,23,0.0007544243996247222,Low,Clear,Thane West,0.11044562648507665,True
TW103565,2026-07-26 15:58:00,2026-07-26 16:14:00,-0.1293327481610539,16.0,Scooter,31,0.0007544243996247222,High,Clear,Airoli,-0.5315075176460303,True
TW101673,2026-07-05 00:48:00,2026-07-05 00:54:54,-0.1885001707181103,6.9,Motorcycle,38,-0.5213072601396559,Low,Rain,Mumbra,-0.4544731403502974,True
TW102724,2026-07-19 20:42:00,2026-07-19 21:05:42,1.1684060532570466,23.7,Motorcycle,41,0.5228161089389054,High,Clear,Kalyan,-0.8550519022881081,True
TW104013,2026-07-09 13:49:00,2026-07-09 14:05:06,-0.2161116345780698,16.1,Motorcycle,33,0.2617852666692662,Medium,Clear,Bhandup,-0.8036956507576197,True
TW101530,2026-07-29 00:24:00,2026-07-29 00:32:48,-0.10172128430109435,8.8,Motorcycle,25,0.5228161089389054,High,Clear,Vashi,-0.8191025262167662,True
TW102712,2026-07-12 23:06:00,2026-07-12 23:15:18,0.4386745083866862,9.3,Scooter,38,1.044877793478186,High,Clear,Mumbra,-0.9012725286655479,True
TW104625,2026-07-21 21:25:00,2026-07-21 21:33:42,-0.4567258196434319,8.7,Scooter,36,0.2617852666692662,High,Overcast,Mulund,-0.36203188759541804,True
TW100043,2026-07-13 15:13:00,2026-07-13 15:21:36,0.1152259317414452,8.6,Scooter,42,-0.26027641787001443,Medium,Clear,Thane West,-0.5571856434112746,True
TW104684,2026-07-23 12:44:00,2026-07-23 12:48:00,-1.024733076191172,4.0,Scooter,44,-0.26027641787001443,Medium,Clear,Mumbra,-0.3928456385137112,True
TW102261,2026-07-12 05:36:00,2026-07-12 05:46:48,0.45445248773523456,10.8,Scooter,42,1.044877793478186,Low,Clear,Dombivli,-0.9218150292777434,True
TW104517,2026-07-14 06:57:00,2026-07-14 07:12:42,0.1704488594613646,15.7,Scooter,44,1.8279703202871058,Low,Rain,Mumbra,0.3826337595966661,True
TW101696,2026-07-16 01:34:00,2026-07-16 01:54:48,0.6003987967093067,20.8,Scooter,26,0.5228161089389054,High,Clear,Airoli,0.6188725166369135,True
TW101792,2026-07-14 00:05:00,2026-07-14 00:12:54,0.26117224071551737,7.9,Electric Scooter,24,-0.7823381024092951,Medium,Rain,Airoli,-0.2747262599935875,True
TW103400,2026-07-24 02:04:00,2026-07-24 02:08:00,-1.115456457445325,4.0,Electric Scooter,37,0.0007544243996247222,Low,Clear,Bhandup,-0.5725925188704211,True
TW103035,2026-07-25 05:59:00,2026-07-25 06:28:06,2.0716953709614394,29.1,Scooter,25,0.0007544243996247222,High,Clear,Mulund,0.15153062770946754,False
TW104847,2026-07-21 08:12:00,2026-07-21 08:16:00,-0.5987276337803671,4.0,Motorcycle,24,-0.5213072601396559,High,Overcast,Thane West,0.0950387510259302,True
TW102249,2026-07-22 02:35:00,2026-07-22 02:53:54,0.85284646628608,18.9,Electric Scooter,40,0.0007544243996247222,Low,Overcast,Kalyan,-0.4647443906563951,True
TW101418,2026-07-25 19:22:00,2026-07-25 19:27:30,-0.8077858601486324,5.5,Motorcycle,20,-1.3043997869485757,High,Clear,Dombivli,-0.12065750540212183,True
TW103420,2026-07-14 11:20:00,2026-07-14 11:29:48,-0.2121671397409328,9.8,Scooter,27,1.3059086357478251,Low,Rain,Ghodbunder Road,-0.8910012783594502,True
TW101545,2026-07-02 19:44:00,2026-07-02 20:02:12,1.2551849396740626,18.2,Scooter,30,-2.348523156027136,Low,Clear,Vashi,0.08990312587288121,True
TW103511,2026-07-02 16:26:00,2026-07-02 16:41:30,0.06000300402152615,15.5,Motorcycle,37,1.3059086357478251,Medium,Rain,Airoli,0.166937503168614,True
TW102538,2026-07-03 05:38:00,2026-07-03 06:11:00,1.779802753013295,33.0,Scooter,22,1.044877793478186,Low,Clear,Kalyan,-0.469880015809444,False
TW102363,2026-07-16 18:50:00,2026-07-16 18:57:06,-1.3166256941393162,7.1,Scooter,27,-0.7823381024092951,High,Clear,Bhandup,-0.5725925188704211,True
TW101003,2026-07-11 12:11:00,2026-07-11 12:32:12,1.3616863002767639,21.2,Scooter,40,-1.0433689446789354,High,Clear,Thane West,-0.541778767952128,True
TW101388,2026-07-12 12:46:00,2026-07-12 13:03:36,0.09550345755575984,17.6,Scooter,26,-1.565430629218215,Low,Clear,Vashi,1.4303012908186328,True
TW102495,2026-07-02 04:08:00,2026-07-02 04:12:00,-1.1549014058166958,4.0,Motorcycle,37,0.5228161089389054,Medium,Clear,Kalyan,-0.7472037740740822,True
TW101842,2026-07-18 11:02:00,2026-07-18 11:29:00,1.5786335163193037,27.0,Scooter,32,1.3059086357478251,Medium,Clear,Mulund,-0.0230806274941936,False
TW104702,2026-07-19 06:18:00,2026-07-19 06:27:30,-0.40150289192351285,9.5,Scooter,27,-0.7823381024092951,Medium,Rain,Vashi,-0.9218150292777434,True
TW104977,2026-07-20 22:34:00,2026-07-20 22:51:30,0.5451758689893873,17.5,Scooter,37,0.7838469512085445,Low,Clear,Dombivli,2.2930863165308404,True
TW104358,2026-07-12 01:12:00,2026-07-12 01:17:48,-0.46855930415484326,5.8,Electric Scooter,42,-0.5213072601396559,Medium,Rain,Kalyan,0.9989087779625286,True
TW102041,2026-07-12 09:27:00,2026-07-12 09:55:00,1.8074142168732545,28.0,Scooter,33,-0.26027641787001443,Medium,Overcast,Vashi,-0.7215256483088379,False
TW101183,2026-07-21 04:24:00,2026-07-21 05:00:00,2.08352885547285,36.0,Scooter,38,0.5228161089389054,High,Clear,Airoli,-0.7882887752984731,False
TW103908,2026-07-02 09:02:00,2026-07-02 09:17:42,1.1486835790713612,15.7,Motorcycle,35,1.044877793478186,Medium,Rain,Mulund,-0.6188131452478608,True
TW100365,2026-07-19 10:04:00,2026-07-19 10:20:54,0.6911221779634594,16.9,Motorcycle,20,-0.5213072601396559,Medium,Clear,Ghodbunder Road,0.3620912589844707,True
TW101920,2026-07-29 07:26:00,2026-07-29 07:41:36,0.2059493129955983,15.6,Scooter,40,-0.5213072601396559,High,Clear,Thane West,0.6445506424021576,True
TW102863,2026-07-10 09:33:00,2026-07-10 09:57:12,1.7009128562705529,24.2,Motorcycle,36,0.2617852666692662,Low,Clear,Dombivli,-0.9218150292777434,True
TW104913,2026-07-30 10:03:00,2026-07-30 10:26:18,1.9809719897072862,23.3,Electric Scooter,22,-2.6095539982967764,Medium,Clear,Bhandup,1.178655658319239,True
TW104174,2026-07-23 18:34:00,2026-07-23 18:51:00,0.6950666728005964,17.0,Motorcycle,31,0.0007544243996247222,Medium,Clear,Kalyan,-0.5982706446356655,True
TW101028,2026-07-10 02:07:00,2026-07-10 02:11:06,-1.0444555503768576,4.1,Scooter,21,-0.5213072601396559,Medium,Clear,Bhandup,0.46480376204544765,True
TW103368,2026-07-24 10:18:00,2026-07-24 10:31:48,-0.16483320169528776,13.8,Motorcycle,33,-0.5213072601396559,High,Clear,Vashi,-0.9218150292777434,True
TW102691,2026-07-18 12:35:00,2026-07-18 13:03:48,1.5904670008307147,28.8,Scooter,24,-1.565430629218215,Low,Clear,Ghodbunder Road,0.9989087779625286,False
TW102323,2026-07-18 14:16:00,2026-07-18 14:20:00,-1.0996784780967768,4.0,Scooter,28,-0.7823381024092951,Low,Clear,Vashi,0.04881812464849033,True
TW101838,2026-07-11 11:52:00,2026-07-11 12:13:00,0.4071185496895895,21.0,Scooter,32,-0.7823381024092951,High,Clear,Navi Mumbai,1.4816575423491212,True
TW101916,2026-07-30 14:36:00,2026-07-30 14:56:48,0.22567178718128364,20.8,Motorcycle,43,0.7838469512085445,Low,Clear,Dombivli,0.9475525264320401,True
TW103065,2026-07-02 00:05:00,2026-07-02 00:10:30,-1.2061798386994778,5.5,Motorcycle,22,-0.26027641787001443,High,Clear,Ghodbunder Road,-0.9218150292777434,True
TW101494,2026-07-22 11:46:00,2026-07-22 12:14:48,1.878415123941722,28.8,Motorcycle,26,-0.7823381024092951,High,Clear,Bhandup,-0.18228500723870816,False
TW103854,2026-07-15 05:35:00,2026-07-15 05:39:42,-0.7486184375915762,4.7,Motorcycle,28,-2.348523156027136,High,Clear,Bhandup,-0.4442018900441998,True
TW101755,2026-07-13 17:08:00,2026-07-13 17:33:00,1.2946298880454334,25.0,Motorcycle,33,-1.3043997869485757,Low,Rain,Kalyan,-0.8910012783594502,True
TW101150,2026-07-24 07:02:00,2026-07-24 07:11:06,-0.46067031448056905,9.1,Motorcycle,32,1.044877793478186,High,Clear,Dombivli,-0.31067563606492954,True
TW104095,2026-07-16 18:08:00,2026-07-16 18:15:00,-0.6776175305231086,7.0,Scooter,30,-0.7823381024092951,Medium,Rain,Bhandup,-0.5109650170338349,True
TW102794,2026-07-17 20:19:00,2026-07-17 20:24:18,-1.1194009522824622,5.3,Scooter,23,-0.5213072601396559,Medium,Rain,Ghodbunder Road,-0.9218150292777434,True
TW101284,2026-07-21 00:50:00,2026-07-21 01:02:24,0.24539426136696899,12.4,Scooter,26,-1.0433689446789354,Medium,Clear,Dombivli,0.23883625531129804,True
TW104885,2026-07-24 18:53:00,2026-07-24 19:13:12,1.4918546299022877,20.2,Motorcycle,21,1.3059086357478251,Low,Overcast,Mumbra,-0.6085418949417631,True
TW101313,2026-07-29 17:42:00,2026-07-29 17:51:00,-0.3857249125749645,9.0,Motorcycle,30,1.3059086357478251,Low,Overcast,Dombivli,0.4237187608210568,True
TW104799,2026-07-09 13:06:00,2026-07-09 13:21:12,0.7463451056833789,15.2,Scooter,40,0.5228161089389054,Low,Rain,Mulund,0.526431263882034,True
TW103026,2026-07-27 22:09:00,2026-07-27 22:20:24,-0.5198377370376253,11.4,Scooter,41,-1.0433689446789354,Low,Rain,Kalyan,1.53301379387961,True
TW101958,2026-07-26 01:19:00,2026-07-26 01:36:36,0.3085061787611624,17.6,Scooter,27,-1.0433689446789354,High,Clear,Navi Mumbai,-0.09497937963687753,True
TW103170,2026-07-19 04:06:00,2026-07-19 04:15:54,0.5491203638265246,9.9,Motorcycle,25,-1.3043997869485757,Low,Rain,Dombivli,0.9321456509728936,True
TW100482,2026-07-09 05:42:00,2026-07-09 05:57:48,0.032391540161566444,15.8,Electric Scooter,24,0.0007544243996247222,High,Clear,Kalyan,-0.8499162771350594,True
TW102594,2026-07-08 10:50:00,2026-07-08 10:54:00,-0.7249514685687537,4.0,Scooter,43,-0.26027641787001443,Medium,Clear,Navi Mumbai,-0.9218150292777434,True
TW102127,2026-07-30 14:08:00,2026-07-30 14:22:18,0.3479511271325331,14.3,Motorcycle,34,1.044877793478186,Medium,Rain,Kalyan,-0.5520500182582256,True
TW104956,2026-07-23 01:58:00,2026-07-23 02:04:36,-0.3817804177378273,6.6,Scooter,25,0.2617852666692662,Medium,Clear,Bhandup,-0.34662501213627145,True
TW102282,2026-07-26 17:31:00,2026-07-26 17:40:12,-0.32655749001790807,9.2,Scooter,41,0.0007544243996247222,Medium,Clear,Airoli,-0.33121813667712485,True
TW104148,2026-07-28 01:29:00,2026-07-28 01:34:54,-0.8748422723799628,5.9,Motorcycle,44,-2.0874923137574957,High,Overcast,Vashi,1.497064417808268,True
TW102927,2026-07-02 21:03:00,2026-07-02 21:27:30,1.779802753013295,24.5,Scooter,34,0.0007544243996247222,Medium,Clear,Ghodbunder Road,1.4251656656655836,True
TW104215,2026-07-02 13:37:00,2026-07-02 13:44:24,-0.7998968704743582,7.4,Scooter,39,-0.5213072601396559,Low,Clear,Mulund,-0.7985600256045708,True
TW104537,2026-07-12 05:11:00,2026-07-12 05:25:42,0.5333423844779763,14.7,Scooter,26,0.0007544243996247222,Medium,Overcast,Vashi,-0.4750156409624928,True
TW101954,2026-07-23 07:42:00,2026-07-23 08:05:06,2.550951493673595,23.1,Scooter,42,-0.5213072601396559,Low,Clear,Vashi,-0.4852868912685906,True
TW100902,2026-07-10 10:16:00,2026-07-10 10:32:54,0.26117224071551737,16.9,Motorcycle,40,-1.3043997869485757,Low,Clear,Bhandup,0.5572450148003272,True
TW104105,2026-07-12 11:31:00,2026-07-12 11:44:48,0.5846208173607583,13.8,Motorcycle,27,0.5228161089389054,Low,Rain,Mulund,-0.33635376183017374,True
TW104758,2026-07-07 18:32:00,2026-07-07 18:36:30,-0.25950107778657766,4.5,Motorcycle,19,0.2617852666692662,Medium,Rain,Ghodbunder Road,0.3980406350558126,True
TW103901,2026-07-02 13:24:00,2026-07-02 13:40:42,-0.3186685003436339,16.7,Motorcycle,40,-0.26027641787001443,High,Clear,Thane West,1.5689631699509516,True
TW101778,2026-07-28 16:52:00,2026-07-28 17:05:54,-0.4212253661091982,13.9,Scooter,36,0.0007544243996247222,Low,Rain,Mumbra,-0.6958475225435937,True
TW103016,2026-07-12 20:08:00,2026-07-12 20:28:30,0.7779010643804752,20.5,Motorcycle,27,1.044877793478186,High,Clear,Navi Mumbai,-0.07957250417773094,True
TW100831,2026-07-07 05:48:00,2026-07-07 05:56:30,-0.9616211587969785,8.5,Scooter,28,0.0007544243996247222,Medium,Clear,Kalyan,-0.06416562871858436,True
TW101363,2026-07-25 18:02:00,2026-07-25 18:14:24,-1.1075674677710508,12.4,Scooter,44,1.5669394780174666,Medium,Clear,Mulund,0.9372812761259424,True
TW102179,2026-07-17 10:19:00,2026-07-17 10:23:12,-1.1075674677710508,4.2,Scooter,23,1.044877793478186,High,Rain,Kalyan,0.6188725166369135,True
TW104015,2026-07-28 11:21:00,2026-07-28 11:35:36,-0.46855930415484326,14.6,Scooter,29,0.2617852666692662,Low,Clear,Bhandup,-0.19255625754480576,True
TW104762,2026-07-14 14:27:00,2026-07-14 14:31:00,-1.3402926631621388,4.0,Scooter,33,1.8279703202871058,Low,Clear,Thane West,0.08476750071983247,True
TW100649,2026-07-14 16:53:00,2026-07-14 17:04:36,0.26117224071551737,11.6,Scooter,41,1.044877793478186,Medium,Clear,Airoli,-0.05903000356553562,True
TW103753,2026-07-14 16:59:00,2026-07-14 17:14:36,-0.15694421202101358,15.6,Scooter,31,0.2617852666692662,Medium,Rain,Thane West,-0.649626896166154,True
TW100327,2026-07-13 20:37:00,2026-07-13 20:57:36,0.6122322812207177,20.6,Scooter,41,0.2617852666692662,Medium,Overcast,Thane West,-0.9218150292777434,True
TW102272,2026-07-19 18:16:00,2026-07-19 18:21:00,-0.6657840460116974,5.0,Electric Scooter,30,1.3059086357478251,Low,Clear,Dombivli,-0.8653231525942059,True
TW101864,2026-07-16 20:00:00,2026-07-16 20:04:00,-0.9221762104256078,4.0,Scooter,37,-0.5213072601396559,Medium,Overcast,Navi Mumbai,-0.1001150047899264,True
TW103848,2026-07-17 13:26:00,2026-07-17 13:41:24,0.2769502200640657,15.4,Electric Scooter,21,0.7838469512085445,Low,Clear,Kalyan,2.33930694290828,True
TW104486,2026-07-24 04:48:00,2026-07-24 05:09:06,1.1960175171170062,21.1,Motorcycle,39,0.2617852666692662,Low,Overcast,Ghodbunder Road,-0.649626896166154,True
TW104853,2026-07-15 04:43:00,2026-07-15 04:48:42,-0.7841188911258099,5.7,Scooter,30,-1.3043997869485757,Medium,Clear,Ghodbunder Road,1.0862144055643594,True
TW104165,2026-07-01 03:27:00,2026-07-01 03:39:48,0.03633603499870345,12.8,Scooter,23,-0.7823381024092951,Medium,Rain,Navi Mumbai,-0.5725925188704211,True
TW104035,2026-07-22 00:27:00,2026-07-22 00:35:12,-1.1746238800023812,8.2,Motorcycle,42,0.5228161089389054,Low,Clear,Dombivli,-0.12065750540212183,True
TW101508,2026-07-18 01:10:00,2026-07-18 01:15:42,-0.43305885062060934,5.7,Motorcycle,20,1.044877793478186,Medium,Overcast,Kalyan,-0.4544731403502974,True
TW103662,2026-07-05 05:35:00,2026-07-05 05:39:00,-1.1272899419567362,4.0,Motorcycle,29,0.7838469512085445,Medium,Clear,Navi Mumbai,-0.7112543980027402,True
TW103132,2026-07-17 09:46:00,2026-07-17 09:50:06,-1.399460085719195,4.1,Scooter,35,1.044877793478186,Medium,Clear,Kalyan,-0.7728818998393265,True
TW100300,2026-07-10 09:25:00,2026-07-10 09:38:06,-0.5435047060604478,13.1,Motorcycle,26,-0.5213072601396559,Medium,Rain,Mulund,-0.4750156409624928,True
TW101047,2026-07-20 21:20:00,2026-07-20 21:25:48,-0.9813436329826641,5.8,Motorcycle,29,0.0007544243996247222,Low,Clear,Airoli,0.11558125163812563,True
TW100260,2026-07-04 09:12:00,2026-07-04 09:24:54,0.4031740548524525,12.9,Motorcycle,26,0.5228161089389054,High,Clear,Mumbra,2.3341713177552315,True
TW102271,2026-07-24 18:23:00,2026-07-24 18:38:06,-0.47250379899198025,15.1,Motorcycle,30,-1.0433689446789354,Medium,Clear,Dombivli,-0.8653231525942059,True
TW101908,2026-07-13 23:40:00,2026-07-13 23:52:00,-0.7367849530801648,12.0,Scooter,43,-0.5213072601396559,High,Clear,Bhandup,0.10017437617897894,True
TW101079,2026-07-07 11:26:00,2026-07-07 11:30:00,-1.2456247870708488,4.0,Motorcycle,22,-1.0433689446789354,High,Clear,Ghodbunder Road,-0.3928456385137112,True
TW103792,2026-07-14 08:22:00,2026-07-14 08:30:30,-0.1885001707181103,8.5,Scooter,29,0.2617852666692662,Medium,Clear,Bhandup,-0.5777281440234701,True
TW104218,2026-07-05 05:05:00,2026-07-05 05:19:42,0.13889290076426788,14.7,Electric Scooter,40,0.5228161089389054,Low,Clear,Mulund,-0.5109650170338349,True
TW100479,2026-07-15 21:55:00,2026-07-15 22:04:30,-0.16483320169528776,9.5,Electric Scooter,35,-0.5213072601396559,Medium,Rain,Kalyan,-0.05389437841248676,True
TW103359,2026-07-16 07:05:00,2026-07-16 07:33:30,1.8271366910589397,28.5,Electric Scooter,25,-1.3043997869485757,High,Rain,Airoli,1.738438800001564,False
TW100608,2026-07-08 20:18:00,2026-07-08 20:41:24,1.696968361433416,23.4,Motorcycle,32,-0.5213072601396559,Medium,Clear,Airoli,0.7626700209222813,True
TW101339,2026-07-01 02:31:00,2026-07-01 02:48:54,0.4386745083866862,17.9,Scooter,30,-1.3043997869485757,High,Clear,Vashi,0.706178144238744,True
TW102423,2026-07-01 06:21:00,2026-07-01 06:30:00,-0.5237822318747622,9.0,Scooter,36,1.044877793478186,Medium,Clear,Airoli,-0.32094688637102714,True
TW103259,2026-07-09 19:18:00,2026-07-09 19:59:42,2.550951493673595,41.7,Motorcycle,28,-0.26027641787001443,High,Clear,Ghodbunder Road,-0.5315075176460303,False
TW100512,2026-07-16 19:49:00,2026-07-16 20:20:00,1.8429146704074884,31.0,Scooter,27,-0.26027641787001443,High,Overcast,Thane West,-0.36203188759541804,False
TW102967,2026-07-06 02:15:00,2026-07-06 02:24:00,-0.7210069737316165,9.0,Motorcycle,30,0.5228161089389054,Medium,Rain,Kalyan,0.6599575178613042,True
TW100870,2026-07-02 04:27:00,2026-07-02 04:31:00,-1.2535137767451228,4.0,Motorcycle,25,-0.26027641787001443,Low,Clear,Bhandup,-0.9218150292777434,True
TW104804,2026-07-17 01:10:00,2026-07-17 01:33:42,1.4011312486481344,23.7,Motorcycle,27,-1.565430629218215,High,Clear,Thane West,-0.9218150292777434,True
TW102459,2026-07-11 15:56:00,2026-07-11 16:10:06,-0.3226129951807711,14.1,Motorcycle,25,-0.7823381024092951,High,Clear,Mumbra,-0.8755944029003037,True
TW101435,2026-07-20 22:57:00,2026-07-20 23:19:36,1.5352440731107952,22.6,Scooter,38,-0.26027641787001443,High,Rain,Vashi,-0.2695906348405387,True
TW102922,2026-07-29 09:54:00,2026-07-29 10:08:06,-0.5829496544318187,14.1,Motorcycle,42,-1.8264614714878553,Medium,Clear,Navi Mumbai,-0.469880015809444,True
TW101899,2026-07-14 23:56:00,2026-07-15 00:02:42,-1.1391234264681473,6.7,Scooter,43,0.7838469512085445,Low,Rain,Ghodbunder Road,0.9116031503606982,True
TW102581,2026-07-07 18:27:00,2026-07-07 18:42:42,-0.2476675932751665,15.7,Scooter,37,0.0007544243996247222,Low,Clear,Kalyan,-0.31067563606492954,True
TW101061,2026-07-12 15:42:00,2026-07-12 16:00:06,0.3045616839240254,18.1,Scooter,35,0.0007544243996247222,Low,Clear,Thane West,0.3826337595966661,True
TW103911,2026-07-27 10:36:00,2026-07-27 10:40:00,-0.9813436329826641,4.0,Scooter,31,1.3059086357478251,Medium,Overcast,Bhandup,-0.9218150292777434,True
TW103730,2026-07-21 09:22:00,2026-07-21 09:33:42,-0.3107795106693599,11.7,Scooter,36,0.2617852666692662,High,Clear,Mulund,0.17207312832166297,True
TW104535,2026-07-20 04:33:00,2026-07-20 04:37:00,-1.1036229729339138,4.0,Motorcycle,43,-0.7823381024092951,Medium,Clear,Kalyan,0.023139998883246145,True
TW102884,2026-07-20 06:34:00,2026-07-20 06:42:18,-0.1529997171838764,8.3,Scooter,40,0.7838469512085445,High,Clear,Kalyan,-0.7163900231557891,True
TW104196,2026-07-01 15:22:00,2026-07-01 15:28:12,-1.2259023128851634,6.2,Motorcycle,32,0.5228161089389054,High,Clear,Bhandup,-0.8293737765228638,True
TW102774,2026-07-17 09:02:00,2026-07-17 09:29:36,2.3911994527695426,27.6,Scooter,26,0.7838469512085445,High,Clear,Vashi,-0.5161006421868838,False
TW104092,2026-07-22 12:22:00,2026-07-22 12:40:12,2.550951493673595,18.2,Motorcycle,30,0.5228161089389054,Low,Clear,Thane West,-0.8345094016759128,True
TW103052,2026-07-09 17:22:00,2026-07-09 17:37:42,-0.078054315278272,15.7,Motorcycle,38,0.0007544243996247222,Medium,Clear,Dombivli,-0.7472037740740822,True
TW101133,2026-07-05 17:41:00,2026-07-05 17:45:00,-0.8038413653114954,4.0,Scooter,33,0.2617852666692662,High,Clear,Dombivli,1.1889269086253362,True
TW100801,2026-07-15 09:50:00,2026-07-15 10:16:48,1.2906853932082964,26.8,Motorcycle,25,1.5669394780174666,Medium,Clear,Airoli,1.1632487828600921,False
TW103438,2026-07-08 06:03:00,2026-07-08 06:14:24,-0.46067031448056905,11.4,Scooter,41,-0.26027641787001443,Medium,Clear,Airoli,-0.9012725286655479,True
TW102177,2026-07-06 12:44:00,2026-07-06 13:03:42,0.5215088999665649,19.7,Motorcycle,42,-0.5213072601396559,Medium,Clear,Kalyan,0.3569556338314217,True
TW101814,2026-07-25 00:37:00,2026-07-25 00:42:06,-0.6263390976403266,5.1,Motorcycle,25,-0.7823381024092951,Low,Rain,Navi Mumbai,-0.4236593894320044,True
TW104781,2026-07-24 08:59:00,2026-07-24 09:03:18,-1.1470124161424218,4.3,Motorcycle,37,0.5228161089389054,High,Rain,Thane West,0.0796318755667835,True
TW100509,2026-07-23 14:01:00,2026-07-23 14:19:18,0.616176776057855,18.3,Motorcycle,21,0.2617852666692662,Low,Clear,Navi Mumbai,-0.33121813667712485,True
TW102503,2026-07-17 10:36:00,2026-07-17 10:46:12,0.0442250246729778,10.2,Scooter,30,0.0007544243996247222,Low,Clear,Mumbra,0.11044562648507665,True
TW101855,2026-07-28 20:19:00,2026-07-28 20:23:00,-1.016844086516898,4.0,Electric Scooter,41,0.2617852666692662,Medium,Overcast,Thane West,-0.7985600256045708,True
TW100066,2026-07-14 04:58:00,2026-07-14 05:13:42,0.4071185496895895,15.7,Scooter,29,0.0007544243996247222,Medium,Clear,Navi Mumbai,-0.7163900231557891,True
TW100760,2026-07-21 12:32:00,2026-07-21 12:55:00,1.554966547296481,23.0,Scooter,23,1.8279703202871058,High,Clear,Vashi,-0.6136775200948119,True
TW101396,2026-07-14 22:02:00,2026-07-14 22:22:48,1.5312995782736583,20.8,Scooter,28,0.0007544243996247222,High,Clear,Thane West,0.346684383525324,True
TW101621,2026-07-26 19:41:00,2026-07-26 19:45:00,-1.2298468077223006,4.0,Motorcycle,35,0.7838469512085445,Medium,Overcast,Airoli,-0.9064081538185967,True
TW100678,2026-07-02 10:33:00,2026-07-02 10:44:24,-0.4448923351320207,11.4,Electric Scooter,29,-0.26027641787001443,High,Clear,Mumbra,-0.7317968986149357,True
TW102158,2026-07-13 05:02:00,2026-07-13 05:16:48,0.3400621374582591,14.8,Scooter,29,0.0007544243996247222,Low,Overcast,Mulund,-0.7009831476966425,True
TW102118,2026-07-03 09:39:00,2026-07-03 10:05:00,1.3577418054396269,26.0,Motorcycle,39,-0.26027641787001443,Medium,Rain,Vashi,-0.5006937667277371,False
TW101227,2026-07-10 13:12:00,2026-07-10 13:16:00,-1.0444555503768576,4.0,Scooter,21,0.2617852666692662,Low,Rain,Ghodbunder Road,1.2967750368393622,True
TW101152,2026-07-16 22:18:00,2026-07-16 22:22:00,-1.0326220658654464,4.0,Motorcycle,32,1.8279703202871058,Medium,Overcast,Thane West,-0.6393556458600562,True
TW101715,2026-07-24 06:32:00,2026-07-24 06:39:18,-0.40150289192351285,7.3,Scooter,36,-0.7823381024092951,Medium,Rain,Ghodbunder Road,-0.6650337716253005,True
TW100242,2026-07-26 16:31:00,2026-07-26 16:41:54,0.4465634980609602,10.9,Motorcycle,32,1.8279703202871058,Medium,Clear,Navi Mumbai,-0.4442018900441998,True
TW104520,2026-07-02 06:02:00,2026-07-02 06:10:48,-0.5750606647575445,8.8,Motorcycle,31,0.0007544243996247222,Medium,Clear,Dombivli,-0.9218150292777434,True
TW100214,2026-07-06 23:41:00,2026-07-07 00:07:00,0.7739565695433382,26.0,Motorcycle,40,-0.26027641787001443,Medium,Overcast,Mulund,-0.5879993943295678,False
TW100452,2026-07-20 23:31:00,2026-07-20 23:56:00,1.1013496410257162,25.0,Motorcycle,33,-0.7823381024092951,Medium,Clear,Vashi,-0.9166794041246945,True
TW104533,2026-07-23 01:48:00,2026-07-23 02:04:42,0.1862268388099126,16.7,Motorcycle,22,0.5228161089389054,Low,Clear,Thane West,0.9372812761259424,True
TW101379,2026-07-26 17:43:00,2026-07-26 18:07:48,0.9554033320516441,24.8,Scooter,25,0.5228161089389054,Low,Clear,Navi Mumbai,-0.5006937667277371,True
TW100423,2026-07-24 08:04:00,2026-07-24 08:10:24,-0.5868941492689557,6.4,Scooter,29,1.8279703202871058,Low,Overcast,Mumbra,-0.048758753259437904,True
TW102148,2026-07-09 10:04:00,2026-07-09 10:08:00,-1.2811252406050826,4.0,Motorcycle,29,1.044877793478186,Medium,Clear,Bhandup,1.070807530105213,True
TW104057,2026-07-04 13:19:00,2026-07-04 13:36:00,0.1783378491356386,17.0,Motorcycle,40,-0.26027641787001443,Medium,Clear,Dombivli,0.351820008678373,True
TW104344,2026-07-30 23:48:00,2026-07-30 23:58:24,0.35584011680680744,10.4,Electric Scooter,22,1.8279703202871058,High,Overcast,Vashi,0.24397188046434704,True
TW102676,2026-07-13 05:42:00,2026-07-13 05:54:54,-0.5277267267118995,12.9,Motorcycle,35,-1.8264614714878553,Medium,Clear,Bhandup,-0.8293737765228638,True
TW101719,2026-07-02 18:52:00,2026-07-02 19:05:36,0.7700120747062013,13.6,Scooter,21,1.3059086357478251,High,Clear,Ghodbunder Road,0.5418381393411804,True
TW100683,2026-07-06 17:25:00,2026-07-06 17:43:48,0.6595662192663627,18.8,Scooter,44,1.3059086357478251,High,Overcast,Bhandup,-0.9218150292777434,True
TW101505,2026-07-11 11:48:00,2026-07-11 11:58:36,-0.409391881597787,10.6,Scooter,28,0.7838469512085445,Low,Clear,Dombivli,-0.35176063728932033,True
TW102178,2026-07-06 20:30:00,2026-07-06 20:34:00,-1.3126811993021792,4.0,Motorcycle,30,1.8279703202871058,Medium,Clear,Bhandup,0.06936062526068577,True
TW101993,2026-07-10 19:37:00,2026-07-10 19:48:18,-0.3817804177378273,11.3,Scooter,21,0.7838469512085445,Medium,Clear,Airoli,-0.7061187728496915,True
TW100665,2026-07-05 02:32:00,2026-07-05 02:36:00,-0.9340096949370192,4.0,Scooter,36,0.5228161089389054,Medium,Overcast,Mumbra,0.21829375469910262,True
TW101445,2026-07-04 16:42:00,2026-07-04 17:03:24,1.4484651866937797,21.4,Motorcycle,29,-0.26027641787001443,Medium,Clear,Mumbra,0.059089374954588055,True
TW101726,2026-07-27 08:18:00,2026-07-27 08:22:00,-1.0799560039110911,4.0,Scooter,34,-0.5213072601396559,Medium,Rain,Airoli,-0.5366431427990792,True
TW101230,2026-07-17 11:09:00,2026-07-17 11:29:00,0.39528506517817813,20.0,Electric Scooter,32,0.5228161089389054,Low,Clear,Mulund,-0.5263718924929814,True
TW103672,2026-07-20 20:17:00,2026-07-20 20:27:36,-0.48433728350339156,10.6,Scooter,22,0.5228161089389054,Medium,Clear,Mulund,1.6459975472466848,True
TW102555,2026-07-11 00:29:00,2026-07-11 00:39:24,0.17439335429850158,10.4,Scooter,26,-1.3043997869485757,Low,Clear,Ghodbunder Road,4.8300851421369755,True
TW104186,2026-07-23 13:23:00,2026-07-23 13:37:24,0.13100391108999354,14.4,Scooter,41,-0.5213072601396559,High,Overcast,Bhandup,0.04368249949544158,True
TW102218,2026-07-30 05:46:00,2026-07-30 06:11:06,1.0421822184686602,25.1,Scooter,44,-0.7823381024092951,High,Overcast,Kalyan,-0.8242381513698152,False
TW100355,2026-07-16 03:06:00,2026-07-16 03:10:00,-0.9773991381455269,4.0,Motorcycle,36,-1.0433689446789354,Low,Overcast,Ghodbunder Road,-0.31067563606492954,True
TW101319,2026-07-16 14:07:00,2026-07-16 14:16:24,2.550951493673595,9.4,Scooter,29,1.044877793478186,Low,Clear,Kalyan,0.18748000378080945,True
TW101979,2026-07-08 07:04:00,2026-07-08 07:19:06,-0.3107795106693599,15.1,Scooter,26,-0.26027641787001443,High,Clear,Airoli,-0.07957250417773094,True
TW100447,2026-07-20 14:17:00,2026-07-20 14:23:54,-0.9892326226569382,6.9,Motorcycle,27,-0.5213072601396559,High,Clear,Vashi,-0.9218150292777434,True
TW102007,2026-07-24 07:32:00,2026-07-24 07:46:42,0.1822823439727756,14.7,Motorcycle,19,-1.565430629218215,High,Rain,Navi Mumbai,-0.6650337716253005,True
TW103707,2026-07-02 14:08:00,2026-07-02 14:15:30,-0.6776175305231086,7.5,Scooter,39,-1.8264614714878553,High,Clear,Mulund,1.7333031748485153,True
TW100814,2026-07-06 18:54:00,2026-07-06 19:30:30,2.550951493673595,36.5,Motorcycle,22,1.5669394780174666,Low,Rain,Mulund,-0.37743876305456464,False
TW102684,2026-07-13 13:09:00,2026-07-13 13:19:06,-0.7604519221029874,10.1,Scooter,23,0.2617852666692662,Low,Overcast,Vashi,-0.9218150292777434,True
TW102963,2026-07-05 20:18:00,2026-07-05 20:23:42,-0.504059757689077,5.7,Scooter,29,0.5228161089389054,Low,Clear,Airoli,-0.9012725286655479,True
TW100931,2026-07-25 00:28:00,2026-07-25 00:45:18,0.7187336418234191,17.3,Motorcycle,28,0.0007544243996247222,Low,Rain,Vashi,-0.3928456385137112,True
TW104670,2026-07-22 22:32:00,2026-07-22 22:43:24,-0.3226129951807711,11.4,Motorcycle,28,1.3059086357478251,High,Clear,Mumbra,-0.5674568937173723,True
TW104844,2026-07-26 12:15:00,2026-07-26 12:19:36,-0.9537321691227045,4.6,Electric Scooter,41,1.044877793478186,Medium,Rain,Ghodbunder Road,-0.7728818998393265,True
TW104837,2026-07-27 23:05:00,2026-07-27 23:09:00,-1.2337913025594376,4.0,Scooter,36,1.5669394780174666,Medium,Rain,Vashi,3.2688550956101228,True
TW103990,2026-07-11 19:11:00,2026-07-11 19:33:00,0.9475143423773701,22.0,Electric Scooter,20,-2.870584840566415,Medium,Clear,Ghodbunder Road,-0.8447806519820106,True
TW102079,2026-07-17 11:27:00,2026-07-17 11:39:06,-0.06622083076686065,12.1,Scooter,22,-0.7823381024092951,Low,Clear,Dombivli,0.46480376204544765,True
TW101602,2026-07-30 12:41:00,2026-07-30 12:45:00,-1.3876266012077836,4.0,Motorcycle,22,1.5669394780174666,Medium,Clear,Vashi,0.880789399442405,True
TW102169,2026-07-28 14:31:00,2026-07-28 14:42:54,-0.3305019848550453,11.9,Scooter,19,-0.5213072601396559,High,Rain,Kalyan,-0.4082525139728578,True
TW100742,2026-07-26 11:42:00,2026-07-26 11:53:00,-0.010997903046941603,11.0,Scooter,41,1.8279703202871058,High,Clear,Bhandup,0.46993938719849665,True
TW104270,2026-07-13 19:44:00,2026-07-13 20:08:24,2.0953623399842614,24.4,Motorcycle,25,-0.26027641787001443,Medium,Rain,Mulund,-0.9218150292777434,True
TW102885,2026-07-19 13:45:00,2026-07-19 13:54:48,-0.20033365522952146,9.8,Scooter,29,0.5228161089389054,High,Clear,Vashi,1.1735200331661901,True
TW100809,2026-07-26 16:42:00,2026-07-26 16:49:18,-0.5237822318747622,7.3,Scooter,24,1.8279703202871058,Medium,Clear,Mumbra,0.20288687923995613,True
TW100594,2026-07-14 06:18:00,2026-07-14 06:57:12,2.550951493673595,39.2,Scooter,37,-1.8264614714878553,Low,Clear,Navi Mumbai,-0.7574750243801799,False
TW101509,2026-07-27 21:42:00,2026-07-27 21:46:54,-0.4764482938291174,4.9,Electric Scooter,43,-0.7823381024092951,Medium,Clear,Thane West,0.8961962749015517,True
TW100380,2026-07-20 18:47:00,2026-07-20 19:17:30,1.696968361433416,30.5,Scooter,30,-0.5213072601396559,Low,Rain,Navi Mumbai,-0.5366431427990792,False
TW101883,2026-07-05 14:35:00,2026-07-05 14:48:42,1.1644615584199096,13.7,Electric Scooter,30,1.5669394780174666,Medium,Rain,Kalyan,-0.7574750243801799,True
TW103685,2026-07-30 20:07:00,2026-07-30 20:16:36,-0.551393695734722,9.6,Scooter,38,0.5228161089389054,Low,Overcast,Airoli,-0.505829391880786,True
TW101826,2026-07-09 20:37:00,2026-07-09 20:55:24,0.1112814369043082,18.4,Scooter,28,1.8279703202871058,Low,Clear,Navi Mumbai,-0.9218150292777434,True
TW101219,2026-07-29 23:10:00,2026-07-29 23:14:00,-1.1549014058166958,4.0,Scooter,34,0.2617852666692662,Low,Rain,Dombivli,-0.01794500234114474,True
TW100306,2026-07-14 14:52:00,2026-07-14 15:01:48,-0.5237822318747622,9.8,Scooter,26,0.2617852666692662,Low,Clear,Dombivli,-0.649626896166154,True
TW104586,2026-07-02 22:36:00,2026-07-02 22:47:36,0.1704488594613646,11.6,Motorcycle,36,0.5228161089389054,High,Clear,Dombivli,-0.7677462746862777,True
TW102103,2026-07-19 00:12:00,2026-07-19 00:21:18,0.3085061787611624,9.3,Scooter,25,-0.7823381024092951,Low,Rain,Thane West,-0.7009831476966425,True
TW101281,2026-07-28 17:12:00,2026-07-28 17:35:12,0.9987927752601521,23.2,Motorcycle,23,1.5669394780174666,Medium,Clear,Ghodbunder Road,-0.5315075176460303,True
TW101239,2026-07-03 14:37:00,2026-07-03 15:01:54,1.4800211453908767,24.9,Motorcycle,39,0.2617852666692662,Medium,Clear,Kalyan,-0.9012725286655479,True
TW104822,2026-07-17 19:20:00,2026-07-17 19:40:06,0.5570093535007986,20.1,Electric Scooter,30,-0.26027641787001443,Medium,Clear,Navi Mumbai,-0.505829391880786,True
TW102351,2026-07-06 16:44:00,2026-07-06 17:04:24,1.3104078673939819,20.4,Scooter,33,-0.26027641787001443,Medium,Overcast,Mulund,-0.1360643808612684,True
TW104132,2026-07-12 15:54:00,2026-07-12 16:05:36,-0.8748422723799628,11.6,Electric Scooter,43,1.8279703202871058,Medium,Clear,Kalyan,0.11558125163812563,True
TW101798,2026-07-21 17:19:00,2026-07-21 17:23:00,-1.2061798386994778,4.0,Scooter,19,-1.3043997869485757,High,Clear,Navi Mumbai,-0.31067563606492954,True
TW100453,2026-07-17 04:02:00,2026-07-17 04:15:36,0.1822823439727756,13.6,Motorcycle,44,1.5669394780174666,Low,Clear,Dombivli,-0.649626896166154,True
TW101616,2026-07-24 20:46:00,2026-07-24 21:03:00,-0.03466487206976395,17.0,Scooter,24,1.8279703202871058,Medium,Clear,Airoli,-0.8704587777472548,True
TW104561,2026-07-02 18:58:00,2026-07-02 19:02:00,-0.6105611182917782,4.0,Motorcycle,19,-1.0433689446789354,Low,Clear,Ghodbunder Road,-0.1771493820856593,True
TW102973,2026-07-16 15:51:00,2026-07-16 16:00:48,-0.2989460261579486,9.8,Motorcycle,32,-1.3043997869485757,High,Clear,Ghodbunder Road,-0.5725925188704211,True
TW101706,2026-07-01 00:16:00,2026-07-01 00:20:00,-1.2416802922337118,4.0,Motorcycle,32,-1.3043997869485757,Low,Rain,Mumbra,-0.7574750243801799,True
TW104175,2026-07-21 01:19:00,2026-07-21 01:28:24,-0.40150289192351285,9.4,Scooter,41,-1.3043997869485757,High,Overcast,Bhandup,2.097932560714984,True
TW100065,2026-07-09 00:59:00,2026-07-09 01:03:00,-1.4310160444162918,4.0,Scooter,20,-1.0433689446789354,Medium,Clear,Thane West,0.706178144238744,True
TW102750,2026-07-18 00:36:00,2026-07-18 00:49:30,0.3361176426211221,13.5,Scooter,33,0.7838469512085445,Low,Overcast,Ghodbunder Road,-0.8088312759106685,True
TW104230,2026-07-03 01:26:00,2026-07-03 01:40:24,-0.13327724299819105,14.4,Scooter,43,-0.26027641787001443,Medium,Clear,Thane West,0.7729412712283791,True
TW103619,2026-07-02 16:20:00,2026-07-02 16:25:06,-1.0326220658654464,5.1,Motorcycle,33,-0.5213072601396559,Medium,Rain,Mumbra,0.8653825239832585,True
TW103938,2026-07-10 20:52:00,2026-07-10 21:13:00,0.4465634980609602,21.0,Motorcycle,28,0.7838469512085445,Low,Clear,Vashi,-0.541778767952128,True
TW102921,2026-07-24 13:54:00,2026-07-24 14:03:00,-0.9931771174940752,9.0,Scooter,34,-2.348523156027136,Low,Overcast,Airoli,-0.7163900231557891,True
TW102106,2026-07-06 07:34:00,2026-07-06 07:38:06,-1.0917894884225023,4.1,Scooter,38,0.5228161089389054,Medium,Clear,Mumbra,3.844045112751595,True
TW102042,2026-07-24 22:11:00,2026-07-24 22:17:54,0.0481695195101148,6.9,Scooter,31,-0.5213072601396559,Low,Clear,Navi Mumbai,0.0950387510259302,True
TW100450,2026-07-13 07:43:00,2026-07-13 07:47:30,-0.9418986846112932,4.5,Scooter,39,-1.0433689446789354,Low,Overcast,Kalyan,-0.8396450268289616,True
TW102613,2026-07-02 13:00:00,2026-07-02 13:28:00,1.4800211453908767,28.0,Scooter,30,1.044877793478186,Low,Clear,Airoli,1.805201926991199,False
TW100868,2026-07-25 20:53:00,2026-07-25 21:00:36,-0.68945101503452,7.6,Scooter,33,1.3059086357478251,Medium,Clear,Ghodbunder Road,-0.3928456385137112,True
TW100254,2026-07-07 19:50:00,2026-07-07 20:03:12,0.43078551871241183,13.2,Scooter,34,-0.5213072601396559,Medium,Clear,Thane West,-0.9218150292777434,True
TW102275,2026-07-19 21:51:00,2026-07-19 22:28:36,2.550951493673595,37.6,Scooter,39,0.5228161089389054,Low,Overcast,Bhandup,0.12585250194422334,False
TW103089,2026-07-29 12:59:00,2026-07-29 13:07:18,0.19411582848418696,8.3,Motorcycle,29,-1.3043997869485757,Low,Clear,Kalyan,-0.9218150292777434,True
TW103916,2026-07-18 07:43:00,2026-07-18 07:47:00,-0.7131179840573423,4.0,Scooter,33,-0.5213072601396559,Medium,Clear,Airoli,0.04368249949544158,True
TW102497,2026-07-21 17:02:00,2026-07-21 17:18:36,0.7621230850319272,16.6,Scooter,42,-2.348523156027136,Low,Clear,Kalyan,1.029722528880822,True
TW103202,2026-07-12 03:22:00,2026-07-12 03:38:06,1.696968361433416,16.1,Electric Scooter,33,1.044877793478186,Medium,Clear,Ghodbunder Road,2.354713818367427,True
TW100099,2026-07-08 03:19:00,2026-07-08 03:24:06,-0.39361390224923865,5.1,Scooter,43,1.3059086357478251,Medium,Overcast,Ghodbunder Road,2.133881936786326,True
TW103421,2026-07-13 12:30:00,2026-07-13 12:49:00,0.9948482804230151,19.0,Motorcycle,23,0.7838469512085445,Medium,Clear,Mumbra,-0.7882887752984731,True
TW102053,2026-07-16 15:14:00,2026-07-16 15:19:48,-0.413336376434924,5.8,Electric Scooter,33,-1.565430629218215,High,Clear,Navi Mumbai,-0.4031168888198089,True
TW102084,2026-07-26 12:38:00,2026-07-26 12:54:24,0.620121270894992,16.4,Electric Scooter,26,-0.26027641787001443,Low,Overcast,Mumbra,-0.6239487704009097,True
TW104778,2026-07-09 10:34:00,2026-07-09 10:46:42,0.0718364885329375,12.7,Motorcycle,25,-0.7823381024092951,Medium,Clear,Kalyan,-0.31067563606492954,True
TW102401,2026-07-18 23:52:00,2026-07-19 00:04:36,0.26117224071551737,12.6,Motorcycle,44,-1.0433689446789354,Medium,Rain,Dombivli,-0.7985600256045708,True
TW104897,2026-07-10 19:23:00,2026-07-10 19:34:12,-0.2634455726237149,11.2,Scooter,23,-0.7823381024092951,High,Clear,Vashi,-0.8345094016759128,True
TW102597,2026-07-03 01:47:00,2026-07-03 01:52:36,-0.7565074272658504,5.6,Scooter,19,-1.565430629218215,High,Clear,Thane West,-0.7215256483088379,True
TW101303,2026-07-03 23:08:00,2026-07-03 23:20:18,-0.1806111810438361,12.3,Scooter,21,-1.0433689446789354,Medium,Clear,Vashi,0.46993938719849665,True
TW101931,2026-07-04 12:42:00,2026-07-04 12:54:36,-0.1214437584867797,12.6,Motorcycle,29,0.7838469512085445,High,Overcast,Airoli,-0.4801512661155417,True
TW101922,2026-07-21 18:28:00,2026-07-21 18:37:18,-0.17666668620669893,9.3,Motorcycle,21,0.7838469512085445,High,Clear,Bhandup,-0.7523393992271311,True
TW102895,2026-07-06 11:51:00,2026-07-06 11:57:36,-0.7920078808000841,6.6,Scooter,21,-0.5213072601396559,Low,Rain,Mumbra,0.9475525264320401,True
TW104546,2026-07-20 06:20:00,2026-07-20 06:26:30,-0.8275083343343178,6.5,Scooter,39,1.044877793478186,Medium,Rain,Bhandup,-0.4339306397381021,True
TW103356,2026-07-05 01:57:00,2026-07-05 02:08:06,-0.0583318410925863,11.1,Scooter,30,-2.0874923137574957,Low,Overcast,Kalyan,-0.8396450268289616,True
TW103295,2026-07-25 06:23:00,2026-07-25 06:37:54,-0.0583318410925863,14.9,Scooter,19,-0.26027641787001443,Medium,Clear,Mulund,2.92476821035585,True
TW100393,2026-07-16 07:16:00,2026-07-16 07:21:48,-0.5711161699204074,5.8,Motorcycle,25,-0.5213072601396559,Medium,Clear,Kalyan,-0.7882887752984731,True
TW104419,2026-07-21 15:00:00,2026-07-21 15:04:00,-1.304792209627905,4.0,Scooter,31,0.2617852666692662,Low,Rain,Kalyan,0.3672268841375194,True
TW100705,2026-07-23 14:42:00,2026-07-23 14:58:48,-0.7170624788944795,16.8,Motorcycle,27,-0.7823381024092951,Medium,Rain,Thane West,-0.9218150292777434,True
TW103643,2026-07-02 19:51:00,2026-07-02 19:58:12,-0.9655656536341157,7.2,Scooter,26,1.8279703202871058,High,Clear,Dombivli,2.1595600625515705,True
TW102664,2026-07-18 05:31:00,2026-07-18 05:36:12,-0.504059757689077,5.2,Scooter,33,0.2617852666692662,Medium,Clear,Navi Mumbai,-0.9218150292777434,True
TW100679,2026-07-01 00:12:00,2026-07-01 00:18:36,-1.0839004987482284,6.6,Scooter,22,-2.6095539982967764,Low,Rain,Vashi,-0.5623212685643234,True
TW104989,2026-07-16 07:12:00,2026-07-16 07:16:00,-1.1982908490252038,4.0,Scooter,33,-0.5213072601396559,Medium,Clear,Ghodbunder Road,3.2123632189265856,True
TW103095,2026-07-10 01:59:00,2026-07-10 02:06:30,-0.8117303549857694,7.5,Electric Scooter,40,1.044877793478186,Medium,Rain,Ghodbunder Road,1.348131288369851,True
TW102247,2026-07-27 16:52:00,2026-07-27 16:56:18,-0.7762299014515357,4.3,Scooter,34,0.5228161089389054,Medium,Clear,Navi Mumbai,-0.9218150292777434,True
TW102703,2026-07-17 12:52:00,2026-07-17 13:20:48,1.1486835790713612,28.8,Motorcycle,42,-0.7823381024092951,Medium,Clear,Navi Mumbai,-0.4390662648911509,False
TW102951,2026-07-25 11:50:00,2026-07-25 12:25:42,2.550951493673595,35.7,Motorcycle,42,-1.0433689446789354,Low,Clear,Ghodbunder Road,-0.37230313790151576,False
TW104030,2026-07-25 02:31:00,2026-07-25 03:08:48,2.4977008133722443,37.8,Scooter,33,0.0007544243996247222,Low,Clear,Bhandup,0.14125937740336983,False
TW102002,2026-07-29 05:19:00,2026-07-29 05:25:42,-0.7170624788944795,6.7,Motorcycle,35,-0.5213072601396559,Low,Overcast,Airoli,0.952688151585089,True
TW101401,2026-07-05 05:00:00,2026-07-05 05:12:18,0.024502550487292447,12.3,Motorcycle,25,1.044877793478186,Medium,Clear,Thane West,0.5829231405655714,True
TW100225,2026-07-21 10:04:00,2026-07-21 10:08:00,-1.3166256941393162,4.0,Scooter,19,-0.7823381024092951,Low,Clear,Vashi,-0.29526876060578294,True
TW100534,2026-07-26 00:20:00,2026-07-26 00:33:00,-0.40150289192351285,13.0,Scooter,20,-0.5213072601396559,Medium,Rain,Airoli,-0.5315075176460303,True
TW102831,2026-07-04 06:35:00,2026-07-04 06:48:36,-0.49617076801480275,13.6,Scooter,36,1.8279703202871058,Medium,Clear,Bhandup,-0.08984375448382867,True
TW103248,2026-07-08 19:41:00,2026-07-08 19:45:00,-1.0089550968426235,4.0,Motorcycle,32,1.8279703202871058,Medium,Clear,Mulund,-0.4647443906563951,True
TW101641,2026-07-15 06:19:00,2026-07-15 06:23:00,-1.2219578180480262,4.0,Motorcycle,22,-1.565430629218215,High,Clear,Bhandup,0.46993938719849665,True
TW102132,2026-07-05 12:38:00,2026-07-05 12:54:00,2.550951493673595,16.0,Motorcycle,43,-1.565430629218215,High,Clear,Mumbra,-0.6290843955539586,True
TW102808,2026-07-01 06:18:00,2026-07-01 06:41:06,1.1644615584199096,23.1,Scooter,27,-0.5213072601396559,Low,Clear,Mulund,-0.31067563606492954,True
TW101073,2026-07-13 04:59:00,2026-07-13 05:12:24,0.9199028785174104,13.4,Scooter,29,-0.5213072601396559,Low,Clear,Ghodbunder Road,-0.3158112612179784,True
TW101412,2026-07-02 11:51:00,2026-07-02 12:11:36,0.908069394005999,20.6,Scooter,35,-0.7823381024092951,Medium,Clear,Ghodbunder Road,-0.5520500182582256,True
TW102865,2026-07-28 18:09:00,2026-07-28 18:18:06,-0.7367849530801648,9.1,Scooter,30,1.3059086357478251,Medium,Clear,Bhandup,-0.9218150292777434,True
TW104984,2026-07-11 04:17:00,2026-07-11 04:27:24,-0.5080042525262141,10.4,Electric Scooter,32,-1.3043997869485757,Low,Overcast,Ghodbunder Road,-0.09497937963687753,True
TW103064,2026-07-03 01:29:00,2026-07-03 01:39:54,-0.2121671397409328,10.9,Scooter,21,-0.5213072601396559,Low,Clear,Ghodbunder Road,-0.41338813912590666,True
TW101503,2026-07-10 08:13:00,2026-07-10 08:19:06,-0.8669532827056886,6.1,Motorcycle,43,1.8279703202871058,High,Rain,Bhandup,-0.8961369035124991,True
TW104570,2026-07-14 19:25:00,2026-07-14 19:34:48,0.012669065975881097,9.8,Scooter,20,0.0007544243996247222,Medium,Clear,Navi Mumbai,0.0539537498015393,True
TW103960,2026-07-21 22:42:00,2026-07-21 22:51:18,-0.9418986846112932,9.3,Motorcycle,36,1.8279703202871058,Medium,Clear,Mulund,-0.3414893869832226,True
TW101031,2026-07-30 20:53:00,2026-07-30 20:57:18,-1.35212614767355,4.3,Scooter,44,-1.565430629218215,Medium,Clear,Ghodbunder Road,0.02827562403629489,True
TW103434,2026-07-26 07:11:00,2026-07-26 07:27:00,0.9751258062373294,16.0,Motorcycle,27,-0.26027641787001443,High,Overcast,Dombivli,-0.4339306397381021,True
TW102145,2026-07-01 12:28:00,2026-07-01 12:56:12,1.649634423387771,28.2,Motorcycle,22,0.0007544243996247222,Low,Clear,Mumbra,-0.9012725286655479,False
TW101516,2026-07-05 18:26:00,2026-07-05 18:39:48,0.03633603499870345,13.8,Scooter,32,0.2617852666692662,High,Clear,Thane West,-0.6085418949417631,True
TW101637,2026-07-18 16:39:00,2026-07-18 16:53:48,0.08366997304434849,14.8,Scooter,41,-1.8264614714878553,Medium,Clear,Thane West,0.02827562403629489,True
TW104341,2026-07-04 10:43:00,2026-07-04 10:49:18,-0.24372309843802933,6.3,Motorcycle,29,0.2617852666692662,Medium,Clear,Vashi,-0.38257438820761347,True
TW102044,2026-07-29 19:36:00,2026-07-29 19:44:54,-0.6855065201973828,8.9,Scooter,44,-0.26027641787001443,Medium,Clear,Vashi,0.9270100258198446,True
TW102654,2026-07-25 06:01:00,2026-07-25 06:05:00,-1.0878449935853653,4.0,Motorcycle,26,1.3059086357478251,Medium,Overcast,Dombivli,-0.9218150292777434,True
TW104753,2026-07-16 19:59:00,2026-07-16 20:17:48,0.572787332849347,18.8,Motorcycle,35,-1.8264614714878553,High,Clear,Airoli,-0.9115437789716456,True
TW101527,2026-07-24 18:22:00,2026-07-24 18:26:00,-1.4349605392534288,4.0,Scooter,29,-0.5213072601396559,Low,Clear,Thane West,-0.6598981464722518,True
TW101714,2026-07-09 07:06:00,2026-07-09 07:26:18,1.4129647331595458,20.3,Motorcycle,21,-0.7823381024092951,Medium,Clear,Ghodbunder Road,-0.9218150292777434,True
TW101707,2026-07-05 16:06:00,2026-07-05 16:32:42,2.0716953709614394,26.7,Motorcycle,38,-0.7823381024092951,Low,Overcast,Mulund,-0.6239487704009097,False
TW100406,2026-07-21 18:29:00,2026-07-21 18:33:00,-1.1549014058166958,4.0,Scooter,19,0.5228161089389054,Medium,Clear,Dombivli,-0.9218150292777434,True
TW104506,2026-07-11 05:31:00,2026-07-11 05:36:00,-0.882731262054237,5.0,Scooter,40,0.0007544243996247222,Low,Rain,Mulund,-0.9166794041246945,True
TW100578,2026-07-30 17:55:00,2026-07-30 18:00:36,-1.3245146838135904,5.6,Scooter,23,-0.7823381024092951,Low,Clear,Airoli,1.5176069184204632,True
TW104583,2026-07-19 21:55:00,2026-07-19 22:11:00,0.08366997304434849,16.0,Scooter,28,0.5228161089389054,Low,Clear,Thane West,-0.5777281440234701,True
TW100367,2026-07-05 05:15:00,2026-07-05 05:36:54,0.8607354559603543,21.9,Electric Scooter,30,0.5228161089389054,Medium,Clear,Vashi,-0.007673752035047018,True
TW102992,2026-07-07 16:29:00,2026-07-07 16:33:00,-0.5395602112233107,4.0,Electric Scooter,44,1.5669394780174666,High,Clear,Ghodbunder Road,0.3107350074539821,True
TW100536,2026-07-08 19:51:00,2026-07-08 20:10:30,0.6319547554064034,19.5,Scooter,32,1.044877793478186,Low,Rain,Mumbra,0.3569556338314217,True
TW100147,2026-07-20 09:40:00,2026-07-20 09:51:18,0.032391540161566444,11.3,Scooter,29,-1.565430629218215,Low,Clear,Bhandup,-0.9064081538185967,True
TW103542,2026-07-26 10:40:00,2026-07-26 10:55:54,-0.555338190571859,15.9,Scooter,37,-1.0433689446789354,High,Overcast,Mumbra,-0.9218150292777434,True
TW102000,2026-07-29 08:14:00,2026-07-29 08:18:00,-1.1470124161424218,4.0,Electric Scooter,32,0.0007544243996247222,Medium,Clear,Kalyan,-0.6598981464722518,True
TW102426,2026-07-06 17:50:00,2026-07-06 17:59:00,-0.8985092414027853,9.0,Motorcycle,34,0.5228161089389054,High,Rain,Bhandup,-0.5109650170338349,True
TW100650,2026-07-11 14:39:00,2026-07-11 14:55:54,0.4465634980609602,16.9,Motorcycle,28,-0.26027641787001443,High,Clear,Thane West,-0.9218150292777434,True
TW100193,2026-07-05 00:49:00,2026-07-05 00:54:24,-0.46461480931770605,5.4,Scooter,38,0.5228161089389054,Low,Clear,Vashi,-0.9166794041246945,True
TW101943,2026-07-14 02:06:00,2026-07-14 02:31:48,1.8508036600817623,25.8,Electric Scooter,34,1.8279703202871058,Low,Rain,Airoli,-0.7266612734618869,False
TW100938,2026-07-21 21:29:00,2026-07-21 21:38:36,-0.366002438389279,9.6,Motorcycle,29,-0.5213072601396559,Medium,Overcast,Ghodbunder Road,1.0656719049521641,True
TW100166,2026-07-12 15:23:00,2026-07-12 15:33:36,-0.5711161699204074,10.6,Motorcycle,23,1.044877793478186,High,Clear,Airoli,-0.19769188269785462,True
TW100542,2026-07-10 06:23:00,2026-07-10 06:38:00,-0.16088870685815057,15.0,Scooter,25,0.5228161089389054,Low,Clear,Thane West,-0.2695906348405387,True
TW103587,2026-07-19 20:49:00,2026-07-19 20:56:18,-0.744673942754439,7.3,Motorcycle,44,-0.26027641787001443,Low,Rain,Airoli,0.20288687923995613,True
TW103803,2026-07-28 15:42:00,2026-07-28 15:46:00,-1.0799560039110911,4.0,Scooter,41,0.5228161089389054,Low,Clear,Navi Mumbai,-0.5315075176460303,True
TW100627,2026-07-12 17:50:00,2026-07-12 17:58:42,-0.5632271802461332,8.7,Motorcycle,40,0.5228161089389054,Low,Clear,Navi Mumbai,-0.860187527441157,True
TW102591,2026-07-27 05:06:00,2026-07-27 05:22:36,0.249338756204106,16.6,Motorcycle,37,-0.5213072601396559,Low,Overcast,Thane West,-0.4955581415746883,True
TW101101,2026-07-22 20:51:00,2026-07-22 20:55:00,-1.020788581354035,4.0,Scooter,27,-0.5213072601396559,Medium,Rain,Mumbra,-0.9218150292777434,True
TW100585,2026-07-14 02:57:00,2026-07-14 03:04:36,-0.6026721286175041,7.6,Scooter,23,0.2617852666692662,Low,Rain,Mumbra,-0.9218150292777434,True
TW102765,2026-07-25 06:54:00,2026-07-25 06:58:00,-0.9813436329826641,4.0,Scooter,29,1.8279703202871058,Medium,Rain,Vashi,-0.8345094016759128,True
TW100371,2026-07-23 17:01:00,2026-07-23 17:10:06,-0.35022445904073063,9.1,Scooter,32,0.0007544243996247222,Low,Rain,Bhandup,0.26965000622959123,True
TW104435,2026-07-17 00:07:00,2026-07-17 00:17:12,-0.6776175305231086,10.2,Scooter,19,0.0007544243996247222,Low,Clear,Navi Mumbai,-0.649626896166154,True
TW103617,2026-07-15 18:44:00,2026-07-15 19:02:42,1.2394069603255145,18.7,Motorcycle,26,0.0007544243996247222,High,Rain,Mumbra,0.6496862675552064,True
TW101552,2026-07-10 09:34:00,2026-07-10 09:49:00,0.09155896271862285,15.0,Motorcycle,35,0.0007544243996247222,High,Clear,Bhandup,0.7883481466875255,True
TW101271,2026-07-20 20:20:00,2026-07-20 20:38:42,1.1289611048856758,18.7,Motorcycle,25,-0.26027641787001443,High,Clear,Kalyan,0.25424313077044475,True
TW104360,2026-07-23 23:25:00,2026-07-23 23:42:24,-0.5750606647575445,17.4,Scooter,19,-1.565430629218215,Low,Clear,Mulund,3.006938212804631,True
TW103174,2026-07-01 06:11:00,2026-07-01 06:15:54,-1.2337913025594376,4.9,Scooter,33,-0.26027641787001443,Low,Rain,Mulund,-0.17201375693261042,True
TW104353,2026-07-10 23:26:00,2026-07-10 23:31:30,-0.6184501079660524,5.5,Motorcycle,20,0.5228161089389054,Low,Overcast,Navi Mumbai,1.3070462871454602,True
TW102660,2026-07-27 03:52:00,2026-07-27 04:00:54,-0.23188961392661817,8.9,Motorcycle,44,0.2617852666692662,Low,Rain,Dombivli,-0.4287950145850532,True
TW102210,2026-07-30 23:32:00,2026-07-30 23:57:18,2.17819673156414,25.3,Scooter,31,0.5228161089389054,Low,Clear,Bhandup,-0.8858656532064013,False
TW103185,2026-07-10 22:03:00,2026-07-10 22:21:06,0.17439335429850158,18.1,Motorcycle,40,1.8279703202871058,Low,Overcast,Dombivli,4.6195245108619725,True
TW102767,2026-07-04 21:01:00,2026-07-04 21:19:00,0.6753441986149111,18.0,Motorcycle,41,1.5669394780174666,Medium,Rain,Ghodbunder Road,-0.6444912710131051,True
TW100903,2026-07-23 17:39:00,2026-07-23 17:43:00,-1.1351789316310104,4.0,Scooter,26,-0.5213072601396559,Medium,Overcast,Kalyan,0.0950387510259302,True
TW100555,2026-07-24 01:03:00,2026-07-24 01:10:42,-0.3581134487150048,7.7,Electric Scooter,20,0.0007544243996247222,Low,Rain,Kalyan,-0.4390662648911509,True
TW103602,2026-07-22 14:46:00,2026-07-22 14:50:00,-1.403404580556332,4.0,Scooter,23,0.0007544243996247222,Medium,Clear,Ghodbunder Road,0.6599575178613042,True
TW104526,2026-07-23 05:55:00,2026-07-23 05:59:30,-1.4152380650677434,4.5,Scooter,24,-1.565430629218215,Medium,Clear,Mumbra,0.3364131332192263,True
TW104902,2026-07-24 02:04:00,2026-07-24 02:15:24,-0.6026721286175041,11.4,Motorcycle,24,1.044877793478186,Medium,Overcast,Mumbra,-0.2490481342283432,True
TW102478,2026-07-04 23:45:00,2026-07-04 23:50:54,-0.8314528291714549,5.9,Scooter,36,-0.5213072601396559,Medium,Clear,Mumbra,-0.6547625213192029,True
TW101649,2026-07-12 12:31:00,2026-07-12 12:47:00,0.19806032332132395,16.0,Electric Scooter,35,-0.26027641787001443,Medium,Rain,Bhandup,0.885925024595454,True
TW103415,2026-07-10 02:48:00,2026-07-10 03:01:06,-0.3462799642035936,13.1,Scooter,28,-1.0433689446789354,Medium,Rain,Kalyan,0.21315812954605387,True
TW100283,2026-07-14 07:29:00,2026-07-14 07:37:24,-1.0484000452139948,8.4,Motorcycle,20,1.044877793478186,Low,Clear,Dombivli,-0.5674568937173723,True
TW104101,2026-07-05 13:54:00,2026-07-05 14:03:42,-0.010997903046941603,9.7,Motorcycle,24,0.0007544243996247222,Low,Overcast,Ghodbunder Road,-0.8858656532064013,True
TW101444,2026-07-01 09:26:00,2026-07-01 09:32:42,0.2572277458783804,6.7,Motorcycle,20,1.8279703202871058,Medium,Clear,Mulund,-0.8345094016759128,True
TW104908,2026-07-10 03:46:00,2026-07-10 03:58:24,0.10339244723003385,12.4,Scooter,27,-0.26027641787001443,Medium,Clear,Vashi,0.351820008678373,True
TW102016,2026-07-30 03:04:00,2026-07-30 03:29:54,1.570744526645029,25.9,Electric Scooter,44,0.2617852666692662,Medium,Overcast,Dombivli,-0.8499162771350594,False
TW103402,2026-07-07 20:26:00,2026-07-07 20:39:12,-0.026775882395489604,13.2,Scooter,24,0.2617852666692662,Low,Rain,Kalyan,-0.9218150292777434,True
TW100675,2026-07-21 02:39:00,2026-07-21 03:08:54,1.4681876608794648,29.9,Electric Scooter,34,-2.0874923137574957,Low,Clear,Kalyan,3.6745694827009827,False
TW103347,2026-07-21 16:01:00,2026-07-21 16:09:36,-0.46461480931770605,8.6,Motorcycle,40,-1.3043997869485757,High,Clear,Navi Mumbai,-0.39798126366676007,True
TW102848,2026-07-07 17:38:00,2026-07-07 17:49:30,-0.6223946028031894,11.5,Scooter,19,0.0007544243996247222,Low,Clear,Thane West,-0.7985600256045708,True
TW101377,2026-07-30 21:27:00,2026-07-30 21:31:00,-1.2061798386994778,4.0,Scooter,44,-0.5213072601396559,High,Clear,Dombivli,0.04881812464849033,True
TW101349,2026-07-22 01:20:00,2026-07-22 01:29:00,-0.07016532560399766,9.0,Scooter,20,0.5228161089389054,High,Clear,Kalyan,-0.2798618851466364,True
TW100842,2026-07-17 23:58:00,2026-07-18 00:05:30,-0.4764482938291174,7.5,Scooter,44,1.044877793478186,Medium,Clear,Bhandup,0.8037550221466723,True
TW101968,2026-07-02 06:29:00,2026-07-02 06:35:12,-0.7288959634058907,6.2,Scooter,23,-0.26027641787001443,Medium,Clear,Vashi,-0.2901331354527341,True
TW100070,2026-07-09 06:06:00,2026-07-09 06:19:48,-0.4803927886662544,13.8,Scooter,38,0.7838469512085445,High,Clear,Navi Mumbai,-0.32094688637102714,True
TW101663,2026-07-23 03:05:00,2026-07-23 03:26:30,0.5570093535007986,21.5,Motorcycle,26,1.044877793478186,High,Clear,Thane West,0.8037550221466723,True
TW101163,2026-07-06 18:25:00,2026-07-06 18:57:06,1.9218045671502297,32.1,Scooter,37,-0.26027641787001443,Medium,Rain,Mulund,0.7934837718405745,False
TW102873,2026-07-21 04:44:00,2026-07-21 04:53:18,-0.8156748498229066,9.3,Motorcycle,41,0.2617852666692662,Medium,Clear,Vashi,1.6254550466344893,True
TW102931,2026-07-01 17:33:00,2026-07-01 17:59:54,1.7245798252933755,26.9,Scooter,31,-0.7823381024092951,High,Clear,Mumbra,-0.8499162771350594,False
TW100784,2026-07-23 11:31:00,2026-07-23 11:42:30,-0.39361390224923865,11.5,Motorcycle,39,0.0007544243996247222,Medium,Clear,Dombivli,-0.08470812933077981,True
TW100924,2026-07-25 01:28:00,2026-07-25 01:39:48,0.2059493129955983,11.8,Electric Scooter,40,-1.565430629218215,Medium,Clear,Vashi,2.3084931919899874,True
TW100925,2026-07-14 14:31:00,2026-07-14 14:42:24,-0.0583318410925863,11.4,Scooter,30,-1.0433689446789354,High,Rain,Bhandup,1.8103375521442477,True
TW101694,2026-07-02 02:34:00,2026-07-02 02:47:06,0.28878370457547703,13.1,Motorcycle,26,0.5228161089389054,Low,Clear,Thane West,-0.3671675127484669,True
TW100816,2026-07-01 02:14:00,2026-07-01 02:24:12,0.06000300402152615,10.2,Motorcycle,19,0.2617852666692662,Low,Clear,Kalyan,-0.4339306397381021,True
TW100864,2026-07-05 16:49:00,2026-07-05 17:12:12,1.874470629104585,23.2,Motorcycle,38,1.8279703202871058,Low,Clear,Mumbra,-0.9218150292777434,True
TW103604,2026-07-13 06:49:00,2026-07-13 06:54:48,-0.5592826854089962,5.8,Scooter,26,1.8279703202871058,High,Clear,Ghodbunder Road,-0.4750156409624928,True
TW104594,2026-07-17 00:48:00,2026-07-17 01:23:06,1.665412402736319,35.1,Motorcycle,37,-0.5213072601396559,High,Rain,Mulund,-0.7728818998393265,False
TW102120,2026-07-06 21:14:00,2026-07-06 21:20:42,-0.788063385962947,6.7,Electric Scooter,41,1.5669394780174666,Low,Clear,Kalyan,-0.2798618851466364,True
TW103066,2026-07-06 00:16:00,2026-07-06 00:28:24,-0.37389142806355313,12.4,Scooter,44,0.5228161089389054,Medium,Rain,Ghodbunder Road,1.9849488073479093,True
TW102083,2026-07-22 16:08:00,2026-07-22 16:14:00,-0.33839097452931943,6.0,Motorcycle,20,0.5228161089389054,High,Clear,Navi Mumbai,-0.05389437841248676,True
TW102406,2026-07-29 09:06:00,2026-07-29 09:17:48,-0.4488368299691577,11.8,Scooter,19,-0.5213072601396559,Medium,Clear,Mumbra,-0.7574750243801799,True
TW101458,2026-07-22 11:02:00,2026-07-22 11:32:54,1.3695752899510378,30.9,Scooter,32,-0.5213072601396559,Low,Overcast,Navi Mumbai,0.4904818878106921,False
TW101716,2026-07-14 02:53:00,2026-07-14 03:25:18,2.550951493673595,32.3,Scooter,28,-0.26027641787001443,Medium,Clear,Dombivli,-0.505829391880786,False
TW103927,2026-07-15 20:11:00,2026-07-15 20:19:06,-0.29105703648367437,8.1,Scooter,21,1.044877793478186,Medium,Overcast,Navi Mumbai,-0.5623212685643234,True
TW101378,2026-07-02 21:12:00,2026-07-02 21:32:12,1.0816271668400308,20.2,Scooter,32,0.0007544243996247222,Low,Overcast,Vashi,0.2953281319948354,True
TW104993,2026-07-24 12:59:00,2026-07-24 13:05:54,-1.1982908490252038,6.9,Electric Scooter,29,-0.26027641787001443,Medium,Overcast,Dombivli,-0.6598981464722518,True
TW100988,2026-07-13 19:22:00,2026-07-13 19:26:00,-0.511948747363351,4.0,Electric Scooter,39,0.7838469512085445,High,Clear,Dombivli,-0.13092875570821955,True
TW104024,2026-07-08 12:18:00,2026-07-08 13:08:00,2.550951493673595,50.0,Motorcycle,32,-0.26027641787001443,Medium,Clear,Airoli,-0.7215256483088379,False
TW102077,2026-07-13 16:28:00,2026-07-13 16:46:30,0.012669065975881097,18.5,Scooter,38,0.7838469512085445,Medium,Rain,Ghodbunder Road,-0.06416562871858436,True
TW100268,2026-07-28 03:50:00,2026-07-28 03:56:30,-1.1036229729339138,6.5,Motorcycle,41,-1.3043997869485757,Medium,Clear,Kalyan,0.007733123424099449,True
TW104881,2026-07-06 06:17:00,2026-07-06 06:30:24,-0.27922355197226323,13.4,Motorcycle,41,1.8279703202871058,Medium,Rain,Navi Mumbai,-0.7266612734618869,True
TW100188,2026-07-08 05:07:00,2026-07-08 05:17:24,-0.10961027397536871,10.4,Scooter,43,0.2617852666692662,High,Overcast,Vashi,2.390663194438769,True
TW100284,2026-07-09 23:40:00,2026-07-09 23:44:00,-0.7525629324287132,4.0,Scooter,22,1.044877793478186,Low,Clear,Navi Mumbai,1.913050055205225,True
TW104689,2026-07-18 20:02:00,2026-07-18 20:18:48,-0.050442851418312305,16.8,Scooter,21,-0.26027641787001443,Medium,Clear,Ghodbunder Road,-0.7420681489210333,True
TW103605,2026-07-10 20:12:00,2026-07-10 20:19:54,0.20200481815846094,7.9,Motorcycle,32,0.5228161089389054,Low,Clear,Thane West,0.31587063260703085,True
TW104103,2026-07-03 17:39:00,2026-07-03 17:43:00,-1.4428495289277028,4.0,Scooter,43,-2.0874923137574957,High,Clear,Thane West,-0.7061187728496915,True
TW100759,2026-07-09 21:25:00,2026-07-09 21:35:48,-0.054387346255449304,10.8,Motorcycle,28,0.2617852666692662,Medium,Clear,Navi Mumbai,-0.07443687902468209,True
TW103948,2026-07-27 01:59:00,2026-07-27 02:06:36,-0.4803927886662544,7.6,Scooter,40,-0.5213072601396559,Medium,Clear,Dombivli,-0.5469143931051769,True
TW104680,2026-07-26 14:23:00,2026-07-26 14:34:12,0.26117224071551737,11.2,Scooter,25,-0.26027641787001443,Low,Clear,Ghodbunder Road,-0.7523393992271311,True
TW102157,2026-07-05 08:40:00,2026-07-05 08:55:06,0.2059493129955983,15.1,Scooter,19,0.7838469512085445,High,Clear,Kalyan,-0.4339306397381021,True
TW100054,2026-07-27 11:27:00,2026-07-27 11:31:54,-0.44094784029488354,4.9,Motorcycle,30,0.7838469512085445,Medium,Clear,Navi Mumbai,-0.1360643808612684,True
TW104437,2026-07-04 22:46:00,2026-07-04 23:01:00,-0.8511753033571403,15.0,Scooter,30,0.2617852666692662,Low,Clear,Bhandup,-0.23364125876919664,True
TW102278,2026-07-29 00:40:00,2026-07-29 00:51:48,-0.7801743962886729,11.8,Scooter,23,0.2617852666692662,Low,Overcast,Mumbra,0.42885438597410575,True
TW102554,2026-07-28 13:06:00,2026-07-28 13:28:42,2.2649756179811558,22.7,Motorcycle,22,0.5228161089389054,High,Clear,Bhandup,1.6870825484710756,True
TW103124,2026-07-12 06:40:00,2026-07-12 06:50:12,0.5609538483379356,10.2,Motorcycle,24,-0.5213072601396559,Medium,Clear,Dombivli,-0.2901331354527341,True
TW104650,2026-07-01 03:14:00,2026-07-01 03:34:54,0.1112814369043082,20.9,Scooter,39,-0.7823381024092951,High,Clear,Vashi,0.7832125215344767,True
TW101779,2026-07-18 06:52:00,2026-07-18 07:03:18,-0.17272219136956193,11.3,Scooter,35,1.044877793478186,Low,Clear,Thane West,2.2160519392351072,True
TW101610,2026-07-12 15:31:00,2026-07-12 15:44:00,0.1467818904385419,13.0,Scooter,33,-0.5213072601396559,High,Clear,Vashi,-0.7882887752984731,True
TW102011,2026-07-22 06:30:00,2026-07-22 06:49:24,1.1131831255371276,19.4,Scooter,23,0.2617852666692662,Medium,Clear,Airoli,-0.2490481342283432,True
TW100375,2026-07-30 19:21:00,2026-07-30 20:02:30,2.550951493673595,41.5,Scooter,29,0.5228161089389054,High,Clear,Airoli,-0.6239487704009097,False
TW104039,2026-07-30 15:01:00,2026-07-30 15:19:36,1.2117954964655546,18.6,Motorcycle,30,0.0007544243996247222,Low,Clear,Bhandup,-0.18228500723870816,True
TW101582,2026-07-08 18:59:00,2026-07-08 19:09:30,-0.5711161699204074,10.5,Electric Scooter,23,1.044877793478186,Low,Overcast,Dombivli,0.13612375225032083,True
TW102244,2026-07-09 01:03:00,2026-07-09 01:07:00,-1.1075674677710508,4.0,Scooter,39,0.2617852666692662,Medium,Clear,Thane West,-0.7266612734618869,True
TW104627,2026-07-17 01:07:00,2026-07-17 01:22:12,0.5254533948037019,15.2,Scooter,37,0.7838469512085445,Low,Clear,Navi Mumbai,-0.31067563606492954,True
TW101662,2026-07-03 23:41:00,2026-07-03 23:45:42,-1.2535137767451228,4.7,Electric Scooter,32,0.5228161089389054,Medium,Clear,Dombivli,-0.5674568937173723,True
TW104160,2026-07-18 22:20:00,2026-07-18 22:28:24,-0.15694421202101358,8.4,Motorcycle,39,-0.5213072601396559,Medium,Clear,Mumbra,-0.15660688147346385,True
TW103671,2026-07-27 23:26:00,2026-07-27 23:34:12,-0.12538825332391687,8.2,Motorcycle,36,-2.348523156027136,High,Clear,Thane West,3.648891356935738,True
TW103167,2026-07-17 13:48:00,2026-07-17 14:01:30,0.0718364885329375,13.5,Scooter,38,0.7838469512085445,High,Overcast,Thane West,0.32614188291312857,True
TW100847,2026-07-20 10:54:00,2026-07-20 11:06:54,-0.062276335929723654,12.9,Motorcycle,33,-0.26027641787001443,High,Rain,Ghodbunder Road,-0.2490481342283432,True
TW103339,2026-07-08 01:12:00,2026-07-08 01:31:06,1.0658491874914826,19.1,Scooter,39,0.0007544243996247222,High,Clear,Thane West,-0.4544731403502974,True
TW100845,2026-07-27 15:30:00,2026-07-27 15:34:00,-1.1549014058166958,4.0,Scooter,30,-0.26027641787001443,High,Clear,Airoli,-0.9218150292777434,True
TW104234,2026-07-21 17:32:00,2026-07-21 17:58:36,1.5076326092508356,26.6,Electric Scooter,19,-1.0433689446789354,Medium,Clear,Ghodbunder Road,0.16180187801556525,False
TW100483,2026-07-19 09:52:00,2026-07-19 10:10:48,0.8252350024261202,18.8,Motorcycle,25,0.0007544243996247222,Low,Clear,Vashi,0.5007531381167898,True
TW100235,2026-07-18 22:21:00,2026-07-18 22:25:00,-0.930065200099882,4.0,Scooter,36,0.7838469512085445,Medium,Overcast,Vashi,0.562380639953376,True
TW103623,2026-07-09 02:28:00,2026-07-09 02:34:24,-0.16483320169528776,6.4,Scooter,25,1.5669394780174666,High,Clear,Navi Mumbai,0.6805000184734996,True
TW103704,2026-07-20 18:26:00,2026-07-20 18:38:24,-0.8511753033571403,12.4,Scooter,26,-1.565430629218215,Low,Clear,Dombivli,-0.29526876060578294,True
TW103452,2026-07-01 09:11:00,2026-07-01 09:15:00,-1.0602335297254057,4.0,Motorcycle,29,1.8279703202871058,Low,Clear,Dombivli,-0.9218150292777434,True
TW104597,2026-07-16 08:07:00,2026-07-16 08:19:54,-0.10172128430109435,12.9,Scooter,28,1.3059086357478251,Medium,Clear,Vashi,2.775835080917433,True
TW102432,2026-07-07 07:54:00,2026-07-07 08:13:24,0.856790961123217,19.4,Motorcycle,37,0.0007544243996247222,Low,Clear,Mumbra,0.31587063260703085,True
TW102638,2026-07-13 22:30:00,2026-07-13 22:41:36,1.0461267133057972,11.6,Motorcycle,38,0.0007544243996247222,Medium,Clear,Thane West,1.106756906176555,True
TW101356,2026-07-16 00:48:00,2026-07-16 00:52:00,-0.6026721286175041,4.0,Scooter,27,1.3059086357478251,Low,Rain,Vashi,0.1823443786277607,True
TW102223,2026-07-29 07:17:00,2026-07-29 07:23:24,-0.5947831389432299,6.4,Motorcycle,40,0.5228161089389054,Medium,Overcast,Mulund,-0.6342200207070074,True
TW102483,2026-07-16 22:57:00,2026-07-16 23:01:36,-1.0799560039110911,4.6,Motorcycle,33,1.3059086357478251,Medium,Clear,Dombivli,0.49561751296374085,True
TW100822,2026-07-12 08:24:00,2026-07-12 08:31:48,-0.27922355197226323,7.8,Motorcycle,23,-0.26027641787001443,Medium,Clear,Ghodbunder Road,1.640861922093636,True
TW100556,2026-07-03 06:57:00,2026-07-03 07:07:48,-0.6539505615002861,10.8,Scooter,26,0.7838469512085445,Medium,Clear,Ghodbunder Road,-0.326082511524076,True
TW101282,2026-07-13 13:21:00,2026-07-13 13:25:36,-1.0444555503768576,4.6,Scooter,29,0.2617852666692662,Low,Clear,Kalyan,-0.9012725286655479,True
TW103722,2026-07-01 15:13:00,2026-07-01 15:17:06,-0.7131179840573423,4.1,Scooter,36,0.5228161089389054,Medium,Rain,Vashi,-0.8755944029003037,True
TW100823,2026-07-01 16:17:00,2026-07-01 16:21:00,-1.1391234264681473,4.0,Scooter,42,1.044877793478186,Low,Rain,Ghodbunder Road,-0.9218150292777434,True
TW104955,2026-07-16 23:13:00,2026-07-16 23:26:12,-0.788063385962947,13.2,Electric Scooter,32,0.0007544243996247222,Medium,Rain,Dombivli,2.33930694290828,True
TW102850,2026-07-20 16:33:00,2026-07-20 16:38:12,-0.9142872207513337,5.2,Motorcycle,25,-0.26027641787001443,High,Clear,Kalyan,-0.7626106495332288,True
TW104178,2026-07-03 21:31:00,2026-07-03 21:38:54,-0.2161116345780698,7.9,Scooter,20,-0.26027641787001443,Medium,Clear,Navi Mumbai,-0.15660688147346385,True
TW103261,2026-07-16 13:17:00,2026-07-16 13:26:00,-0.8156748498229066,9.0,Motorcycle,31,0.7838469512085445,Low,Clear,Mulund,0.19261562893385842,True
TW101844,2026-07-17 02:38:00,2026-07-17 03:07:24,1.791636237524706,29.4,Electric Scooter,44,-0.26027641787001443,Medium,Clear,Thane West,-0.9218150292777434,False
TW101251,2026-07-17 16:57:00,2026-07-17 17:01:00,-0.5592826854089962,4.0,Scooter,41,1.3059086357478251,High,Rain,Mumbra,1.5638275447979029,True
TW100210,2026-07-10 04:05:00,2026-07-10 04:31:42,2.550951493673595,26.7,Scooter,44,-0.7823381024092951,Low,Clear,Navi Mumbai,-0.7985600256045708,False
TW101531,2026-07-23 23:35:00,2026-07-23 23:47:12,0.0442250246729778,12.2,Scooter,28,1.5669394780174666,Low,Clear,Vashi,3.2688550956101228,True
TW101615,2026-07-20 16:09:00,2026-07-20 16:26:54,0.42684102387527484,17.9,Motorcycle,26,1.044877793478186,Low,Rain,Navi Mumbai,-0.505829391880786,True
TW103775,2026-07-09 13:10:00,2026-07-09 13:16:48,-1.2298468077223006,6.8,Motorcycle,36,-0.26027641787001443,High,Clear,Ghodbunder Road,-0.17201375693261042,True
TW104251,2026-07-28 10:12:00,2026-07-28 10:22:12,0.13494840592713056,10.2,Motorcycle,29,1.044877793478186,Medium,Rain,Dombivli,-0.8653231525942059,True
TW100139,2026-07-22 05:46:00,2026-07-22 05:57:42,-0.2516120881123035,11.7,Scooter,37,-2.0874923137574957,Low,Rain,Mulund,-0.2695906348405387,True
TW104282,2026-07-20 15:20:00,2026-07-20 15:29:30,0.3676736013182188,9.5,Scooter,23,0.2617852666692662,Medium,Clear,Thane West,0.0950387510259302,True
TW104064,2026-07-09 05:47:00,2026-07-09 06:03:36,1.1920730222798692,16.6,Motorcycle,20,1.044877793478186,High,Overcast,Thane West,0.12585250194422334,True
TW102416,2026-07-04 01:21:00,2026-07-04 02:08:12,2.550951493673595,47.2,Motorcycle,39,-1.0433689446789354,High,Clear,Kalyan,1.9387281809704693,False
TW102498,2026-07-26 00:14:00,2026-07-26 00:25:42,-0.2516120881123035,11.7,Electric Scooter,19,1.044877793478186,Low,Clear,Mumbra,-0.2798618851466364,True
TW102325,2026-07-04 07:23:00,2026-07-04 07:31:06,-0.9458431794484304,8.1,Scooter,37,-1.565430629218215,Medium,Clear,Mumbra,-0.7266612734618869,True
TW103370,2026-07-03 18:34:00,2026-07-03 18:39:54,-0.5711161699204074,5.9,Scooter,24,1.8279703202871058,Medium,Rain,Kalyan,-0.11038625509602411,True
TW104750,2026-07-23 03:51:00,2026-07-23 03:55:00,-1.2140688283737522,4.0,Electric Scooter,32,1.5669394780174666,High,Overcast,Ghodbunder Road,-0.4287950145850532,True
TW101053,2026-07-17 02:50:00,2026-07-17 02:54:00,-1.0286775710283091,4.0,Motorcycle,27,1.8279703202871058,Low,Clear,Bhandup,0.8653825239832585,True
TW103654,2026-07-30 21:13:00,2026-07-30 21:21:30,-1.2022353438623408,8.5,Motorcycle,34,0.0007544243996247222,Low,Clear,Mulund,-0.4596087655033463,True
TW102619,2026-07-22 12:31:00,2026-07-22 12:42:00,0.2730057252269287,11.0,Electric Scooter,21,-1.0433689446789354,Medium,Clear,Bhandup,-0.9218150292777434,True
TW104817,2026-07-21 16:03:00,2026-07-21 16:11:12,-1.2140688283737522,8.2,Motorcycle,41,0.2617852666692662,High,Rain,Mumbra,0.15153062770946754,True
TW104231,2026-07-02 17:21:00,2026-07-02 17:25:00,-0.7841188911258099,4.0,Electric Scooter,40,-0.5213072601396559,Low,Clear,Dombivli,-0.9218150292777434,True
TW102014,2026-07-09 21:29:00,2026-07-09 21:51:06,0.39528506517817813,22.1,Scooter,24,0.7838469512085445,Low,Overcast,Thane West,0.27478563138263995,True
TW104892,2026-07-25 12:50:00,2026-07-25 13:00:42,-0.5158932422004882,10.7,Scooter,42,0.0007544243996247222,High,Rain,Kalyan,0.31587063260703085,True
TW100593,2026-07-19 00:18:00,2026-07-19 00:34:12,0.06394749885866315,16.2,Motorcycle,36,0.7838469512085445,High,Clear,Dombivli,0.5829231405655714,True
TW102882,2026-07-03 11:45:00,2026-07-03 11:56:12,-0.25950107778657766,11.2,Electric Scooter,31,-1.565430629218215,Low,Overcast,Mulund,0.880789399442405,True
TW100879,2026-07-19 05:40:00,2026-07-19 05:48:18,2.550951493673595,8.3,Motorcycle,39,-0.5213072601396559,Low,Clear,Thane West,-0.8704587777472548,True
TW103635,2026-07-09 04:05:00,2026-07-09 04:21:06,0.35189562196967045,16.1,Electric Scooter,36,0.5228161089389054,High,Clear,Vashi,-0.7985600256045708,True
TW101032,2026-07-24 12:27:00,2026-07-24 12:34:30,-0.6776175305231086,7.5,Scooter,26,0.0007544243996247222,High,Clear,Bhandup,-0.7677462746862777,True
TW100344,2026-07-22 16:27:00,2026-07-22 16:39:00,-0.46855930415484326,12.0,Motorcycle,32,-0.26027641787001443,Medium,Rain,Dombivli,-0.4185237642789555,True
TW100841,2026-07-02 06:18:00,2026-07-02 06:23:06,-1.0089550968426235,5.1,Electric Scooter,44,-0.5213072601396559,High,Clear,Thane West,-0.3414893869832226,True
TW104554,2026-07-05 20:31:00,2026-07-05 21:03:42,1.6259674543649485,32.7,Motorcycle,43,-1.0433689446789354,High,Clear,Vashi,0.11558125163812563,False
TW102473,2026-07-03 15:04:00,2026-07-03 15:17:36,0.35584011680680744,13.6,Motorcycle,34,-0.5213072601396559,High,Clear,Dombivli,-0.7112543980027402,True
TW104147,2026-07-11 23:44:00,2026-07-11 23:57:18,0.7226781366605561,13.3,Motorcycle,35,-1.0433689446789354,Medium,Clear,Mulund,-0.37743876305456464,True
TW103252,2026-07-27 21:31:00,2026-07-27 21:40:12,-0.16877769653242475,9.2,Motorcycle,21,0.2617852666692662,Medium,Overcast,Thane West,-0.8807300280533524,True
TW101863,2026-07-13 07:42:00,2026-07-13 07:58:42,0.2059493129955983,16.7,Scooter,31,0.0007544243996247222,High,Clear,Navi Mumbai,0.19775125408690716,True
TW104020,2026-07-26 12:48:00,2026-07-26 12:58:30,-0.030720377232626953,10.5,Scooter,23,0.7838469512085445,Low,Clear,Mumbra,0.8088906472997209,True
TW103393,2026-07-19 14:00:00,2026-07-19 14:07:48,-1.0010661071683495,7.8,Motorcycle,27,-1.3043997869485757,High,Clear,Airoli,-0.36203188759541804,True
TW103719,2026-07-16 04:48:00,2026-07-16 05:02:48,0.3676736013182188,14.8,Scooter,25,1.044877793478186,Low,Clear,Navi Mumbai,-0.9218150292777434,True
TW103178,2026-07-12 06:20:00,2026-07-12 06:29:54,-0.2831680468094002,9.9,Scooter,19,-2.0874923137574957,Low,Clear,Mumbra,-0.8858656532064013,True
TW103447,2026-07-07 23:45:00,2026-07-07 23:54:12,-0.09383229462682036,9.2,Scooter,21,-1.3043997869485757,Medium,Clear,Bhandup,-0.9218150292777434,True
TW103207,2026-07-22 08:01:00,2026-07-22 08:07:00,-0.7998968704743582,6.0,Scooter,25,-0.7823381024092951,Low,Clear,Vashi,-0.4852868912685906,True
TW103098,2026-07-21 12:06:00,2026-07-21 12:10:00,-0.8314528291714549,4.0,Scooter,20,-1.0433689446789354,High,Overcast,Bhandup,-0.649626896166154,True
TW101809,2026-07-03 18:15:00,2026-07-03 18:36:36,0.904124899168862,21.6,Scooter,19,0.0007544243996247222,High,Clear,Airoli,-0.9218150292777434,True
TW104038,2026-07-19 01:44:00,2026-07-19 02:28:18,2.550951493673595,44.3,Motorcycle,25,0.5228161089389054,High,Rain,Vashi,-0.20796313300395233,False
TW102909,2026-07-23 07:38:00,2026-07-23 08:42:06,2.550951493673595,64.1,Motorcycle,23,0.5228161089389054,Low,Clear,Ghodbunder Road,-0.8036956507576197,False
TW103355,2026-07-21 08:14:00,2026-07-21 08:25:36,0.17439335429850158,11.6,Motorcycle,37,0.0007544243996247222,Medium,Overcast,Airoli,1.4662506668899744,True
TW101189,2026-07-17 03:20:00,2026-07-17 03:24:00,-0.2950015313208116,4.0,Motorcycle,20,-1.565430629218215,Medium,Clear,Thane West,4.3986926292808715,True
TW102234,2026-07-15 05:17:00,2026-07-15 05:24:00,-0.23583410876375516,7.0,Electric Scooter,41,-0.5213072601396559,High,Clear,Ghodbunder Road,-0.9218150292777434,True
TW104169,2026-07-29 20:50:00,2026-07-29 21:24:54,2.355698999235309,34.9,Motorcycle,40,1.3059086357478251,Low,Overcast,Mulund,0.526431263882034,False
TW101358,2026-07-21 01:20:00,2026-07-21 01:29:54,-0.5592826854089962,9.9,Scooter,31,-1.8264614714878553,High,Overcast,Mulund,-0.5571856434112746,True
TW101489,2026-07-12 20:17:00,2026-07-12 20:41:30,1.3537973106024899,24.5,Scooter,41,-2.0874923137574957,High,Clear,Dombivli,-0.9218150292777434,True
TW103638,2026-07-03 15:39:00,2026-07-03 15:57:00,0.564898343175073,18.0,Scooter,29,-0.5213072601396559,Low,Clear,Dombivli,-0.5674568937173723,True
TW101564,2026-07-22 07:34:00,2026-07-22 07:46:24,-0.48433728350339156,12.4,Scooter,43,-2.6095539982967764,Medium,Clear,Navi Mumbai,5.898295173971137,True
TW103858,2026-07-01 00:43:00,2026-07-01 00:54:48,0.4820639515951939,11.8,Scooter,26,-0.7823381024092951,Medium,Clear,Bhandup,0.7523987706161837,True
TW103530,2026-07-25 23:53:00,2026-07-26 00:16:12,1.176295042931321,23.2,Electric Scooter,23,-0.5213072601396559,Medium,Clear,Navi Mumbai,0.7318562700039882,True
TW104384,2026-07-07 06:04:00,2026-07-07 06:14:30,-0.40150289192351285,10.5,Scooter,37,-0.26027641787001443,High,Clear,Kalyan,-0.8293737765228638,True
TW102518,2026-07-28 17:06:00,2026-07-28 17:16:00,-0.4803927886662544,10.0,Scooter,41,-0.5213072601396559,Low,Clear,Dombivli,1.2248762846966785,True
TW100125,2026-07-23 20:05:00,2026-07-23 20:19:24,0.15861537494995326,14.4,Electric Scooter,41,-0.26027641787001443,Medium,Clear,Kalyan,1.5484206693387563,True
TW100364,2026-07-23 16:53:00,2026-07-23 17:02:00,-0.7249514685687537,9.0,Scooter,38,-0.7823381024092951,Low,Clear,Dombivli,-0.05903000356553562,True
TW100117,2026-07-16 06:10:00,2026-07-16 06:17:30,-0.8708977775428258,7.5,Scooter,36,-0.26027641787001443,High,Clear,Mumbra,-0.9218150292777434,True
TW104788,2026-07-09 10:57:00,2026-07-09 11:08:54,-0.882731262054237,11.9,Motorcycle,24,-1.0433689446789354,Low,Clear,Mumbra,-0.5623212685643234,True
TW100629,2026-07-25 08:05:00,2026-07-25 08:32:42,1.3735197847881753,27.7,Scooter,36,-0.5213072601396559,Low,Clear,Dombivli,-0.9064081538185967,False
TW102575,2026-07-24 05:34:00,2026-07-24 05:38:00,-0.744673942754439,4.0,Electric Scooter,34,-0.26027641787001443,High,Clear,Kalyan,0.44426126143325223,True
TW104930,2026-07-10 08:16:00,2026-07-10 08:20:00,-0.47250379899198025,4.0,Scooter,44,-0.5213072601396559,Low,Clear,Bhandup,-0.4339306397381021,True
TW101685,2026-07-01 20:53:00,2026-07-01 20:57:00,-1.016844086516898,4.0,Motorcycle,24,-0.26027641787001443,Low,Clear,Bhandup,-0.41338813912590666,True
TW102012,2026-07-10 10:23:00,2026-07-10 10:32:18,-1.020788581354035,9.3,Motorcycle,37,0.2617852666692662,Low,Clear,Navi Mumbai,0.7472631454631349,True
TW101988,2026-07-09 21:52:00,2026-07-09 22:06:36,-0.17666668620669893,14.6,Motorcycle,38,0.7838469512085445,Low,Overcast,Navi Mumbai,-0.9218150292777434,True
TW101518,2026-07-26 03:20:00,2026-07-26 03:31:00,-0.19244466555524728,11.0,Motorcycle,29,1.8279703202871058,High,Overcast,Airoli,-0.7985600256045708,True
TW104899,2026-07-01 02:55:00,2026-07-01 03:21:00,1.89419310329027,26.0,Motorcycle,20,0.5228161089389054,High,Overcast,Navi Mumbai,0.4237187608210568,False
TW101512,2026-07-19 12:59:00,2026-07-19 13:14:12,0.7226781366605561,15.2,Scooter,39,-0.5213072601396559,High,Rain,Airoli,-0.7420681489210333,True
TW103177,2026-07-01 17:29:00,2026-07-01 17:38:30,0.008724571138744096,9.5,Motorcycle,22,0.0007544243996247222,Low,Clear,Navi Mumbai,-0.34662501213627145,True
TW100975,2026-07-14 18:17:00,2026-07-14 18:25:00,-0.44094784029488354,8.0,Scooter,21,-1.3043997869485757,High,Clear,Thane West,-0.7369325237679845,True
TW104624,2026-07-11 02:27:00,2026-07-11 02:55:00,1.1486835790713612,28.0,Scooter,19,1.044877793478186,Medium,Rain,Mumbra,-0.6136775200948119,False
TW103749,2026-07-20 20:35:00,2026-07-20 20:47:24,-0.10566577913823136,12.4,Scooter,26,0.5228161089389054,Low,Clear,Mumbra,-0.4647443906563951,True
TW104480,2026-07-26 08:35:00,2026-07-26 08:51:12,0.805512528240435,16.2,Motorcycle,32,0.2617852666692662,Medium,Clear,Bhandup,-0.28499751029968523,True
TW104257,2026-07-18 07:50:00,2026-07-18 08:06:00,1.1013496410257162,16.0,Scooter,26,0.2617852666692662,Medium,Clear,Vashi,0.4134475105149591,True
TW103058,2026-07-20 09:41:00,2026-07-20 09:49:30,-1.016844086516898,8.5,Scooter,19,0.7838469512085445,Low,Clear,Mumbra,0.13612375225032083,True
TW101735,2026-07-23 10:35:00,2026-07-23 10:39:24,-0.9340096949370192,4.4,Electric Scooter,23,-1.3043997869485757,High,Rain,Thane West,0.31587063260703085,True
TW100477,2026-07-24 10:30:00,2026-07-24 10:34:00,-1.2535137767451228,4.0,Scooter,29,0.5228161089389054,Medium,Rain,Mulund,0.7986193969936233,True
TW101797,2026-07-11 00:25:00,2026-07-11 01:01:42,2.550951493673595,36.7,Motorcycle,36,0.7838469512085445,Medium,Rain,Vashi,-0.5623212685643234,False
TW101005,2026-07-08 04:11:00,2026-07-08 04:31:12,0.32428415810971073,20.2,Motorcycle,42,-1.565430629218215,Low,Clear,Ghodbunder Road,-0.16687813177956157,True
TW100631,2026-07-03 23:05:00,2026-07-03 23:26:30,1.1486835790713612,21.5,Scooter,44,0.7838469512085445,Medium,Clear,Mumbra,-0.8704587777472548,True
TW104547,2026-07-21 17:47:00,2026-07-21 17:59:48,0.2059493129955983,12.8,Scooter,32,1.044877793478186,Low,Rain,Thane West,-0.6444912710131051,True
TW102640,2026-07-12 21:05:00,2026-07-12 21:09:00,-1.0799560039110911,4.0,Motorcycle,39,1.044877793478186,Medium,Overcast,Mumbra,0.3210062577600798,True
TW101520,2026-07-20 02:01:00,2026-07-20 02:05:00,-1.1470124161424218,4.0,Electric Scooter,31,-0.26027641787001443,Medium,Clear,Navi Mumbai,-0.6804406470844471,True
TW104791,2026-07-13 23:59:00,2026-07-14 00:03:00,-1.3402926631621388,4.0,Scooter,20,1.044877793478186,High,Clear,Ghodbunder Road,-0.9218150292777434,True
TW101398,2026-07-01 15:00:00,2026-07-01 15:04:12,-1.1233454471195992,4.2,Motorcycle,35,-0.5213072601396559,Medium,Clear,Thane West,-0.8755944029003037,True
TW104214,2026-07-27 07:05:00,2026-07-27 07:09:00,-1.0286775710283091,4.0,Motorcycle,27,0.7838469512085445,High,Clear,Thane West,-0.5263718924929814,True
TW102328,2026-07-04 09:52:00,2026-07-04 10:12:06,0.3834515806667668,20.1,Motorcycle,31,0.0007544243996247222,Medium,Clear,Ghodbunder Road,1.8411513030625413,True
TW104539,2026-07-26 14:12:00,2026-07-26 14:29:36,0.7739565695433382,17.6,Motorcycle,21,-1.565430629218215,Low,Clear,Thane West,-0.7472037740740822,True
TW102937,2026-07-01 04:32:00,2026-07-01 04:37:48,-0.08199881011540901,5.8,Motorcycle,26,-1.3043997869485757,Low,Clear,Thane West,1.1221637816357013,True
TW104603,2026-07-21 14:02:00,2026-07-21 14:06:24,-0.8275083343343178,4.4,Motorcycle,31,0.7838469512085445,Low,Overcast,Airoli,-0.08984375448382867,True
TW102462,2026-07-29 21:07:00,2026-07-29 21:11:00,-1.0286775710283091,4.0,Scooter,36,-3.392646525105696,Low,Clear,Bhandup,-0.151471256320415,True
TW102996,2026-07-01 00:57:00,2026-07-01 01:01:00,-0.7841188911258099,4.0,Motorcycle,29,0.7838469512085445,Low,Clear,Kalyan,-0.469880015809444,True
TW102917,2026-07-13 19:14:00,2026-07-13 19:22:42,-0.7012844995459311,8.7,Motorcycle,36,-0.7823381024092951,Low,Clear,Dombivli,1.3738094141350952,True
TW103323,2026-07-09 01:58:00,2026-07-09 02:02:00,-1.450738518601977,4.0,Motorcycle,44,-0.7823381024092951,Medium,Clear,Dombivli,1.3738094141350952,True
TW102620,2026-07-14 04:01:00,2026-07-14 04:08:48,-1.1509569109795588,7.8,Motorcycle,39,1.044877793478186,Low,Overcast,Thane West,-0.7574750243801799,True
TW101997,2026-07-21 05:19:00,2026-07-21 05:23:00,-0.7722854066143987,4.0,Electric Scooter,31,1.3059086357478251,High,Rain,Dombivli,-0.3055400109118807,True
TW103117,2026-07-08 00:14:00,2026-07-08 00:30:36,0.29667269424975107,16.6,Scooter,20,-0.26027641787001443,Medium,Clear,Navi Mumbai,-0.32094688637102714,True
TW101806,2026-07-28 18:08:00,2026-07-28 18:36:00,2.1426962780299066,28.0,Scooter,29,0.2617852666692662,High,Clear,Mulund,2.775835080917433,False
TW104495,2026-07-13 06:18:00,2026-07-13 06:29:54,-0.04649835658117531,11.9,Scooter,33,1.8279703202871058,High,Clear,Navi Mumbai,2.200645063775961,True
TW101989,2026-07-22 05:36:00,2026-07-22 05:49:54,-0.23583410876375516,13.9,Scooter,27,0.0007544243996247222,Medium,Clear,Kalyan,-0.2798618851466364,True
TW101575,2026-07-27 08:42:00,2026-07-27 08:53:36,-0.3581134487150048,11.6,Electric Scooter,37,0.2617852666692662,Low,Rain,Thane West,-0.16687813177956157,True
TW102599,2026-07-24 16:40:00,2026-07-24 16:57:48,0.576731827686484,17.8,Motorcycle,34,0.7838469512085445,Medium,Clear,Ghodbunder Road,-0.31067563606492954,True
TW103950,2026-07-12 06:40:00,2026-07-12 06:51:00,0.1507263852756789,11.0,Motorcycle,26,1.3059086357478251,Low,Clear,Dombivli,0.0950387510259302,True
TW101198,2026-07-09 17:43:00,2026-07-09 17:55:06,-0.4448923351320207,12.1,Motorcycle,27,-0.7823381024092951,Medium,Clear,Vashi,-0.649626896166154,True
TW102368,2026-07-10 00:03:00,2026-07-10 00:11:12,-0.8787867672171,8.2,Scooter,21,-0.7823381024092951,High,Clear,Dombivli,-0.9218150292777434,True
TW100469,2026-07-09 03:19:00,2026-07-09 03:23:00,-0.788063385962947,4.0,Motorcycle,20,-0.5213072601396559,Low,Rain,Kalyan,-0.08470812933077981,True
TW104712,2026-07-04 10:56:00,2026-07-04 11:08:42,-0.054387346255449304,12.7,Scooter,38,-1.0433689446789354,Low,Clear,Navi Mumbai,0.22342937985215158,True
TW100866,2026-07-01 12:00:00,2026-07-01 12:04:00,-1.0484000452139948,4.0,Scooter,32,-1.3043997869485757,High,Clear,Dombivli,-0.9218150292777434,True
TW100079,2026-07-12 09:49:00,2026-07-12 10:11:18,0.9672368165630554,22.3,Scooter,28,0.0007544243996247222,Low,Rain,Mulund,-0.1001150047899264,True
TW100533,2026-07-24 15:38:00,2026-07-24 15:52:24,0.42289652903813785,14.4,Scooter,24,0.5228161089389054,Low,Rain,Dombivli,-0.31067563606492954,True
TW101109,2026-07-07 21:31:00,2026-07-07 21:35:00,-0.9024537362399225,4.0,Electric Scooter,38,-0.5213072601396559,Low,Clear,Ghodbunder Road,-0.29526876060578294,True
TW102338,2026-07-23 08:57:00,2026-07-23 09:13:42,0.0876144678814855,16.7,Electric Scooter,38,0.2617852666692662,High,Overcast,Ghodbunder Road,-0.2747262599935875,True
TW104466,2026-07-29 00:21:00,2026-07-29 00:25:00,-1.3679041270220984,4.0,Motorcycle,34,-0.5213072601396559,Medium,Clear,Vashi,-0.6034062697887143,True
TW104361,2026-07-24 17:22:00,2026-07-24 17:31:54,-0.5395602112233107,9.9,Scooter,37,-1.3043997869485757,Medium,Clear,Ghodbunder Road,-0.7472037740740822,True
TW100164,2026-07-04 01:43:00,2026-07-04 01:54:48,-0.11749926364964271,11.8,Motorcycle,44,-1.565430629218215,Low,Clear,Mumbra,-0.9218150292777434,True
TW104014,2026-07-26 16:54:00,2026-07-26 17:05:06,-0.4527813248062949,11.1,Scooter,33,0.2617852666692662,Medium,Rain,Dombivli,-0.4236593894320044,True
TW104662,2026-07-06 12:15:00,2026-07-06 12:19:00,-1.0405110555397203,4.0,Motorcycle,28,0.5228161089389054,Medium,Clear,Bhandup,0.8499756485241119,True
TW100875,2026-07-08 15:57:00,2026-07-08 16:06:18,-0.4251698609463352,9.3,Electric Scooter,28,0.2617852666692662,Medium,Clear,Mulund,0.9218744006667959,True
TW100185,2026-07-22 22:41:00,2026-07-22 22:57:00,-0.050442851418312305,16.0,Electric Scooter,37,-0.7823381024092951,Low,Clear,Kalyan,0.26965000622959123,True
TW102165,2026-07-05 01:51:00,2026-07-05 02:03:06,0.12311492141571954,12.1,Motorcycle,20,1.3059086357478251,Medium,Overcast,Ghodbunder Road,0.7472631454631349,True
TW102469,2026-07-30 10:16:00,2026-07-30 10:33:54,0.5846208173607583,17.9,Motorcycle,40,1.044877793478186,Low,Clear,Bhandup,0.46480376204544765,True
TW101475,2026-07-24 07:04:00,2026-07-24 07:08:12,-0.551393695734722,4.2,Motorcycle,44,1.5669394780174666,Low,Clear,Bhandup,-0.07443687902468209,True
TW100135,2026-07-22 08:54:00,2026-07-22 09:04:30,0.2848392097383397,10.5,Motorcycle,32,-1.8264614714878553,Low,Clear,Vashi,-0.15660688147346385,True
TW102419,2026-07-03 16:18:00,2026-07-03 16:32:24,0.28878370457547703,14.4,Scooter,19,0.0007544243996247222,High,Clear,Bhandup,-0.4031168888198089,True
TW103936,2026-07-05 11:33:00,2026-07-05 11:37:00,-1.4625720031133884,4.0,Scooter,43,0.0007544243996247222,Medium,Clear,Mumbra,-0.9218150292777434,True
TW104598,2026-07-26 15:19:00,2026-07-26 15:23:00,-1.0128995916797607,4.0,Electric Scooter,19,0.0007544243996247222,High,Clear,Dombivli,-0.8704587777472548,True
TW104422,2026-07-27 23:10:00,2026-07-27 23:21:00,-0.1845556758809731,11.0,Scooter,23,-1.0433689446789354,Medium,Clear,Mumbra,-0.9218150292777434,True
TW103655,2026-07-28 12:13:00,2026-07-28 12:17:00,-0.5868941492689557,4.0,Scooter,27,0.5228161089389054,Medium,Clear,Dombivli,2.4368838208162087,True
TW104414,2026-07-04 15:34:00,2026-07-04 15:38:00,-0.8669532827056886,4.0,Scooter,33,0.0007544243996247222,Low,Clear,Thane West,-0.9218150292777434,True
TW102891,2026-07-17 07:10:00,2026-07-17 07:30:48,1.9888609793815601,20.8,Scooter,44,-0.26027641787001443,Medium,Rain,Mumbra,-0.22337000846309893,True
TW102097,2026-07-12 00:54:00,2026-07-12 01:03:54,-0.3226129951807711,9.9,Scooter,40,-0.7823381024092951,High,Rain,Mumbra,1.378945039288144,True
TW104841,2026-07-11 08:26:00,2026-07-11 08:50:06,2.550951493673595,24.1,Scooter,35,1.8279703202871058,High,Overcast,Bhandup,-0.5777281440234701,True
TW103869,2026-07-09 17:28:00,2026-07-09 17:33:36,-0.9221762104256078,5.6,Motorcycle,22,-1.3043997869485757,High,Clear,Vashi,-0.7780175249923754,True
TW102574,2026-07-04 12:42:00,2026-07-04 12:53:00,0.6950666728005964,11.0,Motorcycle,36,-1.0433689446789354,Medium,Clear,Ghodbunder Road,1.1991981589314342,True
TW102500,2026-07-01 03:05:00,2026-07-01 03:15:48,-0.7249514685687537,10.8,Motorcycle,35,-0.5213072601396559,High,Clear,Airoli,3.715654483925374,True
TW104743,2026-07-28 08:33:00,2026-07-28 08:48:42,-0.2871125416465374,15.7,Scooter,29,0.2617852666692662,Low,Clear,Vashi,0.5315668890350828,True
TW102730,2026-07-16 12:18:00,2026-07-16 12:54:54,2.550951493673595,36.9,Scooter,37,1.8279703202871058,Low,Clear,Mumbra,-0.9218150292777434,False
TW101228,2026-07-30 04:02:00,2026-07-30 04:16:54,-0.03466487206976395,14.9,Scooter,33,-2.348523156027136,Low,Clear,Dombivli,-0.9064081538185967,True
TW100647,2026-07-08 05:07:00,2026-07-08 05:47:24,2.550951493673595,40.4,Scooter,38,1.044877793478186,Low,Overcast,Thane West,-0.6958475225435937,False
TW104789,2026-07-23 19:47:00,2026-07-23 19:59:18,-0.68945101503452,12.3,Motorcycle,30,0.5228161089389054,Medium,Clear,Ghodbunder Road,-0.3055400109118807,True
TW103105,2026-07-28 19:14:00,2026-07-28 19:23:42,-0.5632271802461332,9.7,Motorcycle,19,0.2617852666692662,Medium,Clear,Dombivli,1.3429956632168023,True
TW102295,2026-07-16 03:33:00,2026-07-16 03:38:18,-1.2298468077223006,5.3,Scooter,20,0.2617852666692662,Low,Clear,Mulund,-0.35689626244236916,True
TW103038,2026-07-04 02:07:00,2026-07-04 02:24:24,1.223628980976966,17.4,Electric Scooter,39,0.0007544243996247222,Medium,Clear,Dombivli,-0.7266612734618869,True
TW100691,2026-07-06 04:20:00,2026-07-06 04:24:36,-1.2022353438623408,4.6,Motorcycle,37,1.5669394780174666,Low,Clear,Bhandup,0.059089374954588055,True
TW101463,2026-07-18 11:14:00,2026-07-18 11:29:06,0.616176776057855,15.1,Electric Scooter,37,-1.3043997869485757,High,Rain,Mumbra,0.19775125408690716,True
TW102028,2026-07-30 13:04:00,2026-07-30 13:08:30,-1.0878449935853653,4.5,Motorcycle,35,0.7838469512085445,Low,Overcast,Mulund,1.53301379387961,True
TW104312,2026-07-20 07:46:00,2026-07-20 07:51:48,-0.4251698609463352,5.8,Motorcycle,28,-0.26027641787001443,Medium,Clear,Mulund,0.08990312587288121,True
TW101276,2026-07-30 00:19:00,2026-07-30 00:34:42,0.49784193094374224,15.7,Scooter,34,0.2617852666692662,Low,Rain,Mumbra,-0.24391250907529435,True
TW100543,2026-07-27 09:40:00,2026-07-27 09:57:36,-0.4764482938291174,17.6,Motorcycle,39,-1.0433689446789354,Low,Overcast,Vashi,-0.9218150292777434,True
TW102758,2026-07-19 19:23:00,2026-07-19 19:27:00,-1.35212614767355,4.0,Scooter,37,-0.5213072601396559,High,Clear,Mulund,0.5880587657186204,True
TW104066,2026-07-29 16:18:00,2026-07-29 16:51:00,1.9691385051958745,33.0,Motorcycle,23,-0.26027641787001443,Low,Overcast,Mumbra,0.7369918951570371,False
TW102486,2026-07-12 03:03:00,2026-07-12 03:09:30,-0.9971216123312124,6.5,Motorcycle,31,-0.5213072601396559,Medium,Clear,Mulund,0.7369918951570371,True
TW101985,2026-07-12 17:32:00,2026-07-12 17:42:06,2.550951493673595,10.1,Motorcycle,34,-1.565430629218215,Medium,Clear,Mumbra,-0.6188131452478608,True
TW102908,2026-07-01 18:21:00,2026-07-01 18:42:18,1.3182968570682558,21.3,Motorcycle,20,0.7838469512085445,Low,Clear,Thane West,-0.2747262599935875,True
TW102998,2026-07-01 00:53:00,2026-07-01 01:06:12,0.5412313741522503,13.2,Scooter,29,0.7838469512085445,Medium,Overcast,Thane West,-0.34662501213627145,True
TW102374,2026-07-17 01:16:00,2026-07-17 01:32:42,1.4997436195765617,16.7,Scooter,28,-0.26027641787001443,Medium,Clear,Vashi,-0.3671675127484669,True
TW100226,2026-07-25 08:50:00,2026-07-25 09:03:36,-0.19638916039238447,13.6,Electric Scooter,43,0.0007544243996247222,Medium,Clear,Navi Mumbai,1.1221637816357013,True
TW104927,2026-07-30 20:27:00,2026-07-30 20:31:00,-1.395515590882058,4.0,Motorcycle,39,-1.565430629218215,Medium,Rain,Mumbra,0.562380639953376,True
TW100553,2026-07-17 09:24:00,2026-07-17 09:30:48,-0.744673942754439,6.8,Scooter,44,0.5228161089389054,Low,Clear,Mulund,2.015762558266202,True
TW104157,2026-07-17 03:59:00,2026-07-17 04:11:24,0.15467088011281624,12.4,Motorcycle,44,1.5669394780174666,Medium,Rain,Navi Mumbai,2.5036469478058434,True
TW102932,2026-07-13 21:19:00,2026-07-13 21:28:06,-0.36205794355214194,9.1,Scooter,31,-3.6536773673753364,Medium,Clear,Mulund,0.8397043982180141,True
TW101732,2026-07-25 06:36:00,2026-07-25 06:40:00,-0.07016532560399766,4.0,Scooter,32,-0.26027641787001443,Low,Clear,Ghodbunder Road,-0.9218150292777434,True
TW102059,2026-07-17 12:42:00,2026-07-17 12:48:06,-0.740729447917302,6.1,Motorcycle,25,0.0007544243996247222,Low,Clear,Thane West,-0.2387768839222455,True
TW102020,2026-07-22 08:05:00,2026-07-22 08:18:36,0.4386745083866862,13.6,Scooter,33,0.5228161089389054,High,Clear,Airoli,1.3686737889820466,True
TW104003,2026-07-07 18:41:00,2026-07-07 18:46:42,-0.6105611182917782,5.7,Scooter,31,0.0007544243996247222,High,Rain,Thane West,-0.7523393992271311,True
TW103868,2026-07-02 18:09:00,2026-07-02 18:35:00,2.550951493673595,26.0,Motorcycle,37,0.0007544243996247222,Low,Clear,Thane West,0.6805000184734996,False
TW104890,2026-07-06 05:46:00,2026-07-06 05:53:42,-0.2989460261579486,7.7,Motorcycle,44,-0.5213072601396559,Medium,Overcast,Kalyan,-0.9218150292777434,True
TW104802,2026-07-04 01:46:00,2026-07-04 02:01:54,0.1112814369043082,15.9,Motorcycle,42,-0.26027641787001443,Medium,Rain,Kalyan,-0.9218150292777434,True
TW101839,2026-07-28 13:49:00,2026-07-28 14:07:30,0.3716180961553558,18.5,Scooter,22,-0.26027641787001443,Medium,Clear,Navi Mumbai,-0.8191025262167662,True
TW104915,2026-07-03 16:48:00,2026-07-03 16:54:54,-0.7683409117772615,6.9,Motorcycle,27,-0.5213072601396559,Low,Overcast,Ghodbunder Road,-0.2747262599935875,True
TW102107,2026-07-28 11:05:00,2026-07-28 11:29:12,2.0519728967757533,24.2,Electric Scooter,23,1.3059086357478251,Low,Clear,Ghodbunder Road,-0.7369325237679845,True
TW103941,2026-07-06 05:30:00,2026-07-06 05:37:54,-0.7998968704743582,7.9,Scooter,26,-0.5213072601396559,Medium,Rain,Ghodbunder Road,-0.31067563606492954,True
TW103933,2026-07-16 01:12:00,2026-07-16 01:18:48,-0.5868941492689557,6.8,Motorcycle,38,1.8279703202871058,Low,Clear,Mulund,-0.4750156409624928,True
TW101635,2026-07-19 05:32:00,2026-07-19 05:44:00,-0.1529997171838764,12.0,Scooter,32,-1.0433689446789354,High,Clear,Vashi,-0.7266612734618869,True
TW100348,2026-07-15 17:06:00,2026-07-15 17:22:24,0.48600844643233126,16.4,Scooter,32,0.0007544243996247222,Medium,Clear,Ghodbunder Road,-0.505829391880786,True
TW100297,2026-07-06 17:41:00,2026-07-06 18:04:24,1.188128527442732,23.4,Scooter,39,-0.7823381024092951,Medium,Rain,Airoli,-0.6136775200948119,True
TW103618,2026-07-11 19:51:00,2026-07-11 20:08:54,0.3676736013182188,17.9,Motorcycle,25,-1.565430629218215,Low,Clear,Airoli,-0.5006937667277371,True
TW104300,2026-07-10 00:39:00,2026-07-10 00:50:12,-0.5080042525262141,11.2,Scooter,21,0.0007544243996247222,High,Rain,Mulund,0.9167387755137469,True
TW103677,2026-07-07 15:43:00,2026-07-07 15:47:00,-1.4112935702306064,4.0,Scooter,37,-1.565430629218215,High,Overcast,Kalyan,3.5461788538747614,True
TW102402,2026-07-04 03:14:00,2026-07-04 03:18:42,-0.8196193446600436,4.7,Scooter,40,1.3059086357478251,High,Rain,Navi Mumbai,-0.9218150292777434,True
TW101033,2026-07-10 23:56:00,2026-07-11 00:11:36,0.564898343175073,15.6,Electric Scooter,34,0.5228161089389054,Medium,Clear,Bhandup,-0.9218150292777434,True
TW103702,2026-07-08 01:56:00,2026-07-08 02:05:36,-0.8630087878685516,9.6,Electric Scooter,35,1.044877793478186,Low,Rain,Bhandup,-0.18742063239175702,True
TW103817,2026-07-03 13:31:00,2026-07-03 13:43:00,-0.007053408209804253,12.0,Electric Scooter,29,0.0007544243996247222,Medium,Rain,Mumbra,-0.685576272237496,True
TW101233,2026-07-30 13:02:00,2026-07-30 13:06:00,-0.9931771174940752,4.0,Electric Scooter,24,1.3059086357478251,Low,Clear,Navi Mumbai,-0.8088312759106685,True
TW104891,2026-07-09 18:52:00,2026-07-09 19:00:30,-0.37389142806355313,8.5,Electric Scooter,29,-1.3043997869485757,Low,Clear,Ghodbunder Road,-0.9064081538185967,True
TW103800,2026-07-13 17:41:00,2026-07-13 17:50:42,-0.085943304952546,9.7,Electric Scooter,21,0.7838469512085445,Low,Clear,Kalyan,-0.8396450268289616,True
TW101585,2026-07-18 03:15:00,2026-07-18 03:23:30,-1.1470124161424218,8.5,Motorcycle,25,-0.5213072601396559,Medium,Clear,Kalyan,-0.8807300280533524,True
TW101946,2026-07-10 11:49:00,2026-07-10 11:57:06,0.13494840592713056,8.1,Scooter,22,-0.26027641787001443,Medium,Overcast,Mumbra,-0.860187527441157,True
TW101591,2026-07-19 23:46:00,2026-07-20 00:23:36,2.5253122772322034,37.6,Scooter,28,-2.6095539982967764,Low,Rain,Mumbra,0.4493968865863012,False
TW104217,2026-07-12 06:44:00,2026-07-12 06:53:06,-0.9931771174940752,9.1,Motorcycle,36,0.5228161089389054,Low,Clear,Mumbra,-0.24391250907529435,True
TW100656,2026-07-21 07:50:00,2026-07-21 07:54:36,-0.9142872207513337,4.6,Motorcycle,33,1.044877793478186,Medium,Clear,Mulund,-0.20796313300395233,True
TW102199,2026-07-15 11:00:00,2026-07-15 11:04:42,-0.11749926364964271,4.7,Scooter,19,1.8279703202871058,Medium,Clear,Bhandup,1.1016212810235058,True
TW104969,2026-07-13 11:03:00,2026-07-13 11:21:54,0.3163951684354364,18.9,Motorcycle,39,-1.8264614714878553,Medium,Rain,Navi Mumbai,-0.1001150047899264,True
TW103184,2026-07-26 23:40:00,2026-07-26 23:45:12,-1.111511962608188,5.2,Scooter,27,0.5228161089389054,Medium,Clear,Mulund,-0.8139669010637174,True
TW101896,2026-07-01 20:14:00,2026-07-01 20:24:00,-0.1885001707181103,10.0,Motorcycle,27,-0.7823381024092951,Medium,Rain,Bhandup,1.3429956632168023,True
TW103558,2026-07-30 04:33:00,2026-07-30 04:45:00,-0.1845556758809731,12.0,Scooter,39,0.5228161089389054,Low,Clear,Bhandup,-0.5315075176460303,True
TW104226,2026-07-26 16:14:00,2026-07-26 16:18:00,-0.6500060666631491,4.0,Scooter,25,0.2617852666692662,Medium,Clear,Airoli,-0.8961369035124991,True
TW101722,2026-07-03 16:44:00,2026-07-03 17:02:48,-0.022831387558352602,18.8,Motorcycle,20,-2.348523156027136,High,Rain,Vashi,1.9387281809704693,True
TW100133,2026-07-28 10:07:00,2026-07-28 10:21:42,0.1704488594613646,14.7,Scooter,34,1.5669394780174666,High,Clear,Mumbra,-0.8910012783594502,True
TW104096,2026-07-28 06:49:00,2026-07-28 06:53:00,-1.016844086516898,4.0,Electric Scooter,34,1.3059086357478251,Medium,Clear,Ghodbunder Road,0.6086012663308158,True
TW104347,2026-07-30 14:54:00,2026-07-30 15:10:54,0.8607354559603543,16.9,Motorcycle,20,-0.7823381024092951,Low,Rain,Navi Mumbai,0.25937875592349346,True
TW101887,2026-07-10 16:49:00,2026-07-10 17:04:54,0.15861537494995326,15.9,Motorcycle,37,-1.0433689446789354,High,Clear,Airoli,0.08476750071983247,True
TW104708,2026-07-24 17:43:00,2026-07-24 17:50:12,-0.2200561294152068,7.2,Motorcycle,35,0.2617852666692662,High,Clear,Kalyan,0.166937503168614,True
TW100577,2026-07-26 05:24:00,2026-07-26 05:34:12,0.0797254782072115,10.2,Motorcycle,21,-0.5213072601396559,Medium,Clear,Vashi,0.002597498271050703,True
TW100238,2026-07-07 09:27:00,2026-07-07 09:34:12,-1.3363481683250016,7.2,Scooter,42,1.3059086357478251,Medium,Rain,Mulund,0.26965000622959123,True
TW102370,2026-07-07 12:36:00,2026-07-07 12:40:00,-1.4822944772990738,4.0,Motorcycle,41,-0.5213072601396559,High,Clear,Bhandup,-0.7009831476966425,True
TW104681,2026-07-08 05:14:00,2026-07-08 05:24:48,-1.111511962608188,10.8,Scooter,32,-0.26027641787001443,Low,Clear,Bhandup,0.002597498271050703,True
TW100956,2026-07-07 19:35:00,2026-07-07 19:46:24,-0.07016532560399766,11.4,Motorcycle,37,1.3059086357478251,Low,Rain,Bhandup,1.4919287926552192,True
TW101953,2026-07-08 21:34:00,2026-07-08 21:53:48,1.8626371445931733,19.8,Electric Scooter,29,0.2617852666692662,High,Clear,Vashi,-0.8088312759106685,True
TW103289,2026-07-25 09:14:00,2026-07-25 09:21:00,-0.6855065201973828,7.0,Scooter,28,-0.7823381024092951,Medium,Rain,Vashi,-0.8858656532064013,True
TW101878,2026-07-16 14:18:00,2026-07-16 14:29:06,-0.26739006746085187,11.1,Electric Scooter,36,-1.0433689446789354,Medium,Clear,Bhandup,0.46480376204544765,True
TW100729,2026-07-13 10:03:00,2026-07-13 10:08:00,-0.7998968704743582,5.0,Electric Scooter,19,0.7838469512085445,Low,Clear,Navi Mumbai,0.7729412712283791,True
TW104719,2026-07-19 18:09:00,2026-07-19 18:18:06,-0.417280871272061,9.1,Scooter,26,0.2617852666692662,High,Rain,Airoli,-0.9218150292777434,True
TW101009,2026-07-28 19:43:00,2026-07-28 19:48:18,-0.9655656536341157,5.3,Motorcycle,33,0.7838469512085445,Low,Clear,Bhandup,-0.20282750785090348,True
TW100549,2026-07-29 12:50:00,2026-07-29 12:54:00,-1.4546830134391142,4.0,Scooter,26,-2.0874923137574957,High,Clear,Mulund,-0.33121813667712485,True
TW101359,2026-07-15 22:43:00,2026-07-15 23:04:48,0.9711813114001924,21.8,Motorcycle,39,0.5228161089389054,Medium,Clear,Airoli,-0.4596087655033463,True
TW103108,2026-07-03 14:57:00,2026-07-03 15:06:06,-0.39361390224923865,9.1,Scooter,31,-0.5213072601396559,Low,Clear,Dombivli,-0.8191025262167662,True
TW104206,2026-07-05 00:59:00,2026-07-05 01:09:24,-0.7328404582430278,10.4,Scooter,38,-1.0433689446789354,Low,Clear,Thane West,-0.15660688147346385,True
TW100159,2026-07-01 03:10:00,2026-07-01 03:15:06,-0.930065200099882,5.1,Electric Scooter,26,-0.26027641787001443,Medium,Clear,Dombivli,-0.6547625213192029,True
TW102936,2026-07-27 12:25:00,2026-07-27 12:35:48,-0.40544738676064984,10.8,Scooter,35,0.7838469512085445,High,Clear,Vashi,1.1735200331661901,True
TW100609,2026-07-10 15:56:00,2026-07-10 16:00:00,-1.1312344367938734,4.0,Motorcycle,21,0.7838469512085445,High,Clear,Mumbra,-0.31067563606492954,True
TW100291,2026-07-04 23:18:00,2026-07-04 23:37:24,0.8134015179147093,19.4,Motorcycle,21,-0.7823381024092951,Medium,Clear,Ghodbunder Road,-0.5777281440234701,True
TW102974,2026-07-18 00:53:00,2026-07-18 01:15:54,0.9751258062373294,22.9,Scooter,43,1.3059086357478251,Low,Clear,Dombivli,-0.4390662648911509,True
TW100745,2026-07-18 11:08:00,2026-07-18 11:20:42,-0.25950107778657766,12.7,Scooter,21,0.0007544243996247222,Low,Clear,Mumbra,-0.7626106495332288,True
TW100775,2026-07-14 02:35:00,2026-07-14 02:55:48,1.330130341579667,20.8,Scooter,22,0.7838469512085445,Low,Clear,Vashi,-0.31067563606492954,True
TW102746,2026-07-29 12:53:00,2026-07-29 13:00:12,-1.024733076191172,7.2,Motorcycle,22,0.2617852666692662,High,Clear,Vashi,-0.9218150292777434,True
TW101457,2026-07-21 21:08:00,2026-07-21 21:15:18,-1.0799560039110911,7.3,Motorcycle,43,0.0007544243996247222,High,Clear,Thane West,-0.4185237642789555,True
TW100263,2026-07-22 21:09:00,2026-07-22 21:22:18,0.42289652903813785,13.3,Scooter,36,-2.348523156027136,Low,Rain,Thane West,-0.7472037740740822,True
TW101255,2026-07-15 01:24:00,2026-07-15 01:28:00,-1.3245146838135904,4.0,Scooter,19,1.8279703202871058,Medium,Clear,Kalyan,-0.09497937963687753,True
TW101771,2026-07-30 00:34:00,2026-07-30 00:38:54,-1.2180133232108892,4.9,Electric Scooter,35,-0.7823381024092951,Medium,Overcast,Dombivli,-0.0230806274941936,True
TW104084,2026-07-25 05:51:00,2026-07-25 06:04:18,-0.4803927886662544,13.3,Motorcycle,30,1.044877793478186,Low,Rain,Airoli,-0.9218150292777434,True
TW102975,2026-07-12 04:36:00,2026-07-12 04:48:06,0.30061718908688806,12.1,Scooter,44,0.0007544243996247222,High,Overcast,Kalyan,3.2842619710692698,True
TW101199,2026-07-26 00:34:00,2026-07-26 00:48:54,0.6911221779634594,14.9,Scooter,27,-0.7823381024092951,Medium,Clear,Mulund,0.3415487583722753,True
TW104805,2026-07-09 09:44:00,2026-07-09 09:56:06,0.3637291064810815,12.1,Scooter,39,0.0007544243996247222,Low,Rain,Airoli,2.0517119343375443,True
TW104245,2026-07-24 10:53:00,2026-07-24 10:58:24,-0.7525629324287132,5.4,Scooter,21,-0.5213072601396559,Medium,Overcast,Thane West,-0.6650337716253005,True
TW104167,2026-07-07 11:25:00,2026-07-07 11:40:54,0.8725689404717653,15.9,Motorcycle,43,0.0007544243996247222,Low,Clear,Thane West,0.166937503168614,True
TW100089,2026-07-07 22:10:00,2026-07-07 22:14:00,-0.9655656536341157,4.0,Scooter,41,1.044877793478186,Low,Clear,Thane West,-0.4852868912685906,True
TW104213,2026-07-10 06:19:00,2026-07-10 06:43:12,1.2670184241854736,24.2,Motorcycle,36,-0.5213072601396559,High,Overcast,Mulund,-0.7009831476966425,True
TW101511,2026-07-14 07:19:00,2026-07-14 07:28:00,-0.5592826854089962,9.0,Scooter,36,-0.7823381024092951,Low,Clear,Vashi,-0.6085418949417631,True
TW102369,2026-07-21 08:41:00,2026-07-21 09:01:00,0.848901971448943,20.0,Electric Scooter,23,-1.0433689446789354,High,Rain,Kalyan,0.15153062770946754,True
TW104866,2026-07-06 15:14:00,2026-07-06 15:26:00,0.2059493129955983,12.0,Motorcycle,33,0.5228161089389054,Low,Overcast,Mumbra,-0.9218150292777434,True
TW100459,2026-07-24 22:00:00,2026-07-24 22:04:00,-0.8551197981942774,4.0,Motorcycle,28,0.0007544243996247222,Low,Clear,Navi Mumbai,-0.7009831476966425,True
TW102217,2026-07-28 05:42:00,2026-07-28 05:46:00,-1.4783499824619368,4.0,Electric Scooter,20,0.2617852666692662,Medium,Clear,Mumbra,-0.8653231525942059,True
TW104324,2026-07-11 10:04:00,2026-07-11 10:10:06,-0.9024537362399225,6.1,Electric Scooter,30,1.8279703202871058,Medium,Rain,Kalyan,-0.5828637691765188,True
TW103645,2026-07-12 15:56:00,2026-07-12 16:11:48,0.4386745083866862,15.8,Scooter,35,1.8279703202871058,Medium,Clear,Airoli,-0.8858656532064013,True
TW101937,2026-07-13 15:03:00,2026-07-13 15:13:48,-0.8551197981942774,10.8,Motorcycle,25,0.7838469512085445,Medium,Clear,Thane West,0.45966813689239894,True
TW103027,2026-07-08 17:40:00,2026-07-08 18:00:18,1.7403578046419241,20.3,Motorcycle,42,0.7838469512085445,Medium,Clear,Dombivli,0.1772087534747117,True
TW104094,2026-07-09 07:42:00,2026-07-09 07:47:24,-0.6223946028031894,5.4,Electric Scooter,36,-0.5213072601396559,Medium,Clear,Ghodbunder Road,-0.9012725286655479,True
TW103183,2026-07-29 22:17:00,2026-07-29 22:23:18,-0.6539505615002861,6.3,Motorcycle,31,0.0007544243996247222,Medium,Clear,Dombivli,-0.9218150292777434,True
TW103588,2026-07-09 12:40:00,2026-07-09 12:44:00,-1.1272899419567362,4.0,Electric Scooter,30,-2.6095539982967764,High,Rain,Ghodbunder Road,-0.44933751519724857,True
TW100496,2026-07-03 23:05:00,2026-07-03 23:17:36,0.3400621374582591,12.6,Scooter,20,-1.8264614714878553,Medium,Clear,Mumbra,-0.38257438820761347,True
TW100220,2026-07-24 14:59:00,2026-07-24 15:18:12,0.42684102387527484,19.2,Motorcycle,44,0.0007544243996247222,Low,Clear,Navi Mumbai,-0.6598981464722518,True
TW104500,2026-07-18 12:48:00,2026-07-18 12:53:00,-0.8314528291714549,5.0,Motorcycle,37,-0.7823381024092951,Low,Rain,Bhandup,-0.541778767952128,True
TW102925,2026-07-04 12:42:00,2026-07-04 12:49:00,-0.788063385962947,7.0,Electric Scooter,20,1.3059086357478251,Medium,Clear,Mulund,-0.22337000846309893,True
TW100920,2026-07-26 09:20:00,2026-07-26 09:30:18,0.2138383026698723,10.3,Electric Scooter,42,-1.3043997869485757,Low,Overcast,Mulund,-0.24391250907529435,True
TW104798,2026-07-10 21:49:00,2026-07-10 22:03:36,0.42684102387527484,14.6,Motorcycle,33,0.0007544243996247222,Low,Rain,Mumbra,-0.4339306397381021,True
TW100984,2026-07-28 23:06:00,2026-07-28 23:14:24,-0.7643964169401245,8.4,Electric Scooter,40,0.2617852666692662,Medium,Overcast,Dombivli,0.059089374954588055,True
TW104818,2026-07-24 14:58:00,2026-07-24 15:11:48,-0.5671716750832704,13.8,Electric Scooter,21,-3.1316156828360557,Low,Rain,Mumbra,1.6254550466344893,True
TW101915,2026-07-04 21:13:00,2026-07-04 21:23:36,-0.2950015313208116,10.6,Motorcycle,33,0.0007544243996247222,Medium,Rain,Vashi,-0.5212362673399326,True
TW100312,2026-07-03 20:07:00,2026-07-03 20:11:00,-1.0917894884225023,4.0,Motorcycle,39,0.0007544243996247222,High,Clear,Vashi,0.1309881270972721,True
TW103213,2026-07-14 12:05:00,2026-07-14 12:46:06,2.550951493673595,41.1,Motorcycle,32,1.8279703202871058,Medium,Clear,Airoli,-0.6598981464722518,False
TW102441,2026-07-14 21:38:00,2026-07-14 21:43:18,-0.6460615718260119,5.3,Scooter,39,-0.7823381024092951,Medium,Rain,Bhandup,-0.35689626244236916,True
TW103454,2026-07-08 17:21:00,2026-07-08 17:45:30,0.7739565695433382,24.5,Motorcycle,28,1.044877793478186,Low,Rain,Thane West,0.3620912589844707,True
TW103828,2026-07-30 02:13:00,2026-07-30 02:19:24,-1.2890142302793566,6.4,Electric Scooter,25,-0.5213072601396559,Medium,Clear,Mulund,-0.9218150292777434,True
TW100677,2026-07-21 07:09:00,2026-07-21 07:31:06,1.574689021482166,22.1,Scooter,35,-0.26027641787001443,High,Clear,Navi Mumbai,-0.9218150292777434,True
TW100165,2026-07-18 00:00:00,2026-07-18 00:10:42,0.0718364885329375,10.7,Motorcycle,44,-0.5213072601396559,Low,Clear,Ghodbunder Road,-0.4544731403502974,True
TW104424,2026-07-01 05:16:00,2026-07-01 05:20:00,-0.9261207052627448,4.0,Motorcycle,36,-0.26027641787001443,Medium,Clear,Bhandup,-0.8704587777472548,True
TW102133,2026-07-30 20:43:00,2026-07-30 20:52:24,-0.6184501079660524,9.4,Motorcycle,39,0.7838469512085445,Low,Clear,Mulund,-0.5828637691765188,True
TW102131,2026-07-03 11:07:00,2026-07-03 11:15:18,0.09550345755575984,8.3,Scooter,21,1.3059086357478251,High,Clear,Ghodbunder Road,-0.7369325237679845,True
TW102254,2026-07-06 11:54:00,2026-07-06 12:01:24,-1.0523445400511318,7.4,Motorcycle,31,0.5228161089389054,Medium,Rain,Mumbra,-0.35176063728932033,True
TW104199,2026-07-14 21:56:00,2026-07-14 22:06:12,-0.20822264490379563,10.2,Motorcycle,41,1.8279703202871058,High,Clear,Kalyan,-0.9012725286655479,True
TW103266,2026-07-26 00:04:00,2026-07-26 00:20:12,0.24539426136696899,16.2,Scooter,44,1.8279703202871058,Low,Clear,Thane West,3.094243840406462,True
TW100734,2026-07-29 18:07:00,2026-07-29 18:15:36,-0.2989460261579486,8.6,Scooter,36,-1.565430629218215,High,Rain,Bhandup,2.0260338085723,True
TW103737,2026-07-27 22:25:00,2026-07-27 22:32:42,-0.9458431794484304,7.7,Scooter,38,0.0007544243996247222,High,Rain,Bhandup,-0.4287950145850532,True
TW100694,2026-07-02 10:34:00,2026-07-02 10:44:54,-0.078054315278272,10.9,Motorcycle,37,-0.5213072601396559,Medium,Clear,Kalyan,2.380391944132671,True
TW103237,2026-07-01 12:27:00,2026-07-01 12:46:00,0.56884283801221,19.0,Motorcycle,22,0.2617852666692662,Medium,Clear,Bhandup,-0.19769188269785462,True
TW103915,2026-07-21 23:34:00,2026-07-21 23:58:18,1.7324688149676495,24.3,Scooter,19,0.5228161089389054,Medium,Clear,Dombivli,0.9680950270442356,True
TW104593,2026-07-23 17:59:00,2026-07-23 18:03:36,-0.6066166234546412,4.6,Motorcycle,25,0.0007544243996247222,Low,Clear,Dombivli,-0.9218150292777434,True
TW101348,2026-07-12 06:06:00,2026-07-12 06:10:00,-1.2850697354422196,4.0,Motorcycle,37,-1.0433689446789354,High,Clear,Ghodbunder Road,-0.2901331354527341,True
TW104442,2026-07-02 22:53:00,2026-07-02 23:00:54,-0.44094784029488354,7.9,Scooter,19,0.0007544243996247222,Medium,Clear,Navi Mumbai,-0.8653231525942059,True
TW103999,2026-07-30 21:35:00,2026-07-30 21:41:30,-0.8393418188457291,6.5,Electric Scooter,44,0.5228161089389054,Medium,Clear,Bhandup,-0.22337000846309893,True
TW102258,2026-07-15 10:57:00,2026-07-15 11:01:06,-1.2495692819079858,4.1,Motorcycle,25,-0.26027641787001443,Low,Clear,Vashi,-0.9218150292777434,True
TW102615,2026-07-17 23:18:00,2026-07-17 23:43:30,1.188128527442732,25.5,Electric Scooter,44,-2.870584840566415,High,Overcast,Dombivli,-0.9012725286655479,False
TW100514,2026-07-02 21:56:00,2026-07-02 22:05:54,-0.2950015313208116,9.9,Electric Scooter,28,1.044877793478186,Low,Overcast,Dombivli,0.1566662528625163,True
TW102862,2026-07-08 14:48:00,2026-07-08 14:58:12,-0.8472308085200033,10.2,Scooter,40,-1.8264614714878553,Low,Clear,Dombivli,0.7215850196978905,True
TW103949,2026-07-22 00:02:00,2026-07-22 00:11:00,-0.693395509871657,9.0,Motorcycle,34,-0.26027641787001443,Medium,Clear,Airoli,-0.9218150292777434,True
TW103430,2026-07-11 20:16:00,2026-07-11 20:26:54,0.12705941625285655,10.9,Scooter,42,-1.3043997869485757,Medium,Clear,Airoli,0.46480376204544765,True
TW104659,2026-07-20 17:55:00,2026-07-20 18:00:36,-0.43305885062060934,5.6,Scooter,20,0.2617852666692662,Medium,Overcast,Navi Mumbai,-0.14120000601431726,True
TW104741,2026-07-19 10:09:00,2026-07-19 10:27:00,0.3163951684354364,18.0,Scooter,40,1.044877793478186,Medium,Overcast,Ghodbunder Road,-0.2593193845344409,True
TW101011,2026-07-26 13:28:00,2026-07-26 13:37:54,-0.6145056131289152,9.9,Scooter,22,-0.7823381024092951,Low,Clear,Mumbra,-0.6753050219313983,True
TW100890,2026-07-30 07:50:00,2026-07-30 07:54:00,-0.8196193446600436,4.0,Electric Scooter,31,0.5228161089389054,Medium,Clear,Vashi,-0.6753050219313983,True
TW102791,2026-07-28 05:40:00,2026-07-28 05:45:06,-0.6342280873146008,5.1,Motorcycle,31,0.2617852666692662,Low,Clear,Mumbra,0.6291437669430112,True
TW103460,2026-07-21 23:46:00,2026-07-21 23:56:42,-0.19638916039238447,10.7,Scooter,29,-0.5213072601396559,High,Rain,Airoli,-0.505829391880786,True
TW104728,2026-07-29 08:15:00,2026-07-29 08:22:42,-0.7012844995459311,7.7,Electric Scooter,39,-1.0433689446789354,Medium,Rain,Mulund,0.5007531381167898,True
TW103965,2026-07-03 19:02:00,2026-07-03 19:09:36,-0.4212253661091982,7.6,Scooter,22,1.044877793478186,Low,Clear,Airoli,-0.06930125387163323,True
TW100513,2026-07-30 07:44:00,2026-07-30 07:58:36,0.2059493129955983,14.6,Motorcycle,38,-0.26027641787001443,High,Clear,Navi Mumbai,0.3107350074539821,True
TW101638,2026-07-02 16:54:00,2026-07-02 17:01:54,-0.7722854066143987,7.9,Scooter,23,-1.0433689446789354,High,Clear,Kalyan,-0.5777281440234701,True
TW101455,2026-07-18 13:42:00,2026-07-18 13:52:24,0.2927281994126141,10.4,Scooter,41,0.7838469512085445,High,Clear,Bhandup,1.9592706815826646,True
TW104305,2026-07-26 02:19:00,2026-07-26 02:37:00,0.7345116211719676,18.0,Motorcycle,34,-0.7823381024092951,Medium,Clear,Thane West,-0.9064081538185967,True
TW104044,2026-07-07 05:32:00,2026-07-07 05:36:00,-1.0799560039110911,4.0,Motorcycle,19,1.8279703202871058,Medium,Clear,Kalyan,0.6445506424021576,True
TW100635,2026-07-04 04:20:00,2026-07-04 04:33:24,0.56884283801221,13.4,Motorcycle,42,-0.26027641787001443,Medium,Clear,Dombivli,-0.6650337716253005,True
TW104815,2026-07-26 16:12:00,2026-07-26 16:16:00,-0.5277267267118995,4.0,Motorcycle,21,-1.3043997869485757,Medium,Clear,Mulund,1.348131288369851,True
TW100087,2026-07-12 13:18:00,2026-07-12 13:26:24,-1.0444555503768576,8.4,Electric Scooter,19,0.5228161089389054,Medium,Clear,Mulund,-0.6188131452478608,True
TW101369,2026-07-17 06:15:00,2026-07-17 06:27:42,-0.6105611182917782,12.7,Scooter,22,-1.0433689446789354,High,Clear,Ghodbunder Road,3.4896869771912233,True
TW104566,2026-07-21 11:08:00,2026-07-21 11:29:54,0.7739565695433382,21.9,Scooter,27,1.8279703202871058,High,Clear,Mulund,1.6459975472466848,True
TW100190,2026-07-29 02:35:00,2026-07-29 02:39:00,-1.35212614767355,4.0,Scooter,42,0.0007544243996247222,Low,Clear,Mulund,-0.9218150292777434,True
TW103824,2026-07-22 06:32:00,2026-07-22 06:48:06,0.896235909494588,16.1,Electric Scooter,33,0.0007544243996247222,Medium,Rain,Navi Mumbai,-0.8858656532064013,True
TW100178,2026-07-24 05:48:00,2026-07-24 05:52:00,2.550951493673595,4.0,Electric Scooter,33,-1.8264614714878553,Medium,Clear,Ghodbunder Road,-0.7009831476966425,True
TW103924,2026-07-01 01:21:00,2026-07-01 01:40:48,1.2551849396740626,19.8,Scooter,41,0.5228161089389054,High,Rain,Navi Mumbai,2.8271913324479216,True
TW102588,2026-07-11 03:13:00,2026-07-11 03:17:00,-1.1036229729339138,4.0,Scooter,39,-0.26027641787001443,High,Clear,Dombivli,-0.8755944029003037,True
TW103464,2026-07-21 23:39:00,2026-07-21 23:53:54,-0.4764482938291174,14.9,Scooter,27,1.3059086357478251,Low,Overcast,Thane West,-0.10525062994297525,True
TW101687,2026-07-18 22:06:00,2026-07-18 22:12:54,-0.17272219136956193,6.9,Scooter,40,-1.3043997869485757,Medium,Clear,Mulund,-0.7369325237679845,True
TW103321,2026-07-26 22:45:00,2026-07-26 22:49:00,-0.740729447917302,4.0,Motorcycle,42,-1.3043997869485757,Low,Clear,Bhandup,-0.5674568937173723,True
TW101128,2026-07-22 14:34:00,2026-07-22 14:44:24,0.19017133364704994,10.4,Motorcycle,44,0.7838469512085445,Medium,Rain,Ghodbunder Road,-0.8242381513698152,True
TW103067,2026-07-23 09:03:00,2026-07-23 09:19:42,-0.1845556758809731,16.7,Motorcycle,41,-0.7823381024092951,Medium,Clear,Kalyan,0.02827562403629489,True
TW103145,2026-07-21 14:05:00,2026-07-21 14:13:24,-0.14511072750960222,8.4,Motorcycle,36,1.3059086357478251,Medium,Clear,Thane West,-0.6085418949417631,True
TW102559,2026-07-03 12:15:00,2026-07-03 12:42:24,2.550951493673595,27.4,Scooter,25,0.0007544243996247222,Low,Clear,Dombivli,-0.6188131452478608,False
TW101023,2026-07-14 03:34:00,2026-07-14 04:07:24,2.550951493673595,33.4,Scooter,43,-0.5213072601396559,Medium,Clear,Dombivli,0.46480376204544765,False
TW104567,2026-07-08 23:19:00,2026-07-08 23:25:48,-0.8945647465656483,6.8,Scooter,30,0.2617852666692662,High,Clear,Thane West,2.0054913079601047,True
TW100398,2026-07-05 21:04:00,2026-07-05 21:13:00,-0.44094784029488354,9.0,Motorcycle,26,0.2617852666692662,High,Overcast,Kalyan,0.27478563138263995,True
TW100035,2026-07-13 02:50:00,2026-07-13 03:39:48,2.550951493673595,49.8,Motorcycle,33,1.3059086357478251,High,Clear,Thane West,1.8668294288277854,False
TW102253,2026-07-24 12:17:00,2026-07-24 12:34:12,-0.16483320169528776,17.2,Motorcycle,38,0.0007544243996247222,Low,Rain,Dombivli,0.6702287681674018,True
TW102656,2026-07-14 06:20:00,2026-07-14 06:24:00,-1.076011509073954,4.0,Electric Scooter,39,1.044877793478186,Medium,Clear,Kalyan,-0.6034062697887143,True
TW100252,2026-07-07 20:57:00,2026-07-07 21:01:00,-0.9931771174940752,4.0,Scooter,38,-1.3043997869485757,High,Clear,Kalyan,-0.21823438331005007,True
TW102940,2026-07-16 21:04:00,2026-07-16 21:11:36,-0.23977860360089234,7.6,Motorcycle,38,0.0007544243996247222,Medium,Clear,Kalyan,-0.6547625213192029,True
TW101875,2026-07-14 07:45:00,2026-07-14 07:53:12,-1.3679041270220984,8.2,Scooter,44,1.8279703202871058,Medium,Clear,Navi Mumbai,-0.11552188024907296,True
TW100228,2026-07-05 12:39:00,2026-07-05 12:53:36,-0.2161116345780698,14.6,Scooter,33,1.8279703202871058,Medium,Overcast,Kalyan,-0.7780175249923754,True
TW103051,2026-07-01 21:44:00,2026-07-01 21:51:42,-0.504059757689077,7.7,Electric Scooter,21,-1.0433689446789354,Low,Clear,Kalyan,-0.28499751029968523,True
TW101748,2026-07-12 02:28:00,2026-07-12 02:32:00,-1.3915710960449208,4.0,Scooter,30,0.2617852666692662,Medium,Clear,Mulund,-0.35689626244236916,True
TW101644,2026-07-06 14:22:00,2026-07-06 14:27:24,-1.1312344367938734,5.4,Electric Scooter,39,0.0007544243996247222,High,Clear,Mulund,-0.5674568937173723,True
TW104155,2026-07-28 06:43:00,2026-07-28 06:55:24,-0.7722854066143987,12.4,Scooter,25,1.3059086357478251,Medium,Clear,Thane West,0.3774981344436172,True
TW101609,2026-07-07 09:17:00,2026-07-07 09:30:00,0.3795070858296298,13.0,Scooter,21,1.5669394780174666,Low,Clear,Thane West,-0.9218150292777434,True
TW104725,2026-07-21 02:11:00,2026-07-21 02:17:42,-0.7131179840573423,6.7,Electric Scooter,20,0.5228161089389054,Medium,Clear,Airoli,-0.7420681489210333,True
TW101019,2026-07-02 11:06:00,2026-07-02 11:15:48,-0.6697285408488345,9.8,Scooter,41,1.044877793478186,High,Clear,Navi Mumbai,-0.9166794041246945,True
TW102082,2026-07-27 09:45:00,2026-07-27 10:19:36,2.541090256580752,34.6,Scooter,39,1.044877793478186,High,Clear,Mulund,-0.28499751029968523,False
TW103994,2026-07-01 10:40:00,2026-07-01 10:48:12,-0.7841188911258099,8.2,Motorcycle,28,0.2617852666692662,Low,Clear,Vashi,-0.6444912710131051,True
TW101786,2026-07-13 19:59:00,2026-07-13 20:15:36,0.43078551871241183,16.6,Scooter,27,-1.3043997869485757,Low,Clear,Mulund,-0.36203188759541804,True
TW102123,2026-07-19 09:38:00,2026-07-19 09:51:18,-0.1293327481610539,13.3,Scooter,37,-0.5213072601396559,Medium,Rain,Kalyan,-0.9218150292777434,True
TW102221,2026-07-11 12:58:00,2026-07-11 13:02:24,-1.1588459006538328,4.4,Motorcycle,33,-0.7823381024092951,Medium,Clear,Ghodbunder Road,1.0862144055643594,True
TW101075,2026-07-07 05:36:00,2026-07-07 06:08:48,2.0638063812871645,32.8,Scooter,32,-0.7823381024092951,Medium,Overcast,Ghodbunder Road,0.1566662528625163,False
TW102949,2026-07-18 07:15:00,2026-07-18 07:38:54,1.4602986712051909,23.9,Scooter,25,-2.0874923137574957,Low,Rain,Kalyan,1.995220057654007,True
TW103860,2026-07-12 06:53:00,2026-07-12 07:11:48,0.20200481815846094,18.8,Scooter,23,0.5228161089389054,Low,Overcast,Ghodbunder Road,-0.9218150292777434,True
TW104544,2026-07-04 11:07:00,2026-07-04 11:12:42,-0.8748422723799628,5.7,Scooter,19,-0.7823381024092951,High,Clear,Navi Mumbai,-0.2387768839222455,True
TW103903,2026-07-28 08:37:00,2026-07-28 08:53:18,0.46234147740950854,16.3,Motorcycle,42,-0.5213072601396559,Low,Clear,Ghodbunder Road,0.3826337595966661,True
TW101849,2026-07-23 13:10:00,2026-07-23 13:22:42,-0.40150289192351285,12.7,Motorcycle,26,0.0007544243996247222,Low,Clear,Dombivli,-0.5674568937173723,True
TW102795,2026-07-14 04:19:00,2026-07-14 04:35:30,0.10339244723003385,16.5,Motorcycle,39,0.2617852666692662,Medium,Clear,Mumbra,0.3980406350558126,True
TW104604,2026-07-19 14:30:00,2026-07-19 14:44:18,-0.8511753033571403,14.3,Scooter,44,-1.3043997869485757,Medium,Overcast,Mulund,-0.3928456385137112,True
TW104483,2026-07-21 15:30:00,2026-07-21 15:38:24,-0.7762299014515357,8.4,Scooter,32,0.5228161089389054,Low,Clear,Vashi,0.8551112736771608,True
TW100867,2026-07-22 22:20:00,2026-07-22 22:27:12,-0.5592826854089962,7.2,Motorcycle,32,-1.3043997869485757,High,Overcast,Thane West,1.5484206693387563,True
TW102799,2026-07-25 09:34:00,2026-07-25 09:41:06,-0.9576766639598415,7.1,Scooter,25,0.2617852666692662,High,Clear,Bhandup,-0.541778767952128,True
TW104244,2026-07-12 17:59:00,2026-07-12 18:03:00,-0.8630087878685516,4.0,Scooter,38,1.8279703202871058,Medium,Clear,Vashi,-0.14633563116736614,True
TW101273,2026-07-05 22:06:00,2026-07-05 22:11:36,-0.48433728350339156,5.6,Motorcycle,27,-0.26027641787001443,High,Rain,Airoli,-0.685576272237496,True
TW104436,2026-07-05 07:37:00,2026-07-05 07:42:54,-0.8196193446600436,5.9,Motorcycle,25,-2.0874923137574957,High,Rain,Mumbra,-0.37743876305456464,True
TW101115,2026-07-02 20:28:00,2026-07-02 20:43:42,0.6871776831263224,15.7,Scooter,39,-0.5213072601396559,Medium,Rain,Thane West,1.497064417808268,True
TW100540,2026-07-24 03:38:00,2026-07-24 04:17:42,2.550951493673595,39.7,Motorcycle,25,-0.26027641787001443,High,Overcast,Ghodbunder Road,2.4368838208162087,False
TW102739,2026-07-25 09:02:00,2026-07-25 09:06:00,-1.3245146838135904,4.0,Motorcycle,42,-1.3043997869485757,Medium,Clear,Navi Mumbai,-0.5366431427990792,True
TW103656,2026-07-11 01:18:00,2026-07-11 01:30:00,-0.11749926364964271,12.0,Scooter,41,0.7838469512085445,Low,Clear,Dombivli,-0.06416562871858436,True
TW101466,2026-07-08 12:50:00,2026-07-08 13:20:48,2.550951493673595,30.8,Scooter,24,-0.5213072601396559,High,Clear,Bhandup,-0.9218150292777434,False
TW100280,2026-07-09 13:00:00,2026-07-09 13:07:24,-0.2831680468094002,7.4,Electric Scooter,33,-0.26027641787001443,Medium,Rain,Thane West,2.0671188097966904,True
TW102458,2026-07-10 00:59:00,2026-07-10 01:16:12,1.5865225059935777,17.2,Scooter,24,0.0007544243996247222,Medium,Clear,Kalyan,-0.18742063239175702,True
TW100510,2026-07-05 17:59:00,2026-07-05 18:07:00,0.22961628201842066,8.0,Scooter,27,1.3059086357478251,Low,Rain,Navi Mumbai,-0.9218150292777434,True
TW103766,2026-07-02 00:27:00,2026-07-02 00:37:24,-0.2989460261579486,10.4,Scooter,36,-0.26027641787001443,Low,Clear,Ghodbunder Road,-0.9218150292777434,True
TW101514,2026-07-14 23:03:00,2026-07-14 23:23:00,1.0500712081429342,20.0,Scooter,19,1.044877793478186,Low,Clear,Dombivli,-0.5366431427990792,True
TW104738,2026-07-27 17:25:00,2026-07-27 17:30:00,-0.5158932422004882,5.0,Motorcycle,20,0.0007544243996247222,Medium,Clear,Mumbra,-0.151471256320415,True
TW102362,2026-07-17 13:26:00,2026-07-17 13:30:00,-1.1904018593509296,4.0,Scooter,28,-1.0433689446789354,Low,Clear,Thane West,1.522742543573512,True
TW102027,2026-07-11 10:29:00,2026-07-11 10:44:54,1.1131831255371276,15.9,Electric Scooter,41,1.3059086357478251,Low,Clear,Mumbra,0.17207312832166297,True
TW100782,2026-07-15 03:09:00,2026-07-15 03:19:06,-0.4764482938291174,10.1,Scooter,34,-0.26027641787001443,Low,Rain,Thane West,1.5997769208692452,True
TW104851,2026-07-07 04:29:00,2026-07-07 04:48:06,1.4090202383224089,19.1,Scooter,22,-0.7823381024092951,Medium,Clear,Navi Mumbai,0.033411249189343864,True
TW104717,2026-07-23 04:02:00,2026-07-23 04:18:12,0.7700120747062013,16.2,Motorcycle,43,1.5669394780174666,High,Rain,Kalyan,-0.6393556458600562,True
TW103578,2026-07-28 21:45:00,2026-07-28 22:05:18,1.0342932287943858,20.3,Scooter,36,-1.3043997869485757,Medium,Rain,Kalyan,0.26965000622959123,True
TW101157,2026-07-04 14:01:00,2026-07-04 14:07:00,-0.413336376434924,6.0,Motorcycle,33,-0.26027641787001443,High,Rain,Mumbra,3.05829446433512,True
TW100834,2026-07-02 04:15:00,2026-07-02 04:19:00,-1.4783499824619368,4.0,Scooter,23,-0.5213072601396559,High,Rain,Thane West,-0.8345094016759128,True
TW104490,2026-07-13 07:58:00,2026-07-13 08:03:54,-0.7722854066143987,5.9,Scooter,29,1.3059086357478251,Medium,Rain,Airoli,0.4904818878106921,True
TW102623,2026-07-21 14:03:00,2026-07-21 14:09:30,-0.68945101503452,6.5,Scooter,34,0.2617852666692662,High,Clear,Airoli,0.3774981344436172,True
TW104032,2026-07-03 22:00:00,2026-07-03 22:20:18,1.890248608453133,20.3,Electric Scooter,27,-1.0433689446789354,Medium,Clear,Mumbra,-0.2901331354527341,True
TW102621,2026-07-12 04:44:00,2026-07-12 04:52:48,-0.26739006746085187,8.8,Motorcycle,36,0.5228161089389054,Medium,Clear,Thane West,0.7523987706161837,True
TW103350,2026-07-14 04:21:00,2026-07-14 04:29:18,-0.5474492008975848,8.3,Scooter,40,0.5228161089389054,Low,Clear,Bhandup,-0.08984375448382867,True
TW102783,2026-07-21 12:06:00,2026-07-21 12:29:48,1.779802753013295,23.8,Scooter,44,0.2617852666692662,Low,Rain,Airoli,-0.6598981464722518,True
TW101761,2026-07-16 08:06:00,2026-07-16 08:29:18,1.7364133098047865,23.3,Scooter,44,0.2617852666692662,Medium,Rain,Airoli,-0.8653231525942059,True
TW104078,2026-07-14 20:02:00,2026-07-14 20:13:12,-0.4882817783405286,11.2,Electric Scooter,25,-0.26027641787001443,Low,Clear,Mumbra,-0.9218150292777434,True
TW102327,2026-07-30 15:35:00,2026-07-30 15:45:36,-0.04649835658117531,10.6,Electric Scooter,44,1.5669394780174666,Medium,Rain,Vashi,0.3415487583722753,True
TW103711,2026-07-26 01:00:00,2026-07-26 01:08:36,-1.1391234264681473,8.6,Electric Scooter,34,0.0007544243996247222,Low,Rain,Thane West,-0.9218150292777434,True
TW100337,2026-07-08 03:57:00,2026-07-08 04:01:00,-1.3402926631621388,4.0,Scooter,30,0.0007544243996247222,Low,Rain,Airoli,-0.19255625754480576,True
TW103770,2026-07-19 04:15:00,2026-07-19 04:34:54,-0.030720377232626953,19.9,Motorcycle,30,-0.26027641787001443,High,Rain,Mumbra,-0.7369325237679845,True
TW102056,2026-07-05 03:19:00,2026-07-05 03:40:12,2.0716953709614394,21.2,Motorcycle,42,0.5228161089389054,Low,Clear,Kalyan,-0.6598981464722518,True
TW100293,2026-07-06 15:23:00,2026-07-06 15:44:06,2.550951493673595,21.1,Motorcycle,22,0.5228161089389054,Medium,Clear,Mulund,-0.9166794041246945,True
TW102205,2026-07-08 23:27:00,2026-07-08 23:33:42,-0.2634455726237149,6.7,Motorcycle,19,-0.5213072601396559,Medium,Rain,Dombivli,-0.4647443906563951,True
TW103413,2026-07-11 11:13:00,2026-07-11 11:17:00,-1.3560706425106872,4.0,Scooter,29,0.0007544243996247222,Low,Overcast,Mulund,-0.9218150292777434,True
TW103193,2026-07-30 23:24:00,2026-07-30 23:35:24,-0.1806111810438361,11.4,Scooter,25,-1.8264614714878553,Medium,Clear,Airoli,0.4134475105149591,True
TW102593,2026-07-03 23:10:00,2026-07-03 23:20:54,-0.2161116345780698,10.9,Scooter,36,1.3059086357478251,Low,Clear,Navi Mumbai,-0.8704587777472548,True
TW102072,2026-07-14 22:58:00,2026-07-14 23:30:48,2.4779783391865586,32.8,Scooter,25,-0.26027641787001443,Medium,Overcast,Thane West,1.3019106619924115,False
TW100557,2026-07-13 10:40:00,2026-07-13 10:45:00,-1.1312344367938734,5.0,Scooter,41,-1.0433689446789354,Medium,Clear,Bhandup,-0.14633563116736614,True
TW101262,2026-07-18 09:09:00,2026-07-18 09:13:00,-1.1982908490252038,4.0,Motorcycle,33,-1.0433689446789354,Medium,Clear,Airoli,-0.6188131452478608,True
TW103236,2026-07-30 03:32:00,2026-07-30 03:54:42,2.550951493673595,22.7,Scooter,27,1.044877793478186,Medium,Rain,Bhandup,0.3723625092905684,True
TW101022,2026-07-21 16:56:00,2026-07-21 17:00:48,-0.43305885062060934,4.8,Motorcycle,40,-1.3043997869485757,Medium,Rain,Bhandup,-0.4031168888198089,True
TW100120,2026-07-26 04:30:00,2026-07-26 04:34:00,-0.9458431794484304,4.0,Motorcycle,32,-0.26027641787001443,High,Clear,Bhandup,-0.4647443906563951,True
TW100905,2026-07-12 12:22:00,2026-07-12 12:26:00,-0.9773991381455269,4.0,Motorcycle,33,0.5228161089389054,Low,Clear,Dombivli,-0.8036956507576197,True
TW103768,2026-07-23 08:37:00,2026-07-23 08:47:54,-0.744673942754439,10.9,Scooter,34,0.7838469512085445,High,Rain,Vashi,-0.2644550096874898,True
TW101306,2026-07-13 20:08:00,2026-07-13 20:13:48,-0.43305885062060934,5.8,Electric Scooter,19,-1.565430629218215,Medium,Rain,Airoli,-0.8293737765228638,True
TW103818,2026-07-07 22:29:00,2026-07-07 22:34:54,-0.5198377370376253,5.9,Motorcycle,20,0.7838469512085445,High,Overcast,Mulund,-0.8345094016759128,True
TW102558,2026-07-07 17:21:00,2026-07-07 17:34:18,0.4702304670837829,13.3,Scooter,23,0.7838469512085445,Medium,Rain,Mulund,1.9798131821948601,True
TW101935,2026-07-02 15:05:00,2026-07-02 15:18:24,0.1428373956014049,13.4,Motorcycle,32,0.7838469512085445,Medium,Clear,Ghodbunder Road,0.521295638728985,True
TW103881,2026-07-07 08:33:00,2026-07-07 09:00:42,1.1447390842342242,27.7,Scooter,25,-1.565430629218215,Low,Clear,Vashi,0.5880587657186204,False
TW103892,2026-07-17 02:39:00,2026-07-17 02:59:54,1.2078510016284176,20.9,Scooter,24,0.5228161089389054,Low,Clear,Navi Mumbai,-0.048758753259437904,True
TW101093,2026-07-04 19:25:00,2026-07-04 19:45:36,1.1526280739084982,20.6,Scooter,31,-0.26027641787001443,Low,Rain,Ghodbunder Road,-0.8961369035124991,True
TW103855,2026-07-18 13:25:00,2026-07-18 13:29:00,-1.304792209627905,4.0,Electric Scooter,26,-0.7823381024092951,Low,Overcast,Vashi,-0.5212362673399326,True
TW104036,2026-07-21 02:19:00,2026-07-21 02:30:06,-0.10961027397536871,11.1,Scooter,31,0.7838469512085445,Low,Overcast,Mumbra,1.738438800001564,True
TW100815,2026-07-06 17:47:00,2026-07-06 17:55:18,-0.23583410876375516,8.3,Scooter,39,1.5669394780174666,Low,Clear,Bhandup,-0.9218150292777434,True
TW101082,2026-07-02 02:47:00,2026-07-02 03:08:42,1.5470775576222071,21.7,Scooter,33,-1.8264614714878553,Low,Clear,Ghodbunder Road,0.6445506424021576,True
TW101208,2026-07-13 13:31:00,2026-07-13 13:38:24,-0.47250379899198025,7.4,Motorcycle,32,1.8279703202871058,Medium,Rain,Ghodbunder Road,-0.8961369035124991,True
TW101289,2026-07-16 18:38:00,2026-07-16 18:48:06,-0.2121671397409328,10.1,Motorcycle,42,-0.7823381024092951,Low,Clear,Mulund,-0.3004043857588318,True
TW104191,2026-07-04 21:30:00,2026-07-04 21:35:30,-1.0523445400511318,5.5,Scooter,20,0.7838469512085445,Medium,Rain,Kalyan,-0.2593193845344409,True
TW102428,2026-07-02 17:01:00,2026-07-02 17:05:00,-1.06812251939968,4.0,Scooter,30,1.8279703202871058,Medium,Clear,Mulund,-0.8447806519820106,True
TW100604,2026-07-11 02:21:00,2026-07-11 02:25:00,-1.2377357973965746,4.0,Scooter,30,-0.26027641787001443,High,Clear,Vashi,-0.9218150292777434,True
TW102114,2026-07-09 16:36:00,2026-07-09 16:49:54,2.550951493673595,13.9,Scooter,32,0.5228161089389054,Medium,Clear,Navi Mumbai,0.19261562893385842,True
TW100550,2026-07-05 10:40:00,2026-07-05 10:45:00,-1.1864573645137924,5.0,Motorcycle,36,0.0007544243996247222,Low,Overcast,Dombivli,4.773593265453437,True
TW102299,2026-07-28 18:30:00,2026-07-28 18:40:06,0.0008355814644697468,10.1,Electric Scooter,33,-2.348523156027136,High,Clear,Mumbra,2.33930694290828,True
TW100475,2026-07-02 23:58:00,2026-07-03 00:14:54,0.19806032332132395,16.9,Scooter,44,0.0007544243996247222,Low,Clear,Mulund,-0.9218150292777434,True
TW100212,2026-07-04 15:57:00,2026-07-04 16:17:42,0.17439335429850158,20.7,Motorcycle,25,1.3059086357478251,Low,Clear,Bhandup,-0.03848750295334018,True
TW103512,2026-07-30 16:36:00,2026-07-30 16:51:18,-0.078054315278272,15.3,Motorcycle,38,0.0007544243996247222,Low,Rain,Kalyan,-0.8499162771350594,True
TW104958,2026-07-02 02:00:00,2026-07-02 02:08:00,-0.20033365522952146,8.0,Motorcycle,32,0.7838469512085445,Low,Clear,Mumbra,-0.4647443906563951,True
TW102024,2026-07-12 06:33:00,2026-07-12 06:44:06,-0.5474492008975848,11.1,Electric Scooter,36,0.0007544243996247222,Medium,Clear,Kalyan,1.6819469233180264,True
TW102480,2026-07-15 02:16:00,2026-07-15 02:39:18,0.5570093535007986,23.3,Scooter,30,0.2617852666692662,Low,Clear,Kalyan,-0.3414893869832226,True
TW100276,2026-07-03 14:36:00,2026-07-03 14:45:36,-0.4567258196434319,9.6,Motorcycle,40,1.044877793478186,Low,Clear,Airoli,-0.7061187728496915,True
TW104601,2026-07-08 21:31:00,2026-07-08 21:45:18,-0.07410982044113465,14.3,Electric Scooter,40,0.7838469512085445,Low,Overcast,Mulund,-0.31067563606492954,True
TW104895,2026-07-15 04:36:00,2026-07-15 04:46:48,0.3440066322953961,10.8,Scooter,33,1.8279703202871058,Low,Rain,Dombivli,-0.6598981464722518,True
TW102339,2026-07-16 12:57:00,2026-07-16 13:09:12,-0.7643964169401245,12.2,Scooter,39,-2.0874923137574957,Low,Clear,Bhandup,-0.9218150292777434,True
TW100901,2026-07-11 21:31:00,2026-07-11 21:35:18,-1.1864573645137924,4.3,Motorcycle,27,-0.7823381024092951,Low,Clear,Dombivli,-0.8242381513698152,True
TW101409,2026-07-12 14:27:00,2026-07-12 14:55:54,1.0934606513514422,28.9,Scooter,36,-1.565430629218215,Medium,Clear,Bhandup,-0.9218150292777434,False
TW100989,2026-07-30 09:41:00,2026-07-30 09:54:36,-0.09777678946395735,13.6,Electric Scooter,39,1.044877793478186,Medium,Clear,Airoli,1.3943519147472907,True
TW100303,2026-07-20 13:21:00,2026-07-20 13:35:48,0.5964543018721693,14.8,Scooter,22,0.2617852666692662,Medium,Overcast,Vashi,-0.9166794041246945,True
TW103559,2026-07-27 12:54:00,2026-07-27 12:58:54,-1.296903219953631,4.9,Motorcycle,41,-1.8264614714878553,Medium,Rain,Airoli,-0.34662501213627145,True
TW104491,2026-07-06 02:26:00,2026-07-06 02:51:18,1.0658491874914826,25.3,Scooter,44,1.3059086357478251,High,Clear,Thane West,-0.0230806274941936,False
TW101996,2026-07-01 20:36:00,2026-07-01 20:42:12,-0.9497876742855675,6.2,Scooter,20,-0.7823381024092951,Medium,Clear,Kalyan,-0.793424400451522,True
TW102115,2026-07-30 16:06:00,2026-07-30 16:13:48,-0.7841188911258099,7.8,Motorcycle,40,-1.0433689446789354,High,Clear,Mulund,-0.9218150292777434,True
TW101901,2026-07-06 14:01:00,2026-07-06 14:14:42,0.0008355814644697468,13.7,Scooter,30,-1.3043997869485757,Medium,Rain,Airoli,-0.2644550096874898,True
TW100324,2026-07-14 08:46:00,2026-07-14 09:00:06,0.15861537494995326,14.1,Scooter,37,-0.7823381024092951,Medium,Clear,Bhandup,1.2351475350027763,True
TW103332,2026-07-12 23:33:00,2026-07-12 23:54:12,0.13889290076426788,21.2,Electric Scooter,37,0.7838469512085445,High,Clear,Vashi,1.522742543573512,True
TW101154,2026-07-04 14:43:00,2026-07-04 14:54:12,-0.13722173783532807,11.2,Scooter,32,-1.3043997869485757,Low,Rain,Mumbra,0.15153062770946754,True
TW103472,2026-07-06 08:07:00,2026-07-06 08:11:12,-0.9340096949370192,4.2,Scooter,36,1.8279703202871058,High,Clear,Dombivli,-0.3055400109118807,True
TW101473,2026-07-21 10:28:00,2026-07-21 10:43:12,-0.14116623267246522,15.2,Motorcycle,40,0.0007544243996247222,Low,Clear,Airoli,-0.9218150292777434,True
TW103011,2026-07-07 11:40:00,2026-07-07 11:44:00,-1.1194009522824622,4.0,Scooter,44,0.7838469512085445,Medium,Rain,Vashi,-0.649626896166154,True
TW100150,2026-07-26 20:49:00,2026-07-26 20:53:00,-1.0799560039110911,4.0,Motorcycle,23,-1.8264614714878553,Medium,Overcast,Mumbra,-0.6701693967783494,True
TW101121,2026-07-12 09:22:00,2026-07-12 09:26:00,-0.8669532827056886,4.0,Scooter,29,-0.7823381024092951,Low,Rain,Navi Mumbai,0.9680950270442356,True
TW104556,2026-07-08 23:18:00,2026-07-08 23:32:24,-0.20822264490379563,14.4,Motorcycle,21,1.3059086357478251,High,Clear,Mumbra,-0.5315075176460303,True
TW104074,2026-07-23 23:34:00,2026-07-23 23:45:24,0.7700120747062013,11.4,Scooter,38,0.7838469512085445,Medium,Clear,Kalyan,-0.3004043857588318,True
TW101130,2026-07-24 22:57:00,2026-07-24 23:13:18,-0.026775882395489604,16.3,Electric Scooter,22,-0.7823381024092951,Low,Rain,Mumbra,0.3723625092905684,True
TW103954,2026-07-20 11:37:00,2026-07-20 11:41:00,-0.7683409117772615,4.0,Scooter,39,0.5228161089389054,High,Clear,Ghodbunder Road,-0.4904225164216394,True
TW102797,2026-07-17 11:42:00,2026-07-17 12:02:54,1.0500712081429342,20.9,Electric Scooter,42,-0.5213072601396559,Low,Clear,Vashi,-0.8242381513698152,True
TW102803,2026-07-26 09:56:00,2026-07-26 10:14:12,0.5885653121978953,18.2,Motorcycle,35,0.0007544243996247222,Low,Clear,Mulund,-0.8910012783594502,True
TW101048,2026-07-08 12:10:00,2026-07-08 12:14:00,-1.2653472612565342,4.0,Electric Scooter,22,-2.0874923137574957,Low,Clear,Navi Mumbai,1.0091800282686265,True
TW100811,2026-07-11 08:04:00,2026-07-11 08:18:24,0.237505271692695,14.4,Scooter,33,0.7838469512085445,Medium,Clear,Mumbra,-0.9218150292777434,True
TW102709,2026-07-14 13:58:00,2026-07-14 14:09:54,-0.30289052099508573,11.9,Electric Scooter,28,0.7838469512085445,Low,Clear,Thane West,-0.9218150292777434,True
TW103910,2026-07-26 02:26:00,2026-07-26 02:39:18,0.3282286529468478,13.3,Electric Scooter,32,0.0007544243996247222,Low,Clear,Mumbra,-0.8961369035124991,True
TW101557,2026-07-12 12:49:00,2026-07-12 13:03:12,-0.11749926364964271,14.2,Motorcycle,25,0.0007544243996247222,High,Clear,Dombivli,-0.9166794041246945,True
TW101063,2026-07-16 11:34:00,2026-07-16 11:43:00,-0.46855930415484326,9.0,Scooter,27,-1.0433689446789354,High,Clear,Vashi,-0.33635376183017374,True
TW103154,2026-07-13 17:47:00,2026-07-13 17:53:54,-1.0089550968426235,6.9,Scooter,20,0.7838469512085445,Medium,Clear,Dombivli,-0.9218150292777434,True
TW102303,2026-07-04 12:05:00,2026-07-04 12:14:00,-0.026775882395489604,9.0,Scooter,44,0.2617852666692662,Low,Clear,Dombivli,-0.8345094016759128,True
TW102982,2026-07-20 04:01:00,2026-07-20 04:11:48,-0.6855065201973828,10.8,Scooter,37,-0.5213072601396559,Low,Clear,Mumbra,-0.6342200207070074,True
TW100892,2026-07-04 06:49:00,2026-07-04 07:00:24,0.16255986978709025,11.4,Scooter,34,-1.3043997869485757,Low,Clear,Airoli,1.5432850441857076,True
TW101100,2026-07-21 18:19:00,2026-07-21 18:39:06,0.6635107141035002,20.1,Motorcycle,41,0.0007544243996247222,Low,Clear,Ghodbunder Road,-0.8447806519820106,True
TW102436,2026-07-14 06:29:00,2026-07-14 06:39:30,-0.9813436329826641,10.5,Scooter,41,0.0007544243996247222,Medium,Rain,Navi Mumbai,-0.541778767952128,True
TW102984,2026-07-09 18:05:00,2026-07-09 18:12:24,-1.024733076191172,7.4,Electric Scooter,42,0.5228161089389054,Medium,Rain,Bhandup,-0.23364125876919664,True
TW101648,2026-07-13 00:29:00,2026-07-13 00:37:36,-1.296903219953631,8.6,Motorcycle,39,0.0007544243996247222,Low,Clear,Thane West,0.1566662528625163,True
TW103103,2026-07-30 18:29:00,2026-07-30 18:34:48,-0.3107795106693599,5.8,Scooter,21,-1.0433689446789354,Low,Overcast,Kalyan,0.9835019025033822,True
TW100449,2026-07-26 12:09:00,2026-07-26 12:23:48,0.4781194567580569,14.8,Motorcycle,32,0.0007544243996247222,Medium,Clear,Navi Mumbai,-0.1001150047899264,True
TW104342,2026-07-09 10:26:00,2026-07-09 10:34:18,-1.2574582715822598,8.3,Electric Scooter,24,0.0007544243996247222,Low,Clear,Thane West,-0.6136775200948119,True
TW104241,2026-07-03 07:32:00,2026-07-03 07:37:48,-0.9971216123312124,5.8,Scooter,29,0.2617852666692662,Medium,Clear,Bhandup,1.6203194214814405,True
TW100795,2026-07-12 13:07:00,2026-07-12 13:14:42,-0.4567258196434319,7.7,Scooter,33,0.2617852666692662,High,Clear,Vashi,-0.9218150292777434,True
TW100589,2026-07-11 19:41:00,2026-07-11 19:52:42,-0.9734546433083899,11.7,Scooter,33,0.7838469512085445,High,Clear,Thane West,-0.6444912710131051,True
TW100073,2026-07-12 03:02:00,2026-07-12 03:11:12,0.0442250246729778,9.2,Scooter,37,-1.3043997869485757,Low,Rain,Thane West,-0.23364125876919664,True
TW100460,2026-07-11 20:13:00,2026-07-11 20:21:12,-1.0641780245625427,8.2,Scooter,27,-0.5213072601396559,Medium,Overcast,Navi Mumbai,0.03854687434239261,True
TW104542,2026-07-27 12:36:00,2026-07-27 12:46:18,-0.8235638394971807,10.3,Scooter,22,1.044877793478186,Medium,Clear,Mulund,-0.541778767952128,True
TW102138,2026-07-02 03:07:00,2026-07-02 03:24:12,0.6082877863835807,17.2,Scooter,21,-0.26027641787001443,Medium,Rain,Airoli,-0.08470812933077981,True
TW101229,2026-07-10 03:50:00,2026-07-10 04:20:12,1.3814087744624493,30.2,Scooter,34,0.2617852666692662,Low,Rain,Thane West,-0.8755944029003037,False
TW100492,2026-07-11 06:00:00,2026-07-11 06:36:12,2.3754214734209946,36.2,Scooter,35,1.044877793478186,Medium,Overcast,Kalyan,-0.8807300280533524,False
TW104266,2026-07-10 21:58:00,2026-07-10 22:03:42,-1.072067014236817,5.7,Motorcycle,32,-1.0433689446789354,Medium,Clear,Mulund,0.49561751296374085,True
TW103693,2026-07-11 14:55:00,2026-07-11 15:17:54,0.7187336418234191,22.9,Motorcycle,25,0.7838469512085445,High,Rain,Kalyan,-0.4955581415746883,True
TW102104,2026-07-16 22:05:00,2026-07-16 22:12:36,-0.39755839708637564,7.6,Scooter,41,-1.3043997869485757,Low,Clear,Kalyan,3.7464682348436664,True
TW101265,2026-07-09 19:02:00,2026-07-09 19:19:00,0.05605850918438915,17.0,Scooter,31,0.5228161089389054,High,Clear,Mumbra,1.923321305511323,True
TW103418,2026-07-09 19:22:00,2026-07-09 19:36:30,0.32428415810971073,14.5,Motorcycle,35,-0.26027641787001443,Medium,Clear,Vashi,3.7413326096906174,True
TW100097,2026-07-29 22:10:00,2026-07-29 22:14:24,-0.9379541897741562,4.4,Motorcycle,21,-1.565430629218215,Low,Clear,Bhandup,-0.151471256320415,True
TW103273,2026-07-18 00:02:00,2026-07-18 00:16:12,0.7936790437290235,14.2,Scooter,39,-0.26027641787001443,Low,Clear,Mumbra,-0.31067563606492954,True
TW102527,2026-07-24 09:32:00,2026-07-24 09:36:00,-1.1075674677710508,4.0,Scooter,40,-0.26027641787001443,Medium,Clear,Thane West,-0.13092875570821955,True
TW101772,2026-07-09 06:44:00,2026-07-09 06:52:36,-0.23188961392661817,8.6,Scooter,20,-0.26027641787001443,Medium,Clear,Dombivli,-0.2644550096874898,True
TW101467,2026-07-28 11:49:00,2026-07-28 11:57:36,-0.5750606647575445,8.6,Motorcycle,24,0.0007544243996247222,High,Clear,Mulund,-0.20796313300395233,True
TW101749,2026-07-10 20:38:00,2026-07-10 21:09:42,1.7324688149676495,31.7,Motorcycle,43,-1.565430629218215,High,Clear,Thane West,0.63427939209606,False
TW101478,2026-07-06 22:44:00,2026-07-06 22:56:24,-0.36994693322641614,12.4,Motorcycle,27,-0.5213072601396559,High,Clear,Mulund,-0.32094688637102714,True
TW101890,2026-07-16 17:16:00,2026-07-16 17:25:12,-1.0326220658654464,9.2,Motorcycle,42,0.5228161089389054,Low,Clear,Mulund,-0.6804406470844471,True
TW104194,2026-07-02 16:56:00,2026-07-02 17:04:24,-0.6026721286175041,8.4,Scooter,20,-0.5213072601396559,Low,Clear,Airoli,0.8551112736771608,True
TW103140,2026-07-04 18:50:00,2026-07-04 19:09:48,0.628010260569266,19.8,Electric Scooter,36,1.5669394780174666,Medium,Clear,Vashi,-0.8807300280533524,True
TW102344,2026-07-23 07:04:00,2026-07-23 07:32:06,2.550951493673595,28.1,Scooter,29,1.8279703202871058,Low,Rain,Dombivli,-0.4185237642789555,False
TW104443,2026-07-28 19:10:00,2026-07-28 19:14:00,-1.3442371579992758,4.0,Scooter,36,0.0007544243996247222,High,Clear,Kalyan,0.7934837718405745,True
TW102950,2026-07-30 16:19:00,2026-07-30 16:35:18,0.26117224071551737,16.3,Scooter,29,-1.0433689446789354,High,Clear,Dombivli,-0.7163900231557891,True
TW103942,2026-07-08 04:56:00,2026-07-08 05:05:18,-0.2516120881123035,9.3,Motorcycle,41,0.0007544243996247222,Medium,Clear,Thane West,0.6650931430143531,True
TW103221,2026-07-09 08:38:00,2026-07-09 08:50:06,-0.19638916039238447,12.1,Motorcycle,24,-0.7823381024092951,Low,Clear,Mulund,-0.2130987581570012,True
TW100395,2026-07-12 21:00:00,2026-07-12 21:08:18,0.05605850918438915,8.3,Scooter,35,0.0007544243996247222,Low,Clear,Vashi,0.08990312587288121,True
TW100426,2026-07-13 01:33:00,2026-07-13 01:48:48,0.8410129817746687,15.8,Motorcycle,23,0.2617852666692662,Medium,Clear,Bhandup,-0.9218150292777434,True
TW100021,2026-07-23 10:03:00,2026-07-23 10:37:30,2.550951493673595,34.5,Motorcycle,35,0.2617852666692662,Low,Rain,Airoli,-0.36203188759541804,False
TW101038,2026-07-22 10:56:00,2026-07-22 11:17:30,1.2196844861398286,21.5,Electric Scooter,37,0.5228161089389054,High,Clear,Mulund,-0.20282750785090348,True
TW102300,2026-07-12 15:35:00,2026-07-12 15:49:06,1.1131831255371276,14.1,Scooter,29,-1.8264614714878553,Low,Clear,Dombivli,-0.9218150292777434,True
TW103357,2026-07-10 01:19:00,2026-07-10 01:27:24,-0.8866757568913741,8.4,Scooter,24,-0.26027641787001443,Medium,Overcast,Kalyan,0.26451438107654224,True
TW102893,2026-07-03 00:27:00,2026-07-03 01:07:30,2.550951493673595,40.5,Motorcycle,28,1.044877793478186,Low,Clear,Navi Mumbai,-0.08470812933077981,False
TW102602,2026-07-17 21:30:00,2026-07-17 21:34:00,-0.744673942754439,4.0,Motorcycle,19,0.0007544243996247222,Medium,Overcast,Ghodbunder Road,-0.9218150292777434,True
TW103417,2026-07-26 22:59:00,2026-07-26 23:03:00,-1.261402766419397,4.0,Scooter,27,0.0007544243996247222,Low,Clear,Bhandup,-0.41338813912590666,True
TW104346,2026-07-10 05:04:00,2026-07-10 05:14:00,-0.1845556758809731,10.0,Scooter,43,0.2617852666692662,High,Rain,Dombivli,-0.6342200207070074,True
TW104835,2026-07-04 12:10:00,2026-07-04 12:21:30,-0.054387346255449304,11.5,Scooter,40,-0.5213072601396559,High,Clear,Dombivli,1.168384408013141,True
TW101669,2026-07-05 00:07:00,2026-07-05 00:11:00,-0.744673942754439,4.0,Scooter,25,0.2617852666692662,Low,Clear,Thane West,0.4083118853619103,True
TW103502,2026-07-16 12:53:00,2026-07-16 13:00:36,-1.0128995916797607,7.6,Motorcycle,24,-0.7823381024092951,High,Clear,Vashi,2.313628817143036,True
TW104983,2026-07-02 22:12:00,2026-07-02 22:17:06,-0.8985092414027853,5.1,Scooter,23,0.0007544243996247222,Medium,Rain,Mumbra,-0.9218150292777434,True
TW101314,2026-07-11 20:04:00,2026-07-11 20:19:18,-0.33839097452931943,15.3,Scooter,40,-1.8264614714878553,Low,Overcast,Dombivli,-0.012809377188095878,True
TW101846,2026-07-29 14:11:00,2026-07-29 14:15:00,-0.7959523756372212,4.0,Scooter,29,0.5228161089389054,Medium,Clear,Bhandup,-0.5315075176460303,True
TW103088,2026-07-27 05:41:00,2026-07-27 05:45:48,-0.9695101484712529,4.8,Motorcycle,43,1.044877793478186,Low,Rain,Mumbra,1.3840806644411932,True
TW100243,2026-07-03 05:56:00,2026-07-03 06:00:00,-1.3324036734878646,4.0,Electric Scooter,29,-1.0433689446789354,Medium,Rain,Thane West,-0.7677462746862777,True
TW104162,2026-07-09 15:27:00,2026-07-09 15:38:36,-0.4803927886662544,11.6,Motorcycle,42,-0.26027641787001443,Low,Clear,Ghodbunder Road,0.02827562403629489,True
TW104754,2026-07-29 04:00:00,2026-07-29 04:08:18,-0.6776175305231086,8.3,Scooter,43,0.7838469512085445,High,Clear,Bhandup,-0.9218150292777434,True
TW100933,2026-07-13 13:37:00,2026-07-13 13:52:54,0.008724571138744096,15.9,Electric Scooter,37,-1.0433689446789354,Low,Clear,Navi Mumbai,-0.4750156409624928,True
TW102407,2026-07-11 07:12:00,2026-07-11 07:20:36,-0.054387346255449304,8.6,Motorcycle,43,0.5228161089389054,Low,Clear,Airoli,1.4097587902064375,True
TW102143,2026-07-22 01:49:00,2026-07-22 01:58:24,-0.409391881597787,9.4,Electric Scooter,38,-0.7823381024092951,High,Rain,Vashi,-0.9115437789716456,True
TW101528,2026-07-01 06:22:00,2026-07-01 06:46:48,1.6378009388763595,24.8,Motorcycle,24,0.0007544243996247222,High,Overcast,Kalyan,-0.649626896166154,True
TW101496,2026-07-08 22:04:00,2026-07-08 22:08:00,-1.2535137767451228,4.0,Scooter,22,-1.565430629218215,Medium,Clear,Dombivli,1.0091800282686265,True
TW102569,2026-07-04 14:01:00,2026-07-04 14:10:00,-0.3462799642035936,9.0,Motorcycle,26,1.044877793478186,Low,Clear,Bhandup,-0.3158112612179784,True
TW101554,2026-07-23 23:13:00,2026-07-23 23:17:00,-0.39361390224923865,4.0,Scooter,40,0.7838469512085445,Medium,Clear,Kalyan,-0.9218150292777434,True
TW103022,2026-07-26 20:10:00,2026-07-26 20:16:42,-0.693395509871657,6.7,Scooter,30,-0.26027641787001443,Medium,Clear,Ghodbunder Road,2.07225443494974,True
TW104457,2026-07-04 20:01:00,2026-07-04 20:28:36,2.3833104630952686,27.6,Scooter,21,-0.5213072601396559,Medium,Clear,Airoli,-0.8242381513698152,False
TW104580,2026-07-02 14:07:00,2026-07-02 14:17:48,-0.5750606647575445,10.8,Scooter,31,0.7838469512085445,Medium,Overcast,Navi Mumbai,-0.07957250417773094,True
TW103223,2026-07-09 20:15:00,2026-07-09 20:30:18,0.7187336418234191,15.3,Scooter,25,1.3059086357478251,Medium,Clear,Navi Mumbai,0.20802250439300488,True
TW103399,2026-07-13 16:46:00,2026-07-13 17:03:30,0.8765134353089024,17.5,Scooter,35,1.044877793478186,Low,Clear,Mulund,-0.13092875570821955,True
TW103328,2026-07-17 16:59:00,2026-07-17 17:04:36,2.550951493673595,5.6,Scooter,28,-0.26027641787001443,Low,Clear,Mulund,0.1053100013320279,True
TW102359,2026-07-30 07:47:00,2026-07-30 07:54:18,-0.4251698609463352,7.3,Scooter,33,1.3059086357478251,High,Clear,Airoli,2.806648831835726,True
TW101808,2026-07-11 15:13:00,2026-07-11 15:17:00,-0.8708977775428258,4.0,Scooter,26,1.8279703202871058,Medium,Rain,Navi Mumbai,-0.649626896166154,True
TW102890,2026-07-10 09:30:00,2026-07-10 09:38:42,-0.9773991381455269,8.7,Motorcycle,28,0.0007544243996247222,Medium,Clear,Airoli,-0.12065750540212183,True
TW102461,2026-07-13 04:39:00,2026-07-13 04:54:30,0.43078551871241183,15.5,Electric Scooter,43,1.044877793478186,High,Clear,Mulund,1.0451294043399686,True
TW104861,2026-07-29 08:11:00,2026-07-29 08:19:24,-0.39361390224923865,8.4,Motorcycle,40,-1.565430629218215,Medium,Clear,Ghodbunder Road,-0.31067563606492954,True
TW102506,2026-07-24 08:45:00,2026-07-24 08:55:54,-0.36205794355214194,10.9,Motorcycle,35,0.0007544243996247222,High,Rain,Airoli,-0.8910012783594502,True
TW101185,2026-07-11 10:05:00,2026-07-11 10:13:00,-0.3896694074121015,8.0,Motorcycle,39,1.5669394780174666,Medium,Rain,Mulund,-0.9218150292777434,True
TW102387,2026-07-24 04:29:00,2026-07-24 04:51:24,0.9277918681916847,22.4,Electric Scooter,43,-0.26027641787001443,High,Rain,Kalyan,1.070807530105213,True
TW104382,2026-07-10 09:31:00,2026-07-10 09:35:00,-1.1194009522824622,4.0,Scooter,27,0.7838469512085445,Low,Clear,Mulund,6.365637062898584,True
TW103320,2026-07-20 21:44:00,2026-07-20 21:56:18,0.15861537494995326,12.3,Motorcycle,29,0.0007544243996247222,Medium,Overcast,Navi Mumbai,5.728819543920525,True
TW102553,2026-07-22 11:02:00,2026-07-22 11:06:00,-0.7131179840573423,4.0,Scooter,23,0.2617852666692662,Medium,Overcast,Vashi,-0.8345094016759128,True
TW104235,2026-07-28 06:03:00,2026-07-28 06:10:42,-0.1529997171838764,7.7,Motorcycle,34,0.2617852666692662,Low,Overcast,Vashi,-0.5623212685643234,True
TW103925,2026-07-20 13:54:00,2026-07-20 14:03:00,-0.3305019848550453,9.0,Scooter,28,0.7838469512085445,Low,Clear,Mulund,0.3569556338314217,True
TW104944,2026-07-26 09:44:00,2026-07-26 09:48:00,-0.8117303549857694,4.0,Motorcycle,38,0.7838469512085445,Low,Overcast,Vashi,-0.7317968986149357,True
TW101760,2026-07-25 13:34:00,2026-07-25 13:58:12,1.0934606513514422,24.2,Electric Scooter,33,0.2617852666692662,Low,Rain,Vashi,-0.4647443906563951,True
TW103279,2026-07-17 03:41:00,2026-07-17 03:47:06,-0.5080042525262141,6.1,Motorcycle,36,1.044877793478186,Low,Rain,Thane West,0.3415487583722753,True
TW101965,2026-07-17 11:02:00,2026-07-17 11:16:48,-0.25555658294944067,14.8,Scooter,36,0.5228161089389054,Low,Overcast,Mumbra,0.8345687730649654,True
TW102948,2026-07-23 07:16:00,2026-07-23 07:20:00,-0.5632271802461332,4.0,Scooter,36,1.5669394780174666,Low,Clear,Bhandup,0.14639500255641857,True
TW103142,2026-07-25 04:07:00,2026-07-25 04:11:00,-1.111511962608188,4.0,Scooter,31,1.3059086357478251,High,Overcast,Bhandup,-0.9064081538185967,True
TW100444,2026-07-22 03:49:00,2026-07-22 03:54:48,-0.9655656536341157,5.8,Scooter,19,0.7838469512085445,Medium,Clear,Mulund,-0.7574750243801799,True
TW102087,2026-07-24 22:05:00,2026-07-24 22:10:48,-0.5671716750832704,5.8,Scooter,44,0.2617852666692662,Medium,Clear,Mumbra,1.3327244129107043,True
TW101264,2026-07-13 07:59:00,2026-07-13 08:12:42,-0.30289052099508573,13.7,Motorcycle,26,-0.5213072601396559,Medium,Clear,Kalyan,-0.505829391880786,True
TW102753,2026-07-12 23:30:00,2026-07-12 23:50:54,1.0382377236315228,20.9,Motorcycle,22,1.8279703202871058,Medium,Rain,Airoli,-0.7369325237679845,True
TW102565,2026-07-11 21:26:00,2026-07-11 21:31:30,-0.9655656536341157,5.5,Scooter,27,-0.5213072601396559,High,Overcast,Bhandup,-0.9218150292777434,True
TW104450,2026-07-03 06:48:00,2026-07-03 06:54:00,-0.6618395511745603,6.0,Motorcycle,26,-1.0433689446789354,Medium,Clear,Mumbra,-0.8396450268289616,True
TW103929,2026-07-11 02:09:00,2026-07-11 02:20:06,-0.551393695734722,11.1,Scooter,39,0.0007544243996247222,Medium,Clear,Mulund,1.1427062822478966,True
TW101076,2026-07-16 20:34:00,2026-07-16 21:06:24,2.550951493673595,32.4,Scooter,29,-2.0874923137574957,Medium,Clear,Navi Mumbai,-0.7420681489210333,False
TW102887,2026-07-24 11:00:00,2026-07-24 11:15:24,-0.3186685003436339,15.4,Scooter,42,-2.0874923137574957,Medium,Rain,Dombivli,-0.19255625754480576,True
TW103270,2026-07-16 20:05:00,2026-07-16 20:09:24,-1.024733076191172,4.4,Electric Scooter,27,-1.8264614714878553,Medium,Clear,Dombivli,-0.9218150292777434,True
TW101151,2026-07-16 03:13:00,2026-07-16 03:38:30,1.132905599722813,25.5,Scooter,35,0.5228161089389054,Low,Clear,Ghodbunder Road,-0.08984375448382867,False
TW103727,2026-07-25 11:24:00,2026-07-25 11:30:48,-1.0286775710283091,6.8,Electric Scooter,21,0.0007544243996247222,High,Overcast,Mumbra,-0.649626896166154,True
TW103934,2026-07-24 09:05:00,2026-07-24 09:30:00,1.3182968570682558,25.0,Scooter,23,0.0007544243996247222,High,Rain,Ghodbunder Road,0.8961962749015517,True
TW101242,2026-07-01 14:39:00,2026-07-01 14:59:18,0.8015680334032979,20.3,Electric Scooter,27,-0.5213072601396559,Medium,Clear,Vashi,-0.29526876060578294,True
TW101866,2026-07-05 23:29:00,2026-07-05 23:37:30,-0.36994693322641614,8.5,Motorcycle,22,1.8279703202871058,Medium,Clear,Thane West,-0.1617425066265127,True
TW104253,2026-07-11 18:26:00,2026-07-11 18:41:00,0.6358992502435404,15.0,Motorcycle,20,-0.7823381024092951,High,Overcast,Navi Mumbai,-0.31067563606492954,True
TW103166,2026-07-03 02:16:00,2026-07-03 02:29:54,-0.23977860360089234,13.9,Scooter,35,-0.26027641787001443,Low,Clear,Thane West,0.1823443786277607,True
TW103663,2026-07-25 14:20:00,2026-07-25 14:26:24,-1.1351789316310104,6.4,Motorcycle,20,-0.5213072601396559,Medium,Rain,Kalyan,-0.2901331354527341,True
TW103715,2026-07-30 21:22:00,2026-07-30 21:38:06,0.620121270894992,16.1,Motorcycle,36,1.044877793478186,Low,Clear,Ghodbunder Road,2.3084931919899874,True
TW102637,2026-07-28 15:25:00,2026-07-28 15:33:18,-0.50011526285194,8.3,Motorcycle,31,-0.26027641787001443,Medium,Clear,Airoli,-0.7061187728496915,True
TW104856,2026-07-24 17:23:00,2026-07-24 17:34:48,-0.3305019848550453,11.8,Electric Scooter,22,0.0007544243996247222,Medium,Rain,Thane West,0.9064675252076492,True
TW103110,2026-07-28 23:05:00,2026-07-28 23:18:00,0.0757809833700745,13.0,Scooter,33,0.5228161089389054,Low,Rain,Ghodbunder Road,0.2337006301582493,True
TW104338,2026-07-30 22:10:00,2026-07-30 22:19:54,-1.1785683748395184,9.9,Scooter,29,0.5228161089389054,Low,Rain,Kalyan,0.08990312587288121,True
TW100884,2026-07-15 09:21:00,2026-07-15 09:36:12,-0.15694421202101358,15.2,Scooter,38,1.3059086357478251,Low,Rain,Ghodbunder Road,-0.7369325237679845,True
TW100620,2026-07-18 10:04:00,2026-07-18 10:15:06,-0.3462799642035936,11.1,Electric Scooter,21,-1.3043997869485757,Low,Rain,Mulund,0.07449625041373474,True
TW102551,2026-07-23 18:27:00,2026-07-23 18:35:54,-0.4882817783405286,8.9,Electric Scooter,35,0.2617852666692662,Medium,Clear,Mumbra,-0.7574750243801799,True
TW102970,2026-07-24 18:53:00,2026-07-24 18:57:00,-1.2061798386994778,4.0,Scooter,24,1.8279703202871058,Low,Overcast,Thane West,-0.7317968986149357,True
TW102207,2026-07-21 15:30:00,2026-07-21 15:39:42,-0.2634455726237149,9.7,Electric Scooter,23,0.0007544243996247222,Low,Clear,Vashi,-0.31067563606492954,True
TW103466,2026-07-01 23:07:00,2026-07-01 23:19:42,-0.23188961392661817,12.7,Motorcycle,27,1.044877793478186,Low,Overcast,Kalyan,-0.31067563606492954,True
TW100537,2026-07-14 21:47:00,2026-07-14 22:07:42,0.6990111676377339,20.7,Electric Scooter,28,-1.0433689446789354,Low,Clear,Navi Mumbai,-0.7112543980027402,True
TW100013,2026-07-05 13:43:00,2026-07-05 13:47:00,-1.3915710960449208,4.0,Scooter,26,1.044877793478186,High,Clear,Thane West,2.4728331968875503,True
TW101681,2026-07-11 19:02:00,2026-07-11 19:16:24,0.4031740548524525,14.4,Motorcycle,44,0.0007544243996247222,Low,Overcast,Vashi,-0.9218150292777434,True
TW100740,2026-07-15 09:23:00,2026-07-15 09:38:54,0.4031740548524525,15.9,Motorcycle,20,1.5669394780174666,High,Clear,Dombivli,-0.03848750295334018,True
TW102976,2026-07-12 10:32:00,2026-07-12 10:49:36,0.3676736013182188,17.6,Scooter,25,0.7838469512085445,Medium,Clear,Airoli,-0.5623212685643234,True
TW103386,2026-07-06 08:21:00,2026-07-06 08:39:42,1.0106262597715634,18.7,Scooter,41,1.044877793478186,Medium,Clear,Dombivli,-0.9218150292777434,True
TW101385,2026-07-04 16:48:00,2026-07-04 16:57:06,-0.4567258196434319,9.1,Motorcycle,29,0.2617852666692662,Low,Rain,Mumbra,0.1566662528625163,True
TW102843,2026-07-05 20:45:00,2026-07-05 20:55:18,0.05605850918438915,10.3,Motorcycle,27,0.0007544243996247222,Low,Rain,Dombivli,-0.01794500234114474,True
TW102403,2026-07-21 15:15:00,2026-07-21 15:29:48,0.1467818904385419,14.8,Motorcycle,29,1.8279703202871058,Low,Overcast,Dombivli,0.5777875154125226,True
TW100334,2026-07-26 23:05:00,2026-07-26 23:09:00,-1.2219578180480262,4.0,Electric Scooter,30,1.5669394780174666,Low,Overcast,Kalyan,-0.5520500182582256,True
TW102736,2026-07-05 11:38:00,2026-07-05 11:46:48,0.15467088011281624,8.8,Scooter,37,0.0007544243996247222,High,Clear,Vashi,-0.5520500182582256,True
TW104280,2026-07-06 21:37:00,2026-07-06 21:41:00,-1.399460085719195,4.0,Motorcycle,42,1.044877793478186,Medium,Clear,Mulund,1.2659612859210694,True
TW104919,2026-07-29 18:59:00,2026-07-29 19:03:00,-1.0562890348882688,4.0,Electric Scooter,21,-0.7823381024092951,Low,Clear,Ghodbunder Road,0.10017437617897894,True
TW103495,2026-07-24 13:09:00,2026-07-24 13:17:18,-1.1982908490252038,8.3,Motorcycle,25,-1.0433689446789354,Medium,Overcast,Airoli,-0.5777281440234701,True
TW102989,2026-07-15 20:24:00,2026-07-15 20:38:24,-0.10566577913823136,14.4,Motorcycle,33,0.5228161089389054,High,Rain,Thane West,-0.9218150292777434,True
TW103397,2026-07-12 07:20:00,2026-07-12 07:24:00,-1.0089550968426235,4.0,Scooter,21,-1.565430629218215,Medium,Clear,Navi Mumbai,1.805201926991199,True
TW103049,2026-07-22 18:17:00,2026-07-22 18:36:00,0.48600844643233126,19.0,Scooter,37,0.7838469512085445,Medium,Overcast,Airoli,0.9475525264320401,True
TW102235,2026-07-12 04:16:00,2026-07-12 04:37:48,1.9849164845444232,21.8,Motorcycle,34,-1.0433689446789354,Medium,Rain,Thane West,-0.7420681489210333,True
TW100941,2026-07-25 06:16:00,2026-07-25 06:21:00,-0.3226129951807711,5.0,Motorcycle,44,-1.3043997869485757,High,Clear,Vashi,0.3723625092905684,True
TW104380,2026-07-06 03:42:00,2026-07-06 03:47:00,-0.6381725821517378,5.0,Scooter,23,1.8279703202871058,High,Rain,Kalyan,-0.7215256483088379,True
TW102947,2026-07-11 18:33:00,2026-07-11 18:40:30,-0.23188961392661817,7.5,Motorcycle,29,1.044877793478186,Low,Clear,Airoli,-0.2747262599935875,True
TW101184,2026-07-20 08:59:00,2026-07-20 09:08:48,-0.20822264490379563,9.8,Scooter,44,0.0007544243996247222,Medium,Clear,Navi Mumbai,-0.8858656532064013,True
TW104261,2026-07-25 07:20:00,2026-07-25 07:30:42,-0.6066166234546412,10.7,Motorcycle,27,1.3059086357478251,Medium,Clear,Mumbra,0.16180187801556525,True
TW102277,2026-07-08 17:11:00,2026-07-08 17:35:24,1.2670184241854736,24.4,Motorcycle,28,0.2617852666692662,Medium,Overcast,Mumbra,0.1772087534747117,True
TW103931,2026-07-29 09:05:00,2026-07-29 09:20:12,0.03633603499870345,15.2,Motorcycle,41,1.044877793478186,Medium,Clear,Navi Mumbai,2.282815066224743,True
TW101851,2026-07-07 14:40:00,2026-07-07 14:45:48,-1.0602335297254057,5.8,Scooter,44,0.7838469512085445,High,Clear,Mumbra,-0.6085418949417631,True
TW104137,2026-07-16 10:23:00,2026-07-16 10:35:42,0.0876144678814855,12.7,Scooter,37,-1.0433689446789354,High,Rain,Vashi,-0.4082525139728578,True
TW102796,2026-07-29 14:10:00,2026-07-29 14:14:00,-0.19244466555524728,4.0,Scooter,23,-0.7823381024092951,Medium,Clear,Mumbra,-0.9012725286655479,True
TW104875,2026-07-16 15:57:00,2026-07-16 16:01:54,-1.2219578180480262,4.9,Scooter,20,-0.26027641787001443,Low,Clear,Mulund,0.3929050099027636,True
TW101886,2026-07-03 20:51:00,2026-07-03 20:59:12,-0.13327724299819105,8.2,Electric Scooter,41,-1.0433689446789354,Medium,Overcast,Mulund,-0.5879993943295678,True
TW103659,2026-07-09 20:04:00,2026-07-09 20:35:24,2.550951493673595,31.4,Scooter,23,0.7838469512085445,Low,Rain,Dombivli,2.6012238257137716,False
TW103615,2026-07-02 16:57:00,2026-07-02 17:02:12,-0.7998968704743582,5.2,Motorcycle,31,1.3059086357478251,Medium,Clear,Vashi,0.7934837718405745,True
TW103519,2026-07-10 21:26:00,2026-07-10 21:44:00,0.9987927752601521,18.0,Motorcycle,34,-1.0433689446789354,High,Overcast,Navi Mumbai,-0.3671675127484669,True
TW102397,2026-07-26 17:13:00,2026-07-26 17:18:42,-0.6736730356859716,5.7,Motorcycle,25,-0.5213072601396559,High,Clear,Thane West,-0.2387768839222455,True
TW102093,2026-07-08 17:14:00,2026-07-08 17:18:00,-0.8590642930314144,4.0,Scooter,28,0.0007544243996247222,Low,Clear,Kalyan,-0.9218150292777434,True
TW102156,2026-07-25 04:35:00,2026-07-25 04:52:42,0.20200481815846094,17.7,Scooter,22,-0.7823381024092951,Low,Clear,Vashi,-0.15660688147346385,True
TW103689,2026-07-13 16:51:00,2026-07-13 16:55:00,-1.35212614767355,4.0,Scooter,38,1.044877793478186,Medium,Clear,Mulund,-0.9218150292777434,True
TW100029,2026-07-26 11:32:00,2026-07-26 11:52:18,1.2906853932082964,20.3,Motorcycle,33,0.0007544243996247222,Low,Rain,Kalyan,0.02827562403629489,True
TW104277,2026-07-20 20:52:00,2026-07-20 21:24:30,2.4227554114666394,32.5,Scooter,32,-1.3043997869485757,Medium,Rain,Mulund,0.07449625041373474,False
TW102669,2026-07-17 23:11:00,2026-07-17 23:18:24,-0.8945647465656483,7.4,Scooter,23,0.2617852666692662,Medium,Rain,Bhandup,1.1940625337783854,True
TW103491,2026-07-11 09:22:00,2026-07-11 09:32:06,-0.1845556758809731,10.1,Motorcycle,36,-0.26027641787001443,Medium,Clear,Mumbra,2.842598207907068,True
TW104730,2026-07-08 05:08:00,2026-07-08 05:16:18,0.10339244723003385,8.3,Scooter,26,-0.26027641787001443,Medium,Clear,Ghodbunder Road,3.4434663508137837,True
TW104200,2026-07-03 02:01:00,2026-07-03 02:09:24,-0.46461480931770605,8.4,Electric Scooter,33,-0.26027641787001443,Low,Clear,Bhandup,-0.2798618851466364,True
TW104156,2026-07-11 22:27:00,2026-07-11 22:38:42,0.26117224071551737,11.7,Scooter,26,-0.26027641787001443,High,Clear,Ghodbunder Road,-0.048758753259437904,True
TW100490,2026-07-24 04:59:00,2026-07-24 05:16:36,0.3400621374582591,17.6,Motorcycle,36,-0.26027641787001443,Low,Clear,Mumbra,0.9783662773503332,True
TW100315,2026-07-26 04:07:00,2026-07-26 04:19:36,-0.7486184375915762,12.6,Scooter,34,0.0007544243996247222,Medium,Clear,Mulund,-0.3414893869832226,True
TW101474,2026-07-03 00:30:00,2026-07-03 00:37:54,-0.19244466555524728,7.9,Scooter,22,0.5228161089389054,High,Clear,Airoli,-0.20282750785090348,True
TW100381,2026-07-09 03:35:00,2026-07-09 03:44:36,-0.6855065201973828,9.6,Scooter,33,-1.3043997869485757,Low,Overcast,Bhandup,-0.21823438331005007,True
TW104518,2026-07-23 05:04:00,2026-07-23 05:20:00,0.8331239921003946,16.0,Motorcycle,44,0.5228161089389054,Medium,Rain,Vashi,-0.31067563606492954,True
TW103811,2026-07-28 00:30:00,2026-07-28 00:47:00,-0.20822264490379563,17.0,Motorcycle,39,-1.565430629218215,Low,Overcast,Airoli,-0.4852868912685906,True
TW103595,2026-07-17 22:07:00,2026-07-17 22:11:42,-1.2850697354422196,4.7,Electric Scooter,41,0.2617852666692662,High,Clear,Mulund,1.1735200331661901,True
TW100445,2026-07-06 07:36:00,2026-07-06 08:14:12,2.550951493673595,38.2,Scooter,38,-0.5213072601396559,High,Clear,Navi Mumbai,-0.08984375448382867,False
TW104759,2026-07-18 07:45:00,2026-07-18 07:49:00,-1.2337913025594376,4.0,Motorcycle,26,0.0007544243996247222,Low,Clear,Airoli,1.5997769208692452,True
TW104072,2026-07-27 10:38:00,2026-07-27 10:48:12,-0.20427815006665864,10.2,Motorcycle,26,-0.26027641787001443,Medium,Clear,Thane West,-0.6907118973905447,True
TW100626,2026-07-18 01:23:00,2026-07-18 01:31:30,-0.2634455726237149,8.5,Motorcycle,22,1.044877793478186,Medium,Overcast,Navi Mumbai,-0.35689626244236916,True
TW101112,2026-07-27 02:15:00,2026-07-27 02:34:00,1.4563541763680539,19.0,Scooter,37,-1.8264614714878553,Medium,Clear,Mumbra,-0.28499751029968523,True
TW101484,2026-07-11 02:36:00,2026-07-11 02:40:00,-1.4310160444162918,4.0,Electric Scooter,23,-1.0433689446789354,Medium,Clear,Bhandup,0.45966813689239894,True
TW104364,2026-07-02 12:14:00,2026-07-02 12:31:12,0.3124506735982994,17.2,Electric Scooter,35,0.2617852666692662,Low,Clear,Vashi,-0.33121813667712485,True
TW102977,2026-07-02 10:48:00,2026-07-02 11:03:36,0.8173460127518463,15.6,Electric Scooter,34,-1.8264614714878553,Medium,Clear,Vashi,0.6496862675552064,True
TW103195,2026-07-13 18:35:00,2026-07-13 18:39:00,-1.072067014236817,4.0,Scooter,22,-0.26027641787001443,Medium,Clear,Airoli,-0.5366431427990792,True
TW103805,2026-07-13 13:49:00,2026-07-13 13:53:00,-0.8314528291714549,4.0,Motorcycle,32,1.8279703202871058,Medium,Clear,Airoli,-0.9218150292777434,True
TW100011,2026-07-03 15:35:00,2026-07-03 15:45:24,-0.9773991381455269,10.4,Scooter,36,1.5669394780174666,Medium,Clear,Ghodbunder Road,0.5058887632698386,True
TW104210,2026-07-28 19:59:00,2026-07-28 20:10:48,-0.3423354693664564,11.8,Motorcycle,41,0.2617852666692662,High,Clear,Kalyan,0.0950387510259302,True
TW100843,2026-07-11 19:37:00,2026-07-11 20:17:18,2.550951493673595,40.3,Motorcycle,22,-1.8264614714878553,Medium,Clear,Vashi,1.7795238012259549,False
TW101452,2026-07-16 14:17:00,2026-07-16 14:21:00,-0.9221762104256078,4.0,Scooter,43,0.2617852666692662,Medium,Clear,Mumbra,-0.7369325237679845,True
TW101973,2026-07-14 04:00:00,2026-07-14 04:21:00,0.5136199102922906,21.0,Scooter,32,-0.26027641787001443,Low,Clear,Mumbra,-0.9218150292777434,True
TW101788,2026-07-28 22:31:00,2026-07-28 22:36:18,-1.2140688283737522,5.3,Scooter,24,-1.3043997869485757,Medium,Clear,Dombivli,-0.048758753259437904,True
TW102400,2026-07-18 10:29:00,2026-07-18 10:53:00,1.1171276203742646,24.0,Scooter,36,1.3059086357478251,Medium,Rain,Airoli,3.4434663508137837,True
TW102700,2026-07-15 22:26:00,2026-07-15 22:37:42,-0.062276335929723654,11.7,Electric Scooter,28,-0.5213072601396559,Medium,Clear,Airoli,0.14639500255641857,True
TW100773,2026-07-22 15:25:00,2026-07-22 15:30:24,-1.261402766419397,5.4,Motorcycle,40,0.0007544243996247222,High,Clear,Ghodbunder Road,-0.793424400451522,True
TW104786,2026-07-07 19:45:00,2026-07-07 19:49:00,-0.46461480931770605,4.0,Electric Scooter,24,-1.0433689446789354,High,Clear,Thane West,0.16180187801556525,True
TW100790,2026-07-09 09:48:00,2026-07-09 10:01:06,-0.3462799642035936,13.1,Motorcycle,24,0.5228161089389054,High,Clear,Kalyan,-0.31067563606492954,True
TW102915,2026-07-13 01:23:00,2026-07-13 01:27:00,-1.2337913025594376,4.0,Scooter,22,0.0007544243996247222,Low,Clear,Thane West,0.31587063260703085,True
TW104265,2026-07-01 23:43:00,2026-07-01 23:49:42,-0.9221762104256078,6.7,Scooter,44,0.0007544243996247222,Low,Clear,Ghodbunder Road,-0.9218150292777434,True
TW103349,2026-07-29 05:35:00,2026-07-29 06:02:48,1.4326872073452313,27.8,Scooter,28,0.5228161089389054,Low,Rain,Ghodbunder Road,-0.7985600256045708,False
TW102121,2026-07-12 12:16:00,2026-07-12 12:38:30,0.4820639515951939,22.5,Scooter,40,0.0007544243996247222,Medium,Overcast,Ghodbunder Road,-0.4544731403502974,True
TW101553,2026-07-14 20:45:00,2026-07-14 20:53:42,-0.9892326226569382,8.7,Electric Scooter,19,-0.26027641787001443,Medium,Clear,Kalyan,-0.16687813177956157,True
TW103134,2026-07-06 00:29:00,2026-07-06 00:33:36,-0.8314528291714549,4.6,Electric Scooter,37,-0.5213072601396559,Medium,Clear,Dombivli,-0.38771001336066235,True
TW104846,2026-07-26 02:18:00,2026-07-26 02:30:24,-0.1293327481610539,12.4,Motorcycle,21,0.0007544243996247222,Low,Clear,Thane West,-0.9115437789716456,True
TW102878,2026-07-10 01:24:00,2026-07-10 01:28:00,-0.7604519221029874,4.0,Scooter,44,1.8279703202871058,Medium,Overcast,Bhandup,-0.7163900231557891,True
TW101819,2026-07-12 18:36:00,2026-07-12 18:40:00,-1.0365665607025834,4.0,Scooter,25,-0.5213072601396559,Low,Clear,Vashi,-0.8961369035124991,True
TW102810,2026-07-11 18:53:00,2026-07-11 19:03:30,-0.6223946028031894,10.5,Motorcycle,35,-0.26027641787001443,Medium,Clear,Mulund,-0.2747262599935875,True
TW100591,2026-07-30 06:31:00,2026-07-30 06:47:54,-0.003108913372667253,16.9,Scooter,33,0.2617852666692662,Medium,Clear,Ghodbunder Road,3.5256363532625654,True
TW101044,2026-07-07 05:28:00,2026-07-07 05:35:42,-0.4251698609463352,7.7,Motorcycle,24,-1.0433689446789354,Medium,Clear,Mumbra,0.8088906472997209,True
TW104040,2026-07-07 19:29:00,2026-07-07 19:42:30,-0.5908386441060929,13.5,Motorcycle,38,0.2617852666692662,Low,Rain,Navi Mumbai,-0.6085418949417631,True
TW104748,2026-07-02 18:50:00,2026-07-02 18:55:24,-1.0365665607025834,5.4,Motorcycle,36,-1.565430629218215,Low,Rain,Vashi,0.08476750071983247,True
TW100244,2026-07-21 09:50:00,2026-07-21 09:58:00,-0.5198377370376253,8.0,Scooter,32,0.0007544243996247222,Low,Clear,Navi Mumbai,-0.8499162771350594,True
TW101387,2026-07-06 19:39:00,2026-07-06 19:46:36,-0.8235638394971807,7.6,Scooter,35,0.2617852666692662,Medium,Overcast,Vashi,-0.6393556458600562,True
TW102022,2026-07-30 23:41:00,2026-07-30 23:48:00,-0.49222627317766576,7.0,Motorcycle,38,1.3059086357478251,Low,Rain,Kalyan,0.6702287681674018,True
TW100059,2026-07-28 07:10:00,2026-07-28 07:14:00,-1.3442371579992758,4.0,Scooter,36,0.5228161089389054,Medium,Rain,Thane West,-0.06416562871858436,True
TW100176,2026-07-24 01:52:00,2026-07-24 02:06:54,1.0540157029800712,14.9,Motorcycle,23,1.3059086357478251,Medium,Clear,Navi Mumbai,-0.39798126366676007,True
TW104081,2026-07-08 14:20:00,2026-07-08 14:24:06,-0.8708977775428258,4.1,Motorcycle,41,1.3059086357478251,Medium,Clear,Bhandup,0.5726518902594736,True
TW100055,2026-07-29 15:41:00,2026-07-29 15:51:12,0.0442250246729778,10.2,Scooter,26,-0.5213072601396559,Medium,Overcast,Thane West,3.130193216477804,True
TW103457,2026-07-19 10:30:00,2026-07-19 11:01:48,2.550951493673595,31.8,Scooter,26,1.044877793478186,Low,Clear,Ghodbunder Road,-0.6958475225435937,False
TW101768,2026-07-03 16:52:00,2026-07-03 17:00:30,-0.23188961392661817,8.5,Scooter,33,1.5669394780174666,Low,Rain,Thane West,-0.9218150292777434,True
TW101737,2026-07-13 20:46:00,2026-07-13 20:57:48,-0.29105703648367437,11.8,Motorcycle,38,1.8279703202871058,Low,Rain,Navi Mumbai,-0.9218150292777434,True
TW103240,2026-07-25 17:07:00,2026-07-25 17:22:24,0.4465634980609602,15.4,Electric Scooter,37,0.0007544243996247222,Low,Clear,Bhandup,1.2248762846966785,True
TW104737,2026-07-14 17:17:00,2026-07-14 17:36:06,1.0342932287943858,19.1,Motorcycle,42,1.044877793478186,Low,Clear,Ghodbunder Road,-0.11038625509602411,True
