distance_km,package_weight_kg,num_stops,rider_experience_years,rider_rating,is_peak_hour,fuel_level_pct,traffic_level_Low,traffic_level_Medium,traffic_level_Severe,weather_Extreme_Heat,weather_Fog,weather_Rain,time_of_day_Evening,time_of_day_Morning,time_of_day_Night,day_of_week_Mon,day_of_week_Sat,day_of_week_Sun,day_of_week_Thu,day_of_week_Tue,day_of_week_Wed,area_type_Suburban,area_type_Urban,vehicle_type_Motorcycle,vehicle_type_Scooter,actual_delivery_time_minutes,predicted_delivery_time_minutes,absolute_error
7.83,4.28,0,0.9,3.99,0,66.5,False,True,False,False,False,False,False,False,True,False,False,False,False,False,True,False,True,True,False,30.53,37.82,7.29
4.11,2.06,1,1.7,4.26,0,99.1,True,False,False,False,False,False,False,True,False,False,False,False,True,False,False,False,True,False,False,25.61,23.22,2.39
6.88,2.3,2,1.8,4.75,0,61.2,True,False,False,False,True,False,False,False,False,False,False,False,True,False,False,True,False,False,True,44.38,42.43,1.95
3.74,1.07,0,0.0,4.01,0,88.0,False,True,False,False,False,False,False,False,False,False,False,False,False,True,False,True,False,False,True,23.44,21.24,2.2
1.84,0.91,0,1.7,4.99,1,36.2,False,False,True,False,False,False,True,False,False,False,False,False,False,True,False,False,True,False,False,32.55,33.4,0.85
6.62,1.73,0,2.5,4.52,1,98.7,False,True,False,False,False,False,False,False,False,True,False,False,False,False,False,False,True,False,True,38.03,37.03,1.0
3.08,2.4,0,2.3,3.68,0,85.4,True,False,False,False,False,True,False,True,False,False,True,False,False,False,False,False,True,False,True,21.15,22.35,1.2
2.99,0.28,1,4.0,4.59,1,36.7,False,True,False,False,False,True,True,False,False,False,True,False,False,False,False,False,True,False,True,41.24,34.34,6.9
3.7,0.21,0,1.6,3.86,0,52.0,True,False,False,False,True,False,False,False,True,False,False,False,False,False,False,True,False,False,True,22.3,24.61,2.31
1.35,9.36,0,0.0,4.49,1,18.1,True,False,False,False,False,False,False,False,False,False,False,False,False,False,True,False,True,False,True,21.65,18.83,2.82
1.35,0.7,1,1.7,3.8,1,31.5,False,True,False,False,False,False,False,False,False,False,False,False,False,False,False,False,True,False,True,28.17,23.96,4.21
7.89,0.73,0,0.7,4.15,0,37.2,False,False,False,False,False,False,False,True,False,False,True,False,False,False,False,False,True,False,True,37.43,42.73,5.3
3.37,0.55,1,2.3,4.3,0,81.9,False,True,False,False,False,False,False,True,False,False,False,False,True,False,False,True,False,False,True,24.2,22.67,1.53
2.51,6.87,1,2.3,4.6,0,88.2,True,False,False,False,False,False,False,True,False,True,False,False,False,False,False,False,False,True,False,24.97,15.27,9.7
4.3,0.21,0,0.7,4.41,0,95.3,False,True,False,False,True,False,False,False,True,False,False,False,False,True,False,False,True,True,False,28.23,32.57,4.34
3.64,2.68,1,0.1,4.43,0,71.7,False,True,False,False,False,True,False,False,True,False,False,False,False,False,True,True,False,False,True,34.22,30.83,3.39
3.02,0.27,0,3.5,4.34,0,83.3,True,False,False,False,False,False,False,True,False,False,False,False,False,True,False,False,False,False,True,12.15,11.49,0.66
9.86,2.0,2,2.7,3.9,1,65.7,False,True,False,False,False,False,False,False,False,False,False,True,False,False,False,False,True,True,False,54.41,55.49,1.08
3.96,1.67,1,0.9,4.24,0,13.9,False,True,False,False,False,False,True,False,False,False,False,True,False,False,False,False,True,True,False,30.01,28.54,1.47
4.25,11.16,0,2.0,4.19,1,25.3,False,False,True,False,False,False,True,False,False,False,False,True,False,False,False,False,True,False,True,41.17,43.78,2.61
5.46,0.44,1,0.4,4.61,1,11.8,True,False,False,False,False,True,True,False,False,False,False,True,False,False,False,True,False,False,True,39.9,37.88,2.02
1.08,0.62,0,0.4,4.02,1,80.2,True,False,False,False,False,False,False,False,False,False,False,False,False,False,False,True,False,True,False,8.25,13.22,4.97
7.41,5.55,1,1.7,4.54,0,42.4,False,False,False,True,False,False,False,False,False,False,False,False,True,False,False,True,False,True,False,44.95,45.87,0.92
12.68,3.09,0,6.9,4.04,1,85.5,True,False,False,False,False,False,False,False,False,False,False,False,False,False,True,True,False,True,False,52.56,50.15,2.41
2.91,4.93,1,2.7,3.55,0,89.3,True,False,False,False,False,True,False,False,True,False,False,False,False,True,False,False,True,False,True,24.37,25.21,0.84
5.41,3.76,0,2.2,3.9,0,82.7,False,True,False,False,False,False,False,True,False,False,False,False,False,False,False,False,True,False,False,28.04,28.89,0.85
6.28,2.07,0,1.2,3.96,0,65.5,True,False,False,False,False,False,False,False,True,False,True,False,False,False,False,True,False,True,False,23.22,25.87,2.65
4.93,0.23,0,3.8,4.13,0,50.6,True,False,False,False,False,False,True,False,False,False,True,False,False,False,False,True,False,False,True,19.54,20.21,0.67
2.64,3.83,0,1.1,4.14,1,95.7,False,False,False,False,False,False,True,False,False,False,False,False,False,False,False,False,True,True,False,28.16,29.87,1.71
6.28,1.51,0,0.1,4.62,0,23.9,True,False,False,False,False,False,False,True,False,False,False,False,True,False,False,False,True,True,False,26.79,28.52,1.73
6.48,7.14,0,0.2,4.69,0,74.1,False,False,False,True,False,False,False,False,False,True,False,False,False,False,False,False,True,False,True,44.99,41.71,3.28
1.52,1.48,0,0.6,4.41,1,53.0,False,False,False,False,False,False,False,False,False,False,False,False,True,False,False,False,True,False,True,25.05,25.98,0.93
3.42,0.29,0,3.1,4.22,0,12.7,False,True,False,False,False,False,False,True,False,False,False,False,True,False,False,False,True,False,True,25.23,21.86,3.37
0.9,2.46,0,5.1,4.66,1,82.6,False,True,False,False,False,False,True,False,False,False,False,False,False,False,True,True,False,True,False,18.42,15.55,2.87
8.29,4.79,0,5.8,4.48,0,26.8,False,False,False,False,False,False,False,False,False,False,False,True,False,False,False,False,True,True,False,44.04,43.0,1.04
2.66,1.31,1,3.0,4.19,1,87.3,False,False,True,False,True,False,False,False,False,False,False,False,False,False,False,False,True,True,False,47.54,46.84,0.7
1.59,1.08,2,1.5,4.4,0,13.0,False,True,False,False,False,False,False,True,False,False,False,True,False,False,False,False,True,True,False,25.0,23.78,1.22
3.18,2.18,1,0.3,4.7,0,80.0,True,False,False,False,False,False,True,False,False,False,False,False,True,False,False,False,True,False,False,21.56,20.89,0.67
1.64,3.52,3,3.7,4.86,1,34.1,False,False,True,False,False,True,False,False,False,False,False,True,False,False,False,False,True,True,False,47.09,49.06,1.97
2.13,7.27,0,2.2,4.2,0,18.3,False,True,False,False,True,False,True,False,False,False,False,False,False,False,True,True,False,False,False,27.69,25.47,2.22
2.45,0.67,2,1.1,4.47,0,65.2,False,False,False,False,False,True,False,False,True,False,True,False,False,False,False,True,False,False,True,37.19,34.63,2.56
3.26,1.24,1,1.4,3.87,0,94.8,False,True,False,False,False,False,False,False,False,False,False,False,True,False,False,False,True,False,False,31.8,24.57,7.23
5.65,7.5,0,3.4,3.74,0,61.3,True,False,False,False,False,False,True,False,False,True,False,False,False,False,False,False,True,False,True,26.73,25.97,0.76
6.46,1.09,0,0.2,4.33,1,89.8,False,True,False,False,False,False,True,False,False,True,False,False,False,False,False,True,False,False,True,31.59,35.39,3.8
6.3,3.06,1,1.1,5.0,0,96.1,False,True,False,False,False,True,True,False,False,False,False,False,False,False,True,True,False,True,False,39.59,39.38,0.21
9.47,5.66,2,0.4,4.16,0,99.0,False,True,False,False,False,True,False,False,True,False,False,False,False,False,False,True,False,False,True,56.2,54.01,2.19
2.44,0.32,0,0.2,4.56,1,52.0,False,False,False,False,False,False,True,False,False,False,False,False,True,False,False,True,False,False,True,30.99,27.04,3.95
4.48,0.9,0,0.7,4.69,0,96.4,False,False,True,False,False,False,False,True,False,False,False,False,True,False,False,True,False,False,True,33.76,34.84,1.08
1.72,5.97,1,1.3,4.35,1,21.2,True,False,False,False,False,False,True,False,False,False,False,False,False,True,False,False,False,False,True,15.15,18.47,3.32
1.48,0.94,2,1.5,4.08,0,26.7,False,False,False,False,False,True,True,False,False,False,True,False,False,False,False,False,False,True,False,29.59,30.33,0.74
2.57,1.72,0,3.0,3.96,0,78.3,False,True,False,False,True,False,False,False,True,False,False,False,True,False,False,True,False,True,False,19.41,24.43,5.02
12.17,1.28,1,0.3,4.68,1,49.7,False,True,False,False,False,False,True,False,False,False,False,False,False,False,False,False,False,True,False,47.3,57.05,9.75
2.79,2.29,0,1.9,4.84,0,46.7,False,False,True,False,False,False,True,False,False,False,False,True,False,False,False,True,False,True,False,33.14,29.9,3.24
10.31,6.33,0,1.0,4.36,0,51.6,False,False,False,False,True,False,False,False,True,False,False,True,False,False,False,True,False,False,True,56.26,57.33,1.07
4.26,3.0,2,2.0,4.4,0,48.4,True,False,False,False,False,True,False,True,False,True,False,False,False,False,False,False,True,False,True,36.67,33.86,2.81
5.5,0.82,0,0.4,3.88,0,92.0,True,False,False,False,False,False,True,False,False,False,False,False,False,False,True,False,True,False,True,24.49,24.94,0.45
2.17,0.34,0,1.6,5.0,1,82.4,False,False,True,True,False,False,False,False,False,False,False,False,False,False,True,False,True,False,True,35.92,36.94,1.02
7.78,5.1,1,9.1,3.58,0,78.7,True,False,False,False,False,False,False,False,False,False,False,True,False,False,False,False,True,True,False,32.86,33.85,0.99
3.56,7.29,2,0.9,4.14,0,22.8,False,True,False,False,False,False,False,False,False,True,False,False,False,False,False,False,False,False,True,26.69,27.87,1.18
4.14,0.2,0,8.9,3.84,0,53.5,False,True,False,False,False,False,False,False,True,False,False,True,False,False,False,False,True,False,True,23.81,21.55,2.26
5.69,0.25,1,2.1,4.76,1,74.8,False,False,False,False,False,False,True,False,False,False,True,False,False,False,False,False,True,True,False,44.6,42.86,1.74
5.65,4.94,0,7.3,4.32,1,60.5,False,False,False,False,False,False,False,False,False,False,False,False,False,False,False,True,False,False,True,30.27,36.14,5.87
3.71,0.55,0,1.3,4.46,0,59.3,False,True,False,False,False,False,False,False,True,False,False,True,False,False,False,False,False,False,True,17.54,19.21,1.67
8.12,0.39,0,6.4,4.41,1,47.9,False,True,False,False,True,False,False,False,False,False,False,False,False,True,False,False,True,False,False,60.72,48.84,11.88
4.57,2.12,0,1.0,4.41,0,49.9,False,True,False,False,False,True,False,True,False,False,True,False,False,False,False,True,False,True,False,31.44,30.56,0.88
12.76,3.18,0,5.2,4.16,0,82.0,True,False,False,True,False,False,False,False,False,False,False,False,False,False,True,False,True,False,True,47.37,50.96,3.59
3.94,0.47,1,1.1,4.08,0,54.7,False,False,False,False,True,False,True,False,False,False,False,False,False,False,True,True,False,False,False,34.8,38.49,3.69
7.9,3.54,4,1.3,4.93,0,36.4,False,True,False,False,False,True,False,False,False,False,False,False,False,True,False,True,False,False,True,54.41,55.72,1.31
3.78,0.38,0,0.6,3.61,0,43.7,False,False,False,False,False,False,True,False,False,False,False,False,False,True,False,True,False,True,False,24.39,26.67,2.28
3.05,2.88,0,10.1,4.15,0,49.0,True,False,False,False,False,False,False,False,True,False,False,False,False,False,False,False,True,False,True,9.71,13.88,4.17
3.49,3.82,0,0.5,4.47,0,94.7,False,True,False,False,True,False,False,False,False,False,False,False,False,False,False,False,True,False,False,32.71,30.84,1.87
2.45,1.9,0,3.2,4.27,0,66.8,False,True,False,False,False,False,False,True,False,False,False,False,False,True,False,True,False,False,True,15.6,16.22,0.62
9.83,0.61,1,1.2,4.68,0,14.8,False,True,False,False,True,False,True,False,False,True,False,False,False,False,False,False,True,False,True,61.95,55.69,6.26
1.05,5.64,0,3.8,4.52,0,70.7,False,False,False,False,False,False,False,False,True,False,True,False,False,False,False,False,True,True,False,17.66,19.19,1.53
4.87,1.51,1,2.6,4.09,0,88.2,False,True,False,False,False,False,False,True,False,False,False,False,False,False,False,False,True,False,True,33.47,29.92,3.55
5.74,1.8,0,4.8,4.43,0,49.2,True,False,False,False,False,True,False,True,False,True,False,False,False,False,False,False,True,True,False,31.96,30.55,1.41
8.36,4.83,0,3.5,3.28,1,25.7,False,True,False,True,False,False,False,False,False,False,False,False,True,False,False,False,True,False,True,49.1,46.93,2.17
1.81,2.52,0,2.7,4.92,0,35.1,False,False,True,False,False,False,False,True,False,False,False,False,False,False,True,False,True,False,True,27.31,28.53,1.22
5.16,1.26,0,3.3,4.46,0,34.3,False,False,True,False,False,False,False,True,False,False,False,True,False,False,False,False,True,False,True,42.52,39.16,3.36
4.92,0.83,0,0.8,4.18,0,64.2,False,True,False,False,False,False,False,True,False,False,False,False,False,False,False,True,False,True,False,26.12,25.5,0.62
2.18,2.05,0,1.4,4.05,0,30.6,True,False,False,False,False,True,False,False,False,False,False,True,False,False,False,False,True,True,False,17.76,20.16,2.4
3.55,2.96,0,2.1,4.31,0,60.4,True,False,False,False,False,False,False,True,False,False,True,False,False,False,False,False,True,False,True,13.1,18.67,5.57
7.42,2.27,0,0.4,4.73,1,20.3,False,True,False,False,False,True,False,False,False,False,True,False,False,False,False,True,False,False,True,44.43,45.56,1.13
2.97,0.28,1,1.1,4.13,1,55.6,False,False,False,False,False,True,True,False,False,False,False,True,False,False,False,False,True,False,True,39.13,39.85,0.72
3.21,2.91,1,2.2,4.15,1,98.7,True,False,False,False,False,False,False,False,False,False,False,True,False,False,False,True,False,True,False,18.41,23.37,4.96
4.23,3.73,2,0.4,4.52,0,66.3,True,False,False,False,False,False,False,True,False,False,False,False,False,False,False,False,False,False,True,21.18,24.89,3.71
2.92,6.83,3,1.6,5.0,0,57.7,False,False,False,False,False,False,False,True,False,False,False,False,False,False,False,True,False,True,False,35.81,35.31,0.5
1.73,0.94,0,1.6,4.43,0,86.1,True,False,False,False,False,False,False,False,True,False,True,False,False,False,False,False,False,False,True,8.5,8.13,0.37
2.93,0.83,0,0.0,4.9,0,80.6,False,False,False,False,False,True,False,True,False,False,False,False,True,False,False,False,True,False,True,33.37,31.25,2.12
2.72,12.47,2,3.1,4.36,0,15.2,True,False,False,False,False,False,False,True,False,False,False,True,False,False,False,False,True,False,True,32.61,24.96,7.65
2.1,0.63,0,1.6,3.76,0,83.6,False,True,False,False,False,False,False,True,False,False,False,False,True,False,False,True,False,False,True,18.66,15.16,3.5
2.97,0.9,0,2.8,4.34,0,66.4,True,False,False,False,True,False,True,False,False,False,False,False,True,False,False,True,False,True,False,23.72,21.71,2.01
6.11,0.52,0,1.6,4.27,0,35.1,False,False,False,False,False,True,False,True,False,False,False,False,False,False,True,True,False,False,True,41.15,40.09,1.06
3.87,2.65,0,0.9,4.35,0,63.2,True,False,False,False,True,False,False,True,False,False,False,False,False,True,False,False,True,True,False,25.96,27.87,1.91
2.42,1.43,0,2.3,4.21,1,57.7,True,False,False,False,True,False,True,False,False,False,False,False,False,False,True,True,False,False,False,19.62,25.41,5.79
7.23,0.43,1,1.0,4.12,0,22.8,False,False,False,False,False,False,False,False,True,True,False,False,False,False,False,True,False,False,False,36.77,41.7,4.93
1.73,1.76,1,7.3,4.22,0,60.1,True,False,False,False,False,False,False,False,False,False,False,False,False,False,True,True,False,False,True,13.74,11.78,1.96
1.94,1.25,1,8.3,4.56,0,65.0,False,True,False,False,False,True,False,True,False,False,False,True,False,False,False,True,False,True,False,24.94,21.98,2.96
3.37,0.68,0,1.8,4.59,1,58.4,False,False,False,False,False,True,False,False,False,False,False,False,False,True,False,True,False,False,True,38.02,35.26,2.76
3.21,0.88,1,1.5,4.26,0,79.9,True,False,False,False,False,False,False,False,True,False,True,False,False,False,False,False,True,True,False,20.39,20.56,0.17
3.15,1.2,0,0.7,4.52,1,44.1,False,False,False,False,False,False,True,False,False,False,True,False,False,False,False,False,True,False,True,30.03,31.83,1.8
5.22,0.68,1,0.1,3.96,0,38.6,False,False,False,False,False,False,False,True,False,False,False,False,True,False,False,False,True,False,True,36.08,37.2,1.12
2.44,4.83,0,10.4,3.96,1,76.3,True,False,False,False,False,False,False,False,False,True,False,False,False,False,False,False,False,False,False,11.95,13.03,1.08
2.73,1.07,2,0.1,4.45,0,49.7,True,False,False,False,False,True,False,False,False,False,False,False,True,False,False,True,False,True,False,27.0,26.95,0.05
3.45,0.39,0,2.6,3.85,0,68.4,False,True,False,False,False,False,False,False,False,False,True,False,False,False,False,False,True,True,False,21.04,21.82,0.78
5.85,3.24,1,2.2,3.74,0,64.1,False,False,True,False,False,False,False,False,True,False,True,False,False,False,False,False,True,True,False,46.12,45.61,0.51
2.85,0.93,0,2.8,4.03,1,44.9,False,False,False,False,False,False,False,False,False,False,True,False,False,False,False,False,True,True,False,26.51,30.04,3.53
2.46,3.21,0,2.8,4.65,0,45.5,False,False,False,False,False,True,True,False,False,False,True,False,False,False,False,False,True,False,True,29.45,29.9,0.45
6.34,2.48,1,10.4,4.72,1,95.3,False,False,False,False,False,False,False,False,False,False,False,False,False,False,False,False,True,True,False,40.63,41.96,1.33
3.95,2.24,0,4.2,4.17,0,68.9,True,False,False,False,False,False,False,False,True,False,False,False,False,False,True,False,True,True,False,11.28,18.88,7.6
3.6,1.99,0,0.7,4.67,0,79.1,False,False,False,False,False,False,False,True,False,False,False,False,True,False,False,False,False,False,False,25.08,24.01,1.07
1.26,0.99,0,0.4,3.84,0,98.3,False,False,True,False,False,False,False,False,True,False,False,False,True,False,False,True,False,True,False,24.49,24.15,0.34
2.53,8.84,1,3.9,4.14,0,44.0,True,False,False,False,False,False,False,True,False,True,False,False,False,False,False,True,False,True,False,22.77,17.45,5.32
11.03,1.15,0,0.6,4.06,0,54.3,False,False,False,False,False,False,False,True,False,False,False,False,False,True,False,False,True,True,False,62.92,52.97,9.95
3.6,4.52,1,0.5,3.88,1,61.5,False,True,False,False,False,True,True,False,False,False,False,False,True,False,False,True,False,True,False,42.63,36.07,6.56
11.36,2.45,1,10.7,4.62,0,59.7,False,True,False,False,False,True,False,True,False,False,False,False,True,False,False,True,False,True,False,54.76,52.83,1.93
1.58,1.23,1,1.6,3.83,0,41.0,False,True,False,False,True,False,False,False,True,False,False,False,True,False,False,False,True,False,True,25.59,27.45,1.86
3.03,1.95,1,0.2,4.77,0,17.4,True,False,False,False,False,False,True,False,False,True,False,False,False,False,False,True,False,False,True,19.44,19.3,0.14
3.05,7.87,0,2.1,4.53,1,16.0,False,False,True,True,False,False,False,False,False,False,True,False,False,False,False,False,True,True,False,47.32,42.31,5.01
2.66,3.9,1,4.0,4.19,0,67.0,False,False,True,False,False,False,False,False,True,True,False,False,False,False,False,False,True,True,False,31.09,34.14,3.05
1.87,7.54,0,0.3,4.78,0,15.2,False,False,True,False,False,True,False,False,True,True,False,False,False,False,False,False,True,False,True,38.74,36.4,2.34
11.09,1.02,2,3.6,4.2,0,14.0,False,True,False,False,False,False,False,False,True,False,False,False,False,False,True,False,True,False,True,57.11,54.68,2.43
1.24,1.05,0,3.2,4.17,1,34.2,False,False,True,False,False,False,False,False,False,False,False,False,True,False,False,False,True,False,False,26.89,30.82,3.93
4.69,1.67,2,5.5,3.97,0,39.7,False,False,False,False,False,False,False,True,False,False,False,False,True,False,False,False,True,True,False,31.58,37.23,5.65
3.83,1.48,1,0.1,4.36,1,17.7,True,False,False,False,False,False,False,False,False,False,False,True,False,False,False,True,False,False,True,32.02,26.87,5.15
5.78,0.38,0,1.7,4.52,0,12.0,False,False,False,True,False,False,False,False,True,False,False,False,False,False,True,False,False,True,False,32.52,34.64,2.12
5.4,0.92,0,1.5,4.93,0,46.9,False,False,False,True,False,False,False,True,False,False,False,False,False,False,True,True,False,False,True,35.63,34.85,0.78
8.68,9.4,0,1.2,3.74,0,97.7,False,True,False,False,False,False,False,False,True,False,False,False,False,False,False,False,True,False,True,43.21,41.07,2.14
5.61,0.45,0,7.3,4.48,1,55.2,False,True,False,False,False,False,False,False,False,True,False,False,False,False,False,False,True,False,True,34.08,32.14,1.94
6.53,0.49,1,0.7,3.61,1,20.2,False,True,False,False,False,False,False,False,False,False,False,False,True,False,False,False,True,False,True,37.7,41.6,3.9
2.74,0.74,0,0.3,5.0,0,11.6,False,False,True,False,False,False,False,False,False,False,True,False,False,False,False,False,False,False,False,30.33,28.73,1.6
1.44,2.55,2,0.6,4.57,0,57.4,True,False,False,False,False,False,False,False,True,False,False,False,False,True,False,False,True,False,False,19.16,18.72,0.44
5.29,0.42,1,7.4,4.22,0,83.7,False,True,False,False,False,False,True,False,False,False,False,False,False,False,False,False,True,True,False,25.26,29.47,4.21
4.38,1.66,1,3.9,4.64,1,19.4,False,False,False,False,False,False,False,False,False,True,False,False,False,False,False,True,False,False,True,41.25,36.43,4.82
3.45,2.89,1,2.3,4.42,1,43.2,False,True,False,False,False,False,True,False,False,False,False,True,False,False,False,False,True,False,True,35.2,31.05,4.15
2.68,1.9,0,0.3,4.42,0,74.9,False,False,False,False,False,True,False,False,False,False,False,True,False,False,False,False,True,True,False,32.71,30.79,1.92
6.96,1.43,0,2.1,4.97,0,97.2,False,False,True,False,False,False,False,False,False,True,False,False,False,False,False,True,False,True,False,35.48,42.88,7.4
4.89,1.06,1,9.0,3.48,0,78.2,False,True,False,False,False,False,True,False,False,False,False,False,False,False,False,False,True,False,True,25.28,27.65,2.37
6.25,4.5,0,0.5,4.87,0,44.5,True,False,False,False,False,False,False,False,True,False,False,True,False,False,False,False,True,False,False,25.15,28.49,3.34
3.54,0.45,2,0.8,4.03,0,16.6,True,False,False,True,False,False,True,False,False,False,False,False,False,True,False,True,False,True,False,27.64,26.98,0.66
3.0,1.83,0,1.3,4.34,0,15.1,False,False,True,False,False,False,False,True,False,False,False,False,True,False,False,False,True,False,False,31.7,32.91,1.21
6.46,0.51,1,3.9,3.97,0,43.7,False,True,False,True,False,False,False,True,False,False,False,False,False,True,False,False,True,False,True,46.59,37.88,8.71
5.61,3.44,0,1.7,3.31,0,54.0,False,True,False,False,False,True,True,False,False,False,False,False,False,False,False,True,False,False,True,32.58,33.82,1.24
6.83,6.83,1,1.4,4.92,0,48.0,False,False,False,True,False,False,False,True,False,False,False,False,True,False,False,True,False,True,False,49.08,44.28,4.8
8.73,2.78,2,3.6,4.21,0,55.2,False,True,False,False,False,False,True,False,False,False,False,False,False,False,True,False,True,True,False,46.77,46.86,0.09
1.35,4.07,0,0.7,4.95,0,46.7,False,True,False,False,False,True,False,False,True,False,False,False,True,False,False,True,False,True,False,16.54,19.86,3.32
2.47,2.66,1,3.5,4.25,0,97.6,False,True,False,False,False,False,False,False,True,False,True,False,False,False,False,False,False,False,False,21.42,17.88,3.54
1.47,0.62,0,3.9,4.66,0,65.5,False,True,False,False,False,False,False,True,False,False,False,False,False,True,False,False,True,True,False,17.5,14.53,2.97
2.96,0.44,0,2.2,4.21,1,41.0,False,True,False,False,False,False,False,False,False,True,False,False,False,False,False,False,False,True,False,23.61,21.74,1.87
2.22,0.33,0,2.9,4.11,1,37.5,False,True,False,False,False,False,False,False,False,False,False,False,False,False,True,True,False,False,True,21.59,20.78,0.81
2.56,0.38,0,0.1,4.74,0,96.9,False,False,True,False,False,False,False,False,False,True,False,False,False,False,False,True,False,False,True,25.07,28.57,3.5
2.62,0.68,1,3.2,4.39,0,93.0,False,True,False,False,False,True,False,True,False,False,False,False,False,False,True,False,False,False,True,28.23,23.99,4.24
3.72,0.88,1,0.7,3.55,1,26.6,True,False,False,False,False,False,True,False,False,True,False,False,False,False,False,True,False,True,False,28.26,26.21,2.05
5.83,3.89,0,3.6,4.83,0,48.6,True,False,False,False,False,False,False,True,False,False,False,False,False,True,False,True,False,True,False,17.69,23.89,6.2
3.73,1.19,0,0.9,4.11,0,37.2,False,False,False,False,False,False,False,False,True,False,False,False,False,True,False,False,False,True,False,25.93,24.76,1.17
7.34,1.02,1,2.7,3.98,0,57.9,False,True,False,False,False,False,True,False,False,False,False,True,False,False,False,False,True,True,False,34.77,38.49,3.72
6.62,2.71,0,1.4,4.63,0,41.6,True,False,False,False,False,False,False,False,False,False,False,False,True,False,False,False,True,False,False,27.03,29.02,1.99
8.81,2.83,0,0.2,4.03,0,65.2,True,False,False,False,False,False,False,False,True,False,False,False,False,False,True,False,False,True,False,27.26,33.11,5.85
2.05,0.27,0,1.8,4.34,1,13.2,False,True,False,False,False,False,False,False,False,False,False,False,True,False,False,False,True,True,False,20.15,22.78,2.63
2.92,0.23,0,7.6,4.02,1,28.3,True,False,False,False,False,False,True,False,False,False,False,False,True,False,False,False,True,False,True,19.23,19.03,0.2
1.68,4.03,0,2.4,3.41,1,57.5,False,False,False,False,False,False,False,False,False,False,False,True,False,False,False,True,False,True,False,22.23,24.58,2.35
4.38,0.2,1,2.8,4.66,0,31.4,False,True,False,False,False,False,False,True,False,False,True,False,False,False,False,False,True,False,True,20.58,28.75,8.17
3.77,3.24,0,1.0,4.57,1,78.2,False,False,False,False,False,False,False,False,False,False,False,False,True,False,False,True,False,False,True,38.09,31.4,6.69
4.74,1.48,0,2.9,4.52,0,28.7,False,True,False,False,False,False,False,False,False,False,False,False,True,False,False,True,False,False,True,20.27,24.32,4.05
14.94,4.03,0,3.0,3.6,0,79.7,True,False,False,False,False,False,False,True,False,False,True,False,False,False,False,False,True,False,False,60.73,56.48,4.25
3.6,6.38,1,1.1,4.29,1,48.4,True,False,False,False,False,False,False,False,False,True,False,False,False,False,False,False,True,False,False,23.48,28.33,4.85
4.66,3.14,1,4.7,4.31,1,58.5,False,False,True,False,False,False,True,False,False,False,False,False,False,True,False,False,True,False,False,41.4,45.45,4.05
4.58,0.67,0,1.4,4.16,1,98.5,False,False,False,False,False,False,False,False,False,False,False,False,True,False,False,False,True,False,True,36.05,35.19,0.86
5.56,3.67,0,0.8,3.4,0,36.8,False,False,False,False,False,True,False,True,False,False,False,False,False,True,False,True,False,False,True,37.34,38.98,1.64
4.74,0.28,0,1.7,4.38,0,49.0,False,False,False,False,False,False,False,False,False,False,True,False,False,False,False,True,False,False,True,25.84,29.48,3.64
1.83,1.26,3,0.0,3.84,0,72.4,True,False,False,False,False,True,False,False,True,True,False,False,False,False,False,False,True,True,False,25.56,29.3,3.74
2.38,0.88,2,1.5,4.17,0,96.6,True,False,False,False,False,False,False,True,False,False,False,True,False,False,False,True,False,False,True,18.52,18.95,0.43
4.74,4.3,1,3.2,4.25,0,17.6,False,False,False,False,False,False,False,True,False,False,False,True,False,False,False,False,True,False,True,32.18,35.58,3.4
5.24,1.84,1,0.5,4.98,1,25.2,False,True,False,True,False,False,True,False,False,False,False,False,True,False,False,False,True,False,False,39.24,40.52,1.28
1.87,0.88,0,0.4,4.22,1,51.5,True,False,False,False,False,False,True,False,False,False,False,False,False,True,False,True,False,False,True,20.42,16.05,4.37
9.22,0.41,1,9.1,4.98,0,88.6,True,False,False,False,False,False,False,True,False,False,False,False,False,False,True,True,False,False,True,34.88,35.59,0.71
3.08,2.42,0,4.1,4.79,0,79.9,False,False,False,False,False,False,False,True,False,False,False,False,False,False,True,False,True,True,False,22.61,25.17,2.56
1.75,0.64,1,3.2,5.0,0,99.9,False,False,False,True,False,False,False,False,True,False,False,False,True,False,False,False,True,False,False,28.28,26.36,1.92
4.3,0.75,0,2.3,4.32,0,33.8,False,False,False,False,False,False,False,False,False,False,False,False,False,False,False,True,False,True,False,25.66,28.08,2.42
2.12,5.32,0,3.9,4.43,0,78.0,False,False,False,False,False,False,False,False,False,False,False,False,True,False,False,True,False,False,True,15.24,20.24,5.0
6.2,1.66,1,4.1,4.16,1,77.6,False,False,True,False,False,False,False,False,False,False,False,False,False,False,False,True,False,False,True,48.66,48.41,0.25
4.06,1.14,0,0.2,4.19,0,54.6,False,True,False,False,False,False,False,False,False,False,False,False,False,True,False,True,False,True,False,23.29,22.79,0.5
11.61,3.28,0,0.9,3.86,0,94.2,False,True,False,False,True,False,False,True,False,False,False,False,False,False,True,False,True,False,False,57.79,57.92,0.13
9.54,0.59,0,2.2,4.32,0,45.2,True,False,False,False,False,False,False,False,True,False,False,False,False,True,False,False,True,False,True,35.74,37.97,2.23
2.43,2.48,0,0.5,3.25,1,53.6,False,True,False,False,False,False,True,False,False,False,False,False,False,False,False,False,True,True,False,21.9,24.78,2.88
3.5,0.26,0,0.0,3.89,0,35.3,False,True,False,False,False,False,False,True,False,True,False,False,False,False,False,True,False,False,True,18.33,21.1,2.77
4.6,4.17,0,2.2,4.18,1,67.6,False,False,False,False,False,False,True,False,False,False,False,False,False,True,False,True,False,False,False,33.75,34.15,0.4
6.31,6.51,2,1.4,4.26,0,62.3,False,True,False,False,False,False,False,True,False,False,False,False,True,False,False,True,False,False,True,36.62,37.89,1.27
6.1,2.83,1,1.4,5.0,0,87.7,False,False,False,False,False,False,True,False,False,False,False,False,True,False,False,True,False,True,False,32.86,37.55,4.69
4.38,3.97,0,0.1,4.6,0,88.7,True,False,False,False,False,False,False,True,False,False,True,False,False,False,False,True,False,True,False,16.08,20.14,4.06
3.56,1.31,1,1.3,4.39,0,36.0,True,False,False,False,False,False,False,False,True,False,False,False,True,False,False,True,False,True,False,19.03,20.15,1.12
3.59,1.17,2,2.3,4.45,0,39.2,True,False,False,False,False,False,False,False,True,False,True,False,False,False,False,True,False,False,True,20.55,23.53,2.98
1.59,0.26,3,2.2,4.69,0,47.3,True,False,False,False,False,False,False,True,False,False,True,False,False,False,False,False,True,False,False,16.44,22.24,5.8
2.97,1.12,0,5.0,4.58,0,99.5,True,False,False,False,False,False,False,True,False,True,False,False,False,False,False,True,False,False,True,10.69,12.54,1.85
2.04,1.36,0,6.5,4.04,0,95.6,True,False,False,False,False,False,False,True,False,False,False,False,True,False,False,False,True,False,False,15.86,10.86,5.0
4.1,1.13,0,10.8,4.38,1,84.0,True,False,False,False,False,False,True,False,False,False,False,False,False,False,True,False,True,True,False,26.52,21.61,4.91
6.96,1.25,0,1.5,4.41,1,69.6,False,True,False,False,False,False,False,False,False,False,False,False,False,True,False,False,True,True,False,42.72,38.84,3.88
0.58,2.07,0,0.5,3.58,0,66.8,False,False,True,False,False,False,True,False,False,True,False,False,False,False,False,False,True,False,True,25.44,24.63,0.81
4.9,2.96,1,2.0,4.6,1,10.0,True,False,False,False,False,False,False,False,False,False,False,True,False,False,False,False,False,False,True,28.96,28.42,0.54
5.28,0.98,0,3.4,3.72,0,81.3,True,False,False,False,False,False,True,False,False,False,False,False,False,True,False,False,True,False,True,21.31,23.02,1.71
1.83,3.66,1,10.1,3.86,0,46.2,False,True,False,False,True,False,True,False,False,False,False,True,False,False,False,False,True,False,True,24.06,25.82,1.76
2.62,0.22,1,0.0,4.81,1,48.6,True,False,False,False,True,False,True,False,False,True,False,False,False,False,False,False,True,False,True,32.49,32.19,0.3
2.29,1.76,2,1.2,4.25,0,67.6,True,False,False,False,False,False,False,False,True,True,False,False,False,False,False,False,True,False,True,24.35,21.16,3.19
5.82,1.02,0,4.2,4.83,1,74.7,True,False,False,False,False,False,False,False,False,False,False,False,False,True,False,False,True,False,True,29.18,29.52,0.34
2.01,2.21,0,2.0,4.2,0,15.1,True,False,False,False,True,False,False,True,False,True,False,False,False,False,False,True,False,False,True,18.17,19.74,1.57
1.79,4.63,0,0.4,4.24,1,85.4,True,False,False,False,True,False,False,False,False,False,False,False,False,True,False,True,False,True,False,26.84,24.14,2.7
3.37,5.58,0,0.7,4.83,1,45.7,True,False,False,True,False,False,True,False,False,False,False,False,False,False,False,False,True,False,True,29.84,27.13,2.71
7.57,0.73,0,1.3,4.21,1,99.4,False,True,False,False,False,False,True,False,False,False,False,False,True,False,False,True,False,False,True,41.76,38.39,3.37
2.47,1.79,1,0.7,4.38,0,65.6,False,True,False,False,False,False,False,True,False,False,False,True,False,False,False,False,True,False,True,22.61,22.86,0.25
5.32,0.46,0,0.9,4.14,0,10.7,True,False,False,True,False,False,True,False,False,False,False,False,False,True,False,True,False,False,True,27.35,25.82,1.53
0.92,1.65,1,2.7,4.3,1,56.6,False,True,False,False,False,False,True,False,False,True,False,False,False,False,False,False,True,False,True,16.02,21.98,5.96
5.09,2.86,0,2.5,4.37,1,75.0,False,True,False,False,False,False,True,False,False,False,False,False,False,False,True,False,False,False,False,31.39,28.91,2.48
9.53,1.23,0,2.7,4.02,0,67.1,True,False,False,False,False,False,True,False,False,False,False,False,False,True,False,True,False,True,False,36.55,35.86,0.69
4.68,1.56,0,3.9,3.56,0,76.5,True,False,False,False,False,False,False,True,False,False,False,False,False,False,True,False,True,True,False,15.53,21.35,5.82
2.8,2.36,2,0.4,3.65,1,38.8,False,True,False,False,False,True,True,False,False,False,False,False,False,True,False,True,False,False,True,37.13,36.72,0.41
5.69,0.34,0,1.2,4.46,0,64.9,False,False,False,False,False,True,False,True,False,False,True,False,False,False,False,False,True,True,False,45.23,40.58,4.65
4.47,0.59,0,1.6,4.66,0,24.1,True,False,False,False,False,True,False,True,False,False,False,False,False,False,True,False,True,False,False,28.57,27.59,0.98
3.56,2.44,1,1.0,4.49,0,41.5,False,False,True,False,False,True,False,False,True,True,False,False,False,False,False,True,False,False,True,47.05,41.93,5.12
2.63,0.52,1,1.1,4.11,1,14.5,False,False,True,False,False,True,True,False,False,False,False,False,False,False,False,False,True,True,False,45.08,46.08,1.0
5.32,0.84,0,1.6,4.22,0,33.9,False,False,False,False,False,False,True,False,False,True,False,False,False,False,False,False,True,True,False,34.32,33.76,0.56
1.41,3.34,0,2.0,3.79,0,58.7,False,False,False,False,True,False,False,False,False,False,False,False,False,False,False,False,True,False,True,27.48,28.6,1.12
5.06,0.26,0,1.0,3.91,1,35.7,False,True,False,False,False,False,True,False,False,False,False,False,True,False,False,False,True,True,False,36.21,32.94,3.27
4.58,0.71,0,0.4,4.68,0,80.7,False,False,False,False,False,False,False,False,False,False,True,False,False,False,False,True,False,True,False,29.19,29.21,0.02
1.71,9.06,0,0.0,4.1,0,56.5,False,False,False,False,False,False,True,False,False,False,False,True,False,False,False,False,True,True,False,21.83,23.71,1.88
2.39,5.05,2,0.8,3.97,1,33.8,False,True,False,False,False,False,True,False,False,False,False,False,False,True,False,False,True,True,False,31.91,32.18,0.27
1.79,0.71,1,2.0,5.0,0,71.4,False,True,False,False,False,False,False,False,True,False,False,False,False,True,False,False,True,True,False,24.74,19.63,5.11
5.45,0.49,0,1.9,3.99,1,78.5,False,True,False,False,True,False,False,False,False,False,True,False,False,False,False,False,True,False,False,42.91,41.5,1.41
3.56,1.92,1,3.6,4.58,0,37.7,True,False,False,False,False,True,True,False,False,True,False,False,False,False,False,True,False,True,False,31.45,25.4,6.05
2.06,6.44,0,0.7,4.43,1,61.9,True,False,False,False,False,True,False,False,False,False,False,False,False,False,True,False,True,False,False,30.49,25.52,4.97
11.18,4.29,0,0.1,4.39,0,67.5,False,True,False,False,False,False,False,True,False,False,True,False,False,False,False,False,True,False,True,46.14,49.42,3.28
2.27,1.42,1,2.8,4.42,1,18.1,False,False,False,False,False,False,True,False,False,False,False,False,False,False,True,False,True,False,True,31.92,31.96,0.04
2.72,7.63,1,4.2,5.0,0,81.7,False,False,False,True,False,False,False,False,True,False,False,True,False,False,False,True,False,True,False,30.32,29.18,1.14
5.63,0.23,1,2.9,4.55,0,73.5,False,True,False,False,False,False,False,False,True,False,False,False,False,False,True,False,True,False,False,28.99,32.16,3.17
2.66,0.76,0,3.6,4.29,1,33.8,False,False,False,False,False,False,True,False,False,False,False,False,False,False,False,True,False,True,False,24.49,27.15,2.66
7.58,9.85,1,3.4,4.01,0,14.7,False,False,False,False,False,True,False,False,False,False,False,False,False,True,False,False,True,True,False,55.87,51.92,3.95
6.77,1.0,1,5.7,4.45,0,23.3,False,False,False,False,False,False,False,False,False,False,False,False,False,False,True,True,False,False,True,35.44,38.74,3.3
5.69,3.12,1,0.4,4.54,0,43.8,False,True,False,False,False,False,False,True,False,True,False,False,False,False,False,False,True,True,False,34.23,34.41,0.18
5.82,6.16,2,0.3,4.79,0,49.9,False,True,False,False,False,False,False,True,False,False,False,True,False,False,False,False,True,False,True,32.84,38.87,6.03
2.97,0.64,1,0.8,4.58,1,90.2,False,False,True,False,False,False,True,False,False,False,False,False,False,False,False,False,False,True,False,36.97,36.89,0.08
5.89,1.63,2,3.6,3.3,0,24.4,False,True,False,False,True,False,True,False,False,False,False,True,False,False,False,True,False,True,False,42.36,43.36,1.0
4.79,3.68,1,1.3,4.28,0,25.3,False,True,False,False,True,False,False,True,False,True,False,False,False,False,False,True,False,True,False,36.3,37.38,1.08
11.46,0.93,0,3.1,4.57,1,53.6,False,True,False,False,False,False,False,False,False,False,True,False,False,False,False,False,True,True,False,53.19,53.74,0.55
1.57,0.31,0,1.6,4.15,0,45.9,False,True,False,False,False,False,False,False,False,False,False,False,True,False,False,True,False,False,True,14.67,13.73,0.94
7.87,4.19,2,0.2,4.8,0,66.7,True,False,False,False,False,True,False,True,False,False,False,False,False,False,False,False,True,True,False,53.8,46.83,6.97
6.23,5.3,0,5.6,4.04,1,40.2,True,False,False,False,False,False,True,False,False,True,False,False,False,False,False,False,True,True,False,33.88,32.0,1.88
1.95,1.61,0,0.2,5.0,1,31.8,False,True,False,False,False,False,True,False,False,False,False,False,False,False,True,False,True,False,False,20.55,23.26,2.71
1.39,0.85,2,1.7,4.07,1,13.0,False,False,False,False,False,False,False,False,False,False,False,False,False,False,False,True,False,False,True,32.77,30.79,1.98
0.99,0.3,0,8.2,3.61,0,40.8,True,False,False,True,False,False,False,False,False,False,False,False,True,False,False,False,True,True,False,10.65,10.2,0.45
2.24,2.32,0,0.7,4.18,0,45.0,False,True,False,False,False,False,True,False,False,True,False,False,False,False,False,False,True,False,True,20.38,18.93,1.45
2.57,3.1,1,3.0,4.61,0,65.0,False,True,False,False,False,False,False,True,False,False,False,True,False,False,False,True,False,True,False,20.82,20.71,0.11
2.36,1.2,1,0.9,4.21,0,15.8,True,False,False,False,False,False,False,True,False,False,False,True,False,False,False,False,True,True,False,24.85,18.8,6.05
2.58,0.72,1,5.1,3.92,0,10.6,True,False,False,True,False,False,False,False,True,False,True,False,False,False,False,False,True,True,False,16.22,20.91,4.69
2.25,1.77,1,1.9,4.46,0,93.8,True,False,False,False,False,False,False,True,False,False,True,False,False,False,False,False,True,False,True,18.68,17.23,1.45
4.45,1.37,0,0.9,3.79,1,46.4,True,False,False,False,False,False,True,False,False,False,False,False,False,True,False,True,False,False,True,28.96,24.69,4.27
1.51,1.19,2,1.8,3.64,1,55.2,False,True,False,False,True,False,False,False,False,False,True,False,False,False,False,False,True,True,False,34.68,35.97,1.29
3.84,0.37,1,7.2,4.42,0,40.6,False,False,False,False,False,True,False,False,False,True,False,False,False,False,False,True,False,True,False,38.85,33.72,5.13
6.04,0.21,2,12.7,5.0,0,71.7,True,False,False,False,False,False,False,False,True,False,False,False,True,False,False,True,False,False,True,25.88,26.9,1.02
5.01,0.92,2,4.2,4.08,0,34.7,False,True,False,False,False,False,False,True,False,False,False,False,False,True,False,False,True,False,True,37.81,33.7,4.11
5.03,0.61,0,2.6,4.09,0,17.5,False,True,False,True,False,False,False,False,False,False,False,False,False,False,False,True,False,False,False,27.74,28.51,0.77
4.76,1.88,1,5.8,4.39,1,97.3,False,True,False,False,False,False,True,False,False,False,True,False,False,False,False,False,True,False,True,34.17,33.4,0.77
1.86,0.74,0,6.6,4.68,1,54.9,False,False,False,False,False,True,True,False,False,False,False,False,False,True,False,False,True,False,True,26.96,30.52,3.56
1.71,0.52,0,2.4,4.26,1,95.0,True,False,False,False,False,False,False,False,False,False,False,False,False,True,False,False,True,False,False,17.62,16.06,1.56
3.61,2.35,1,1.4,4.12,0,85.2,True,False,False,False,False,True,True,False,False,False,False,False,False,False,True,False,True,False,True,29.57,27.92,1.65
2.14,2.75,0,2.0,4.51,0,51.1,False,True,False,False,True,False,False,False,False,True,False,False,False,False,False,False,True,False,True,24.67,26.01,1.34
5.2,2.01,1,2.2,4.5,0,21.7,False,True,False,False,False,False,False,False,False,False,True,False,False,False,False,True,False,False,True,30.0,30.17,0.17
8.83,1.33,1,2.9,4.26,0,41.0,False,True,False,True,False,False,False,False,False,False,True,False,False,False,False,False,True,True,False,45.61,46.74,1.13
10.05,2.95,1,0.0,4.57,1,54.8,True,False,False,False,False,False,True,False,False,False,True,False,False,False,False,True,False,True,False,44.36,47.92,3.56
1.65,1.14,0,1.7,4.8,0,73.4,False,True,False,False,False,False,False,True,False,False,False,False,False,True,False,False,True,False,True,19.72,15.85,3.87
4.24,0.57,1,0.1,4.73,0,74.8,False,False,False,False,False,False,False,False,True,False,False,False,True,False,False,True,False,True,False,36.69,31.36,5.33
2.95,1.93,0,2.5,4.7,1,30.4,True,False,False,False,False,False,False,False,False,False,False,False,True,False,False,False,False,False,False,18.21,17.55,0.66
6.05,1.4,0,0.6,4.52,0,90.1,True,False,False,False,False,False,False,False,True,False,True,False,False,False,False,True,False,False,True,28.94,24.74,4.2
1.43,1.0,1,2.4,4.46,1,63.5,False,False,False,False,True,False,False,False,False,False,False,True,False,False,False,True,False,True,False,32.96,34.5,1.54
2.47,7.55,1,5.4,4.2,1,18.5,False,True,False,False,False,False,False,False,False,False,False,False,False,True,False,False,False,False,True,26.35,24.0,2.35
1.88,5.04,0,7.4,4.44,0,42.8,False,False,False,False,False,False,False,False,True,False,False,False,False,False,True,False,True,False,True,15.88,20.7,4.82
2.15,1.42,1,3.3,4.22,0,62.9,False,False,False,True,False,False,False,False,True,False,False,False,False,False,True,False,True,True,False,26.19,28.71,2.52
4.58,8.77,3,0.1,3.87,0,41.0,False,False,False,True,False,False,True,False,False,True,False,False,False,False,False,True,False,False,True,47.04,44.82,2.22
2.56,0.58,2,4.5,4.45,0,34.7,False,True,False,False,False,False,False,False,False,False,False,True,False,False,False,False,False,True,False,26.73,21.73,5.0
1.7,0.86,0,2.4,3.76,1,75.6,True,False,False,False,False,False,True,False,False,False,False,True,False,False,False,True,False,False,False,12.19,14.53,2.34
2.05,0.74,0,0.7,3.63,1,22.1,False,False,True,False,False,False,True,False,False,True,False,False,False,False,False,False,False,True,False,29.29,31.15,1.86
2.65,3.46,1,1.8,5.0,1,31.7,False,False,True,False,False,False,True,False,False,False,True,False,False,False,False,True,False,True,False,37.17,38.6,1.43
3.2,10.31,0,0.4,4.31,0,40.1,False,False,False,False,False,True,False,False,True,False,False,True,False,False,False,False,True,True,False,37.26,34.62,2.64
2.0,2.62,0,2.7,4.43,1,52.4,False,True,False,False,False,False,True,False,False,False,False,True,False,False,False,True,False,True,False,20.93,20.44,0.49
4.64,1.22,0,1.2,4.8,0,38.6,False,False,False,False,False,False,False,False,True,False,False,True,False,False,False,False,True,False,True,30.89,31.39,0.5
2.2,0.39,2,1.2,4.35,1,56.5,True,False,False,True,False,False,True,False,False,False,False,False,False,True,False,True,False,True,False,30.51,26.8,3.71
4.51,0.81,0,1.0,4.01,1,64.8,False,False,True,False,False,True,False,False,False,False,False,False,False,False,False,True,False,False,True,50.13,46.12,4.01
7.06,2.83,0,1.5,2.99,0,69.0,False,True,False,False,False,False,True,False,False,False,True,False,False,False,False,False,False,False,True,27.59,31.08,3.49
1.94,1.42,0,2.3,3.52,0,30.7,False,True,False,False,False,False,False,True,False,True,False,False,False,False,False,False,True,False,False,18.88,17.32,1.56
2.64,0.73,1,1.7,4.97,0,83.5,False,True,False,False,False,True,False,False,True,True,False,False,False,False,False,False,True,False,True,28.86,28.17,0.69
1.92,3.74,1,0.3,4.78,0,21.2,False,False,False,True,False,False,False,False,False,True,False,False,False,False,False,False,True,True,False,33.92,30.01,3.91
5.24,1.65,0,4.9,3.8,0,39.7,False,True,False,False,False,True,True,False,False,True,False,False,False,False,False,False,False,False,True,25.62,29.37,3.75
6.22,5.76,1,0.1,4.08,0,65.7,False,True,False,False,False,True,False,True,False,False,False,False,False,True,False,False,True,True,False,44.67,42.24,2.43
7.11,0.58,0,0.4,3.81,1,62.7,False,True,False,False,False,False,True,False,False,False,False,False,False,False,True,False,False,False,True,37.65,36.18,1.47
3.29,0.56,2,3.9,4.64,0,44.9,True,False,False,False,False,False,False,True,False,False,False,False,False,True,False,False,True,True,False,21.01,23.69,2.68
3.9,1.06,0,1.2,4.22,1,30.4,False,True,False,False,False,False,False,False,False,True,False,False,False,False,False,False,True,False,True,24.55,29.15,4.6
1.45,0.76,0,2.5,3.75,1,28.2,False,True,False,True,False,False,False,False,False,False,False,True,False,False,False,False,True,False,True,19.52,23.39,3.87
3.24,1.81,0,1.1,4.55,1,85.7,False,True,False,False,True,False,False,False,False,False,False,False,False,False,False,False,True,True,False,31.98,34.58,2.6
2.59,3.35,1,0.6,4.13,0,89.5,False,False,False,False,False,False,False,False,True,False,False,False,False,True,False,True,False,False,True,21.63,25.97,4.34
4.05,1.21,0,2.5,4.32,1,81.2,False,True,False,True,False,False,False,False,False,False,False,False,False,True,False,True,False,True,False,28.5,29.49,0.99
1.75,0.26,0,1.1,4.34,1,28.8,False,False,False,False,True,False,True,False,False,False,False,False,False,False,False,False,False,False,True,29.78,31.13,1.35
3.69,1.21,1,0.3,4.43,0,85.1,False,True,False,False,False,False,True,False,False,False,False,False,True,False,False,False,True,False,True,24.44,26.59,2.15
4.7,1.22,0,0.5,3.77,1,31.5,True,False,False,False,False,False,True,False,False,False,False,False,False,True,False,False,True,False,True,29.94,27.85,2.09
12.45,4.95,0,1.1,4.47,0,66.1,False,False,True,False,False,False,False,False,True,False,True,False,False,False,False,True,False,False,True,54.85,62.8,7.95
3.74,2.51,2,4.0,4.7,0,50.0,False,False,False,False,False,False,False,True,False,False,False,True,False,False,False,False,False,False,False,30.71,30.92,0.21
5.05,1.74,0,10.1,3.72,0,92.0,False,True,False,False,True,False,True,False,False,False,False,True,False,False,False,False,True,True,False,26.94,32.2,5.26
0.9,0.54,1,1.3,3.91,1,10.8,False,True,False,False,False,True,True,False,False,False,False,False,True,False,False,False,True,False,True,25.99,28.44,2.45
4.62,1.44,1,0.1,4.47,0,21.1,False,True,False,False,False,False,False,True,False,False,False,False,False,False,True,False,False,False,True,24.16,27.18,3.02
5.39,1.29,1,8.8,4.37,0,86.8,False,True,False,False,False,False,True,False,False,False,False,False,False,False,True,False,True,True,False,30.08,29.47,0.61
7.35,2.52,0,0.2,3.39,0,75.6,False,False,False,False,False,False,True,False,False,False,True,False,False,False,False,False,True,False,True,43.59,41.01,2.58
2.5,0.25,1,1.9,4.21,0,61.9,False,True,False,False,False,False,False,True,False,False,False,False,False,False,True,False,True,True,False,17.77,22.48,4.71
1.27,2.42,0,0.2,4.21,0,56.6,False,False,False,True,False,False,True,False,False,False,True,False,False,False,False,False,True,False,False,25.79,23.76,2.03
2.4,4.18,0,5.3,4.24,1,74.5,True,False,False,False,False,False,True,False,False,True,False,False,False,False,False,False,True,False,True,21.92,18.48,3.44
0.7,2.93,3,3.2,4.71,1,13.5,True,False,False,False,False,True,False,False,False,True,False,False,False,False,False,True,False,False,True,26.08,28.36,2.28
4.22,0.48,1,1.9,3.78,1,81.2,False,True,False,False,False,False,False,False,False,True,False,False,False,False,False,False,False,False,True,31.08,29.0,2.08
2.84,1.56,0,2.1,4.63,0,66.5,False,False,False,False,False,True,False,False,False,False,False,False,True,False,False,False,True,False,True,35.14,30.44,4.7
4.52,1.74,1,2.2,3.45,0,48.1,False,True,False,False,False,False,False,False,True,False,False,False,False,False,False,False,True,True,False,31.6,29.45,2.15
1.54,0.77,1,0.8,4.36,0,86.1,False,True,False,False,False,False,False,False,True,False,False,False,False,True,False,False,True,True,False,16.83,19.08,2.25
4.15,0.96,1,0.0,4.57,0,88.8,True,False,False,False,False,False,False,False,True,False,False,False,False,False,True,False,True,False,False,26.85,24.0,2.85
5.42,3.14,2,0.5,4.09,0,49.0,False,False,False,False,False,False,True,False,False,False,False,True,False,False,False,False,True,True,False,46.35,41.87,4.48
5.68,2.24,1,0.4,4.88,0,45.1,False,False,True,False,False,False,False,False,True,False,True,False,False,False,False,False,False,False,True,44.37,41.89,2.48
4.26,0.99,1,3.1,4.04,1,59.1,True,False,False,False,False,False,False,False,False,False,True,False,False,False,False,True,False,True,False,23.67,26.85,3.18
4.67,0.2,1,0.5,4.57,0,12.7,False,False,False,False,True,False,False,False,False,False,False,False,False,False,False,False,True,False,True,40.99,43.54,2.55
5.07,4.29,2,1.4,3.42,0,52.0,True,False,False,False,False,True,False,True,False,False,False,False,False,False,True,False,True,True,False,34.51,37.3,2.79
6.68,0.86,0,5.6,4.33,1,69.0,False,False,True,False,False,False,False,False,False,True,False,False,False,False,False,False,True,True,False,45.33,47.89,2.56
2.19,0.92,1,1.4,4.2,0,54.9,False,False,False,False,False,False,False,False,False,False,False,True,False,False,False,False,True,True,False,21.85,26.57,4.72
2.58,0.53,0,2.5,4.43,0,95.0,True,False,False,False,False,False,True,False,False,False,False,False,False,False,True,True,False,False,True,6.81,12.25,5.44
4.99,6.92,0,2.3,4.4,0,48.2,True,False,False,False,False,False,True,False,False,False,False,False,True,False,False,False,False,True,False,21.38,20.47,0.91
5.07,0.98,0,0.1,4.22,0,39.6,True,False,False,False,False,False,True,False,False,False,False,False,False,True,False,False,True,False,False,22.49,24.07,1.58
7.92,2.22,1,1.9,3.89,0,14.4,True,False,False,False,False,False,False,False,False,False,True,False,False,False,False,False,True,False,False,43.57,37.3,6.27
1.63,0.34,1,4.5,4.63,1,41.5,False,False,False,False,False,False,False,False,False,False,False,False,False,False,True,False,False,False,True,23.35,24.85,1.5
5.92,0.67,1,0.9,4.5,0,88.8,False,False,False,False,False,False,False,False,True,True,False,False,False,False,False,True,False,True,False,38.17,36.65,1.52
4.49,1.84,0,1.1,4.13,1,10.5,False,False,False,False,False,False,False,False,False,False,False,False,False,True,False,False,True,False,True,33.24,36.4,3.16
7.64,0.47,2,3.3,3.27,0,72.4,False,True,False,False,False,False,False,False,True,False,False,False,False,False,False,True,False,True,False,38.27,40.44,2.17
8.23,1.73,0,2.6,4.1,0,31.6,False,False,False,False,False,False,False,True,False,False,False,False,False,False,False,True,False,False,False,40.56,41.31,0.75
7.42,0.27,0,3.7,4.6,0,42.4,False,False,True,True,False,False,True,False,False,False,True,False,False,False,False,False,True,False,True,46.42,49.39,2.97
9.58,4.67,0,2.2,4.19,1,54.4,False,False,True,True,False,False,True,False,False,False,False,True,False,False,False,True,False,True,False,64.14,60.88,3.26
3.76,2.27,1,3.1,4.6,1,24.3,False,True,False,False,False,False,False,False,False,False,False,False,False,False,True,True,False,False,True,27.96,29.96,2.0
2.31,1.62,1,3.5,4.78,0,85.4,False,False,False,False,False,False,False,True,False,False,False,False,True,False,False,False,True,False,False,23.6,25.73,2.13
7.4,0.25,1,0.4,3.97,0,87.9,False,True,False,False,False,True,False,False,False,False,False,False,False,False,True,False,False,False,False,41.51,40.97,0.54
2.83,3.2,2,3.0,4.17,0,99.8,True,False,False,False,False,False,False,True,False,False,False,False,False,False,True,False,True,True,False,20.27,22.58,2.31
6.49,1.57,2,0.1,4.53,1,33.3,False,False,True,False,True,False,False,False,False,False,False,False,False,False,True,False,False,False,False,59.9,61.24,1.34
10.23,0.27,1,1.3,3.86,1,41.9,False,True,False,False,False,False,True,False,False,False,False,False,True,False,False,False,False,False,False,46.35,49.76,3.41
1.64,3.83,0,6.3,4.31,0,95.1,False,False,False,False,False,False,False,False,False,False,False,True,False,False,False,True,False,True,False,19.33,17.44,1.89
3.21,5.49,0,2.3,3.95,0,35.1,False,False,False,False,False,False,True,False,False,False,True,False,False,False,False,True,False,False,True,27.15,25.47,1.68
6.8,1.33,0,0.6,4.09,0,86.8,False,True,False,False,False,False,False,True,False,False,False,False,False,False,False,False,True,True,False,30.04,33.7,3.66
4.28,0.91,1,4.3,3.78,0,69.5,False,False,False,False,False,False,False,True,False,False,False,True,False,False,False,False,True,True,False,32.64,32.37,0.27
4.49,2.74,1,2.1,4.39,0,74.8,True,False,False,False,False,False,True,False,False,False,False,False,False,False,False,False,True,False,True,24.83,25.01,0.18
6.23,1.65,0,0.0,4.31,1,87.1,False,True,False,False,False,False,True,False,False,True,False,False,False,False,False,True,False,False,True,32.3,34.85,2.55
1.62,2.07,1,0.1,5.0,0,32.7,False,False,True,False,False,True,False,False,True,False,False,False,False,False,True,False,True,False,True,32.63,37.94,5.31
4.0,3.81,0,5.2,4.17,1,78.2,False,True,False,False,False,False,True,False,False,False,False,False,False,False,False,False,False,False,False,24.94,24.36,0.58
8.4,3.39,1,1.4,4.25,0,51.6,False,False,False,False,False,False,True,False,False,False,False,False,False,False,False,True,False,False,True,45.1,45.96,0.86
1.84,1.23,1,1.5,4.34,1,55.1,False,True,False,False,False,False,False,False,False,False,False,False,True,False,False,False,True,False,True,23.95,25.26,1.31
2.55,2.19,0,8.4,4.03,0,85.0,False,False,False,False,False,False,False,False,True,False,False,False,False,False,True,False,False,True,False,14.85,17.82,2.97
5.37,0.39,0,0.6,4.0,1,98.1,False,False,False,False,False,False,True,False,False,False,False,True,False,False,False,False,True,False,True,35.34,38.28,2.94
2.94,1.43,0,7.0,4.09,1,76.2,True,False,False,False,False,False,False,False,False,False,False,False,False,False,False,True,False,False,False,15.48,17.08,1.6
4.67,0.29,0,0.8,4.09,0,11.0,True,False,False,False,False,False,True,False,False,False,False,False,False,False,True,False,False,False,True,22.56,19.22,3.34
5.7,1.29,0,1.5,4.61,0,36.3,False,False,False,False,False,True,False,True,False,False,False,False,False,False,False,False,True,False,True,39.89,40.85,0.96
6.37,1.73,0,2.7,4.37,1,43.7,True,False,False,False,False,True,True,False,False,False,True,False,False,False,False,True,False,False,True,37.69,36.58,1.11
6.78,4.28,1,0.3,5.0,0,96.5,False,True,False,False,False,True,True,False,False,False,False,False,False,True,False,True,False,True,False,40.52,41.3,0.78
3.31,1.42,0,1.7,3.64,1,62.4,True,False,False,False,False,False,True,False,False,True,False,False,False,False,False,False,True,False,True,19.26,22.48,3.22
7.37,2.2,2,4.9,4.1,0,90.3,False,True,False,False,False,False,True,False,False,True,False,False,False,False,False,True,False,False,True,34.21,38.99,4.78
5.07,0.53,0,3.8,4.0,1,12.1,True,False,False,True,False,False,True,False,False,False,False,True,False,False,False,False,False,False,True,32.68,27.27,5.41
7.83,1.13,0,0.2,4.97,0,44.2,True,False,False,False,False,False,False,True,False,False,True,False,False,False,False,False,True,False,True,32.55,33.53,0.98
4.16,0.69,0,4.1,4.77,0,97.5,False,True,False,False,False,False,False,True,False,False,False,False,True,False,False,True,False,True,False,19.72,21.04,1.32
8.26,0.26,0,0.2,4.74,1,89.2,False,False,False,False,False,True,True,False,False,False,False,False,False,False,True,True,False,True,False,52.95,52.16,0.79
1.34,0.54,1,2.2,4.11,0,93.8,True,False,False,False,True,False,False,False,True,True,False,False,False,False,False,False,True,False,True,20.66,21.45,0.79
1.99,4.59,2,1.4,4.14,1,96.4,True,False,False,True,False,False,False,False,False,False,False,False,False,False,False,False,True,False,True,29.64,28.4,1.24
7.62,1.07,1,10.7,4.97,0,99.8,True,False,False,False,False,False,False,False,True,False,False,False,True,False,False,False,True,False,False,39.46,31.22,8.24
4.16,0.9,2,4.9,4.81,0,14.0,True,False,False,False,False,False,True,False,False,False,False,False,False,True,False,False,False,True,False,28.19,22.97,5.22
2.34,5.93,0,0.6,3.37,0,85.2,False,False,False,False,False,False,True,False,False,False,False,False,False,False,False,False,False,True,False,20.83,20.93,0.1
2.59,1.91,1,4.2,4.43,0,49.2,True,False,False,False,False,False,False,True,False,False,False,False,False,False,False,False,False,False,True,13.31,14.28,0.97
5.33,0.55,1,1.0,4.52,0,55.3,True,False,False,False,True,False,False,False,True,False,False,False,False,False,True,True,False,False,True,32.66,33.89,1.23
4.01,0.6,1,3.7,4.23,0,22.1,True,False,False,False,False,False,False,False,True,True,False,False,False,False,False,True,False,True,False,18.52,20.9,2.38
3.89,3.14,1,0.2,3.61,0,11.6,True,False,False,False,True,False,False,True,False,False,False,False,True,False,False,False,True,False,False,38.4,32.38,6.02
4.29,5.49,0,2.3,4.53,1,64.5,False,True,False,False,False,False,False,False,False,False,False,False,True,False,False,True,False,True,False,25.58,28.51,2.93
5.88,2.13,2,0.9,3.81,0,15.7,False,False,True,False,False,False,False,True,False,False,False,False,False,True,False,True,False,True,False,46.79,47.97,1.18
9.87,0.99,1,2.2,4.3,0,75.8,True,False,False,False,True,False,True,False,False,False,False,False,True,False,False,False,False,False,True,42.87,46.66,3.79
1.75,1.24,0,4.4,3.99,0,79.1,True,False,False,False,False,False,False,False,True,False,False,False,True,False,False,False,True,False,False,6.52,10.72,4.2
2.88,6.56,1,0.7,4.51,0,89.5,True,False,False,False,True,False,False,False,True,False,True,False,False,False,False,False,True,False,False,30.31,28.66,1.65
4.32,4.41,0,1.9,4.0,0,40.0,False,False,False,False,False,False,False,True,False,False,False,False,True,False,False,True,False,False,True,27.37,28.73,1.36
5.75,0.78,0,0.6,4.11,0,74.2,False,True,False,False,False,False,False,True,False,True,False,False,False,False,False,False,False,False,True,20.53,26.3,5.77
4.35,2.52,0,0.5,3.56,0,68.6,True,False,False,False,False,True,False,False,True,False,True,False,False,False,False,False,False,False,False,24.58,23.64,0.94
8.02,1.9,3,1.2,4.3,0,75.3,True,False,False,False,False,False,False,True,False,False,False,False,True,False,False,False,True,False,True,40.7,43.85,3.15
4.12,0.54,0,0.9,4.42,0,62.8,False,False,False,True,False,False,False,False,True,False,False,True,False,False,False,False,True,False,True,36.19,32.25,3.94
4.81,0.29,0,3.1,3.97,0,67.1,True,False,False,False,False,False,False,False,True,True,False,False,False,False,False,False,True,True,False,23.31,21.65,1.66
1.73,3.71,1,0.5,4.49,0,86.3,True,False,False,False,False,False,False,True,False,False,False,False,True,False,False,False,True,True,False,18.33,16.31,2.02
3.5,0.21,2,7.3,4.74,0,73.0,False,False,True,False,False,False,False,True,False,False,False,False,False,True,False,False,True,False,True,44.29,38.33,5.96
2.61,4.57,0,1.5,4.48,0,60.4,True,False,False,False,False,False,True,False,False,True,False,False,False,False,False,True,False,False,True,12.3,13.87,1.57
1.81,0.62,1,0.4,4.56,0,61.0,False,False,False,False,False,False,False,False,False,False,False,False,True,False,False,False,True,True,False,27.15,25.39,1.76
3.89,0.77,0,2.6,4.58,0,85.9,False,False,False,False,False,False,False,True,False,True,False,False,False,False,False,False,False,True,False,21.96,24.16,2.2
5.76,0.72,0,1.4,4.89,0,96.9,True,False,False,False,False,False,False,False,True,False,False,False,True,False,False,False,True,True,False,31.49,25.03,6.46
1.56,4.7,1,3.2,4.1,1,58.4,False,True,False,False,False,False,True,False,False,False,False,False,False,True,False,False,True,True,False,22.68,24.57,1.89
5.66,1.9,0,0.9,4.05,1,45.6,False,False,False,False,False,False,False,False,False,False,False,False,False,False,True,False,True,True,False,38.36,40.3,1.94
4.03,0.76,1,0.9,4.9,0,72.4,False,False,False,False,False,True,False,False,False,False,False,False,True,False,False,False,True,True,False,39.74,38.27,1.47
1.98,0.84,0,0.1,4.69,0,89.2,False,False,True,False,False,False,False,False,True,False,False,False,False,False,True,False,True,True,False,29.28,29.0,0.28
2.94,0.74,0,5.6,3.97,0,28.3,True,False,False,False,False,False,True,False,False,False,False,False,False,False,False,False,True,False,True,13.49,15.17,1.68
4.76,1.85,0,4.3,5.0,0,52.0,False,True,False,False,False,False,False,True,False,False,False,False,False,True,False,False,True,False,True,27.1,25.71,1.39
3.0,1.24,2,6.6,4.69,1,42.1,False,False,False,False,False,True,True,False,False,True,False,False,False,False,False,False,False,True,False,42.41,38.14,4.27
5.77,3.92,1,6.3,4.68,1,52.2,True,False,False,False,False,False,False,False,False,False,True,False,False,False,False,False,False,False,False,21.47,29.55,8.08
3.36,1.15,3,0.2,4.43,1,27.2,False,False,False,False,False,False,False,False,False,False,False,False,False,False,False,False,True,False,True,48.69,43.36,5.33
6.19,1.89,2,9.5,3.73,1,34.6,False,False,False,False,False,False,False,False,False,False,False,False,False,False,False,False,False,False,True,42.43,42.17,0.26
2.98,1.72,2,1.2,4.71,1,77.0,False,False,True,False,False,False,False,False,False,False,True,False,False,False,False,False,True,False,True,48.31,44.35,3.96
2.43,3.25,1,7.8,4.23,0,27.0,False,False,False,False,False,False,False,True,False,True,False,False,False,False,False,False,True,True,False,26.43,25.87,0.56
5.81,6.45,0,0.3,4.25,0,21.3,False,True,False,False,True,False,False,True,False,False,False,False,True,False,False,False,True,True,False,41.4,40.16,1.24
4.14,1.43,0,3.9,4.67,0,36.7,False,True,False,False,False,True,False,False,False,False,False,False,False,True,False,False,True,False,True,34.44,29.6,4.84
6.72,1.95,0,0.5,3.56,0,73.3,False,False,False,False,False,True,False,True,False,False,False,False,False,False,False,True,False,True,False,45.27,42.43,2.84
9.59,0.95,0,0.8,4.2,0,45.2,False,True,False,False,False,False,False,False,False,False,True,False,False,False,False,False,True,True,False,43.7,43.47,0.23
2.32,2.02,1,2.1,3.85,0,88.3,False,False,False,False,True,False,True,False,False,False,False,False,False,False,True,False,True,True,False,36.23,34.71,1.52
2.8,13.57,1,5.4,4.34,0,16.5,False,False,False,True,False,False,True,False,False,True,False,False,False,False,False,False,False,True,False,33.72,29.5,4.22
2.38,0.28,0,0.6,4.64,0,75.3,True,False,False,True,False,False,False,False,True,False,False,True,False,False,False,True,False,False,False,14.29,15.14,0.85
3.9,5.11,1,2.0,4.3,0,96.5,True,False,False,False,False,False,True,False,False,False,False,True,False,False,False,True,False,False,True,23.61,21.21,2.4
4.88,0.67,1,3.0,4.43,1,64.0,False,True,False,False,False,False,True,False,False,False,False,False,False,True,False,False,True,False,True,30.55,34.74,4.19
5.98,5.64,0,0.3,4.3,1,74.4,False,False,False,False,False,False,False,False,False,False,False,False,False,False,True,True,False,False,True,42.3,39.88,2.42
3.5,7.6,1,2.4,4.22,0,67.8,False,False,True,False,False,True,False,True,False,False,False,False,False,False,False,False,True,False,True,44.26,44.19,0.07
1.96,1.95,2,0.2,4.49,0,88.1,False,True,False,False,False,False,False,True,False,False,False,True,False,False,False,False,False,True,False,17.45,20.99,3.54
2.61,3.65,0,2.1,4.54,1,47.4,False,True,False,False,False,True,True,False,False,True,False,False,False,False,False,False,True,True,False,29.78,30.73,0.95
3.52,2.31,1,2.0,4.33,1,93.2,False,True,False,False,False,False,False,False,False,False,False,False,False,False,True,False,True,True,False,33.38,30.81,2.57
1.02,2.15,0,1.0,4.06,0,81.0,True,False,False,True,False,False,False,True,False,False,True,False,False,False,False,False,True,True,False,15.99,13.22,2.77
7.6,0.84,1,4.4,3.86,0,54.1,False,False,False,False,True,False,True,False,False,False,False,False,True,False,False,True,False,True,False,49.47,49.47,0.0
4.62,1.5,1,2.0,3.92,0,12.9,False,True,False,False,False,False,False,False,False,False,False,True,False,False,False,False,True,True,False,26.95,30.26,3.31
3.76,0.34,1,0.3,4.0,1,30.1,False,False,False,False,False,False,True,False,False,False,False,True,False,False,False,False,True,True,False,37.07,37.5,0.43
3.96,1.18,1,4.1,3.58,0,93.7,True,False,False,False,False,False,False,True,False,False,False,False,False,True,False,True,False,False,True,25.88,19.74,6.14
5.32,9.61,2,0.3,3.67,0,41.4,False,False,True,False,False,True,False,False,True,False,False,False,False,False,False,True,False,False,True,58.88,53.23,5.65
7.37,1.32,1,0.4,4.1,0,83.1,False,False,False,False,False,False,False,False,False,False,False,False,False,True,False,True,False,True,False,40.99,41.91,0.92
4.87,2.92,0,7.4,3.81,1,20.5,False,True,False,False,True,False,False,False,False,False,False,False,False,False,True,False,True,True,False,33.52,38.82,5.3
4.28,2.17,3,4.2,4.02,0,84.3,False,True,False,False,False,True,False,True,False,False,False,False,False,True,False,False,True,True,False,39.62,40.27,0.65
7.59,1.89,1,0.1,4.49,1,70.9,False,True,False,False,False,False,True,False,False,False,False,False,False,True,False,True,False,False,False,50.14,43.05,7.09
1.78,1.02,0,3.6,5.0,0,96.5,True,False,False,False,False,True,False,False,False,False,False,True,False,False,False,True,False,True,False,15.06,14.9,0.16
9.49,0.52,0,1.6,4.28,1,53.7,True,False,False,False,False,True,True,False,False,False,True,False,False,False,False,True,False,True,False,36.84,47.18,10.34
3.06,2.31,2,1.9,4.54,0,36.9,True,False,False,False,True,False,False,True,False,False,True,False,False,False,False,False,True,False,False,25.27,32.28,7.01
4.42,2.56,1,1.5,4.62,0,60.5,False,True,False,False,False,False,True,False,False,False,False,False,True,False,False,False,True,False,True,29.83,29.18,0.65
3.06,2.5,0,0.7,3.88,0,63.5,True,False,False,False,False,False,False,True,False,False,False,True,False,False,False,False,True,True,False,19.39,17.36,2.03
1.52,3.74,2,2.4,4.04,1,92.5,True,False,False,False,False,False,True,False,False,False,True,False,False,False,False,False,True,False,True,19.92,23.56,3.64
3.42,1.61,0,4.5,4.44,1,71.1,False,True,False,False,False,True,False,False,False,False,False,False,True,False,False,False,True,True,False,36.52,31.63,4.89
1.75,4.15,1,1.5,3.48,1,31.8,False,True,False,False,False,True,False,False,False,False,False,False,False,False,False,False,False,True,False,25.88,28.24,2.36
2.51,4.2,0,3.0,4.49,0,34.9,False,False,True,False,False,False,True,False,False,True,False,False,False,False,False,False,True,False,True,33.82,30.99,2.83
6.14,5.23,0,0.2,3.81,1,13.7,True,False,False,False,False,True,True,False,False,False,False,True,False,False,False,False,True,False,True,41.06,39.71,1.35
4.53,1.76,2,0.5,4.2,0,53.5,False,False,False,False,False,False,True,False,False,False,False,False,True,False,False,False,True,False,True,37.73,38.3,0.57
2.76,1.97,1,8.4,4.35,0,53.2,True,False,False,False,True,False,True,False,False,False,False,True,False,False,False,False,True,False,True,27.92,24.86,3.06
1.74,1.61,0,1.1,4.29,1,71.6,False,True,False,False,False,False,False,False,False,False,False,True,False,False,False,False,False,True,False,21.22,17.93,3.29
4.78,0.68,0,0.8,3.78,0,79.3,False,True,False,False,False,False,True,False,False,True,False,False,False,False,False,False,True,False,False,29.2,26.62,2.58
2.63,0.42,0,3.7,4.58,0,90.4,True,False,False,False,False,False,False,False,False,True,False,False,False,False,False,False,True,True,False,14.76,13.91,0.85
3.84,0.97,1,0.2,3.72,0,73.9,False,False,False,False,False,False,True,False,False,False,False,False,False,False,True,False,False,False,True,23.17,28.68,5.51
4.85,2.77,2,1.5,4.92,0,17.7,False,False,False,False,False,True,False,True,False,False,False,False,False,False,True,False,True,False,False,49.31,45.64,3.67
0.6,0.31,1,4.7,4.55,0,66.2,True,False,False,False,False,False,True,False,False,False,False,False,False,False,False,False,True,False,True,6.44,10.6,4.16
3.34,0.63,1,6.4,4.21,0,21.3,False,False,False,False,False,False,False,True,False,False,False,False,False,False,False,False,True,False,True,26.74,28.95,2.21
4.67,3.07,0,1.2,3.8,0,80.3,True,False,False,False,False,False,False,False,True,False,False,False,False,True,False,False,False,False,True,16.82,18.38,1.56
5.91,0.66,0,0.7,5.0,0,79.1,False,True,False,False,False,False,False,False,True,True,False,False,False,False,False,False,True,True,False,27.53,30.37,2.84
4.0,1.16,0,0.1,3.92,1,59.2,True,False,False,False,False,False,True,False,False,False,False,False,False,True,False,True,False,False,False,25.33,23.26,2.07
1.7,0.96,0,0.9,3.72,0,64.3,False,True,False,False,False,False,True,False,False,False,False,False,False,True,False,True,False,True,False,12.99,14.53,1.54
1.34,0.5,0,2.2,4.0,1,34.4,False,True,False,False,False,False,True,False,False,False,False,False,False,False,True,False,True,True,False,17.26,20.35,3.09
8.35,3.11,1,0.8,4.13,0,19.3,True,False,False,False,False,False,False,False,True,False,False,False,True,False,False,True,False,True,False,34.66,36.98,2.32
4.57,1.94,1,2.1,4.38,0,20.5,True,False,False,False,False,True,True,False,False,False,False,False,True,False,False,True,False,False,True,31.87,29.35,2.52
7.14,0.8,1,1.6,4.09,1,45.1,False,True,False,False,False,False,True,False,False,False,True,False,False,False,False,False,False,False,True,33.8,39.68,5.88
5.65,1.6,1,2.3,3.98,1,59.6,True,False,False,False,False,False,True,False,False,True,False,False,False,False,False,False,True,True,False,31.62,33.8,2.18
2.87,0.93,1,1.1,4.36,1,66.6,True,False,False,False,False,False,False,False,False,False,False,False,False,False,True,True,False,False,True,27.42,22.66,4.76
5.41,0.48,1,1.5,4.23,1,34.4,False,True,False,True,False,False,True,False,False,False,False,True,False,False,False,False,True,True,False,38.8,40.58,1.78
4.88,1.84,0,1.8,3.98,1,35.5,False,True,False,False,False,True,False,False,False,False,True,False,False,False,False,False,True,True,False,35.66,38.37,2.71
6.83,3.08,1,0.2,4.75,1,22.2,True,False,False,False,False,False,False,False,False,False,False,False,True,False,False,False,True,False,True,38.87,39.02,0.15
5.64,1.13,0,3.0,3.86,0,10.1,True,False,False,False,False,False,False,False,True,False,False,False,False,False,True,True,False,False,False,28.97,23.4,5.57
6.3,2.29,0,3.0,4.49,0,29.5,True,False,False,False,True,False,False,True,False,False,False,True,False,False,False,False,True,True,False,32.3,35.69,3.39
1.66,1.33,2,2.6,4.54,0,22.7,True,False,False,False,True,False,False,False,True,False,True,False,False,False,False,False,True,False,True,31.76,27.17,4.59
4.95,4.74,0,0.4,3.86,0,17.8,True,False,False,False,False,False,False,True,False,False,False,False,True,False,False,False,True,False,False,22.68,24.61,1.93
3.63,4.74,0,0.6,3.9,0,79.1,False,True,False,True,False,False,True,False,False,True,False,False,False,False,False,True,False,False,True,23.16,24.62,1.46
4.16,1.28,0,2.5,4.05,0,65.7,False,True,False,False,True,False,False,True,False,False,False,False,False,True,False,False,False,False,True,29.75,28.35,1.4
7.51,2.84,1,5.6,4.32,0,32.3,False,True,False,False,True,False,True,False,False,False,True,False,False,False,False,False,False,False,False,48.03,42.97,5.06
10.33,1.27,3,1.4,3.94,1,49.0,False,False,False,False,True,False,False,False,False,False,False,False,False,False,True,False,True,False,True,76.07,74.04,2.03
5.7,2.64,0,4.3,3.79,1,78.4,True,False,False,True,False,False,True,False,False,False,True,False,False,False,False,False,True,True,False,32.59,32.8,0.21
1.63,0.97,1,0.3,4.75,1,37.7,False,False,False,False,False,False,False,False,False,False,True,False,False,False,False,False,True,True,False,33.24,30.5,2.74
3.34,1.27,0,0.8,5.0,0,78.1,False,False,False,False,True,False,False,False,False,False,True,False,False,False,False,False,True,False,True,38.36,34.91,3.45
3.53,1.11,1,0.7,4.43,0,24.0,False,True,False,False,False,False,False,False,True,False,False,True,False,False,False,True,False,False,True,24.35,24.65,0.3
1.96,0.55,0,5.4,3.97,0,35.2,False,False,False,False,False,False,False,True,False,False,True,False,False,False,False,True,False,True,False,14.49,19.19,4.7
5.08,1.15,2,1.5,3.94,1,82.6,False,False,False,False,True,False,True,False,False,False,False,True,False,False,False,False,True,False,True,58.12,52.36,5.76
6.5,0.27,0,0.8,4.7,0,53.4,True,False,False,True,False,False,False,False,True,False,False,False,True,False,False,False,False,True,False,22.98,27.42,4.44
3.46,0.91,0,1.6,4.25,0,22.3,False,True,False,False,True,False,True,False,False,True,False,False,False,False,False,False,False,True,False,23.67,27.02,3.35
2.22,3.08,0,3.7,4.3,0,49.2,False,True,False,True,False,False,False,False,True,True,False,False,False,False,False,False,False,False,False,16.71,16.89,0.18
6.86,2.31,0,1.1,3.93,0,54.6,True,False,False,True,False,False,False,False,True,False,False,False,False,False,True,False,True,True,False,36.49,32.93,3.56
9.09,2.08,1,1.1,3.95,0,52.7,False,False,False,False,True,False,False,True,False,False,False,False,False,True,False,False,True,False,True,56.46,57.89,1.43
3.67,0.38,0,3.5,4.26,1,98.1,False,False,True,False,True,False,True,False,False,False,False,False,True,False,False,True,False,True,False,47.43,44.02,3.41
4.01,0.39,0,1.3,4.5,1,83.8,False,True,False,False,False,False,True,False,False,False,False,False,False,True,False,False,True,True,False,28.8,28.73,0.07
4.01,3.77,0,5.9,4.3,0,97.2,False,False,False,False,False,False,False,True,False,False,False,False,True,False,False,False,True,True,False,30.25,27.43,2.82
2.91,0.65,1,3.2,4.63,1,79.3,False,True,False,False,False,True,True,False,False,False,False,False,False,False,False,True,False,False,False,37.41,31.77,5.64
3.28,0.48,0,0.7,4.25,0,74.7,False,True,False,False,True,False,False,False,False,False,True,False,False,False,False,True,False,False,True,27.44,27.74,0.3
4.22,2.68,1,4.4,3.59,0,41.3,False,True,False,False,False,False,True,False,False,True,False,False,False,False,False,False,False,False,True,23.95,24.12,0.17
8.38,3.89,1,3.8,4.34,0,38.3,True,False,False,False,False,False,False,True,False,False,True,False,False,False,False,False,True,True,False,40.01,38.33,1.68
6.34,0.85,0,0.1,4.53,0,22.9,False,False,True,False,False,False,False,True,False,False,False,True,False,False,False,True,False,False,False,45.69,42.36,3.33
2.12,0.28,1,1.5,3.99,1,24.4,True,False,False,False,False,False,False,False,False,False,False,False,False,False,False,True,False,False,True,18.07,20.36,2.29
0.89,2.72,0,7.1,4.29,1,88.7,False,False,True,False,False,True,True,False,False,False,True,False,False,False,False,False,True,True,False,30.91,34.07,3.16
3.39,0.97,1,4.0,3.93,0,40.7,False,False,False,False,False,True,False,True,False,False,False,False,False,False,True,True,False,False,False,28.92,33.63,4.71
5.58,0.75,0,0.2,4.58,0,76.9,False,True,False,True,False,False,False,False,True,False,False,False,False,True,False,True,False,False,False,22.86,30.24,7.38
4.02,3.9,1,3.4,4.42,1,61.9,False,True,False,False,False,False,True,False,False,False,False,False,False,False,True,False,True,False,True,28.73,32.64,3.91
3.59,0.6,1,0.8,4.28,0,84.8,True,False,False,False,False,False,False,False,False,False,False,False,False,False,False,False,True,True,False,21.65,21.96,0.31
7.72,0.26,1,0.6,4.8,1,12.5,False,False,False,False,False,False,False,False,False,False,False,False,True,False,False,False,False,False,True,48.36,46.82,1.54
7.26,2.53,0,1.3,4.49,0,39.4,False,True,False,False,True,False,False,False,True,False,True,False,False,False,False,False,True,False,True,43.64,43.65,0.01
5.74,0.26,0,6.9,4.2,0,14.5,False,False,True,False,False,False,False,True,False,False,False,True,False,False,False,False,True,False,True,42.77,39.81,2.96
9.79,6.56,2,1.8,4.37,0,47.2,False,False,True,True,False,False,False,False,True,False,False,False,True,False,False,False,True,True,False,76.21,66.01,10.2
1.29,4.13,1,0.8,4.94,0,88.0,False,False,False,False,False,False,True,False,False,False,False,False,True,False,False,True,False,False,True,23.77,21.82,1.95
0.84,1.16,0,2.4,4.15,0,11.6,False,True,False,False,False,True,False,False,True,False,False,False,False,False,False,False,False,True,False,20.0,15.86,4.14
3.91,2.62,0,3.8,3.75,1,85.2,False,False,True,False,False,False,False,False,False,False,False,False,False,False,False,False,True,False,False,41.85,39.43,2.42
8.69,2.4,0,1.0,5.0,0,88.3,False,True,False,False,False,False,False,True,False,False,False,False,True,False,False,False,True,False,True,34.65,39.74,5.09
4.2,1.12,0,2.5,4.4,0,47.3,False,False,False,True,False,False,False,False,False,False,True,False,False,False,False,False,False,True,False,32.73,28.89,3.84
2.8,0.66,0,5.5,4.89,1,25.2,False,True,False,False,False,False,True,False,False,False,False,True,False,False,False,False,False,False,False,21.93,20.16,1.77
5.57,0.58,1,0.2,4.17,0,16.9,False,False,False,False,False,False,True,False,False,False,False,False,False,False,False,False,True,False,True,36.08,38.8,2.72
1.81,2.06,1,0.0,3.63,0,39.1,False,True,False,False,False,False,False,True,False,False,False,False,True,False,False,False,True,False,True,21.65,21.2,0.45
11.53,1.82,0,2.6,3.62,0,39.8,True,False,False,False,False,False,False,True,False,False,False,False,False,False,True,False,False,True,False,34.67,41.59,6.92
7.01,0.52,1,1.2,4.32,0,85.9,False,False,False,False,False,False,False,False,True,False,False,False,True,False,False,False,True,True,False,43.16,42.1,1.06
3.07,2.05,0,0.7,4.3,0,47.2,False,True,False,False,False,False,False,True,False,False,False,False,False,True,False,False,False,True,False,14.37,17.91,3.54
5.27,0.76,0,5.9,4.39,1,55.8,False,False,True,False,False,False,True,False,False,False,True,False,False,False,False,True,False,False,False,41.84,41.33,0.51
5.81,1.44,1,0.4,3.94,1,51.4,False,True,False,False,False,True,False,False,False,False,True,False,False,False,False,False,True,False,True,46.8,45.15,1.65
4.8,2.36,1,0.4,4.05,0,80.5,False,True,False,False,False,False,False,False,False,False,False,False,False,False,False,False,True,True,False,27.96,30.84,2.88
6.21,0.75,1,5.4,3.73,1,91.1,True,False,False,False,False,False,False,False,False,False,True,False,False,False,False,False,True,True,False,35.14,34.07,1.07
6.41,3.18,0,2.2,4.58,0,50.0,False,False,False,False,False,False,False,False,True,False,True,False,False,False,False,False,True,False,False,37.34,37.39,0.05
2.34,3.44,2,0.4,4.66,1,70.4,False,False,False,False,False,False,True,False,False,False,True,False,False,False,False,True,False,False,False,27.58,34.4,6.82
2.45,1.94,1,7.0,4.65,1,11.7,True,False,False,False,False,False,False,False,False,True,False,False,False,False,False,True,False,False,True,26.24,19.81,6.43
4.57,2.59,0,0.5,4.7,0,57.7,False,False,True,False,False,False,False,False,True,False,False,False,False,False,True,False,True,False,True,36.28,38.19,1.91
3.43,1.45,0,2.0,4.24,0,76.7,True,False,False,True,False,False,False,True,False,False,False,True,False,False,False,True,False,True,False,20.31,18.64,1.67
5.41,1.42,0,2.8,4.47,0,81.8,False,False,False,False,False,False,False,False,False,False,False,False,True,False,False,False,True,False,True,32.11,32.82,0.71
2.68,2.83,0,1.2,3.85,0,71.8,False,True,False,False,False,False,False,True,False,False,False,False,False,True,False,False,False,True,False,14.26,16.27,2.01
3.98,2.5,2,9.6,4.26,1,72.3,False,True,False,False,False,False,False,False,False,False,False,False,False,False,False,False,True,False,True,30.7,33.18,2.48
10.1,2.38,2,0.6,4.47,1,48.9,False,False,True,False,False,True,False,False,False,False,True,False,False,False,False,True,False,False,True,70.63,72.69,2.06
5.04,1.67,1,0.2,4.07,0,84.9,True,False,False,False,False,True,True,False,False,True,False,False,False,False,False,True,False,False,True,35.05,30.87,4.18
4.91,5.73,0,1.6,4.03,0,42.9,True,False,False,False,False,False,False,True,False,False,False,False,False,False,False,False,True,True,False,28.58,24.23,4.35
8.64,0.62,0,0.5,4.24,0,50.6,True,False,False,False,False,False,False,True,False,False,False,False,False,False,True,True,False,True,False,37.18,34.01,3.17
2.11,1.17,1,3.7,4.31,0,51.0,False,False,True,False,False,True,False,False,True,False,False,False,False,True,False,True,False,True,False,34.74,35.7,0.96
1.62,2.72,2,6.1,3.98,0,65.2,False,True,False,False,False,False,False,True,False,True,False,False,False,False,False,False,True,True,False,22.14,21.82,0.32
7.32,4.04,0,2.4,3.23,0,64.8,False,False,False,False,False,False,False,False,False,False,False,False,False,False,True,False,True,False,True,40.27,40.43,0.16
1.29,1.39,1,2.3,4.6,0,63.2,False,False,False,False,False,False,False,False,True,False,False,False,False,True,False,True,False,True,False,23.26,21.0,2.26
5.34,1.83,1,1.5,3.75,1,53.5,True,False,False,False,False,True,True,False,False,False,False,False,False,False,True,False,True,False,False,35.66,38.97,3.31
6.38,1.36,0,0.0,3.55,0,20.2,False,True,False,False,False,True,False,False,False,True,False,False,False,False,False,True,False,False,True,35.55,36.88,1.33
1.94,3.29,0,2.4,4.73,1,45.6,False,True,False,False,True,False,True,False,False,False,False,True,False,False,False,False,True,False,True,26.59,30.43,3.84
7.5,2.0,3,0.8,3.78,1,86.7,True,False,False,False,False,False,False,False,False,True,False,False,False,False,False,False,True,False,False,49.03,47.18,1.85
8.59,4.78,0,0.2,5.0,1,31.6,False,True,False,True,False,False,False,False,False,False,False,False,False,True,False,False,True,False,True,49.26,48.82,0.44
1.0,1.39,2,4.8,4.53,0,31.0,False,False,False,True,False,False,False,False,True,False,False,True,False,False,False,True,False,True,False,23.65,26.09,2.44
3.37,0.48,0,2.8,4.7,1,90.8,False,False,False,False,False,False,False,False,False,True,False,False,False,False,False,False,True,False,True,24.03,30.76,6.73
3.18,2.48,1,1.0,4.15,0,14.0,True,False,False,False,False,False,False,True,False,False,False,False,False,False,True,True,False,True,False,22.79,19.92,2.87
16.06,5.22,1,0.3,4.41,0,85.5,False,False,False,False,False,False,False,True,False,False,False,False,False,True,False,True,False,False,True,70.13,71.79,1.66
1.21,2.66,0,2.7,4.66,0,37.0,False,True,False,False,True,False,False,False,True,False,False,False,False,False,False,False,True,False,False,24.55,22.79,1.76
4.02,0.45,1,2.2,4.5,0,43.2,False,True,False,False,False,True,False,True,False,True,False,False,False,False,False,False,False,False,True,26.41,29.5,3.09
3.55,2.84,0,10.4,4.83,1,27.5,True,False,False,False,False,False,True,False,False,True,False,False,False,False,False,False,False,False,True,18.39,17.01,1.38
6.91,0.74,1,1.3,4.22,1,64.6,False,True,False,False,False,False,True,False,False,False,False,False,False,True,False,True,False,True,False,34.18,40.29,6.11
8.67,0.52,0,4.1,4.64,0,21.3,True,False,False,False,False,False,False,False,False,False,False,True,False,False,False,False,True,False,True,41.3,34.82,6.48
1.31,0.52,2,4.9,3.91,0,61.8,False,True,False,False,False,False,False,True,False,False,False,False,False,True,False,True,False,False,True,29.98,18.61,11.37
3.93,1.82,0,4.7,4.4,1,79.5,True,False,False,False,False,False,False,False,False,False,False,False,True,False,False,False,True,False,False,24.49,23.09,1.4
6.07,0.45,2,3.6,4.33,0,83.0,True,False,False,False,False,True,False,False,True,False,False,False,True,False,False,False,False,False,True,32.17,34.36,2.19
5.05,0.85,0,0.2,4.51,1,18.4,False,True,False,False,False,False,True,False,False,True,False,False,False,False,False,False,True,True,False,35.2,33.65,1.55
7.16,3.36,1,5.2,4.54,1,58.2,False,True,False,False,False,False,True,False,False,False,False,False,False,True,False,False,True,False,False,46.23,42.18,4.05
3.39,0.85,0,1.5,4.29,1,32.1,False,False,False,False,True,False,False,False,False,False,False,False,False,True,False,False,False,True,False,36.8,36.42,0.38
6.56,0.22,1,4.4,4.15,0,77.4,False,True,False,False,False,False,False,False,True,False,False,False,False,False,False,False,True,False,True,41.79,34.63,7.16
3.84,1.26,0,0.0,3.99,0,94.8,True,False,False,False,False,False,False,False,True,False,True,False,False,False,False,False,False,False,True,14.57,15.76,1.19
3.62,1.91,0,2.8,4.89,1,74.9,True,False,False,False,False,False,False,False,False,False,False,False,False,False,False,True,False,True,False,22.6,21.14,1.46
1.81,4.76,0,0.8,4.08,0,99.0,True,False,False,False,False,False,False,True,False,True,False,False,False,False,False,True,False,False,False,13.41,10.99,2.42
4.18,1.85,0,2.5,4.82,0,61.2,False,False,False,False,False,False,False,True,False,True,False,False,False,False,False,False,True,False,True,28.38,29.33,0.95
3.66,0.94,1,3.7,3.99,0,58.9,True,False,False,False,False,False,False,True,False,True,False,False,False,False,False,False,True,True,False,23.29,21.48,1.81
3.17,1.66,1,0.9,4.33,0,83.9,False,True,False,False,True,False,False,True,False,False,False,False,True,False,False,False,True,True,False,35.39,32.81,2.58
1.65,0.48,0,3.3,4.26,0,91.7,False,True,False,False,False,False,False,False,False,True,False,False,False,False,False,False,False,False,False,7.33,11.18,3.85
5.28,0.38,0,2.2,4.5,1,27.1,False,True,False,False,False,False,False,False,False,False,False,False,False,False,True,False,False,False,True,34.21,29.71,4.5
10.02,10.89,1,0.1,4.43,0,58.2,True,False,False,False,False,False,False,True,False,True,False,False,False,False,False,True,False,True,False,45.57,44.21,1.36
2.84,4.06,2,2.7,4.01,1,82.4,False,True,False,False,False,False,False,False,False,False,True,False,False,False,False,False,False,False,True,25.68,28.53,2.85
2.87,0.6,1,4.3,3.57,0,66.0,False,False,True,False,False,False,True,False,False,False,False,False,False,True,False,True,False,True,False,35.18,32.12,3.06
6.57,1.2,2,0.1,4.17,0,76.7,True,False,False,False,False,True,False,False,True,False,False,False,True,False,False,False,True,False,False,45.37,41.31,4.06
4.01,1.68,2,4.1,4.12,0,21.2,False,True,False,False,False,True,False,True,False,False,True,False,False,False,False,False,True,False,True,35.36,36.76,1.4
9.75,2.42,0,1.1,4.92,0,38.7,False,False,False,True,False,False,True,False,False,False,False,False,False,False,True,False,False,False,True,44.98,48.28,3.3
5.7,0.72,0,0.0,4.3,0,11.7,False,True,False,False,False,False,False,False,False,False,False,False,False,False,False,True,False,True,False,28.54,29.01,0.47
5.14,0.58,2,1.6,4.21,0,86.5,False,True,False,False,True,False,False,False,False,False,True,False,False,False,False,False,True,True,False,45.58,42.68,2.9
4.98,4.21,1,4.3,3.96,1,41.3,True,False,False,True,False,False,True,False,False,False,False,False,False,True,False,True,False,False,True,30.06,32.31,2.25
1.78,0.78,0,4.6,4.18,0,15.2,False,True,False,False,False,False,False,False,True,True,False,False,False,False,False,False,False,False,True,15.06,12.11,2.95
10.12,1.7,0,0.8,4.91,0,24.5,True,False,False,True,False,False,False,True,False,False,False,True,False,False,False,True,False,True,False,36.96,42.21,5.25
4.89,2.69,1,0.1,3.66,0,39.8,False,True,False,False,False,False,False,True,False,False,False,True,False,False,False,False,True,False,True,27.56,31.73,4.17
3.66,0.21,1,3.8,4.3,0,84.8,True,False,False,False,False,False,False,True,False,False,False,False,False,False,True,True,False,False,True,21.63,18.98,2.65
1.14,2.02,2,3.4,4.36,0,67.8,False,True,False,False,False,False,False,False,True,False,False,True,False,False,False,False,True,False,False,22.8,20.79,2.01
1.62,1.47,1,0.3,4.44,0,12.2,False,True,False,False,False,False,True,False,False,False,False,False,True,False,False,False,True,True,False,24.4,20.76,3.64
7.72,0.3,0,1.6,4.27,0,64.2,False,False,False,False,False,True,False,False,True,True,False,False,False,False,False,True,False,True,False,52.7,44.89,7.81
3.5,3.52,1,4.1,4.05,0,66.5,False,False,False,False,False,True,True,False,False,False,False,False,False,False,True,False,True,True,False,28.43,36.29,7.86
11.21,4.2,1,5.6,4.41,1,84.8,False,False,True,True,False,False,True,False,False,False,False,True,False,False,False,True,False,False,True,61.87,67.99,6.12
7.79,2.37,0,2.8,4.4,0,82.4,False,True,False,False,False,False,False,True,False,False,False,True,False,False,False,True,False,True,False,27.44,34.37,6.93
2.67,1.6,0,2.4,4.89,0,77.5,False,False,False,False,False,False,False,False,True,False,False,False,False,False,True,False,True,True,False,23.95,24.15,0.2
3.04,2.13,1,2.9,4.29,1,91.9,True,False,False,False,False,False,True,False,False,False,True,False,False,False,False,False,True,False,True,20.87,24.6,3.73
5.35,0.22,0,1.0,4.36,1,17.0,True,False,False,False,False,False,True,False,False,False,False,True,False,False,False,True,False,False,True,22.9,27.9,5.0
6.65,0.63,0,3.9,3.44,1,46.0,False,False,False,False,False,False,True,False,False,False,False,False,False,True,False,False,False,True,False,33.81,38.34,4.53
6.25,0.43,0,0.9,3.73,0,91.8,False,True,False,True,False,False,True,False,False,True,False,False,False,False,False,False,True,True,False,38.35,34.35,4.0
4.33,4.05,1,8.8,3.77,1,23.5,False,True,False,True,False,False,True,False,False,False,True,False,False,False,False,False,True,False,True,35.75,35.2,0.55
1.04,1.33,0,6.2,3.82,0,64.7,True,False,False,False,False,True,False,False,False,False,False,False,False,False,False,True,False,False,True,19.56,11.92,7.64
8.31,2.59,0,5.8,4.79,1,89.3,False,False,False,False,False,False,False,False,False,False,False,False,True,False,False,False,True,False,True,49.38,46.54,2.84
5.67,1.37,1,2.8,4.4,1,74.6,True,False,False,False,False,False,True,False,False,False,False,False,False,True,False,False,True,False,False,33.57,33.21,0.36
3.58,2.33,0,3.7,4.57,0,52.2,False,True,False,False,False,False,False,True,False,True,False,False,False,False,False,False,True,False,True,19.3,22.19,2.89
6.01,0.32,0,3.0,4.56,1,18.4,False,False,True,False,False,False,False,False,False,True,False,False,False,False,False,True,False,False,True,51.44,45.04,6.4
2.05,4.74,0,1.9,3.73,1,71.7,True,False,False,False,False,False,True,False,False,False,False,False,False,False,True,False,False,True,False,17.99,15.28,2.71
2.47,2.19,0,1.9,4.51,1,29.1,True,False,False,False,False,False,False,False,False,True,False,False,False,False,False,False,True,False,True,16.55,20.09,3.54
2.89,7.1,1,0.5,4.11,0,30.9,False,False,True,False,False,False,False,False,False,False,False,False,False,False,True,False,True,True,False,35.09,37.59,2.5
10.59,5.1,1,5.1,4.56,1,80.4,False,False,True,True,False,False,False,False,False,True,False,False,False,False,False,False,True,False,False,72.28,68.25,4.03
4.83,2.97,0,1.8,4.59,0,27.1,False,False,True,False,False,True,False,False,False,False,False,False,False,True,False,False,False,False,True,37.52,40.92,3.4
7.81,1.59,1,2.5,3.74,0,84.7,False,False,False,False,False,True,False,True,False,False,False,False,False,False,False,False,True,False,True,49.21,50.54,1.33
4.25,0.71,3,0.2,3.47,0,96.6,False,True,False,False,False,False,True,False,False,False,False,False,False,True,False,False,True,True,False,31.56,35.47,3.91
1.46,1.67,2,0.1,3.6,0,18.5,False,True,False,False,False,True,False,True,False,False,False,False,False,True,False,False,True,False,False,32.01,29.47,2.54
5.75,1.43,0,0.5,4.36,0,70.0,False,True,False,False,False,False,False,True,False,False,True,False,False,False,False,True,False,False,False,28.2,28.43,0.23
8.16,5.51,0,3.4,3.95,0,61.0,True,False,False,False,False,False,True,False,False,False,False,False,False,False,False,True,False,False,True,31.21,32.05,0.84
8.34,1.07,0,2.8,4.53,0,89.2,False,True,False,False,False,False,True,False,False,True,False,False,False,False,False,False,True,False,False,38.26,37.73,0.53
3.27,1.37,2,3.4,4.18,0,98.2,False,True,False,False,False,True,False,True,False,False,False,False,False,True,False,False,True,True,False,32.24,33.3,1.06
1.47,1.38,0,2.2,4.27,0,37.7,True,False,False,False,False,True,False,True,False,False,False,False,False,False,False,True,False,False,True,19.19,15.26,3.93
3.46,4.16,1,2.3,3.16,1,62.8,False,False,False,False,False,False,True,False,False,False,True,False,False,False,False,False,True,False,False,42.06,36.21,5.85
3.3,0.72,2,2.7,3.92,1,60.2,False,True,False,False,False,False,True,False,False,False,False,True,False,False,False,False,True,True,False,33.48,33.38,0.1
3.6,1.82,1,1.3,4.06,0,65.0,False,False,False,False,False,True,False,True,False,False,False,False,False,False,True,False,True,True,False,32.41,37.33,4.92
5.37,8.27,1,0.5,4.85,0,75.9,False,True,False,False,False,False,True,False,False,False,False,False,False,True,False,True,False,False,False,32.47,31.73,0.74
9.13,0.9,1,0.5,4.27,0,31.1,False,True,False,False,False,True,False,True,False,False,True,False,False,False,False,False,True,False,True,58.86,51.44,7.42
12.41,1.68,1,6.3,3.79,0,56.1,True,False,False,False,False,False,False,True,False,False,False,False,False,True,False,False,True,False,True,48.87,49.82,0.95
7.23,0.63,2,0.6,4.15,0,49.9,True,False,False,False,False,False,False,False,True,False,False,False,False,True,False,True,False,True,False,31.42,35.94,4.52
10.59,2.16,1,3.6,4.73,0,44.9,True,False,False,True,False,False,False,True,False,False,False,False,False,False,True,False,True,False,True,48.89,48.13,0.76
0.61,7.09,1,2.3,4.9,0,83.3,False,True,False,False,False,False,False,False,True,False,True,False,False,False,False,True,False,True,False,16.91,15.03,1.88
2.25,1.75,0,8.1,4.39,1,69.2,True,False,False,False,False,False,True,False,False,False,False,False,False,False,True,True,False,True,False,25.53,14.73,10.8
14.95,1.42,1,2.8,4.17,0,64.3,True,False,False,False,False,False,False,True,False,False,False,True,False,False,False,False,True,True,False,67.19,59.69,7.5
3.61,2.75,1,1.6,4.1,1,28.1,False,False,True,False,False,True,False,False,False,False,True,False,False,False,False,True,False,True,False,47.63,47.5,0.13
1.9,2.71,0,1.4,4.46,1,58.3,False,True,False,False,False,False,False,False,False,False,False,True,False,False,False,True,False,False,True,16.65,20.36,3.71
4.15,0.35,0,4.5,3.76,0,88.2,True,False,False,False,False,True,False,False,True,False,False,False,True,False,False,False,True,True,False,24.76,24.3,0.46
2.23,3.1,0,6.1,4.13,0,58.5,False,False,True,False,False,False,True,False,False,False,False,True,False,False,False,True,False,True,False,21.93,26.48,4.55
3.76,2.27,0,0.1,4.1,1,92.7,False,True,False,False,False,False,True,False,False,False,False,False,False,False,False,True,False,True,False,29.42,26.8,2.62
4.13,3.45,0,3.3,4.5,0,37.6,True,False,False,False,False,False,False,True,False,False,False,False,False,False,False,False,True,True,False,21.26,20.56,0.7
2.39,0.33,1,0.8,4.72,0,12.7,False,False,False,False,False,True,False,False,True,False,False,True,False,False,False,False,True,True,False,41.98,33.54,8.44
4.98,0.62,2,1.0,4.51,0,87.0,False,False,False,False,False,True,False,False,False,False,False,True,False,False,False,False,True,False,True,49.75,44.76,4.99
1.39,2.03,0,9.1,4.04,0,28.7,False,True,False,False,False,True,False,False,True,False,False,False,True,False,False,False,True,False,True,19.01,18.57,0.44
1.46,0.74,0,4.2,4.53,0,62.7,False,True,False,False,False,False,False,True,False,True,False,False,False,False,False,True,False,True,False,13.17,12.53,0.64
5.41,1.71,0,1.3,4.61,0,39.7,False,False,False,False,False,True,False,True,False,False,True,False,False,False,False,False,True,True,False,32.05,40.21,8.16
1.87,2.08,1,6.2,4.12,0,52.4,False,True,False,False,False,False,False,True,False,False,True,False,False,False,False,False,True,False,True,19.3,19.21,0.09
2.07,2.3,1,1.4,4.61,0,18.0,True,False,False,False,False,True,False,False,False,True,False,False,False,False,False,False,True,False,False,20.93,23.39,2.46
2.76,2.33,1,3.9,4.03,0,69.2,False,False,False,False,False,False,False,False,False,False,False,True,False,False,False,True,False,True,False,30.14,25.66,4.48
7.9,2.69,0,2.8,4.19,1,43.0,True,False,False,False,False,False,False,False,False,False,False,False,True,False,False,False,True,True,False,35.34,37.88,2.54
5.8,3.17,0,5.4,3.54,0,89.7,False,False,False,False,False,False,False,True,False,False,False,False,False,False,False,False,True,True,False,30.39,33.81,3.42
2.78,0.91,0,3.0,3.64,1,57.8,False,False,True,False,False,True,False,False,False,False,False,False,False,True,False,True,False,False,True,40.96,39.51,1.45
1.46,2.18,0,1.6,4.45,1,52.1,False,True,False,False,True,False,True,False,False,False,False,False,False,True,False,True,False,False,True,22.69,26.7,4.01
3.96,2.11,0,2.4,3.74,0,53.0,True,False,False,False,True,False,False,True,False,False,False,False,True,False,False,False,True,True,False,30.64,27.63,3.01
4.74,1.59,1,2.1,3.88,1,40.3,False,True,False,False,False,False,False,False,False,False,False,False,False,False,True,False,True,False,True,37.59,35.29,2.3
5.07,7.01,0,1.1,4.77,0,74.9,True,False,False,False,False,False,False,False,True,True,False,False,False,False,False,False,True,False,True,27.24,24.44,2.8
5.02,0.59,0,2.1,3.32,0,85.5,True,False,False,False,False,False,False,False,False,False,True,False,False,False,False,False,True,False,True,28.81,22.74,6.07
7.06,0.71,0,0.0,3.81,0,79.8,True,False,False,False,False,True,False,True,False,False,False,False,True,False,False,False,True,True,False,37.01,36.06,0.95
1.95,1.43,1,4.5,4.96,0,84.4,False,True,False,False,False,False,True,False,False,False,False,False,False,False,True,False,True,False,True,14.91,19.49,4.58
3.58,0.62,1,3.2,4.15,0,45.2,True,False,False,False,False,False,False,False,True,False,False,False,False,False,False,False,True,True,False,16.4,21.46,5.06
2.61,0.85,1,4.1,4.25,0,56.6,True,False,False,False,False,False,False,False,True,False,False,False,False,True,False,True,False,True,False,15.86,15.58,0.28
6.73,3.9,2,1.1,4.58,1,14.3,False,False,True,False,False,False,True,False,False,False,False,True,False,False,False,False,False,False,True,54.08,54.38,0.3
3.59,6.03,0,1.2,4.42,1,42.9,True,False,False,False,False,False,False,False,False,False,False,False,False,False,True,True,False,True,False,23.26,22.98,0.28
4.49,0.8,0,1.9,4.82,0,51.0,False,False,False,False,False,False,False,False,True,False,True,False,False,False,False,False,True,False,True,30.54,30.56,0.02
6.34,0.42,0,2.8,4.44,0,32.7,False,True,False,True,False,False,True,False,False,False,False,False,False,False,True,True,False,False,True,33.73,32.7,1.03
1.82,1.18,1,1.8,4.72,1,31.4,True,False,False,False,False,False,False,False,False,True,False,False,False,False,False,False,True,True,False,19.59,21.34,1.75
11.02,0.53,1,2.9,3.98,1,60.7,True,False,False,True,False,False,True,False,False,False,False,False,False,False,True,False,True,False,True,57.86,54.3,3.56
6.95,1.32,1,3.9,3.95,1,87.7,False,True,False,False,False,False,True,False,False,False,False,False,False,True,False,False,True,False,False,39.14,41.17,2.03
2.01,1.77,0,1.4,4.56,1,20.9,False,True,False,False,False,True,False,False,False,False,False,False,False,False,True,False,True,True,False,28.16,29.01,0.85
2.5,0.55,1,1.6,4.7,0,20.5,True,False,False,True,False,False,False,False,True,False,False,False,True,False,False,True,False,False,False,25.82,19.33,6.49
4.08,0.41,2,0.9,4.07,0,83.4,False,True,False,True,False,False,False,False,False,False,False,False,True,False,False,True,False,True,False,34.77,32.05,2.72
5.93,0.39,0,0.8,4.29,0,10.8,True,False,False,False,False,False,False,False,True,True,False,False,False,False,False,True,False,True,False,23.7,25.0,1.3
12.16,2.55,0,0.2,4.99,1,73.9,True,False,False,False,False,False,False,False,False,False,False,False,False,True,False,False,False,True,False,44.73,48.97,4.24
3.02,1.24,1,2.5,4.3,1,42.4,False,True,False,False,False,False,False,False,False,False,False,False,False,True,False,False,True,False,False,30.43,29.02,1.41
3.06,1.2,2,0.7,4.09,0,77.4,False,True,False,False,True,False,False,False,True,False,False,False,False,False,False,False,False,False,True,33.98,32.27,1.71
5.26,2.31,0,0.7,3.72,1,96.8,False,False,False,True,False,False,False,False,False,True,False,False,False,False,False,True,False,True,False,37.18,39.26,2.08
4.58,0.63,1,10.3,4.36,0,87.5,False,False,False,False,False,False,False,True,False,False,False,False,False,False,True,False,True,False,False,31.31,30.83,0.48
6.53,1.98,0,4.0,4.67,1,19.3,False,False,True,False,False,True,True,False,False,False,False,False,True,False,False,False,True,False,True,58.34,54.44,3.9
6.86,2.03,3,0.9,4.02,0,85.1,False,False,False,False,False,False,True,False,False,False,True,False,False,False,False,False,True,False,False,46.13,49.44,3.31
3.01,2.2,0,4.5,4.29,0,54.8,False,False,False,False,False,False,True,False,False,False,False,False,False,True,False,False,True,False,False,21.55,24.73,3.18
1.96,0.35,1,0.7,4.26,0,51.2,True,False,False,True,False,False,False,False,False,False,False,False,False,False,False,True,False,True,False,22.56,17.84,4.72
6.99,2.6,0,0.1,4.25,1,16.7,True,False,False,False,False,False,True,False,False,False,False,False,False,False,True,False,True,False,False,45.08,36.36,8.72
4.15,1.88,0,0.3,5.0,0,74.9,False,False,False,False,False,False,False,True,False,False,False,False,True,False,False,False,True,False,False,25.3,29.75,4.45
9.44,2.17,2,2.8,3.33,0,97.0,False,True,False,False,False,True,False,False,True,True,False,False,False,False,False,False,True,True,False,59.25,54.36,4.89
8.32,0.26,1,4.0,4.72,0,59.4,True,False,False,False,False,False,False,True,False,False,False,True,False,False,False,False,True,False,False,45.38,36.72,8.66
7.84,5.59,0,7.0,4.4,0,24.6,False,True,False,False,False,False,False,False,True,False,False,False,False,False,True,True,False,True,False,32.42,34.37,1.95
4.82,0.28,1,2.6,5.0,1,97.9,True,False,False,False,False,False,False,False,False,False,False,False,False,False,True,False,True,False,True,29.97,30.08,0.11
4.21,0.24,1,1.0,5.0,1,18.8,False,False,False,False,True,False,False,False,False,False,False,False,False,False,True,False,True,False,True,50.64,46.76,3.88
5.84,6.55,0,3.9,4.36,0,68.8,False,True,False,False,False,False,False,True,False,False,True,False,False,False,False,False,True,True,False,28.26,30.66,2.4
2.51,0.72,0,0.9,4.28,0,77.6,False,False,False,False,False,True,False,False,False,False,False,False,False,False,False,False,False,False,True,19.04,25.95,6.91
13.15,1.67,0,2.0,3.11,0,59.6,True,False,False,False,False,False,False,False,True,False,True,False,False,False,False,False,True,True,False,56.36,50.61,5.75
5.86,2.53,0,1.1,3.93,1,20.9,False,True,False,False,False,False,True,False,False,False,False,False,False,False,True,True,False,False,True,33.93,34.39,0.46
1.72,0.34,1,4.9,5.0,0,44.6,False,False,False,False,False,False,True,False,False,False,False,False,False,False,False,False,True,True,False,21.87,23.81,1.94
3.79,1.7,0,3.5,4.51,0,84.9,False,True,False,False,False,False,False,False,False,False,False,False,False,False,False,False,False,False,True,21.36,18.72,2.64
2.66,1.26,0,0.7,5.0,0,23.6,False,True,False,False,False,False,False,False,True,False,False,True,False,False,False,False,True,True,False,21.55,20.34,1.21
1.92,2.69,3,0.8,4.12,0,64.7,False,True,False,True,False,False,False,False,True,False,False,False,False,True,False,False,True,False,True,30.23,30.93,0.7
2.12,0.51,0,3.5,5.0,0,20.0,True,False,False,False,False,False,False,True,False,True,False,False,False,False,False,True,False,False,False,15.25,11.13,4.12
4.65,2.51,0,1.9,4.05,0,36.4,False,True,False,False,False,True,False,False,True,False,True,False,False,False,False,True,False,True,False,29.11,30.61,1.5
5.93,4.36,0,2.9,3.71,0,45.5,False,True,False,False,False,True,False,False,True,False,True,False,False,False,False,True,False,True,False,36.44,34.8,1.64
5.01,6.55,0,4.0,4.72,0,61.3,False,True,False,False,False,True,True,False,False,True,False,False,False,False,False,False,True,False,True,34.5,33.38,1.12
3.83,0.48,0,4.7,4.19,1,26.1,False,True,False,False,False,True,True,False,False,False,False,False,False,True,False,True,False,False,False,32.53,31.25,1.28
10.41,1.07,1,2.3,4.29,0,92.9,False,True,False,False,False,False,False,True,False,False,True,False,False,False,False,False,True,False,True,47.77,48.54,0.77
6.57,0.39,0,1.9,4.2,0,85.3,True,False,False,False,False,False,False,False,True,False,False,False,True,False,False,False,True,True,False,30.19,27.66,2.53
2.58,1.26,0,1.5,4.56,0,27.4,False,True,False,False,True,False,False,False,True,False,True,False,False,False,False,True,False,True,False,29.11,25.88,3.23
7.45,0.36,1,0.4,3.62,1,48.9,False,False,False,True,False,False,False,False,False,False,False,False,False,False,True,False,True,True,False,54.75,52.6,2.15
2.3,3.71,0,2.6,4.13,0,77.2,False,False,False,True,False,False,False,False,True,False,False,False,False,False,False,True,False,False,True,32.08,24.07,8.01
2.64,1.67,1,2.0,4.2,1,50.1,False,False,False,False,False,False,False,False,False,False,True,False,False,False,False,True,False,True,False,27.06,31.24,4.18
3.32,1.34,1,0.9,4.16,0,23.6,True,False,False,False,False,False,False,True,False,True,False,False,False,False,False,True,False,True,False,22.31,19.92,2.39
5.52,3.71,0,0.2,4.39,0,94.9,True,False,False,True,False,False,False,True,False,False,False,False,True,False,False,True,False,True,False,24.91,26.42,1.51
4.09,5.2,0,0.7,4.44,1,13.2,True,False,False,False,False,False,False,False,False,False,False,False,True,False,False,False,True,True,False,29.93,26.8,3.13
1.57,6.03,2,5.3,4.46,0,30.8,False,False,True,False,False,True,False,False,True,False,False,False,True,False,False,True,False,True,False,37.37,38.06,0.69
5.49,1.09,2,1.4,4.63,1,20.8,False,True,False,False,False,False,True,False,False,False,False,False,False,False,False,True,False,False,True,40.43,39.73,0.7
7.96,0.49,0,2.2,4.29,0,49.5,False,False,False,False,False,False,False,True,False,True,False,False,False,False,False,False,True,True,False,41.51,42.1,0.59
10.33,1.19,0,3.6,4.18,0,54.3,True,False,False,True,False,False,True,False,False,False,False,False,False,False,False,False,True,True,False,47.07,43.48,3.59
3.27,3.07,0,0.9,4.37,0,15.0,False,True,False,False,False,True,False,True,False,False,True,False,False,False,False,True,False,False,False,30.93,26.77,4.16
2.34,3.64,0,3.0,4.57,0,75.3,True,False,False,False,False,False,False,False,True,False,True,False,False,False,False,True,False,False,True,6.26,12.07,5.81
2.53,0.58,1,2.8,3.49,0,52.3,False,True,False,False,False,False,False,False,False,False,False,False,True,False,False,False,True,False,False,17.29,22.02,4.73
1.41,5.91,0,0.9,5.0,0,65.3,False,True,False,False,False,False,False,True,False,False,False,False,False,False,False,False,True,True,False,16.63,16.73,0.1
1.05,2.64,1,1.3,4.31,0,68.4,False,False,True,True,False,False,False,True,False,False,False,True,False,False,False,False,True,False,True,34.05,32.46,1.59
3.14,0.39,1,2.6,4.7,0,99.5,False,False,True,False,False,False,False,True,False,False,False,False,False,False,True,False,True,False,True,39.0,35.28,3.72
3.53,2.32,1,0.7,4.52,0,17.3,False,False,True,False,True,False,True,False,False,False,False,False,True,False,False,True,False,False,True,45.68,44.48,1.2
0.95,1.5,0,0.7,4.87,1,25.2,False,True,False,False,False,False,True,False,False,False,False,False,False,False,True,False,True,False,True,20.31,19.8,0.51
2.37,2.37,0,0.8,4.31,1,61.9,True,False,False,False,False,True,True,False,False,False,False,True,False,False,False,False,True,True,False,23.99,25.73,1.74
1.65,9.78,0,4.9,4.27,1,23.8,True,False,False,False,False,True,True,False,False,False,False,False,False,False,False,True,False,True,False,24.59,21.89,2.7
7.21,2.24,1,2.5,4.02,1,68.5,False,False,False,False,False,False,True,False,False,False,False,False,False,True,False,False,True,False,True,52.08,47.92,4.16
2.29,0.53,1,1.6,4.21,0,26.7,False,True,False,True,False,False,True,False,False,False,True,False,False,False,False,True,False,True,False,23.45,23.39,0.06
4.49,2.41,1,0.5,3.76,0,20.6,True,False,False,False,False,False,False,False,True,False,False,False,True,False,False,False,True,True,False,24.54,26.02,1.48
7.3,1.65,0,3.7,4.53,0,78.2,False,False,False,False,False,False,False,True,False,False,True,False,False,False,False,True,False,True,False,37.73,37.38,0.35
3.58,1.05,1,6.8,4.42,0,57.3,False,False,False,True,False,False,False,True,False,False,True,False,False,False,False,False,True,False,True,33.48,32.26,1.22
0.82,2.08,0,1.3,3.46,0,17.5,False,True,False,False,False,False,False,True,False,False,False,False,False,False,False,False,False,False,False,10.62,10.62,0.0
2.08,3.82,3,5.4,3.3,0,68.8,False,False,False,False,False,False,False,False,False,False,False,False,False,False,False,True,False,False,True,29.7,30.18,0.48
6.08,3.07,0,8.7,4.22,0,12.8,False,False,False,False,False,False,True,False,False,True,False,False,False,False,False,False,True,False,True,36.32,34.27,2.05
6.28,1.44,2,3.2,4.68,1,40.4,False,True,False,False,False,False,True,False,False,True,False,False,False,False,False,True,False,False,True,38.59,41.43,2.84
1.15,2.08,0,2.5,4.54,1,20.0,False,True,False,True,False,False,False,False,False,True,False,False,False,False,False,False,True,False,True,22.82,22.72,0.1
11.82,4.61,0,2.8,4.27,0,51.5,False,False,True,False,False,False,True,False,False,False,False,False,False,False,True,True,False,False,True,58.59,60.27,1.68
1.77,1.72,0,0.8,4.17,1,86.5,False,True,False,False,True,False,False,False,False,False,False,True,False,False,False,False,False,True,False,28.88,25.94,2.94
6.6,0.82,0,1.4,4.5,0,23.8,False,True,False,False,False,False,False,False,True,False,True,False,False,False,False,False,True,True,False,36.94,33.39,3.55
1.31,1.16,2,3.9,5.0,0,72.4,False,True,False,True,False,False,False,True,False,False,True,False,False,False,False,False,True,False,True,25.09,24.18,0.91
6.93,0.28,0,1.0,4.27,0,23.4,False,True,False,False,False,False,False,False,True,True,False,False,False,False,False,False,True,True,False,35.97,34.34,1.63
6.28,0.2,0,8.1,4.38,0,20.4,False,True,False,False,False,False,False,True,False,False,True,False,False,False,False,False,True,False,False,26.56,29.74,3.18
8.94,0.36,0,5.2,3.67,0,98.8,True,False,False,False,False,False,False,False,True,False,False,True,False,False,False,False,True,True,False,28.66,34.33,5.67
3.25,3.77,0,0.0,3.98,1,33.8,True,False,False,False,False,False,False,False,False,False,False,True,False,False,False,True,False,False,True,27.42,21.71,5.71
2.17,1.1,1,0.2,4.71,1,35.5,False,False,False,False,False,False,True,False,False,False,False,False,True,False,False,True,False,True,False,30.24,30.14,0.1
1.62,2.14,0,0.5,4.25,0,43.1,False,True,False,False,False,True,False,False,False,False,False,False,True,False,False,False,True,False,False,22.43,22.47,0.04
3.23,0.41,3,0.0,3.98,0,54.2,True,False,False,False,False,False,False,True,False,False,False,True,False,False,False,True,False,False,True,25.36,26.34,0.98
1.55,0.39,2,5.8,4.09,1,37.1,False,True,False,False,False,False,True,False,False,False,False,False,False,True,False,False,False,True,False,28.55,22.74,5.81
7.0,0.82,0,3.5,4.19,0,98.9,False,False,False,False,False,False,True,False,False,False,True,False,False,False,False,False,True,False,True,35.29,37.92,2.63
2.22,2.1,1,10.8,4.76,0,65.2,False,False,False,False,False,False,True,False,False,False,True,False,False,False,False,True,False,False,True,17.92,21.38,3.46
6.5,3.52,0,6.1,4.42,1,99.7,True,False,False,False,False,False,True,False,False,False,False,False,False,False,True,False,True,True,False,33.74,31.71,2.03
8.92,4.46,2,7.3,3.6,0,36.1,False,False,True,True,False,False,False,False,False,False,False,False,False,True,False,False,True,False,True,58.93,60.76,1.83
3.34,2.54,1,2.2,4.73,1,78.3,False,False,False,False,False,False,False,False,False,False,False,False,True,False,False,True,False,False,True,34.45,32.89,1.56
1.49,0.25,1,0.6,4.16,0,95.3,False,True,False,False,False,False,False,True,False,False,False,False,False,False,False,False,True,True,False,14.17,19.1,4.93
2.34,0.72,0,4.1,3.92,0,49.4,True,False,False,False,False,True,False,False,False,False,True,False,False,False,False,False,True,False,False,22.45,19.23,3.22
5.97,4.83,0,1.9,4.54,0,54.7,False,False,True,False,False,False,True,False,False,False,True,False,False,False,False,False,True,True,False,38.08,43.18,5.1
0.94,0.64,2,3.8,4.15,0,74.8,False,False,False,False,False,False,False,True,False,False,True,False,False,False,False,False,True,False,True,28.35,24.83,3.52
8.2,0.3,0,0.4,4.23,0,25.2,False,False,False,False,False,True,False,False,False,False,False,False,False,True,False,False,False,True,False,38.84,45.72,6.88
4.13,0.39,1,0.2,4.9,0,71.8,False,False,False,False,False,False,False,False,True,False,False,False,False,False,True,False,True,True,False,38.91,33.22,5.69
2.66,4.0,1,0.5,4.61,0,25.2,True,False,False,False,False,False,True,False,False,False,False,False,False,False,True,False,True,True,False,13.1,20.54,7.44
8.45,1.22,0,0.7,3.98,0,64.9,False,False,False,False,False,False,False,False,True,True,False,False,False,False,False,True,False,False,True,42.69,42.0,0.69
3.64,0.61,0,4.1,4.61,0,49.8,False,False,False,False,False,True,False,True,False,False,False,False,False,False,False,True,False,False,True,27.56,30.65,3.09
4.62,1.16,1,0.0,4.5,0,65.1,False,True,False,False,False,False,True,False,False,False,False,False,True,False,False,False,False,False,True,23.31,26.34,3.03
5.06,2.77,0,0.2,4.32,0,91.3,False,False,True,True,False,False,False,False,False,False,False,False,False,True,False,False,False,True,False,34.75,38.72,3.97
8.86,0.71,2,1.7,4.53,1,62.3,True,False,False,False,False,False,True,False,False,False,False,False,True,False,False,False,True,True,False,48.87,47.96,0.91
2.04,0.23,1,1.7,4.54,0,68.9,False,False,False,False,False,False,False,False,True,False,False,True,False,False,False,True,False,False,True,24.1,23.42,0.68
3.88,0.89,1,1.0,4.11,0,84.6,True,False,False,False,False,False,True,False,False,False,False,False,False,False,True,False,True,False,True,19.45,22.93,3.48
10.31,0.45,1,3.9,4.77,0,85.4,False,True,False,False,False,False,False,False,True,True,False,False,False,False,False,False,True,False,True,48.13,47.22,0.91
4.45,0.32,0,1.7,4.62,1,29.0,False,True,False,False,False,False,False,False,False,True,False,False,False,False,False,False,True,False,True,28.33,30.66,2.33
3.57,1.39,2,0.4,4.28,0,77.8,False,False,False,False,False,False,False,True,False,False,False,False,False,False,True,True,False,True,False,26.86,33.08,6.22
5.12,1.45,0,2.3,4.36,0,49.1,False,False,True,False,False,False,False,False,False,False,False,False,True,False,False,False,False,False,False,38.55,35.33,3.22
3.37,2.82,0,2.2,4.55,0,12.3,False,True,False,False,False,False,True,False,False,False,False,False,False,False,True,False,True,False,False,24.68,22.8,1.88
8.0,1.16,1,2.3,4.89,0,67.6,False,True,False,False,True,False,False,True,False,False,False,False,True,False,False,True,False,False,True,51.68,46.44,5.24
2.87,2.15,1,5.7,4.6,0,23.3,False,False,False,False,False,False,True,False,False,True,False,False,False,False,False,True,False,False,True,23.12,25.82,2.7
2.33,2.98,2,1.3,4.28,0,61.2,False,True,False,False,False,False,False,True,False,False,False,False,False,False,True,False,True,False,True,22.46,26.13,3.67
4.11,2.11,1,1.7,4.53,0,87.1,True,False,False,True,False,False,False,True,False,True,False,False,False,False,False,True,False,False,True,27.68,24.43,3.25
3.32,2.6,2,0.4,4.62,0,86.8,True,False,False,False,False,False,False,True,False,False,False,True,False,False,False,True,False,False,True,20.49,22.98,2.49
6.92,2.96,0,0.4,4.3,1,30.3,True,False,False,False,False,False,True,False,False,False,True,False,False,False,False,False,True,False,True,34.23,35.98,1.75
2.14,6.26,0,0.6,4.39,0,25.9,False,True,False,False,False,False,True,False,False,False,False,False,True,False,False,False,True,False,True,17.49,19.58,2.09
3.16,0.37,1,1.3,4.29,1,74.3,False,False,True,False,False,False,False,False,False,False,False,False,False,False,True,False,True,False,True,43.95,41.1,2.85
4.1,3.59,0,3.2,3.8,0,53.4,False,False,False,False,False,False,True,False,False,False,True,False,False,False,False,True,False,True,False,26.66,27.6,0.94
7.33,2.14,0,4.6,4.05,0,43.6,False,False,False,False,False,False,False,False,False,True,False,False,False,False,False,False,True,False,True,44.08,39.35,4.73
2.23,1.03,1,2.7,4.32,0,86.8,False,False,False,False,False,True,False,True,False,False,False,False,False,False,True,False,True,True,False,36.53,31.76,4.77
5.76,1.94,0,3.4,4.5,0,49.2,False,True,False,False,False,False,False,True,False,True,False,False,False,False,False,True,False,True,False,21.12,27.66,6.54
3.05,1.56,0,0.1,3.61,0,50.8,False,False,False,False,False,False,True,False,False,False,False,False,True,False,False,False,True,True,False,25.21,26.55,1.34
6.11,0.87,1,1.2,4.8,0,47.9,False,False,False,False,False,True,True,False,False,False,False,True,False,False,False,False,True,False,True,45.58,45.55,0.03
2.56,1.28,0,0.9,4.21,1,21.3,False,False,True,False,False,False,True,False,False,False,False,False,False,False,False,False,True,True,False,33.47,36.71,3.24
4.98,1.65,1,2.5,3.79,0,10.1,False,True,False,False,False,False,False,True,False,True,False,False,False,False,False,True,False,False,True,23.66,29.27,5.61
3.99,0.87,0,2.5,4.6,0,74.3,False,False,True,False,False,True,False,False,True,False,False,False,True,False,False,True,False,False,True,37.88,38.41,0.53
2.59,1.29,0,0.4,4.47,0,30.8,True,False,False,False,False,False,False,False,False,True,False,False,False,False,False,True,False,False,False,14.88,13.84,1.04
5.57,1.38,0,2.1,3.87,0,42.0,False,False,False,False,False,True,False,True,False,False,False,False,False,False,True,False,True,True,False,40.66,40.32,0.34
2.79,1.67,0,1.1,4.46,0,81.8,False,False,False,False,False,True,False,False,True,False,True,False,False,False,False,True,False,False,True,31.15,28.7,2.45
1.38,1.46,0,1.4,3.95,0,52.6,False,True,False,False,False,False,False,True,False,False,False,False,False,True,False,True,False,False,True,14.28,13.41,0.87
4.12,1.09,1,2.1,4.49,0,60.3,False,True,False,False,False,True,False,True,False,True,False,False,False,False,False,True,False,True,False,24.26,31.62,7.36
5.41,6.79,1,0.8,4.61,1,88.7,True,False,False,False,True,False,False,False,False,True,False,False,False,False,False,False,True,False,True,43.42,42.04,1.38
3.89,0.38,1,1.8,3.22,0,16.4,False,True,False,False,False,True,False,False,False,False,False,False,True,False,False,False,True,False,True,35.79,33.14,2.65
1.69,2.24,2,5.9,3.71,0,92.7,True,False,False,True,False,False,True,False,False,False,False,False,False,True,False,True,False,False,True,13.04,18.16,5.12
1.04,1.22,0,0.5,4.15,0,86.1,False,False,False,False,False,False,False,False,True,False,False,True,False,False,False,True,False,False,False,16.36,16.98,0.62
4.0,2.66,0,3.5,4.69,1,49.2,True,False,False,False,False,False,False,False,False,False,False,True,False,False,False,False,True,True,False,20.15,24.58,4.43
3.67,1.01,0,0.4,4.31,0,35.9,True,False,False,False,True,False,True,False,False,False,False,False,False,True,False,True,False,False,True,21.7,25.29,3.59
3.17,0.3,1,1.3,4.46,0,45.5,False,True,False,False,False,False,True,False,False,False,False,False,False,False,True,False,True,False,True,25.0,25.05,0.05
4.42,1.99,2,0.5,4.15,0,58.9,False,False,False,False,False,False,False,True,False,False,False,False,False,True,False,False,True,True,False,41.61,38.04,3.57
3.13,1.63,0,0.2,4.23,0,91.4,False,False,True,False,False,True,False,True,False,False,False,False,False,True,False,False,True,False,False,40.43,38.5,1.93
1.63,0.48,0,1.0,4.82,0,61.1,False,True,False,True,False,False,False,True,False,False,True,False,False,False,False,True,False,True,False,18.04,17.39,0.65
5.75,0.7,1,1.1,4.03,1,80.3,False,False,False,True,False,False,True,False,False,False,False,False,False,True,False,True,False,False,True,35.94,44.01,8.07
5.96,6.97,0,6.3,4.74,1,86.3,False,False,False,False,True,False,True,False,False,False,False,True,False,False,False,False,True,True,False,46.17,47.7,1.53
7.69,1.14,1,0.1,4.35,1,29.2,False,False,False,False,False,False,True,False,False,False,False,False,True,False,False,False,True,False,True,49.91,50.67,0.76
7.52,12.07,1,1.8,4.74,0,48.2,False,True,False,False,False,False,False,True,False,False,False,False,False,False,False,False,True,False,True,40.48,41.8,1.32
1.29,0.36,0,1.4,5.0,0,78.6,False,True,False,False,False,False,True,False,False,False,False,False,True,False,False,True,False,True,False,17.3,12.6,4.7
5.88,4.04,1,3.3,4.64,0,45.9,False,False,False,False,True,False,False,True,False,False,False,True,False,False,False,False,False,True,False,36.76,43.28,6.52
14.06,1.31,0,0.2,3.92,1,23.3,False,False,True,False,False,True,True,False,False,False,True,False,False,False,False,True,False,True,False,74.36,79.34,4.98
3.35,1.8,0,5.4,4.17,1,68.4,True,False,False,False,False,True,True,False,False,False,True,False,False,False,False,False,True,True,False,28.51,27.27,1.24
2.0,5.89,0,1.6,3.75,1,40.9,False,False,False,False,False,False,False,False,False,False,False,False,True,False,False,True,False,False,True,28.19,26.3,1.89
11.69,0.43,0,1.5,4.19,0,90.8,False,False,False,False,True,False,False,False,True,False,False,True,False,False,False,True,False,False,True,63.72,60.04,3.68
2.01,3.89,1,1.9,4.1,0,31.7,False,False,False,False,False,False,False,True,False,False,False,True,False,False,False,True,False,False,True,27.76,24.65,3.11
2.13,0.75,0,8.0,4.3,0,76.6,True,False,False,False,False,False,False,False,True,False,False,False,False,False,True,True,False,True,False,5.0,8.93,3.93
4.43,2.79,0,2.1,4.14,0,42.1,False,False,False,False,False,True,False,True,False,True,False,False,False,False,False,True,False,False,True,34.78,34.52,0.26
9.64,0.83,0,11.9,4.39,1,99.7,False,False,False,False,False,False,False,False,False,False,True,False,False,False,False,True,False,False,False,51.49,46.51,4.98
3.1,3.06,0,0.7,4.48,0,35.8,True,False,False,True,False,False,False,False,True,False,False,False,True,False,False,False,False,True,False,13.1,16.88,3.78
4.61,1.14,1,3.5,3.84,0,29.0,True,False,False,False,False,False,False,False,True,False,False,False,False,False,False,False,True,False,True,27.43,25.01,2.42
3.59,2.72,0,0.8,4.17,1,47.6,False,False,False,False,False,False,False,False,False,True,False,False,False,False,False,False,True,False,False,28.56,33.28,4.72
1.77,0.68,0,0.7,3.77,0,39.6,True,False,False,False,True,False,False,True,False,False,False,False,False,False,True,False,True,False,True,21.35,20.95,0.4
6.47,0.55,3,0.6,4.51,1,27.1,True,False,False,False,False,True,True,False,False,False,True,False,False,False,False,False,False,False,True,40.88,46.54,5.66
3.47,0.9,1,0.8,4.67,0,87.2,True,False,False,False,False,False,False,True,False,False,False,False,True,False,False,False,True,True,False,20.72,21.43,0.71
6.96,2.02,0,5.1,4.53,1,13.1,False,False,False,False,False,True,True,False,False,True,False,False,False,False,False,False,True,False,False,50.88,49.07,1.81
3.71,2.24,0,0.8,4.56,0,41.0,True,False,False,False,False,False,True,False,False,False,False,True,False,False,False,True,False,True,False,21.66,17.71,3.95
11.79,2.61,0,0.5,4.26,0,80.6,False,True,False,False,False,False,False,True,False,False,False,False,True,False,False,False,False,False,False,43.89,46.74,2.85
4.96,2.43,1,0.5,4.96,0,18.0,False,True,False,False,False,False,False,False,False,True,False,False,False,False,False,True,False,True,False,26.35,30.03,3.68
4.05,0.65,0,2.5,4.54,0,69.7,True,False,False,False,False,False,False,True,False,True,False,False,False,False,False,False,True,False,True,21.36,19.39,1.97
6.51,3.1,1,0.8,4.86,0,28.5,False,True,False,False,False,False,False,False,False,False,False,False,False,False,True,True,False,True,False,36.0,35.27,0.73
2.07,1.15,2,7.5,4.14,0,26.4,False,True,False,False,False,False,True,False,False,False,False,False,True,False,False,True,False,False,True,24.64,20.74,3.9
3.25,1.9,1,0.1,4.08,0,96.7,False,True,False,False,False,False,False,False,False,False,False,False,False,False,False,False,False,False,True,27.63,21.61,6.02
3.1,1.47,1,0.4,4.98,0,68.0,True,False,False,False,False,False,True,False,False,False,False,False,False,True,False,False,True,False,True,23.15,20.61,2.54
7.42,0.51,1,0.3,4.14,0,29.7,True,False,False,False,False,False,False,True,False,False,False,False,False,False,True,True,False,True,False,32.24,33.78,1.54
1.26,0.3,0,1.9,4.45,0,19.1,True,False,False,False,False,False,False,False,False,False,False,True,False,False,False,True,False,False,True,11.02,8.8,2.22
3.11,0.94,0,0.4,3.21,1,10.8,False,False,False,False,False,False,True,False,False,False,False,False,False,False,False,False,True,False,False,34.76,32.11,2.65
1.54,2.51,2,4.2,4.24,1,10.7,True,False,False,False,True,False,True,False,False,False,False,False,False,False,False,False,True,False,True,33.18,31.61,1.57
4.25,3.68,1,2.7,4.24,1,95.3,False,False,False,False,False,False,True,False,False,False,False,False,False,False,False,False,True,False,True,41.21,38.06,3.15
7.58,0.51,3,3.7,3.92,0,83.2,True,False,False,False,False,False,False,False,True,False,False,False,False,True,False,False,True,False,False,37.43,40.92,3.49
1.26,3.96,0,4.0,4.66,1,55.0,True,False,False,False,False,True,False,False,False,False,False,False,True,False,False,True,False,False,True,21.25,18.91,2.34
0.86,2.4,2,1.4,4.06,1,17.4,True,False,False,False,False,False,False,False,False,True,False,False,False,False,False,False,True,False,False,23.8,22.14,1.66
1.55,4.45,1,0.6,4.89,0,36.8,True,False,False,False,False,False,False,False,False,False,False,False,True,False,False,False,True,True,False,16.74,16.4,0.34
3.44,2.52,2,0.4,4.61,0,58.8,True,False,False,True,False,False,False,False,True,False,False,False,False,False,True,True,False,True,False,32.34,26.76,5.58
2.38,0.84,1,1.7,3.91,0,53.7,False,True,False,False,False,False,False,True,False,True,False,False,False,False,False,False,True,False,True,14.02,22.13,8.11
0.75,2.63,1,2.5,4.14,1,41.3,True,False,False,False,False,False,False,False,False,False,False,False,False,False,True,False,True,True,False,14.39,17.83,3.44
3.79,1.47,2,0.5,4.93,0,42.8,False,True,False,False,False,False,True,False,False,False,True,False,False,False,False,False,True,False,True,27.31,31.28,3.97
3.92,0.92,0,0.2,4.48,0,59.9,False,True,False,False,False,False,False,True,False,True,False,False,False,False,False,False,True,False,True,22.11,24.25,2.14
14.35,3.46,1,5.2,3.95,1,34.9,False,True,False,True,False,False,False,False,False,True,False,False,False,False,False,True,False,False,True,70.94,67.58,3.36
1.61,1.4,0,3.8,4.3,0,81.7,True,False,False,False,False,True,False,True,False,False,False,False,True,False,False,True,False,False,True,16.33,14.36,1.97
4.94,1.56,0,4.1,3.89,0,52.9,False,False,False,False,False,False,False,True,False,False,False,False,False,False,False,False,True,False,True,28.86,31.44,2.58
4.42,11.79,0,1.3,4.04,1,53.4,True,False,False,False,False,True,True,False,False,False,False,True,False,False,False,False,False,False,True,32.52,30.66,1.86
1.32,1.06,1,5.0,4.73,0,21.5,False,False,True,False,False,False,False,True,False,True,False,False,False,False,False,True,False,True,False,30.69,27.39,3.3
6.01,0.52,0,1.9,3.74,0,75.9,True,False,False,False,False,True,False,False,True,False,False,False,True,False,False,False,True,True,False,31.99,31.7,0.29
2.56,0.63,1,4.9,5.0,1,44.1,False,True,False,False,False,True,False,False,False,False,False,True,False,False,False,True,False,False,True,28.93,30.28,1.35
1.63,1.26,1,3.3,3.94,0,28.2,False,True,False,False,False,True,False,False,False,False,False,True,False,False,False,True,False,False,False,18.09,23.13,5.04
2.63,4.04,0,2.1,4.97,0,14.5,False,False,True,False,False,False,False,False,False,True,False,False,False,False,False,False,True,False,True,32.88,31.88,1.0
4.2,2.27,1,10.1,4.26,0,13.8,False,False,False,False,False,False,False,False,True,False,False,False,True,False,False,False,True,False,False,35.7,30.53,5.17
2.13,1.13,0,2.5,5.0,0,18.2,True,False,False,False,False,False,True,False,False,False,True,False,False,False,False,False,True,False,True,13.82,13.91,0.09
11.86,1.58,1,3.2,3.89,0,54.6,False,True,False,False,True,False,True,False,False,False,False,False,True,False,False,False,False,False,False,54.64,57.6,2.96
2.53,3.96,1,0.2,4.5,0,26.7,True,False,False,False,False,False,False,True,False,False,False,False,False,False,False,True,False,True,False,17.25,18.13,0.88
4.72,1.07,0,3.8,4.12,0,56.5,False,False,False,True,False,False,True,False,False,False,False,True,False,False,False,True,False,True,False,30.99,31.63,0.64
3.73,0.5,0,4.4,3.96,0,23.5,True,False,False,False,True,False,False,True,False,False,False,False,True,False,False,True,False,False,True,30.79,24.03,6.76
4.34,1.61,0,0.2,4.66,0,78.3,False,True,False,False,False,True,False,False,True,False,False,False,False,True,False,False,True,True,False,29.39,31.18,1.79
5.79,0.74,2,0.9,3.39,0,71.7,False,False,False,True,False,False,False,True,False,False,False,True,False,False,False,True,False,False,False,37.86,42.99,5.13
2.04,0.32,3,15.0,4.5,1,15.8,True,False,False,False,False,True,False,False,False,False,False,False,False,False,False,False,True,False,True,38.04,29.96,8.08
4.84,5.93,0,1.1,4.33,0,22.8,True,False,False,False,False,False,False,True,False,False,True,False,False,False,False,True,False,False,True,19.63,22.46,2.83
3.2,1.21,0,1.3,4.22,1,92.0,True,False,False,False,False,False,True,False,False,False,False,False,True,False,False,False,True,True,False,27.16,21.81,5.35
1.79,2.48,2,0.6,4.39,0,42.3,False,False,False,False,False,False,False,False,True,True,False,False,False,False,False,True,False,False,True,26.77,27.33,0.56
1.6,2.01,1,1.0,3.92,0,69.8,True,False,False,False,False,False,False,True,False,True,False,False,False,False,False,False,True,False,False,15.63,15.56,0.07
4.38,2.36,2,3.2,4.76,0,40.1,False,False,False,False,True,False,False,False,True,False,False,False,False,False,True,False,False,True,False,49.43,41.52,7.91
2.45,0.34,1,4.8,4.38,0,31.8,False,True,False,False,True,False,False,True,False,False,False,False,False,True,False,True,False,True,False,26.47,27.35,0.88
4.27,4.25,0,7.1,4.44,0,27.7,True,False,False,False,False,False,False,False,False,False,False,False,False,False,True,True,False,False,True,8.37,17.77,9.4
2.69,0.2,0,1.2,4.32,1,82.6,False,False,True,False,False,True,True,False,False,False,False,False,True,False,False,False,True,False,True,35.95,41.45,5.5
7.51,1.2,0,1.5,4.18,0,65.1,False,False,False,False,False,False,False,False,True,False,False,False,False,True,False,True,False,False,False,40.91,38.44,2.47
3.43,1.82,2,1.1,3.87,0,67.1,False,False,True,False,False,False,False,True,False,False,False,False,False,True,False,True,False,True,False,39.39,38.96,0.43
1.91,4.25,0,0.3,5.0,0,12.4,False,False,False,False,False,True,False,False,False,False,False,False,False,True,False,False,True,False,True,28.68,29.27,0.59
3.78,0.98,0,1.9,4.76,1,67.7,False,False,True,False,True,False,False,False,False,False,True,False,False,False,False,True,False,True,False,51.32,45.74,5.58
5.03,0.2,0,2.4,4.11,0,77.4,False,True,False,False,False,False,False,True,False,False,True,False,False,False,False,False,True,False,True,24.56,26.97,2.41
2.61,4.26,0,3.7,4.36,0,27.5,True,False,False,False,False,True,False,True,False,True,False,False,False,False,False,False,False,False,False,14.9,17.43,2.53
9.69,1.17,1,3.0,3.32,1,35.8,True,False,False,False,True,False,False,False,False,False,False,False,False,False,True,False,True,True,False,49.13,55.36,6.23
13.28,1.86,0,0.2,4.19,0,41.1,False,False,False,False,False,False,False,True,False,False,False,False,True,False,False,True,False,False,True,55.06,58.84,3.78
3.44,1.02,1,7.5,4.16,1,96.6,False,False,False,False,True,False,False,False,False,False,False,False,False,False,True,True,False,True,False,42.81,39.03,3.78
3.82,5.65,0,0.5,3.88,1,49.6,True,False,False,False,False,False,True,False,False,False,False,False,True,False,False,True,False,False,True,25.59,23.56,2.03
4.02,5.26,1,0.7,3.86,1,70.0,False,True,False,False,False,False,False,False,False,True,False,False,False,False,False,True,False,True,False,34.3,31.75,2.55
2.46,0.27,2,0.4,5.0,1,21.9,False,False,False,False,False,False,False,False,False,False,False,False,False,True,False,True,False,True,False,33.15,34.52,1.37
3.4,0.22,0,0.7,4.08,1,38.7,False,False,False,False,False,False,False,False,False,False,False,False,False,False,False,False,True,True,False,33.45,32.49,0.96
7.24,4.9,1,1.9,4.37,0,12.3,False,False,False,False,False,False,False,False,True,True,False,False,False,False,False,True,False,False,True,45.82,42.47,3.35
2.9,0.22,1,8.4,4.75,0,21.2,False,True,False,False,False,False,False,True,False,False,True,False,False,False,False,True,False,True,False,15.37,19.93,4.56
1.43,3.81,0,0.2,4.27,0,81.3,False,False,True,False,False,False,False,False,False,False,False,True,False,False,False,False,True,False,True,26.8,27.7,0.9
2.89,3.05,0,2.5,4.44,1,57.2,False,True,False,False,True,False,False,False,False,False,False,False,True,False,False,False,True,False,True,36.75,33.19,3.56
6.36,1.85,0,0.8,4.32,0,26.4,True,False,False,False,False,True,True,False,False,False,False,False,False,False,False,False,True,False,True,35.91,34.43,1.48
3.34,0.32,2,0.2,4.68,0,94.9,True,False,False,False,False,False,False,True,False,False,True,False,False,False,False,False,True,True,False,23.43,24.84,1.41
2.77,0.43,1,5.8,4.51,1,51.6,True,False,False,False,False,False,False,False,False,False,False,False,False,False,False,True,False,False,False,15.35,20.58,5.23
1.9,0.46,1,3.0,4.82,0,79.8,False,True,False,False,False,True,True,False,False,False,False,False,False,True,False,True,False,True,False,25.13,23.36,1.77
1.43,4.37,1,0.8,4.17,0,74.6,False,True,False,False,False,False,False,True,False,False,False,False,False,True,False,False,True,False,True,19.5,19.65,0.15
5.03,1.32,0,2.3,4.51,0,83.1,False,True,False,False,False,False,False,False,True,False,False,False,False,True,False,False,True,False,True,26.99,26.73,0.26
8.12,5.55,0,0.9,4.68,1,77.5,True,False,False,True,False,False,True,False,False,False,False,False,False,False,False,False,True,False,False,45.83,42.55,3.28
4.87,0.9,0,0.2,3.87,0,64.4,False,True,False,False,False,True,True,False,False,False,False,False,False,False,True,False,True,False,True,41.25,33.28,7.97
3.48,1.67,0,0.9,4.87,0,80.7,False,True,False,False,False,True,False,False,False,False,False,False,False,True,False,False,True,True,False,24.67,28.1,3.43
2.84,3.17,0,3.4,4.48,1,25.2,False,True,False,False,True,False,False,False,False,False,False,False,False,True,False,False,True,False,False,31.25,33.14,1.89
2.38,1.17,0,2.4,4.15,1,27.6,False,False,False,False,False,True,False,False,False,False,False,False,False,True,False,True,False,True,False,34.05,32.34,1.71
1.14,1.84,1,0.4,4.44,0,94.2,False,False,False,False,False,True,False,True,False,False,False,True,False,False,False,True,False,False,True,28.84,26.8,2.04
3.28,2.28,1,7.4,5.0,0,42.3,False,True,False,False,False,True,False,False,False,False,False,False,False,True,False,True,False,False,False,30.04,27.01,3.03
2.22,0.23,0,0.5,4.42,1,86.8,False,True,False,False,False,False,True,False,False,False,False,True,False,False,False,True,False,False,True,23.34,20.95,2.39
5.61,0.4,0,3.1,4.74,0,87.1,False,False,False,False,False,True,False,True,False,False,False,True,False,False,False,True,False,True,False,36.48,37.13,0.65
0.82,0.82,0,3.8,4.4,0,28.7,False,False,True,False,False,False,False,False,False,False,False,False,False,True,False,False,True,False,True,28.1,24.25,3.85
8.29,0.58,2,2.6,3.63,1,84.3,False,True,False,False,False,False,True,False,False,True,False,False,False,False,False,True,False,False,True,50.54,47.67,2.87
6.76,1.6,1,3.3,4.3,1,63.3,True,False,False,False,False,True,False,False,False,False,False,False,False,True,False,False,True,True,False,39.99,42.68,2.69
4.22,1.62,0,3.4,4.45,1,37.5,False,False,True,False,False,False,False,False,False,False,False,False,False,False,False,True,False,False,True,37.35,39.01,1.66
3.74,0.99,0,0.0,4.13,0,40.2,False,False,False,False,False,False,False,True,False,False,False,False,False,True,False,True,False,True,False,28.69,26.91,1.78
16.57,0.46,0,1.4,4.47,0,14.0,False,False,True,False,False,False,True,False,False,False,True,False,False,False,False,False,True,False,True,80.97,78.39,2.58
3.68,2.3,0,1.9,5.0,0,74.4,True,False,False,False,True,False,False,False,True,False,False,False,False,False,True,False,True,False,True,23.1,26.61,3.51
6.79,0.49,0,0.1,3.5,0,33.0,False,False,False,False,False,True,False,False,False,False,False,True,False,False,False,False,False,True,False,40.98,41.18,0.2
5.9,3.86,1,4.2,4.62,0,34.3,True,False,False,False,False,False,False,True,False,False,False,False,False,False,True,False,True,True,False,33.92,29.85,4.07
15.58,0.97,0,11.1,4.25,1,88.9,False,True,False,False,False,False,False,False,False,False,True,False,False,False,False,False,True,False,True,60.63,64.0,3.37
1.53,5.64,2,1.9,4.11,0,86.2,False,True,False,False,False,False,False,False,True,False,False,False,False,False,True,True,False,False,False,27.13,21.3,5.83
3.23,3.17,0,0.0,4.49,1,61.1,True,False,False,False,False,False,True,False,False,False,False,False,False,False,True,False,True,True,False,26.25,23.46,2.79
1.14,3.35,0,1.0,4.43,0,75.0,False,False,True,False,False,False,False,False,True,False,True,False,False,False,False,False,False,False,True,29.37,22.78,6.59
7.48,1.33,0,10.2,5.0,0,19.0,False,False,True,False,True,False,False,True,False,False,False,False,False,False,False,True,False,True,False,56.13,50.69,5.44
3.11,3.31,0,5.1,4.99,1,87.5,False,False,True,False,False,False,True,False,False,True,False,False,False,False,False,True,False,True,False,38.82,34.42,4.4
4.13,1.07,1,4.7,4.13,0,78.4,False,True,False,False,False,False,False,False,True,False,False,False,True,False,False,True,False,False,True,24.48,24.33,0.15
5.23,8.17,1,0.6,3.86,1,13.7,True,False,False,False,False,False,False,False,False,False,False,False,True,False,False,False,True,False,True,38.67,34.71,3.96
4.25,0.4,0,1.4,4.13,0,17.5,False,False,False,False,False,False,False,False,True,False,False,False,False,False,False,True,False,False,True,25.83,28.2,2.37
2.08,2.26,0,0.2,4.36,0,11.9,False,False,True,False,False,False,False,True,False,True,False,False,False,False,False,False,True,False,True,30.2,30.49,0.29
2.62,2.57,2,6.1,4.66,1,13.9,False,False,True,False,False,False,False,False,False,False,False,False,False,True,False,True,False,True,False,49.16,40.12,9.04
5.53,1.05,2,7.8,4.27,1,11.3,False,False,False,False,False,False,True,False,False,False,False,False,False,True,False,True,False,False,False,39.95,42.3,2.35
6.12,0.36,0,0.9,3.79,0,67.5,False,False,False,True,False,False,False,True,False,False,False,True,False,False,False,True,False,False,True,37.71,37.01,0.7
2.12,1.63,2,0.7,3.73,0,23.5,False,True,False,False,False,True,False,False,True,False,False,False,False,True,False,True,False,False,True,30.09,29.24,0.85
4.41,2.42,0,2.1,3.93,1,30.9,False,False,False,False,False,False,True,False,False,False,True,False,False,False,False,False,False,True,False,29.49,32.36,2.87
1.82,0.38,1,2.9,3.68,1,92.9,False,False,False,False,False,False,True,False,False,False,False,False,False,True,False,False,True,False,False,29.77,29.01,0.76
3.63,1.29,0,2.4,5.0,1,81.9,False,False,False,False,False,False,False,False,False,True,False,False,False,False,False,False,True,False,False,37.11,32.05,5.06
3.31,1.58,0,0.7,4.4,0,53.6,True,False,False,False,False,False,False,True,False,False,False,False,True,False,False,True,False,True,False,15.48,15.98,0.5
0.91,0.42,1,1.6,3.73,1,70.3,False,False,True,False,False,False,True,False,False,False,False,True,False,False,False,False,True,False,False,31.02,33.45,2.43
2.64,3.19,0,1.2,4.8,1,75.9,False,True,False,False,False,True,False,False,False,True,False,False,False,False,False,True,False,True,False,30.03,28.62,1.41
1.34,0.23,1,7.3,4.2,0,52.3,False,True,False,False,False,False,False,True,False,False,False,False,False,True,False,False,True,True,False,19.74,16.45,3.29
3.02,5.57,3,0.2,3.69,0,11.4,False,False,False,False,False,False,False,False,True,False,False,False,False,True,False,True,False,False,True,35.75,36.1,0.35
2.27,0.55,2,2.1,4.33,0,84.0,False,False,False,False,False,True,False,False,False,False,False,False,False,True,False,False,False,True,False,34.02,31.57,2.45
3.44,1.04,2,2.5,4.66,0,18.1,False,True,False,False,False,True,True,False,False,False,False,False,False,False,False,True,False,False,False,31.41,33.23,1.82
7.21,2.24,1,1.5,5.0,0,10.1,True,False,False,False,False,False,False,True,False,False,False,False,False,False,False,True,False,False,True,31.89,33.05,1.16
7.09,1.05,0,2.8,4.96,0,33.0,False,True,False,False,False,False,False,False,False,False,False,False,False,True,False,True,False,True,False,31.73,32.21,0.48
4.38,5.76,2,4.9,4.07,0,58.9,False,True,False,False,False,False,False,True,False,False,False,False,False,True,False,True,False,False,True,26.52,30.02,3.5
7.63,1.83,0,2.3,3.75,1,20.8,True,False,False,False,False,True,True,False,False,False,False,False,False,False,False,False,True,False,True,38.47,43.19,4.72
1.66,0.35,0,1.4,3.91,0,88.6,False,True,False,False,False,False,False,False,False,False,False,False,False,True,False,False,True,False,True,16.03,15.6,0.43
3.46,6.54,0,3.5,4.23,0,48.0,False,True,False,True,False,False,False,False,True,False,False,True,False,False,False,True,False,False,True,23.78,23.6,0.18
1.47,0.8,1,11.0,4.48,1,53.1,False,True,False,False,True,False,True,False,False,True,False,False,False,False,False,False,False,True,False,30.1,24.92,5.18
1.76,0.83,0,1.0,4.35,1,21.8,False,False,False,False,False,False,False,False,False,True,False,False,False,False,False,True,False,False,True,26.12,25.01,1.11
2.03,1.44,1,8.5,4.88,0,58.1,False,True,False,False,False,False,False,False,False,False,False,False,False,True,False,True,False,True,False,18.4,16.4,2.0
1.3,6.84,1,10.2,3.01,0,96.7,False,False,False,False,False,True,True,False,False,False,False,False,False,True,False,False,True,False,True,22.78,26.62,3.84
8.31,4.92,0,1.0,4.27,1,40.0,False,False,False,False,False,False,True,False,False,False,False,False,False,False,False,False,True,False,False,42.43,49.73,7.3
5.81,7.16,0,1.7,4.4,1,72.7,True,False,False,False,False,False,False,False,False,False,False,False,False,False,True,False,True,False,True,36.41,31.98,4.43
4.68,1.02,2,1.9,3.64,1,31.8,False,True,False,False,False,False,True,False,False,False,True,False,False,False,False,False,True,True,False,33.24,38.92,5.68
1.24,6.67,0,3.3,4.58,0,78.7,True,False,False,False,False,False,False,False,True,True,False,False,False,False,False,False,True,True,False,11.24,10.78,0.46
10.71,1.32,0,1.0,4.36,0,25.0,True,False,False,False,False,False,False,True,False,True,False,False,False,False,False,True,False,False,True,41.57,40.98,0.59
3.24,3.21,0,5.1,4.86,0,76.5,False,False,False,False,False,False,True,False,False,False,False,False,True,False,False,True,False,False,True,25.23,23.17,2.06
4.5,0.62,1,1.4,3.65,0,40.4,False,False,False,False,False,False,True,False,False,False,False,False,False,True,False,True,False,False,True,32.93,32.29,0.64
4.8,0.54,0,1.9,3.87,0,62.2,False,False,True,False,False,False,False,False,True,False,False,False,False,True,False,False,True,True,False,37.41,37.85,0.44
3.61,0.36,1,1.0,4.16,0,72.3,True,False,False,True,False,False,False,False,False,False,False,False,False,False,False,True,False,False,True,21.77,22.88,1.11
5.88,1.38,1,2.1,3.98,0,48.5,False,True,False,False,False,False,False,False,True,False,False,True,False,False,False,False,True,True,False,34.6,33.87,0.73
3.08,4.12,0,3.6,4.1,1,54.7,True,False,False,True,False,False,False,False,False,True,False,False,False,False,False,False,True,False,True,22.91,24.52,1.61
3.14,0.55,1,2.2,4.41,0,39.3,True,False,False,True,False,False,False,True,False,False,False,False,False,True,False,False,False,True,False,17.42,19.58,2.16
5.18,1.63,1,0.1,3.79,0,53.0,False,False,True,False,False,False,False,False,False,False,False,False,False,True,False,True,False,True,False,40.05,41.75,1.7
3.63,1.54,2,3.3,4.01,0,39.9,False,False,True,False,True,False,False,False,True,False,False,True,False,False,False,True,False,False,True,47.83,46.91,0.92
5.04,2.91,0,0.0,3.84,1,17.3,True,False,False,False,False,False,True,False,False,False,False,False,False,True,False,False,True,False,True,29.16,29.71,0.55
2.05,0.37,0,6.2,3.67,0,62.5,False,True,False,False,True,False,True,False,False,False,False,False,False,False,True,True,False,False,True,19.8,21.71,1.91
6.65,4.08,0,1.8,4.51,0,12.6,False,False,False,False,False,False,False,False,False,False,False,False,True,False,False,True,False,False,False,34.84,36.78,1.94
1.21,4.23,1,3.1,4.33,1,15.3,False,True,False,False,False,False,True,False,False,False,False,False,False,False,False,True,False,False,True,22.73,21.96,0.77
2.0,4.2,0,8.0,4.48,1,73.5,False,False,True,True,False,False,True,False,False,False,False,False,False,False,False,True,False,False,False,31.43,32.91,1.48
8.71,1.57,0,1.8,4.63,0,32.2,False,True,False,False,False,False,True,False,False,False,False,True,False,False,False,False,True,False,False,39.7,40.2,0.5
2.16,2.98,0,3.3,3.81,1,37.3,False,False,False,False,False,False,False,False,False,False,False,False,False,False,False,False,True,True,False,22.7,27.96,5.26
2.64,0.48,1,0.2,5.0,0,48.9,False,False,False,False,False,False,False,True,False,False,False,False,False,True,False,True,False,False,True,30.69,26.33,4.36
5.27,5.82,2,1.0,3.82,0,75.1,True,False,False,False,False,False,False,False,False,False,False,True,False,False,False,True,False,False,True,28.64,30.08,1.44
1.84,0.93,0,0.0,4.98,0,14.2,True,False,False,False,False,False,False,False,False,False,False,False,True,False,False,True,False,False,True,14.25,11.5,2.75
8.58,1.15,1,1.0,4.11,1,51.1,False,True,False,False,False,True,False,False,False,False,False,False,False,True,False,False,True,False,False,55.1,53.84,1.26
3.12,0.85,2,1.0,4.3,1,64.0,False,True,False,False,False,True,True,False,False,True,False,False,False,False,False,True,False,False,True,34.67,37.0,2.33
4.7,8.54,1,0.6,3.98,1,72.5,False,True,False,False,False,False,False,False,False,True,False,False,False,False,False,True,False,True,False,30.65,34.71,4.06
1.57,3.62,1,9.3,4.21,1,54.6,False,True,False,True,False,False,True,False,False,False,False,False,True,False,False,False,True,False,False,22.23,24.94,2.71
1.25,2.24,1,0.1,4.09,0,30.9,False,True,False,False,False,False,False,False,True,True,False,False,False,False,False,True,False,False,True,18.85,17.38,1.47
9.03,0.6,0,1.4,4.06,0,97.5,True,False,False,False,False,False,True,False,False,False,False,False,False,False,True,True,False,False,True,30.41,34.27,3.86
0.86,0.57,1,2.0,4.9,0,97.5,False,True,False,False,False,True,True,False,False,False,True,False,False,False,False,False,True,False,True,17.81,22.23,4.42
2.68,1.69,1,1.5,4.59,1,90.8,False,True,False,False,False,True,False,False,False,False,False,True,False,False,False,False,True,False,True,33.41,33.59,0.18
7.12,8.63,2,2.1,4.75,0,13.2,False,False,False,False,False,False,False,False,True,False,False,False,False,False,True,True,False,False,True,47.08,46.42,0.66
6.36,0.6,1,0.6,4.75,1,29.0,True,False,False,False,False,True,True,False,False,False,False,False,False,False,False,True,False,False,False,38.03,40.7,2.67
3.39,0.28,1,1.3,4.1,1,72.8,False,True,False,False,True,False,True,False,False,False,True,False,False,False,False,True,False,False,False,34.33,36.44,2.11
4.62,0.82,1,1.2,4.89,0,50.8,False,False,False,False,False,False,True,False,False,False,False,False,False,True,False,False,True,True,False,40.53,34.76,5.77
6.61,0.93,2,3.8,4.33,0,86.7,False,False,False,False,False,True,False,False,True,False,False,False,True,False,False,True,False,False,True,44.32,47.02,2.7
9.8,3.35,1,0.1,4.09,0,57.0,False,True,False,False,False,True,False,True,False,False,True,False,False,False,False,False,True,True,False,52.93,54.13,1.2
11.63,1.2,1,3.1,4.1,1,67.8,True,False,False,False,False,True,False,False,False,False,False,False,False,False,True,True,False,False,False,50.66,57.05,6.39
8.27,1.6,1,8.8,4.84,0,94.6,False,True,False,False,False,False,False,False,False,False,False,False,True,False,False,False,True,False,False,35.98,38.63,2.65
0.73,0.26,0,2.0,3.99,0,99.0,False,True,False,False,False,False,True,False,False,False,True,False,False,False,False,False,True,False,False,5.0,12.45,7.45
2.68,2.1,2,1.3,4.34,1,38.3,True,False,False,False,False,True,True,False,False,True,False,False,False,False,False,False,True,True,False,36.47,33.87,2.6
0.98,1.87,0,0.8,4.51,1,43.2,True,False,False,False,False,False,False,False,False,False,False,False,True,False,False,False,True,True,False,19.71,15.26,4.45
2.84,5.71,2,3.3,4.05,1,57.7,False,True,False,False,False,False,True,False,False,False,False,True,False,False,False,False,True,False,True,30.3,32.57,2.27
5.9,1.31,1,1.6,4.28,1,77.7,True,False,False,False,False,False,False,False,False,False,False,False,False,False,True,False,True,False,True,38.05,34.57,3.48
2.96,1.22,0,1.4,4.75,0,12.3,False,False,False,False,False,False,False,True,False,False,False,False,False,True,False,False,True,False,True,25.4,26.06,0.66
1.54,1.49,0,0.3,4.52,0,92.6,False,False,True,False,False,False,False,False,True,False,False,False,True,False,False,True,False,False,True,26.48,25.17,1.31
4.29,1.93,1,8.0,4.49,1,84.7,False,True,False,True,False,False,True,False,False,True,False,False,False,False,False,False,True,False,True,40.55,33.91,6.64
2.15,0.76,1,3.4,3.99,1,56.1,True,False,False,False,True,False,False,False,False,False,False,False,False,True,False,True,False,False,False,24.14,27.21,3.07
6.11,1.79,1,3.7,4.46,1,86.2,True,False,False,False,False,True,True,False,False,False,False,False,False,False,False,True,False,False,True,38.82,38.22,0.6
1.4,0.75,2,0.8,4.44,0,37.0,False,True,False,True,False,False,False,False,True,False,True,False,False,False,False,True,False,False,True,27.4,23.88,3.52
1.26,3.07,1,0.2,4.29,0,99.2,False,False,False,False,False,False,True,False,False,False,False,False,False,False,True,False,True,True,False,27.13,23.97,3.16
9.47,6.84,0,0.6,3.3,0,14.1,False,True,False,False,False,False,False,False,False,False,False,False,True,False,False,True,False,False,False,41.7,42.36,0.66
6.78,1.29,0,0.6,4.32,0,84.4,False,False,False,False,False,False,False,True,False,True,False,False,False,False,False,False,True,False,True,35.47,38.35,2.88
8.57,0.86,2,2.7,4.11,0,80.5,False,False,True,False,False,False,False,False,False,False,False,False,False,False,True,True,False,False,False,54.45,55.25,0.8
3.48,2.35,1,0.4,3.98,0,62.5,True,False,False,False,False,False,False,True,False,False,False,False,False,False,False,False,True,True,False,23.73,22.46,1.27
1.2,6.04,1,4.8,3.92,0,93.6,False,True,False,False,False,False,True,False,False,False,False,False,False,False,False,False,True,False,True,18.07,17.68,0.39
11.1,1.22,0,1.7,4.16,1,45.0,False,True,False,False,False,False,True,False,False,False,False,False,False,True,False,False,True,False,False,53.09,52.9,0.19
4.9,1.93,2,3.5,3.94,0,55.7,True,False,False,True,False,False,False,True,False,False,False,False,False,False,True,False,True,True,False,39.12,32.57,6.55
3.56,0.28,0,1.9,4.17,1,56.4,False,True,False,False,False,False,True,False,False,False,False,False,False,False,True,True,False,True,False,28.64,25.56,3.08
1.75,7.03,0,5.3,4.51,0,13.7,False,True,False,False,False,False,False,True,False,True,False,False,False,False,False,False,True,True,False,17.89,17.04,0.85
5.71,2.21,1,8.3,4.51,0,20.5,True,False,False,False,False,False,False,False,False,False,False,False,False,True,False,False,False,True,False,25.83,23.5,2.33
4.27,0.95,0,1.0,3.37,0,76.4,True,False,False,False,False,False,False,True,False,True,False,False,False,False,False,False,True,True,False,15.02,20.8,5.78
7.84,7.92,1,1.2,4.7,0,49.7,False,False,False,False,True,False,False,False,True,False,False,False,False,False,False,False,True,True,False,58.67,55.05,3.62
1.44,10.29,1,0.4,4.15,1,42.2,False,False,False,False,False,False,True,False,False,False,False,True,False,False,False,False,False,False,True,28.6,27.77,0.83
5.63,1.94,0,4.4,3.79,1,90.4,False,True,False,False,False,False,False,False,False,False,False,True,False,False,False,False,True,True,False,34.52,33.3,1.22
3.5,0.82,0,2.5,4.66,1,48.3,False,True,False,False,False,False,False,False,False,False,False,False,False,True,False,True,False,False,True,23.73,24.93,1.2
1.4,3.98,0,3.7,3.74,0,23.2,False,False,True,False,False,True,False,True,False,True,False,False,False,False,False,False,True,True,False,37.4,32.99,4.41
1.95,2.16,1,1.7,4.44,0,91.0,True,False,False,False,False,False,False,False,False,False,True,False,False,False,False,False,True,True,False,11.97,16.47,4.5
1.79,2.48,0,1.6,4.22,1,34.2,False,False,False,False,False,True,True,False,False,True,False,False,False,False,False,False,True,True,False,31.38,33.01,1.63
1.37,0.79,0,1.3,4.26,0,62.5,True,False,False,True,False,False,False,False,False,False,True,False,False,False,False,False,True,False,True,18.48,14.06,4.42
3.82,1.31,1,2.5,3.63,0,32.4,False,True,False,False,False,False,False,False,True,False,False,True,False,False,False,False,False,False,True,20.63,23.19,2.56
6.15,1.13,0,1.8,4.46,0,35.1,False,True,False,False,False,False,True,False,False,False,False,False,True,False,False,False,True,False,False,28.05,31.36,3.31
4.24,3.34,0,0.3,4.25,0,26.1,False,True,False,False,False,False,False,False,True,False,False,True,False,False,False,False,True,True,False,26.06,26.21,0.15
5.87,2.53,0,4.1,4.7,1,23.7,False,True,False,True,False,False,False,False,False,False,False,False,False,False,True,True,False,True,False,36.32,36.23,0.09
3.59,0.42,0,1.9,4.21,0,54.2,False,True,False,False,True,False,False,True,False,True,False,False,False,False,False,False,True,False,False,23.01,30.44,7.43
2.02,3.63,3,0.3,3.98,1,53.0,False,False,False,False,False,False,False,False,False,False,False,False,False,False,True,False,True,False,True,39.42,39.08,0.34
7.12,0.94,1,0.6,4.45,0,46.8,True,False,False,False,False,False,False,True,False,False,False,True,False,False,False,False,True,False,True,32.39,34.29,1.9
2.9,3.66,1,0.5,4.46,0,62.7,True,False,False,False,False,False,True,False,False,True,False,False,False,False,False,False,True,False,False,20.75,20.53,0.22
5.22,6.33,2,0.5,4.18,0,59.5,False,True,False,False,False,False,False,True,False,False,False,False,False,False,True,True,False,False,True,33.21,34.83,1.62
