order_id,distance_km,traffic_level,weather,time_of_day,day_of_week,area_type,package_weight_kg,num_stops,rider_experience_years,rider_rating,vehicle_type,is_peak_hour,fuel_level_pct,delivery_time_minutes
ORD100000,1.96,Medium,Clear,Afternoon,Thu,Urban,1.86,1,1.1,4.25,Scooter,0,59.7,20.98
ORD100001,4.36,Severe,Clear,Afternoon,Sat,Urban,1.93,1,0.2,3.62,Motorcycle,1,42.2,52.86
ORD100002,5.14,High,Fog,Morning,Fri,Rural,1.34,0,9.6,3.69,Motorcycle,0,92.4,28.13
ORD100003,7.89,Medium,Clear,Evening,Fri,Urban,1.13,2,3.2,4.22,Scooter,1,10.8,46.1
ORD100004,2.22,Low,Fog,Afternoon,Thu,Urban,1.51,0,0.8,4.42,Scooter,0,38.9,19.14
ORD100005,3.98,Low,Clear,Night,Thu,Urban,1.11,0,6.2,4.63,Scooter,0,95.1,16.95
ORD100006,1.97,Low,Rain,Morning,Sat,Suburban,1.04,2,7.4,3.93,Scooter,0,54.8,21.77
ORD100007,3.42,High,Fog,Evening,Wed,Urban,10.32,2,4.2,4.21,Motorcycle,1,66.1,47.28
ORD100008,7.34,Medium,Clear,Evening,Sun,Urban,1.02,1,2.7,3.98,Motorcycle,0,57.9,34.77
ORD100009,4.4,High,Clear,Evening,Sat,Urban,0.79,1,1.2,4.75,Motorcycle,1,45.8,41.88
ORD100010,1.64,Low,Clear,Night,Wed,Urban,1.07,1,1.4,4.81,Motorcycle,0,69.9,13.4
ORD100011,2.04,Severe,Rain,Evening,Wed,Urban,1.99,0,1.5,5.0,Scooter,0,79.0,38.54
ORD100012,1.88,High,Clear,Night,Wed,Urban,5.04,0,7.4,4.44,Scooter,0,42.8,15.88
ORD100013,3.86,Low,Rain,Afternoon,Sat,Rural,3.3,1,3.6,5.0,Motorcycle,1,63.1,35.68
ORD100014,2.09,Low,Clear,Afternoon,Mon,Rural,3.89,1,0.9,4.02,Motorcycle,0,17.4,11.36
ORD100015,3.45,Low,Clear,Morning,Mon,Urban,4.12,1,2.4,4.39,Motorcycle,0,59.3,20.91
ORD100016,2.82,Medium,Clear,Morning,Fri,Suburban,5.26,0,2.3,3.88,Motorcycle,0,77.3,14.9
ORD100017,1.46,Medium,Clear,Morning,Mon,Suburban,0.74,0,4.2,4.53,Motorcycle,0,62.7,13.17
ORD100018,2.01,Medium,Clear,Morning,Mon,Urban,1.43,0,0.3,,Scooter,0,89.1,13.93
ORD100019,9.69,Low,Fog,Afternoon,Wed,Urban,1.17,1,3.0,3.32,Motorcycle,1,35.8,49.13
ORD100020,3.18,Medium,Rain,Morning,Wed,Urban,1.16,0,1.0,4.74,Motorcycle,0,54.3,24.49
ORD100021,3.05,Low,Clear,Morning,Thu,Urban,2.31,1,0.3,4.64,Electric_Two_Wheeler,0,17.9,27.38
ORD100022,2.95,Low,Extreme_Heat,Night,Wed,Urban,1.23,0,3.3,4.08,Motorcycle,0,73.0,15.16
ORD100023,4.57,Medium,Rain,Morning,Sat,Suburban,2.12,0,1.0,4.41,Motorcycle,0,49.9,31.44
ORD100024,3.93,Medium,Extreme_Heat,Evening,Thu,Urban,1.16,0,3.3,3.7,Motorcycle,1,57.7,30.87
ORD100025,11.02,High,Clear,Morning,Sun,Suburban,0.95,2,0.4,3.99,Electric_Two_Wheeler,0,21.6,54.57
ORD100026,7.62,Low,Clear,Night,Thu,Urban,1.07,1,10.7,4.97,Electric_Two_Wheeler,0,99.8,39.46
ORD100027,10.81,Medium,Clear,Night,Mon,Urban,3.46,0,4.1,3.84,Motorcycle,0,79.5,46.1
ORD100028,6.1,Medium,Rain,Evening,Wed,Urban,2.04,0,0.9,4.3,Motorcycle,0,46.1,37.97
ORD100029,5.65,Low,Clear,Evening,Mon,Urban,7.5,0,3.4,3.74,Scooter,0,61.3,26.73
ORD100030,1.96,Medium,Clear,Morning,Wed,Suburban,3.78,1,0.4,4.44,Motorcycle,0,65.7,24.48
ORD100031,1.63,Low,Clear,Night,Mon,Suburban,1.53,1,2.6,4.53,Motorcycle,0,96.5,8.85
ORD100032,1.51,Low,Clear,Night,Sun,Urban,0.76,1,0.2,4.59,Motorcycle,0,79.2,21.99
ORD100033,3.56,Severe,Rain,Night,Mon,Suburban,2.44,1,1.0,4.49,Scooter,0,41.5,47.05
ORD100034,6.74,Severe,Clear,Evening,Mon,Rural,2.79,0,9.6,4.87,Motorcycle,0,98.0,37.67
ORD100035,2.6,High,Clear,Afternoon,Sat,Suburban,1.45,3,0.3,4.08,Scooter,0,37.2,35.43
ORD100036,2.24,Medium,Rain,Night,Sun,Urban,0.72,1,2.3,3.88,Motorcycle,0,61.9,25.95
ORD100037,6.41,Low,Extreme_Heat,Afternoon,Fri,Suburban,1.83,2,0.2,4.07,Scooter,0,73.1,36.28
ORD100038,2.25,High,Rain,Evening,Sun,Urban,0.79,0,2.8,3.76,Motorcycle,1,34.4,34.39
ORD100039,9.36,Medium,Extreme_Heat,Morning,Mon,Suburban,5.83,1,0.8,4.33,Scooter,0,96.1,42.83
ORD100040,2.06,Low,Rain,Night,Tue,Urban,2.18,0,0.9,4.24,Scooter,0,29.4,23.89
ORD100041,6.72,Medium,Clear,Morning,Tue,Urban,0.89,0,1.0,4.49,Motorcycle,0,49.8,34.32
ORD100042,4.64,Low,Clear,Morning,Tue,Urban,0.69,1,0.6,3.65,Scooter,0,26.2,26.28
ORD100043,0.89,Severe,Rain,Evening,Sat,Urban,2.72,0,7.1,4.29,Motorcycle,1,88.7,30.91
ORD100044,2.37,Low,,Evening,Thu,Rural,2.66,0,5.9,4.79,Electric_Two_Wheeler,1,29.9,24.92
ORD100045,6.96,High,Rain,Evening,Mon,Urban,2.02,0,5.1,4.53,Electric_Two_Wheeler,1,13.1,50.88
ORD100046,1.48,Medium,Clear,Morning,Sun,Urban,2.11,0,0.3,3.54,Scooter,0,13.5,15.49
ORD100047,3.07,Medium,Clear,Morning,Tue,Rural,2.05,0,0.7,4.3,Motorcycle,0,47.2,14.37
ORD100048,1.53,Medium,Clear,Evening,Sat,Urban,1.09,1,2.4,4.01,Scooter,1,57.0,22.6
ORD100049,3.57,Low,Clear,Night,Thu,Urban,5.74,2,8.8,4.31,Electric_Two_Wheeler,0,13.7,21.35
ORD100050,4.95,Severe,Clear,Evening,Tue,Suburban,1.51,0,2.3,4.15,Motorcycle,0,18.4,39.65
ORD100051,4.21,High,Fog,Afternoon,Wed,Urban,0.24,1,1.0,5.0,Scooter,1,18.8,50.64
ORD100052,4.43,Severe,Clear,Night,Fri,Urban,1.06,0,4.3,4.33,Scooter,0,70.2,35.03
ORD100053,4.19,High,Clear,Afternoon,Mon,Urban,0.48,0,0.4,4.43,Scooter,0,37.0,30.55
ORD100054,3.36,Medium,Clear,Afternoon,Fri,Suburban,1.1,0,5.3,4.28,Motorcycle,1,60.6,27.47
ORD100055,6.27,Severe,Rain,Afternoon,Fri,Rural,2.07,0,9.2,4.49,Scooter,1,16.6,47.75
ORD100056,1.46,Low,Clear,Afternoon,Wed,Urban,0.25,0,8.6,4.21,Motorcycle,0,90.3,7.86
ORD100057,9.05,Low,Clear,Evening,Wed,Urban,4.28,0,0.4,4.61,Motorcycle,1,37.4,43.14
ORD100058,4.31,Low,Clear,Afternoon,Wed,Urban,2.08,2,2.0,4.14,Electric_Two_Wheeler,0,80.0,26.26
ORD100059,1.58,Medium,Clear,Afternoon,Thu,Suburban,0.9,0,2.2,4.85,Electric_Two_Wheeler,1,84.4,18.0
ORD100060,8.33,Medium,Extreme_Heat,Afternoon,Tue,Urban,0.95,1,0.5,4.5,Scooter,1,98.9,48.56
ORD100061,3.43,Low,Extreme_Heat,Morning,Sun,Suburban,1.45,0,2.0,4.24,Motorcycle,0,76.7,20.31
ORD100062,2.77,High,Clear,Evening,Mon,Urban,0.77,2,2.6,4.64,Motorcycle,0,49.9,30.74
ORD100063,1.6,Medium,Clear,Morning,Wed,Rural,0.21,0,1.0,4.5,Electric_Two_Wheeler,0,23.7,15.78
ORD100064,2.58,Low,Rain,Morning,Sat,Suburban,0.25,0,0.9,4.63,Scooter,0,14.3,24.95
ORD100065,6.46,Medium,Clear,Evening,Mon,Suburban,1.09,0,0.2,4.33,Scooter,1,89.8,31.59
ORD100066,2.16,Low,Clear,Evening,Sun,Urban,0.47,0,7.9,4.2,Scooter,1,50.2,13.26
ORD100067,6.54,High,Clear,Evening,Mon,Suburban,0.25,0,4.1,4.35,Scooter,0,77.5,36.05
ORD100068,3.08,Low,Extreme_Heat,Afternoon,Mon,Urban,4.12,0,3.6,4.1,Scooter,1,54.7,22.91
ORD100069,1.98,Severe,Clear,Night,Wed,Urban,0.84,0,0.1,4.69,Motorcycle,0,89.2,29.28
ORD100070,2.67,High,Clear,Night,Wed,Urban,1.6,0,2.4,4.89,Motorcycle,0,77.5,23.95
ORD100071,5.15,Low,Rain,Evening,Tue,Suburban,0.6,3,0.5,4.53,Motorcycle,1,17.7,42.26
ORD100072,4.43,Low,Clear,Evening,Sun,Suburban,0.3,0,2.7,4.87,Motorcycle,1,77.7,25.41
ORD100073,9.68,High,Clear,Afternoon,Wed,Urban,2.93,1,2.4,4.75,Scooter,0,34.0,52.97
ORD100074,3.18,High,Extreme_Heat,Night,Wed,Suburban,0.47,1,4.8,4.19,Electric_Two_Wheeler,0,79.6,26.45
ORD100075,6.66,High,Clear,Afternoon,Mon,Urban,0.25,2,0.7,4.63,Electric_Two_Wheeler,1,95.4,49.97
ORD100076,3.56,High,Rain,Morning,Tue,Suburban,1.97,0,0.1,3.79,Motorcycle,0,93.7,31.65
ORD100077,2.29,Low,Clear,Afternoon,Fri,Suburban,0.23,0,6.1,4.37,Electric_Two_Wheeler,1,21.3,18.36
ORD100078,1.76,Medium,Clear,Morning,Wed,Suburban,1.35,1,6.0,3.83,Scooter,0,14.9,22.61
ORD100079,3.21,Low,Clear,Night,Sat,Urban,0.88,1,1.5,4.26,Motorcycle,0,79.9,20.39
ORD100080,3.84,High,Clear,Evening,Wed,Rural,0.97,1,0.2,3.72,Scooter,0,73.9,23.17
ORD100081,8.17,Medium,Clear,Evening,Fri,Suburban,0.21,0,1.7,4.74,Scooter,0,25.9,37.06
ORD100082,9.62,Medium,Fog,Evening,Mon,Suburban,6.87,3,1.9,4.14,Scooter,1,71.6,70.81
ORD100083,9.6,Low,Clear,Afternoon,Sun,Urban,1.66,0,4.3,4.66,Motorcycle,1,11.4,48.02
ORD100084,2.45,Medium,Clear,Morning,Tue,Suburban,1.9,0,3.2,4.27,Scooter,0,66.8,15.6
ORD100085,2.14,Medium,Clear,Evening,Mon,Suburban,2.39,0,0.2,3.56,Motorcycle,0,84.9,17.85
ORD100086,2.59,High,Rain,Evening,Sun,Urban,3.39,0,3.1,4.11,Scooter,1,67.8,36.71
ORD100087,3.49,Medium,Clear,Afternoon,Thu,Urban,2.07,0,0.4,4.09,Electric_Two_Wheeler,0,15.9,24.66
ORD100088,1.26,High,Clear,Evening,Wed,Urban,3.07,1,0.2,4.29,Motorcycle,0,99.2,27.13
ORD100089,2.05,Medium,Clear,Morning,Sun,Suburban,1.39,1,1.3,4.9,Scooter,0,42.0,15.78
ORD100090,7.83,Low,Clear,Morning,Sat,Urban,1.13,0,0.2,4.97,Scooter,0,44.2,32.55
ORD100091,4.58,High,Clear,Morning,Sun,Urban,3.66,1,4.4,4.21,Motorcycle,0,17.6,36.76
ORD100092,2.72,High,Fog,Afternoon,Thu,Suburban,4.21,4,1.6,3.8,Scooter,0,25.0,47.11
ORD100093,1.34,Medium,Clear,Evening,Wed,Urban,0.5,0,2.2,4.0,Motorcycle,1,34.4,17.26
ORD100094,4.52,High,,Evening,Thu,Urban,1.76,1,2.2,4.49,Motorcycle,1,81.9,37.4
ORD100095,3.98,Medium,Clear,Afternoon,Fri,Urban,2.5,2,9.6,4.26,Scooter,1,72.3,30.7
ORD100096,2.05,Medium,Fog,Evening,Wed,Suburban,0.37,0,6.2,3.67,Scooter,0,62.5,19.8
ORD100097,5.86,Medium,Clear,Evening,Sat,Suburban,5.51,0,4.7,4.1,Motorcycle,1,87.8,33.49
ORD100098,2.8,Low,Clear,Morning,Wed,Urban,1.67,1,1.2,4.82,Scooter,0,99.8,18.94
ORD100099,4.25,Low,Clear,Morning,Thu,Rural,2.27,1,0.4,4.42,Scooter,0,44.6,24.71
ORD100100,9.54,Low,Clear,Night,Tue,Urban,0.59,0,2.2,4.32,Scooter,0,45.2,35.74
ORD100101,5.67,Medium,Clear,Evening,Thu,Rural,0.81,1,1.5,4.14,Scooter,1,76.2,32.41
ORD100102,1.61,Medium,Clear,Night,Wed,Urban,0.46,0,0.6,4.12,Scooter,0,68.0,17.88
ORD100103,5.69,Medium,Clear,Afternoon,Wed,Urban,0.81,1,0.3,4.52,Electric_Two_Wheeler,0,11.2,36.78
ORD100104,2.5,Severe,Clear,Evening,Sun,Urban,1.56,0,1.4,4.36,Motorcycle,1,69.0,31.91
ORD100105,5.17,Low,Clear,Morning,Tue,Urban,3.79,1,2.6,4.61,Motorcycle,0,74.8,30.71
ORD100106,6.62,Medium,Clear,Afternoon,Mon,Urban,1.73,0,2.5,4.52,Scooter,1,98.7,38.03
ORD100107,4.25,High,Clear,Afternoon,Tue,Suburban,0.76,1,3.7,4.31,Scooter,0,62.8,36.51
ORD100108,1.69,Low,Rain,Afternoon,Mon,Suburban,0.29,0,1.6,4.45,Motorcycle,1,71.6,21.26
ORD100109,1.02,Low,Extreme_Heat,Morning,Sat,Urban,2.15,0,1.0,4.06,Motorcycle,0,81.0,15.99
ORD100110,7.47,Low,Extreme_Heat,Afternoon,Wed,Urban,1.29,0,1.9,4.28,Scooter,0,18.6,35.82
ORD100111,8.86,Low,Fog,Morning,Sun,Urban,8.52,1,9.2,4.84,Scooter,0,76.1,47.22
ORD100112,2.41,Severe,Rain,Evening,Fri,Urban,3.23,1,0.1,4.3,Motorcycle,1,59.2,46.64
ORD100113,0.94,High,Rain,Afternoon,Fri,Suburban,3.5,0,1.9,4.21,Motorcycle,1,19.0,24.8
ORD100114,1.5,Medium,Clear,Morning,Thu,Urban,0.22,0,1.0,4.38,Scooter,0,70.3,8.54
ORD100115,2.87,High,Rain,Morning,Tue,Suburban,3.21,0,0.3,3.83,Motorcycle,0,31.1,27.63
ORD100116,6.59,High,Clear,Morning,Tue,Urban,0.63,0,1.4,4.39,Motorcycle,0,58.4,33.84
ORD100117,0.94,Low,Clear,Evening,Fri,Urban,1.96,1,2.6,4.98,Electric_Two_Wheeler,1,35.3,9.72
ORD100118,8.05,High,Rain,Morning,Mon,Urban,1.39,0,1.9,3.98,Motorcycle,0,19.4,53.41
ORD100119,7.49,Medium,Clear,Evening,Tue,Urban,1.9,1,0.1,4.41,Scooter,0,32.6,37.64
ORD100120,7.96,High,Clear,Morning,Mon,Urban,0.49,0,2.2,4.29,Motorcycle,0,49.5,41.51
ORD100121,1.95,High,Extreme_Heat,Morning,Mon,Suburban,1.42,0,0.7,4.28,Motorcycle,0,54.5,24.25
ORD100122,6.93,Medium,Clear,Night,Mon,Urban,0.28,0,1.0,4.27,Motorcycle,0,23.4,35.97
ORD100123,3.93,Low,Clear,Evening,Mon,Urban,0.28,0,0.9,,Motorcycle,0,38.9,20.6
ORD100124,1.87,Low,Extreme_Heat,Morning,Sun,Suburban,2.34,1,4.9,3.86,Electric_Two_Wheeler,0,87.3,17.23
ORD100125,4.22,Medium,Rain,Evening,Thu,Urban,6.26,1,0.1,4.58,Scooter,0,91.9,36.77
ORD100126,3.84,High,Clear,Afternoon,Thu,Suburban,3.2,2,1.1,4.33,Scooter,1,58.2,36.92
ORD100127,1.49,High,Clear,Evening,Sun,Urban,1.47,0,1.3,3.59,Motorcycle,1,54.1,22.58
ORD100128,5.53,Low,Clear,Evening,Fri,Urban,0.31,0,2.4,4.45,Scooter,0,62.3,17.46
ORD100129,3.73,Medium,Fog,Evening,Thu,Suburban,0.29,2,3.9,,Scooter,0,29.3,37.24
ORD100130,3.01,Medium,Clear,Night,Sat,Suburban,0.54,1,3.3,3.95,Scooter,0,99.4,19.48
ORD100131,2.94,Low,Clear,Morning,Sun,Urban,7.64,0,3.5,4.36,Motorcycle,0,77.1,23.19
ORD100132,4.7,Low,Clear,Evening,Tue,Urban,1.22,0,0.5,3.77,Scooter,1,31.5,29.94
ORD100133,2.8,Medium,Clear,Afternoon,Sat,Suburban,3.91,0,6.1,4.03,Motorcycle,1,34.5,24.59
ORD100134,1.05,Severe,Extreme_Heat,Morning,Sun,Urban,2.64,1,1.3,4.31,Scooter,0,68.4,34.05
ORD100135,1.81,Medium,Clear,Morning,Thu,Urban,2.06,1,0.0,3.63,Scooter,0,39.1,21.65
ORD100136,3.76,Medium,Rain,Morning,Tue,Suburban,6.11,0,2.8,3.84,Scooter,0,42.0,28.87
ORD100137,2.7,High,Clear,Evening,Tue,Suburban,0.72,1,2.3,3.9,Scooter,1,80.3,32.89
ORD100138,2.99,Medium,Rain,Evening,Mon,Suburban,1.41,0,0.3,4.33,Motorcycle,0,34.0,25.72
ORD100139,2.0,Severe,Extreme_Heat,Evening,Fri,Suburban,4.2,0,8.0,4.48,Electric_Two_Wheeler,1,73.5,31.43
ORD100140,2.01,Severe,Clear,Morning,Mon,Suburban,1.8,0,2.1,3.94,Motorcycle,0,94.1,23.72
ORD100141,5.2,Low,Clear,Afternoon,Sun,Suburban,0.77,1,1.6,3.92,Scooter,0,21.2,26.41
ORD100142,4.17,Medium,Clear,Night,Mon,Suburban,0.67,2,1.3,4.36,Motorcycle,0,23.0,33.6
ORD100143,2.19,Medium,Rain,Afternoon,Sat,Urban,3.0,1,0.6,4.34,Scooter,1,94.9,31.7
ORD100144,2.92,Low,Clear,Evening,Thu,Urban,0.23,0,7.6,4.02,Scooter,1,28.3,19.23
ORD100145,6.01,Low,Fog,Evening,Sat,Suburban,5.11,1,3.0,5.0,Motorcycle,1,11.9,37.93
ORD100146,1.76,Medium,Rain,Evening,Thu,Suburban,0.24,0,2.1,4.37,Motorcycle,0,88.2,19.27
ORD100147,6.5,Medium,Fog,Afternoon,Sat,Urban,2.19,0,2.5,4.23,Scooter,0,35.4,36.37
ORD100148,3.41,Low,Rain,Night,Tue,Urban,2.06,0,4.6,4.15,Scooter,0,36.9,18.84
ORD100149,2.95,Low,Clear,Afternoon,Thu,Rural,1.93,0,2.5,4.7,Electric_Two_Wheeler,1,30.4,18.21
ORD100150,1.54,Severe,Clear,Night,Thu,Suburban,1.49,0,0.3,4.52,Scooter,0,92.6,26.48
ORD100151,14.94,Low,Clear,Morning,Sat,Urban,4.03,0,3.0,3.6,Electric_Two_Wheeler,0,79.7,60.73
ORD100152,4.9,Low,Extreme_Heat,Afternoon,Wed,Suburban,2.35,1,2.1,4.02,Electric_Two_Wheeler,1,63.7,34.41
ORD100153,1.03,Medium,Rain,Morning,Tue,Rural,3.25,0,8.5,4.12,Motorcycle,0,50.8,12.94
ORD100154,4.31,Severe,Rain,Evening,Sun,Suburban,0.45,0,3.3,4.3,Scooter,0,22.9,34.01
ORD100155,7.42,Low,Clear,Afternoon,Tue,Suburban,0.3,1,1.1,4.55,Motorcycle,1,93.3,34.08
ORD100156,4.5,High,Clear,Morning,Sun,Urban,0.26,2,0.4,3.87,Scooter,0,77.5,35.63
ORD100157,6.11,High,Rain,Morning,Wed,Suburban,0.52,0,1.6,4.27,Scooter,0,35.1,41.15
ORD100158,2.63,Low,Clear,Night,Sat,Urban,2.4,0,2.8,4.98,Motorcycle,0,95.3,16.36
ORD100159,2.41,High,Clear,Evening,Sat,Suburban,1.56,1,0.5,4.31,Scooter,0,94.2,25.65
ORD100160,3.13,Medium,Rain,Evening,Tue,Urban,2.99,1,2.6,4.02,Scooter,1,69.4,37.12
ORD100161,3.89,Medium,,Evening,Sat,Urban,0.63,1,4.4,3.77,Motorcycle,1,98.7,39.03
ORD100162,2.67,Medium,Clear,Afternoon,Fri,Urban,1.11,1,0.4,4.11,Motorcycle,1,26.9,27.5
ORD100163,3.36,Medium,Clear,Afternoon,Fri,Urban,4.59,0,3.1,3.87,Scooter,0,75.8,20.15
ORD100164,1.82,Low,Clear,Night,Sun,Suburban,5.69,0,0.2,4.14,Scooter,0,23.7,9.3
ORD100165,1.26,High,Extreme_Heat,Morning,Wed,Rural,5.3,0,0.0,4.52,Scooter,0,72.3,22.52
ORD100166,2.22,Medium,Clear,Afternoon,Thu,Suburban,3.61,1,0.1,4.31,Scooter,1,92.8,28.99
ORD100167,10.4,Low,Clear,Afternoon,Fri,Suburban,2.53,1,2.5,4.11,Motorcycle,0,58.2,39.27
ORD100168,7.78,Low,Clear,Afternoon,Sun,Urban,5.1,1,9.1,3.58,Motorcycle,0,78.7,32.86
ORD100169,4.38,Medium,Rain,Afternoon,Sat,Suburban,2.7,0,3.7,4.63,Motorcycle,0,22.9,26.61
ORD100170,1.41,High,Clear,Afternoon,Wed,Suburban,6.36,0,0.7,4.16,Scooter,0,67.0,16.26
ORD100171,3.54,Low,Clear,Morning,Sun,Suburban,0.25,1,0.2,4.34,Scooter,0,15.7,22.83
ORD100172,4.1,Medium,Clear,Afternoon,Sun,Urban,5.29,0,2.4,3.94,Scooter,1,13.3,31.49
ORD100173,2.56,Low,Clear,Morning,Fri,Suburban,1.82,0,0.0,4.14,Scooter,0,67.1,13.8
ORD100174,8.07,Medium,Clear,Morning,Mon,Suburban,0.44,0,3.9,4.07,Scooter,0,61.6,39.54
ORD100175,1.77,Low,Fog,Morning,Wed,Urban,0.68,0,0.7,3.77,Scooter,0,39.6,21.35
ORD100176,5.2,High,Fog,Evening,Tue,Suburban,4.02,3,0.9,3.94,Scooter,0,56.2,45.73
ORD100177,1.74,Medium,Clear,Afternoon,Sun,Rural,1.61,0,1.1,4.29,Motorcycle,1,71.6,21.22
ORD100178,1.88,Severe,Clear,Evening,Fri,Urban,8.33,2,3.6,4.42,Motorcycle,1,68.0,40.35
ORD100179,3.54,Low,Extreme_Heat,Evening,Tue,Suburban,0.45,2,0.8,4.03,Motorcycle,0,16.6,27.64
ORD100180,0.89,Medium,Clear,Evening,Wed,Suburban,1.26,0,0.8,3.82,Scooter,1,71.0,16.92
ORD100181,4.22,Low,Fog,Afternoon,Fri,Suburban,1.01,0,1.9,4.16,Electric_Two_Wheeler,1,69.4,30.5
ORD100182,2.75,Severe,Clear,Afternoon,Tue,Urban,1.65,1,1.6,4.61,Electric_Two_Wheeler,1,70.3,40.61
ORD100183,3.38,High,Extreme_Heat,Afternoon,Thu,Suburban,2.21,1,7.8,3.92,Scooter,0,86.3,36.02
ORD100184,2.37,Low,Rain,Evening,Sun,Urban,2.37,0,0.8,4.31,Motorcycle,1,61.9,23.99
ORD100185,7.94,High,Extreme_Heat,Afternoon,Thu,Urban,0.2,1,0.2,4.04,Motorcycle,1,94.4,55.02
ORD100186,6.36,High,Rain,Evening,Mon,Suburban,0.39,2,1.9,4.75,Motorcycle,0,98.2,47.8
ORD100187,5.17,Medium,Clear,Night,Sat,Suburban,0.27,0,0.5,4.1,Scooter,0,77.7,24.21
ORD100188,1.94,Medium,Extreme_Heat,Morning,Wed,Suburban,4.2,0,1.3,4.56,Motorcycle,0,42.3,17.27
ORD100189,5.56,Low,Clear,Morning,Sat,Urban,0.95,1,0.5,4.71,Motorcycle,0,22.9,32.33
ORD100190,4.55,Low,Clear,Evening,Sat,Urban,1.11,0,5.3,4.92,Scooter,1,83.8,23.73
ORD100191,13.7,High,Rain,Afternoon,Tue,Rural,1.4,0,1.0,3.76,Electric_Two_Wheeler,0,23.2,53.91
ORD100192,1.4,Severe,Rain,Morning,Mon,Urban,3.98,0,3.7,3.74,Motorcycle,0,23.2,37.4
ORD100193,3.23,Medium,Extreme_Heat,Night,Wed,Suburban,0.23,0,7.4,4.77,Scooter,0,92.7,16.57
ORD100194,2.39,Medium,Clear,Morning,Thu,Suburban,0.45,1,7.1,4.7,Motorcycle,0,60.4,21.25
ORD100195,4.65,Medium,Rain,Night,Sat,Suburban,2.51,0,1.9,4.05,Motorcycle,0,36.4,29.11
ORD100196,1.3,High,Rain,Evening,Tue,Urban,6.84,1,10.2,3.01,Scooter,0,96.7,22.78
ORD100197,5.81,High,Clear,Evening,Sat,Suburban,2.26,0,2.7,4.33,Scooter,1,73.7,35.86
ORD100198,1.29,High,Clear,Morning,Fri,Suburban,0.81,0,0.3,3.69,Electric_Two_Wheeler,0,58.1,18.17
ORD100199,4.69,High,Clear,Morning,Thu,Urban,1.67,2,5.5,3.97,Motorcycle,0,39.7,31.58
ORD100200,2.94,Medium,Clear,Afternoon,Sat,Urban,7.58,0,1.6,4.37,Scooter,0,70.9,22.84
ORD100201,2.09,Low,Extreme_Heat,Morning,Fri,Urban,1.7,0,0.4,4.43,Scooter,0,75.8,17.36
ORD100202,1.75,Low,Rain,Afternoon,Fri,Urban,1.14,2,3.9,4.93,Motorcycle,0,74.1,22.76
ORD100203,2.38,High,Rain,Afternoon,Tue,Suburban,1.17,0,2.4,4.15,Motorcycle,1,27.6,34.05
ORD100204,3.01,Medium,Extreme_Heat,Morning,Tue,Suburban,7.02,0,5.3,3.91,Scooter,0,72.8,22.34
ORD100205,3.69,Low,Clear,Morning,Fri,Rural,2.74,2,4.4,4.67,Motorcycle,0,62.3,25.32
ORD100206,3.99,Low,Fog,Evening,Mon,Suburban,2.52,0,1.0,4.45,Scooter,0,86.5,22.57
ORD100207,3.26,High,Clear,Morning,Sat,Suburban,0.73,1,0.7,4.15,Scooter,0,66.2,27.42
ORD100208,2.88,Low,Fog,Morning,Fri,Urban,1.84,0,3.3,4.31,Motorcycle,0,23.2,26.32
ORD100209,9.32,Low,Clear,Evening,Fri,Suburban,1.08,0,2.1,4.15,Scooter,1,38.7,40.89
ORD100210,5.58,Medium,Extreme_Heat,Night,Tue,Suburban,0.75,0,0.2,4.58,Electric_Two_Wheeler,0,76.9,22.86
ORD100211,2.56,High,Clear,Afternoon,Sat,Rural,4.72,0,0.5,4.98,Scooter,0,76.6,16.23
ORD100212,3.46,High,Clear,Morning,Wed,Suburban,1.17,1,0.4,4.01,Motorcycle,0,30.0,29.09
ORD100213,2.14,Low,Rain,Evening,Thu,Rural,0.86,0,2.2,4.47,Scooter,1,41.9,27.12
ORD100214,3.02,High,Clear,Night,Tue,Suburban,5.57,3,0.2,3.69,Scooter,0,11.4,35.75
ORD100215,1.49,Low,Rain,Evening,Sat,Suburban,0.64,4,0.6,3.87,Motorcycle,1,39.9,37.49
ORD100216,3.87,Medium,Clear,Evening,Sat,Urban,2.94,2,2.0,4.53,Motorcycle,1,12.4,37.36
ORD100217,11.25,High,Rain,Afternoon,Sun,Suburban,2.32,1,0.4,4.27,Motorcycle,1,88.6,66.09
ORD100218,4.02,Medium,Clear,Afternoon,Mon,Suburban,5.26,1,0.7,3.86,Motorcycle,1,70.0,34.3
ORD100219,4.01,High,Clear,Morning,Thu,Urban,3.77,0,5.9,4.3,Motorcycle,0,97.2,30.25
ORD100220,3.26,High,Clear,Evening,Tue,Urban,2.64,1,3.0,,Motorcycle,1,90.3,36.98
ORD100221,1.7,Medium,Clear,Evening,Tue,Suburban,0.96,0,0.9,3.72,Motorcycle,0,64.3,12.99
ORD100222,9.87,Low,Clear,Night,Wed,Urban,1.57,0,5.2,5.0,Motorcycle,0,55.3,38.88
ORD100223,4.28,Medium,Clear,Afternoon,Sun,Urban,5.98,0,0.7,4.53,Motorcycle,1,89.5,32.26
ORD100224,5.17,Low,Clear,Morning,Sun,Suburban,0.25,0,2.2,4.54,Electric_Two_Wheeler,0,36.9,22.8
ORD100225,2.87,Low,Clear,Afternoon,Mon,Rural,3.36,1,1.1,4.3,Scooter,0,30.1,18.58
ORD100226,5.27,Severe,Clear,Evening,Sun,Suburban,0.78,0,3.5,5.0,Motorcycle,1,46.9,36.45
ORD100227,9.83,Medium,Fog,Evening,Mon,Urban,0.61,1,1.2,4.68,Scooter,0,14.8,61.95
ORD100228,7.89,High,Clear,Morning,Sat,Urban,0.73,0,0.7,4.15,Scooter,0,37.2,37.43
ORD100229,0.53,Medium,Clear,Afternoon,Sat,Urban,0.32,1,2.3,4.6,Scooter,1,17.5,19.18
ORD100230,7.58,High,Rain,Afternoon,Tue,Urban,9.85,1,3.4,4.01,Motorcycle,0,14.7,55.87
ORD100231,1.94,Medium,Clear,Afternoon,Wed,Urban,4.28,1,1.9,4.19,Motorcycle,1,59.6,24.66
ORD100232,2.02,Medium,Rain,Night,Tue,Rural,1.67,0,3.1,4.89,Motorcycle,0,73.7,24.78
ORD100233,1.9,Medium,Clear,Afternoon,Sun,Suburban,2.71,0,1.4,4.46,Scooter,1,58.3,16.65
ORD100234,4.72,Low,Clear,Evening,Fri,Urban,1.83,1,4.0,4.56,Motorcycle,0,16.4,25.76
ORD100235,3.98,High,Clear,Evening,Sat,Urban,3.54,0,2.2,4.77,Electric_Two_Wheeler,1,45.5,27.12
ORD100236,5.42,Low,Rain,Evening,Fri,Urban,3.93,0,0.5,4.52,Scooter,0,20.0,31.57
ORD100237,3.7,Low,Rain,Afternoon,Sun,Urban,0.73,0,5.5,3.98,Scooter,1,68.5,27.6
ORD100238,1.95,Medium,Clear,Evening,Wed,Urban,1.43,1,4.5,4.96,Scooter,0,84.4,14.91
ORD100239,5.71,Low,Clear,Afternoon,Tue,Rural,2.21,1,8.3,4.51,Motorcycle,0,20.5,25.83
ORD100240,3.05,Severe,Extreme_Heat,Afternoon,Sat,Urban,7.87,0,2.1,4.53,Motorcycle,1,16.0,47.32
ORD100241,5.81,Severe,Clear,Morning,Wed,Urban,2.5,0,2.8,4.32,Motorcycle,0,46.5,41.96
ORD100242,4.31,Severe,Clear,Afternoon,Tue,Urban,4.76,1,5.0,4.74,Motorcycle,0,37.3,42.76
ORD100243,3.91,Medium,Extreme_Heat,Afternoon,Tue,Suburban,3.94,0,0.1,5.0,Scooter,1,33.5,29.79
ORD100244,10.96,Low,Rain,Afternoon,Fri,Urban,1.94,2,6.1,4.15,Motorcycle,0,29.0,58.22
ORD100245,1.06,Severe,Clear,Night,Thu,Urban,4.68,1,0.8,4.73,Scooter,0,38.5,31.76
ORD100246,1.12,Medium,Rain,Morning,Sun,Urban,1.15,0,0.1,4.31,Scooter,0,96.9,16.54
ORD100247,2.38,Severe,Fog,Evening,Mon,Suburban,1.15,0,0.7,3.5,Motorcycle,1,87.2,43.52
ORD100248,5.85,Severe,Clear,Night,Sat,Urban,3.24,1,2.2,3.74,Motorcycle,0,64.1,46.12
ORD100249,2.6,High,Clear,Morning,Mon,Urban,0.49,0,0.1,4.47,Motorcycle,0,82.0,20.96
ORD100250,3.11,Low,Clear,Evening,Wed,Urban,0.93,0,0.0,4.7,Motorcycle,0,11.3,15.0
ORD100251,1.15,Medium,Extreme_Heat,Afternoon,Mon,Urban,2.08,0,2.5,4.54,Scooter,1,20.0,22.82
ORD100252,5.7,High,Rain,Morning,Fri,Urban,1.29,0,1.5,4.61,Scooter,0,36.3,39.89
ORD100253,1.19,Medium,Clear,Afternoon,Thu,Urban,5.85,1,4.7,5.0,Scooter,1,68.0,16.92
ORD100254,2.88,Low,Fog,Night,Sat,Urban,6.56,1,0.7,4.51,Electric_Two_Wheeler,0,89.5,30.31
ORD100255,0.88,Medium,Clear,Morning,Sun,Urban,1.6,1,0.8,4.19,Electric_Two_Wheeler,0,30.8,19.35
ORD100256,6.48,Severe,Clear,Evening,Tue,Urban,1.75,2,0.2,4.25,Electric_Two_Wheeler,1,22.5,53.28
ORD100257,1.14,High,Clear,Afternoon,Tue,Urban,2.78,1,1.9,4.95,Scooter,0,86.3,21.89
ORD100258,2.76,Medium,Clear,Night,Sun,Urban,1.42,0,1.1,3.79,Motorcycle,0,46.8,24.31
ORD100259,2.41,Low,Fog,Morning,Fri,Rural,0.62,1,1.0,,Motorcycle,0,73.0,20.58
ORD100260,5.19,Medium,Clear,Evening,Sat,Suburban,2.95,0,1.5,4.31,Motorcycle,0,59.3,31.03
ORD100261,4.05,Severe,Fog,Evening,Mon,Suburban,2.88,0,4.7,3.97,Motorcycle,1,25.8,44.87
ORD100262,10.58,Low,Clear,Evening,Sun,Suburban,0.76,0,0.3,3.72,Motorcycle,0,73.1,38.47
ORD100263,1.39,Medium,Clear,Night,Tue,Rural,3.78,1,1.9,4.89,Scooter,0,47.9,12.03
ORD100264,7.57,High,Extreme_Heat,Evening,Mon,Suburban,2.1,0,0.5,3.96,Scooter,1,35.9,41.95
ORD100265,8.56,High,Clear,Morning,Fri,Suburban,0.74,0,0.6,4.32,Scooter,0,91.2,39.23
ORD100266,10.34,High,Clear,Afternoon,Tue,Urban,2.31,0,0.7,3.91,Scooter,1,10.5,61.45
ORD100267,3.7,High,Clear,Afternoon,Wed,Urban,0.73,1,1.5,5.0,Scooter,1,46.4,43.66
ORD100268,1.56,Medium,Fog,Afternoon,Thu,Suburban,0.82,0,1.7,4.34,Scooter,1,37.0,35.58
ORD100269,4.86,Low,Clear,Afternoon,Mon,Rural,3.97,1,5.1,3.76,Scooter,0,14.9,22.13
ORD100270,1.24,High,Clear,Afternoon,Sun,Urban,5.5,0,5.6,4.13,Motorcycle,1,17.2,23.62
ORD100271,7.05,High,Clear,Afternoon,Sat,Suburban,0.79,3,2.2,4.86,Electric_Two_Wheeler,1,25.5,48.44
ORD100272,3.44,High,Clear,Night,Mon,Urban,5.46,0,0.8,3.91,Motorcycle,0,55.4,30.83
ORD100273,4.52,Severe,Rain,Morning,Mon,Urban,0.75,1,4.3,4.16,Scooter,0,35.4,43.79
ORD100274,10.31,Medium,Clear,Night,Mon,Urban,0.45,1,3.9,4.77,Scooter,0,85.4,48.13
ORD100275,4.02,Medium,Clear,Afternoon,Sun,Urban,0.32,2,4.0,4.44,Scooter,1,31.6,36.52
ORD100276,1.58,High,Clear,Evening,Fri,Urban,0.75,0,0.0,3.81,Electric_Two_Wheeler,0,74.8,22.08
ORD100277,3.46,Medium,Clear,Evening,Fri,Suburban,1.17,0,3.5,4.39,Motorcycle,1,28.9,22.55
ORD100278,2.46,High,Extreme_Heat,Afternoon,Sat,Suburban,5.45,1,4.8,4.24,Scooter,1,13.8,34.41
ORD100279,4.3,High,Clear,Afternoon,Fri,Suburban,0.75,0,2.3,4.32,Motorcycle,0,33.8,25.66
ORD100280,2.83,High,Extreme_Heat,Afternoon,Sun,Urban,1.11,3,3.5,4.68,Scooter,0,85.4,34.7
ORD100281,2.26,Medium,Clear,Afternoon,Sat,Suburban,2.85,2,3.7,4.4,Electric_Two_Wheeler,0,17.4,21.43
ORD100282,3.54,Medium,Clear,Night,Sat,Urban,0.92,0,1.8,4.26,Scooter,0,41.0,17.28
ORD100283,1.54,Low,Fog,Evening,Fri,Urban,2.51,2,4.2,4.24,Scooter,1,10.7,33.18
ORD100284,3.34,Medium,Clear,Morning,Tue,Suburban,1.33,0,3.9,4.73,Motorcycle,0,66.7,18.22
ORD100285,5.05,Low,Rain,Morning,Fri,Urban,0.64,0,6.2,4.01,Electric_Two_Wheeler,0,94.8,24.2
ORD100286,8.88,Medium,Extreme_Heat,Afternoon,Tue,Urban,2.85,1,6.4,3.43,Electric_Two_Wheeler,1,44.6,46.99
ORD100287,2.5,Medium,Clear,Morning,Wed,Urban,0.25,1,1.9,4.21,Motorcycle,0,61.9,17.77
ORD100288,11.69,Low,Clear,Evening,Fri,Suburban,0.89,0,0.1,4.45,Scooter,1,50.7,45.25
ORD100289,4.56,Medium,Rain,Morning,Wed,Urban,1.08,0,0.0,4.13,Scooter,0,97.6,35.86
ORD100290,2.94,Low,Clear,Afternoon,Fri,Suburban,1.43,0,7.0,4.09,Electric_Two_Wheeler,1,76.2,15.48
ORD100291,3.18,Low,Clear,Morning,Wed,Suburban,2.48,1,1.0,4.15,Motorcycle,0,14.0,22.79
ORD100292,3.62,High,Clear,Afternoon,Thu,Suburban,1.43,1,1.2,4.29,Motorcycle,1,19.8,41.3
ORD100293,2.73,Medium,Clear,Evening,Wed,Suburban,2.0,0,1.6,3.78,Scooter,0,52.3,18.44
ORD100294,2.3,Low,Rain,Afternoon,Tue,Urban,2.01,2,0.8,4.56,Motorcycle,1,66.9,29.47
ORD100295,4.23,Medium,Clear,Night,Mon,Urban,1.13,1,2.2,3.24,Scooter,0,36.1,27.52
ORD100296,1.05,High,Clear,Night,Sat,Urban,5.64,0,3.8,4.52,Motorcycle,0,70.7,17.66
ORD100297,2.06,Low,Rain,Afternoon,Wed,Urban,6.44,0,0.7,4.43,Electric_Two_Wheeler,1,61.9,30.49
ORD100298,5.76,Medium,Clear,Morning,Mon,Suburban,1.94,0,3.4,4.5,Motorcycle,0,49.2,21.12
ORD100299,0.94,Low,Clear,Evening,Sun,Urban,0.35,0,2.8,3.53,Motorcycle,1,62.4,16.94
ORD100300,4.7,Low,Rain,Night,Thu,Urban,1.55,1,1.9,4.42,Scooter,0,92.5,26.01
ORD100301,3.89,Medium,Clear,Evening,Thu,Suburban,0.61,0,1.0,4.08,Scooter,1,31.9,29.31
ORD100302,2.42,Medium,Rain,Morning,Sun,Suburban,1.52,0,5.2,4.94,Electric_Two_Wheeler,0,81.2,20.37
ORD100303,2.8,Medium,Fog,Night,Sun,Suburban,0.62,0,1.3,4.44,Scooter,0,11.1,34.07
ORD100304,3.52,High,Clear,Afternoon,Sun,Suburban,2.63,1,1.2,3.83,Motorcycle,0,17.6,33.15
ORD100305,4.81,Severe,Clear,Evening,Tue,Suburban,0.37,0,2.6,3.62,Motorcycle,1,95.5,42.84
ORD100306,4.54,Medium,Clear,Night,Sun,Suburban,6.33,0,6.3,4.05,Motorcycle,0,72.8,19.65
ORD100307,7.27,Medium,Clear,Morning,Tue,Urban,0.63,0,1.8,4.62,Electric_Two_Wheeler,0,67.0,41.06
ORD100308,4.38,High,Fog,Night,Wed,Rural,2.36,2,3.2,4.76,Motorcycle,0,40.1,49.43
ORD100309,8.12,Low,Fog,Afternoon,Fri,Suburban,5.18,2,1.5,4.37,Electric_Two_Wheeler,0,26.6,52.19
ORD100310,1.01,Medium,Clear,Night,Sun,Urban,0.77,1,0.6,4.33,Scooter,0,44.2,13.68
ORD100311,7.18,Low,Rain,Afternoon,Sun,Urban,5.65,1,0.3,4.17,Motorcycle,1,63.9,45.77
ORD100312,2.96,Low,Extreme_Heat,Night,Thu,Suburban,1.18,0,0.4,4.29,Motorcycle,0,67.1,14.23
ORD100313,4.08,Severe,Extreme_Heat,Morning,Mon,Rural,6.66,1,0.1,4.79,Scooter,0,25.3,38.26
ORD100314,5.39,High,Clear,Evening,Fri,Urban,7.31,1,2.0,4.16,Motorcycle,0,50.1,39.31
ORD100315,1.81,High,Clear,Afternoon,Thu,Urban,0.62,1,0.4,4.56,Motorcycle,0,61.0,27.15
ORD100316,3.17,Medium,Clear,Afternoon,Wed,Suburban,3.76,1,5.0,4.09,Motorcycle,1,96.4,28.28
ORD100317,7.65,Low,Extreme_Heat,Morning,Sun,Rural,0.63,0,10.2,4.71,Scooter,0,59.4,20.08
ORD100318,8.86,Low,Clear,Evening,Thu,Urban,0.71,2,1.7,4.53,Motorcycle,1,62.3,48.87
ORD100319,2.4,Low,Clear,Morning,Tue,Urban,0.38,0,1.5,4.69,Scooter,0,78.9,15.69
ORD100320,5.17,Medium,Clear,Evening,Mon,Suburban,0.54,0,1.1,5.0,Motorcycle,0,47.7,28.68
ORD100321,2.76,High,Clear,Afternoon,Mon,Urban,2.2,0,2.5,3.27,Motorcycle,1,44.5,30.33
ORD100322,1.29,High,Clear,Night,Tue,Suburban,1.39,1,2.3,4.6,Motorcycle,0,63.2,23.26
ORD100323,8.49,Low,Extreme_Heat,Morning,Sun,Urban,3.33,1,1.1,4.49,Scooter,0,80.5,41.62
ORD100324,1.81,Severe,,Morning,Sun,Urban,1.01,0,1.1,4.48,Scooter,0,67.4,28.94
ORD100325,14.22,High,Clear,Morning,Fri,Urban,7.12,0,2.6,4.4,Scooter,0,26.8,74.33
ORD100326,1.49,Medium,Clear,Afternoon,Tue,Urban,0.3,1,2.0,4.4,Scooter,1,45.8,26.97
ORD100327,7.07,Medium,Clear,Morning,Sun,Urban,0.33,0,3.2,4.43,Motorcycle,0,56.1,35.25
ORD100328,6.85,Medium,Clear,Afternoon,Mon,Urban,2.62,0,7.1,4.66,Motorcycle,1,57.1,39.27
ORD100329,2.78,Low,Clear,Night,Sun,Suburban,4.57,1,3.8,4.63,Scooter,0,40.6,17.03
ORD100330,4.44,Medium,Clear,Evening,Wed,Urban,3.37,2,0.9,4.29,Scooter,0,57.0,32.74
ORD100331,2.83,High,Clear,Evening,Sun,Rural,1.55,1,3.6,4.23,Motorcycle,1,70.6,32.74
ORD100332,2.08,Low,Clear,Morning,Fri,Urban,0.83,1,1.5,4.31,Motorcycle,0,52.1,14.47
ORD100333,4.93,Low,Clear,Evening,Sat,Suburban,0.23,0,3.8,4.13,Scooter,0,50.6,19.54
ORD100334,6.19,Low,Extreme_Heat,Morning,Thu,Urban,1.62,1,5.4,5.0,Scooter,0,82.1,28.29
ORD100335,2.29,Low,Extreme_Heat,Evening,Sat,Urban,1.49,2,0.7,3.79,Scooter,0,78.1,26.4
ORD100336,8.5,High,Clear,Afternoon,Wed,Suburban,1.04,0,0.7,4.6,Scooter,1,48.0,49.53
ORD100337,4.36,High,Clear,Afternoon,Sat,Suburban,1.93,0,1.4,4.6,Scooter,1,99.6,34.96
ORD100338,3.67,Medium,Extreme_Heat,Afternoon,Sun,Suburban,2.81,3,0.1,4.09,Scooter,0,16.0,36.09
ORD100339,3.74,Low,Clear,Night,Fri,Suburban,2.61,0,2.9,4.42,Motorcycle,0,39.3,16.44
ORD100340,8.35,Medium,Fog,Morning,Mon,Suburban,0.81,0,3.5,4.81,Motorcycle,0,13.3,45.13
ORD100341,3.02,Medium,Extreme_Heat,Evening,Mon,Urban,1.96,0,1.1,4.17,Scooter,1,85.6,31.88
ORD100342,3.12,Low,Clear,Morning,Wed,Suburban,0.52,0,1.6,4.82,Motorcycle,0,78.0,18.43
ORD100343,8.23,Medium,Clear,Evening,Sat,Suburban,0.46,0,2.2,4.75,Motorcycle,0,71.5,30.15
ORD100344,8.63,Medium,Extreme_Heat,Night,Fri,Rural,3.28,0,0.2,4.02,Electric_Two_Wheeler,0,29.3,32.86
ORD100345,6.76,Medium,Clear,Afternoon,Thu,Suburban,2.57,0,3.1,,Scooter,1,73.7,36.26
ORD100346,1.6,Medium,Clear,Afternoon,Sun,Urban,3.12,0,1.9,4.37,Motorcycle,1,42.0,15.76
ORD100347,11.52,Low,Clear,Night,Sat,Urban,0.53,0,2.4,3.8,Motorcycle,0,88.2,49.17
ORD100348,4.11,Medium,Clear,Afternoon,Sat,Suburban,5.12,1,3.2,3.14,Scooter,0,28.0,24.31
ORD100349,3.6,Medium,Rain,Afternoon,Thu,Suburban,0.49,1,2.8,4.1,Electric_Two_Wheeler,0,29.6,31.94
ORD100350,6.78,Medium,Rain,Evening,Tue,Suburban,4.28,1,0.3,5.0,Motorcycle,0,96.5,40.52
ORD100351,4.72,High,Extreme_Heat,Evening,Sun,Suburban,1.07,0,3.8,4.12,Motorcycle,0,56.5,30.99
ORD100352,2.84,High,Clear,Morning,Wed,Urban,0.42,2,2.4,4.45,Scooter,0,50.2,27.81
ORD100353,9.39,Low,Clear,Evening,Sun,Urban,0.88,0,3.1,4.58,Scooter,1,41.7,41.64
ORD100354,3.59,Low,Clear,Afternoon,Fri,Urban,0.6,1,0.8,4.28,Motorcycle,0,84.8,21.65
ORD100355,4.04,Medium,Clear,Morning,Wed,Suburban,1.55,0,0.6,4.17,Scooter,0,41.7,21.84
ORD100356,9.34,Low,Clear,Evening,Thu,Suburban,6.18,2,4.4,4.79,Motorcycle,1,42.1,48.44
ORD100357,6.51,Medium,Extreme_Heat,Afternoon,Fri,Urban,0.99,1,1.2,4.32,Scooter,1,21.1,42.23
ORD100358,5.53,Severe,Fog,Morning,Mon,Suburban,2.09,0,2.1,4.26,Motorcycle,0,56.9,46.31
ORD100359,2.76,Medium,Clear,Evening,Mon,Urban,4.65,1,2.0,4.62,Motorcycle,1,93.1,32.45
ORD100360,4.87,Medium,Rain,Night,Sun,Urban,2.19,2,2.2,3.89,Scooter,0,96.2,42.22
ORD100361,5.06,Medium,Clear,Night,Fri,Suburban,1.1,1,0.2,3.79,Motorcycle,0,99.6,29.45
ORD100362,4.99,Medium,Clear,Night,Wed,Urban,9.59,0,0.9,3.65,Scooter,0,52.6,25.56
ORD100363,3.66,Medium,Rain,Night,Wed,Suburban,0.62,1,0.2,4.53,Scooter,0,79.7,26.38
ORD100364,2.29,Severe,Clear,Morning,Mon,Suburban,1.68,2,1.6,4.23,Scooter,0,59.7,37.58
ORD100365,7.1,Medium,Extreme_Heat,Afternoon,Mon,Suburban,3.39,0,5.8,4.63,Scooter,1,59.3,40.35
ORD100366,2.69,Severe,Rain,Evening,Thu,Urban,0.2,0,1.2,4.32,Scooter,1,82.6,35.95
ORD100367,3.91,Severe,Clear,Afternoon,Fri,Urban,2.62,0,3.8,3.75,Electric_Two_Wheeler,1,85.2,41.85
ORD100368,0.78,Low,Rain,Evening,Wed,Suburban,0.82,0,0.8,4.16,Scooter,0,11.8,14.34
ORD100369,6.4,Low,Clear,Evening,Thu,Suburban,0.57,1,4.8,4.66,Scooter,1,94.9,31.36
ORD100370,2.04,Low,Clear,Afternoon,Wed,Suburban,0.84,2,1.4,4.2,Scooter,0,84.1,21.68
ORD100371,5.07,Low,Clear,Night,Mon,Urban,7.01,0,1.1,4.77,Scooter,0,74.9,27.24
ORD100372,1.65,Low,Clear,Afternoon,Fri,Urban,4.65,1,3.0,4.12,Motorcycle,0,86.7,14.02
ORD100373,3.37,High,Rain,Afternoon,Tue,Suburban,0.68,0,1.8,4.59,Scooter,1,58.4,38.02
ORD100374,3.17,Low,Clear,Night,Fri,Suburban,0.45,0,1.0,3.59,Motorcycle,0,79.6,14.31
ORD100375,2.05,Medium,Rain,Afternoon,Sat,Urban,1.11,0,0.1,4.21,Scooter,1,63.9,25.75
ORD100376,4.42,High,Clear,Morning,Tue,Urban,1.99,2,0.5,4.15,Motorcycle,0,58.9,41.61
ORD100377,1.43,Low,Clear,Afternoon,Sun,Suburban,4.24,0,3.7,3.74,Scooter,1,29.0,18.38
ORD100378,5.96,High,Fog,Evening,Sun,Urban,6.97,0,6.3,4.74,Motorcycle,1,86.3,46.17
ORD100379,6.17,Low,Clear,Evening,Thu,Urban,2.98,0,0.5,4.04,Motorcycle,1,89.5,31.11
ORD100380,2.19,Low,Clear,Evening,Tue,Urban,2.03,0,2.1,4.0,Scooter,0,97.4,15.92
ORD100381,8.28,High,Clear,Evening,Tue,Urban,0.51,0,0.1,4.82,Motorcycle,0,20.8,42.26
ORD100382,3.42,Medium,Clear,Afternoon,Thu,Suburban,0.35,0,0.9,4.36,Motorcycle,0,36.2,22.85
ORD100383,1.93,High,Clear,Night,Fri,Urban,2.01,0,1.5,4.61,Scooter,0,71.7,18.08
ORD100384,1.17,High,Rain,Night,Thu,Urban,1.75,1,3.3,3.62,Motorcycle,0,87.0,26.6
ORD100385,0.59,High,Clear,Morning,Sat,Urban,3.94,2,0.1,3.98,Electric_Two_Wheeler,0,77.6,27.2
ORD100386,8.0,Low,Clear,Morning,Mon,Urban,0.98,0,3.8,5.0,Motorcycle,0,51.0,30.09
ORD100387,2.38,Low,Extreme_Heat,Night,Sun,Suburban,0.28,0,0.6,4.64,Electric_Two_Wheeler,0,75.3,14.29
ORD100388,3.02,High,Clear,Night,Mon,Urban,1.3,0,3.6,3.87,Scooter,0,16.5,27.71
ORD100389,2.84,High,Fog,Night,Sun,Suburban,7.16,0,2.5,4.39,Motorcycle,0,69.6,26.47
ORD100390,6.9,Severe,Clear,Night,Tue,Urban,3.38,1,1.0,3.9,Electric_Two_Wheeler,0,10.7,51.98
ORD100391,5.26,Medium,Clear,Afternoon,Thu,Urban,0.27,0,3.2,4.86,Scooter,0,14.3,33.35
ORD100392,4.11,Medium,Fog,Evening,Thu,Urban,4.35,1,0.7,3.39,Electric_Two_Wheeler,1,78.2,43.67
ORD100393,1.52,High,Clear,Afternoon,Thu,Urban,1.48,0,0.6,4.41,Scooter,1,53.0,25.05
ORD100394,9.61,Medium,Rain,Morning,Sat,Suburban,1.11,1,0.2,4.4,Electric_Two_Wheeler,0,15.4,51.29
ORD100395,5.34,Severe,Clear,Evening,Sat,Urban,1.05,3,1.2,3.85,Scooter,0,53.4,55.89
ORD100396,5.42,High,Clear,Afternoon,Fri,Suburban,2.01,0,0.3,,Scooter,1,15.6,43.08
ORD100397,1.64,Medium,Clear,Evening,Wed,Urban,1.71,0,1.4,4.45,Electric_Two_Wheeler,0,41.1,15.05
ORD100398,1.86,High,Clear,Afternoon,Sun,Urban,2.34,2,0.0,3.59,Scooter,0,24.2,26.62
ORD100399,4.03,High,Fog,Afternoon,Wed,Urban,1.9,1,0.4,3.79,Scooter,0,29.7,43.47
ORD100400,4.1,Low,Clear,Morning,Wed,Suburban,0.51,0,6.7,4.24,Scooter,0,27.6,19.98
ORD100401,2.05,Severe,Extreme_Heat,Afternoon,Sun,Urban,0.79,0,4.0,3.97,Motorcycle,1,43.5,40.32
ORD100402,1.66,Medium,Extreme_Heat,Morning,Fri,Urban,3.88,0,0.7,4.11,Electric_Two_Wheeler,0,19.7,22.54
ORD100403,2.64,High,Clear,Morning,Thu,Urban,2.38,1,3.2,4.29,Scooter,0,57.5,25.65
ORD100404,3.13,Medium,Clear,Night,Wed,Urban,1.39,3,2.8,3.94,Motorcycle,0,46.6,25.33
ORD100405,1.53,High,Fog,Morning,Thu,Rural,0.6,1,0.5,4.29,Scooter,0,85.6,36.56
ORD100406,5.44,Medium,Extreme_Heat,Afternoon,Tue,Urban,0.22,1,1.2,4.42,Motorcycle,1,84.3,45.6
ORD100407,5.65,Low,Clear,Evening,Wed,Suburban,0.95,1,6.1,4.61,Scooter,0,84.2,22.43
ORD100408,5.11,Severe,Clear,Evening,Tue,Suburban,0.31,2,3.4,3.8,Scooter,1,52.3,49.26
ORD100409,1.59,Low,Clear,Morning,Fri,Urban,1.52,0,3.6,4.05,Scooter,0,36.2,9.7
ORD100410,2.61,Medium,Rain,Evening,Mon,Urban,3.65,0,2.1,4.54,Motorcycle,1,47.4,29.78
ORD100411,6.09,Severe,Clear,Evening,Sat,Suburban,0.87,0,2.7,3.71,Electric_Two_Wheeler,1,71.9,43.65
ORD100412,4.3,Severe,Rain,Morning,Sun,Urban,3.96,0,1.8,4.34,Motorcycle,0,57.7,44.91
ORD100413,8.36,Medium,Clear,Afternoon,Fri,Urban,2.64,0,3.4,4.31,Scooter,1,66.2,39.98
ORD100414,7.64,Medium,Clear,Night,Fri,Suburban,0.47,2,3.3,3.27,Motorcycle,0,72.4,38.27
ORD100415,3.76,Medium,Clear,Evening,Fri,Suburban,2.27,0,0.1,4.1,Motorcycle,1,92.7,29.42
ORD100416,2.58,Low,Clear,Evening,Wed,Suburban,0.53,0,2.5,4.43,Scooter,0,95.0,6.81
ORD100417,5.92,Medium,Clear,Morning,Tue,Suburban,2.33,0,2.5,4.22,Scooter,0,85.6,28.46
ORD100418,6.29,High,Clear,Afternoon,Sat,Urban,0.51,1,0.2,4.11,Scooter,0,15.9,41.1
ORD100419,6.76,High,Clear,Evening,Wed,Urban,1.2,1,1.3,4.36,Motorcycle,0,98.1,47.31
ORD100420,4.25,High,Clear,Morning,Mon,Urban,1.87,3,5.7,4.7,Motorcycle,0,73.3,39.71
ORD100421,2.38,High,Clear,Afternoon,Sun,Suburban,0.3,0,7.7,4.52,Motorcycle,1,72.4,22.16
ORD100422,5.07,Low,Extreme_Heat,Evening,Sun,Rural,0.53,0,3.8,4.0,Scooter,1,12.1,32.68
ORD100423,5.21,Medium,Clear,Afternoon,Sat,Urban,0.97,1,0.4,3.72,Scooter,1,53.1,37.0
ORD100424,5.8,Low,Clear,Evening,Sun,Urban,1.44,1,1.2,4.51,Electric_Two_Wheeler,0,66.4,30.18
ORD100425,2.76,Medium,Clear,Evening,Sun,Urban,4.11,1,0.5,3.83,Scooter,1,35.1,31.0
ORD100426,5.03,Medium,Extreme_Heat,Afternoon,Fri,Suburban,0.61,0,2.6,4.09,Electric_Two_Wheeler,0,17.5,27.74
ORD100427,1.38,High,Clear,Evening,Thu,Suburban,1.05,0,3.7,4.38,Motorcycle,0,57.9,22.61
ORD100428,6.15,Medium,Rain,Morning,Mon,Urban,1.49,2,5.4,4.76,Scooter,0,50.2,44.88
ORD100429,4.16,Low,,Evening,Tue,Rural,0.9,2,4.9,4.81,Motorcycle,0,14.0,28.19
ORD100430,2.52,Low,Rain,Morning,Mon,Suburban,2.17,1,0.3,4.32,Electric_Two_Wheeler,0,56.7,21.82
ORD100431,8.16,High,Clear,Morning,Wed,Urban,0.79,0,0.3,4.1,Scooter,0,19.7,41.96
ORD100432,3.0,Medium,Rain,Evening,Sun,Rural,3.16,0,6.0,3.82,Electric_Two_Wheeler,1,48.2,27.79
ORD100433,4.19,Low,Clear,Afternoon,Thu,Urban,1.61,0,4.6,5.0,Scooter,1,34.3,23.76
ORD100434,2.7,Low,Clear,Night,Wed,Urban,0.38,0,1.5,4.18,Motorcycle,0,97.3,16.1
ORD100435,3.92,High,Rain,Afternoon,Sat,Urban,2.17,0,1.4,4.57,Motorcycle,0,13.1,31.04
ORD100436,5.26,Low,Clear,Afternoon,Fri,Suburban,1.88,0,2.0,4.38,Electric_Two_Wheeler,0,60.4,19.93
ORD100437,2.84,High,Fog,Afternoon,Sun,Suburban,1.03,0,2.3,4.1,Motorcycle,0,23.7,27.86
ORD100438,3.4,High,Clear,Afternoon,Fri,Urban,0.22,0,0.7,4.08,Motorcycle,1,38.7,33.45
ORD100439,6.08,Low,Fog,Afternoon,Mon,Rural,0.65,1,1.3,3.75,Scooter,0,26.6,31.14
ORD100440,1.06,Low,Clear,Evening,Fri,Urban,1.24,0,2.4,4.75,Scooter,0,99.6,10.44
ORD100441,6.31,Severe,Clear,Evening,Fri,Suburban,0.65,0,0.6,4.25,Scooter,1,12.9,46.65
ORD100442,7.07,Medium,Clear,Night,Sat,Suburban,1.92,0,15.0,4.87,Scooter,0,58.7,32.62
ORD100443,1.92,Medium,Extreme_Heat,Night,Tue,Urban,2.69,3,0.8,4.12,Scooter,0,64.7,30.23
ORD100444,1.21,High,Clear,Afternoon,Tue,Urban,4.08,0,2.0,4.18,Scooter,0,79.5,21.54
ORD100445,1.62,Severe,Clear,Evening,Wed,Suburban,2.28,0,2.0,3.85,Electric_Two_Wheeler,1,66.3,30.96
ORD100446,2.11,Severe,Clear,Afternoon,Sun,Urban,2.54,1,1.5,4.18,Motorcycle,0,30.8,35.45
ORD100447,1.74,High,Rain,Evening,Wed,Suburban,2.08,1,0.7,3.8,Scooter,1,63.8,32.18
ORD100448,5.51,Medium,Clear,Afternoon,Tue,Urban,8.67,0,2.1,4.46,Electric_Two_Wheeler,0,97.7,30.98
ORD100449,3.53,Low,Clear,Night,Mon,Suburban,0.8,0,0.2,4.34,Scooter,0,86.4,15.38
ORD100450,4.62,High,Clear,Evening,Tue,Urban,0.82,1,1.2,4.89,Motorcycle,0,50.8,40.53
ORD100451,6.72,Medium,Clear,Night,Wed,Urban,0.47,0,0.6,3.72,Motorcycle,0,53.0,29.94
ORD100452,5.88,Medium,Clear,Evening,Thu,Urban,1.53,2,0.3,4.79,Scooter,1,22.0,49.48
ORD100453,9.27,Severe,Clear,Night,Sun,Suburban,0.4,0,6.5,3.91,Motorcycle,0,61.3,44.06
ORD100454,7.51,Low,Rain,Evening,Fri,Urban,0.83,1,3.0,4.44,Scooter,0,35.2,43.58
ORD100455,3.3,Medium,Clear,Afternoon,Sat,Urban,1.52,1,0.5,3.84,Scooter,1,19.7,30.1
ORD100456,5.07,Low,Clear,Afternoon,Thu,Rural,6.52,3,7.5,4.38,Scooter,0,52.7,28.96
ORD100457,9.47,Medium,Clear,Afternoon,Thu,Suburban,6.84,0,0.6,3.3,Electric_Two_Wheeler,0,14.1,41.7
ORD100458,3.0,Low,Extreme_Heat,Morning,Fri,Urban,2.92,0,0.7,4.03,Motorcycle,0,20.8,16.79
ORD100459,5.33,Low,Extreme_Heat,Afternoon,Tue,Rural,1.19,1,0.4,4.34,Motorcycle,0,29.7,26.66
ORD100460,11.15,Low,Fog,Afternoon,Sun,Suburban,4.21,0,3.3,5.0,Motorcycle,0,99.2,46.08
ORD100461,5.71,Medium,Clear,Afternoon,Mon,Urban,4.37,0,2.1,3.45,Scooter,0,82.8,31.45
ORD100462,1.97,High,Clear,Night,Thu,Urban,5.02,3,0.2,4.3,Motorcycle,0,58.8,29.25
ORD100463,1.25,Medium,Clear,Night,Mon,Suburban,2.24,1,0.1,4.09,Scooter,0,30.9,18.85
ORD100464,2.23,Severe,Clear,Morning,Sat,Suburban,0.65,1,1.9,3.53,Scooter,0,56.7,34.51
ORD100465,3.45,Medium,Clear,Afternoon,Sat,Urban,0.39,0,2.6,3.85,Motorcycle,0,68.4,21.04
ORD100466,10.58,Low,,Afternoon,Sat,Urban,5.12,0,4.3,4.11,Scooter,0,10.4,46.05
ORD100467,6.93,High,Fog,Afternoon,Wed,Urban,0.31,0,1.6,4.49,Scooter,0,98.9,52.69
ORD100468,2.97,Low,Fog,Evening,Thu,Suburban,0.9,0,2.8,4.34,Motorcycle,0,66.4,23.72
ORD100469,2.04,Severe,Clear,Afternoon,Sat,Urban,1.53,0,3.3,3.78,Motorcycle,0,98.9,25.81
ORD100470,2.03,Low,Rain,Evening,Wed,Urban,0.24,0,2.4,3.57,Motorcycle,1,52.2,24.98
ORD100471,12.45,Severe,Clear,Night,Sat,Suburban,4.95,0,1.1,4.47,Scooter,0,66.1,54.85
ORD100472,1.87,Low,Clear,Evening,Tue,Suburban,0.88,0,0.4,4.22,Scooter,1,51.5,20.42
ORD100473,6.26,High,Rain,Morning,Thu,Urban,0.26,3,2.6,4.94,Motorcycle,0,10.9,61.71
ORD100474,6.05,Medium,Clear,Evening,Wed,Urban,10.3,2,3.7,4.16,Motorcycle,1,86.5,48.09
ORD100475,3.26,Severe,Clear,Afternoon,Sat,Urban,0.95,0,0.5,4.76,Motorcycle,1,50.4,35.24
ORD100476,1.77,Low,Clear,Afternoon,Sun,Urban,4.39,0,1.7,4.52,Electric_Two_Wheeler,1,52.4,10.35
ORD100477,5.12,Medium,Rain,Morning,Wed,Rural,1.41,0,1.3,4.63,Electric_Two_Wheeler,0,42.4,33.4
ORD100478,10.1,Severe,Rain,Afternoon,Sat,Suburban,2.38,2,0.6,4.47,Scooter,1,48.9,70.63
ORD100479,1.63,Medium,Clear,Afternoon,Tue,Urban,0.75,0,0.7,4.48,Motorcycle,1,75.3,19.31
ORD100480,4.04,Medium,Fog,Afternoon,Mon,Urban,1.6,0,0.7,3.38,Motorcycle,0,73.1,35.89
ORD100481,5.86,High,Clear,Evening,Sat,Urban,0.8,1,1.4,4.21,Motorcycle,1,82.8,42.01
ORD100482,9.7,Medium,Clear,Evening,Mon,Suburban,6.24,0,1.2,4.03,Scooter,1,97.7,47.83
ORD100483,1.08,Medium,Rain,Morning,Thu,Urban,0.33,0,2.0,4.81,Motorcycle,0,45.2,19.23
ORD100484,5.43,Medium,Rain,Morning,Tue,Suburban,0.84,2,0.2,3.9,Electric_Two_Wheeler,0,40.5,40.55
ORD100485,9.58,Severe,Extreme_Heat,Evening,Sun,Suburban,4.67,0,2.2,4.19,Motorcycle,1,54.4,64.14
ORD100486,6.28,Low,Clear,Morning,Thu,Urban,1.51,0,0.1,4.62,Motorcycle,0,23.9,26.79
ORD100487,2.57,Low,Rain,Night,Sun,Suburban,2.03,0,0.7,4.42,Scooter,0,78.2,17.87
ORD100488,4.15,Severe,Rain,Evening,Mon,Suburban,2.31,0,1.7,4.37,Scooter,0,62.3,39.62
ORD100489,6.85,High,Extreme_Heat,Afternoon,Tue,Suburban,0.35,1,2.9,4.74,Scooter,0,29.0,37.87
ORD100490,7.15,Medium,Clear,Morning,Fri,Rural,0.24,1,3.7,4.4,Scooter,0,87.8,34.04
ORD100491,6.22,Medium,Rain,Morning,Tue,Urban,5.76,1,0.1,4.08,Motorcycle,0,65.7,44.67
ORD100492,4.41,Low,Clear,Morning,Tue,Urban,0.83,0,1.9,3.78,Scooter,0,13.1,23.03
ORD100493,3.65,Low,Clear,Morning,Sun,Suburban,1.16,1,1.1,4.49,Motorcycle,0,27.7,17.47
ORD100494,7.47,Medium,Clear,Evening,Fri,Suburban,2.49,2,3.0,3.99,Scooter,0,90.2,30.32
ORD100495,5.16,Medium,Clear,Morning,Wed,Rural,0.74,0,0.8,4.2,Scooter,0,44.3,20.65
ORD100496,4.24,Medium,Clear,Afternoon,Wed,Urban,2.84,1,3.4,4.73,Scooter,1,98.6,31.69
ORD100497,2.42,Low,Fog,Evening,Wed,Suburban,1.43,0,2.3,4.21,Electric_Two_Wheeler,1,57.7,19.62
ORD100498,2.32,Severe,Clear,Afternoon,Mon,Urban,4.08,1,3.9,4.12,Scooter,1,28.7,45.39
ORD100499,3.72,Severe,Rain,Morning,Tue,Urban,0.85,0,10.4,4.19,Scooter,0,63.5,38.95
ORD100500,5.66,High,Clear,Morning,Sat,Urban,0.66,0,6.0,4.2,Motorcycle,0,19.2,36.82
ORD100501,5.41,Medium,Clear,Morning,Fri,Urban,3.76,0,2.2,3.9,Electric_Two_Wheeler,0,82.7,28.04
ORD100502,5.21,Medium,Clear,Evening,Sat,Urban,0.99,0,5.6,4.97,Motorcycle,1,66.5,33.97
ORD100503,4.09,High,Clear,Afternoon,Mon,Suburban,1.26,1,0.4,4.08,Scooter,0,96.8,30.08
ORD100504,7.07,High,Clear,Evening,Fri,Urban,3.36,0,0.1,4.61,Scooter,1,72.1,44.65
ORD100505,7.92,Low,Clear,Afternoon,Sat,Urban,2.22,1,1.9,3.89,Electric_Two_Wheeler,0,14.4,43.57
ORD100506,1.87,Severe,Clear,Afternoon,Sun,Urban,1.37,1,9.2,4.52,Motorcycle,1,52.9,37.46
ORD100507,2.69,High,Clear,Afternoon,Mon,Urban,0.78,1,3.1,4.37,Motorcycle,1,57.8,31.97
ORD100508,12.27,Severe,Clear,Evening,Mon,Rural,3.09,0,0.9,4.31,Scooter,0,92.5,60.49
ORD100509,3.57,High,Clear,Afternoon,Mon,Urban,0.6,1,2.8,4.37,Scooter,1,48.9,34.98
ORD100510,3.64,Medium,Clear,Morning,Fri,Urban,5.47,1,0.1,4.47,Scooter,0,63.4,25.11
ORD100511,2.29,Medium,Extreme_Heat,Evening,Sat,Suburban,0.53,1,1.6,4.21,Motorcycle,0,26.7,23.45
ORD100512,7.18,Severe,Fog,Afternoon,Sat,Suburban,3.47,2,0.7,4.23,Scooter,1,32.0,64.98
ORD100513,14.17,High,Rain,Afternoon,Thu,Suburban,1.3,0,0.1,4.53,Electric_Two_Wheeler,0,59.4,61.08
ORD100514,2.3,Low,Clear,Evening,Mon,Suburban,0.61,1,0.7,3.84,Scooter,0,72.7,17.94
ORD100515,7.46,Low,Rain,Afternoon,Wed,Rural,1.23,0,3.2,3.78,Motorcycle,1,49.2,42.3
ORD100516,2.09,Medium,Fog,Evening,Tue,Urban,0.7,1,2.0,4.37,Scooter,1,48.9,36.29
ORD100517,6.79,High,Rain,Afternoon,Sun,Rural,0.49,0,0.1,3.5,Motorcycle,0,33.0,40.98
ORD100518,2.12,Severe,Clear,Evening,Sun,Suburban,0.75,1,1.3,3.63,Scooter,0,72.8,33.15
ORD100519,1.03,Low,Rain,Evening,Thu,Suburban,4.24,1,3.5,5.0,Motorcycle,0,10.5,16.27
ORD100520,12.18,Medium,Fog,Afternoon,Thu,Suburban,0.42,0,7.7,4.92,Motorcycle,1,56.1,54.87
ORD100521,2.91,Medium,Clear,Evening,Fri,Suburban,7.39,0,5.2,4.07,Scooter,0,10.3,21.16
ORD100522,1.47,Severe,Rain,Night,Thu,Urban,0.21,2,0.0,4.7,Motorcycle,0,63.4,38.87
ORD100523,4.41,High,Clear,Afternoon,Sat,Urban,2.35,0,0.6,4.71,Motorcycle,0,12.8,27.88
ORD100524,5.71,High,Clear,Afternoon,Fri,Rural,4.08,0,0.6,4.49,Electric_Two_Wheeler,0,94.6,28.71
ORD100525,7.65,Medium,Clear,Evening,Fri,Urban,5.63,1,1.3,4.27,Electric_Two_Wheeler,0,53.0,42.14
ORD100526,3.45,Medium,Rain,Evening,Sun,Urban,0.51,0,2.6,4.55,Electric_Two_Wheeler,0,71.6,29.25
ORD100527,3.32,Low,Clear,Morning,Sun,Suburban,2.6,2,0.4,4.62,Scooter,0,86.8,20.49
ORD100528,2.94,Low,Clear,Night,Wed,Urban,0.43,3,6.2,4.56,Scooter,0,31.2,24.66
ORD100529,4.15,High,Clear,Morning,Mon,Urban,1.07,0,3.8,3.68,Electric_Two_Wheeler,0,58.6,29.79
ORD100530,6.1,High,Clear,Evening,Thu,Suburban,2.83,1,1.4,5.0,Motorcycle,0,87.7,32.86
ORD100531,4.86,Severe,Clear,Evening,Mon,Suburban,1.05,0,2.2,5.0,Scooter,0,58.4,33.82
ORD100532,2.86,Severe,Rain,Night,Mon,Urban,0.95,0,2.0,3.54,Motorcycle,0,45.3,37.45
ORD100533,4.02,Medium,Rain,Morning,Mon,Rural,0.45,1,2.2,4.5,Scooter,0,43.2,26.41
ORD100534,1.72,High,Clear,Evening,Fri,Urban,0.34,1,4.9,5.0,Motorcycle,0,44.6,21.87
ORD100535,3.52,Severe,Clear,Afternoon,Mon,Urban,0.44,1,0.6,4.7,Motorcycle,1,65.4,50.83
ORD100536,3.22,High,Clear,Afternoon,Thu,Urban,4.37,0,2.9,4.71,Motorcycle,1,14.1,27.64
ORD100537,7.69,Low,Fog,Morning,Fri,Suburban,0.22,0,0.3,3.72,Scooter,0,47.4,42.29
ORD100538,4.42,Medium,Clear,Evening,Thu,Urban,2.56,1,1.5,4.62,Scooter,0,60.5,29.83
ORD100539,3.55,Low,Clear,Afternoon,Fri,Urban,3.13,1,2.5,4.4,Scooter,1,80.8,22.36
ORD100540,3.86,Severe,Clear,Morning,Tue,Suburban,1.88,0,0.0,4.61,Motorcycle,0,57.7,36.14
ORD100541,3.51,Medium,Rain,Evening,Tue,Urban,2.82,1,0.3,3.89,Scooter,1,93.4,37.05
ORD100542,1.94,Low,Fog,Evening,Tue,Suburban,2.31,1,0.2,3.87,Motorcycle,0,49.9,27.3
ORD100543,6.03,High,Fog,Evening,Tue,Suburban,1.42,2,1.2,4.24,Motorcycle,1,68.6,55.39
ORD100544,0.84,Medium,Rain,Night,Fri,Rural,1.16,0,2.4,4.15,Motorcycle,0,11.6,20.0
ORD100545,2.89,Medium,Clear,Afternoon,Mon,Suburban,5.87,0,13.8,4.24,Motorcycle,1,31.5,19.0
ORD100546,2.39,Low,Clear,Night,Wed,Urban,7.35,1,0.7,4.11,Motorcycle,0,83.4,22.93
ORD100547,2.94,High,Clear,Night,Sun,Urban,2.31,0,0.4,4.22,Scooter,0,62.8,24.09
ORD100548,5.94,Medium,Clear,Afternoon,Sat,Suburban,0.64,0,1.3,4.03,Motorcycle,1,95.2,28.48
ORD100549,3.57,High,Clear,Morning,Wed,Suburban,1.39,2,0.4,4.28,Motorcycle,0,77.8,26.86
ORD100550,3.89,Medium,Clear,Afternoon,Tue,Urban,1.57,2,0.1,3.73,Scooter,0,50.5,26.88
ORD100551,5.74,High,Clear,Afternoon,Mon,Suburban,3.04,0,2.1,4.51,Motorcycle,0,80.1,34.63
ORD100552,5.48,Medium,Extreme_Heat,Evening,Thu,Urban,2.4,0,5.3,4.4,Scooter,0,52.1,29.52
ORD100553,5.24,Medium,Rain,Evening,Mon,Rural,1.65,0,4.9,3.8,Scooter,0,39.7,25.62
ORD100554,3.94,High,Fog,Evening,Thu,Rural,2.48,0,0.3,4.83,Electric_Two_Wheeler,0,14.2,33.89
ORD100555,7.4,Medium,Rain,Afternoon,Wed,Rural,0.25,1,0.4,3.97,Electric_Two_Wheeler,0,87.9,41.51
ORD100556,2.34,Low,Clear,Morning,Mon,Suburban,3.2,2,1.7,4.78,Motorcycle,0,47.7,21.69
ORD100557,3.55,Low,Rain,Night,Mon,Rural,0.68,1,1.1,4.43,Motorcycle,0,71.7,24.99
ORD100558,2.99,High,Clear,Afternoon,Sat,Urban,2.34,0,3.0,4.7,Electric_Two_Wheeler,1,23.8,27.69
ORD100559,3.09,Medium,Rain,Night,Wed,Suburban,0.44,1,1.7,4.37,Electric_Two_Wheeler,0,84.6,27.23
ORD100560,2.15,High,Clear,Morning,Mon,Suburban,0.44,0,0.1,4.53,Motorcycle,0,84.2,21.21
ORD100561,6.5,Low,Extreme_Heat,Night,Thu,Rural,0.27,0,0.8,4.7,Motorcycle,0,53.4,22.98
ORD100562,5.58,Low,Clear,Morning,Sun,Suburban,5.02,0,5.8,5.0,Scooter,0,70.5,20.93
ORD100563,3.49,Low,Clear,Morning,Mon,Urban,2.06,0,1.8,4.73,Scooter,0,56.9,14.78
ORD100564,5.05,Medium,Extreme_Heat,Morning,Thu,Suburban,1.1,0,4.0,4.48,Scooter,0,59.7,28.43
ORD100565,6.74,Medium,Clear,Evening,Tue,Suburban,3.3,4,1.3,3.76,Motorcycle,1,90.0,50.97
ORD100566,9.44,Medium,Rain,Night,Mon,Urban,2.17,2,2.8,3.33,Motorcycle,0,97.0,59.25
ORD100567,1.62,Medium,Rain,Afternoon,Thu,Urban,2.14,0,0.5,4.25,Electric_Two_Wheeler,0,43.1,22.43
ORD100568,3.63,Severe,Fog,Night,Sun,Suburban,1.54,2,3.3,4.01,Scooter,0,39.9,47.83
ORD100569,7.92,Medium,Extreme_Heat,Evening,Wed,Urban,0.22,0,3.9,4.03,Motorcycle,0,37.3,37.2
ORD100570,12.69,Medium,Extreme_Heat,Evening,Tue,Urban,0.8,0,0.2,4.27,Scooter,1,79.4,63.02
ORD100571,4.78,High,Clear,Evening,Mon,Urban,0.43,1,0.5,4.57,Scooter,0,75.1,32.09
ORD100572,6.39,Medium,Fog,Afternoon,Sat,Rural,2.37,0,1.6,4.05,Electric_Two_Wheeler,1,13.9,35.82
ORD100573,0.69,Medium,Rain,Afternoon,Thu,Suburban,0.77,0,2.5,4.66,Motorcycle,1,18.0,23.42
ORD100574,4.93,High,Rain,Night,Sun,Urban,1.4,2,2.5,4.31,Motorcycle,0,68.2,43.09
ORD100575,3.41,Severe,Clear,Night,Sat,Suburban,1.07,1,2.8,4.32,Scooter,0,34.7,37.05
ORD100576,6.01,Low,Rain,Night,Mon,Suburban,0.51,0,3.1,5.0,Scooter,0,18.2,28.47
ORD100577,9.79,Severe,Extreme_Heat,Night,Thu,Urban,6.56,2,1.8,4.37,Motorcycle,0,47.2,76.21
ORD100578,3.91,Medium,Extreme_Heat,Morning,Mon,Urban,5.62,0,2.1,4.28,Scooter,0,89.0,25.04
ORD100579,3.79,Low,Clear,Evening,Tue,Suburban,0.38,0,0.0,4.51,Scooter,1,43.0,22.52
ORD100580,2.7,Medium,Clear,Afternoon,Sun,Urban,3.71,2,0.5,5.0,Scooter,0,72.6,24.64
ORD100581,0.86,Severe,Clear,Night,Sun,Suburban,1.54,0,1.7,4.28,Motorcycle,0,91.1,26.56
ORD100582,2.84,Medium,Fog,Afternoon,Tue,Urban,3.17,0,3.4,4.48,Electric_Two_Wheeler,1,25.2,31.25
ORD100583,1.54,Medium,Rain,Evening,Mon,Urban,0.53,1,4.1,4.26,Motorcycle,1,64.9,25.42
ORD100584,1.65,Medium,Clear,Afternoon,Mon,Rural,0.48,0,3.3,4.26,Electric_Two_Wheeler,0,91.7,7.33
ORD100585,4.99,Low,Clear,Afternoon,Fri,Urban,4.63,1,1.7,4.1,Motorcycle,1,27.4,33.53
ORD100586,1.81,Low,Clear,Morning,Mon,Suburban,4.76,0,0.8,4.08,Electric_Two_Wheeler,0,99.0,13.41
ORD100587,4.12,Low,Clear,Night,Sun,Urban,1.45,0,1.5,4.98,Motorcycle,0,42.9,21.26
ORD100588,11.8,Low,Extreme_Heat,Evening,Mon,Urban,4.28,1,0.0,4.08,Motorcycle,0,29.6,53.88
ORD100589,3.08,Low,Rain,Morning,Sat,Urban,2.4,0,2.3,3.68,Scooter,0,85.4,21.15
ORD100590,1.66,Low,Clear,Evening,Sat,Urban,0.61,0,0.2,4.35,Motorcycle,0,52.1,14.34
ORD100591,10.11,Medium,Clear,Evening,Tue,Urban,1.0,0,0.4,4.71,Scooter,0,70.4,45.58
ORD100592,2.1,Low,Clear,Afternoon,Sat,Urban,0.49,0,2.5,4.8,Scooter,0,54.1,16.21
ORD100593,2.92,Medium,,Afternoon,Mon,Suburban,3.17,0,0.0,3.82,Electric_Two_Wheeler,0,67.9,21.74
ORD100594,7.12,High,Clear,Night,Wed,Suburban,8.63,2,2.1,4.75,Scooter,0,13.2,47.08
ORD100595,1.9,Medium,Clear,Evening,Mon,Urban,1.78,2,2.5,5.0,Electric_Two_Wheeler,1,41.5,29.09
ORD100596,2.76,High,Clear,Afternoon,Sun,Suburban,2.33,1,3.9,4.03,Motorcycle,0,69.2,30.14
ORD100597,1.83,Low,Rain,Evening,Fri,Urban,2.94,0,0.2,4.23,Scooter,1,41.6,27.22
ORD100598,7.06,Low,Rain,Morning,Thu,Urban,0.71,0,0.0,3.81,Motorcycle,0,79.8,37.01
ORD100599,1.78,Low,Rain,Afternoon,Sun,Suburban,1.02,0,3.6,5.0,Motorcycle,0,96.5,15.06
ORD100600,5.39,Low,Clear,Morning,Tue,Urban,1.26,1,0.9,3.7,Scooter,0,13.4,26.53
ORD100601,3.67,Low,Clear,Morning,Sat,Urban,2.01,0,5.5,4.14,Motorcycle,0,87.0,19.37
ORD100602,2.66,Low,Clear,Evening,Wed,Urban,4.0,1,0.5,4.61,Motorcycle,0,25.2,13.1
ORD100603,3.61,Low,Rain,Night,Sun,Suburban,0.79,1,2.2,4.03,Scooter,0,92.6,31.38
ORD100604,2.94,Low,Clear,Afternoon,Thu,Suburban,1.47,1,0.3,3.9,Scooter,1,95.2,26.21
ORD100605,2.33,Medium,Clear,Morning,Wed,Urban,2.98,2,1.3,4.28,Scooter,0,61.2,22.46
ORD100606,1.12,Low,Fog,Evening,Tue,Urban,0.38,0,5.3,5.0,Scooter,1,53.1,25.08
ORD100607,1.88,Medium,Fog,Night,Sat,Suburban,1.64,0,2.3,4.2,Scooter,0,78.3,24.78
ORD100608,4.41,Medium,Clear,Evening,Fri,Suburban,0.51,0,2.9,4.22,Motorcycle,1,92.6,29.15
ORD100609,3.21,High,Clear,Night,Sun,Urban,1.75,1,0.6,3.85,Scooter,0,30.9,28.88
ORD100610,5.33,Low,Clear,Afternoon,Sun,Urban,3.12,0,6.4,4.45,Electric_Two_Wheeler,0,44.4,24.53
ORD100611,4.11,High,Rain,Evening,Sun,Urban,0.74,1,2.4,4.65,Scooter,0,47.6,33.78
ORD100612,0.72,Medium,Fog,Morning,Tue,Urban,3.99,0,0.3,4.06,Motorcycle,0,86.1,20.66
ORD100613,4.98,Low,Clear,Afternoon,Wed,Suburban,1.02,0,0.0,4.51,Motorcycle,0,22.3,19.26
ORD100614,1.7,High,Clear,Afternoon,Wed,Urban,0.62,2,0.0,4.06,Electric_Two_Wheeler,1,66.1,32.14
ORD100615,3.87,Severe,Fog,Afternoon,Tue,Urban,1.45,1,0.1,3.54,Motorcycle,0,41.6,45.06
ORD100616,1.32,Low,Fog,Night,Sun,Rural,4.38,0,6.1,4.48,Scooter,0,89.7,13.3
ORD100617,6.88,Low,Clear,Night,Mon,Suburban,0.34,0,1.1,5.0,Electric_Two_Wheeler,0,40.6,31.07
ORD100618,6.1,High,Clear,Morning,Tue,Suburban,0.99,2,0.9,3.82,Scooter,0,98.0,36.01
ORD100619,3.31,High,Clear,Morning,Sat,Urban,2.32,0,1.3,4.37,Scooter,0,11.4,29.65
ORD100620,5.95,Low,Clear,Afternoon,Sat,Suburban,1.09,0,1.3,4.82,Scooter,1,31.6,25.37
ORD100621,1.96,Low,Extreme_Heat,Afternoon,Fri,Suburban,0.35,1,0.7,4.26,Motorcycle,0,51.2,22.56
ORD100622,2.53,Medium,Fog,Evening,Tue,Urban,1.01,1,0.2,3.73,Scooter,1,33.1,36.82
ORD100623,6.76,Medium,Rain,Night,Thu,Rural,3.64,1,0.3,4.32,Motorcycle,0,76.4,32.71
ORD100624,0.61,Medium,Clear,Night,Sat,Suburban,7.09,1,2.3,4.9,Motorcycle,0,83.3,16.91
ORD100625,3.39,Medium,Fog,Evening,Sat,Suburban,0.28,1,1.3,4.1,Electric_Two_Wheeler,1,72.8,34.33
ORD100626,4.76,Medium,Clear,Evening,Sat,Urban,1.88,1,5.8,4.39,Scooter,1,97.3,34.17
ORD100627,2.82,High,Clear,Afternoon,Mon,Urban,0.42,0,1.6,3.88,Scooter,1,51.0,25.24
ORD100628,7.91,Low,Clear,Morning,Thu,Urban,2.48,2,1.8,4.26,Scooter,0,98.2,44.51
ORD100629,9.3,Low,Clear,Afternoon,Sun,Urban,0.22,0,6.6,4.45,Scooter,0,21.2,30.45
ORD100630,4.97,High,Rain,Evening,Sun,Suburban,0.23,0,1.7,4.35,Motorcycle,1,86.1,38.23
ORD100631,1.7,High,Clear,Evening,Tue,Urban,3.2,1,1.7,4.13,Motorcycle,1,13.5,27.5
ORD100632,6.02,Medium,Clear,Morning,Mon,Suburban,0.35,1,1.1,4.48,Motorcycle,0,57.9,32.99
ORD100633,11.46,Medium,Clear,Afternoon,Sat,Urban,0.93,0,3.1,4.57,Motorcycle,1,53.6,53.19
ORD100634,3.99,Low,Clear,Afternoon,Sun,Urban,6.54,1,1.2,4.59,Electric_Two_Wheeler,1,87.1,28.64
ORD100635,3.5,Medium,Clear,Night,Thu,Suburban,8.63,0,2.2,4.18,Scooter,0,73.1,20.21
ORD100636,2.05,Medium,Clear,Afternoon,Sun,Urban,0.55,1,1.5,4.05,Electric_Two_Wheeler,1,49.7,20.9
ORD100637,4.6,Low,Fog,Evening,Thu,Suburban,1.85,1,1.9,5.0,Scooter,0,90.6,30.36
ORD100638,3.58,Low,Clear,Evening,Mon,Rural,1.84,0,4.4,4.36,Motorcycle,0,89.7,9.72
ORD100639,0.8,Medium,Clear,Afternoon,Sun,Urban,1.4,0,1.3,4.2,Motorcycle,1,12.2,13.53
ORD100640,5.79,Low,Clear,Evening,Sat,Urban,5.37,1,0.7,3.71,Motorcycle,1,88.4,37.12
ORD100641,1.58,Medium,Fog,Night,Mon,Urban,3.01,1,2.1,3.93,Motorcycle,0,57.4,22.43
ORD100642,12.68,Low,Clear,Afternoon,Wed,Suburban,3.09,0,6.9,4.04,Motorcycle,1,85.5,52.56
ORD100643,4.15,Medium,Clear,Night,Sat,Urban,0.83,0,3.0,4.48,Electric_Two_Wheeler,0,26.3,28.28
ORD100644,3.32,Low,Clear,Morning,Mon,Suburban,1.34,1,0.9,4.16,Motorcycle,0,23.6,22.31
ORD100645,4.03,High,Clear,Morning,Tue,Urban,1.54,2,8.2,4.31,Motorcycle,0,75.0,29.86
ORD100646,3.88,Medium,Clear,Night,Sun,Suburban,0.91,1,1.0,3.73,Scooter,0,34.8,31.97
ORD100647,2.95,High,Rain,Evening,Sat,Suburban,0.4,0,10.2,4.86,Scooter,1,60.3,24.05
ORD100648,1.24,High,Rain,Night,Fri,Urban,0.47,0,0.5,4.01,Electric_Two_Wheeler,0,72.0,22.42
ORD100649,8.02,Medium,Clear,Evening,Sat,Urban,0.6,1,15.0,4.39,Motorcycle,0,64.9,40.26
ORD100650,4.0,Low,Rain,Night,Wed,Urban,0.66,0,0.2,4.09,Motorcycle,0,72.9,28.61
ORD100651,7.1,Medium,Rain,Evening,Mon,Urban,0.75,0,3.1,4.17,Scooter,0,65.8,37.91
ORD100652,1.34,Medium,Clear,Evening,Fri,Urban,0.79,0,3.4,3.98,Scooter,1,44.1,16.07
ORD100653,2.27,High,Clear,Evening,Wed,Urban,1.42,1,2.8,4.42,Scooter,1,18.1,31.92
ORD100654,2.79,Medium,Clear,Afternoon,Tue,Rural,1.62,3,3.8,3.91,Motorcycle,0,87.0,26.24
ORD100655,1.73,Low,Clear,Night,Sat,Rural,0.94,0,1.6,4.43,Scooter,0,86.1,8.5
ORD100656,5.78,Low,Rain,Afternoon,Sun,Suburban,4.96,1,0.1,4.25,Scooter,0,10.5,40.69
ORD100657,3.24,Medium,Fog,Afternoon,Fri,Urban,1.81,0,1.1,4.55,Motorcycle,1,85.7,31.98
ORD100658,4.53,Medium,Extreme_Heat,Afternoon,Sun,Suburban,3.3,0,2.6,4.59,Motorcycle,0,23.6,30.83
ORD100659,2.5,Medium,Rain,Evening,Mon,Urban,5.36,1,2.6,4.17,Scooter,1,40.0,34.02
ORD100660,7.29,Medium,Clear,Afternoon,Mon,Urban,0.56,0,0.5,4.45,Motorcycle,0,47.2,39.08
ORD100661,6.22,Severe,Clear,Morning,Tue,Urban,1.32,1,0.7,4.12,Electric_Two_Wheeler,0,71.2,42.65
ORD100662,5.67,Medium,Fog,Night,Wed,Urban,1.34,0,1.7,4.83,Motorcycle,0,18.3,42.91
ORD100663,4.15,Low,Clear,Afternoon,Fri,Urban,1.08,0,3.3,,Electric_Two_Wheeler,0,84.4,22.82
ORD100664,8.02,Low,Rain,Evening,Tue,Urban,0.22,0,4.8,4.22,Electric_Two_Wheeler,1,94.8,41.78
ORD100665,6.26,Low,Rain,Morning,Wed,Rural,3.59,0,0.2,4.11,Scooter,0,95.7,31.14
ORD100666,3.65,Low,Rain,Morning,Thu,Urban,0.44,0,6.5,4.01,Scooter,0,18.3,20.0
ORD100667,2.67,Low,Fog,Morning,Thu,Rural,11.0,0,6.6,5.0,Motorcycle,0,92.7,20.81
ORD100668,3.23,Low,Clear,Evening,Wed,Urban,3.17,0,0.0,4.49,Motorcycle,1,61.1,26.25
ORD100669,5.12,Low,Rain,Morning,Mon,Urban,1.94,0,1.8,4.33,Scooter,0,75.4,29.04
ORD100670,1.34,Low,Fog,Night,Mon,Urban,0.54,1,2.2,4.11,Scooter,0,93.8,20.66
ORD100671,2.2,High,Clear,Morning,Thu,Suburban,1.65,0,2.0,4.75,Motorcycle,0,69.5,25.61
ORD100672,7.95,Low,Rain,Morning,Mon,Urban,0.81,2,2.4,4.08,Scooter,0,51.1,40.25
ORD100673,6.87,Medium,Clear,Morning,Sun,Urban,0.78,2,1.7,4.35,Electric_Two_Wheeler,0,57.3,40.33
ORD100674,3.24,Medium,Extreme_Heat,Morning,Mon,Urban,3.74,1,0.9,5.0,Scooter,0,71.6,27.52
ORD100675,17.95,Severe,Clear,Evening,Wed,Urban,1.16,1,0.3,3.92,Electric_Two_Wheeler,1,95.0,91.84
ORD100676,6.05,Low,Clear,Night,Sat,Suburban,1.4,0,0.6,4.52,Scooter,0,90.1,28.94
ORD100677,4.02,Medium,Clear,Evening,Wed,Urban,3.9,1,3.4,4.42,Scooter,1,61.9,28.73
ORD100678,6.95,Severe,Rain,Morning,Mon,Urban,0.38,0,0.7,4.51,Scooter,0,29.0,49.66
ORD100679,2.59,High,Clear,Afternoon,Wed,Suburban,2.01,1,4.4,4.19,Electric_Two_Wheeler,0,41.2,17.08
ORD100680,2.34,High,Clear,Afternoon,Fri,Urban,1.93,1,1.3,4.06,Scooter,0,42.6,29.94
ORD100681,3.56,Low,Clear,Night,Thu,Suburban,1.31,1,1.3,4.39,Motorcycle,0,36.0,19.03
ORD100682,3.9,Low,Extreme_Heat,Morning,Sat,Suburban,3.74,0,5.1,4.12,Electric_Two_Wheeler,0,77.2,18.26
ORD100683,2.34,High,Clear,Evening,Fri,Rural,5.93,0,0.6,3.37,Motorcycle,0,85.2,20.83
ORD100684,8.62,Severe,Clear,Afternoon,Fri,Urban,1.45,1,0.5,3.97,Scooter,0,38.8,59.87
ORD100685,3.05,Medium,Rain,Afternoon,Mon,Suburban,1.42,0,10.6,4.17,Electric_Two_Wheeler,1,86.2,31.91
ORD100686,1.15,Medium,Clear,Afternoon,Mon,Urban,1.59,0,1.9,3.87,Electric_Two_Wheeler,1,76.1,12.89
ORD100687,4.16,Low,,Morning,Fri,Suburban,2.77,0,0.5,4.36,Scooter,0,49.7,20.24
ORD100688,3.38,High,Clear,Evening,Fri,Urban,2.41,0,0.5,4.0,Motorcycle,1,72.9,28.24
ORD100689,6.47,Low,Rain,Morning,Tue,Urban,0.7,1,4.9,4.28,Electric_Two_Wheeler,0,79.2,36.13
ORD100690,2.61,Medium,Clear,Evening,Tue,Suburban,0.33,0,2.3,5.0,Electric_Two_Wheeler,0,60.5,16.99
ORD100691,5.82,Medium,Clear,Morning,Sun,Urban,6.16,2,0.3,4.79,Scooter,0,49.9,32.84
ORD100692,4.55,Medium,Rain,Night,Thu,Suburban,0.81,1,5.4,4.54,Motorcycle,0,19.2,34.89
ORD100693,7.21,Low,Clear,Morning,Fri,Suburban,2.24,1,1.5,5.0,Scooter,0,10.1,31.89
ORD100694,4.13,Low,Rain,Night,Wed,Urban,3.73,1,11.4,4.27,Scooter,0,94.4,28.73
ORD100695,2.26,Medium,Clear,Evening,Sat,Urban,0.91,0,0.8,4.28,Scooter,0,34.1,17.87
ORD100696,4.7,Low,Clear,Night,Tue,Urban,2.22,2,1.9,3.88,Scooter,0,69.7,23.6
ORD100697,1.88,Medium,Clear,Afternoon,Mon,Rural,0.43,0,0.5,4.81,Motorcycle,1,94.9,21.75
ORD100698,0.91,Low,Extreme_Heat,Evening,Fri,Urban,7.21,0,1.4,5.0,Motorcycle,0,83.6,8.79
ORD100699,2.38,Medium,Clear,Afternoon,Wed,Suburban,0.32,1,0.5,4.66,Scooter,0,21.0,16.76
ORD100700,7.49,Medium,Clear,Morning,Sat,Suburban,1.35,1,0.9,4.87,Scooter,0,82.2,35.39
ORD100701,10.8,Low,Clear,Afternoon,Wed,Rural,1.74,0,0.8,3.21,Scooter,1,75.4,38.27
ORD100702,1.32,Medium,Clear,Morning,Sun,Suburban,3.33,1,0.8,5.0,Electric_Two_Wheeler,0,39.6,11.7
ORD100703,6.72,Low,Clear,Night,Wed,Suburban,0.46,1,8.8,4.26,Electric_Two_Wheeler,0,72.1,26.78
ORD100704,9.72,Low,Extreme_Heat,Morning,Mon,Urban,1.36,4,0.1,5.0,Scooter,0,84.3,57.33
ORD100705,1.84,Severe,Clear,Evening,Tue,Urban,0.91,0,1.7,4.99,Electric_Two_Wheeler,1,36.2,32.55
ORD100706,8.68,Medium,Fog,Evening,Wed,Urban,0.95,1,2.5,4.61,Scooter,1,88.2,51.17
ORD100707,1.6,High,Clear,Afternoon,Sat,Suburban,3.22,1,2.7,4.16,Motorcycle,0,17.1,24.98
ORD100708,3.57,Low,Rain,Evening,Tue,Suburban,0.21,2,3.5,4.36,Electric_Two_Wheeler,0,57.5,30.82
ORD100709,4.9,High,Extreme_Heat,Morning,Sun,Suburban,2.97,0,3.6,3.54,Scooter,0,31.0,27.62
ORD100710,1.94,High,Clear,Evening,Sun,Suburban,3.53,1,7.8,4.67,Motorcycle,0,75.5,18.34
ORD100711,8.36,Medium,Extreme_Heat,Afternoon,Thu,Urban,4.83,0,3.5,3.28,Scooter,1,25.7,49.1
ORD100712,3.8,Medium,Clear,Night,Mon,Urban,2.17,1,4.3,4.18,Scooter,0,40.7,30.6
ORD100713,6.34,Medium,Extreme_Heat,Evening,Tue,Urban,1.01,1,1.9,4.92,Motorcycle,0,21.5,37.9
ORD100714,2.02,Medium,Rain,Night,Sun,Urban,1.31,0,2.7,4.59,Electric_Two_Wheeler,0,83.1,20.82
ORD100715,11.18,Severe,,Morning,Sun,Suburban,7.2,0,1.6,3.69,Motorcycle,0,21.9,58.05
ORD100716,5.27,High,Clear,Afternoon,Tue,Urban,4.46,1,0.8,3.76,Electric_Two_Wheeler,1,75.1,46.35
ORD100717,5.13,Severe,Clear,Morning,Wed,Suburban,1.45,0,0.9,4.06,Electric_Two_Wheeler,0,73.7,34.87
ORD100718,4.84,Low,Clear,Morning,Sat,Suburban,5.93,0,1.1,4.33,Scooter,0,22.8,19.63
ORD100719,5.18,High,Clear,Morning,Wed,Urban,3.66,2,1.0,4.65,Scooter,0,60.9,38.48
ORD100720,5.97,Severe,Clear,Evening,Sat,Urban,4.83,0,1.9,4.54,Motorcycle,0,54.7,38.08
ORD100721,3.06,Low,Clear,Morning,Sun,Urban,2.5,0,0.7,3.88,Motorcycle,0,63.5,19.39
ORD100722,1.54,Low,Rain,Afternoon,Sun,Urban,4.1,0,1.8,4.55,Scooter,1,94.4,22.7
ORD100723,1.59,High,Clear,Night,Mon,Suburban,4.65,0,6.2,4.59,Electric_Two_Wheeler,0,17.2,13.3
ORD100724,4.01,Medium,Clear,Evening,Tue,Urban,0.39,0,1.3,4.5,Motorcycle,1,83.8,28.8
ORD100725,9.9,High,Rain,Afternoon,Fri,Suburban,6.92,0,0.6,5.0,Scooter,0,87.6,57.95
ORD100726,3.55,Low,Clear,Afternoon,Sun,Suburban,1.01,0,1.1,4.59,Motorcycle,0,21.4,17.5
ORD100727,7.73,High,Clear,Afternoon,Sat,Urban,1.36,0,5.2,4.69,Scooter,1,69.0,50.87
ORD100728,3.65,Low,Clear,Morning,Sat,Suburban,3.34,0,7.1,5.0,Motorcycle,0,73.2,13.04
ORD100729,9.2,Low,Extreme_Heat,Evening,Wed,Suburban,2.39,1,5.4,4.64,Electric_Two_Wheeler,1,59.4,47.22
ORD100730,5.1,Low,Fog,Afternoon,Wed,Suburban,4.67,2,0.8,4.08,Electric_Two_Wheeler,0,55.3,40.74
ORD100731,4.64,High,Clear,Night,Sun,Urban,1.22,0,1.2,4.8,Scooter,0,38.6,30.89
ORD100732,7.28,High,Rain,Evening,Sun,Urban,1.13,1,9.2,4.14,Motorcycle,0,72.0,45.92
ORD100733,5.06,Medium,Clear,Evening,Thu,Urban,0.26,0,1.0,3.91,Motorcycle,1,35.7,36.21
ORD100734,5.81,Medium,Rain,Afternoon,Sat,Urban,1.44,1,0.4,3.94,Scooter,1,51.4,46.8
ORD100735,3.96,High,Rain,Morning,Mon,Suburban,2.78,2,0.8,4.79,Scooter,0,87.2,43.05
ORD100736,4.84,Medium,Rain,Evening,Tue,Suburban,0.92,0,8.3,4.55,Motorcycle,1,18.1,36.42
ORD100737,1.68,High,Clear,Afternoon,Tue,Rural,1.44,1,1.3,4.72,Motorcycle,1,57.6,27.22
ORD100738,8.29,Medium,Clear,Morning,Tue,Urban,0.7,0,6.8,4.55,Scooter,0,53.7,36.89
ORD100739,8.46,Medium,Clear,Morning,Sat,Urban,3.16,0,0.3,4.38,Scooter,0,44.1,38.92
ORD100740,3.16,Medium,Fog,Morning,Wed,Suburban,0.32,0,3.6,4.43,Scooter,0,63.8,27.82
ORD100741,3.74,Medium,Clear,Evening,Mon,Urban,2.64,0,0.2,4.54,Scooter,1,11.4,29.7
ORD100742,11.03,High,,Morning,Tue,Urban,1.15,0,0.6,4.06,Motorcycle,0,54.3,62.92
ORD100743,3.22,Medium,Extreme_Heat,Afternoon,Sat,Urban,0.28,0,2.4,3.78,Scooter,0,53.7,21.1
ORD100744,6.2,Low,Clear,Afternoon,Fri,Urban,4.04,1,1.4,4.11,Scooter,1,56.5,33.39
ORD100745,4.46,High,Rain,Evening,Sun,Suburban,1.54,2,2.7,4.52,Electric_Two_Wheeler,0,29.1,42.75
ORD100746,1.39,Medium,Rain,Night,Thu,Urban,2.03,0,9.1,4.04,Scooter,0,28.7,19.01
ORD100747,5.23,Medium,Extreme_Heat,Night,Thu,Suburban,2.83,1,0.1,5.0,Motorcycle,0,68.2,31.3
ORD100748,8.17,Severe,Extreme_Heat,Afternoon,Tue,Suburban,2.33,0,0.5,4.48,Electric_Two_Wheeler,1,18.3,61.56
ORD100749,3.43,Medium,Rain,Morning,Wed,Urban,2.83,0,2.6,4.35,Motorcycle,0,37.5,24.69
ORD100750,1.74,Low,Clear,Afternoon,Thu,Rural,3.07,0,5.7,4.06,Motorcycle,0,84.8,9.99
ORD100751,6.53,Severe,Rain,Evening,Thu,Urban,1.98,0,4.0,4.67,Scooter,1,19.3,58.34
ORD100752,1.43,Medium,Clear,Evening,Thu,Rural,1.11,0,1.6,3.82,Scooter,0,52.1,13.38
ORD100753,1.49,Medium,Rain,Evening,Thu,Urban,0.76,0,3.4,4.43,Motorcycle,1,70.2,29.17
ORD100754,11.37,Low,Extreme_Heat,Morning,Tue,Suburban,4.86,1,0.6,4.13,Motorcycle,0,22.7,52.74
ORD100755,7.4,High,Clear,Evening,Sat,Urban,7.21,4,0.0,4.35,Scooter,1,38.1,58.02
ORD100756,4.12,Medium,Rain,Morning,Mon,Suburban,1.09,1,2.1,4.49,Motorcycle,0,60.3,24.26
ORD100757,5.33,Medium,Clear,Evening,Mon,Suburban,0.44,0,4.2,3.84,Electric_Two_Wheeler,1,39.5,28.49
ORD100758,2.1,High,Clear,Afternoon,Wed,Urban,0.7,1,1.4,3.63,Scooter,0,19.9,24.35
ORD100759,4.41,High,Clear,Evening,Sat,Rural,2.42,0,2.1,3.93,Motorcycle,1,30.9,29.49
ORD100760,1.86,Low,Rain,Morning,Sun,Urban,0.58,1,1.4,4.65,Motorcycle,0,19.8,29.46
ORD100761,1.82,Medium,Extreme_Heat,Afternoon,Fri,Urban,3.23,0,1.8,4.45,Motorcycle,1,98.5,32.49
ORD100762,6.73,Low,Extreme_Heat,Evening,Mon,Suburban,5.33,1,5.4,4.14,Motorcycle,0,31.2,28.64
ORD100763,2.92,High,Clear,Morning,Fri,Suburban,6.83,3,1.6,5.0,Motorcycle,0,57.7,35.81
ORD100764,2.62,Low,Fog,Evening,Mon,Urban,0.22,1,0.0,4.81,Scooter,1,48.6,32.49
ORD100765,5.01,Medium,Rain,Evening,Mon,Urban,6.55,0,4.0,4.72,Scooter,0,61.3,34.5
ORD100766,2.56,High,Clear,Evening,Wed,Rural,2.9,0,2.4,4.01,Scooter,0,54.8,16.52
ORD100767,3.37,High,Clear,Afternoon,Thu,Suburban,0.38,0,3.3,4.71,Motorcycle,1,75.4,33.25
ORD100768,10.38,Medium,,Afternoon,Wed,Urban,1.27,1,5.8,4.44,Motorcycle,1,88.6,56.36
ORD100769,1.48,High,Extreme_Heat,Evening,Mon,Urban,2.61,1,0.8,4.01,Electric_Two_Wheeler,1,35.7,29.96
ORD100770,9.37,Low,Rain,Afternoon,Sat,Rural,6.48,2,1.7,4.26,Motorcycle,1,26.5,52.92
ORD100771,18.98,High,Rain,Evening,Thu,Suburban,0.56,0,2.3,3.88,Motorcycle,1,98.6,79.42
ORD100772,1.56,Low,Clear,Afternoon,Sat,Rural,0.47,0,1.1,4.01,Motorcycle,0,87.9,5.0
ORD100773,1.71,Medium,Rain,Morning,Sat,Urban,1.48,0,4.7,3.84,Scooter,0,42.8,21.3
ORD100774,5.61,High,Clear,Morning,Sat,Suburban,7.09,0,3.0,4.68,Motorcycle,0,90.5,33.97
ORD100775,4.18,Low,Clear,Morning,Thu,Suburban,7.31,1,3.3,4.27,Motorcycle,0,70.3,22.16
ORD100776,2.34,Low,Rain,Afternoon,Sat,Urban,0.72,0,4.1,3.92,Electric_Two_Wheeler,0,49.4,22.45
ORD100777,8.33,High,Clear,Evening,Thu,Suburban,0.97,1,0.7,4.51,Scooter,1,88.6,46.97
ORD100778,3.07,High,Fog,Evening,Fri,Suburban,4.97,2,3.4,4.3,Electric_Two_Wheeler,0,70.8,42.18
ORD100779,4.62,Medium,Clear,Morning,Sun,Urban,2.85,2,3.7,4.72,Motorcycle,0,84.4,34.7
ORD100780,6.09,High,Rain,Night,Mon,Suburban,7.37,1,4.6,4.35,Scooter,0,47.6,49.15
ORD100781,5.3,Medium,Clear,Afternoon,Tue,Suburban,4.67,0,1.7,3.73,Scooter,0,81.9,20.16
ORD100782,3.93,Low,Clear,Night,Sat,Suburban,0.68,0,1.8,4.1,Scooter,0,43.0,16.0
ORD100783,6.27,Medium,Clear,Evening,Wed,Suburban,3.05,1,0.3,3.84,Motorcycle,1,76.2,34.93
ORD100784,1.35,Low,Clear,Evening,Fri,Urban,0.3,1,4.8,,Scooter,0,49.2,15.12
ORD100785,7.38,Severe,Extreme_Heat,Morning,Wed,Urban,3.61,0,1.9,4.73,Scooter,0,46.5,55.68
ORD100786,3.21,Medium,Clear,Morning,Tue,Suburban,2.04,1,2.3,3.68,Electric_Two_Wheeler,0,81.7,21.46
ORD100787,5.81,Medium,Fog,Morning,Thu,Urban,6.45,0,0.3,4.25,Motorcycle,0,21.3,41.4
ORD100788,3.82,Medium,Extreme_Heat,Evening,Tue,Urban,6.64,0,2.3,4.76,Motorcycle,0,93.5,31.42
ORD100789,2.63,Severe,Clear,Afternoon,Wed,Urban,0.3,0,0.1,3.68,Scooter,1,55.8,37.38
ORD100790,3.64,Low,Clear,Evening,Tue,Urban,0.55,0,6.4,4.13,Motorcycle,1,67.2,23.98
ORD100791,4.71,Medium,Rain,Afternoon,Mon,Suburban,1.52,1,5.0,4.3,Scooter,0,46.5,26.0
ORD100792,5.2,Medium,Extreme_Heat,Evening,Tue,Urban,4.43,0,0.5,4.73,Electric_Two_Wheeler,0,68.1,36.37
ORD100793,4.76,Medium,Extreme_Heat,Morning,Sat,Urban,3.57,0,2.3,4.52,Scooter,0,73.9,28.21
ORD100794,2.51,Low,Clear,Morning,Mon,Rural,6.87,1,2.3,4.6,Motorcycle,0,88.2,24.97
ORD100795,1.97,High,Rain,Afternoon,Sat,Suburban,2.13,0,4.1,4.54,Motorcycle,0,86.9,22.95
ORD100796,2.1,Severe,Clear,Afternoon,Sun,Suburban,0.79,1,3.5,4.15,Motorcycle,0,42.2,32.3
ORD100797,3.35,Medium,Extreme_Heat,Afternoon,Sun,Suburban,0.25,1,12.5,4.96,Motorcycle,0,65.4,25.15
ORD100798,5.75,High,Extreme_Heat,Evening,Tue,Suburban,0.7,1,1.1,4.03,Scooter,1,80.3,35.94
ORD100799,6.0,Severe,Clear,Morning,Mon,Suburban,2.45,0,0.3,3.19,Scooter,0,78.8,46.18
ORD100800,2.72,High,Clear,Afternoon,Mon,Suburban,5.41,1,2.1,3.58,Motorcycle,0,90.2,28.82
ORD100801,3.94,Low,Clear,Evening,Sun,Rural,0.97,0,3.6,4.25,Motorcycle,1,84.9,15.34
ORD100802,1.43,Medium,Clear,Morning,Tue,Urban,4.37,1,0.8,4.17,Scooter,0,74.6,19.5
ORD100803,3.06,Medium,Fog,Night,Fri,Rural,1.2,2,0.7,4.09,Scooter,0,77.4,33.98
ORD100804,2.71,Medium,Clear,Night,Thu,Urban,0.94,2,4.1,4.36,Motorcycle,0,82.7,24.8
ORD100805,2.31,High,Clear,Morning,Thu,Urban,1.62,1,3.5,4.78,Electric_Two_Wheeler,0,85.4,23.6
ORD100806,4.21,Severe,Clear,Afternoon,Thu,Urban,1.37,1,0.6,4.48,Motorcycle,1,41.7,45.08
ORD100807,10.59,Severe,Extreme_Heat,Afternoon,Mon,Urban,5.1,1,5.1,4.56,Electric_Two_Wheeler,1,80.4,72.28
ORD100808,4.08,Medium,Rain,Evening,Sun,Suburban,1.46,0,0.4,3.87,Motorcycle,0,95.4,31.13
ORD100809,7.72,Low,Clear,Evening,Thu,Rural,0.85,0,0.3,4.09,Scooter,1,31.0,31.26
ORD100810,6.73,Severe,Clear,Evening,Sun,Rural,3.9,2,1.1,4.58,Scooter,1,14.3,54.08
ORD100811,2.8,High,Extreme_Heat,Evening,Mon,Rural,13.57,1,5.4,4.34,Motorcycle,0,16.5,33.72
ORD100812,6.3,Low,Fog,Morning,Sun,Urban,2.29,0,3.0,4.49,Motorcycle,0,29.5,32.3
ORD100813,10.97,Severe,Clear,Evening,Fri,Rural,0.78,0,1.3,4.55,Motorcycle,0,92.8,50.27
ORD100814,1.72,High,Clear,Evening,Tue,Urban,0.75,0,0.4,4.37,Motorcycle,0,21.4,18.64
ORD100815,6.73,Medium,Clear,Evening,Sun,Suburban,0.32,0,3.1,4.93,Electric_Two_Wheeler,0,77.3,26.59
ORD100816,3.76,Medium,Clear,Night,Sun,Urban,0.36,1,2.3,4.09,Motorcycle,0,88.0,18.36
ORD100817,2.52,Medium,Clear,Evening,Tue,Urban,5.13,1,11.0,3.97,Scooter,0,89.0,17.4
ORD100818,5.0,Low,Extreme_Heat,Morning,Mon,Rural,0.4,0,3.6,3.59,Scooter,0,47.5,23.43
ORD100819,5.09,Medium,Clear,Afternoon,Mon,Rural,1.52,0,0.3,4.6,Motorcycle,0,54.6,27.22
ORD100820,14.36,High,Fog,Afternoon,Sun,Suburban,2.6,0,3.3,4.07,Electric_Two_Wheeler,0,39.1,67.79
ORD100821,2.58,Low,Clear,Morning,Fri,Suburban,4.0,0,0.7,4.81,Scooter,0,23.3,9.61
ORD100822,4.08,Medium,Rain,Night,Thu,Urban,0.58,1,8.2,4.4,Electric_Two_Wheeler,0,29.1,30.68
ORD100823,4.03,Medium,Rain,Morning,Fri,Suburban,1.35,2,0.0,4.16,Electric_Two_Wheeler,0,22.1,31.8
ORD100824,2.57,Medium,Clear,Evening,Tue,Suburban,0.78,0,0.7,3.88,Motorcycle,0,46.7,23.83
ORD100825,2.12,Severe,Clear,Afternoon,Tue,Urban,0.79,1,1.7,4.64,Scooter,0,25.3,31.22
ORD100826,3.02,Medium,Rain,Morning,Sat,Urban,0.92,0,0.2,4.28,Scooter,0,46.3,25.11
ORD100827,3.67,Medium,Clear,Night,Thu,Urban,1.97,1,1.1,4.41,Scooter,0,86.6,29.15
ORD100828,2.04,High,Clear,Night,Sun,Suburban,0.23,1,1.7,4.54,Scooter,0,68.9,24.1
ORD100829,6.96,Medium,Clear,Afternoon,Tue,Urban,1.25,0,1.5,4.41,Motorcycle,1,69.6,42.72
ORD100830,5.4,Low,Extreme_Heat,Morning,Sat,Urban,0.61,1,1.5,3.96,Scooter,0,83.1,27.63
ORD100831,1.75,Medium,Clear,Morning,Mon,Urban,7.03,0,5.3,4.51,Motorcycle,0,13.7,17.89
ORD100832,2.99,Low,Fog,Afternoon,Tue,Suburban,1.95,1,1.8,4.63,Scooter,1,81.5,32.76
ORD100833,4.27,Low,Clear,Afternoon,Wed,Suburban,4.25,0,7.1,4.44,Scooter,0,27.7,8.37
ORD100834,6.08,Medium,Rain,Afternoon,Thu,Suburban,0.64,0,0.4,4.55,Motorcycle,1,41.1,37.52
ORD100835,3.69,Medium,Clear,Night,Sat,Urban,3.52,0,0.8,4.59,Electric_Two_Wheeler,0,37.7,20.91
ORD100836,5.87,Severe,Fog,Evening,Thu,Urban,1.27,1,2.7,4.14,Motorcycle,1,19.5,60.66
ORD100837,4.83,Medium,Clear,Night,Thu,Urban,0.59,1,0.8,4.13,Motorcycle,0,25.6,29.45
ORD100838,6.3,Medium,Rain,Evening,Wed,Suburban,3.06,1,1.1,5.0,Motorcycle,0,96.1,39.59
ORD100839,2.37,Medium,Rain,Afternoon,Fri,Urban,3.07,2,5.8,4.83,Motorcycle,1,64.0,33.67
ORD100840,5.51,Low,Clear,Night,Mon,Urban,11.19,0,1.9,4.28,Electric_Two_Wheeler,0,52.7,32.36
ORD100841,3.77,High,Clear,Afternoon,Thu,Suburban,3.24,0,1.0,4.57,Scooter,1,78.2,38.09
ORD100842,7.58,Low,Clear,Night,Tue,Urban,0.51,3,3.7,3.92,Electric_Two_Wheeler,0,83.2,37.43
ORD100843,2.33,Severe,Clear,Afternoon,Mon,Suburban,0.98,0,0.2,4.06,Scooter,0,19.9,31.23
ORD100844,4.88,Low,Fog,Morning,Tue,Urban,1.4,0,2.1,3.8,Electric_Two_Wheeler,0,76.7,34.14
ORD100845,4.1,Medium,Clear,Night,Mon,Suburban,0.47,1,0.3,4.41,Scooter,0,93.9,23.86
ORD100846,3.53,Low,Clear,Evening,Sun,Urban,3.3,0,0.5,4.42,Electric_Two_Wheeler,1,62.7,24.3
ORD100847,3.07,Severe,Rain,Night,Mon,Urban,1.7,1,0.2,4.73,Electric_Two_Wheeler,0,65.3,41.16
ORD100848,3.22,Medium,Clear,Night,Sat,Urban,5.98,0,5.8,4.22,Scooter,0,88.3,16.83
ORD100849,10.13,Medium,Clear,Morning,Tue,Suburban,1.98,1,0.1,4.73,Electric_Two_Wheeler,0,71.2,41.61
ORD100850,3.47,Low,Clear,Afternoon,Tue,Rural,1.68,0,1.8,4.56,Scooter,1,99.6,11.61
ORD100851,9.68,High,Extreme_Heat,Afternoon,Sun,Urban,0.35,0,0.6,5.0,Scooter,0,35.4,52.83
ORD100852,3.53,Low,Fog,Evening,Mon,Suburban,0.52,1,1.2,4.97,Scooter,0,86.1,28.76
ORD100853,4.37,High,Fog,Evening,Thu,Suburban,3.99,0,1.7,4.9,Electric_Two_Wheeler,1,65.1,37.91
ORD100854,3.93,Low,Clear,Afternoon,Tue,Rural,9.55,1,1.5,4.63,Motorcycle,0,42.9,21.17
ORD100855,10.02,Low,Rain,Evening,Sun,Suburban,1.27,0,3.4,3.94,Motorcycle,0,89.5,37.26
ORD100856,6.5,Low,Clear,Evening,Wed,Urban,3.52,0,6.1,4.42,Motorcycle,1,99.7,33.74
ORD100857,2.89,Medium,Clear,Morning,Wed,Suburban,2.18,0,0.9,5.0,Electric_Two_Wheeler,0,15.2,19.36
ORD100858,1.48,Medium,Clear,Evening,Mon,Urban,6.59,1,0.1,4.5,Motorcycle,0,93.3,22.16
ORD100859,2.94,Low,Clear,Evening,Fri,Urban,0.74,0,5.6,3.97,Scooter,0,28.3,13.49
ORD100860,8.43,High,Clear,Night,Mon,Urban,1.77,2,9.6,4.43,Scooter,0,28.5,45.53
ORD100861,1.82,Medium,Clear,Afternoon,Sun,Rural,1.25,0,1.4,3.9,Scooter,0,13.8,14.59
ORD100862,1.53,Medium,Clear,Morning,Mon,Rural,1.76,1,1.5,3.96,Motorcycle,0,93.0,21.83
ORD100863,2.54,Medium,Clear,Afternoon,Thu,Suburban,0.83,1,0.4,4.47,Scooter,0,78.3,27.94
ORD100864,2.03,Medium,Rain,Morning,Thu,Rural,1.58,0,1.6,4.6,Scooter,0,14.8,17.97
ORD100865,2.24,Medium,Clear,Night,Sat,Suburban,2.16,0,0.9,3.98,Electric_Two_Wheeler,0,67.0,19.53
ORD100866,1.11,Low,Rain,Morning,Sun,Urban,0.37,0,13.0,4.08,Scooter,0,20.8,7.91
ORD100867,4.42,Low,Clear,Evening,Fri,Urban,2.92,0,0.5,3.73,Motorcycle,0,77.6,19.15
ORD100868,4.97,High,Fog,Afternoon,Sun,Urban,2.65,0,1.2,4.25,Scooter,1,46.8,45.97
ORD100869,3.46,Severe,,Afternoon,Sun,Urban,4.45,1,2.4,3.52,Scooter,1,14.7,45.56
ORD100870,1.49,Medium,Clear,Morning,Fri,Urban,1.31,1,1.1,4.18,Scooter,0,84.6,16.1
ORD100871,2.55,Low,Clear,Evening,Sun,Urban,0.33,3,1.6,4.33,Scooter,0,61.5,26.98
ORD100872,4.88,Medium,Rain,Evening,Fri,Suburban,1.44,0,9.1,3.6,Electric_Two_Wheeler,1,79.6,36.73
ORD100873,5.29,Medium,Fog,Afternoon,Fri,Suburban,0.5,0,1.8,3.9,Scooter,0,70.7,36.1
ORD100874,1.13,Low,Clear,Night,Fri,Suburban,2.29,0,6.0,4.28,Scooter,0,49.1,5.0
ORD100875,4.01,Low,Clear,Afternoon,Sun,Rural,0.3,1,0.1,4.22,Motorcycle,0,72.9,18.61
ORD100876,2.42,High,Fog,Afternoon,Sun,Urban,1.14,1,0.3,4.24,Motorcycle,1,11.3,44.82
ORD100877,3.84,High,Rain,Afternoon,Mon,Suburban,0.37,1,7.2,4.42,Motorcycle,0,40.6,38.85
ORD100878,1.57,Low,Clear,Morning,Sun,Urban,0.21,0,0.3,3.63,Electric_Two_Wheeler,0,80.0,7.43
ORD100879,1.24,Low,Clear,Night,Mon,Urban,6.67,0,3.3,4.58,Motorcycle,0,78.7,11.24
ORD100880,3.4,Low,Clear,Afternoon,Sat,Rural,11.31,2,1.5,4.17,Scooter,0,89.9,27.57
ORD100881,3.6,High,Rain,Morning,Wed,Urban,1.82,1,1.3,4.06,Motorcycle,0,65.0,32.41
ORD100882,2.17,Low,Clear,Afternoon,Wed,Urban,0.75,0,2.7,3.55,Motorcycle,0,94.8,16.05
ORD100883,9.17,Low,Extreme_Heat,Evening,Sat,Urban,5.04,0,3.3,4.19,Scooter,1,60.2,52.33
ORD100884,2.38,High,Clear,Afternoon,Sat,Suburban,5.33,1,6.7,4.5,Scooter,0,55.0,25.86
ORD100885,2.35,Low,Clear,Evening,Tue,Rural,4.06,0,0.7,4.36,Scooter,0,27.7,13.76
ORD100886,3.92,High,Clear,Morning,Mon,Urban,1.77,0,3.0,4.37,Scooter,0,80.1,25.52
ORD100887,3.61,Low,Extreme_Heat,Afternoon,Fri,Suburban,0.36,1,1.0,4.16,Scooter,0,72.3,21.77
ORD100888,2.38,Low,Fog,Evening,Tue,Urban,0.39,0,3.2,4.28,Scooter,1,51.5,24.29
ORD100889,4.95,Low,Clear,Morning,Thu,Urban,4.74,0,0.4,3.86,Electric_Two_Wheeler,0,17.8,22.68
ORD100890,4.92,High,Rain,Night,Mon,Urban,4.37,0,1.5,4.3,Electric_Two_Wheeler,0,21.3,37.24
ORD100891,3.97,High,Clear,Morning,Sun,Suburban,1.34,0,0.5,4.1,Motorcycle,0,20.3,28.12
ORD100892,4.39,High,Clear,Evening,Sat,Urban,1.0,1,1.0,3.85,Motorcycle,0,43.8,31.06
ORD100893,3.76,Medium,Clear,Afternoon,Wed,Suburban,2.27,1,3.1,4.6,Scooter,1,24.3,27.96
ORD100894,3.63,High,Clear,Evening,Mon,Urban,3.49,1,0.7,3.67,Electric_Two_Wheeler,0,87.5,32.22
ORD100895,1.59,Low,Clear,Morning,Sat,Urban,2.83,2,2.9,4.51,Motorcycle,0,90.9,10.88
ORD100896,4.11,Low,Extreme_Heat,Morning,Mon,Suburban,2.11,1,1.7,4.53,Scooter,0,87.1,27.68
ORD100897,6.57,High,Clear,Morning,Sun,Urban,0.73,0,0.2,4.09,Scooter,0,64.8,39.03
ORD100898,4.4,Low,Extreme_Heat,Morning,Mon,Urban,0.81,0,1.2,4.71,Scooter,0,63.7,24.99
ORD100899,3.17,Low,Clear,Afternoon,Sun,Urban,2.78,2,5.1,4.08,Scooter,1,90.2,31.22
ORD100900,6.39,Low,Rain,Afternoon,Mon,Suburban,3.45,0,11.3,4.06,Scooter,1,46.6,35.86
ORD100901,4.4,Low,Clear,Evening,Thu,Suburban,0.45,0,1.2,3.82,Scooter,0,15.6,23.16
ORD100902,2.36,Low,Clear,Evening,Wed,Urban,0.61,0,0.1,4.3,Scooter,1,52.3,20.27
ORD100903,6.38,Medium,Clear,Evening,Mon,Urban,2.48,1,0.3,3.92,Scooter,0,59.8,36.11
ORD100904,2.8,Medium,Clear,Evening,Sat,Urban,1.19,0,3.9,3.98,Electric_Two_Wheeler,1,59.5,21.76
ORD100905,1.88,High,Rain,Afternoon,Thu,Urban,1.86,3,2.7,4.27,Scooter,1,24.3,39.18
ORD100906,2.19,High,Clear,Afternoon,Tue,Suburban,2.11,4,0.8,4.29,Scooter,1,80.5,41.75
ORD100907,2.64,Medium,Rain,Afternoon,Mon,Suburban,3.19,0,1.2,4.8,Motorcycle,1,75.9,30.03
ORD100908,1.54,Low,Clear,Evening,Sun,Suburban,3.48,1,4.2,4.67,Electric_Two_Wheeler,1,30.7,18.26
ORD100909,8.02,Medium,Clear,Morning,Thu,Urban,0.86,0,1.3,4.52,Scooter,0,59.6,33.84
ORD100910,1.21,Medium,Clear,Morning,Fri,Suburban,1.76,1,3.5,4.24,Electric_Two_Wheeler,0,81.1,7.53
ORD100911,5.32,Low,Extreme_Heat,Evening,Tue,Suburban,0.46,0,0.9,4.14,Scooter,0,10.7,27.35
ORD100912,4.53,Medium,Rain,Morning,Wed,Suburban,3.89,0,3.2,4.29,Scooter,0,34.8,23.05
ORD100913,4.35,Medium,Clear,Night,Mon,Suburban,3.93,0,1.6,4.08,Scooter,0,52.5,23.94
ORD100914,4.92,Medium,Clear,Night,Mon,Suburban,0.91,2,2.0,4.02,Motorcycle,0,86.1,37.79
ORD100915,3.37,Medium,Clear,Morning,Thu,Suburban,0.55,1,2.3,,Scooter,0,81.9,24.2
ORD100916,5.34,Low,Extreme_Heat,Morning,Wed,Urban,0.35,0,1.5,3.95,Motorcycle,0,23.6,26.12
ORD100917,3.56,Severe,Rain,Afternoon,Fri,Suburban,1.91,1,1.6,3.97,Scooter,0,51.6,38.63
ORD100918,2.97,High,Clear,Evening,Tue,Urban,0.39,0,0.8,4.68,Motorcycle,0,37.4,23.46
ORD100919,1.65,Low,Clear,Afternoon,Sat,Suburban,2.48,2,10.6,3.75,Scooter,1,46.1,19.29
ORD100920,4.65,High,Clear,Evening,Wed,Suburban,2.47,0,5.9,3.88,Motorcycle,1,58.7,35.78
ORD100921,4.7,Medium,Extreme_Heat,Evening,Mon,Suburban,2.1,0,1.9,4.81,Motorcycle,0,54.9,27.35
ORD100922,3.76,High,,Afternoon,Thu,Urban,4.38,0,0.1,4.14,Motorcycle,1,22.7,32.44
ORD100923,6.03,High,Rain,Morning,Fri,Urban,1.15,2,0.5,4.85,Scooter,0,21.0,51.48
ORD100924,7.38,Medium,Clear,Evening,Thu,Urban,4.85,1,4.8,3.83,Motorcycle,1,21.7,47.85
ORD100925,2.72,Low,Rain,Morning,Tue,Suburban,0.28,0,6.7,4.33,Motorcycle,0,85.7,19.09
ORD100926,5.46,Low,Rain,Evening,Sun,Suburban,0.44,1,0.4,4.61,Scooter,1,11.8,39.9
ORD100927,1.63,Medium,Rain,Afternoon,Sun,Suburban,1.26,1,3.3,3.94,Electric_Two_Wheeler,0,28.2,18.09
ORD100928,3.93,Medium,Rain,Evening,Wed,Urban,2.0,0,2.4,,Motorcycle,1,96.0,29.81
ORD100929,3.39,Low,Fog,Night,Thu,Rural,0.27,0,0.9,4.14,Motorcycle,0,15.9,19.85
ORD100930,6.13,Low,Clear,Night,Sat,Rural,1.88,1,1.4,4.5,Scooter,0,13.3,26.55
ORD100931,2.85,High,Clear,Afternoon,Sat,Urban,0.93,0,2.8,4.03,Motorcycle,1,44.9,26.51
ORD100932,7.61,Severe,Clear,Morning,Sun,Suburban,4.56,1,0.3,4.9,Scooter,0,23.6,47.4
ORD100933,3.27,Medium,Extreme_Heat,Evening,Sun,Suburban,1.72,0,0.5,4.42,Scooter,1,60.9,25.25
ORD100934,1.65,Low,Clear,Afternoon,Thu,Suburban,1.97,1,0.1,5.0,Scooter,1,40.5,17.15
ORD100935,1.29,Low,Rain,Morning,Mon,Rural,6.02,0,5.8,4.77,Motorcycle,0,28.8,8.05
ORD100936,5.79,Low,Rain,Night,Thu,Urban,3.09,0,2.1,4.63,Scooter,0,99.9,32.61
ORD100937,1.53,Severe,Clear,Morning,Fri,Suburban,1.35,0,1.9,3.92,Motorcycle,0,40.7,28.32
ORD100938,5.05,Low,Clear,Morning,Wed,Suburban,1.5,0,3.1,4.33,Scooter,0,67.7,20.79
ORD100939,5.72,Medium,Clear,Morning,Tue,Suburban,2.29,1,11.1,4.17,Scooter,0,88.7,28.51
ORD100940,2.34,Low,Clear,Evening,Sat,Suburban,0.65,0,0.5,4.31,Motorcycle,0,93.0,14.57
ORD100941,4.47,Medium,Clear,Evening,Thu,Rural,0.39,0,0.4,4.36,Motorcycle,1,46.9,28.0
ORD100942,9.14,High,Clear,Afternoon,Fri,Urban,0.95,0,0.9,3.94,Scooter,0,97.9,49.98
ORD100943,3.44,High,Fog,Afternoon,Sun,Suburban,3.21,1,5.9,4.24,Scooter,1,75.2,43.91
ORD100944,1.37,Low,Extreme_Heat,Afternoon,Sat,Urban,0.79,0,1.3,4.26,Scooter,0,62.5,18.48
ORD100945,2.58,Low,Clear,Evening,Sat,Urban,0.48,0,3.9,3.9,Motorcycle,0,72.4,7.67
ORD100946,9.85,Low,Clear,Morning,Tue,Urban,0.69,0,0.6,4.62,Scooter,0,42.4,42.4
ORD100947,6.0,Severe,Clear,Night,Sat,Suburban,2.47,0,1.7,4.39,Motorcycle,0,48.2,36.13
ORD100948,1.77,High,Rain,Morning,Fri,Rural,2.1,1,0.3,4.63,Motorcycle,0,62.8,33.56
ORD100949,7.26,Medium,Fog,Night,Sat,Urban,2.53,0,1.3,4.49,Scooter,0,39.4,43.64
ORD100950,7.51,Medium,Clear,Morning,Sat,Urban,0.98,0,0.8,3.61,Scooter,0,79.2,37.38
ORD100951,2.88,High,Clear,Evening,Thu,Suburban,4.82,0,2.0,3.97,Scooter,0,32.6,23.6
ORD100952,1.61,Low,Rain,Morning,Thu,Suburban,1.4,0,3.8,,Scooter,0,81.7,16.33
ORD100953,6.88,Severe,Rain,Morning,Sun,Rural,1.64,0,7.0,4.61,Motorcycle,0,23.7,48.95
ORD100954,10.62,Medium,Clear,Night,Wed,Urban,6.14,1,0.8,3.65,Motorcycle,0,29.6,55.73
ORD100955,2.38,Medium,Rain,Night,Mon,Urban,7.95,0,3.4,4.49,Motorcycle,0,77.8,30.2
ORD100956,5.79,Medium,Clear,Afternoon,Fri,Urban,2.37,0,5.4,3.97,Scooter,0,33.7,28.13
ORD100957,2.42,Low,Clear,Evening,Mon,Urban,5.99,0,0.3,3.46,Electric_Two_Wheeler,1,81.6,13.32
ORD100958,2.35,Low,Rain,Evening,Mon,Urban,1.76,1,2.2,4.96,Scooter,0,80.5,25.5
ORD100959,4.48,High,Fog,Night,Sat,Urban,0.93,0,2.4,4.33,Scooter,0,33.2,34.56
ORD100960,2.19,Low,Clear,Afternoon,Sun,Urban,0.96,0,0.8,4.39,Motorcycle,0,16.6,14.37
ORD100961,3.69,Medium,Extreme_Heat,Afternoon,Tue,Urban,1.84,1,0.1,3.8,Motorcycle,1,25.0,34.42
ORD100962,7.66,Low,Clear,Afternoon,Tue,Rural,2.06,0,0.7,3.84,Scooter,0,77.7,25.95
ORD100963,1.43,Medium,Rain,Afternoon,Sat,Urban,1.36,1,2.2,3.66,Motorcycle,0,86.2,25.89
ORD100964,6.25,Low,Clear,Night,Sun,Urban,4.5,0,0.5,4.87,Electric_Two_Wheeler,0,44.5,25.15
ORD100965,4.27,Medium,Fog,Morning,Fri,Suburban,1.31,2,0.8,3.64,Motorcycle,0,24.8,39.96
ORD100966,4.96,High,Extreme_Heat,Morning,Mon,Suburban,0.84,0,3.1,4.95,Scooter,0,16.8,33.68
ORD100967,4.02,Low,Clear,Evening,Wed,Suburban,0.22,2,1.3,3.91,Motorcycle,0,29.4,33.33
ORD100968,8.3,Medium,Extreme_Heat,Evening,Sun,Suburban,7.25,0,0.2,3.81,Motorcycle,0,98.2,34.92
ORD100969,4.79,Medium,Fog,Morning,Mon,Suburban,3.68,1,1.3,4.28,Motorcycle,0,25.3,36.3
ORD100970,3.03,High,Rain,Afternoon,Tue,Suburban,2.11,0,15.0,4.03,Motorcycle,1,17.8,34.86
ORD100971,4.28,Severe,Clear,Night,Mon,Suburban,3.75,0,0.8,4.34,Electric_Two_Wheeler,0,80.7,33.67
ORD100972,2.93,High,Fog,Morning,Thu,Suburban,3.52,0,0.8,3.95,Scooter,0,65.4,29.97
ORD100973,2.46,Low,Fog,Evening,Thu,Urban,5.57,1,0.5,4.17,Scooter,1,58.1,35.68
ORD100974,7.21,Low,Clear,Evening,Wed,Urban,1.18,0,0.8,4.0,Motorcycle,0,50.3,34.11
ORD100975,2.94,Low,Extreme_Heat,Afternoon,Fri,Suburban,1.82,1,2.1,4.64,Scooter,0,73.2,18.32
ORD100976,1.24,Medium,Clear,Night,Mon,Urban,0.41,1,8.4,4.51,Scooter,0,72.9,10.24
ORD100977,4.99,Low,Clear,Evening,Thu,Rural,6.92,0,2.3,4.4,Motorcycle,0,48.2,21.38
ORD100978,3.05,Medium,Clear,Afternoon,Fri,Urban,8.62,1,1.3,4.72,Scooter,1,31.1,32.12
ORD100979,9.27,Medium,Clear,Evening,Sun,Urban,3.31,0,1.2,4.41,Motorcycle,0,85.7,44.45
ORD100980,5.5,Medium,Rain,Evening,Sun,Rural,1.41,1,0.1,4.37,Motorcycle,0,24.8,33.54
ORD100981,8.99,High,Clear,Evening,Thu,Urban,1.57,0,0.0,4.25,Scooter,1,58.1,54.8
ORD100982,6.16,Low,Extreme_Heat,Night,Fri,Rural,1.34,1,4.0,4.01,Electric_Two_Wheeler,0,72.3,32.45
ORD100983,7.33,Low,Clear,Afternoon,Fri,Rural,0.89,0,1.7,4.01,Scooter,1,67.5,34.62
ORD100984,4.82,High,Clear,Afternoon,Thu,Suburban,1.7,0,0.1,4.36,Motorcycle,0,65.7,27.29
ORD100985,6.41,Medium,Clear,Morning,Sat,Suburban,0.31,0,0.8,4.71,Motorcycle,0,69.6,37.59
ORD100986,2.25,High,Clear,Morning,Tue,Suburban,9.83,2,1.1,4.53,Scooter,0,88.8,33.59
ORD100987,6.14,Medium,Extreme_Heat,Morning,Fri,Suburban,1.3,0,3.8,4.53,Scooter,0,42.9,26.14
ORD100988,1.59,Low,Rain,Night,Sun,Suburban,5.44,0,1.4,3.86,Scooter,0,66.5,18.1
ORD100989,3.7,High,Fog,Evening,Sat,Suburban,2.78,2,3.9,4.51,Motorcycle,1,72.7,45.84
ORD100990,2.65,High,Clear,Evening,Mon,Rural,0.88,1,2.5,4.14,Motorcycle,1,63.1,29.23
ORD100991,4.49,High,Clear,Evening,Sat,Suburban,0.7,0,0.1,4.37,Scooter,1,91.3,33.23
ORD100992,2.89,Low,Clear,Evening,Thu,Rural,11.09,0,8.7,4.52,Motorcycle,1,68.9,21.47
ORD100993,1.63,Medium,Clear,Afternoon,Sat,Urban,3.16,1,0.5,3.84,Scooter,1,48.2,26.4
ORD100994,1.54,Medium,Clear,Night,Tue,Urban,0.77,1,0.8,4.36,Motorcycle,0,86.1,16.83
ORD100995,1.72,Low,Rain,Afternoon,Thu,Urban,0.34,1,4.1,4.39,Electric_Two_Wheeler,1,54.1,23.48
ORD100996,4.57,Severe,Clear,Night,Wed,Urban,2.59,0,0.5,4.7,Scooter,0,57.7,36.28
ORD100997,4.67,Low,Rain,Evening,Mon,Suburban,0.92,0,1.3,4.09,Electric_Two_Wheeler,1,62.4,30.46
ORD100998,2.89,Severe,Clear,Afternoon,Sun,Urban,0.7,1,5.0,4.28,Motorcycle,1,39.1,41.89
ORD100999,5.09,Medium,Clear,Evening,Wed,Rural,2.86,0,2.5,4.37,Electric_Two_Wheeler,1,75.0,31.39
ORD101000,3.47,Low,Rain,Afternoon,Sat,Urban,2.47,0,0.9,4.09,Scooter,0,18.8,25.37
ORD101001,4.87,Medium,Clear,Morning,Fri,Urban,1.51,1,2.6,4.09,Scooter,0,88.2,33.47
ORD101002,3.84,High,Fog,Evening,Sat,Urban,5.92,2,4.2,4.07,Scooter,0,77.9,44.19
ORD101003,6.29,High,Rain,Afternoon,Sun,Suburban,2.48,1,1.3,4.25,Motorcycle,1,41.8,48.97
ORD101004,2.22,High,Clear,Morning,Sun,Urban,4.68,0,2.1,5.0,Motorcycle,0,30.4,28.16
ORD101005,1.12,High,Extreme_Heat,Night,Fri,Urban,0.62,0,11.0,4.26,Scooter,0,44.9,19.2
ORD101006,3.49,High,Clear,Evening,Wed,Suburban,0.9,0,8.3,4.5,Motorcycle,0,82.5,22.48
ORD101007,4.09,High,Clear,Night,Wed,Urban,0.42,2,1.8,4.31,Scooter,0,12.8,40.63
ORD101008,1.92,Low,Rain,Evening,Fri,Urban,0.93,1,0.3,4.18,Scooter,0,52.1,18.3
ORD101009,2.13,Medium,Clear,Afternoon,Tue,Suburban,7.34,1,3.0,4.29,Scooter,1,32.9,24.76
ORD101010,5.41,Low,Fog,Afternoon,Mon,Urban,6.79,1,0.8,4.61,Scooter,1,88.7,43.42
ORD101011,5.49,Severe,Fog,Evening,Thu,Urban,3.06,1,2.8,4.28,Scooter,0,47.2,54.39
ORD101012,3.4,Severe,Extreme_Heat,Night,Wed,Urban,1.67,0,1.1,4.24,Scooter,0,72.8,37.51
ORD101013,1.32,Low,Clear,Afternoon,Mon,Urban,3.24,1,3.2,4.21,Electric_Two_Wheeler,1,42.2,13.96
ORD101014,5.28,High,Clear,Night,Thu,Suburban,1.81,2,1.1,3.9,Motorcycle,0,39.7,35.15
ORD101015,4.06,Severe,Rain,Night,Sat,Urban,0.21,2,7.1,4.72,Scooter,0,39.3,45.61
ORD101016,2.68,Low,Clear,Evening,Thu,Suburban,1.59,0,0.4,4.12,Motorcycle,1,71.0,19.94
ORD101017,6.69,Medium,Clear,Night,Wed,Rural,2.03,2,0.2,4.89,Motorcycle,0,96.8,30.41
ORD101018,0.82,Severe,Clear,Afternoon,Tue,Urban,0.82,0,3.8,4.4,Scooter,0,28.7,28.1
ORD101019,3.7,Low,Clear,Night,Tue,Rural,0.65,1,1.3,4.86,Motorcycle,0,68.0,19.8
ORD101020,5.32,High,Clear,Evening,Mon,Urban,0.84,0,1.6,4.22,Motorcycle,0,33.9,34.32
ORD101021,1.6,Low,Fog,Morning,Sat,Urban,2.15,2,6.8,4.01,Motorcycle,0,59.4,23.77
ORD101022,1.5,Severe,Fog,Night,Mon,Urban,0.52,0,2.2,4.72,Motorcycle,0,58.7,29.96
ORD101023,9.77,Severe,Clear,Afternoon,Fri,Urban,2.75,0,2.7,4.08,Motorcycle,0,50.5,56.18
ORD101024,5.46,Severe,Clear,Afternoon,Tue,Suburban,1.3,0,0.0,4.81,Scooter,0,54.9,41.32
ORD101025,8.34,Medium,Clear,Evening,Mon,Urban,1.07,0,2.8,4.53,Electric_Two_Wheeler,0,89.2,38.26
ORD101026,6.4,High,Fog,Morning,Fri,Suburban,3.49,0,1.2,4.89,Scooter,0,18.0,47.84
ORD101027,4.62,High,Clear,Afternoon,Sat,Suburban,1.61,0,1.5,3.91,Electric_Two_Wheeler,0,84.7,28.6
ORD101028,10.56,Medium,Rain,Evening,Sun,Urban,1.15,1,4.1,4.68,Scooter,0,51.6,57.94
ORD101029,4.32,High,Clear,Morning,Thu,Suburban,4.41,0,1.9,4.0,Scooter,0,40.0,27.37
ORD101030,3.52,Low,Rain,Afternoon,Mon,Rural,1.12,2,10.8,3.34,Motorcycle,1,25.9,30.71
ORD101031,6.41,Medium,Clear,Morning,Fri,Urban,4.12,0,4.0,4.66,Scooter,0,83.3,34.23
ORD101032,6.76,Low,Rain,Afternoon,Tue,Urban,1.6,1,3.3,4.3,Motorcycle,1,63.3,39.99
ORD101033,5.03,Low,Clear,Evening,Thu,Urban,0.67,1,2.2,4.68,Scooter,0,75.6,28.73
ORD101034,2.68,Low,Rain,Evening,Mon,Urban,2.1,2,1.3,4.34,Motorcycle,1,38.3,36.47
ORD101035,6.39,High,Clear,Night,Tue,Urban,0.87,0,0.1,4.31,Scooter,0,45.4,44.75
ORD101036,2.65,Medium,Rain,Evening,Sun,Urban,0.52,1,0.0,4.9,Scooter,0,92.2,29.17
ORD101037,3.92,High,Fog,Afternoon,Thu,Suburban,0.38,0,0.1,4.35,Scooter,0,96.5,28.4
ORD101038,2.13,Low,Clear,Night,Wed,Suburban,0.75,0,8.0,,Motorcycle,0,76.6,5.0
ORD101039,2.22,Medium,Fog,Evening,Tue,Suburban,2.87,0,1.0,4.26,Motorcycle,0,77.4,21.69
ORD101040,0.93,Medium,Clear,Evening,Wed,Urban,3.84,1,3.0,4.36,Motorcycle,0,72.5,19.87
ORD101041,3.46,High,Clear,Evening,Sat,Urban,4.16,1,2.3,3.16,Electric_Two_Wheeler,1,62.8,42.06
ORD101042,4.71,Medium,Clear,Night,Mon,Urban,0.83,4,2.1,4.5,Motorcycle,0,63.6,38.76
ORD101043,10.32,Medium,Clear,Evening,Sun,Urban,2.36,0,2.2,4.84,Electric_Two_Wheeler,1,96.7,51.19
ORD101044,2.51,High,Rain,Afternoon,Fri,Rural,0.72,0,0.9,4.28,Scooter,0,77.6,19.04
ORD101045,4.0,Medium,Rain,Evening,Mon,Urban,2.15,0,5.4,4.13,Scooter,1,69.0,35.45
ORD101046,3.57,Low,Clear,Morning,Tue,Urban,4.56,0,6.3,4.46,Scooter,0,27.0,16.95
ORD101047,4.82,Low,Clear,Afternoon,Wed,Urban,0.28,1,2.6,5.0,Scooter,1,97.9,29.97
ORD101048,3.15,High,Fog,Afternoon,Wed,Suburban,8.63,0,5.0,4.49,Motorcycle,0,56.8,30.11
ORD101049,5.52,Low,Extreme_Heat,Morning,Thu,Suburban,3.71,0,0.2,4.39,Motorcycle,0,94.9,24.91
ORD101050,2.04,High,Clear,Morning,Mon,Urban,3.07,1,0.3,4.14,Motorcycle,0,74.2,21.36
ORD101051,3.79,Medium,Extreme_Heat,Morning,Mon,Urban,2.55,1,2.0,3.87,Motorcycle,0,13.6,28.56
ORD101052,4.66,Severe,Clear,Evening,Tue,Urban,3.14,1,4.7,4.31,Electric_Two_Wheeler,1,58.5,41.4
ORD101053,7.0,High,Clear,Evening,Wed,Suburban,10.64,0,0.9,4.32,Electric_Two_Wheeler,0,90.3,36.51
ORD101054,5.58,Severe,Fog,Night,Tue,Rural,3.14,1,2.0,3.53,Scooter,0,14.7,45.81
ORD101055,3.74,Medium,Clear,Afternoon,Tue,Suburban,1.07,0,0.0,4.01,Scooter,0,88.0,23.44
ORD101056,2.22,High,,Evening,Sat,Suburban,2.1,1,10.8,4.76,Scooter,0,65.2,17.92
ORD101057,11.09,Medium,Clear,Night,Wed,Urban,1.02,2,3.6,4.2,Scooter,0,14.0,57.11
ORD101058,2.41,Medium,Fog,Morning,Tue,Urban,7.22,0,1.1,3.32,Motorcycle,0,43.6,24.04
ORD101059,1.69,Medium,Fog,Evening,Wed,Suburban,4.81,1,10.2,4.94,Motorcycle,0,12.7,21.8
ORD101060,2.57,High,Clear,Evening,Tue,Urban,1.88,0,0.2,3.94,Scooter,1,10.2,27.6
ORD101061,1.49,Severe,Clear,Morning,Fri,Rural,3.24,1,1.6,4.11,Motorcycle,0,90.7,31.99
ORD101062,4.63,High,Clear,Night,Tue,Urban,5.01,0,0.2,4.72,Motorcycle,0,77.4,30.86
ORD101063,3.72,Medium,Clear,Evening,Tue,Urban,0.76,0,1.0,4.0,Scooter,0,36.1,20.52
ORD101064,3.26,Medium,Clear,Morning,Sun,Suburban,1.93,0,0.6,3.51,Scooter,0,20.2,16.68
ORD101065,3.51,High,Rain,Morning,Fri,Urban,1.51,1,1.0,4.39,Electric_Two_Wheeler,0,14.9,34.36
ORD101066,2.67,Low,Clear,Morning,Mon,Urban,3.15,0,7.4,4.62,Motorcycle,0,92.6,10.63
ORD101067,1.05,Low,Clear,Afternoon,Wed,Urban,1.15,0,1.4,4.11,Scooter,1,66.3,9.66
ORD101068,6.41,Medium,Clear,Afternoon,Sun,Suburban,2.67,0,1.0,4.25,Scooter,0,24.5,28.13
ORD101069,2.83,Low,Clear,Afternoon,Thu,Urban,1.23,0,2.6,3.83,Scooter,0,71.3,12.91
ORD101070,1.53,Low,Extreme_Heat,Afternoon,Fri,Urban,0.44,1,2.9,3.9,Scooter,0,99.9,14.45
ORD101071,1.21,Low,Clear,Night,Sun,Suburban,0.43,0,10.3,4.17,Motorcycle,0,80.9,10.11
ORD101072,7.83,Low,Clear,Afternoon,Mon,Urban,0.45,1,2.0,4.56,Scooter,0,50.2,35.93
ORD101073,3.02,Low,Clear,Morning,Tue,Rural,0.27,0,3.5,4.34,Scooter,0,83.3,12.15
ORD101074,2.98,Severe,Clear,Afternoon,Sat,Urban,1.72,2,1.2,4.71,Scooter,1,77.0,48.31
ORD101075,4.96,Medium,Clear,Afternoon,Mon,Suburban,2.43,1,0.5,4.96,Motorcycle,0,18.0,26.35
ORD101076,2.68,Medium,Clear,Afternoon,Fri,Urban,0.47,0,1.4,4.65,Scooter,1,93.3,22.51
ORD101077,1.47,High,Clear,Afternoon,Sat,Suburban,2.09,0,1.4,3.66,Scooter,0,89.6,14.11
ORD101078,2.52,Low,Clear,Morning,Tue,Suburban,2.02,2,1.4,4.19,Motorcycle,0,63.2,20.55
ORD101079,4.32,Severe,Clear,Evening,Mon,Rural,0.52,0,3.0,4.65,Scooter,1,55.7,39.28
ORD101080,2.5,High,Clear,Night,Thu,Urban,1.24,0,1.3,4.25,Scooter,0,30.5,15.7
ORD101081,2.16,Low,Extreme_Heat,Afternoon,Wed,Urban,3.01,0,7.7,3.65,Scooter,0,85.1,16.76
ORD101082,1.84,Medium,Clear,Afternoon,Wed,Suburban,0.23,1,10.1,4.08,Motorcycle,1,48.9,21.66
ORD101083,4.69,High,Clear,Evening,Fri,Urban,0.52,0,1.9,3.39,Electric_Two_Wheeler,1,62.1,36.17
ORD101084,4.25,Severe,Clear,Evening,Sun,Urban,11.16,0,2.0,4.19,Scooter,1,25.3,41.17
ORD101085,5.07,Medium,Clear,Afternoon,Tue,Rural,2.85,2,1.3,4.03,Scooter,1,29.2,37.37
ORD101086,3.27,Medium,Rain,Night,Tue,Urban,1.45,0,1.1,4.16,Scooter,0,98.7,32.66
ORD101087,2.81,Low,Clear,Evening,Wed,Rural,2.19,0,10.6,4.77,Motorcycle,1,54.5,13.39
ORD101088,2.23,Severe,Rain,Afternoon,Mon,Urban,3.94,1,0.1,3.77,Motorcycle,0,83.4,38.4
ORD101089,3.04,Low,Clear,Evening,Tue,Suburban,3.89,0,1.3,4.01,Motorcycle,1,84.7,20.04
ORD101090,1.26,Severe,Clear,Night,Thu,Suburban,0.99,0,0.4,3.84,Motorcycle,0,98.3,24.49
ORD101091,4.44,Medium,Rain,Evening,Thu,Urban,1.55,0,3.2,4.73,Electric_Two_Wheeler,1,98.5,35.14
ORD101092,2.87,Medium,Clear,Morning,Tue,Rural,2.23,1,0.5,4.75,Electric_Two_Wheeler,0,51.1,24.18
ORD101093,6.88,Medium,Clear,Afternoon,Tue,Urban,0.35,0,5.4,4.44,Motorcycle,1,95.5,37.43
ORD101094,3.59,Low,Clear,Afternoon,Wed,Suburban,6.03,0,1.2,4.42,Motorcycle,1,42.9,23.26
ORD101095,1.04,Low,Rain,Afternoon,Fri,Suburban,1.33,0,6.2,3.82,Scooter,0,64.7,19.56
ORD101096,4.1,Low,Clear,Evening,Wed,Urban,1.13,0,10.8,4.38,Motorcycle,1,84.0,26.52
ORD101097,11.27,Low,,Evening,Fri,Rural,4.95,1,3.7,3.85,Motorcycle,0,92.2,42.55
ORD101098,4.68,High,Clear,Evening,Thu,Urban,0.45,0,2.4,4.32,Motorcycle,1,57.1,41.43
ORD101099,5.86,Medium,Fog,Night,Fri,Suburban,0.28,2,0.4,4.16,Scooter,0,47.6,47.43
ORD101100,7.31,Low,Clear,Afternoon,Wed,Urban,2.51,0,6.8,4.06,Motorcycle,1,75.6,39.46
ORD101101,2.11,Severe,Rain,Night,Tue,Suburban,1.17,1,3.7,4.31,Motorcycle,0,51.0,34.74
ORD101102,3.36,High,Clear,Evening,Fri,Suburban,3.09,2,0.8,4.57,Motorcycle,1,70.5,37.81
ORD101103,2.17,Severe,Extreme_Heat,Afternoon,Wed,Urban,0.34,0,1.6,5.0,Scooter,1,82.4,35.92
ORD101104,5.45,Severe,Clear,Evening,Thu,Suburban,1.17,0,0.2,4.52,Scooter,0,85.7,39.21
ORD101105,2.19,Low,Clear,Morning,Sat,Urban,0.74,2,2.7,5.0,Scooter,0,32.9,25.47
ORD101106,3.26,Medium,Clear,Evening,Fri,Urban,2.89,0,0.3,4.38,Electric_Two_Wheeler,0,61.4,21.97
ORD101107,5.73,High,Clear,Afternoon,Thu,Urban,0.72,2,2.6,5.0,Motorcycle,0,12.3,38.01
ORD101108,5.41,High,Clear,Afternoon,Thu,Urban,1.42,0,2.8,4.47,Scooter,0,81.8,32.11
ORD101109,4.05,Low,Extreme_Heat,Evening,Mon,Urban,3.62,0,1.0,4.4,Scooter,1,21.3,25.99
ORD101110,7.37,High,Extreme_Heat,Evening,Sat,Urban,5.14,0,7.4,4.23,Motorcycle,1,88.5,52.5
ORD101111,5.71,Low,Clear,Morning,Fri,Urban,2.76,1,3.8,4.42,Scooter,0,46.6,25.92
ORD101112,2.52,Low,Extreme_Heat,Morning,Wed,Urban,1.32,1,1.7,4.47,Electric_Two_Wheeler,0,25.1,19.59
ORD101113,1.5,Medium,Clear,Afternoon,Fri,Urban,1.9,0,6.3,3.73,Motorcycle,0,81.6,11.95
ORD101114,2.04,Medium,Clear,Evening,Fri,Suburban,2.54,2,4.8,4.58,Scooter,1,28.0,31.76
ORD101115,5.93,Medium,Rain,Night,Sat,Suburban,4.36,0,2.9,3.71,Motorcycle,0,45.5,36.44
ORD101116,4.65,Low,Rain,Night,Sun,Urban,4.59,1,0.4,4.58,Scooter,0,61.0,33.75
ORD101117,7.41,High,Extreme_Heat,Afternoon,Thu,Suburban,5.55,1,1.7,4.54,Motorcycle,0,42.4,44.95
ORD101118,4.95,Low,Clear,Evening,Thu,Suburban,3.53,0,5.0,4.87,Scooter,1,26.1,25.28
ORD101119,5.79,Low,Rain,Afternoon,Thu,Suburban,0.52,2,2.3,3.96,Electric_Two_Wheeler,1,46.5,41.39
ORD101120,4.4,High,Clear,Evening,Thu,Urban,2.95,1,2.0,3.91,Motorcycle,0,23.0,40.06
ORD101121,2.46,Severe,Clear,Morning,Sat,Urban,3.57,0,7.8,4.74,Motorcycle,0,74.7,23.99
ORD101122,2.39,High,Clear,Afternoon,Wed,Suburban,4.41,1,0.0,3.87,Scooter,0,25.4,17.06
ORD101123,2.05,High,Extreme_Heat,Evening,Tue,Suburban,5.38,1,0.0,3.83,Scooter,0,53.4,29.5
ORD101124,2.47,High,Fog,Morning,Mon,Urban,1.62,0,5.6,4.38,Motorcycle,0,60.4,34.33
ORD101125,7.53,Medium,Rain,Evening,Sun,Urban,2.33,0,0.1,4.28,Motorcycle,0,95.1,43.4
ORD101126,5.35,Low,Clear,Evening,Sun,Suburban,0.22,0,1.0,4.36,Scooter,1,17.0,22.9
ORD101127,3.3,Medium,Clear,Afternoon,Thu,Suburban,1.9,1,6.4,4.52,Scooter,0,93.7,23.88
ORD101128,4.74,Medium,Clear,Afternoon,Thu,Suburban,1.48,0,2.9,4.52,Scooter,0,28.7,20.27
ORD101129,4.7,Low,,Night,Mon,Urban,6.76,1,2.6,4.27,Motorcycle,0,85.7,22.29
ORD101130,7.92,High,Clear,Evening,Thu,Urban,4.84,1,2.7,4.32,Scooter,1,18.1,49.66
ORD101131,3.1,Medium,Rain,Afternoon,Tue,Urban,3.4,0,1.0,4.27,Scooter,1,99.0,26.55
ORD101132,4.25,Low,Clear,Afternoon,Sun,Urban,0.32,0,1.9,4.31,Scooter,1,82.7,26.14
ORD101133,5.81,Low,Clear,Evening,Fri,Urban,1.23,1,2.5,3.75,Scooter,0,15.7,29.26
ORD101134,2.45,High,Clear,Evening,Mon,Suburban,2.58,1,0.9,4.6,Scooter,1,29.3,26.52
ORD101135,8.32,Low,Clear,Morning,Sun,Urban,0.26,1,4.0,4.72,Electric_Two_Wheeler,0,59.4,45.38
ORD101136,5.65,High,Clear,Afternoon,Wed,Suburban,0.74,2,1.0,4.55,Scooter,1,57.1,42.46
ORD101137,2.04,Medium,Extreme_Heat,Night,Sun,Urban,4.57,0,0.2,4.52,Electric_Two_Wheeler,0,66.6,20.37
ORD101138,10.0,Medium,Rain,Evening,Mon,Urban,0.48,0,0.6,3.9,Scooter,1,51.7,61.41
ORD101139,7.37,Medium,Fog,Night,Tue,Urban,0.31,3,1.3,3.73,Scooter,0,76.1,56.49
ORD101140,5.23,High,Clear,Evening,Sat,Urban,1.94,1,6.0,4.63,Scooter,1,41.4,46.15
ORD101141,1.11,Medium,Clear,Night,Wed,Suburban,6.05,1,1.3,4.31,Motorcycle,0,25.9,14.89
ORD101142,2.73,High,Clear,Morning,Fri,Urban,3.8,1,0.2,4.37,Motorcycle,0,13.0,33.51
ORD101143,4.07,Medium,Fog,Evening,Thu,Urban,7.56,0,0.5,4.39,Motorcycle,0,39.2,35.44
ORD101144,4.26,Low,Rain,Morning,Mon,Urban,3.0,2,2.0,4.4,Scooter,0,48.4,36.67
ORD101145,3.88,High,Clear,Evening,Wed,Urban,1.35,2,0.5,4.56,Electric_Two_Wheeler,0,69.3,38.36
ORD101146,1.7,High,Clear,Afternoon,Mon,Suburban,6.06,0,0.2,4.26,Electric_Two_Wheeler,1,82.6,23.37
ORD101147,3.2,High,Clear,Afternoon,Fri,Urban,1.31,2,3.1,3.54,Scooter,1,31.6,46.36
ORD101148,3.39,High,Rain,Night,Mon,Suburban,1.06,0,3.8,4.58,Motorcycle,0,54.4,22.94
ORD101149,1.0,High,Extreme_Heat,Night,Sun,Suburban,1.39,2,4.8,4.53,Motorcycle,0,31.0,23.65
ORD101150,5.21,High,Clear,Morning,Sun,Urban,3.56,0,4.6,3.78,Scooter,0,95.6,34.14
ORD101151,8.87,High,Clear,Evening,Wed,Urban,5.19,1,1.2,3.83,Scooter,0,68.3,50.75
ORD101152,3.54,High,Clear,Afternoon,Tue,Suburban,1.09,0,3.3,4.65,Motorcycle,1,71.0,30.25
ORD101153,5.26,High,Clear,Afternoon,Sat,Suburban,1.44,0,2.2,4.75,Motorcycle,1,57.8,37.83
ORD101154,2.07,Medium,Clear,Evening,Wed,Urban,4.77,0,0.1,3.23,Scooter,1,35.4,19.65
ORD101155,4.57,High,Clear,Afternoon,Mon,Urban,0.3,0,1.3,4.48,Motorcycle,1,28.0,38.52
ORD101156,4.62,Low,Rain,Night,Fri,Urban,3.26,0,0.1,4.21,Electric_Two_Wheeler,0,69.1,28.02
ORD101157,6.89,High,Rain,Morning,Sun,Urban,1.41,0,0.2,4.33,Scooter,0,93.0,49.98
ORD101158,7.69,High,Clear,Evening,Thu,Urban,1.14,1,0.1,4.35,Scooter,1,29.2,49.91
ORD101159,5.22,Low,Fog,Evening,Thu,Urban,1.38,0,8.1,4.0,Motorcycle,0,61.5,31.27
ORD101160,2.5,High,Clear,Afternoon,Fri,Urban,1.28,0,4.6,4.56,Scooter,1,57.6,29.34
ORD101161,2.44,Low,Clear,Afternoon,Mon,Urban,3.03,0,1.4,4.02,Scooter,0,67.7,17.11
ORD101162,7.64,Medium,Clear,Evening,Sat,Urban,5.46,0,0.7,4.6,Scooter,1,62.9,42.39
ORD101163,1.8,High,Clear,Evening,Fri,Suburban,1.55,1,0.2,4.69,Scooter,0,34.6,23.09
ORD101164,2.71,Low,Clear,Afternoon,Mon,Suburban,3.78,0,1.4,3.95,Electric_Two_Wheeler,1,72.2,16.43
ORD101165,4.99,High,Clear,Afternoon,Wed,Rural,2.83,1,2.3,3.96,Motorcycle,1,34.5,37.4
ORD101166,8.7,High,Clear,Morning,Sat,Urban,1.0,0,4.0,4.35,Scooter,0,68.8,38.54
ORD101167,9.13,Medium,Extreme_Heat,Morning,Tue,Suburban,1.97,3,0.1,4.9,Motorcycle,0,37.0,52.76
ORD101168,0.86,Low,Clear,Afternoon,Mon,Urban,2.4,2,1.4,4.06,Electric_Two_Wheeler,1,17.4,23.8
ORD101169,4.48,Low,Clear,Morning,Thu,Suburban,0.25,1,9.4,4.14,Scooter,0,21.5,26.09
ORD101170,3.69,Medium,Clear,Evening,Thu,Urban,1.21,1,0.3,4.43,Scooter,0,85.1,24.44
ORD101171,2.24,Severe,Rain,Evening,Sun,Urban,10.02,0,1.3,4.56,Electric_Two_Wheeler,0,20.9,39.14
ORD101172,0.83,Medium,Clear,Night,Sat,Rural,2.23,0,0.8,4.51,Electric_Two_Wheeler,0,39.7,12.42
ORD101173,3.67,Low,Fog,Evening,Tue,Suburban,1.01,0,0.4,4.31,Scooter,0,35.9,21.7
ORD101174,1.78,Medium,Clear,Night,Mon,Rural,0.78,0,4.6,4.18,Scooter,0,15.2,15.06
ORD101175,4.88,Medium,Clear,Evening,Tue,Urban,0.67,1,3.0,4.43,Scooter,1,64.0,30.55
ORD101176,3.88,High,Clear,Evening,Sun,Urban,1.23,1,1.3,3.02,Scooter,1,81.9,39.96
ORD101177,1.13,Low,Clear,Night,Wed,Urban,0.63,1,1.2,5.0,Motorcycle,0,99.3,15.0
ORD101178,3.31,High,Clear,Evening,Tue,Suburban,0.49,1,4.4,4.23,Scooter,0,94.2,28.6
ORD101179,1.47,Medium,Clear,Morning,Wed,Suburban,1.11,1,0.2,4.37,Scooter,0,14.4,17.95
ORD101180,4.36,Severe,Clear,Evening,Thu,Rural,2.07,0,0.4,5.0,Motorcycle,0,33.2,37.89
ORD101181,5.52,Medium,Clear,Night,Wed,Urban,0.52,0,5.9,4.0,Electric_Two_Wheeler,0,47.1,24.14
ORD101182,2.94,Medium,Clear,Evening,Mon,Suburban,0.29,0,4.2,5.0,Scooter,0,88.8,17.8
ORD101183,7.42,Severe,Extreme_Heat,Evening,Sat,Urban,0.27,0,3.7,4.6,Scooter,0,42.4,46.42
ORD101184,4.41,Low,Clear,Evening,Sat,Urban,0.82,1,2.4,4.48,Electric_Two_Wheeler,1,61.3,28.8
ORD101185,3.82,Severe,Fog,Night,Mon,Urban,0.62,0,0.9,4.56,Motorcycle,0,69.4,47.37
ORD101186,3.86,High,Rain,Morning,Mon,Urban,1.75,1,6.8,3.96,Scooter,0,36.8,37.39
ORD101187,3.31,Low,Clear,Evening,Mon,Urban,1.42,0,1.7,3.64,Scooter,1,62.4,19.26
ORD101188,3.23,Medium,Clear,Afternoon,Fri,Urban,0.99,1,0.8,3.83,Scooter,0,14.6,25.06
ORD101189,1.74,High,Clear,Evening,Sun,Urban,3.79,1,1.1,4.73,Motorcycle,1,53.2,28.1
ORD101190,8.39,Low,Rain,Evening,Wed,Urban,1.61,0,0.0,3.93,Scooter,1,44.1,44.24
ORD101191,3.28,Medium,Rain,Morning,Mon,Urban,0.39,2,0.7,3.64,Scooter,0,42.0,35.32
ORD101192,9.13,Medium,Rain,Morning,Sat,Urban,0.9,1,0.5,4.27,Scooter,0,31.1,58.86
ORD101193,5.46,Medium,Extreme_Heat,Evening,Tue,Urban,7.45,0,0.4,4.53,Scooter,0,83.6,32.0
ORD101194,3.47,Low,Rain,Morning,Tue,Rural,7.74,1,0.1,4.32,Motorcycle,0,89.4,32.43
ORD101195,4.07,High,Clear,Afternoon,Fri,Rural,0.79,1,0.6,4.54,Scooter,0,89.9,29.0
ORD101196,5.52,Severe,Clear,Evening,Wed,Urban,0.57,1,0.3,4.76,Scooter,0,45.6,46.1
ORD101197,6.49,Severe,Fog,Afternoon,Wed,Rural,1.57,2,0.1,4.53,Electric_Two_Wheeler,1,33.3,59.9
ORD101198,3.78,High,Clear,Afternoon,Sun,Suburban,1.51,0,0.4,,Motorcycle,0,18.9,23.15
ORD101199,6.16,Low,,Night,Wed,Urban,1.26,1,0.6,4.08,Scooter,0,70.5,32.71
ORD101200,5.41,High,Rain,Morning,Sat,Urban,1.71,0,1.3,4.61,Motorcycle,0,39.7,32.05
ORD101201,5.55,Low,,Afternoon,Sat,Rural,0.73,0,2.2,4.41,Scooter,1,34.9,25.52
ORD101202,6.17,Low,Extreme_Heat,Evening,Sun,Suburban,0.44,0,1.0,3.96,Motorcycle,1,43.4,33.3
ORD101203,2.64,Medium,Rain,Evening,Fri,Suburban,1.89,0,0.4,4.82,Motorcycle,0,59.9,19.13
ORD101204,7.84,Medium,Clear,Night,Wed,Suburban,5.59,0,7.0,4.4,Motorcycle,0,24.6,32.42
ORD101205,4.66,High,Extreme_Heat,Night,Wed,Urban,0.5,1,1.8,4.56,Motorcycle,0,96.5,36.55
ORD101206,6.48,High,Clear,Evening,Mon,Urban,2.64,1,3.4,4.14,Scooter,1,75.9,44.92
ORD101207,3.77,Medium,Clear,Morning,Wed,Urban,1.35,2,3.0,4.75,Motorcycle,0,14.2,30.93
ORD101208,4.33,Low,Clear,Morning,Sat,Urban,0.9,0,0.8,3.67,Scooter,0,37.6,19.27
ORD101209,2.63,Severe,Clear,Afternoon,Mon,Urban,4.04,0,2.1,4.97,Scooter,0,14.5,32.88
ORD101210,1.94,Medium,Clear,Morning,Mon,Urban,1.42,0,2.3,3.52,Electric_Two_Wheeler,0,30.7,18.88
ORD101211,3.39,Medium,Clear,Evening,Wed,Urban,1.95,1,1.1,3.75,Motorcycle,1,35.8,29.44
ORD101212,5.67,Low,Clear,Evening,Tue,Urban,1.37,1,2.8,4.4,Electric_Two_Wheeler,1,74.6,33.57
ORD101213,2.68,High,Clear,Morning,Thu,Urban,0.37,1,3.9,4.09,Scooter,0,74.7,28.77
ORD101214,1.36,High,Rain,Evening,Sat,Urban,2.01,2,1.1,4.17,Motorcycle,0,14.1,41.73
ORD101215,7.09,Low,Fog,Morning,Tue,Urban,1.29,0,0.0,4.09,Scooter,0,62.9,38.66
ORD101216,1.79,Low,Clear,Afternoon,Wed,Urban,0.38,0,1.1,3.99,Motorcycle,1,96.5,11.55
ORD101217,4.57,High,Clear,Evening,Wed,Suburban,2.01,1,0.3,4.43,Scooter,1,66.6,34.69
ORD101218,9.78,High,Clear,Afternoon,Tue,Rural,0.22,1,0.4,4.28,Scooter,0,96.4,46.06
ORD101219,18.24,Low,Clear,Afternoon,Wed,Urban,0.67,0,1.1,4.65,Scooter,0,44.3,75.48
ORD101220,3.49,Severe,Rain,Morning,Sat,Urban,3.24,0,0.6,4.33,Motorcycle,0,51.4,37.21
ORD101221,7.15,Low,Rain,Afternoon,Sun,Suburban,0.28,0,6.8,4.13,Scooter,1,54.6,36.65
ORD101222,4.61,Medium,Clear,Evening,Mon,Urban,2.28,1,2.6,4.61,Motorcycle,1,93.2,34.09
ORD101223,2.11,Severe,Clear,Night,Fri,Suburban,6.18,1,1.8,3.57,Scooter,0,44.2,29.66
ORD101224,3.32,Medium,Clear,Afternoon,Wed,Urban,0.58,1,0.0,3.27,Scooter,0,98.5,30.25
ORD101225,2.82,Medium,Rain,Afternoon,Wed,Suburban,1.28,0,0.3,3.66,Scooter,1,58.9,33.36
ORD101226,6.99,Medium,Clear,Evening,Tue,Rural,1.91,1,3.9,4.16,Electric_Two_Wheeler,1,29.6,36.65
ORD101227,9.55,Low,Extreme_Heat,Night,Mon,Suburban,1.4,0,1.2,4.46,Scooter,0,19.3,38.84
ORD101228,3.02,Severe,Rain,Afternoon,Tue,Urban,2.14,0,0.1,3.23,Scooter,0,25.6,41.79
ORD101229,1.39,Medium,Clear,Afternoon,Sun,Suburban,1.24,0,4.4,4.3,Motorcycle,0,13.5,16.41
ORD101230,4.24,High,Clear,Evening,Sat,Suburban,0.52,2,0.9,4.16,Scooter,0,72.3,33.43
ORD101231,2.2,Low,Extreme_Heat,Evening,Tue,Suburban,0.39,2,1.2,4.35,Motorcycle,1,56.5,30.51
ORD101232,1.91,Low,Clear,Morning,Wed,Urban,2.93,0,9.2,3.54,Scooter,0,76.4,10.77
ORD101233,2.51,Low,Clear,Evening,Mon,Suburban,0.75,0,0.0,5.0,Motorcycle,1,80.4,13.47
ORD101234,2.39,High,Clear,Morning,Sat,Urban,3.96,0,3.2,4.31,Scooter,0,93.8,19.23
ORD101235,4.87,Medium,Fog,Afternoon,Wed,Urban,2.92,0,7.4,3.81,Motorcycle,1,20.5,33.52
ORD101236,5.54,High,Rain,Afternoon,Sat,Suburban,0.3,0,0.2,4.35,Motorcycle,0,26.7,41.4
ORD101237,4.54,Medium,Rain,Night,Wed,Urban,0.65,0,5.0,4.9,Motorcycle,0,59.3,28.19
ORD101238,2.19,Severe,Fog,Afternoon,Wed,Suburban,0.89,1,1.3,3.79,Motorcycle,1,21.7,46.84
ORD101239,2.23,Low,Fog,Afternoon,Wed,Suburban,2.01,2,5.3,3.7,Electric_Two_Wheeler,1,18.3,40.01
ORD101240,3.67,High,Extreme_Heat,Morning,Fri,Urban,3.52,0,0.9,4.25,Scooter,0,70.0,33.31
ORD101241,3.13,High,Clear,Night,Thu,Suburban,0.32,0,10.1,4.29,Scooter,0,75.2,19.83
ORD101242,3.89,High,Clear,Morning,Mon,Rural,0.77,0,2.6,4.58,Motorcycle,0,85.9,21.96
ORD101243,4.78,High,Rain,Afternoon,Sun,Urban,1.14,2,2.5,4.89,Motorcycle,1,92.4,48.19
ORD101244,3.64,High,Rain,Morning,Fri,Suburban,0.61,0,4.1,4.61,Scooter,0,49.8,27.56
ORD101245,5.29,Medium,Rain,Evening,Thu,Urban,1.78,2,1.4,3.74,Motorcycle,1,98.2,42.71
ORD101246,4.33,Low,Clear,Afternoon,Sat,Urban,1.5,1,0.7,3.87,Scooter,0,13.4,24.12
ORD101247,5.44,Low,Rain,Afternoon,Thu,Urban,0.96,2,0.8,3.98,Motorcycle,1,88.3,44.82
ORD101248,1.84,Severe,Rain,Afternoon,Thu,Urban,1.66,0,1.0,4.61,Motorcycle,1,38.9,37.54
ORD101249,1.27,Medium,Clear,Night,Fri,Urban,1.08,2,2.4,4.54,Motorcycle,0,93.0,19.97
ORD101250,2.15,High,Clear,Evening,Mon,Rural,1.04,0,4.6,4.8,Scooter,0,30.0,20.56
ORD101251,6.71,Medium,Clear,Evening,Tue,Suburban,0.82,1,1.7,4.52,Motorcycle,0,76.7,36.03
ORD101252,4.35,Low,Clear,Night,Thu,Urban,1.75,0,1.3,4.05,Motorcycle,0,48.3,14.88
ORD101253,2.65,Low,Clear,Night,Tue,Urban,1.37,1,3.9,4.22,Scooter,0,44.3,12.07
ORD101254,2.42,High,Clear,Afternoon,Tue,Urban,0.64,2,0.9,3.72,Motorcycle,1,15.3,36.08
ORD101255,5.63,Medium,Clear,Night,Wed,Urban,0.23,1,2.9,4.55,Electric_Two_Wheeler,0,73.5,28.99
ORD101256,4.41,Low,Rain,Morning,Tue,Urban,0.53,1,0.3,4.05,Scooter,0,25.8,33.85
ORD101257,1.67,Medium,Rain,Afternoon,Sat,Urban,0.29,0,0.3,4.79,Scooter,0,51.7,20.36
ORD101258,1.66,Low,Fog,Night,Sat,Urban,1.33,2,2.6,4.54,Scooter,0,22.7,31.76
ORD101259,5.33,Medium,Clear,Afternoon,Wed,Urban,0.71,0,0.2,5.0,Motorcycle,1,64.4,32.37
ORD101260,2.59,Low,Clear,Afternoon,Mon,Suburban,1.29,0,0.4,4.47,Electric_Two_Wheeler,0,30.8,14.88
ORD101261,1.43,High,Fog,Afternoon,Sun,Suburban,1.0,1,2.4,4.46,Motorcycle,1,63.5,32.96
ORD101262,1.42,Medium,Clear,Evening,Mon,Urban,1.74,0,1.4,4.23,Scooter,1,95.2,21.13
ORD101263,4.87,Medium,Extreme_Heat,Afternoon,Sat,Urban,2.77,2,2.1,4.15,Motorcycle,0,92.9,38.26
ORD101264,2.67,Low,Fog,Evening,Sun,Urban,1.51,1,9.4,4.2,Motorcycle,0,28.0,26.57
ORD101265,5.88,Low,Clear,Night,Wed,Rural,0.33,0,2.5,4.7,Motorcycle,0,18.9,22.19
ORD101266,3.96,Medium,Extreme_Heat,Evening,Mon,Suburban,0.24,2,2.2,3.76,Scooter,1,13.8,42.57
ORD101267,2.95,Medium,Clear,Morning,Sun,Suburban,0.68,0,1.2,4.33,Motorcycle,0,84.6,19.68
ORD101268,3.82,Medium,Clear,Night,Sun,Rural,1.31,1,2.5,3.63,Scooter,0,32.4,20.63
ORD101269,10.33,Low,Rain,Afternoon,Thu,Urban,0.29,0,0.0,4.45,Scooter,1,35.6,51.79
ORD101270,2.07,High,Clear,Morning,Mon,Rural,0.99,0,2.0,4.12,Motorcycle,0,30.4,22.09
ORD101271,7.34,High,Extreme_Heat,Morning,Wed,Urban,4.56,0,0.2,4.5,Electric_Two_Wheeler,0,85.6,48.14
ORD101272,5.37,High,Clear,Evening,Sun,Urban,0.39,0,0.6,4.0,Scooter,1,98.1,35.34
ORD101273,2.75,Low,Clear,Morning,Sat,Suburban,6.13,0,2.1,4.2,Electric_Two_Wheeler,0,78.0,16.87
ORD101274,5.37,Medium,Clear,Morning,Thu,Urban,4.09,0,2.8,4.55,Scooter,0,84.1,23.41
ORD101275,4.25,Low,,Afternoon,Tue,Suburban,3.76,0,1.2,4.35,Motorcycle,0,65.8,22.78
ORD101276,3.6,Low,Clear,Afternoon,Tue,Urban,4.19,0,1.4,4.92,Scooter,0,57.6,19.91
ORD101277,3.11,Severe,Clear,Evening,Tue,Suburban,0.37,1,1.7,4.11,Scooter,0,74.9,31.83
ORD101278,6.5,Low,Fog,Evening,Sat,Urban,0.53,0,3.6,4.07,Motorcycle,0,13.2,42.6
ORD101279,3.9,Medium,Clear,Evening,Sun,Urban,0.49,2,0.0,4.79,Motorcycle,1,15.5,39.85
ORD101280,2.17,Medium,Fog,Afternoon,Wed,Rural,0.44,0,1.5,4.15,Motorcycle,0,71.9,19.41
ORD101281,3.74,High,Clear,Morning,Tue,Suburban,0.99,0,0.0,4.13,Motorcycle,0,40.2,28.69
ORD101282,1.47,Medium,Rain,Night,Mon,Rural,3.75,1,1.0,4.45,Motorcycle,0,54.0,18.8
ORD101283,2.6,Low,Rain,Morning,Tue,Suburban,0.78,1,1.8,4.23,Electric_Two_Wheeler,0,80.4,22.94
ORD101284,5.27,Medium,Clear,Night,Sun,Suburban,0.76,1,0.2,4.18,Motorcycle,0,61.9,32.57
ORD101285,2.0,Medium,Clear,Morning,Fri,Suburban,2.45,0,1.7,4.02,Scooter,0,82.5,17.87
ORD101286,12.55,Low,Fog,Night,Sat,Urban,0.4,1,6.5,4.84,Scooter,0,47.7,59.69
ORD101287,0.97,Medium,Clear,Afternoon,Fri,Urban,1.09,0,2.9,4.24,Scooter,1,35.9,16.34
ORD101288,3.07,Low,Extreme_Heat,Afternoon,Tue,Urban,0.9,0,3.8,4.08,Motorcycle,1,31.1,19.91
ORD101289,5.57,Low,Clear,Evening,Sun,Suburban,3.96,0,2.2,4.18,Scooter,0,21.9,23.08
ORD101290,1.5,Medium,Clear,Evening,Tue,Urban,1.65,0,5.7,4.44,Scooter,1,13.3,22.93
ORD101291,5.63,Low,Clear,Afternoon,Fri,Rural,2.28,1,0.4,4.88,Scooter,0,14.8,32.8
ORD101292,5.41,Medium,Extreme_Heat,Evening,Sun,Urban,0.48,1,1.5,4.23,Motorcycle,1,34.4,38.8
ORD101293,3.21,High,Clear,Evening,Sat,Suburban,5.49,0,2.3,3.95,Scooter,0,35.1,27.15
ORD101294,2.21,High,Fog,Morning,Sat,Urban,0.98,2,5.2,5.0,Scooter,0,44.4,38.5
ORD101295,3.87,Low,Fog,Morning,Tue,Urban,2.65,0,0.9,4.35,Motorcycle,0,63.2,25.96
ORD101296,5.27,Low,Clear,Afternoon,Sat,Rural,6.39,1,0.0,4.26,Motorcycle,0,78.3,26.53
ORD101297,2.32,Low,Clear,Morning,Thu,Urban,1.62,0,9.2,4.33,Scooter,0,27.8,8.44
ORD101298,3.58,Medium,Rain,Evening,Sun,Urban,1.62,1,0.1,3.8,Motorcycle,0,78.3,33.05
ORD101299,1.55,High,Clear,Morning,Sun,Urban,0.45,0,0.4,4.28,Scooter,0,22.5,19.71
ORD101300,6.11,Low,Rain,Afternoon,Sat,Urban,1.19,1,1.4,4.6,Electric_Two_Wheeler,0,99.0,38.21
ORD101301,9.35,Severe,Clear,Morning,Sun,Urban,4.03,1,1.7,4.79,Scooter,0,35.7,59.91
ORD101302,2.88,Low,Clear,Afternoon,Fri,Suburban,0.49,0,4.5,4.16,Electric_Two_Wheeler,0,85.4,11.66
ORD101303,2.48,Medium,Rain,Morning,Wed,Urban,5.19,0,1.5,4.38,Electric_Two_Wheeler,0,27.1,24.4
ORD101304,6.86,High,Clear,Morning,Fri,Suburban,2.4,1,2.0,4.8,Motorcycle,0,95.6,38.65
ORD101305,6.78,High,Clear,Morning,Mon,Urban,1.29,0,0.6,4.32,Scooter,0,84.4,35.47
ORD101306,5.73,High,Clear,Night,Thu,Suburban,1.78,0,2.1,4.59,Motorcycle,0,42.3,30.84
ORD101307,1.8,High,Clear,Morning,Wed,Suburban,0.53,0,1.1,4.47,Scooter,0,47.9,18.34
ORD101308,0.73,Medium,Clear,Evening,Tue,Urban,0.69,1,0.3,4.03,Electric_Two_Wheeler,1,10.3,19.39
ORD101309,3.48,High,Fog,Morning,Sun,Urban,0.87,1,7.3,3.93,Motorcycle,0,32.6,33.78
ORD101310,4.88,Low,Clear,Morning,Mon,Urban,1.17,0,0.2,4.72,Electric_Two_Wheeler,0,36.0,22.5
ORD101311,2.89,High,Clear,Afternoon,Mon,Suburban,5.14,2,2.8,3.23,Motorcycle,1,50.7,35.24
ORD101312,6.7,Medium,Rain,Afternoon,Thu,Suburban,1.12,1,6.0,4.03,Motorcycle,1,22.5,39.19
ORD101313,2.55,High,Clear,Night,Wed,Rural,1.68,1,0.5,3.74,Motorcycle,0,53.1,28.89
ORD101314,1.29,Medium,Clear,Night,Mon,Urban,0.55,1,0.7,4.72,Scooter,0,70.2,19.82
ORD101315,2.88,Medium,Extreme_Heat,Evening,Wed,Urban,2.86,0,1.4,4.85,Motorcycle,1,43.4,27.5
ORD101316,4.63,Medium,Rain,Evening,Wed,Urban,1.84,1,0.9,4.01,Motorcycle,1,30.9,36.79
ORD101317,1.98,High,Clear,Afternoon,Sat,Urban,1.36,0,3.6,5.0,Electric_Two_Wheeler,0,59.3,20.12
ORD101318,4.36,Low,Rain,Afternoon,Mon,Urban,6.08,0,1.0,4.85,Motorcycle,1,12.6,33.97
ORD101319,3.47,Low,Clear,Night,Wed,Urban,4.63,2,10.6,4.38,Electric_Two_Wheeler,0,40.7,18.2
ORD101320,9.23,Low,Rain,Evening,Thu,Suburban,2.35,0,4.9,4.9,Electric_Two_Wheeler,1,57.5,40.18
ORD101321,6.23,Low,Clear,Evening,Mon,Urban,5.3,0,5.6,4.04,Motorcycle,1,40.2,33.88
ORD101322,13.28,High,Clear,Morning,Thu,Suburban,1.86,0,0.2,4.19,Scooter,0,41.1,55.06
ORD101323,1.73,Low,Clear,Morning,Thu,Urban,3.71,1,0.5,4.49,Motorcycle,0,86.3,18.33
ORD101324,7.52,Severe,Clear,Night,Wed,Rural,1.25,1,0.5,4.02,Scooter,0,94.1,45.1
ORD101325,1.06,Medium,Clear,Afternoon,Wed,Rural,0.38,1,2.8,3.79,Scooter,1,84.5,22.72
ORD101326,6.54,Low,Extreme_Heat,Afternoon,Sat,Rural,10.48,0,0.0,3.92,Scooter,1,18.9,38.82
ORD101327,1.26,High,Clear,Morning,Sun,Suburban,0.56,1,4.1,4.22,Electric_Two_Wheeler,0,36.1,22.46
ORD101328,5.59,High,Clear,Evening,Sat,Suburban,0.78,1,2.0,4.49,Scooter,0,74.0,38.91
ORD101329,4.39,Medium,Clear,Morning,Mon,Suburban,0.56,0,2.1,4.16,Motorcycle,0,97.7,23.2
ORD101330,4.68,Medium,Clear,Evening,Sat,Urban,1.02,2,1.9,3.64,Motorcycle,1,31.8,33.24
ORD101331,0.98,High,Rain,Morning,Tue,Suburban,0.88,0,1.9,4.49,Motorcycle,0,90.8,19.1
ORD101332,5.36,Low,Clear,Night,Mon,Suburban,2.04,1,0.6,4.81,Motorcycle,0,76.5,23.82
ORD101333,1.29,Severe,Clear,Evening,Thu,Rural,11.49,0,0.8,4.04,Motorcycle,0,98.5,31.39
ORD101334,9.25,Severe,Clear,Morning,Sat,Urban,0.31,0,1.7,4.97,Scooter,0,18.4,55.1
ORD101335,2.46,High,Rain,Evening,Sat,Urban,3.21,0,2.8,4.65,Scooter,0,45.5,29.45
ORD101336,3.02,Low,Clear,Afternoon,Sun,Suburban,0.47,0,0.8,,Electric_Two_Wheeler,1,53.0,21.8
ORD101337,7.45,High,Clear,Morning,Sat,Rural,0.24,0,4.1,4.04,Scooter,0,70.5,33.72
ORD101338,3.95,Low,Clear,Night,Wed,Urban,2.24,0,4.2,4.17,Motorcycle,0,68.9,11.28
ORD101339,3.99,Low,Clear,Afternoon,Thu,Urban,4.33,2,0.8,4.23,Motorcycle,1,91.6,28.15
ORD101340,5.02,Low,Clear,Afternoon,Sat,Urban,0.59,0,2.1,3.32,Scooter,0,85.5,28.81
ORD101341,2.07,Medium,Rain,Morning,Fri,Urban,1.04,0,1.1,4.0,Electric_Two_Wheeler,0,15.0,26.04
ORD101342,2.44,High,Rain,Afternoon,Fri,Urban,0.57,0,0.5,4.08,Motorcycle,1,53.8,25.88
ORD101343,4.06,High,Fog,Night,Thu,Urban,4.94,0,4.1,5.0,Scooter,0,46.6,36.26
ORD101344,9.64,High,Clear,Afternoon,Sat,Suburban,0.83,0,11.9,4.39,Electric_Two_Wheeler,1,99.7,51.49
ORD101345,5.88,Medium,Clear,Night,Sun,Urban,1.38,1,2.1,3.98,Motorcycle,0,48.5,34.6
ORD101346,6.11,Medium,Clear,Night,Tue,Urban,4.7,2,6.1,4.12,Motorcycle,0,71.4,36.79
ORD101347,7.86,Medium,Extreme_Heat,Morning,Sun,Suburban,1.81,1,2.6,4.47,Motorcycle,0,35.6,34.11
ORD101348,6.72,Severe,Clear,Morning,Tue,Rural,5.6,0,2.1,4.15,Scooter,0,65.3,38.47
ORD101349,5.71,Low,Rain,Night,Mon,Rural,5.42,2,1.6,4.07,Motorcycle,0,28.6,28.48
ORD101350,3.45,High,Clear,Afternoon,Mon,Urban,1.44,0,0.7,4.08,Scooter,1,64.3,28.14
ORD101351,1.96,Medium,Clear,Morning,Sun,Rural,1.95,2,0.2,4.49,Motorcycle,0,88.1,17.45
ORD101352,2.14,Medium,Clear,Afternoon,Sat,Urban,0.72,0,1.5,3.75,Motorcycle,1,11.7,29.67
ORD101353,7.11,High,Clear,Evening,Sun,Suburban,9.52,0,2.1,3.87,Electric_Two_Wheeler,1,55.4,46.35
ORD101354,5.27,Medium,Extreme_Heat,Evening,Mon,Suburban,0.85,0,1.8,3.93,Motorcycle,0,98.4,33.19
ORD101355,0.7,High,Extreme_Heat,Morning,Wed,Urban,3.26,1,3.0,3.86,Scooter,0,24.3,18.71
ORD101356,3.89,Severe,Clear,Morning,Tue,Urban,0.95,2,0.5,3.97,Electric_Two_Wheeler,0,26.5,43.3
ORD101357,0.89,Medium,Clear,Night,Thu,Urban,0.95,0,1.1,4.66,Motorcycle,0,52.4,9.56
ORD101358,3.44,Low,Extreme_Heat,Evening,Sun,Suburban,0.42,0,1.3,4.71,Motorcycle,0,88.4,16.33
ORD101359,6.82,Medium,Rain,Evening,Sat,Urban,1.84,0,0.5,4.41,Scooter,0,60.6,41.64
ORD101360,5.27,Severe,Clear,Evening,Sat,Suburban,0.76,0,5.9,4.39,Electric_Two_Wheeler,1,55.8,41.84
ORD101361,3.05,Low,Clear,Afternoon,Fri,Urban,0.52,0,2.9,4.03,Electric_Two_Wheeler,1,17.8,23.77
ORD101362,4.25,Medium,Clear,Evening,Tue,Urban,0.71,3,0.2,3.47,Motorcycle,0,96.6,31.56
ORD101363,2.46,Medium,Clear,Afternoon,Tue,Rural,0.78,1,3.1,4.36,Electric_Two_Wheeler,1,41.2,24.31
ORD101364,1.64,High,Clear,Morning,Tue,Suburban,1.6,0,2.0,4.42,Scooter,0,32.7,20.5
ORD101365,2.35,Low,Clear,Evening,Sun,Rural,1.18,2,1.9,4.03,Electric_Two_Wheeler,1,47.1,21.37
ORD101366,6.42,High,Clear,Afternoon,Mon,Urban,0.36,0,11.5,3.87,Motorcycle,1,47.3,37.99
ORD101367,7.62,Severe,Clear,Night,Wed,Urban,1.74,0,2.4,3.79,Scooter,0,51.3,43.06
ORD101368,6.63,Low,Clear,Afternoon,Sun,Urban,3.3,0,5.7,4.37,Motorcycle,1,72.0,25.74
ORD101369,6.18,Low,Fog,Night,Thu,Urban,1.91,0,6.1,4.33,Motorcycle,0,88.1,40.32
ORD101370,1.87,Severe,Rain,Night,Mon,Urban,7.54,0,0.3,4.78,Scooter,0,15.2,38.74
ORD101371,3.23,Low,Clear,Morning,Sun,Suburban,0.41,3,0.0,3.98,Scooter,0,54.2,25.36
ORD101372,3.43,High,Extreme_Heat,Evening,Wed,Urban,3.64,0,1.4,4.18,Scooter,1,47.3,37.29
ORD101373,2.79,Medium,Extreme_Heat,Afternoon,Tue,Urban,1.61,0,3.7,4.31,Scooter,0,11.0,20.87
ORD101374,1.98,Low,Clear,Night,Wed,Urban,1.67,1,4.3,4.08,Scooter,0,83.5,15.41
ORD101375,4.38,High,Clear,Afternoon,Mon,Suburban,1.66,1,3.9,4.64,Scooter,1,19.4,41.25
ORD101376,4.28,Medium,Rain,Evening,Sun,Suburban,0.99,0,1.5,4.8,Scooter,0,20.3,25.22
ORD101377,3.16,Medium,Fog,Afternoon,Tue,Urban,0.98,0,3.5,3.86,Electric_Two_Wheeler,1,14.3,33.47
ORD101378,8.69,Medium,Extreme_Heat,Morning,Sun,Urban,2.2,1,3.2,4.12,Motorcycle,0,28.0,41.94
ORD101379,2.88,Medium,Fog,Morning,Mon,Urban,0.29,0,0.9,4.83,Scooter,0,25.9,30.62
ORD101380,3.58,Low,Rain,Afternoon,Thu,Rural,1.98,0,0.5,4.43,Electric_Two_Wheeler,1,41.3,26.92
ORD101381,1.49,Medium,Clear,Evening,Tue,Rural,2.78,1,2.4,4.35,Motorcycle,0,69.3,20.34
ORD101382,5.76,Severe,Clear,Evening,Wed,Suburban,1.08,1,2.8,4.44,Motorcycle,1,14.9,52.07
ORD101383,7.46,Low,Clear,Evening,Mon,Urban,0.69,0,2.1,4.56,Motorcycle,0,87.4,31.02
ORD101384,1.37,High,Clear,Afternoon,Fri,Urban,0.68,0,0.6,4.46,Scooter,0,39.4,20.99
ORD101385,5.03,Medium,Rain,Afternoon,Wed,Suburban,0.37,0,0.8,4.39,Scooter,0,64.6,32.66
ORD101386,3.05,High,Clear,Morning,Wed,Rural,0.39,3,3.1,4.3,Scooter,0,11.1,36.8
ORD101387,5.96,Low,,Evening,Tue,Rural,0.56,0,8.2,4.84,Motorcycle,1,42.9,34.53
ORD101388,4.46,Severe,Clear,Night,Sun,Suburban,0.24,1,7.2,4.19,Motorcycle,0,10.2,35.32
ORD101389,4.46,Medium,Clear,Afternoon,Sat,Urban,0.82,2,1.8,4.3,Motorcycle,0,24.9,26.27
ORD101390,4.27,Low,,Morning,Wed,Rural,0.93,0,5.4,4.92,Scooter,0,50.3,12.0
ORD101391,10.02,Low,Clear,Morning,Mon,Suburban,10.89,1,0.1,4.43,Motorcycle,0,58.2,45.57
ORD101392,1.65,Low,Rain,Evening,Fri,Suburban,9.78,0,4.9,4.27,Motorcycle,1,23.8,24.59
ORD101393,0.9,Medium,Rain,Evening,Thu,Urban,0.61,0,1.6,,Electric_Two_Wheeler,1,77.1,21.83
ORD101394,5.8,Medium,Extreme_Heat,Evening,Fri,Urban,0.68,0,3.8,4.39,Scooter,1,27.0,36.48
ORD101395,1.87,High,Clear,Afternoon,Mon,Urban,1.55,1,0.0,4.0,Electric_Two_Wheeler,0,20.4,22.5
ORD101396,6.05,Medium,Clear,Evening,Tue,Urban,0.52,2,5.1,4.4,Motorcycle,1,40.0,41.44
ORD101397,5.65,Low,Clear,Evening,Mon,Urban,1.6,1,2.3,3.98,Motorcycle,1,59.6,31.62
ORD101398,2.32,Medium,Clear,Afternoon,Sat,Suburban,1.22,1,0.7,5.0,Motorcycle,0,99.0,25.68
ORD101399,15.08,High,Fog,Afternoon,Sat,Urban,0.98,0,1.1,4.4,Scooter,1,47.7,85.61
ORD101400,8.32,Low,Rain,Morning,Sat,Urban,3.66,1,0.6,3.92,Electric_Two_Wheeler,0,48.3,47.27
ORD101401,3.65,Low,Fog,Afternoon,Wed,Urban,3.72,2,1.4,4.14,Scooter,1,15.3,40.62
ORD101402,4.33,Low,Clear,Night,Tue,Urban,9.03,0,1.0,4.6,Motorcycle,0,78.9,27.15
ORD101403,7.22,High,Fog,Afternoon,Sun,Rural,0.7,1,1.9,3.86,Scooter,1,26.4,50.18
ORD101404,1.73,High,Clear,Evening,Sat,Urban,4.58,0,4.2,5.0,Scooter,0,77.0,20.21
ORD101405,5.05,Medium,Fog,Evening,Sun,Urban,1.74,0,10.1,3.72,Motorcycle,0,92.0,26.94
ORD101406,3.6,High,Clear,Morning,Thu,Rural,1.99,0,0.7,4.67,Electric_Two_Wheeler,0,79.1,25.08
ORD101407,8.48,High,Clear,Evening,Thu,Suburban,4.73,0,0.3,4.11,Motorcycle,0,67.8,37.05
ORD101408,1.17,Medium,Clear,Afternoon,Sun,Urban,5.92,0,1.3,3.98,Electric_Two_Wheeler,1,64.4,17.98
ORD101409,4.51,High,Extreme_Heat,Afternoon,Mon,Suburban,2.8,0,0.4,4.52,Motorcycle,0,50.8,32.38
ORD101410,1.72,Low,Clear,Morning,Sat,Suburban,1.05,3,4.5,4.12,Scooter,0,23.0,17.38
ORD101411,5.1,Low,Clear,Afternoon,Wed,Suburban,1.55,0,1.7,4.94,Scooter,1,80.1,27.75
ORD101412,3.96,Low,Fog,Morning,Thu,Urban,2.11,0,2.4,3.74,Motorcycle,0,53.0,30.64
ORD101413,4.23,Low,Clear,Morning,Fri,Rural,3.73,2,0.4,4.52,Scooter,0,66.3,21.18
ORD101414,6.26,Medium,Clear,Afternoon,Tue,Urban,2.35,0,3.5,4.19,Motorcycle,0,43.7,31.47
ORD101415,5.4,Severe,Clear,Afternoon,Fri,Urban,1.11,0,9.1,4.42,Scooter,0,28.1,34.08
ORD101416,2.49,Low,Clear,Night,Sun,Urban,1.28,0,1.6,4.51,Scooter,0,82.6,10.58
ORD101417,0.99,Low,Extreme_Heat,Afternoon,Thu,Urban,0.3,0,8.2,3.61,Motorcycle,0,40.8,10.65
ORD101418,1.25,Medium,Rain,Evening,Thu,Rural,5.36,2,0.1,4.39,Motorcycle,0,88.0,28.76
ORD101419,2.56,Severe,Clear,Afternoon,Mon,Suburban,0.38,0,0.1,4.74,Scooter,0,96.9,25.07
ORD101420,4.29,Medium,Extreme_Heat,Evening,Mon,Urban,1.93,1,8.0,4.49,Scooter,1,84.7,40.55
ORD101421,3.74,Medium,Clear,Afternoon,Sat,Urban,4.31,1,3.0,4.15,Scooter,1,21.5,29.19
ORD101422,4.37,Low,Clear,Night,Sun,Urban,1.29,0,0.5,3.73,Scooter,0,87.0,22.07
ORD101423,7.38,Low,Clear,Afternoon,Tue,Rural,3.42,0,1.1,4.5,Motorcycle,1,56.7,28.35
ORD101424,2.65,Severe,Clear,Evening,Sat,Suburban,3.46,1,1.8,5.0,Motorcycle,1,31.7,37.17
ORD101425,6.01,Severe,Clear,Afternoon,Mon,Suburban,0.32,0,3.0,4.56,Scooter,1,18.4,51.44
ORD101426,4.19,Low,Extreme_Heat,Morning,Wed,Suburban,1.26,0,4.6,4.76,Scooter,0,35.1,25.2
ORD101427,7.82,Severe,Rain,Evening,Tue,Suburban,2.55,1,0.2,4.67,Scooter,1,22.4,55.39
ORD101428,4.47,Medium,Clear,Morning,Wed,Suburban,1.3,0,2.7,4.14,Scooter,0,12.3,23.11
ORD101429,9.39,High,,Afternoon,Sat,Urban,1.78,0,1.6,4.34,Motorcycle,1,98.9,62.36
ORD101430,5.69,Medium,Rain,Morning,Mon,Suburban,2.01,2,2.3,4.65,Scooter,0,84.8,38.45
ORD101431,6.88,Medium,Extreme_Heat,Evening,Tue,Suburban,0.53,1,1.8,3.67,Scooter,1,76.5,43.55
ORD101432,2.58,Medium,Fog,Night,Sat,Suburban,1.26,0,1.5,4.56,Motorcycle,0,27.4,29.11
ORD101433,7.72,High,Clear,Afternoon,Thu,Rural,0.26,1,0.6,4.8,Scooter,1,12.5,48.36
ORD101434,9.49,Low,Rain,Evening,Sat,Suburban,0.52,0,1.6,4.28,Motorcycle,1,53.7,36.84
ORD101435,5.31,Low,Clear,Afternoon,Sun,Suburban,1.64,0,0.5,4.63,Motorcycle,1,76.8,28.35
ORD101436,3.25,Medium,Clear,Afternoon,Fri,Rural,1.9,1,0.1,4.08,Scooter,0,96.7,27.63
ORD101437,7.01,High,Clear,Night,Thu,Urban,0.52,1,1.2,4.32,Motorcycle,0,85.9,43.16
ORD101438,5.97,Low,Clear,Night,Wed,Urban,3.02,0,0.1,4.19,Motorcycle,0,90.4,23.92
ORD101439,11.17,High,Clear,Evening,Thu,Suburban,1.13,0,2.1,4.48,Motorcycle,1,31.5,50.62
ORD101440,5.2,Severe,Clear,Afternoon,Sat,Urban,5.27,2,0.2,4.26,Motorcycle,1,24.0,51.99
ORD101441,3.63,Low,Clear,Afternoon,Thu,Suburban,1.18,0,1.4,3.63,Motorcycle,0,32.3,18.92
ORD101442,4.15,High,Rain,Morning,Fri,Suburban,0.52,0,9.8,4.01,Electric_Two_Wheeler,0,22.5,39.68
ORD101443,2.27,Medium,Clear,Afternoon,Sun,Suburban,3.04,0,0.0,5.0,Motorcycle,1,81.9,21.11
ORD101444,3.19,High,Clear,Afternoon,Sat,Rural,1.88,0,1.1,4.53,Electric_Two_Wheeler,0,91.3,24.82
ORD101445,1.12,Low,Clear,Evening,Fri,Urban,1.18,0,2.8,3.46,Scooter,1,37.7,9.07
ORD101446,3.54,High,Extreme_Heat,Night,Thu,Suburban,1.08,2,0.4,4.78,Motorcycle,0,88.9,30.44
ORD101447,7.1,High,Clear,Afternoon,Fri,Suburban,0.53,1,2.1,3.84,Scooter,1,15.0,45.18
ORD101448,11.86,Severe,Clear,Morning,Thu,Urban,1.03,0,0.7,4.66,Scooter,0,71.0,65.46
ORD101449,3.08,High,Clear,Night,Tue,Urban,0.26,1,0.6,4.82,Motorcycle,0,57.5,28.99
ORD101450,5.55,Medium,Fog,Morning,Thu,Suburban,1.6,0,5.6,4.34,Motorcycle,0,34.9,33.42
ORD101451,3.63,Medium,Extreme_Heat,Evening,Mon,Suburban,4.74,0,0.6,3.9,Scooter,0,79.1,23.16
ORD101452,3.04,High,Clear,Morning,Fri,Suburban,3.37,2,1.2,4.01,Motorcycle,0,29.1,30.92
ORD101453,1.93,Medium,Clear,Afternoon,Sun,Urban,0.26,1,0.5,4.55,Motorcycle,1,47.5,24.27
ORD101454,8.95,Low,Extreme_Heat,Night,Fri,Urban,4.46,2,0.8,3.85,Scooter,0,73.9,43.31
ORD101455,1.36,Severe,Clear,Morning,Wed,Urban,1.4,1,0.9,4.07,Scooter,0,40.4,25.26
ORD101456,4.98,High,Rain,Afternoon,Sun,Urban,0.62,2,1.0,4.51,Scooter,0,87.0,49.75
ORD101457,1.57,High,Clear,Afternoon,Sun,Rural,2.99,0,2.6,4.04,Scooter,1,87.9,20.59
ORD101458,2.7,Low,Clear,Night,Wed,Urban,0.98,0,3.4,4.87,Motorcycle,0,28.2,13.67
ORD101459,8.67,High,Clear,Night,Mon,Rural,0.78,0,1.8,3.88,Scooter,0,49.6,41.02
ORD101460,1.89,Medium,Clear,Morning,Fri,Rural,0.55,0,2.4,2.98,Scooter,0,48.9,13.28
ORD101461,4.7,High,Rain,Morning,Sun,Rural,1.53,0,4.2,3.99,Motorcycle,0,46.9,34.72
ORD101462,7.73,Low,Extreme_Heat,Evening,Fri,Urban,0.4,0,15.0,4.42,Motorcycle,0,55.2,29.22
ORD101463,4.89,High,Clear,Afternoon,Sun,Rural,3.28,2,1.5,4.65,Scooter,0,16.7,41.34
ORD101464,5.03,Severe,,Evening,Wed,Urban,1.47,0,6.9,4.14,Scooter,1,88.3,51.24
ORD101465,4.85,Low,Clear,Morning,Wed,Urban,1.38,0,1.7,4.19,Scooter,0,36.1,22.61
ORD101466,6.79,Severe,Clear,Morning,Thu,Urban,0.2,1,3.8,4.29,Motorcycle,0,10.2,49.85
ORD101467,7.6,Medium,Clear,Evening,Sat,Rural,3.61,3,2.1,5.0,Electric_Two_Wheeler,0,71.7,42.24
ORD101468,4.52,High,Extreme_Heat,Morning,Fri,Urban,1.56,0,5.4,4.45,Motorcycle,0,68.5,32.98
ORD101469,4.08,High,Rain,Night,Fri,Urban,1.36,1,1.5,4.1,Scooter,0,98.5,28.29
ORD101470,1.51,Medium,Rain,Morning,Sun,Urban,3.07,1,3.0,5.0,Motorcycle,0,74.7,22.4
ORD101471,2.31,High,Fog,Morning,Thu,Urban,0.33,0,1.6,4.3,Scooter,0,39.9,31.71
ORD101472,4.78,High,Rain,Night,Fri,Urban,1.11,1,4.9,3.47,Scooter,0,95.7,36.73
ORD101473,1.17,Medium,Extreme_Heat,Afternoon,Sun,Suburban,1.91,1,12.9,3.75,Scooter,0,42.9,14.01
ORD101474,2.17,Medium,Rain,Evening,Mon,Suburban,1.43,0,0.7,4.52,Motorcycle,0,83.9,21.24
ORD101475,3.11,High,Extreme_Heat,Morning,Wed,Rural,0.6,4,1.6,3.59,Motorcycle,0,40.2,44.74
ORD101476,1.75,High,Clear,Evening,Wed,Suburban,0.91,0,0.2,4.5,Motorcycle,0,14.4,24.27
ORD101477,2.21,High,Clear,Evening,Sat,Rural,0.91,0,0.4,3.99,Motorcycle,0,76.0,21.74
ORD101478,5.02,High,Clear,Afternoon,Wed,Urban,9.85,0,6.6,4.77,Scooter,1,41.5,34.77
ORD101479,3.59,Medium,Clear,Evening,Tue,Suburban,0.99,0,2.0,4.37,Scooter,1,40.5,23.24
ORD101480,5.85,High,Clear,Evening,Mon,Suburban,0.66,0,1.3,3.65,Motorcycle,0,74.4,35.4
ORD101481,3.02,Low,Clear,Afternoon,Mon,Urban,3.66,0,2.8,4.67,Motorcycle,0,39.0,17.9
ORD101482,3.56,Medium,Rain,Evening,Thu,Suburban,1.29,0,2.1,4.85,Motorcycle,1,20.6,26.76
ORD101483,4.45,Low,Clear,Evening,Tue,Suburban,1.37,0,0.9,3.79,Scooter,1,46.4,28.96
ORD101484,2.29,Medium,Clear,Morning,Fri,Suburban,1.79,0,0.6,3.98,Motorcycle,0,84.1,14.13
ORD101485,5.2,Medium,Clear,Afternoon,Sat,Suburban,2.01,1,2.2,4.5,Scooter,0,21.7,30.0
ORD101486,1.94,Medium,Extreme_Heat,Afternoon,Mon,Urban,1.99,2,0.5,4.57,Motorcycle,1,59.9,40.49
ORD101487,2.46,High,Clear,Afternoon,Tue,Suburban,0.27,2,0.4,5.0,Motorcycle,1,21.9,33.15
ORD101488,2.74,Medium,Clear,Evening,Tue,Urban,3.62,0,1.0,4.66,Electric_Two_Wheeler,0,14.4,21.95
ORD101489,2.56,Medium,Rain,Afternoon,Sun,Suburban,0.63,1,4.9,5.0,Scooter,1,44.1,28.93
ORD101490,3.99,Low,Rain,Night,Mon,Suburban,0.89,0,0.1,4.31,Motorcycle,0,69.2,24.89
ORD101491,2.56,Medium,Clear,Afternoon,Sun,Rural,0.58,2,4.5,4.45,Motorcycle,0,34.7,26.73
ORD101492,3.39,Low,Clear,Afternoon,Thu,Urban,3.11,2,2.4,4.07,Scooter,0,50.1,23.62
ORD101493,7.31,Low,Clear,Evening,Tue,Urban,1.95,1,0.1,4.09,Scooter,1,54.2,39.58
ORD101494,7.7,Medium,Extreme_Heat,Afternoon,Wed,Urban,3.02,0,2.3,4.36,Motorcycle,0,85.7,43.18
ORD101495,0.57,High,Clear,Afternoon,Tue,Urban,2.32,0,1.4,4.07,Scooter,1,83.7,17.5
ORD101496,5.02,Medium,Clear,Morning,Fri,Suburban,0.42,0,4.6,3.27,Scooter,0,10.2,26.22
ORD101497,1.02,Medium,Clear,Afternoon,Mon,Suburban,0.92,0,5.9,4.03,Electric_Two_Wheeler,1,47.3,13.77
ORD101498,5.23,Medium,Clear,Afternoon,Fri,Suburban,1.62,0,0.8,4.73,Motorcycle,1,69.0,30.17
ORD101499,6.61,High,Rain,Night,Thu,Suburban,0.93,2,3.8,4.33,Scooter,0,86.7,44.32
ORD101500,2.83,Medium,Clear,Afternoon,Sat,Urban,0.66,1,0.9,4.33,Motorcycle,1,14.4,25.7
ORD101501,7.83,Medium,Clear,Night,Wed,Urban,4.28,0,0.9,3.99,Motorcycle,0,66.5,30.53
ORD101502,2.34,Low,Clear,Evening,Mon,Urban,2.95,0,0.5,4.43,Motorcycle,0,85.8,12.72
ORD101503,7.09,Medium,Clear,Afternoon,Tue,Suburban,1.05,0,2.8,4.96,Motorcycle,0,33.0,31.73
ORD101504,6.51,Medium,Clear,Afternoon,Wed,Suburban,3.1,1,0.8,4.86,Motorcycle,0,28.5,36.0
ORD101505,1.46,Medium,Fog,Evening,Tue,Suburban,2.18,0,1.6,4.45,Scooter,1,52.1,22.69
ORD101506,2.99,Medium,Rain,Night,Thu,Urban,0.21,0,4.2,3.96,Motorcycle,0,96.6,25.68
ORD101507,1.31,Medium,Extreme_Heat,Morning,Sat,Urban,1.16,2,3.9,5.0,Scooter,0,72.4,25.09
ORD101508,1.78,Medium,Fog,Afternoon,Mon,Rural,0.89,1,4.8,,Scooter,1,48.2,30.66
ORD101509,7.98,High,Rain,Afternoon,Thu,Urban,0.69,1,0.4,3.71,Motorcycle,0,11.9,55.63
ORD101510,5.21,High,Clear,Morning,Thu,Suburban,0.78,0,2.2,3.6,Scooter,0,60.1,23.46
ORD101511,2.55,High,Rain,Evening,Sat,Urban,5.91,2,6.2,3.73,Motorcycle,0,41.4,35.08
ORD101512,1.05,Severe,Fog,Night,Thu,Urban,1.53,0,0.1,4.1,Motorcycle,0,26.7,33.44
ORD101513,1.26,Low,Rain,Afternoon,Thu,Suburban,3.96,0,4.0,4.66,Scooter,1,55.0,21.25
ORD101514,3.42,Low,Clear,Evening,Tue,Urban,0.68,1,0.7,4.65,Scooter,1,40.7,30.89
ORD101515,8.23,Low,Clear,Evening,Sun,Suburban,0.58,2,2.8,4.44,Motorcycle,1,13.5,43.7
ORD101516,6.06,Medium,Fog,Afternoon,Fri,Suburban,4.59,1,3.2,4.24,Electric_Two_Wheeler,0,75.3,38.06
ORD101517,3.51,High,Rain,Morning,Tue,Urban,1.57,1,6.5,5.0,Motorcycle,0,75.9,35.16
ORD101518,3.51,Low,Extreme_Heat,Evening,Sat,Suburban,4.71,0,1.8,4.31,Motorcycle,0,65.7,19.32
ORD101519,4.49,Severe,Clear,Night,Wed,Suburban,0.33,0,4.7,4.27,Scooter,0,85.7,35.66
ORD101520,7.38,Low,Clear,Evening,Sat,Urban,5.16,1,0.1,4.1,Scooter,0,28.3,37.56
ORD101521,2.02,Severe,Clear,Morning,Sat,Suburban,1.27,1,1.4,5.0,Motorcycle,0,35.8,30.71
ORD101522,4.45,Medium,Rain,Morning,Sat,Suburban,0.54,0,1.4,4.59,Scooter,0,51.3,30.9
ORD101523,1.73,Low,Clear,Morning,Sat,Urban,2.5,0,1.9,3.89,Electric_Two_Wheeler,0,15.4,12.8
ORD101524,4.23,Medium,Clear,Evening,Thu,Rural,3.39,0,1.6,3.84,Motorcycle,1,89.5,20.94
ORD101525,3.48,Low,Extreme_Heat,Evening,Sat,Urban,0.3,0,8.6,3.63,Motorcycle,0,54.2,14.7
ORD101526,1.34,Low,Clear,Morning,Wed,Suburban,8.92,1,0.2,4.26,Motorcycle,0,39.2,8.46
ORD101527,4.5,Medium,Fog,Evening,Sat,Suburban,2.59,0,0.8,3.7,Motorcycle,0,53.0,36.99
ORD101528,2.75,High,Clear,Evening,Tue,Urban,0.98,0,8.7,3.83,Motorcycle,1,39.3,30.87
ORD101529,2.98,Medium,Fog,Evening,Thu,Urban,0.53,0,1.5,4.73,Electric_Two_Wheeler,0,35.8,31.41
ORD101530,2.16,Medium,Clear,Night,Tue,Urban,1.2,0,2.1,4.66,Electric_Two_Wheeler,0,50.3,16.27
ORD101531,4.17,Medium,Extreme_Heat,Morning,Thu,Urban,0.7,1,0.2,4.9,Electric_Two_Wheeler,0,53.4,34.42
ORD101532,4.0,High,Extreme_Heat,Night,Tue,Suburban,1.56,0,0.8,3.71,Motorcycle,0,49.0,32.99
ORD101533,5.88,Low,Clear,Morning,Mon,Suburban,3.25,2,0.1,3.9,Motorcycle,0,59.3,26.54
ORD101534,4.8,Medium,Clear,Afternoon,Fri,Urban,2.36,1,0.4,4.05,Motorcycle,0,80.5,27.96
ORD101535,2.18,Low,Clear,Night,Fri,Suburban,1.35,1,2.5,4.96,Scooter,0,15.2,19.1
ORD101536,6.07,Low,Rain,Night,Thu,Rural,0.45,2,3.6,4.33,Scooter,0,83.0,32.17
ORD101537,6.98,High,Fog,Afternoon,Mon,Suburban,6.5,0,5.1,5.0,Scooter,1,30.6,46.49
ORD101538,2.37,Low,Clear,Evening,Wed,Suburban,0.83,0,0.7,4.55,Scooter,0,32.7,15.74
ORD101539,3.12,Medium,Rain,Evening,Mon,Suburban,0.85,2,1.0,,Scooter,1,64.0,34.67
ORD101540,2.71,High,Clear,Evening,Sun,Urban,2.27,0,2.1,4.53,Scooter,0,97.8,31.87
ORD101541,3.89,Low,Fog,Morning,Thu,Urban,3.14,1,0.2,3.61,Electric_Two_Wheeler,0,11.6,38.4
ORD101542,2.25,Medium,Extreme_Heat,Evening,Mon,Suburban,8.49,0,4.1,3.48,Motorcycle,0,70.6,19.95
ORD101543,5.81,Low,Clear,Afternoon,Wed,Urban,7.16,0,1.7,4.4,Scooter,1,72.7,36.41
ORD101544,1.94,Severe,Clear,Afternoon,Thu,Suburban,5.1,0,8.4,4.31,Scooter,0,61.6,25.73
ORD101545,2.94,Medium,Clear,Afternoon,Fri,Suburban,1.34,0,0.3,5.0,Motorcycle,0,10.9,19.68
ORD101546,4.7,High,Clear,Afternoon,Sat,Suburban,0.56,0,0.4,3.75,Motorcycle,1,64.6,40.76
ORD101547,3.89,Medium,Clear,Night,Mon,Urban,1.96,0,1.1,4.45,Electric_Two_Wheeler,0,20.4,24.73
ORD101548,4.01,Low,Clear,Afternoon,Fri,Urban,0.23,1,0.6,4.58,Electric_Two_Wheeler,1,17.0,27.72
ORD101549,1.81,Medium,Clear,Night,Fri,Urban,0.64,1,3.0,4.44,Electric_Two_Wheeler,0,72.6,20.37
ORD101550,3.5,Severe,Clear,Morning,Tue,Urban,0.21,2,7.3,4.74,Scooter,0,73.0,44.29
ORD101551,6.79,Medium,Clear,Evening,Wed,Urban,0.6,1,0.2,4.05,Scooter,1,90.1,42.64
ORD101552,5.63,High,Clear,Evening,Sun,Suburban,1.49,1,0.7,4.63,Motorcycle,0,10.3,38.38
ORD101553,3.15,High,Clear,Evening,Sat,Urban,1.2,0,0.7,4.52,Scooter,1,44.1,30.03
ORD101554,3.85,Low,Rain,Evening,Mon,Urban,1.12,0,1.8,4.77,Motorcycle,1,11.1,33.22
ORD101555,4.32,Low,Rain,Evening,Fri,Urban,3.76,0,1.5,4.1,Motorcycle,1,42.8,28.75
ORD101556,7.89,Medium,Clear,Night,Fri,Urban,2.45,0,3.2,3.83,Motorcycle,0,54.2,34.46
ORD101557,2.84,Medium,Clear,Evening,Sun,Urban,5.71,2,3.3,4.05,Scooter,1,57.7,30.3
ORD101558,5.57,High,Rain,Morning,Wed,Urban,1.38,0,2.1,3.87,Motorcycle,0,42.0,40.66
ORD101559,3.89,Severe,Extreme_Heat,Evening,Sat,Rural,0.84,3,2.2,4.07,Motorcycle,1,75.3,53.54
ORD101560,6.78,Medium,Clear,Afternoon,Sat,Urban,0.46,2,4.6,4.17,Electric_Two_Wheeler,1,47.4,44.09
ORD101561,7.2,Low,Clear,Afternoon,Sun,Suburban,2.43,0,1.3,3.94,Scooter,1,56.5,35.51
ORD101562,4.04,High,Clear,Night,Fri,Rural,3.89,0,0.0,4.3,Electric_Two_Wheeler,0,82.0,24.24
ORD101563,2.56,Low,Clear,Afternoon,Fri,Urban,0.61,0,0.6,3.83,Motorcycle,0,25.7,16.8
ORD101564,6.66,High,Clear,Evening,Fri,Suburban,4.42,1,0.1,4.27,Motorcycle,1,38.9,47.95
ORD101565,3.8,Medium,Clear,Afternoon,Fri,Urban,1.69,2,1.3,4.1,Motorcycle,1,56.9,34.72
ORD101566,1.6,High,Rain,Morning,Tue,Urban,0.51,1,1.1,4.25,Motorcycle,0,79.1,30.94
ORD101567,1.36,Low,Clear,Afternoon,Tue,Urban,2.26,0,0.3,4.46,Scooter,0,48.3,8.87
ORD101568,3.81,Medium,Clear,Morning,Sun,Urban,1.67,1,3.5,4.13,Scooter,0,16.5,29.73
ORD101569,0.73,Medium,Clear,Evening,Sat,Urban,0.26,0,2.0,3.99,Electric_Two_Wheeler,0,99.0,5.0
ORD101570,2.74,Medium,Clear,Afternoon,Thu,Urban,1.22,1,0.6,4.04,Motorcycle,0,73.7,17.86
ORD101571,6.95,Low,Clear,Afternoon,Mon,Suburban,3.27,1,3.6,4.71,Scooter,1,75.0,36.62
ORD101572,7.72,High,Clear,Morning,Wed,Rural,1.82,0,2.8,4.81,Motorcycle,0,51.9,29.13
ORD101573,6.95,High,Fog,Afternoon,Thu,Urban,0.86,2,0.5,4.09,Scooter,1,59.2,58.04
ORD101574,3.86,Low,Clear,Evening,Tue,Urban,5.48,1,10.2,4.24,Scooter,0,99.5,24.47
ORD101575,2.17,Low,Rain,Morning,Tue,Urban,0.74,0,0.5,3.62,Motorcycle,0,63.6,22.33
ORD101576,7.39,Low,Extreme_Heat,Evening,Tue,Urban,0.78,0,3.7,4.23,Scooter,1,29.7,46.71
ORD101577,4.22,Medium,Clear,Night,Thu,Suburban,1.08,2,8.6,3.72,Scooter,0,96.8,27.31
ORD101578,1.56,Medium,,Evening,Tue,Urban,4.7,1,3.2,4.1,Motorcycle,1,58.4,22.68
ORD101579,3.99,Medium,Clear,Evening,Thu,Urban,1.62,0,2.7,4.73,Motorcycle,1,11.9,30.31
ORD101580,6.71,Low,Fog,Morning,Tue,Suburban,2.49,2,5.8,3.7,Scooter,0,61.6,36.81
ORD101581,0.95,Medium,Extreme_Heat,Afternoon,Fri,Suburban,7.68,1,0.8,3.94,Scooter,0,16.3,22.09
ORD101582,3.42,Medium,Rain,Night,Fri,Urban,3.26,0,0.8,3.94,Scooter,0,57.5,23.88
ORD101583,8.29,Medium,Clear,Evening,Mon,Suburban,0.58,2,2.6,3.63,Scooter,1,84.3,50.54
ORD101584,3.84,Severe,Rain,Evening,Tue,Urban,3.31,0,5.3,4.65,Scooter,1,58.5,47.2
ORD101585,1.82,Low,Clear,Evening,Sun,Urban,2.96,0,2.4,4.41,Scooter,0,43.6,7.93
ORD101586,6.26,High,Clear,Afternoon,Mon,Urban,0.73,1,9.4,5.0,Scooter,1,89.4,40.4
ORD101587,5.27,Medium,Clear,Morning,Thu,Urban,0.99,2,0.6,3.9,Motorcycle,0,93.5,36.83
ORD101588,4.22,Medium,Clear,Evening,Mon,Rural,2.68,1,4.4,3.59,Scooter,0,41.3,23.95
ORD101589,1.86,High,Rain,Evening,Tue,Urban,0.74,0,6.6,4.68,Scooter,1,54.9,26.96
ORD101590,4.58,High,Clear,Afternoon,Thu,Urban,0.67,0,1.4,4.16,Scooter,1,98.5,36.05
ORD101591,5.58,Severe,Clear,Night,Sun,Urban,2.63,1,8.2,4.11,Scooter,0,26.0,44.35
ORD101592,1.55,Low,,Afternoon,Thu,Urban,4.45,1,0.6,4.89,Motorcycle,0,36.8,16.74
ORD101593,4.47,Low,Fog,Afternoon,Fri,Suburban,0.36,0,7.6,4.37,Scooter,1,48.6,35.59
ORD101594,3.22,High,Rain,Night,Thu,Urban,1.38,2,5.8,4.66,Scooter,0,19.1,40.25
ORD101595,1.21,Medium,Clear,Evening,Thu,Urban,2.07,0,0.2,4.05,Scooter,1,34.5,15.27
ORD101596,3.32,Low,Clear,Afternoon,Mon,Suburban,2.46,0,1.8,,Motorcycle,1,59.0,17.26
ORD101597,2.89,Low,Clear,Morning,Sun,Urban,11.34,0,1.9,4.15,Scooter,0,30.6,23.46
ORD101598,3.54,Low,Extreme_Heat,Morning,Sat,Urban,2.5,1,0.1,4.57,Motorcycle,0,71.8,30.24
ORD101599,2.66,High,Clear,Evening,Thu,Urban,2.14,1,0.1,4.32,Scooter,1,41.3,32.84
ORD101600,1.35,Low,Clear,Afternoon,Wed,Urban,9.36,0,0.0,4.49,Scooter,1,18.1,21.65
ORD101601,8.01,Medium,Clear,Evening,Sat,Urban,0.33,0,1.9,3.26,Motorcycle,0,78.8,38.19
ORD101602,14.14,Low,Clear,Night,Fri,Urban,0.35,0,1.6,,Motorcycle,0,61.1,54.9
ORD101603,2.95,Medium,Fog,Evening,Sun,Suburban,1.85,0,7.1,3.44,Motorcycle,1,84.2,24.89
ORD101604,3.8,Low,Clear,Afternoon,Sun,Suburban,1.09,1,1.0,4.15,Scooter,1,42.4,27.46
ORD101605,13.94,Medium,Clear,Evening,Fri,Suburban,0.4,1,2.7,3.74,Motorcycle,0,11.7,63.47
ORD101606,1.84,Low,Clear,Afternoon,Thu,Suburban,0.93,0,0.0,4.98,Scooter,0,14.2,14.25
ORD101607,2.56,High,Clear,Morning,Mon,Urban,2.44,0,2.7,4.29,Motorcycle,0,81.6,22.22
ORD101608,4.92,Low,Extreme_Heat,Morning,Sat,Suburban,4.45,1,6.1,4.39,Motorcycle,0,47.0,24.24
ORD101609,4.35,Medium,Clear,Afternoon,Fri,Urban,0.4,1,1.1,3.86,Scooter,1,97.9,35.21
ORD101610,6.74,High,Fog,Night,Fri,Urban,1.75,0,0.9,3.85,Motorcycle,0,84.7,50.4
ORD101611,5.36,High,Rain,Morning,Wed,Urban,0.9,0,2.5,4.92,Motorcycle,0,11.5,42.94
ORD101612,8.69,Medium,Clear,Morning,Thu,Urban,2.4,0,1.0,5.0,Scooter,0,88.3,34.65
ORD101613,4.66,Medium,Clear,Night,Sat,Rural,1.79,1,1.3,4.47,Electric_Two_Wheeler,0,29.2,30.9
ORD101614,1.59,Medium,Clear,Morning,Fri,Urban,5.43,0,0.8,3.49,Motorcycle,0,53.8,18.31
ORD101615,2.97,High,Rain,Evening,Sun,Urban,0.28,1,1.1,4.13,Scooter,1,55.6,39.13
ORD101616,6.26,Severe,Clear,Afternoon,Fri,Urban,1.47,0,2.8,4.43,Electric_Two_Wheeler,0,15.4,43.64
ORD101617,3.34,High,Clear,Morning,Fri,Urban,0.63,1,6.4,4.21,Scooter,0,21.3,26.74
ORD101618,4.52,Medium,Clear,Night,Fri,Urban,1.74,1,2.2,3.45,Motorcycle,0,48.1,31.6
ORD101619,4.57,High,Rain,Morning,Mon,Urban,4.04,0,0.0,5.0,Motorcycle,0,67.8,30.97
ORD101620,2.39,Medium,Clear,Evening,Tue,Urban,5.05,2,0.8,3.97,Motorcycle,1,33.8,31.91
ORD101621,2.87,Low,Clear,Afternoon,Wed,Suburban,1.22,1,7.6,3.76,Scooter,0,57.4,16.63
ORD101622,4.25,Medium,Clear,Morning,Sun,Urban,3.54,0,6.0,4.29,Electric_Two_Wheeler,0,44.1,23.9
ORD101623,6.09,Severe,Clear,Morning,Mon,Urban,0.86,1,0.3,4.77,Scooter,0,66.7,43.38
ORD101624,1.63,Low,Fog,Morning,Wed,Suburban,0.21,0,6.0,4.51,Scooter,0,48.2,11.5
ORD101625,3.91,High,Clear,Morning,Fri,Rural,4.07,0,8.3,3.77,Scooter,0,86.6,29.58
ORD101626,7.63,Low,Fog,Evening,Wed,Urban,0.45,0,1.0,3.71,Electric_Two_Wheeler,0,98.5,41.28
ORD101627,3.73,Medium,Rain,Afternoon,Thu,Urban,0.24,0,3.0,3.42,Electric_Two_Wheeler,1,92.2,39.44
ORD101628,5.02,Low,Clear,Afternoon,Thu,Rural,1.07,0,2.1,4.18,Scooter,1,25.2,26.38
ORD101629,8.58,Medium,Rain,Afternoon,Tue,Urban,1.15,1,1.0,4.11,Electric_Two_Wheeler,1,51.1,55.1
ORD101630,4.21,High,Clear,Night,Tue,Urban,0.36,0,0.4,4.51,Scooter,0,51.3,30.61
ORD101631,8.42,Medium,Clear,Night,Wed,Urban,3.57,2,1.1,4.03,Electric_Two_Wheeler,0,85.6,50.09
ORD101632,3.0,High,Rain,Evening,Mon,Rural,1.24,2,6.6,4.69,Motorcycle,1,42.1,42.41
ORD101633,7.11,High,Clear,Night,Mon,Rural,1.55,1,4.2,4.56,Scooter,0,59.5,37.29
ORD101634,4.51,Severe,Rain,Afternoon,Fri,Suburban,0.81,0,1.0,4.01,Scooter,1,64.8,50.13
ORD101635,4.58,Low,Clear,Afternoon,Mon,Urban,1.63,0,2.0,4.46,Scooter,1,20.0,30.28
ORD101636,5.04,Medium,Extreme_Heat,Evening,Tue,Urban,3.11,1,1.3,4.83,Scooter,1,60.2,40.07
ORD101637,4.53,Low,Clear,Evening,Mon,Urban,4.93,1,1.6,3.92,Motorcycle,1,32.2,28.16
ORD101638,4.64,Severe,Clear,Afternoon,Fri,Suburban,7.25,3,3.6,4.21,Scooter,0,28.6,48.56
ORD101639,10.33,Severe,Clear,Afternoon,Thu,Rural,1.31,1,2.0,4.21,Electric_Two_Wheeler,0,32.5,49.63
ORD101640,5.18,Medium,Rain,Night,Mon,Urban,9.42,1,0.5,4.16,Motorcycle,0,18.9,41.23
ORD101641,7.18,High,Rain,Evening,Mon,Suburban,0.9,1,0.8,4.62,Motorcycle,0,16.3,49.75
ORD101642,2.36,Medium,Clear,Afternoon,Tue,Urban,0.21,2,2.1,4.65,Scooter,1,68.2,29.42
ORD101643,1.37,Medium,Fog,Evening,Wed,Urban,3.12,0,3.0,4.46,Electric_Two_Wheeler,1,94.7,31.04
ORD101644,1.45,Low,Clear,Afternoon,Thu,Suburban,0.59,0,1.8,4.44,Motorcycle,0,71.9,7.75
ORD101645,1.71,High,Clear,Morning,Wed,Urban,0.31,0,2.4,4.08,Electric_Two_Wheeler,0,38.1,13.45
ORD101646,8.55,Low,Fog,Afternoon,Fri,Urban,5.35,0,3.9,4.43,Electric_Two_Wheeler,0,40.2,47.52
ORD101647,1.41,High,Fog,Afternoon,Fri,Urban,3.34,0,2.0,3.79,Scooter,0,58.7,27.48
ORD101648,3.52,High,Rain,Morning,Wed,Suburban,0.42,0,9.5,5.0,Scooter,0,88.0,28.89
ORD101649,11.92,High,Fog,Evening,Tue,Suburban,3.2,1,0.7,4.84,Motorcycle,0,28.2,60.68
ORD101650,5.77,Low,Clear,Afternoon,Sat,Rural,3.92,1,6.3,4.68,Electric_Two_Wheeler,1,52.2,21.47
ORD101651,2.73,Medium,Fog,Evening,Tue,Suburban,4.91,1,0.7,4.46,Motorcycle,1,54.9,32.1
ORD101652,2.25,Low,Clear,Morning,Sat,Urban,1.77,1,1.9,4.46,Scooter,0,93.8,18.68
ORD101653,3.06,Medium,Clear,Morning,Sat,Urban,2.63,0,1.5,3.62,Motorcycle,0,58.3,19.74
ORD101654,4.67,Low,Clear,Night,Tue,Rural,3.07,0,1.2,3.8,Scooter,0,80.3,16.82
ORD101655,3.16,Severe,Clear,Evening,Sat,Suburban,2.53,0,8.2,3.85,Scooter,1,17.9,30.49
ORD101656,5.77,Medium,Clear,Night,Sat,Suburban,2.28,0,0.8,4.32,Motorcycle,0,39.4,33.4
ORD101657,10.07,Medium,Clear,Night,Sat,Suburban,1.79,1,2.8,4.19,Scooter,0,65.0,43.55
ORD101658,2.47,Medium,Clear,Afternoon,Thu,Suburban,1.5,2,4.1,4.62,Motorcycle,1,71.0,35.72
ORD101659,10.37,Medium,Clear,Afternoon,Fri,Urban,11.31,0,0.5,3.91,Electric_Two_Wheeler,1,89.7,56.75
ORD101660,4.31,Medium,Clear,Night,Sat,Urban,1.02,0,9.0,4.71,Motorcycle,0,63.1,27.18
ORD101661,3.1,Medium,Clear,Night,Fri,Suburban,0.38,0,2.0,3.97,Electric_Two_Wheeler,0,36.1,16.61
ORD101662,2.23,Severe,Clear,Evening,Sun,Suburban,3.1,0,6.1,4.13,Motorcycle,0,58.5,21.93
ORD101663,5.33,Medium,Rain,Evening,Fri,Suburban,0.68,0,2.7,4.66,Scooter,1,74.0,35.98
ORD101664,2.58,Severe,Fog,Evening,Sun,Urban,1.72,0,2.6,4.5,Motorcycle,0,80.6,40.08
ORD101665,5.64,High,Rain,Afternoon,Thu,Urban,0.4,0,1.1,3.8,Electric_Two_Wheeler,1,95.0,47.86
ORD101666,3.9,Low,Clear,Evening,Fri,Suburban,2.13,1,3.7,4.73,Electric_Two_Wheeler,1,27.2,26.56
ORD101667,2.91,Severe,Rain,Evening,Wed,Suburban,5.97,0,0.1,4.34,Motorcycle,1,69.5,49.9
ORD101668,3.85,Low,Clear,Evening,Mon,Suburban,2.77,0,2.0,3.44,Scooter,1,28.0,23.49
ORD101669,5.22,High,Clear,Morning,Thu,Urban,0.68,1,0.1,3.96,Scooter,0,38.6,36.08
ORD101670,3.56,Medium,Clear,Afternoon,Mon,Rural,7.29,2,0.9,4.14,Scooter,0,22.8,26.69
ORD101671,2.58,High,Fog,Morning,Wed,Suburban,0.93,0,0.3,3.83,Electric_Two_Wheeler,0,79.6,28.32
ORD101672,2.36,High,Clear,Morning,Tue,Suburban,1.35,0,6.1,4.84,Motorcycle,0,92.3,21.12
ORD101673,5.98,High,Clear,Night,Tue,Urban,1.58,3,2.5,4.15,Electric_Two_Wheeler,0,12.7,51.4
ORD101674,1.85,High,Clear,Morning,Sat,Urban,9.56,0,2.8,4.48,Motorcycle,0,83.2,27.86
ORD101675,2.45,Medium,Fog,Morning,Tue,Suburban,0.34,1,4.8,4.38,Motorcycle,0,31.8,26.47
ORD101676,1.37,Low,Rain,Afternoon,Thu,Urban,2.59,0,3.3,4.58,Scooter,0,53.8,15.56
ORD101677,3.73,Medium,Clear,Evening,Tue,Urban,1.1,0,0.3,4.97,Scooter,0,77.3,21.14
ORD101678,2.03,Low,Clear,Afternoon,Thu,Urban,0.36,1,2.4,4.57,Scooter,1,55.6,24.0
ORD101679,3.54,High,Clear,Morning,Thu,Suburban,5.67,0,9.6,5.0,Motorcycle,0,30.8,19.07
ORD101680,3.62,Medium,Rain,Morning,Mon,Urban,1.98,1,0.6,4.58,Scooter,0,91.6,29.88
ORD101681,3.75,Severe,Clear,Morning,Tue,Urban,3.0,0,2.4,4.35,Motorcycle,0,63.4,21.22
ORD101682,2.74,Medium,Fog,Afternoon,Fri,Rural,0.75,1,2.1,4.43,Scooter,1,93.8,29.21
ORD101683,5.95,High,Clear,Afternoon,Sun,Suburban,3.07,0,1.2,3.25,Motorcycle,1,86.2,36.13
ORD101684,3.16,Low,Rain,Night,Tue,Urban,3.73,1,7.7,4.12,Scooter,0,88.9,22.44
ORD101685,2.48,High,Clear,Afternoon,Tue,Urban,1.33,0,1.1,4.24,Motorcycle,0,42.6,19.31
ORD101686,1.45,Severe,Clear,Morning,Tue,Rural,1.9,0,0.2,4.48,Scooter,0,98.9,22.14
ORD101687,6.55,Medium,Clear,Evening,Sat,Urban,7.34,0,8.2,4.29,Motorcycle,0,86.7,35.92
ORD101688,2.67,Medium,Clear,Afternoon,Fri,Suburban,3.95,1,3.3,4.43,Scooter,1,40.4,23.13
ORD101689,5.69,High,Clear,Evening,Fri,Urban,1.38,0,1.0,3.77,Motorcycle,1,90.7,34.15
ORD101690,3.07,Low,Rain,Afternoon,Thu,Suburban,2.38,0,0.8,3.67,Electric_Two_Wheeler,1,78.0,22.9
ORD101691,10.69,Medium,,Evening,Fri,Suburban,3.27,1,6.6,3.83,Scooter,0,75.3,41.03
ORD101692,10.46,Medium,Rain,Evening,Thu,Suburban,0.25,4,0.8,4.93,Scooter,0,10.6,63.92
ORD101693,4.66,Low,Fog,Night,Sun,Urban,1.98,0,1.9,3.79,Motorcycle,0,12.0,33.1
ORD101694,4.7,Medium,Clear,Afternoon,Mon,Suburban,8.54,1,0.6,3.98,Motorcycle,1,72.5,30.65
ORD101695,4.4,Low,Rain,Afternoon,Thu,Urban,6.08,0,13.4,4.34,Scooter,1,35.1,29.79
ORD101696,3.14,Low,Rain,Afternoon,Tue,Rural,3.77,0,3.7,3.66,Motorcycle,0,15.3,25.46
ORD101697,6.23,Low,Clear,Night,Wed,Urban,0.42,1,2.1,3.95,Scooter,0,35.7,34.23
ORD101698,3.78,Severe,Fog,Night,Wed,Suburban,10.45,0,3.4,4.57,Scooter,0,85.4,45.65
ORD101699,1.87,Medium,Clear,Morning,Sat,Urban,2.08,1,6.2,4.12,Scooter,0,52.4,19.3
ORD101700,3.31,Severe,Clear,Morning,Tue,Suburban,0.7,1,8.3,4.97,Motorcycle,0,65.4,31.84
ORD101701,1.92,Medium,Rain,Afternoon,Thu,Urban,2.44,0,3.9,3.62,Motorcycle,0,82.0,26.02
ORD101702,1.83,Medium,Clear,Morning,Tue,Urban,4.08,0,4.7,4.16,Motorcycle,0,39.1,16.25
ORD101703,2.35,Medium,Clear,Afternoon,Sat,Urban,0.44,0,1.3,4.12,Electric_Two_Wheeler,0,11.0,17.35
ORD101704,9.62,Medium,Clear,Morning,Fri,Urban,5.16,2,1.2,4.3,Scooter,0,39.1,50.49
ORD101705,5.03,Low,Fog,Evening,Thu,Urban,5.26,1,4.1,3.81,Motorcycle,1,96.1,36.99
ORD101706,3.31,Medium,,Night,Sun,Urban,0.23,0,3.6,4.07,Electric_Two_Wheeler,0,53.4,23.1
ORD101707,3.12,Low,Clear,Night,Tue,Suburban,4.81,1,5.8,4.62,Scooter,0,61.3,21.03
ORD101708,4.05,Medium,Rain,Afternoon,Fri,Urban,6.07,1,0.4,4.19,Scooter,1,78.4,38.88
ORD101709,2.68,High,Extreme_Heat,Evening,Sat,Suburban,0.28,0,2.9,3.87,Electric_Two_Wheeler,0,20.3,22.75
ORD101710,5.2,Low,Clear,Night,Fri,Urban,0.9,1,2.6,5.0,Electric_Two_Wheeler,0,76.1,30.46
ORD101711,4.24,Low,Clear,Morning,Thu,Suburban,1.13,0,4.0,4.32,Scooter,0,36.8,21.83
ORD101712,4.88,High,Rain,Evening,Sat,Urban,1.06,0,0.1,4.55,Scooter,0,44.9,35.85
ORD101713,3.18,Medium,Fog,Afternoon,Sat,Rural,3.05,0,4.4,4.61,Scooter,1,34.3,34.58
ORD101714,12.03,Low,Fog,Morning,Sat,Suburban,1.09,2,1.0,4.27,Scooter,0,23.8,61.02
ORD101715,1.91,Severe,Clear,Afternoon,Mon,Urban,6.47,0,2.9,3.98,Scooter,1,42.5,31.91
ORD101716,5.26,Low,Clear,Morning,Sat,Suburban,10.79,0,2.4,4.38,Motorcycle,0,18.5,30.84
ORD101717,2.78,High,Clear,Evening,Mon,Urban,0.96,1,1.5,4.02,Electric_Two_Wheeler,1,86.0,28.94
ORD101718,4.22,Severe,Clear,Afternoon,Fri,Suburban,1.62,0,3.4,4.45,Scooter,1,37.5,37.35
ORD101719,4.56,Low,Clear,Afternoon,Sun,Urban,1.83,1,8.1,4.23,Motorcycle,1,68.8,24.42
ORD101720,10.46,Low,Rain,Morning,Mon,Urban,1.93,1,1.0,4.71,Scooter,0,36.7,49.31
ORD101721,4.61,Low,Clear,Night,Fri,Urban,1.14,1,3.5,3.84,Scooter,0,29.0,27.43
ORD101722,3.27,Medium,Fog,Afternoon,Mon,Suburban,0.56,1,0.9,4.59,Motorcycle,0,74.2,31.28
ORD101723,0.6,Low,Clear,Evening,Fri,Urban,0.31,1,4.7,4.55,Scooter,0,66.2,6.44
ORD101724,2.59,High,Clear,Evening,Fri,Suburban,0.42,1,1.4,4.2,Scooter,0,29.6,24.15
ORD101725,13.92,Low,Clear,Afternoon,Sun,Urban,4.83,0,1.5,4.59,Electric_Two_Wheeler,0,65.1,52.97
ORD101726,5.56,Medium,Clear,Morning,Sat,Urban,0.86,0,3.7,4.47,Scooter,0,10.5,31.33
ORD101727,6.09,Severe,Clear,Evening,Sun,Suburban,0.36,1,1.7,4.57,Motorcycle,1,25.9,56.06
ORD101728,1.12,High,Extreme_Heat,Morning,Sun,Suburban,2.15,1,0.8,4.54,Scooter,0,75.5,25.35
ORD101729,2.72,Medium,Fog,Morning,Sat,Rural,0.36,1,13.5,4.32,Scooter,0,46.9,25.04
ORD101730,5.26,Medium,Clear,Evening,Fri,Suburban,0.35,1,2.4,4.06,Motorcycle,0,28.3,33.9
ORD101731,1.5,Medium,Clear,Morning,Sat,Suburban,2.14,0,2.6,4.06,Motorcycle,0,55.5,12.0
ORD101732,4.11,Medium,Extreme_Heat,Afternoon,Fri,Suburban,1.99,0,2.6,4.21,Scooter,1,51.9,34.1
ORD101733,8.24,Medium,Clear,Afternoon,Sat,Urban,0.28,1,5.4,4.64,Motorcycle,0,67.1,39.63
ORD101734,2.14,Low,Clear,Afternoon,Wed,Urban,1.43,0,0.5,4.55,Electric_Two_Wheeler,1,16.5,19.3
ORD101735,2.45,High,Clear,Evening,Mon,Urban,1.34,1,0.2,4.7,Motorcycle,1,83.7,31.11
ORD101736,7.18,Medium,Extreme_Heat,Evening,Sun,Urban,1.78,2,1.2,4.74,Scooter,1,15.2,51.83
ORD101737,2.72,Low,Clear,Evening,Fri,Urban,2.88,0,2.1,4.21,Motorcycle,1,50.8,19.4
ORD101738,2.3,Medium,Clear,Evening,Tue,Rural,0.86,1,0.8,5.0,Motorcycle,1,73.9,25.43
ORD101739,8.83,Medium,Extreme_Heat,Afternoon,Sat,Urban,1.33,1,2.9,4.26,Motorcycle,0,41.0,45.61
ORD101740,3.78,High,Clear,Afternoon,Sat,Suburban,3.35,0,0.2,4.1,Motorcycle,0,91.9,26.97
ORD101741,2.12,High,Clear,Afternoon,Thu,Suburban,5.32,0,3.9,4.43,Scooter,0,78.0,15.24
ORD101742,7.45,High,Clear,Afternoon,Tue,Urban,4.64,2,3.2,4.49,Motorcycle,0,48.3,49.94
ORD101743,1.9,Low,Fog,Night,Tue,Urban,1.5,1,0.6,4.0,Motorcycle,0,26.5,27.69
ORD101744,3.96,Medium,Clear,Evening,Sun,Urban,1.67,1,0.9,4.24,Motorcycle,0,13.9,30.01
ORD101745,4.45,Medium,Extreme_Heat,Morning,Wed,Suburban,1.71,1,4.1,4.12,Electric_Two_Wheeler,0,82.1,31.25
ORD101746,2.61,Low,Rain,Morning,Mon,Rural,4.26,0,3.7,4.36,Electric_Two_Wheeler,0,27.5,14.9
ORD101747,5.9,Low,Clear,Morning,Wed,Urban,3.86,1,4.2,4.62,Motorcycle,0,34.3,33.92
ORD101748,2.25,High,Extreme_Heat,Morning,Mon,Suburban,0.95,0,1.0,4.19,Motorcycle,0,10.9,27.23
ORD101749,6.14,Low,Clear,Morning,Fri,Urban,0.56,1,8.7,4.53,Motorcycle,0,11.6,25.21
ORD101750,3.49,Medium,Clear,Afternoon,Sun,Suburban,1.15,0,3.1,3.74,Motorcycle,0,30.7,23.62
ORD101751,2.04,Low,Clear,Night,Wed,Suburban,0.88,0,0.2,4.66,Electric_Two_Wheeler,0,88.6,14.55
ORD101752,4.02,Low,Clear,Evening,Thu,Urban,6.22,0,1.6,4.12,Motorcycle,1,80.3,31.49
ORD101753,4.76,Low,Clear,Morning,Mon,Urban,0.82,1,2.7,4.11,Scooter,0,79.3,30.85
ORD101754,1.11,Severe,,Afternoon,Wed,Urban,0.6,2,0.5,4.46,Motorcycle,0,84.4,37.08
ORD101755,8.29,High,Clear,Afternoon,Sun,Urban,4.79,0,5.8,4.48,Motorcycle,0,26.8,44.04
ORD101756,3.67,Severe,Fog,Evening,Thu,Suburban,0.38,0,3.5,4.26,Motorcycle,1,98.1,47.43
ORD101757,2.96,Medium,Clear,Evening,Sun,Urban,0.8,1,0.2,3.94,Motorcycle,1,30.9,25.53
ORD101758,4.56,Low,Extreme_Heat,Night,Tue,Suburban,1.36,2,6.1,4.11,Scooter,0,23.5,27.11
ORD101759,3.92,Medium,Clear,Afternoon,Sat,Urban,2.01,0,1.3,4.34,Scooter,1,36.5,38.07
ORD101760,2.83,Medium,Clear,Evening,Fri,Suburban,0.99,0,1.5,4.5,Scooter,0,57.7,12.72
ORD101761,4.64,High,Clear,Morning,Sun,Suburban,1.57,2,3.8,3.97,Scooter,0,21.2,36.05
ORD101762,6.14,Low,Clear,Evening,Fri,Suburban,0.64,1,2.6,4.04,Scooter,1,76.5,32.5
ORD101763,3.09,Medium,Clear,Morning,Sun,Urban,1.91,0,1.4,4.41,Motorcycle,0,43.4,23.26
ORD101764,0.78,Low,Rain,Afternoon,Tue,Urban,1.25,0,0.8,4.27,Scooter,1,61.2,20.14
ORD101765,5.66,Medium,Extreme_Heat,Evening,Sun,Suburban,3.98,0,1.8,4.36,Electric_Two_Wheeler,0,76.1,33.8
ORD101766,3.64,High,Extreme_Heat,Afternoon,Sun,Urban,1.27,0,2.2,3.25,Scooter,1,91.2,35.26
ORD101767,2.06,Medium,Clear,Morning,Wed,Urban,1.37,0,2.5,4.18,Scooter,0,83.7,18.95
ORD101768,4.85,Medium,Fog,Morning,Sat,Urban,1.99,0,2.3,4.64,Motorcycle,0,58.4,35.66
ORD101769,2.06,Medium,Clear,Morning,Tue,Suburban,0.46,1,2.4,4.05,Scooter,0,99.2,18.11
ORD101770,5.55,Medium,Clear,Morning,Thu,Suburban,0.54,0,1.6,4.49,Electric_Two_Wheeler,0,57.7,25.26
ORD101771,1.86,High,Fog,Morning,Sat,Suburban,3.32,0,2.1,3.82,Scooter,0,58.2,32.12
ORD101772,2.72,High,Rain,Morning,Mon,Urban,0.84,1,0.9,3.67,Scooter,0,24.3,35.88
ORD101773,1.28,Severe,Clear,Morning,Wed,Urban,2.51,1,0.4,4.47,Electric_Two_Wheeler,0,23.4,33.11
ORD101774,2.66,High,Clear,Night,Sat,Rural,0.41,1,2.3,4.28,Scooter,0,25.2,28.72
ORD101775,2.96,Medium,Clear,Afternoon,Mon,Urban,3.65,1,0.1,4.17,Scooter,1,63.3,27.36
ORD101776,3.66,High,Rain,Morning,Tue,Urban,9.08,1,0.2,4.64,Scooter,0,47.4,39.06
ORD101777,3.15,Medium,Clear,Afternoon,Sun,Suburban,1.14,1,0.7,4.18,Motorcycle,0,44.7,21.93
ORD101778,1.9,Low,Extreme_Heat,Night,Fri,Urban,1.61,0,0.5,4.05,Scooter,0,21.5,18.9
ORD101779,3.58,High,Clear,Evening,Sat,Urban,1.37,1,1.2,4.0,Motorcycle,1,44.3,36.13
ORD101780,2.7,Low,Clear,Afternoon,Sat,Urban,4.69,0,1.2,3.92,Motorcycle,0,44.0,15.79
ORD101781,4.09,Severe,Clear,Evening,Mon,Urban,0.22,0,0.3,4.49,Electric_Two_Wheeler,1,65.9,38.1
ORD101782,2.24,Medium,Clear,Evening,Mon,Urban,2.32,0,0.7,4.18,Scooter,0,45.0,20.38
ORD101783,2.59,Medium,Clear,Evening,Fri,Suburban,2.31,0,0.0,4.76,Scooter,0,47.7,20.77
ORD101784,4.65,High,Rain,Evening,Mon,Urban,1.16,0,1.1,3.12,Scooter,0,34.5,38.99
ORD101785,3.24,High,Fog,Night,Mon,Urban,0.7,0,4.0,4.67,Motorcycle,0,21.8,33.67
ORD101786,1.4,Medium,Extreme_Heat,Night,Sat,Suburban,0.75,2,0.8,4.44,Scooter,0,37.0,27.4
ORD101787,8.63,Medium,Fog,Evening,Fri,Rural,3.42,0,2.6,4.26,Motorcycle,0,13.8,41.67
ORD101788,5.85,Low,Fog,Afternoon,Fri,Urban,0.34,0,0.3,3.78,Motorcycle,0,28.3,39.29
ORD101789,5.73,Medium,Clear,Evening,Sun,Suburban,1.86,0,0.0,3.64,Scooter,0,39.2,30.05
ORD101790,1.27,Low,Fog,Evening,Sat,Suburban,0.93,1,1.7,4.6,Motorcycle,1,23.1,21.8
ORD101791,1.0,High,Clear,Morning,Sun,Urban,0.82,1,1.5,4.4,Scooter,0,69.8,21.11
ORD101792,6.56,Medium,Clear,Night,Tue,Urban,1.61,0,0.5,4.39,Scooter,0,35.3,34.25
ORD101793,1.89,High,Clear,Morning,Tue,Urban,4.76,1,0.8,4.26,Scooter,0,65.4,22.73
ORD101794,4.16,Low,Clear,Afternoon,Sat,Suburban,2.13,0,0.1,4.64,Scooter,1,67.9,27.32
ORD101795,2.65,Low,Clear,Night,Mon,Urban,3.31,0,4.0,4.07,Motorcycle,0,50.3,7.72
ORD101796,1.04,High,Extreme_Heat,Morning,Wed,Urban,2.04,0,0.9,4.17,Motorcycle,0,50.4,23.96
ORD101797,2.37,Low,Clear,Afternoon,Tue,Suburban,2.59,0,0.6,4.23,Scooter,1,62.3,20.35
ORD101798,4.61,Low,Clear,Morning,Tue,Urban,1.33,3,4.1,4.21,Electric_Two_Wheeler,0,33.6,25.14
ORD101799,3.35,Low,Clear,Afternoon,Sat,Suburban,5.41,2,0.1,4.83,Scooter,1,11.9,30.93
ORD101800,9.64,Severe,Clear,Morning,Sun,Suburban,1.59,0,0.8,3.8,Scooter,0,68.1,50.21
ORD101801,5.45,High,Clear,Afternoon,Sat,Urban,1.8,1,0.8,3.52,Scooter,1,64.8,47.19
ORD101802,4.8,Medium,Clear,Afternoon,Wed,Rural,1.69,0,0.8,3.72,Motorcycle,1,52.9,24.69
ORD101803,4.15,Low,Clear,Night,Wed,Urban,0.96,1,0.0,4.57,Electric_Two_Wheeler,0,88.8,26.85
ORD101804,2.05,Medium,Clear,Night,Fri,Urban,0.73,0,6.8,4.26,Motorcycle,0,55.8,18.12
ORD101805,2.09,High,Rain,Morning,Sat,Urban,0.35,0,5.0,3.66,Electric_Two_Wheeler,0,37.3,25.44
ORD101806,3.71,High,Rain,Evening,Tue,Suburban,2.73,1,1.3,4.34,Scooter,1,74.2,44.7
ORD101807,2.38,Low,Clear,Morning,Sun,Suburban,0.88,2,1.5,4.17,Scooter,0,96.6,18.52
ORD101808,8.66,Low,Clear,Morning,Sun,Urban,1.19,0,1.9,4.52,Motorcycle,0,76.3,40.47
ORD101809,5.4,Low,Clear,Morning,Thu,Urban,5.25,0,1.6,4.62,Motorcycle,0,91.8,33.17
ORD101810,7.04,High,Rain,Night,Thu,Urban,1.87,0,3.8,5.0,Scooter,0,20.1,47.74
ORD101811,0.8,High,Clear,Night,Mon,Suburban,0.4,1,1.7,3.83,Electric_Two_Wheeler,0,20.9,22.34
ORD101812,4.74,Low,Clear,Morning,Tue,Suburban,3.41,1,0.5,3.55,Scooter,0,23.9,22.51
ORD101813,1.39,Low,Rain,Morning,Thu,Suburban,0.79,2,0.3,4.54,Scooter,0,73.3,29.15
ORD101814,7.78,Low,Clear,Morning,Sun,Suburban,1.81,1,6.3,4.69,Motorcycle,0,45.1,34.26
ORD101815,5.18,Severe,Clear,Afternoon,Tue,Suburban,1.63,1,0.1,3.79,Motorcycle,0,53.0,40.05
ORD101816,5.62,Low,Clear,Evening,Sat,Urban,0.74,1,5.7,3.79,Scooter,0,33.6,32.34
ORD101817,5.78,High,Extreme_Heat,Morning,Tue,Urban,0.45,0,2.9,4.44,Scooter,0,76.2,37.94
ORD101818,2.56,Medium,Fog,Evening,Thu,Suburban,0.67,0,1.3,4.99,Motorcycle,1,86.1,32.65
ORD101819,10.28,Medium,Rain,Afternoon,Sun,Urban,0.4,0,0.5,3.95,Motorcycle,1,24.4,56.16
ORD101820,5.36,Low,Clear,Night,Tue,Urban,0.84,0,0.9,4.33,Motorcycle,0,27.3,21.79
ORD101821,4.2,Low,Clear,Evening,Wed,Rural,12.03,0,1.9,3.54,Motorcycle,0,40.5,17.78
ORD101822,2.74,Medium,Extreme_Heat,Afternoon,Mon,Suburban,1.23,1,2.7,4.22,Scooter,0,35.2,22.83
ORD101823,3.5,High,Extreme_Heat,Evening,Fri,Urban,4.19,0,2.9,4.25,Electric_Two_Wheeler,1,57.8,36.1
ORD101824,7.56,Medium,Clear,Evening,Sun,Suburban,1.79,1,1.5,4.89,Motorcycle,1,77.7,40.46
ORD101825,3.11,Medium,Fog,Afternoon,Thu,Rural,2.4,1,1.2,4.02,Scooter,1,81.4,31.74
ORD101826,2.5,Low,Clear,Afternoon,Sat,Urban,0.54,0,3.7,4.57,Scooter,0,28.8,10.57
ORD101827,5.0,Severe,Clear,Night,Fri,Urban,0.84,0,6.5,3.99,Scooter,0,25.8,41.6
ORD101828,3.68,High,Rain,Morning,Mon,Urban,1.63,3,6.1,4.34,Motorcycle,0,42.7,42.09
ORD101829,2.54,Low,Clear,Morning,Sun,Urban,4.46,2,2.0,5.0,Electric_Two_Wheeler,0,23.3,15.09
ORD101830,6.7,Severe,Extreme_Heat,Afternoon,Sun,Suburban,0.29,2,0.2,5.0,Motorcycle,0,18.3,54.68
ORD101831,1.95,Medium,Clear,Evening,Wed,Urban,1.61,0,0.2,5.0,Electric_Two_Wheeler,1,31.8,20.55
ORD101832,3.17,Medium,Clear,Evening,Wed,Urban,0.3,1,1.3,4.46,Scooter,0,45.5,25.0
ORD101833,2.15,High,Extreme_Heat,Night,Wed,Urban,1.42,1,3.3,4.22,Motorcycle,0,62.9,26.19
ORD101834,10.15,High,Extreme_Heat,Afternoon,Wed,Urban,2.18,0,1.7,4.41,Scooter,0,75.1,57.71
ORD101835,5.29,High,Clear,Morning,Thu,Urban,2.93,0,2.5,4.49,Scooter,0,30.1,32.49
ORD101836,4.55,Low,Clear,Evening,Sun,Suburban,0.5,1,4.6,4.46,Motorcycle,0,83.7,21.32
ORD101837,2.21,Medium,Rain,Evening,Thu,Urban,0.56,0,0.1,4.02,Scooter,1,13.0,29.83
ORD101838,10.14,Severe,Clear,Morning,Tue,Suburban,1.47,0,6.4,4.0,Motorcycle,0,50.0,52.71
ORD101839,1.45,Low,Extreme_Heat,Morning,Sat,Suburban,12.67,2,1.0,4.06,Motorcycle,0,67.0,26.01
ORD101840,3.14,Medium,Extreme_Heat,Morning,Tue,Urban,1.08,1,0.1,4.73,Motorcycle,0,36.2,26.41
ORD101841,3.43,Medium,Clear,Evening,Sat,Suburban,1.32,1,4.5,4.77,Scooter,1,71.5,27.63
ORD101842,1.47,Medium,Clear,Night,Mon,Suburban,1.33,2,6.8,5.0,Motorcycle,0,88.0,18.37
ORD101843,3.93,Medium,,Evening,Tue,Urban,0.37,2,3.7,4.47,Electric_Two_Wheeler,0,18.0,34.43
ORD101844,2.43,Severe,Extreme_Heat,Night,Mon,Urban,3.18,0,4.1,3.98,Electric_Two_Wheeler,0,56.1,28.1
ORD101845,8.28,Low,Clear,Morning,Mon,Suburban,0.78,2,5.1,4.11,Motorcycle,0,11.7,37.79
ORD101846,1.66,Low,Clear,Night,Mon,Rural,2.63,1,1.8,4.24,Motorcycle,0,35.2,12.62
ORD101847,5.61,Low,Clear,Evening,Wed,Urban,1.49,0,2.9,4.9,Scooter,0,22.3,29.45
ORD101848,3.98,High,Clear,Afternoon,Fri,Urban,2.09,2,0.8,4.59,Motorcycle,1,66.2,44.67
ORD101849,6.47,Medium,Clear,Night,Fri,Urban,0.31,0,0.7,3.76,Motorcycle,0,32.4,34.08
ORD101850,3.35,Low,Clear,Afternoon,Thu,Urban,4.61,1,2.3,4.28,Motorcycle,0,35.4,17.46
ORD101851,2.09,High,Extreme_Heat,Night,Mon,Suburban,0.76,0,3.3,3.71,Motorcycle,0,28.5,23.51
ORD101852,9.06,High,Extreme_Heat,Night,Wed,Urban,2.42,0,1.3,4.54,Scooter,0,31.9,55.86
ORD101853,8.97,High,Rain,Evening,Tue,Urban,3.4,0,1.3,4.02,Scooter,1,30.3,57.05
ORD101854,5.69,Severe,Clear,Evening,Tue,Urban,1.75,1,7.7,4.06,Motorcycle,0,72.8,43.5
ORD101855,5.08,Low,Clear,Morning,Thu,Urban,1.02,0,1.8,3.55,Scooter,0,96.0,24.08
ORD101856,4.47,High,Rain,Afternoon,Thu,Urban,7.82,2,10.7,4.6,Scooter,1,54.1,44.16
ORD101857,5.26,Medium,Clear,Afternoon,Mon,Urban,0.85,0,5.0,4.78,Scooter,0,64.0,24.41
ORD101858,12.67,High,Extreme_Heat,Evening,Mon,Urban,6.14,1,2.6,4.02,Scooter,1,83.6,68.85
ORD101859,1.64,High,Rain,Evening,Tue,Suburban,0.54,0,0.0,4.24,Motorcycle,0,52.8,25.13
ORD101860,3.73,High,Clear,Night,Tue,Rural,1.19,0,0.9,4.11,Motorcycle,0,37.2,25.93
ORD101861,2.69,High,Extreme_Heat,Morning,Tue,Urban,0.5,3,1.4,4.21,Scooter,0,95.6,38.14
ORD101862,3.93,Low,Extreme_Heat,Evening,Tue,Urban,0.2,1,2.6,3.97,Motorcycle,1,91.6,32.22
ORD101863,1.57,Medium,Clear,Night,Fri,Urban,0.8,0,1.3,3.86,Scooter,0,29.8,22.06
ORD101864,2.0,Severe,Clear,Evening,Mon,Urban,0.38,1,4.4,4.85,Motorcycle,1,73.3,44.39
ORD101865,1.89,Severe,Clear,Morning,Mon,Urban,8.79,0,2.7,3.24,Scooter,0,68.2,30.37
ORD101866,5.21,Low,Clear,Morning,Tue,Urban,3.07,0,1.1,4.5,Electric_Two_Wheeler,0,68.5,27.14
ORD101867,3.66,Low,Clear,Morning,Wed,Suburban,0.21,1,3.8,,Scooter,0,84.8,21.63
ORD101868,1.29,Low,Clear,Evening,Tue,Urban,0.71,0,0.9,4.96,Motorcycle,0,70.7,13.73
ORD101869,1.27,High,Extreme_Heat,Evening,Sat,Urban,2.42,0,0.2,4.21,Electric_Two_Wheeler,0,56.6,25.79
ORD101870,1.04,High,Clear,Night,Sun,Suburban,1.22,0,0.5,4.15,Electric_Two_Wheeler,0,86.1,16.36
ORD101871,3.25,Low,Clear,Afternoon,Sun,Suburban,3.77,0,0.0,3.98,Scooter,1,33.8,27.42
ORD101872,3.42,Medium,Rain,Afternoon,Thu,Urban,1.61,0,4.5,4.44,Motorcycle,1,71.1,36.52
ORD101873,3.55,High,Clear,Evening,Sat,Urban,2.32,1,2.5,4.02,Scooter,1,73.1,38.37
ORD101874,2.32,High,Fog,Evening,Wed,Urban,2.02,1,2.1,3.85,Motorcycle,0,88.3,36.23
ORD101875,2.96,Medium,Clear,Night,Thu,Urban,2.23,0,2.7,4.01,Scooter,0,99.8,20.88
ORD101876,3.3,Medium,Clear,Evening,Sun,Urban,0.72,2,2.7,3.92,Motorcycle,1,60.2,33.48
ORD101877,3.67,Medium,Clear,Afternoon,Wed,Urban,1.13,0,2.1,3.9,Scooter,1,53.6,29.87
ORD101878,4.46,Low,Rain,Evening,Thu,Urban,0.3,0,4.6,4.33,Motorcycle,1,64.1,32.1
ORD101879,6.8,Medium,Clear,Night,Tue,Suburban,1.97,1,1.5,4.22,Motorcycle,0,69.3,35.26
ORD101880,2.18,High,Rain,Afternoon,Tue,Suburban,1.43,1,4.1,4.52,Electric_Two_Wheeler,0,74.2,29.9
ORD101881,5.8,High,Clear,Morning,Wed,Urban,3.06,1,3.9,4.36,Motorcycle,0,35.3,37.38
ORD101882,2.45,Medium,Clear,Morning,Thu,Urban,0.66,0,0.6,3.82,Scooter,0,53.8,24.65
ORD101883,5.19,High,Clear,Morning,Fri,Urban,1.35,0,1.5,3.45,Scooter,0,43.4,33.65
ORD101884,3.8,Low,Extreme_Heat,Evening,Wed,Urban,0.6,1,4.5,3.88,Scooter,1,13.5,30.56
ORD101885,12.59,Medium,Extreme_Heat,Morning,Wed,Urban,2.1,0,4.4,4.61,Motorcycle,0,64.9,57.27
ORD101886,4.38,Low,Clear,Morning,Sat,Suburban,3.97,0,0.1,4.6,Motorcycle,0,88.7,16.08
ORD101887,6.07,Low,Clear,Afternoon,Mon,Suburban,3.1,0,0.6,4.69,Motorcycle,1,92.9,33.02
ORD101888,0.69,High,Clear,Evening,Wed,Suburban,5.97,1,1.4,4.64,Scooter,0,56.6,21.17
ORD101889,6.37,Severe,Clear,Afternoon,Fri,Suburban,7.33,1,0.1,4.73,Motorcycle,1,78.9,50.96
ORD101890,2.25,Low,Clear,Evening,Tue,Rural,3.16,2,0.8,4.46,Motorcycle,1,74.1,22.68
ORD101891,3.47,Medium,Extreme_Heat,Morning,Thu,Suburban,0.88,0,0.7,5.0,Electric_Two_Wheeler,0,30.6,18.86
ORD101892,2.9,High,Extreme_Heat,Morning,Mon,Rural,0.7,1,0.6,4.42,Motorcycle,0,15.7,37.18
ORD101893,1.77,Low,Clear,Afternoon,Thu,Urban,1.39,0,1.3,5.0,Scooter,0,77.3,12.89
ORD101894,9.39,Medium,Clear,Afternoon,Tue,Urban,10.39,1,4.2,4.05,Scooter,1,35.4,59.94
ORD101895,7.14,High,Fog,Afternoon,Wed,Suburban,1.26,0,0.7,4.04,Scooter,0,59.4,44.49
ORD101896,2.0,Medium,Fog,Morning,Sat,Rural,0.64,0,2.2,4.22,Motorcycle,0,57.2,24.39
ORD101897,1.9,Low,Clear,Night,Fri,Urban,5.98,1,2.0,4.29,Motorcycle,0,83.6,18.94
ORD101898,5.09,Medium,Clear,Evening,Mon,Urban,1.18,0,4.3,4.17,Scooter,1,68.0,33.64
ORD101899,6.28,High,Clear,Morning,Fri,Urban,2.55,0,1.3,4.52,Scooter,0,86.2,35.92
ORD101900,3.69,Medium,Clear,Morning,Sun,Suburban,3.3,2,0.6,4.26,Scooter,0,77.7,22.99
ORD101901,2.33,Low,Clear,Night,Fri,Urban,3.91,1,5.6,4.06,Electric_Two_Wheeler,0,100.0,23.5
ORD101902,3.28,High,Clear,Evening,Fri,Suburban,3.64,2,4.5,4.14,Scooter,0,87.7,28.68
ORD101903,1.17,Low,Rain,Afternoon,Fri,Rural,3.82,2,2.4,4.79,Scooter,1,29.0,34.79
ORD101904,1.41,High,Clear,Evening,Tue,Suburban,2.4,1,0.2,4.43,Scooter,1,96.5,26.3
ORD101905,6.62,Low,Clear,Evening,Fri,Urban,1.23,0,0.0,3.63,Scooter,0,40.6,34.44
ORD101906,2.6,Severe,Clear,Evening,Sat,Urban,2.4,1,0.5,4.9,Motorcycle,0,64.7,36.89
ORD101907,3.49,Medium,Fog,Afternoon,Fri,Urban,3.82,0,0.5,4.47,Electric_Two_Wheeler,0,94.7,32.71
ORD101908,4.39,Medium,Fog,Afternoon,Tue,Urban,1.06,2,0.4,4.56,Scooter,1,29.3,43.93
ORD101909,3.47,Low,,Morning,Thu,Urban,0.9,1,0.8,4.67,Motorcycle,0,87.2,20.72
ORD101910,4.49,Medium,Clear,Night,Tue,Suburban,1.04,0,1.0,4.69,Scooter,0,95.8,22.74
ORD101911,6.48,High,Extreme_Heat,Evening,Sun,Urban,1.8,1,3.5,3.93,Electric_Two_Wheeler,1,86.8,49.26
ORD101912,2.26,Severe,Clear,Morning,Sun,Suburban,0.31,1,3.1,3.87,Scooter,0,83.7,31.15
ORD101913,6.7,Medium,Clear,Night,Sat,Rural,3.22,0,0.3,5.0,Scooter,0,33.8,26.25
ORD101914,4.38,Medium,Clear,Night,Sat,Urban,0.5,1,9.4,4.02,Motorcycle,0,46.6,23.22
ORD101915,5.25,High,Clear,Night,Wed,Rural,0.49,0,3.5,4.45,Scooter,0,78.4,25.31
ORD101916,6.43,High,Clear,Night,Tue,Suburban,0.64,2,0.4,4.95,Scooter,0,20.6,43.5
ORD101917,4.0,Medium,Extreme_Heat,Night,Thu,Urban,1.92,0,0.3,4.12,Motorcycle,0,90.0,24.91
ORD101918,14.46,Medium,Rain,Morning,Wed,Urban,0.87,0,0.2,4.16,Motorcycle,0,28.9,63.96
ORD101919,1.72,Medium,Clear,Evening,Wed,Urban,1.12,1,3.3,4.67,Motorcycle,1,60.8,23.93
ORD101920,6.52,High,Extreme_Heat,Evening,Mon,Urban,5.57,0,0.7,4.39,Motorcycle,1,19.5,41.36
ORD101921,2.53,Low,Clear,Morning,Fri,Suburban,3.96,1,0.2,4.5,Motorcycle,0,26.7,17.25
ORD101922,4.56,Medium,Clear,Morning,Wed,Urban,4.02,0,1.4,4.27,Motorcycle,0,62.7,26.02
ORD101923,3.43,Medium,Clear,Night,Wed,Suburban,1.92,0,3.1,4.09,Motorcycle,0,67.1,21.35
ORD101924,3.3,High,Rain,Afternoon,Sat,Urban,4.23,1,0.9,4.17,Motorcycle,1,34.3,42.04
ORD101925,3.12,Low,Clear,Night,Thu,Urban,3.22,0,1.6,4.78,Scooter,0,20.7,12.47
ORD101926,5.22,Medium,Clear,Morning,Wed,Suburban,6.33,2,0.5,4.18,Scooter,0,59.5,33.21
ORD101927,2.0,Medium,Rain,Morning,Sun,Suburban,0.33,1,1.4,4.47,Scooter,0,85.7,27.3
ORD101928,2.44,Medium,Rain,Afternoon,Thu,Urban,0.26,0,1.1,3.91,Scooter,0,28.1,25.65
ORD101929,1.88,Low,Rain,Morning,Fri,Urban,0.58,0,1.4,5.0,Motorcycle,0,72.2,15.71
ORD101930,8.97,Medium,Clear,Evening,Sun,Suburban,5.49,0,1.6,4.43,Scooter,1,44.7,43.87
ORD101931,6.03,Medium,Clear,Evening,Sat,Suburban,2.06,1,0.2,4.44,Scooter,1,94.9,40.05
ORD101932,2.52,Medium,Clear,Morning,Sun,Urban,1.31,0,0.2,4.67,Scooter,0,17.4,17.79
ORD101933,5.02,Medium,Clear,Morning,Mon,Urban,1.64,0,0.8,4.11,Scooter,0,13.6,23.34
ORD101934,1.92,High,Extreme_Heat,Afternoon,Mon,Urban,3.74,1,0.3,4.78,Motorcycle,0,21.2,33.92
ORD101935,3.83,High,Clear,Morning,Fri,Urban,5.49,1,0.7,3.69,Motorcycle,0,80.4,33.21
ORD101936,3.15,Low,Clear,Evening,Fri,Suburban,2.82,1,0.1,4.05,Motorcycle,1,93.0,22.77
ORD101937,3.12,High,Rain,Afternoon,Sun,Suburban,3.05,0,1.1,3.98,Scooter,1,84.0,33.71
ORD101938,2.81,Medium,Clear,Morning,Sat,Suburban,0.97,1,0.6,3.55,Electric_Two_Wheeler,0,74.6,22.47
ORD101939,14.13,Low,Clear,Afternoon,Sat,Urban,1.46,0,5.6,4.09,Electric_Two_Wheeler,0,15.2,59.74
ORD101940,5.64,Low,Fog,Morning,Tue,Suburban,4.53,0,4.9,4.28,Motorcycle,0,29.2,24.94
ORD101941,11.61,Medium,Fog,Morning,Wed,Urban,3.28,0,0.9,3.86,Electric_Two_Wheeler,0,94.2,57.79
ORD101942,2.73,High,Rain,Morning,Wed,Rural,2.51,1,1.6,3.81,Motorcycle,0,66.1,36.43
ORD101943,1.95,High,Clear,Night,Wed,Urban,0.33,0,7.8,4.32,Electric_Two_Wheeler,0,52.1,21.86
ORD101944,4.38,High,Clear,Night,Thu,Urban,0.28,0,1.9,4.27,Motorcycle,0,68.7,32.32
ORD101945,3.83,Medium,Rain,Evening,Tue,Suburban,0.48,0,4.7,4.19,Electric_Two_Wheeler,1,26.1,32.53
ORD101946,5.63,Medium,Clear,Afternoon,Sun,Urban,1.94,0,4.4,3.79,Motorcycle,1,90.4,34.52
ORD101947,6.68,Low,Clear,Afternoon,Wed,Suburban,1.74,0,7.1,4.14,Motorcycle,1,69.1,27.72
ORD101948,1.08,Medium,Fog,Afternoon,Thu,Suburban,5.92,0,0.9,4.03,Motorcycle,1,52.4,24.8
ORD101949,12.03,Medium,Clear,Evening,Thu,Urban,2.57,1,0.1,4.33,Scooter,1,51.2,63.93
ORD101950,4.5,Low,Rain,Night,Mon,Suburban,0.9,2,0.3,4.08,Scooter,0,84.0,31.12
ORD101951,5.4,Low,Clear,Morning,Thu,Urban,0.55,0,2.1,4.28,Electric_Two_Wheeler,0,37.7,25.42
ORD101952,9.07,Medium,Clear,Morning,Fri,Urban,3.99,0,1.9,3.78,Scooter,0,22.3,42.16
ORD101953,2.23,High,Clear,Evening,Sat,Rural,1.43,1,0.9,3.74,Motorcycle,0,26.7,31.08
ORD101954,3.53,Severe,Fog,Evening,Thu,Suburban,2.32,1,0.7,4.52,Scooter,0,17.3,45.68
ORD101955,1.82,Severe,Clear,Evening,Fri,Urban,1.87,0,3.1,4.61,Scooter,0,55.7,31.14
ORD101956,2.01,Medium,Clear,Evening,Fri,Urban,0.43,1,1.0,4.14,Electric_Two_Wheeler,1,71.0,27.58
ORD101957,6.7,Medium,Rain,Night,Mon,Urban,0.32,1,2.3,4.31,Electric_Two_Wheeler,0,94.1,42.21
ORD101958,8.47,Medium,Rain,Afternoon,Sun,Suburban,1.15,0,3.1,4.12,Motorcycle,1,77.6,42.19
ORD101959,1.37,High,Extreme_Heat,Night,Mon,Rural,1.1,1,1.4,4.74,Scooter,0,62.5,24.45
ORD101960,4.69,Low,Clear,Night,Thu,Urban,2.44,1,0.5,4.22,Motorcycle,0,87.8,28.92
ORD101961,7.37,Medium,Clear,Evening,Mon,Suburban,2.2,2,4.9,4.1,Scooter,0,90.3,34.21
ORD101962,6.48,High,Extreme_Heat,Afternoon,Mon,Urban,7.14,0,0.2,4.69,Scooter,0,74.1,44.99
ORD101963,4.1,Medium,Rain,Morning,Sun,Urban,4.11,2,4.4,3.99,Scooter,0,15.1,42.37
ORD101964,4.66,Medium,Clear,Afternoon,Sat,Rural,1.57,1,4.5,4.36,Motorcycle,0,36.3,24.51
ORD101965,4.74,Medium,Clear,Afternoon,Wed,Urban,1.59,1,2.1,3.88,Scooter,1,40.3,37.59
ORD101966,4.51,Low,Fog,Night,Thu,Urban,2.44,0,2.5,4.57,Motorcycle,0,99.8,29.65
ORD101967,5.12,Medium,Clear,Morning,Sun,Suburban,0.44,0,1.1,4.63,Scooter,0,51.8,27.32
ORD101968,3.32,Medium,Rain,Afternoon,Thu,Urban,18.44,1,4.6,3.78,Scooter,0,78.6,42.57
ORD101969,11.39,Low,Clear,Evening,Thu,Urban,1.66,3,0.8,3.72,Scooter,0,83.2,51.85
ORD101970,2.22,Low,Clear,Morning,Mon,Rural,5.01,0,2.1,4.42,Electric_Two_Wheeler,0,68.8,8.67
ORD101971,7.65,High,Rain,Afternoon,Sat,Suburban,7.04,0,0.0,5.0,Motorcycle,0,11.6,51.94
ORD101972,2.45,Low,Clear,Afternoon,Mon,Suburban,1.94,1,7.0,4.65,Scooter,1,11.7,26.24
ORD101973,5.29,Medium,Clear,Evening,Fri,Urban,0.42,1,7.4,4.22,Motorcycle,0,83.7,25.26
ORD101974,2.49,Low,Clear,Morning,Tue,Urban,1.9,1,3.1,3.96,Electric_Two_Wheeler,0,76.5,22.29
ORD101975,5.1,Severe,Clear,Night,Tue,Rural,2.02,1,1.4,3.81,Motorcycle,0,58.3,30.22
ORD101976,3.69,Low,Rain,Afternoon,Sun,Urban,3.31,0,0.5,4.59,Motorcycle,1,32.4,31.98
ORD101977,5.79,Medium,Fog,Night,Tue,Urban,0.3,1,1.7,4.67,Scooter,0,17.8,44.25
ORD101978,2.32,High,Rain,Afternoon,Sun,Urban,1.46,1,3.9,4.05,Motorcycle,1,24.8,34.06
ORD101979,2.3,High,Clear,Afternoon,Wed,Urban,5.32,0,2.3,4.2,Motorcycle,1,62.2,25.44
ORD101980,9.94,Low,Clear,Morning,Mon,Urban,9.69,0,1.9,4.32,Motorcycle,0,59.1,41.55
ORD101981,3.43,High,Clear,Morning,Fri,Suburban,0.62,2,4.7,5.0,Electric_Two_Wheeler,0,94.7,30.33
ORD101982,4.85,Medium,Extreme_Heat,Afternoon,Fri,Rural,4.29,0,0.9,4.33,Scooter,1,96.2,36.82
ORD101983,1.31,Medium,,Morning,Tue,Suburban,0.52,2,4.9,3.91,Scooter,0,61.8,29.98
ORD101984,3.98,Low,Fog,Afternoon,Sat,Suburban,3.88,1,1.4,3.84,Electric_Two_Wheeler,0,85.7,33.94
ORD101985,2.92,Low,Clear,Evening,Wed,Suburban,0.85,1,0.0,3.94,Motorcycle,1,83.1,22.52
ORD101986,10.99,High,Clear,Afternoon,Sun,Suburban,6.62,0,3.3,4.81,Scooter,1,77.7,54.62
ORD101987,2.82,Medium,Clear,Morning,Wed,Urban,2.58,3,5.3,4.51,Scooter,0,49.4,25.27
ORD101988,11.1,Medium,Clear,Evening,Tue,Urban,1.22,0,1.7,4.16,Electric_Two_Wheeler,1,45.0,53.09
ORD101989,2.75,High,Clear,Night,Sun,Urban,0.86,0,1.5,3.13,Scooter,0,33.8,22.51
ORD101990,5.49,High,Extreme_Heat,Morning,Sun,Urban,0.74,0,4.1,3.96,Scooter,0,94.3,37.7
ORD101991,9.98,Low,Clear,Morning,Tue,Urban,2.48,1,5.4,4.44,Scooter,0,85.1,40.93
ORD101992,3.52,Medium,Clear,Night,Mon,Urban,4.72,1,9.2,4.44,Electric_Two_Wheeler,0,25.9,20.15
ORD101993,9.63,Low,Clear,Morning,Sat,Urban,3.01,1,1.1,4.44,Electric_Two_Wheeler,0,32.7,44.71
ORD101994,6.43,High,Extreme_Heat,Night,Wed,Urban,3.8,0,2.3,3.76,Motorcycle,0,62.3,39.95
ORD101995,3.96,High,Clear,Morning,Fri,Urban,3.24,0,4.3,4.37,Motorcycle,0,47.2,25.37
ORD101996,5.01,Severe,Rain,Night,Tue,Urban,7.94,1,1.9,3.91,Scooter,0,29.3,47.75
ORD101997,8.48,Low,Extreme_Heat,Afternoon,Mon,Suburban,3.04,0,1.5,4.3,Scooter,1,81.2,37.52
ORD101998,4.84,Low,Clear,Night,Fri,Urban,0.67,0,2.1,3.99,Motorcycle,0,10.1,27.13
ORD101999,1.6,Low,Rain,Afternoon,Wed,Suburban,3.34,2,1.1,4.73,Scooter,1,40.9,29.91
ORD102000,6.45,Low,Clear,Evening,Tue,Rural,0.98,0,0.5,4.43,Motorcycle,0,93.6,20.4
ORD102001,6.6,Low,Clear,Morning,Sun,Suburban,11.15,0,0.2,4.24,Motorcycle,0,78.5,27.79
ORD102002,4.74,Severe,Fog,Morning,Sat,Suburban,1.15,0,2.4,4.85,Scooter,0,46.1,40.18
ORD102003,2.78,Low,Rain,Evening,Tue,Rural,0.89,0,1.2,4.15,Motorcycle,0,93.6,17.65
ORD102004,6.21,Low,Clear,Afternoon,Sat,Urban,0.75,1,5.4,3.73,Motorcycle,1,91.1,35.14
ORD102005,1.81,High,Clear,Night,Mon,Rural,2.35,0,0.6,4.72,Motorcycle,0,14.7,18.75
ORD102006,4.97,Medium,Clear,Afternoon,Mon,Suburban,0.43,1,0.9,4.4,Scooter,0,21.5,35.59
ORD102007,4.82,High,Clear,Night,Wed,Suburban,6.34,3,8.8,4.17,Scooter,0,44.9,40.16
ORD102008,4.05,Low,Clear,Afternoon,Sat,Urban,0.9,1,2.0,4.04,Motorcycle,0,93.6,23.14
ORD102009,7.54,Medium,Clear,Night,Tue,Urban,0.9,0,1.1,4.5,Electric_Two_Wheeler,0,86.0,36.77
ORD102010,3.08,Low,Clear,Night,Mon,Suburban,0.29,2,4.9,4.63,Scooter,0,14.3,18.38
ORD102011,2.15,Low,Fog,Afternoon,Tue,Suburban,0.76,1,3.4,3.99,Electric_Two_Wheeler,1,56.1,24.14
ORD102012,2.38,Severe,Clear,Night,Wed,Suburban,1.29,0,2.1,4.53,Motorcycle,0,74.8,32.88
ORD102013,7.69,Low,Clear,Evening,Sat,Urban,1.12,1,5.5,4.4,Motorcycle,1,34.8,45.22
ORD102014,5.59,Medium,Clear,Morning,Tue,Urban,0.84,0,0.2,3.97,Scooter,0,75.0,22.77
ORD102015,5.32,Medium,Fog,Evening,Fri,Urban,0.28,0,1.3,4.3,Scooter,1,43.3,43.02
ORD102016,5.01,Medium,Clear,Morning,Tue,Urban,0.92,2,4.2,4.08,Scooter,0,34.7,37.81
ORD102017,3.52,High,Clear,Evening,Thu,Urban,3.21,0,1.2,4.8,Scooter,0,45.3,26.04
ORD102018,2.04,Low,Clear,Morning,Thu,Urban,1.36,0,6.5,4.04,Electric_Two_Wheeler,0,95.6,15.86
ORD102019,2.12,High,Rain,Morning,Sun,Urban,0.89,2,0.4,4.9,Scooter,0,91.5,37.87
ORD102020,5.12,Severe,Clear,Afternoon,Wed,Urban,0.93,2,1.0,4.35,Motorcycle,1,92.3,53.35
ORD102021,3.02,Medium,Fog,Evening,Wed,Urban,1.82,0,1.4,3.6,Scooter,1,92.6,32.49
ORD102022,2.47,Severe,Extreme_Heat,Night,Wed,Rural,0.92,0,2.9,3.43,Motorcycle,0,26.0,30.79
ORD102023,3.59,Low,Rain,Night,Fri,Suburban,2.19,0,0.5,4.22,Scooter,0,90.6,21.52
ORD102024,7.98,Medium,Rain,Afternoon,Sat,Suburban,9.3,1,0.0,4.83,Scooter,0,29.1,47.77
ORD102025,4.24,Low,Clear,Morning,Fri,Urban,0.28,0,9.4,4.79,Scooter,0,85.4,18.63
ORD102026,10.8,High,Clear,Evening,Sun,Suburban,0.57,0,5.7,4.37,Motorcycle,0,58.8,45.1
ORD102027,5.34,Severe,Extreme_Heat,Evening,Tue,Urban,0.59,2,0.9,4.01,Scooter,0,31.6,44.49
ORD102028,19.59,Low,Clear,Afternoon,Mon,Rural,1.39,2,1.7,4.13,Scooter,1,45.9,68.4
ORD102029,4.74,High,Clear,Afternoon,Sat,Suburban,0.28,0,1.7,4.38,Scooter,0,49.0,25.84
ORD102030,4.47,Low,Rain,Afternoon,Thu,Suburban,1.5,0,5.1,4.73,Electric_Two_Wheeler,1,76.0,25.49
ORD102031,4.29,Medium,Clear,Afternoon,Thu,Suburban,5.49,0,2.3,4.53,Motorcycle,1,64.5,25.58
ORD102032,2.95,Medium,Clear,Evening,Sun,Urban,0.22,1,4.4,4.69,Motorcycle,0,83.5,25.12
ORD102033,3.44,Severe,Clear,Afternoon,Thu,Urban,1.11,1,6.1,4.56,Motorcycle,0,45.7,32.07
ORD102034,12.06,Medium,Clear,Night,Sun,Suburban,3.06,0,2.1,4.68,Scooter,0,76.9,43.81
ORD102035,3.03,Medium,Fog,Afternoon,Tue,Urban,0.54,1,0.8,3.4,Motorcycle,1,81.4,39.28
ORD102036,4.29,Low,Clear,Morning,Tue,Urban,0.36,0,1.7,3.94,Scooter,0,15.7,20.25
ORD102037,4.31,Low,Clear,Night,Wed,Suburban,2.19,0,4.8,3.86,Scooter,0,43.8,14.07
ORD102038,3.22,Low,Clear,Evening,Mon,Urban,0.22,0,2.2,3.82,Motorcycle,0,89.7,19.3
ORD102039,3.15,Low,Rain,Morning,Wed,Suburban,3.44,1,5.7,4.3,Motorcycle,0,73.4,22.86
ORD102040,3.71,High,Rain,Evening,Tue,Rural,0.34,0,5.6,3.72,Scooter,1,47.7,34.02
ORD102041,6.44,Medium,Clear,Afternoon,Fri,Urban,1.69,2,1.2,3.92,Scooter,1,26.5,43.82
ORD102042,8.75,Medium,Rain,Evening,Wed,Urban,2.9,0,1.5,4.26,Motorcycle,1,18.7,55.02
ORD102043,1.76,Low,Clear,Afternoon,Sat,Urban,0.75,2,2.8,3.66,Motorcycle,1,30.6,25.49
ORD102044,10.74,High,Extreme_Heat,Evening,Tue,Urban,0.42,0,0.3,4.11,Scooter,0,32.0,55.79
ORD102045,5.92,High,Clear,Morning,Tue,Urban,0.59,0,1.6,4.56,Scooter,0,43.4,30.75
ORD102046,6.09,Low,Rain,Afternoon,Fri,Urban,4.06,0,0.4,3.81,Electric_Two_Wheeler,0,25.9,34.52
ORD102047,2.58,High,Clear,Night,Fri,Urban,2.65,0,4.7,4.62,Motorcycle,0,23.1,21.46
ORD102048,14.74,Medium,Clear,Evening,Fri,Urban,0.64,3,7.2,3.98,Electric_Two_Wheeler,1,86.0,78.27
ORD102049,2.39,Low,Clear,Morning,Mon,Suburban,2.72,0,0.4,4.41,Scooter,0,32.5,10.4
ORD102050,4.5,Medium,Fog,Afternoon,Sat,Suburban,2.67,0,2.8,3.86,Motorcycle,0,60.5,29.96
ORD102051,4.89,Medium,Clear,Afternoon,Tue,Suburban,12.37,1,2.5,4.48,Scooter,0,27.9,27.46
ORD102052,10.33,Low,Extreme_Heat,Evening,Fri,Urban,1.19,0,3.6,4.18,Motorcycle,0,54.3,47.07
ORD102053,2.51,Severe,Clear,Evening,Mon,Urban,4.2,0,3.0,4.49,Scooter,0,34.9,33.82
ORD102054,4.64,High,Clear,Evening,Thu,Suburban,1.38,1,0.6,4.08,Scooter,1,17.8,38.11
ORD102055,1.4,High,Clear,Afternoon,Sat,Urban,4.76,0,0.9,4.52,Scooter,1,98.4,24.05
ORD102056,4.11,Medium,Fog,Evening,Sun,Urban,0.39,2,0.5,4.64,Motorcycle,1,51.2,41.89
ORD102057,5.15,Medium,Clear,Afternoon,Sun,Suburban,0.59,0,6.4,4.35,Motorcycle,1,45.4,26.44
ORD102058,2.87,High,Fog,Morning,Thu,Urban,3.99,1,1.8,4.11,Motorcycle,0,27.9,38.32
ORD102059,1.57,Medium,Extreme_Heat,Evening,Thu,Urban,3.62,1,9.3,4.21,Electric_Two_Wheeler,1,54.6,22.23
ORD102060,10.92,Low,Extreme_Heat,Night,Tue,Suburban,0.93,0,1.5,3.79,Motorcycle,0,67.2,43.85
ORD102061,2.01,Medium,Clear,Evening,Mon,Rural,2.02,0,2.0,4.38,Motorcycle,1,37.4,19.55
ORD102062,2.16,High,Rain,Evening,Mon,Urban,1.16,2,3.9,4.55,Electric_Two_Wheeler,1,53.2,41.74
ORD102063,2.57,Medium,Rain,Evening,Thu,Urban,0.22,0,4.0,4.93,Motorcycle,0,31.3,22.51
ORD102064,8.25,Low,Clear,Night,Sat,Suburban,0.25,0,0.7,4.82,Scooter,0,57.5,34.8
ORD102065,3.79,High,Rain,Afternoon,Wed,Suburban,0.31,2,0.9,3.91,Electric_Two_Wheeler,1,80.8,50.44
ORD102066,1.41,Low,Clear,Afternoon,Thu,Urban,2.0,2,0.3,4.38,Scooter,0,15.4,14.48
ORD102067,2.61,Low,Clear,Night,Tue,Suburban,0.85,1,4.1,4.25,Motorcycle,0,56.6,15.86
ORD102068,8.22,Low,Clear,Night,Thu,Rural,0.51,1,3.9,4.79,Scooter,0,45.9,29.5
ORD102069,1.65,Medium,Clear,Afternoon,Sat,Urban,5.86,2,0.2,4.02,Motorcycle,1,16.7,28.04
ORD102070,2.0,High,Clear,Afternoon,Sat,Rural,0.46,0,0.7,4.65,Motorcycle,0,94.6,21.33
ORD102071,2.09,Medium,,Afternoon,Thu,Rural,2.44,1,1.5,3.91,Scooter,1,33.4,27.07
ORD102072,3.88,Low,Rain,Morning,Mon,Urban,4.69,1,2.0,4.26,Motorcycle,0,60.8,22.32
ORD102073,4.35,High,Clear,Night,Thu,Suburban,0.56,3,1.8,3.95,Motorcycle,0,43.5,31.8
ORD102074,3.51,High,Clear,Afternoon,Fri,Urban,0.68,0,10.2,3.51,Scooter,0,34.4,29.25
ORD102075,3.76,High,Clear,Night,Fri,Suburban,1.91,0,3.6,3.94,Scooter,0,57.4,24.63
ORD102076,1.88,Low,Clear,Morning,Wed,Suburban,1.62,0,0.3,4.2,Scooter,0,72.0,12.01
ORD102077,3.48,Medium,Rain,Afternoon,Tue,Urban,1.67,0,0.9,4.87,Motorcycle,0,80.7,24.67
ORD102078,3.43,Severe,Clear,Morning,Tue,Suburban,1.82,2,1.1,3.87,Motorcycle,0,67.1,39.39
ORD102079,2.11,High,Rain,Evening,Sun,Suburban,6.19,4,0.9,4.06,Electric_Two_Wheeler,0,57.4,46.32
ORD102080,8.84,Low,Clear,Evening,Mon,Urban,0.31,0,3.9,3.72,Scooter,0,80.0,37.74
ORD102081,7.81,Low,Rain,Evening,Tue,Urban,3.06,1,1.1,4.76,Scooter,1,56.6,48.57
ORD102082,1.71,Medium,Clear,Morning,Wed,Urban,0.73,2,1.7,4.12,Scooter,0,97.7,16.84
ORD102083,5.31,Severe,Clear,Morning,Fri,Suburban,1.14,1,1.9,4.16,Scooter,0,57.4,43.67
ORD102084,5.03,Medium,Rain,Morning,Mon,Rural,0.39,0,0.8,4.16,Motorcycle,0,38.6,29.0
ORD102085,4.61,Medium,Clear,Afternoon,Sat,Suburban,1.38,0,1.0,3.52,Electric_Two_Wheeler,0,50.2,22.0
ORD102086,3.44,Low,Rain,Evening,Fri,Urban,3.46,1,3.8,3.71,Scooter,1,54.1,33.49
ORD102087,4.57,High,Rain,Evening,Wed,Urban,0.41,1,5.0,3.92,Electric_Two_Wheeler,0,35.5,36.33
ORD102088,3.55,High,Clear,Evening,Mon,Urban,0.84,1,0.1,4.55,Scooter,0,24.3,32.92
ORD102089,2.56,Medium,Clear,Afternoon,Thu,Urban,1.13,0,2.3,3.3,Electric_Two_Wheeler,1,48.8,27.22
ORD102090,5.25,High,Clear,Afternoon,Tue,Urban,0.42,0,2.5,4.52,Scooter,1,90.7,38.33
ORD102091,1.09,Severe,Extreme_Heat,Morning,Wed,Urban,3.07,0,3.3,4.44,Electric_Two_Wheeler,0,33.0,26.37
ORD102092,6.2,Low,Rain,Morning,Mon,Urban,3.29,1,3.0,3.57,Scooter,0,42.6,34.72
ORD102093,4.0,Medium,Clear,Evening,Fri,Rural,3.81,0,5.2,4.17,Electric_Two_Wheeler,1,78.2,24.94
ORD102094,3.03,Low,,Evening,Mon,Suburban,1.95,1,0.2,4.77,Scooter,0,17.4,19.44
ORD102095,6.08,High,Clear,Morning,Thu,Suburban,1.62,1,1.2,3.87,Scooter,0,84.3,44.5
ORD102096,4.61,Medium,Fog,Morning,Wed,Urban,0.81,1,3.8,4.08,Motorcycle,0,74.8,32.08
ORD102097,8.87,Medium,Clear,Night,Mon,Rural,2.33,1,4.7,5.0,Scooter,0,59.5,34.81
ORD102098,7.31,High,Clear,Evening,Sat,Suburban,1.38,1,0.8,4.43,Motorcycle,1,28.9,46.75
ORD102099,2.13,Medium,Fog,Evening,Wed,Suburban,7.27,0,2.2,4.2,Electric_Two_Wheeler,0,18.3,27.69
ORD102100,2.89,Severe,Clear,Afternoon,Wed,Urban,7.1,1,0.5,4.11,Motorcycle,0,30.9,35.09
ORD102101,2.62,Medium,Clear,Afternoon,Fri,Urban,4.91,0,4.8,4.45,Motorcycle,1,78.5,26.6
ORD102102,2.63,Low,Extreme_Heat,Night,Sun,Urban,1.09,1,3.3,4.57,Scooter,0,94.0,22.85
ORD102103,9.88,High,Rain,Evening,Tue,Urban,1.12,0,0.6,3.44,Motorcycle,0,76.4,58.38
ORD102104,1.68,High,Clear,Afternoon,Sun,Suburban,4.03,0,2.4,3.41,Motorcycle,1,57.5,22.23
ORD102105,7.5,Medium,Clear,Evening,Sat,Rural,2.81,0,1.8,3.9,Electric_Two_Wheeler,1,95.6,32.84
ORD102106,10.04,High,Clear,Evening,Thu,Urban,2.64,1,0.7,4.24,Scooter,1,84.6,60.61
ORD102107,6.68,Severe,Clear,Afternoon,Mon,Urban,0.86,0,5.6,4.33,Motorcycle,1,69.0,45.33
ORD102108,5.56,Low,Fog,Afternoon,Sun,Suburban,3.78,2,0.4,3.62,Scooter,0,13.4,42.23
ORD102109,1.65,Severe,Clear,Morning,Tue,Urban,1.93,0,1.6,4.22,Scooter,0,35.9,27.0
ORD102110,1.47,Low,Rain,Morning,Fri,Suburban,1.38,0,2.2,4.27,Scooter,0,37.7,19.19
ORD102111,4.98,Low,Extreme_Heat,Evening,Tue,Suburban,4.21,1,4.3,3.96,Scooter,1,41.3,30.06
ORD102112,3.37,Low,Clear,Afternoon,Wed,Urban,1.2,1,0.4,4.09,Scooter,0,45.0,27.18
ORD102113,1.77,High,Clear,Evening,Wed,Suburban,2.32,1,2.3,4.01,Scooter,0,94.5,24.5
ORD102114,6.21,High,Clear,Night,Thu,Urban,1.45,4,0.0,4.49,Motorcycle,0,76.8,52.8
ORD102115,5.39,Low,Extreme_Heat,Morning,Sat,Suburban,2.0,0,4.3,4.3,Scooter,0,72.3,21.99
ORD102116,6.22,Medium,Fog,Afternoon,Mon,Suburban,0.28,0,0.7,3.84,Electric_Two_Wheeler,0,48.4,37.85
ORD102117,6.28,Medium,Clear,Evening,Mon,Suburban,1.44,2,3.2,4.68,Scooter,1,40.4,38.59
ORD102118,7.63,Low,Rain,Evening,Fri,Urban,1.83,0,2.3,3.75,Scooter,1,20.8,38.47
ORD102119,3.05,High,Clear,Evening,Thu,Urban,1.56,0,0.1,3.61,Motorcycle,0,50.8,25.21
ORD102120,1.89,High,Extreme_Heat,Afternoon,Mon,Urban,3.96,0,0.5,4.2,Motorcycle,0,28.5,28.28
ORD102121,9.59,Medium,Clear,Afternoon,Sat,Urban,0.95,0,0.8,4.2,Motorcycle,0,45.2,43.7
ORD102122,1.47,Severe,Clear,Evening,Wed,Suburban,4.51,1,5.4,4.33,Motorcycle,0,24.1,27.23
ORD102123,1.58,Medium,Fog,Night,Thu,Urban,1.23,1,1.6,3.83,Scooter,0,41.0,25.59
ORD102124,2.62,Severe,Clear,Afternoon,Tue,Suburban,2.57,2,6.1,4.66,Motorcycle,1,13.9,49.16
ORD102125,8.82,High,Clear,Night,Sun,Urban,0.38,1,0.1,4.99,Motorcycle,0,10.5,53.86
ORD102126,2.83,Medium,Clear,Afternoon,Sun,Urban,0.65,3,0.0,4.29,Scooter,1,88.3,30.5
ORD102127,1.59,Low,Clear,Night,Thu,Suburban,3.06,0,7.4,4.43,Motorcycle,0,67.7,6.6
ORD102128,2.16,High,,Evening,Thu,Urban,0.22,1,3.2,3.45,Motorcycle,0,62.9,23.8
ORD102129,2.12,Medium,Extreme_Heat,Afternoon,Sat,Suburban,7.12,1,3.8,4.13,Scooter,1,56.2,25.71
ORD102130,4.41,Low,Clear,Evening,Sat,Urban,0.62,0,6.2,4.02,Motorcycle,0,75.4,19.76
ORD102131,2.44,Low,Clear,Afternoon,Mon,Rural,4.83,0,10.4,3.96,Electric_Two_Wheeler,1,76.3,11.95
ORD102132,0.64,Medium,Rain,Afternoon,Sun,Suburban,1.65,2,0.3,4.04,Motorcycle,1,94.2,28.24
ORD102133,17.64,Medium,Clear,Morning,Fri,Suburban,1.86,0,0.4,4.08,Scooter,0,32.0,65.04
ORD102134,1.0,High,Clear,Morning,Fri,Urban,0.38,0,0.5,3.72,Electric_Two_Wheeler,0,80.7,13.46
ORD102135,1.36,High,Rain,Afternoon,Sat,Urban,1.11,0,4.3,4.11,Scooter,1,99.2,22.46
ORD102136,6.07,Low,Fog,Evening,Mon,Rural,0.54,4,1.1,3.88,Scooter,0,12.6,49.59
ORD102137,1.8,High,Rain,Evening,Mon,Suburban,1.69,2,2.2,4.62,Scooter,1,43.7,40.49
ORD102138,5.74,Low,Rain,Morning,Mon,Urban,1.8,0,4.8,4.43,Motorcycle,0,49.2,31.96
ORD102139,5.08,High,Clear,Night,Sat,Urban,2.67,1,2.9,4.43,Electric_Two_Wheeler,0,84.0,36.57
ORD102140,2.75,High,Extreme_Heat,Evening,Fri,Urban,4.41,1,0.2,4.69,Motorcycle,1,11.2,37.63
ORD102141,5.7,Medium,Clear,Night,Mon,Urban,1.46,0,1.5,3.97,Electric_Two_Wheeler,0,63.9,39.45
ORD102142,3.44,High,Rain,Evening,Sat,Suburban,0.73,0,0.2,4.41,Scooter,0,90.3,32.21
ORD102143,6.21,Medium,Clear,Morning,Tue,Urban,1.01,3,1.6,4.73,Scooter,0,23.3,50.42
ORD102144,8.82,Medium,Extreme_Heat,Afternoon,Tue,Urban,3.96,0,0.6,3.94,Motorcycle,0,20.4,50.83
ORD102145,1.73,High,,Evening,Wed,Suburban,0.52,0,0.0,3.49,Electric_Two_Wheeler,0,100.0,27.84
ORD102146,4.28,Medium,Rain,Morning,Tue,Urban,2.17,3,4.2,4.02,Motorcycle,0,84.3,39.62
ORD102147,4.45,Medium,Clear,Morning,Thu,Suburban,0.23,1,8.7,4.68,Scooter,0,72.8,24.3
ORD102148,4.37,Medium,Clear,Morning,Wed,Rural,0.76,0,8.3,3.92,Scooter,0,45.9,17.33
ORD102149,5.81,High,Rain,Afternoon,Tue,Urban,1.99,1,0.9,4.11,Scooter,1,86.9,51.37
ORD102150,5.14,Medium,Rain,Afternoon,Thu,Suburban,1.42,1,4.4,3.99,Scooter,1,93.0,41.05
ORD102151,1.61,Low,Clear,Afternoon,Tue,Urban,1.56,0,2.8,4.22,Scooter,1,75.9,11.84
ORD102152,1.8,High,Extreme_Heat,Morning,Sat,Urban,2.36,0,4.0,3.88,Electric_Two_Wheeler,0,45.8,31.38
ORD102153,3.2,High,Fog,Evening,Sun,Urban,0.73,0,4.7,3.71,Motorcycle,0,62.5,30.26
ORD102154,4.33,Low,Clear,Evening,Thu,Urban,0.86,1,9.8,4.12,Motorcycle,1,18.9,19.91
ORD102155,4.51,Low,Fog,Afternoon,Mon,Urban,2.51,0,0.4,4.19,Scooter,0,24.2,29.68
ORD102156,4.76,Low,Clear,Morning,Sat,Urban,1.75,1,3.7,4.75,Scooter,0,80.5,21.5
ORD102157,5.3,Medium,Clear,Morning,Sun,Suburban,0.23,0,3.3,4.33,Motorcycle,0,12.6,27.1
ORD102158,5.21,Medium,Clear,Afternoon,Thu,Suburban,2.42,0,0.8,3.83,Electric_Two_Wheeler,1,14.4,33.1
ORD102159,3.73,High,Clear,Morning,Sat,Rural,2.14,0,1.2,4.01,Motorcycle,0,55.7,25.83
ORD102160,8.86,High,Rain,Afternoon,Mon,Suburban,0.36,2,0.5,4.59,Electric_Two_Wheeler,1,25.3,63.51
ORD102161,1.51,Medium,Clear,Evening,Thu,Urban,2.95,1,6.1,4.13,Motorcycle,0,36.4,13.52
ORD102162,1.01,Medium,Rain,Afternoon,Thu,Urban,1.68,2,5.3,3.86,Scooter,0,45.9,23.58
ORD102163,4.21,High,Rain,Morning,Sun,Urban,0.66,0,2.4,4.33,Scooter,0,57.0,37.34
ORD102164,4.88,Medium,Rain,Afternoon,Sat,Urban,1.84,0,1.8,3.98,Motorcycle,1,35.5,35.66
ORD102165,4.21,Severe,Clear,Evening,Tue,Suburban,2.01,1,0.7,4.49,Scooter,0,53.5,32.3
ORD102166,2.77,Medium,Fog,Night,Thu,Urban,5.25,1,3.9,4.45,Scooter,0,43.4,32.14
ORD102167,5.04,Low,Clear,Evening,Tue,Urban,2.91,0,0.0,3.84,Scooter,1,17.3,29.16
ORD102168,2.06,High,Clear,Evening,Thu,Urban,0.92,2,1.6,5.0,Scooter,1,88.0,31.76
ORD102169,1.41,Medium,Clear,Afternoon,Fri,Urban,0.45,0,4.9,4.25,Electric_Two_Wheeler,0,35.3,13.7
ORD102170,7.32,High,Clear,Afternoon,Wed,Urban,4.04,0,2.4,3.23,Scooter,0,64.8,40.27
ORD102171,2.58,Low,Fog,Night,Tue,Urban,3.94,0,2.5,4.45,Scooter,0,61.3,25.51
ORD102172,4.1,Low,Clear,Morning,Tue,Suburban,0.59,1,0.2,3.26,Motorcycle,0,27.9,18.14
ORD102173,2.39,High,Rain,Night,Sun,Urban,0.33,1,0.8,4.72,Motorcycle,0,12.7,41.98
ORD102174,2.64,Low,Clear,Evening,Mon,Suburban,2.69,3,2.8,4.32,Motorcycle,1,87.1,24.18
ORD102175,6.41,High,Clear,Evening,Fri,Urban,2.76,0,0.1,4.24,Electric_Two_Wheeler,0,54.8,36.58
ORD102176,3.88,Low,Extreme_Heat,Morning,Mon,Urban,0.59,2,1.0,4.27,Motorcycle,0,47.3,26.7
ORD102177,3.91,Medium,Rain,Evening,Fri,Suburban,2.41,0,1.1,4.5,Motorcycle,0,78.7,27.91
ORD102178,1.39,High,Clear,Afternoon,Fri,Suburban,0.85,2,1.7,4.07,Scooter,1,13.0,32.77
ORD102179,3.69,Medium,Clear,Morning,Sat,Urban,0.8,0,1.1,4.26,Motorcycle,0,78.9,23.3
ORD102180,2.33,Medium,Clear,Afternoon,Sat,Suburban,0.98,2,1.5,4.31,Motorcycle,0,46.8,24.53
ORD102181,13.15,Low,Clear,Night,Sat,Urban,1.67,0,2.0,3.11,Motorcycle,0,59.6,56.36
ORD102182,2.18,Low,Rain,Afternoon,Thu,Urban,3.46,1,0.3,4.5,Electric_Two_Wheeler,0,77.7,23.67
ORD102183,8.71,Medium,Rain,Afternoon,Sun,Suburban,1.58,0,0.5,4.57,Motorcycle,1,59.2,52.27
ORD102184,4.24,High,Clear,Morning,Mon,Suburban,0.91,1,4.5,4.45,Motorcycle,0,15.6,26.47
ORD102185,1.73,Severe,Extreme_Heat,Evening,Wed,Urban,4.51,0,1.5,4.42,Scooter,1,75.6,28.65
ORD102186,6.4,High,Clear,Evening,Fri,Urban,0.31,0,1.1,4.9,Scooter,0,80.8,37.84
ORD102187,8.4,High,Clear,Evening,Fri,Suburban,3.39,1,1.4,4.25,Scooter,0,51.6,45.1
ORD102188,10.76,High,Clear,Afternoon,Sun,Urban,3.27,0,0.5,4.26,Scooter,1,49.5,56.48
ORD102189,4.56,High,Rain,Afternoon,Tue,Urban,0.78,0,0.7,4.01,Scooter,0,32.7,36.98
ORD102190,2.34,Low,Clear,Evening,Thu,Urban,0.64,0,1.8,3.5,Scooter,1,68.0,22.15
ORD102191,2.31,Severe,Clear,Morning,Wed,Rural,4.35,2,1.1,4.45,Motorcycle,0,89.4,36.85
ORD102192,4.73,High,Clear,Night,Sat,Urban,1.84,0,1.6,4.05,Motorcycle,0,69.0,30.25
ORD102193,1.37,Medium,Clear,Evening,Fri,Suburban,0.29,0,0.4,3.5,Motorcycle,1,79.4,19.74
ORD102194,1.79,Low,Fog,Afternoon,Tue,Suburban,4.63,0,0.4,4.24,Motorcycle,1,85.4,26.84
ORD102195,3.9,Medium,Clear,Afternoon,Mon,Urban,1.06,0,1.2,4.22,Scooter,1,30.4,24.55
ORD102196,6.26,Medium,Clear,Evening,Fri,Suburban,1.04,0,1.2,4.17,Electric_Two_Wheeler,1,46.2,31.41
ORD102197,3.16,High,Rain,Morning,Tue,Rural,2.26,0,5.4,4.32,Scooter,0,49.2,30.39
ORD102198,10.63,Medium,Extreme_Heat,Afternoon,Mon,Urban,2.37,2,0.1,3.64,Electric_Two_Wheeler,1,60.3,57.33
ORD102199,5.04,Medium,Extreme_Heat,Evening,Thu,Urban,1.07,0,12.4,4.66,Scooter,0,14.4,25.14
ORD102200,3.0,Severe,Clear,Afternoon,Sat,Rural,0.51,1,7.8,4.44,Motorcycle,1,63.0,31.79
ORD102201,2.36,Low,Clear,Evening,Sun,Suburban,1.81,0,2.0,4.76,Scooter,0,18.0,17.55
ORD102202,1.86,Medium,Clear,Morning,Mon,Urban,2.16,0,3.2,4.04,Scooter,0,82.6,12.04
ORD102203,5.77,Low,Clear,Evening,Fri,Suburban,4.14,0,6.8,4.44,Scooter,1,96.7,29.04
ORD102204,2.21,High,Extreme_Heat,Morning,Wed,Suburban,1.53,0,0.7,3.52,Motorcycle,0,36.1,23.48
ORD102205,4.74,Severe,Clear,Morning,Mon,Suburban,2.28,0,0.9,3.93,Scooter,0,55.6,42.07
ORD102206,1.57,Low,Clear,Night,Wed,Rural,0.31,0,0.3,3.72,Motorcycle,0,84.1,10.44
ORD102207,1.79,High,Clear,Evening,Wed,Urban,4.7,1,2.1,4.37,Scooter,1,38.3,32.56
ORD102208,3.68,Low,Clear,Afternoon,Mon,Urban,0.99,0,0.4,3.82,Scooter,0,24.2,20.45
ORD102209,1.8,Severe,Rain,Morning,Sun,Suburban,2.2,0,6.7,4.09,Electric_Two_Wheeler,0,76.5,29.79
ORD102210,7.49,High,Clear,Evening,Sun,Urban,5.16,0,1.4,4.26,Electric_Two_Wheeler,0,72.9,41.27
ORD102211,1.19,High,Clear,Afternoon,Thu,Suburban,3.53,1,6.3,4.1,Motorcycle,0,61.3,20.01
ORD102212,1.61,Low,Clear,Night,Sun,Urban,2.23,1,0.6,3.74,Scooter,0,95.0,13.55
ORD102213,7.85,Severe,Clear,Night,Mon,Urban,2.63,1,3.0,4.92,Scooter,0,96.0,55.28
ORD102214,7.1,High,Clear,Evening,Sun,Urban,5.27,0,2.6,,Electric_Two_Wheeler,1,87.5,52.6
ORD102215,7.9,Medium,Rain,Afternoon,Tue,Suburban,3.54,4,1.3,4.93,Scooter,0,36.4,54.41
ORD102216,1.93,High,Clear,Afternoon,Sat,Suburban,2.08,0,5.7,3.85,Motorcycle,0,30.3,21.28
ORD102217,3.61,Low,Rain,Evening,Wed,Urban,2.35,1,1.4,4.12,Scooter,0,85.2,29.57
ORD102218,4.24,High,Extreme_Heat,Morning,Sat,Urban,0.52,1,0.6,4.3,Electric_Two_Wheeler,0,68.6,28.05
ORD102219,3.15,Low,,Afternoon,Fri,Urban,1.47,1,9.4,4.88,Scooter,1,45.7,27.01
ORD102220,5.4,High,Extreme_Heat,Morning,Wed,Suburban,0.92,0,1.5,4.93,Scooter,0,46.9,35.63
ORD102221,6.8,Medium,Clear,Morning,Fri,Urban,1.33,0,0.6,4.09,Motorcycle,0,86.8,30.04
ORD102222,3.52,Low,Clear,Morning,Tue,Suburban,2.37,2,1.1,3.97,Electric_Two_Wheeler,0,24.7,17.8
ORD102223,1.71,Low,Clear,Afternoon,Tue,Urban,0.52,0,2.4,4.26,Electric_Two_Wheeler,1,95.0,17.62
ORD102224,5.3,Low,Fog,Evening,Sat,Urban,0.24,0,1.8,4.75,Motorcycle,1,67.0,42.53
ORD102225,4.05,Medium,Extreme_Heat,Afternoon,Tue,Suburban,1.21,0,2.5,4.32,Motorcycle,1,81.2,28.5
ORD102226,6.34,Medium,Fog,Afternoon,Mon,Urban,0.98,0,2.7,4.39,Motorcycle,1,43.4,43.6
ORD102227,5.41,Medium,Clear,Morning,Wed,Urban,1.29,0,0.3,4.74,Motorcycle,0,62.8,36.57
ORD102228,8.12,Low,Extreme_Heat,Evening,Fri,Urban,5.55,0,0.9,4.68,Electric_Two_Wheeler,1,77.5,45.83
ORD102229,4.0,Low,Clear,Afternoon,Sun,Urban,2.66,0,3.5,4.69,Motorcycle,1,49.2,20.15
ORD102230,9.42,High,Clear,Evening,Sat,Urban,0.99,2,2.6,4.55,Motorcycle,1,53.9,57.39
ORD102231,9.12,Low,Clear,Night,Sat,Urban,0.6,0,0.2,4.84,Motorcycle,0,62.4,45.42
ORD102232,5.88,Severe,Clear,Morning,Tue,Suburban,2.13,2,0.9,3.81,Motorcycle,0,15.7,46.79
ORD102233,6.91,High,Clear,Morning,Tue,Suburban,2.34,0,6.7,5.0,Electric_Two_Wheeler,0,87.7,32.37
ORD102234,8.17,High,Clear,Afternoon,Fri,Suburban,1.52,0,5.0,4.72,Scooter,1,88.0,45.72
ORD102235,3.31,Medium,Clear,Night,Wed,Urban,0.68,0,2.8,4.24,Scooter,0,35.3,19.98
ORD102236,8.26,High,Rain,Evening,Wed,Suburban,0.26,0,0.2,4.74,Motorcycle,1,89.2,52.95
ORD102237,4.78,Low,Fog,Night,Sat,Suburban,0.82,0,2.3,4.16,Scooter,0,77.1,28.93
ORD102238,6.05,Low,Rain,Afternoon,Fri,Urban,1.42,1,0.0,4.49,Motorcycle,0,53.5,36.6
ORD102239,6.65,Low,Clear,Night,Sat,Suburban,3.3,1,2.7,4.54,Electric_Two_Wheeler,0,41.3,33.04
ORD102240,5.88,High,Fog,Morning,Sun,Rural,4.04,1,3.3,4.64,Motorcycle,0,45.9,36.76
ORD102241,4.18,Low,Extreme_Heat,Morning,Thu,Urban,1.27,1,1.7,4.12,Electric_Two_Wheeler,0,58.1,27.18
ORD102242,7.36,Medium,Clear,Night,Wed,Rural,3.38,0,0.0,4.65,Scooter,0,47.1,27.54
ORD102243,15.09,Severe,Clear,Night,Fri,Urban,10.23,0,2.7,4.12,Electric_Two_Wheeler,0,47.8,83.24
ORD102244,15.74,High,Clear,Morning,Sun,Urban,2.72,1,4.3,,Motorcycle,0,28.3,72.55
ORD102245,5.02,Medium,Clear,Morning,Fri,Urban,2.81,0,2.2,4.29,Scooter,0,73.7,33.28
ORD102246,7.79,Low,Rain,Morning,Sat,Suburban,5.01,0,3.1,3.57,Motorcycle,0,64.9,33.72
ORD102247,15.24,High,Fog,Morning,Tue,Urban,1.03,0,0.2,4.01,Electric_Two_Wheeler,0,99.3,77.61
ORD102248,3.07,Medium,Clear,Morning,Fri,Suburban,0.22,1,3.1,4.64,Scooter,0,22.7,25.41
ORD102249,6.0,Low,Fog,Night,Sat,Suburban,8.88,0,2.4,4.18,Motorcycle,0,20.2,31.03
ORD102250,6.12,Low,Fog,Evening,Mon,Suburban,1.55,1,1.0,4.79,Electric_Two_Wheeler,0,56.4,40.95
ORD102251,14.64,Severe,Extreme_Heat,Evening,Tue,Urban,3.28,0,2.9,3.81,Scooter,1,23.7,81.26
ORD102252,8.92,High,Clear,Evening,Tue,Rural,3.55,0,2.6,4.58,Motorcycle,1,65.0,43.91
ORD102253,4.17,High,Extreme_Heat,Afternoon,Wed,Suburban,1.21,2,2.3,4.28,Motorcycle,1,27.7,43.87
ORD102254,4.53,High,Clear,Evening,Thu,Urban,1.76,2,0.5,4.2,Scooter,0,53.5,37.73
ORD102255,2.51,Medium,Clear,Evening,Wed,Suburban,1.75,0,0.9,3.83,Motorcycle,0,65.0,14.87
ORD102256,1.86,Medium,Clear,Afternoon,Mon,Suburban,0.7,1,11.9,4.38,Scooter,0,51.2,15.4
ORD102257,5.68,Medium,Clear,Evening,Sat,Suburban,0.45,0,1.4,3.9,Motorcycle,1,38.8,25.68
ORD102258,5.31,Medium,Rain,Afternoon,Tue,Urban,1.77,0,0.2,4.05,Scooter,0,80.4,30.67
ORD102259,3.64,Medium,Clear,Evening,Tue,Urban,0.46,0,5.7,4.24,Scooter,1,86.9,25.53
ORD102260,2.41,High,Clear,Night,Sun,Urban,1.05,0,0.5,,Motorcycle,0,35.0,28.37
ORD102261,3.11,Medium,Clear,Afternoon,Fri,Urban,0.61,2,1.3,4.71,Scooter,1,83.2,37.49
ORD102262,12.37,High,Rain,Evening,Thu,Suburban,2.65,0,0.8,3.26,Scooter,0,45.2,62.2
ORD102263,2.24,Medium,Clear,Morning,Thu,Rural,4.31,1,8.3,4.23,Motorcycle,0,53.9,11.57
ORD102264,1.43,Medium,Fog,Evening,Fri,Rural,1.93,1,1.2,4.15,Electric_Two_Wheeler,1,30.9,30.81
ORD102265,5.84,Medium,Clear,Afternoon,Mon,Suburban,1.26,1,3.1,4.3,Electric_Two_Wheeler,0,66.3,27.77
ORD102266,3.02,Medium,Clear,Morning,Thu,Suburban,11.59,0,2.3,4.08,Motorcycle,0,19.1,24.3
ORD102267,6.59,High,Clear,Afternoon,Tue,Urban,0.24,0,0.1,4.71,Electric_Two_Wheeler,1,63.2,46.51
ORD102268,6.11,Low,Clear,Evening,Mon,Suburban,0.93,0,1.2,4.2,Electric_Two_Wheeler,1,99.1,31.63
ORD102269,1.6,Medium,Clear,Morning,Wed,Urban,0.85,3,1.2,4.35,Scooter,0,77.8,29.89
ORD102270,5.73,Low,Clear,Night,Wed,Urban,1.08,1,11.5,4.66,Scooter,0,90.6,21.39
ORD102271,3.26,Medium,Extreme_Heat,Morning,Mon,Suburban,0.72,1,4.2,4.32,Scooter,0,51.8,21.86
ORD102272,7.41,Medium,Rain,Night,Tue,Urban,0.81,0,4.9,3.79,Motorcycle,0,22.8,45.52
ORD102273,7.41,High,Clear,Evening,Sun,Urban,0.8,2,0.9,4.13,Electric_Two_Wheeler,1,36.0,57.97
ORD102274,1.95,Severe,Clear,Afternoon,Wed,Suburban,1.61,0,1.0,,Motorcycle,0,14.4,29.64
ORD102275,1.51,Medium,Fog,Afternoon,Sat,Urban,1.19,2,1.8,3.64,Motorcycle,1,55.2,34.68
ORD102276,7.21,High,Clear,Evening,Tue,Urban,2.24,1,2.5,4.02,Scooter,1,68.5,52.08
ORD102277,6.68,Medium,Clear,Evening,Fri,Urban,1.64,0,3.3,4.27,Scooter,1,48.2,39.36
ORD102278,2.03,Medium,Rain,Evening,Thu,Urban,0.61,0,4.3,5.0,Motorcycle,1,60.7,28.67
ORD102279,7.27,Low,Rain,Afternoon,Sun,Urban,3.52,0,5.2,4.45,Electric_Two_Wheeler,1,38.9,38.14
ORD102280,3.83,Low,,Afternoon,Sun,Suburban,1.48,1,0.1,4.36,Scooter,1,17.7,32.02
ORD102281,0.95,Medium,Clear,Night,Mon,Urban,0.53,0,4.0,4.98,Electric_Two_Wheeler,0,48.9,11.35
ORD102282,2.86,Medium,Clear,Morning,Thu,Suburban,0.57,1,2.4,4.54,Scooter,0,59.3,17.07
ORD102283,3.03,Low,Rain,Afternoon,Fri,Urban,3.39,0,1.9,4.59,Motorcycle,0,98.4,19.64
ORD102284,0.75,Low,Clear,Afternoon,Wed,Urban,2.63,1,2.5,4.14,Motorcycle,1,41.3,14.39
ORD102285,8.19,Low,Clear,Evening,Sun,Suburban,1.61,0,5.3,3.79,Electric_Two_Wheeler,1,71.0,39.26
ORD102286,8.48,Severe,Clear,Evening,Sat,Suburban,0.93,0,2.0,4.4,Scooter,0,84.0,45.36
ORD102287,9.38,Medium,Clear,Afternoon,Tue,Suburban,1.43,0,0.4,5.0,Scooter,0,40.2,40.17
ORD102288,1.83,Medium,Extreme_Heat,Morning,Sun,Rural,2.22,0,1.4,4.91,Scooter,0,93.7,10.58
ORD102289,2.88,Low,Fog,Morning,Sun,Urban,4.43,2,6.5,4.56,Electric_Two_Wheeler,0,40.5,31.99
ORD102290,3.39,Medium,Rain,Afternoon,Tue,Urban,1.82,0,4.2,4.03,Scooter,0,97.3,24.08
ORD102291,1.58,Low,Clear,Afternoon,Fri,Suburban,0.85,0,0.6,3.68,Scooter,1,10.2,18.94
ORD102292,4.81,Low,Clear,Night,Mon,Urban,0.29,0,3.1,3.97,Motorcycle,0,67.1,23.31
ORD102293,2.11,Medium,Clear,Afternoon,Sun,Urban,0.59,1,0.7,4.39,Motorcycle,1,81.1,27.8
ORD102294,3.98,Low,Clear,Afternoon,Sun,Urban,2.3,1,1.1,4.11,Motorcycle,1,35.2,29.37
ORD102295,2.5,Low,Extreme_Heat,Night,Thu,Suburban,0.55,1,1.6,4.7,Electric_Two_Wheeler,0,20.5,25.82
ORD102296,5.66,Low,,Afternoon,Sat,Urban,1.51,0,1.5,3.7,Motorcycle,0,12.2,28.32
ORD102297,6.99,Low,Clear,Evening,Wed,Urban,2.6,0,0.1,4.25,Electric_Two_Wheeler,1,16.7,45.08
ORD102298,3.66,Low,Clear,Morning,Mon,Urban,0.94,1,3.7,3.99,Motorcycle,0,58.9,23.29
ORD102299,3.47,Medium,Rain,Afternoon,Sat,Suburban,2.41,0,4.7,4.7,Scooter,1,85.5,30.99
ORD102300,5.22,High,Clear,Night,Sat,Urban,1.94,1,1.9,4.52,Electric_Two_Wheeler,0,15.7,41.3
ORD102301,1.07,Medium,Clear,Evening,Fri,Urban,1.36,0,0.5,3.97,Motorcycle,1,20.2,19.27
ORD102302,2.86,Medium,Clear,Afternoon,Fri,Suburban,4.75,0,0.7,4.64,Scooter,0,10.5,22.06
ORD102303,2.13,Low,Fog,Evening,Tue,Rural,2.56,0,0.3,3.65,Motorcycle,1,35.4,25.62
ORD102304,8.58,Severe,Clear,Night,Wed,Suburban,1.09,1,0.5,3.59,Scooter,0,92.9,52.72
ORD102305,14.35,Medium,Extreme_Heat,Afternoon,Mon,Suburban,3.46,1,5.2,3.95,Scooter,1,34.9,70.94
ORD102306,1.61,Low,Fog,Afternoon,Tue,Urban,2.88,0,1.6,3.51,Motorcycle,1,49.7,31.45
ORD102307,4.24,Medium,Clear,Night,Sun,Urban,3.34,0,0.3,4.25,Motorcycle,0,26.1,26.06
ORD102308,1.84,Low,Rain,Morning,Wed,Urban,2.25,0,0.7,4.27,Motorcycle,0,20.5,22.34
ORD102309,2.07,Medium,Clear,Evening,Thu,Suburban,1.15,2,7.5,4.14,Scooter,0,26.4,24.64
ORD102310,4.27,Medium,Extreme_Heat,Evening,Thu,Urban,1.06,0,1.8,4.52,Electric_Two_Wheeler,1,28.9,36.09
ORD102311,3.29,High,Clear,Evening,Tue,Suburban,2.32,1,1.8,4.01,Scooter,1,21.7,34.81
ORD102312,4.22,Medium,Clear,Afternoon,Mon,Rural,0.48,1,1.9,3.78,Scooter,1,81.2,31.08
ORD102313,2.02,High,Clear,Afternoon,Wed,Urban,3.63,3,0.3,3.98,Scooter,1,53.0,39.42
ORD102314,4.27,Severe,Clear,Evening,Thu,Urban,1.13,1,8.8,3.81,Scooter,1,58.6,40.34
ORD102315,8.35,Low,Extreme_Heat,Morning,Thu,Urban,2.19,0,0.2,4.06,Scooter,0,43.7,38.49
ORD102316,6.3,Low,Clear,Afternoon,Mon,Urban,1.58,1,3.0,4.54,Motorcycle,0,29.0,27.08
ORD102317,1.46,Medium,Rain,Morning,Tue,Urban,1.67,2,0.1,3.6,Electric_Two_Wheeler,0,18.5,32.01
ORD102318,10.11,Medium,Clear,Morning,Fri,Suburban,2.88,0,1.5,4.16,Electric_Two_Wheeler,0,16.8,44.2
ORD102319,1.88,Medium,Extreme_Heat,Night,Sun,Urban,2.17,0,5.7,4.68,Motorcycle,0,26.7,19.95
ORD102320,2.09,Severe,Clear,Afternoon,Sat,Urban,0.78,0,3.7,4.73,Motorcycle,1,86.5,30.68
ORD102321,7.0,High,Clear,Night,Sun,Urban,0.35,1,1.0,4.03,Motorcycle,0,29.5,46.19
ORD102322,4.36,Medium,Clear,Morning,Wed,Rural,3.87,1,2.0,5.0,Motorcycle,0,41.9,25.8
ORD102323,3.6,Medium,Rain,Evening,Thu,Suburban,4.52,1,0.5,3.88,Motorcycle,1,61.5,42.63
ORD102324,3.14,High,Clear,Morning,Sat,Rural,0.56,0,7.8,4.21,Motorcycle,0,56.0,23.12
ORD102325,3.23,Severe,Clear,Evening,Sat,Rural,0.94,0,3.1,3.83,Motorcycle,0,69.9,27.51
ORD102326,3.31,High,Clear,Evening,Fri,Urban,0.86,0,1.2,4.47,Scooter,0,27.5,22.06
ORD102327,5.49,Low,Rain,Morning,Sat,Urban,5.74,2,1.0,5.0,Motorcycle,0,57.2,39.36
ORD102328,5.91,Medium,Clear,Night,Mon,Urban,0.66,0,0.7,5.0,Motorcycle,0,79.1,27.53
ORD102329,3.29,Low,Clear,Morning,Tue,Urban,0.56,2,3.9,4.64,Motorcycle,0,44.9,21.01
ORD102330,9.03,Low,Clear,Evening,Wed,Suburban,0.6,0,1.4,4.06,Scooter,0,97.5,30.41
ORD102331,4.31,Low,Fog,Night,Mon,Urban,2.82,0,1.0,4.23,Motorcycle,0,62.0,27.16
ORD102332,4.78,Medium,Extreme_Heat,Night,Tue,Urban,4.58,0,5.9,4.75,Electric_Two_Wheeler,0,70.7,32.64
ORD102333,7.85,High,Clear,Night,Mon,Suburban,1.2,0,0.4,4.6,Electric_Two_Wheeler,0,51.3,36.1
ORD102334,2.51,Low,Clear,Afternoon,Thu,Suburban,0.49,0,0.8,4.33,Scooter,1,87.2,17.14
ORD102335,5.56,Medium,Clear,Morning,Thu,Suburban,1.96,0,1.1,4.36,Scooter,0,50.6,22.27
ORD102336,2.28,Medium,Clear,Morning,Fri,Urban,0.67,0,0.8,4.72,Motorcycle,0,94.8,12.39
ORD102337,2.11,Medium,Clear,Afternoon,Mon,Suburban,0.33,0,2.2,4.82,Scooter,1,37.7,19.88
ORD102338,9.54,Low,Rain,Evening,Sun,Urban,4.55,0,2.3,3.7,Scooter,1,87.9,50.87
ORD102339,11.18,Medium,,Morning,Sat,Urban,4.29,0,0.1,4.39,Scooter,0,67.5,46.14
ORD102340,4.76,High,Extreme_Heat,Evening,Thu,Suburban,7.65,0,0.4,4.53,Motorcycle,1,81.9,34.34
ORD102341,2.81,Low,Clear,Afternoon,Tue,Rural,1.48,0,0.6,4.09,Motorcycle,0,13.4,9.21
ORD102342,5.38,Low,Rain,Afternoon,Fri,Urban,0.9,0,0.2,4.81,Motorcycle,0,35.0,31.58
ORD102343,4.15,Medium,Clear,Evening,Sat,Urban,3.14,1,0.3,4.18,Motorcycle,1,86.2,36.18
ORD102344,6.52,Severe,Clear,Afternoon,Wed,Urban,0.6,1,0.7,4.82,Motorcycle,1,38.7,48.93
ORD102345,4.08,High,Clear,Evening,Mon,Urban,0.76,0,1.1,4.15,Scooter,0,74.1,27.09
ORD102346,4.1,High,Clear,Morning,Sun,Suburban,0.79,1,3.9,4.4,Motorcycle,0,99.3,33.31
ORD102347,2.14,Medium,Clear,Evening,Thu,Urban,6.26,0,0.6,4.39,Scooter,0,25.9,17.49
ORD102348,2.95,Medium,Rain,Morning,Sun,Suburban,2.82,0,2.8,4.97,Motorcycle,0,47.6,23.84
ORD102349,3.56,Low,Extreme_Heat,Morning,Sat,Suburban,0.49,0,0.1,4.6,Scooter,0,24.9,21.22
ORD102350,5.58,Medium,Clear,Evening,Tue,Suburban,0.39,0,2.7,4.12,Motorcycle,1,23.9,29.93
ORD102351,2.66,Severe,Clear,Night,Mon,Urban,3.9,1,4.0,4.19,Motorcycle,0,67.0,31.09
ORD102352,10.4,Medium,Clear,Afternoon,Sun,Urban,3.44,1,2.3,4.19,Scooter,0,27.2,50.75
ORD102353,4.02,High,Clear,Afternoon,Tue,Urban,2.42,0,0.6,4.31,Scooter,0,53.4,24.7
ORD102354,1.63,High,Clear,Afternoon,Fri,Urban,0.64,1,1.0,3.92,Scooter,1,98.0,23.8
ORD102355,3.32,Low,Rain,Morning,Thu,Urban,1.51,1,4.1,4.27,Motorcycle,0,40.0,23.69
ORD102356,6.09,Severe,Extreme_Heat,Evening,Thu,Suburban,2.05,0,1.4,4.85,Scooter,1,88.6,50.67
ORD102357,3.37,Low,Extreme_Heat,Evening,Fri,Urban,5.58,0,0.7,4.83,Scooter,1,45.7,29.84
ORD102358,2.12,Medium,Clear,Morning,Tue,Suburban,0.57,0,6.7,3.67,Motorcycle,0,33.7,12.71
ORD102359,3.05,Low,Fog,Afternoon,Sun,Urban,1.65,0,2.5,3.61,Motorcycle,1,40.3,31.66
ORD102360,2.63,Low,Rain,Evening,Mon,Suburban,0.54,0,4.1,4.06,Scooter,0,21.5,23.14
ORD102361,5.49,Medium,Clear,Afternoon,Tue,Rural,1.37,0,0.1,3.59,Motorcycle,1,71.1,29.55
ORD102362,2.58,Low,Clear,Evening,Mon,Urban,0.65,0,1.0,3.79,Electric_Two_Wheeler,0,55.8,16.88
ORD102363,1.15,Medium,Fog,Morning,Sat,Suburban,3.82,0,1.5,4.44,Electric_Two_Wheeler,0,65.2,27.01
ORD102364,2.47,Medium,Clear,Evening,Fri,Suburban,0.79,1,2.2,4.28,Scooter,1,37.3,23.13
ORD102365,7.31,Low,Clear,Morning,Wed,Suburban,1.28,1,0.5,3.61,Motorcycle,0,68.8,31.21
ORD102366,5.33,Low,Clear,Evening,Mon,Suburban,1.25,0,1.7,4.77,Motorcycle,1,24.8,32.05
ORD102367,1.31,Medium,Clear,Afternoon,Thu,Urban,4.22,1,2.9,,Electric_Two_Wheeler,0,68.7,14.15
ORD102368,6.93,Medium,Clear,Afternoon,Sat,Urban,3.04,1,1.1,4.09,Motorcycle,1,17.3,45.32
ORD102369,8.13,High,Extreme_Heat,Evening,Thu,Urban,0.32,0,2.9,4.71,Motorcycle,1,46.0,48.96
ORD102370,5.69,High,Rain,Morning,Sat,Urban,0.34,0,1.2,4.46,Motorcycle,0,64.9,45.23
ORD102371,2.23,High,Rain,Afternoon,Thu,Rural,1.8,1,1.6,4.28,Motorcycle,0,87.0,26.02
ORD102372,7.37,High,Clear,Afternoon,Tue,Suburban,1.32,1,0.4,4.1,Motorcycle,0,83.1,40.99
ORD102373,3.54,Medium,Rain,Afternoon,Sun,Urban,0.84,1,2.6,4.53,Scooter,1,57.4,32.86
ORD102374,2.59,High,Clear,Night,Tue,Suburban,3.35,1,0.6,4.13,Scooter,0,89.5,21.63
ORD102375,3.55,Low,Clear,Evening,Tue,Suburban,0.48,0,4.4,4.21,Scooter,0,55.5,9.39
ORD102376,5.06,Medium,Clear,Morning,Sun,Urban,7.5,0,2.0,3.83,Electric_Two_Wheeler,0,56.5,28.31
ORD102377,5.69,High,Clear,Evening,Sat,Urban,0.25,1,2.1,4.76,Motorcycle,1,74.8,44.6
ORD102378,4.43,Medium,Clear,Afternoon,Sat,Urban,0.45,2,6.1,4.92,Motorcycle,0,89.0,30.72
ORD102379,3.86,High,Clear,Night,Sun,Suburban,0.95,0,0.5,4.38,Motorcycle,0,64.2,27.54
ORD102380,2.13,High,Clear,Afternoon,Thu,Suburban,1.62,1,1.9,4.11,Scooter,1,95.0,28.05
ORD102381,5.34,High,Clear,Evening,Mon,Urban,0.69,1,1.2,4.67,Scooter,0,30.9,40.27
ORD102382,4.51,Severe,Extreme_Heat,Afternoon,Sat,Urban,2.87,1,8.5,4.54,Motorcycle,0,93.2,43.93
ORD102383,5.6,Medium,Clear,Afternoon,Thu,Suburban,1.08,1,3.9,4.12,Electric_Two_Wheeler,0,29.9,29.9
ORD102384,3.71,Medium,Rain,Afternoon,Mon,Rural,0.28,1,3.5,4.76,Scooter,1,57.4,33.71
ORD102385,5.97,Medium,Clear,Morning,Sun,Suburban,4.4,1,0.6,4.13,Scooter,0,81.6,30.31
ORD102386,5.57,Medium,Clear,Evening,Tue,Suburban,5.96,1,0.7,3.79,Scooter,1,82.1,42.32
ORD102387,3.11,Medium,Extreme_Heat,Afternoon,Sat,Urban,2.13,0,0.1,4.27,Scooter,0,35.0,26.64
ORD102388,3.92,High,Clear,Night,Wed,Urban,3.49,2,2.5,4.73,Scooter,0,98.7,34.77
ORD102389,6.31,High,Clear,Afternoon,Tue,Urban,0.46,1,1.2,4.34,Motorcycle,1,17.3,47.02
ORD102390,6.58,Medium,Rain,Evening,Fri,Suburban,0.83,0,0.9,3.83,Scooter,0,13.1,36.84
ORD102391,7.98,Low,Clear,Night,Mon,Urban,0.99,0,2.5,4.14,Scooter,0,85.7,32.62
ORD102392,2.57,Medium,Fog,Evening,Wed,Suburban,6.68,0,4.4,4.78,Motorcycle,0,83.7,26.22
ORD102393,3.21,Low,Clear,Night,Tue,Urban,1.64,0,0.4,4.41,Electric_Two_Wheeler,0,74.2,11.84
ORD102394,9.85,High,Clear,Evening,Sat,Suburban,0.21,1,6.3,4.29,Scooter,0,86.6,46.03
ORD102395,12.67,Medium,Clear,Afternoon,Wed,Urban,1.16,0,0.1,4.25,Motorcycle,1,22.4,59.71
ORD102396,4.78,Low,,Evening,Thu,Urban,0.22,1,0.2,4.73,Scooter,1,18.6,33.44
ORD102397,3.88,Low,Fog,Morning,Mon,Suburban,0.74,0,4.6,4.71,Electric_Two_Wheeler,0,97.2,24.98
ORD102398,12.63,Medium,Rain,Afternoon,Fri,Urban,1.41,0,1.7,3.74,Motorcycle,0,66.2,60.53
ORD102399,10.44,Medium,Clear,Morning,Thu,Rural,0.98,1,7.0,4.68,Motorcycle,0,92.8,39.86
ORD102400,6.35,Medium,Clear,Evening,Wed,Suburban,0.27,1,1.5,4.51,Scooter,1,91.6,37.23
ORD102401,3.75,Low,Rain,Afternoon,Tue,Urban,0.45,0,6.5,4.94,Motorcycle,0,68.8,26.26
ORD102402,5.01,Medium,Clear,Afternoon,Mon,Suburban,1.8,0,0.7,4.27,Motorcycle,1,66.6,32.39
ORD102403,1.4,Medium,Clear,Afternoon,Sat,Suburban,2.58,2,2.4,4.75,Scooter,0,42.4,27.69
ORD102404,7.02,High,Clear,Night,Fri,Urban,1.24,0,13.0,4.49,Scooter,0,23.4,37.77
ORD102405,2.68,Medium,Clear,Morning,Tue,Rural,2.83,0,1.2,3.85,Motorcycle,0,71.8,14.26
ORD102406,9.52,Medium,Rain,Morning,Fri,Urban,0.56,0,0.0,4.71,Motorcycle,0,83.6,49.44
ORD102407,1.17,Low,Extreme_Heat,Morning,Sat,Urban,0.46,1,0.2,4.62,Scooter,0,59.0,14.98
ORD102408,2.76,Severe,Clear,Night,Sun,Suburban,3.86,0,4.9,4.04,Motorcycle,0,14.6,30.87
ORD102409,4.39,Medium,Clear,Night,Mon,Urban,1.03,1,1.7,4.42,Scooter,0,23.0,32.07
ORD102410,4.25,High,Clear,Evening,Wed,Urban,1.33,1,1.9,5.0,Scooter,0,19.2,33.95
ORD102411,2.52,Low,Clear,Night,Fri,Urban,6.1,0,4.0,4.11,Motorcycle,0,69.2,12.42
ORD102412,4.36,Medium,Clear,Morning,Mon,Urban,1.3,0,4.2,,Scooter,0,60.8,25.73
ORD102413,3.7,Low,Fog,Night,Fri,Suburban,0.21,0,1.6,3.86,Scooter,0,52.0,22.3
ORD102414,4.38,Medium,Clear,Morning,Tue,Suburban,5.76,2,4.9,4.07,Scooter,0,58.9,26.52
ORD102415,3.0,Severe,Clear,Morning,Fri,Rural,0.23,1,1.6,4.62,Motorcycle,0,34.8,34.07
ORD102416,7.79,Medium,Clear,Morning,Sun,Suburban,2.37,0,2.8,4.4,Motorcycle,0,82.4,27.44
ORD102417,5.07,Low,Clear,Evening,Tue,Urban,0.98,0,0.1,4.22,Electric_Two_Wheeler,0,39.6,22.49
ORD102418,3.1,Low,Clear,Evening,Tue,Urban,1.47,1,0.4,4.98,Scooter,0,68.0,23.15
ORD102419,5.94,Medium,Rain,Afternoon,Mon,Urban,1.78,2,4.8,3.93,Motorcycle,0,45.2,36.63
ORD102420,2.74,Low,Clear,Night,Thu,Suburban,1.25,1,0.9,4.24,Scooter,0,16.5,14.04
ORD102421,2.79,Low,Rain,Afternoon,Sat,Urban,3.18,1,1.0,4.5,Motorcycle,1,33.1,25.51
ORD102422,1.29,High,Clear,Morning,Fri,Urban,5.54,2,2.7,3.95,Motorcycle,0,96.9,17.24
ORD102423,5.28,Medium,Clear,Afternoon,Wed,Rural,0.38,0,2.2,4.5,Scooter,1,27.1,34.21
ORD102424,4.58,Low,Clear,Evening,Tue,Suburban,3.42,0,0.2,4.73,Motorcycle,0,19.4,22.51
ORD102425,2.31,Severe,Clear,Evening,Thu,Urban,0.48,1,3.6,4.25,Scooter,1,36.2,35.33
ORD102426,2.27,Low,Clear,Afternoon,Tue,Urban,0.37,2,2.4,4.03,Scooter,1,89.0,21.12
ORD102427,5.35,Severe,Clear,Evening,Thu,Suburban,6.44,1,4.8,4.18,Scooter,0,37.5,48.31
ORD102428,3.18,Medium,Rain,Afternoon,Thu,Suburban,1.54,1,1.9,3.23,Motorcycle,1,47.6,35.79
ORD102429,5.35,High,Rain,Evening,Wed,Urban,0.53,0,1.3,4.7,Motorcycle,0,37.9,39.21
ORD102430,1.35,Medium,Clear,Night,Thu,Urban,1.89,0,1.2,4.41,Scooter,0,99.0,18.3
ORD102431,1.83,High,Clear,Morning,Wed,Suburban,0.81,1,0.0,4.23,Scooter,0,100.0,25.42
ORD102432,7.3,Severe,Clear,Night,Mon,Suburban,1.45,0,0.1,3.63,Scooter,0,53.4,42.99
ORD102433,4.78,Low,Clear,Evening,Tue,Suburban,2.16,0,0.4,4.74,Scooter,0,80.6,18.74
ORD102434,6.28,Severe,Clear,Afternoon,Wed,Urban,4.27,0,6.6,4.12,Motorcycle,0,29.8,40.19
ORD102435,3.19,Medium,Fog,Night,Sat,Rural,0.21,0,5.3,4.53,Motorcycle,0,43.7,21.3
ORD102436,2.47,Medium,Clear,Afternoon,Sun,Urban,0.68,1,1.7,4.3,Scooter,0,71.1,25.27
ORD102437,6.98,Medium,Clear,Afternoon,Tue,Urban,0.4,0,0.5,3.65,Scooter,0,35.8,33.05
ORD102438,0.66,Medium,Clear,Morning,Sun,Suburban,0.4,0,0.4,4.81,Motorcycle,0,30.2,16.24
ORD102439,3.99,Low,Clear,Morning,Sat,Urban,6.03,0,0.7,4.73,Scooter,0,93.0,17.95
ORD102440,6.07,Medium,Rain,Evening,Fri,Suburban,5.7,0,6.0,4.61,Scooter,1,32.0,36.22
ORD102441,3.17,Medium,Clear,Evening,Sat,Urban,2.97,1,1.8,4.43,Motorcycle,0,15.3,24.72
ORD102442,13.43,High,Clear,Night,Mon,Suburban,2.26,0,4.1,3.82,Motorcycle,0,77.6,52.32
ORD102443,4.06,High,Rain,Morning,Fri,Urban,3.97,0,1.8,4.65,Motorcycle,0,31.9,32.97
ORD102444,5.36,Medium,Clear,Morning,Fri,Suburban,0.32,0,2.4,5.0,Electric_Two_Wheeler,0,50.5,27.54
ORD102445,2.33,Medium,Rain,Morning,Thu,Urban,0.45,0,2.4,4.35,Scooter,0,20.0,27.31
ORD102446,10.44,Low,Clear,Afternoon,Sat,Suburban,0.96,1,0.1,4.35,Motorcycle,0,16.2,44.79
ORD102447,4.34,Low,Clear,Night,Thu,Suburban,3.77,0,1.5,3.86,Scooter,0,51.4,15.12
ORD102448,3.29,Low,Rain,Evening,Sat,Urban,1.48,0,5.0,3.47,Motorcycle,0,40.3,20.06
ORD102449,4.2,Medium,Clear,Afternoon,Fri,Urban,1.6,2,1.7,4.16,Electric_Two_Wheeler,0,55.5,29.53
ORD102450,5.76,Low,Clear,Night,Thu,Urban,0.72,0,1.4,4.89,Motorcycle,0,96.9,31.49
ORD102451,2.79,Severe,Clear,Evening,Sun,Suburban,2.29,0,1.9,4.84,Motorcycle,0,46.7,33.14
ORD102452,5.06,Medium,Clear,Morning,Tue,Urban,4.58,0,1.2,4.27,Motorcycle,0,64.2,31.5
ORD102453,1.32,Medium,Rain,Evening,Sat,Urban,1.0,0,1.8,4.47,Scooter,0,18.8,19.81
ORD102454,1.63,Medium,Fog,Afternoon,Sat,Urban,2.13,1,0.4,3.81,Motorcycle,1,89.7,28.1
ORD102455,4.3,Low,Extreme_Heat,Morning,Thu,Rural,1.01,0,8.6,4.34,Electric_Two_Wheeler,0,82.5,19.16
ORD102456,9.8,Medium,Rain,Morning,Sat,Urban,3.35,1,0.1,4.09,Motorcycle,0,57.0,52.93
ORD102457,1.22,Medium,Clear,Afternoon,Fri,Urban,1.49,0,1.7,4.32,Scooter,0,26.5,14.69
ORD102458,2.72,Medium,Clear,Afternoon,Thu,Suburban,1.03,0,0.6,4.19,Scooter,1,48.3,24.54
ORD102459,1.8,Medium,Clear,Afternoon,Thu,Suburban,1.29,0,0.2,4.18,Scooter,0,36.8,14.25
ORD102460,3.14,Severe,Clear,Morning,Wed,Urban,0.39,1,2.6,4.7,Scooter,0,99.5,39.0
ORD102461,4.14,High,Clear,Evening,Sun,Rural,4.22,2,10.5,5.0,Motorcycle,1,54.2,29.56
ORD102462,3.46,Medium,Extreme_Heat,Night,Sun,Suburban,6.54,0,3.5,4.23,Scooter,0,48.0,23.78
ORD102463,0.95,Medium,Clear,Evening,Wed,Urban,1.5,0,0.7,4.87,Scooter,1,25.2,20.31
ORD102464,1.35,Medium,Clear,Afternoon,Fri,Urban,0.7,1,1.7,3.8,Scooter,1,31.5,28.17
ORD102465,1.83,Low,Clear,Morning,Tue,Suburban,2.39,0,0.1,4.26,Motorcycle,0,74.0,12.07
ORD102466,2.92,Medium,Fog,Morning,Sat,Urban,1.4,1,1.9,3.78,Motorcycle,0,58.1,35.27
ORD102467,2.37,Low,Rain,Morning,Mon,Urban,0.78,0,0.3,4.18,Motorcycle,0,42.2,24.16
ORD102468,2.99,Medium,Rain,Evening,Sat,Urban,0.28,1,4.0,4.59,Scooter,1,36.7,41.24
ORD102469,3.74,Medium,Clear,Evening,Mon,Suburban,4.61,0,0.1,4.75,Scooter,0,28.1,22.59
ORD102470,3.26,Low,Fog,Evening,Sun,Suburban,3.39,1,0.0,3.99,Scooter,0,13.1,36.17
ORD102471,10.97,Severe,Clear,Evening,Fri,Suburban,3.73,0,4.9,4.48,Scooter,1,97.9,61.88
ORD102472,11.2,Severe,Fog,Afternoon,Tue,Urban,1.36,0,7.1,4.79,Scooter,0,77.8,62.53
ORD102473,4.21,High,Clear,Afternoon,Tue,Suburban,3.0,2,0.2,4.74,Motorcycle,0,93.5,35.07
ORD102474,2.57,Medium,Clear,Evening,Tue,Suburban,1.94,0,0.8,4.4,Scooter,1,47.1,19.75
ORD102475,3.23,High,Clear,Afternoon,Wed,Urban,1.14,1,3.4,4.06,Electric_Two_Wheeler,0,88.2,33.72
ORD102476,4.65,Low,Rain,Morning,Fri,Suburban,3.9,0,1.9,4.02,Motorcycle,0,33.1,26.29
ORD102477,2.13,High,Clear,Afternoon,Mon,Urban,13.58,0,7.5,3.96,Scooter,0,55.9,20.89
ORD102478,4.7,Low,Fog,Afternoon,Tue,Suburban,4.79,0,1.2,4.29,Motorcycle,1,28.2,35.97
ORD102479,3.34,High,Clear,Morning,Fri,Urban,3.19,0,0.0,3.97,Motorcycle,0,79.3,31.14
ORD102480,10.05,Low,Clear,Evening,Sat,Suburban,2.95,1,0.0,4.57,Motorcycle,1,54.8,44.36
ORD102481,2.1,High,Clear,Night,Mon,Rural,2.3,0,2.1,4.39,Electric_Two_Wheeler,0,58.3,18.37
ORD102482,8.48,Severe,Clear,Morning,Sun,Rural,4.04,0,3.5,4.37,Scooter,0,87.4,43.77
ORD102483,4.68,Low,Clear,Morning,Wed,Urban,1.56,0,3.9,3.56,Motorcycle,0,76.5,15.53
ORD102484,2.47,Medium,Clear,Evening,Thu,Urban,0.6,0,6.1,4.31,Scooter,0,97.0,18.94
ORD102485,6.12,Severe,Rain,Morning,Mon,Urban,3.12,0,0.7,4.12,Motorcycle,0,46.5,54.98
ORD102486,0.7,Medium,,Afternoon,Sun,Suburban,5.24,0,3.4,5.0,Scooter,0,51.5,9.04
ORD102487,2.9,High,Extreme_Heat,Morning,Sun,Suburban,1.04,0,4.4,3.79,Scooter,0,65.4,31.35
ORD102488,3.41,Medium,Clear,Morning,Sun,Urban,3.26,0,4.5,4.22,Motorcycle,0,50.8,23.77
ORD102489,2.54,Medium,Fog,Evening,Sat,Urban,0.84,1,1.3,4.45,Scooter,1,47.8,34.85
ORD102490,7.18,Low,Clear,Evening,Mon,Rural,5.92,1,2.5,3.91,Scooter,0,40.7,30.13
ORD102491,12.71,Low,Clear,Morning,Mon,Urban,2.5,0,2.0,5.0,Scooter,0,84.9,55.72
ORD102492,2.12,High,Clear,Afternoon,Thu,Urban,1.88,1,2.3,5.0,Motorcycle,1,58.0,30.71
ORD102493,6.84,Medium,Clear,Morning,Tue,Urban,3.23,0,0.8,3.96,Electric_Two_Wheeler,0,64.7,35.36
ORD102494,4.11,Medium,Fog,Morning,Sat,Urban,3.56,0,2.9,4.06,Motorcycle,0,28.4,29.92
ORD102495,6.43,Medium,Clear,Night,Sun,Suburban,4.66,0,3.1,5.0,Motorcycle,0,32.7,28.46
ORD102496,4.6,Medium,Clear,Evening,Thu,Rural,4.83,0,0.5,4.86,Motorcycle,1,40.6,29.19
ORD102497,3.52,High,Fog,Afternoon,Mon,Suburban,0.31,1,1.5,4.15,Scooter,0,51.9,36.31
ORD102498,16.57,Severe,Clear,Evening,Sat,Urban,0.46,0,1.4,4.47,Scooter,0,14.0,80.97
ORD102499,4.41,Medium,Rain,Evening,Wed,Suburban,3.7,1,3.5,3.75,Motorcycle,0,90.0,35.63
ORD102500,6.78,High,Clear,Evening,Mon,Urban,6.04,2,2.7,5.0,Scooter,1,91.3,52.39
ORD102501,2.57,High,Fog,Morning,Wed,Urban,0.94,0,1.6,4.33,Scooter,0,69.6,30.07
ORD102502,9.62,Medium,Clear,Morning,Fri,Rural,0.22,1,2.6,4.53,Motorcycle,0,38.4,43.55
ORD102503,4.0,Severe,Clear,Evening,Wed,Urban,0.98,0,0.8,3.93,Motorcycle,1,44.7,47.74
ORD102504,1.62,Low,Clear,Afternoon,Mon,Urban,1.17,0,0.7,3.85,Scooter,0,76.1,14.78
ORD102505,3.1,Low,Extreme_Heat,Night,Thu,Rural,3.06,0,0.7,4.48,Motorcycle,0,35.8,13.1
ORD102506,4.35,High,Clear,Evening,Mon,Urban,0.3,1,0.1,5.0,Motorcycle,0,64.8,35.28
ORD102507,4.21,Medium,Clear,Night,Mon,Suburban,0.68,0,2.9,4.08,Motorcycle,0,91.6,23.92
ORD102508,3.71,High,Rain,Morning,Fri,Rural,4.69,0,10.6,3.91,Electric_Two_Wheeler,0,46.9,21.99
ORD102509,4.12,High,Extreme_Heat,Night,Sun,Urban,0.54,0,0.9,4.42,Scooter,0,62.8,36.19
ORD102510,2.0,Low,Fog,Afternoon,Tue,Urban,3.05,0,6.6,4.95,Motorcycle,1,93.6,24.49
ORD102511,4.02,High,Extreme_Heat,Night,Mon,Urban,1.1,2,2.3,4.04,Electric_Two_Wheeler,0,40.7,42.12
ORD102512,2.86,Medium,Clear,Morning,Fri,Urban,2.37,1,0.6,4.2,Motorcycle,0,78.4,22.51
ORD102513,5.37,Medium,Clear,Afternoon,Thu,Urban,0.35,0,0.0,4.63,Motorcycle,0,78.0,30.69
ORD102514,4.17,Medium,Rain,Evening,Fri,Suburban,0.88,0,3.2,4.68,Scooter,1,93.6,34.51
ORD102515,2.66,Severe,Fog,Afternoon,Fri,Urban,1.31,1,3.0,4.19,Motorcycle,1,87.3,47.54
ORD102516,5.55,Low,Clear,Afternoon,Wed,Urban,4.09,1,0.7,4.74,Scooter,0,77.4,30.61
ORD102517,7.11,Medium,Clear,Night,Tue,Suburban,1.86,1,1.0,4.51,Electric_Two_Wheeler,0,67.3,34.75
ORD102518,4.81,High,Rain,Afternoon,Tue,Suburban,0.29,1,5.7,4.31,Motorcycle,1,31.7,38.63
ORD102519,2.34,High,Clear,Evening,Sat,Suburban,3.44,2,0.4,4.66,Electric_Two_Wheeler,1,70.4,27.58
ORD102520,11.67,High,Clear,Morning,Sun,Urban,0.31,0,4.5,4.61,Motorcycle,0,34.9,53.05
ORD102521,3.82,Low,Clear,Evening,Thu,Suburban,5.65,0,0.5,3.88,Scooter,1,49.6,25.59
ORD102522,4.71,Low,Clear,Evening,Sat,Suburban,0.68,0,1.6,4.89,Scooter,1,73.9,21.72
ORD102523,1.19,Medium,Rain,Afternoon,Sun,Urban,1.54,0,1.7,4.44,Electric_Two_Wheeler,0,70.7,23.04
ORD102524,4.11,High,Clear,Morning,Sun,Urban,0.35,1,1.6,4.85,Scooter,0,46.1,37.04
ORD102525,6.36,Low,Rain,Evening,Fri,Urban,1.85,0,0.8,4.32,Scooter,0,26.4,35.91
ORD102526,3.31,Low,Clear,Morning,Thu,Suburban,1.58,0,0.7,4.4,Motorcycle,0,53.6,15.48
ORD102527,5.16,Severe,Clear,Morning,Sun,Urban,1.26,0,3.3,4.46,Scooter,0,34.3,42.52
ORD102528,5.27,Low,Rain,Evening,Thu,Rural,0.27,0,0.8,4.52,Motorcycle,0,33.0,29.31
ORD102529,6.66,Severe,Clear,Morning,Tue,Suburban,4.42,0,2.4,4.91,Motorcycle,0,39.4,41.09
ORD102530,3.9,High,Clear,Morning,Tue,Rural,3.45,0,4.7,4.49,Motorcycle,0,73.6,23.9
ORD102531,3.01,High,Clear,Evening,Tue,Urban,2.2,0,4.5,4.29,Electric_Two_Wheeler,0,54.8,21.55
ORD102532,1.75,Low,Clear,Morning,Mon,Urban,1.9,0,0.5,4.7,Scooter,0,43.6,12.98
ORD102533,5.3,Low,Clear,Afternoon,Fri,Urban,2.57,2,2.7,4.47,Scooter,1,91.1,29.34
ORD102534,11.18,High,Fog,Morning,Thu,Urban,0.51,0,2.3,5.0,Scooter,0,73.6,61.12
ORD102535,2.38,High,Rain,Evening,Fri,Suburban,5.6,0,0.8,4.42,Electric_Two_Wheeler,1,54.5,30.73
ORD102536,6.11,High,Rain,Evening,Sun,Urban,0.87,1,1.2,4.8,Scooter,0,47.9,45.58
ORD102537,10.22,Low,Clear,Evening,Thu,Urban,2.34,1,0.8,4.65,Scooter,1,83.7,48.11
ORD102538,2.58,High,Clear,Afternoon,Thu,Urban,2.07,3,1.9,3.48,Motorcycle,0,25.6,27.91
ORD102539,7.26,High,Clear,Morning,Sat,Urban,2.22,1,4.1,4.01,Scooter,0,69.8,40.85
ORD102540,1.61,High,Clear,Morning,Thu,Suburban,4.42,2,5.2,4.12,Electric_Two_Wheeler,0,11.9,25.65
ORD102541,7.31,High,Clear,Afternoon,Thu,Suburban,0.9,0,3.2,3.7,Electric_Two_Wheeler,1,10.6,46.95
ORD102542,1.21,High,Clear,Night,Wed,Suburban,2.96,1,1.7,4.14,Motorcycle,0,93.9,19.6
ORD102543,0.96,Medium,Extreme_Heat,Morning,Wed,Urban,2.02,1,7.9,,Motorcycle,0,56.3,14.45
ORD102544,2.12,Low,Clear,Afternoon,Sat,Rural,0.36,1,2.1,3.86,Scooter,0,38.4,10.54
ORD102545,5.4,Medium,Clear,Morning,Mon,Suburban,1.27,0,1.6,4.4,Motorcycle,0,81.5,29.84
ORD102546,4.36,Low,Rain,Evening,Tue,Urban,3.84,1,4.9,5.0,Motorcycle,1,98.6,33.61
ORD102547,7.44,Medium,Clear,Evening,Sun,Urban,0.96,1,0.5,3.76,Scooter,0,13.1,42.72
ORD102548,3.81,Medium,Fog,Evening,Sun,Rural,1.52,1,0.4,3.81,Scooter,0,13.4,28.46
ORD102549,1.96,Low,Rain,Night,Thu,Suburban,1.54,0,3.8,4.09,Electric_Two_Wheeler,0,86.9,11.13
ORD102550,4.45,Medium,Extreme_Heat,Afternoon,Fri,Suburban,2.12,1,5.1,4.24,Scooter,0,60.1,25.62
ORD102551,5.73,Low,Clear,Morning,Sun,Urban,4.51,2,0.2,3.68,Motorcycle,0,89.4,38.55
ORD102552,5.18,High,Rain,Afternoon,Wed,Urban,0.58,0,3.6,4.02,Scooter,0,72.5,34.71
ORD102553,5.32,Severe,Clear,Evening,Tue,Suburban,1.6,0,1.4,3.98,Scooter,0,52.4,36.0
ORD102554,6.2,Low,Rain,Evening,Mon,Suburban,1.3,0,3.0,4.43,Motorcycle,0,24.5,30.21
ORD102555,4.02,Severe,Clear,Afternoon,Tue,Urban,0.9,0,0.4,4.47,Scooter,1,45.1,39.19
ORD102556,7.44,Medium,Clear,Evening,Thu,Suburban,5.24,2,9.0,4.24,Motorcycle,1,80.8,43.59
ORD102557,1.45,Low,Clear,Evening,Tue,Urban,0.22,0,5.3,4.15,Scooter,1,31.1,11.65
ORD102558,7.69,Low,Clear,Night,Thu,Suburban,0.46,1,1.3,4.02,Scooter,0,74.1,29.36
ORD102559,7.51,Medium,Fog,Evening,Sat,Rural,2.84,1,5.6,4.32,Electric_Two_Wheeler,0,32.3,48.03
ORD102560,3.84,High,Rain,Evening,Wed,Suburban,0.81,2,5.6,3.91,Motorcycle,1,51.7,39.95
ORD102561,4.85,High,Rain,Morning,Wed,Urban,2.77,2,1.5,4.92,Electric_Two_Wheeler,0,17.7,49.31
ORD102562,5.52,Low,Clear,Evening,Thu,Urban,3.77,0,7.3,3.7,Electric_Two_Wheeler,0,50.9,20.11
ORD102563,15.34,Low,Rain,Night,Fri,Suburban,0.79,0,9.4,4.04,Electric_Two_Wheeler,0,65.1,51.33
ORD102564,3.64,Medium,Clear,Afternoon,Wed,Suburban,0.63,0,0.6,4.65,Electric_Two_Wheeler,0,60.7,20.79
ORD102565,3.74,Low,Fog,Evening,Fri,Urban,0.51,0,0.2,4.14,Scooter,1,46.6,27.97
ORD102566,1.83,Low,Extreme_Heat,Evening,Thu,Rural,0.65,0,1.0,4.57,Electric_Two_Wheeler,1,43.3,17.21
ORD102567,9.42,Low,Clear,Morning,Sat,Urban,0.82,1,1.7,4.99,Scooter,0,34.8,39.94
ORD102568,5.23,High,Fog,Evening,Thu,Urban,4.26,0,0.2,4.63,Scooter,0,79.0,45.58
ORD102569,3.22,Severe,Clear,Morning,Sat,Urban,3.14,0,0.4,3.82,Scooter,0,80.4,28.41
ORD102570,4.14,Medium,Clear,Night,Sun,Urban,0.2,0,8.9,3.84,Scooter,0,53.5,23.81
ORD102571,6.61,Severe,Clear,Evening,Wed,Urban,4.34,0,3.3,4.23,Motorcycle,0,44.4,45.32
ORD102572,4.34,Medium,Clear,Morning,Fri,Rural,0.36,2,5.2,4.48,Scooter,0,67.4,25.88
ORD102573,5.21,Medium,Rain,Morning,Thu,Urban,2.33,0,8.9,4.78,Scooter,0,60.2,29.03
ORD102574,2.04,Low,Clear,Evening,Sun,Urban,0.53,1,1.2,3.99,Motorcycle,0,70.1,16.9
ORD102575,2.22,Medium,Clear,Afternoon,Wed,Suburban,0.33,0,2.9,4.11,Scooter,1,37.5,21.59
ORD102576,8.15,Severe,Clear,Morning,Sun,Suburban,3.05,0,0.5,4.2,Motorcycle,0,81.0,48.35
ORD102577,2.66,Medium,Rain,Afternoon,Sat,Suburban,1.46,0,2.0,4.19,Scooter,1,38.5,27.68
ORD102578,2.24,Medium,Extreme_Heat,Afternoon,Thu,Urban,2.03,2,0.6,4.9,Scooter,0,47.7,24.11
ORD102579,1.09,Medium,Rain,Morning,Sun,Suburban,1.31,0,0.4,4.26,Scooter,0,21.9,22.05
ORD102580,7.31,Low,Rain,Evening,Sun,Urban,0.34,0,0.3,4.36,Scooter,1,87.0,42.94
ORD102581,2.88,High,Clear,Night,Sat,Urban,2.89,0,2.2,4.66,Motorcycle,0,68.0,22.54
ORD102582,10.1,Medium,Clear,Evening,Tue,Urban,3.63,1,7.5,4.94,Motorcycle,1,31.2,48.68
ORD102583,2.49,Medium,Clear,Evening,Sat,Urban,0.28,0,0.3,4.29,Scooter,0,86.7,21.72
ORD102584,1.65,Medium,Clear,Morning,Tue,Urban,1.14,0,1.7,4.8,Scooter,0,73.4,19.72
ORD102585,2.34,Medium,Rain,Afternoon,Wed,Suburban,1.83,0,2.9,5.0,Scooter,1,49.8,29.08
ORD102586,4.11,Low,Clear,Morning,Thu,Urban,2.06,1,1.7,4.26,Electric_Two_Wheeler,0,99.1,25.61
ORD102587,14.41,High,Rain,Evening,Sun,Suburban,1.93,1,6.1,4.07,Scooter,1,40.3,75.79
ORD102588,9.22,Low,Clear,Night,Wed,Urban,2.56,2,0.5,5.0,Motorcycle,0,19.0,46.54
ORD102589,7.19,High,Clear,Evening,Mon,Urban,7.01,0,0.1,4.75,Motorcycle,0,76.0,48.63
ORD102590,10.24,High,Clear,Night,Sat,Urban,1.19,1,1.2,4.3,Scooter,0,78.1,51.19
ORD102591,3.69,High,Fog,Evening,Wed,Rural,1.83,0,2.0,4.56,Electric_Two_Wheeler,1,15.3,38.24
ORD102592,2.91,Medium,Rain,Afternoon,Wed,Suburban,2.6,1,0.7,3.88,Motorcycle,0,83.7,25.81
ORD102593,7.53,Medium,Fog,Afternoon,Sun,Rural,2.0,1,0.5,4.74,Motorcycle,1,79.8,46.37
ORD102594,3.96,Low,Clear,Morning,Tue,Suburban,1.18,1,4.1,3.58,Scooter,0,93.7,25.88
ORD102595,2.28,High,Extreme_Heat,Morning,Sat,Suburban,2.16,0,0.5,4.73,Motorcycle,0,20.7,24.13
ORD102596,0.56,Low,Clear,Evening,Tue,Suburban,2.3,0,1.5,4.01,Scooter,0,64.1,8.56
ORD102597,2.12,Medium,Clear,Afternoon,Thu,Suburban,1.96,0,7.7,3.64,Scooter,0,29.7,5.0
ORD102598,5.48,Low,Extreme_Heat,Evening,Wed,Urban,0.66,1,2.4,3.5,Motorcycle,0,45.9,32.56
ORD102599,2.29,Low,Clear,Evening,Sat,Urban,1.61,0,1.7,4.11,Electric_Two_Wheeler,0,33.9,16.76
ORD102600,6.63,Medium,Rain,Afternoon,Wed,Urban,4.51,1,1.1,4.58,Scooter,0,50.4,43.14
ORD102601,1.6,Low,Clear,Afternoon,Thu,Urban,4.26,0,1.8,3.74,Motorcycle,1,20.2,12.66
ORD102602,2.16,High,Clear,Afternoon,Fri,Urban,2.98,0,3.3,3.81,Motorcycle,1,37.3,22.7
ORD102603,10.3,Medium,Extreme_Heat,Afternoon,Thu,Urban,2.59,2,4.3,4.1,Scooter,1,16.4,60.44
ORD102604,7.14,Low,Clear,Evening,Tue,Urban,0.53,2,2.6,4.62,Scooter,1,54.3,38.68
ORD102605,4.14,Medium,Rain,Afternoon,Tue,Urban,1.43,0,3.9,4.67,Scooter,0,36.7,34.44
ORD102606,4.14,Low,Clear,Evening,Wed,Rural,0.44,0,0.2,4.36,Motorcycle,0,63.1,18.33
ORD102607,2.37,Low,Rain,Night,Tue,Urban,3.6,0,0.0,4.69,Motorcycle,0,51.1,25.07
ORD102608,8.26,High,Clear,Night,Sat,Urban,0.89,0,3.3,4.58,Scooter,0,31.9,42.37
ORD102609,8.35,Low,Clear,Night,Thu,Suburban,3.11,1,0.8,4.13,Motorcycle,0,19.3,34.66
ORD102610,3.66,High,Clear,Afternoon,Wed,Urban,3.57,1,5.3,4.66,Motorcycle,0,77.8,27.44
ORD102611,3.6,Low,Clear,Morning,Thu,Urban,4.66,0,1.9,3.79,Motorcycle,0,67.0,16.69
ORD102612,2.8,Low,Extreme_Heat,Afternoon,Thu,Urban,3.0,0,1.6,4.49,Scooter,0,13.0,18.84
ORD102613,4.77,High,Clear,Afternoon,Wed,Urban,1.86,0,3.7,3.83,Motorcycle,0,99.0,34.62
ORD102614,1.14,Medium,Clear,Night,Sun,Urban,2.02,2,3.4,4.36,Electric_Two_Wheeler,0,67.8,22.8
ORD102615,3.87,Low,Clear,Evening,Fri,Urban,0.97,0,3.0,4.79,Scooter,0,28.6,19.61
ORD102616,7.22,Medium,Clear,Morning,Sun,Urban,0.59,0,2.9,4.39,Scooter,0,85.6,29.41
ORD102617,4.44,Low,Rain,Morning,Tue,Suburban,0.48,0,1.8,4.29,Motorcycle,0,89.4,26.08
ORD102618,6.09,High,Extreme_Heat,Morning,Mon,Suburban,0.6,1,6.5,4.39,Scooter,0,61.6,37.11
ORD102619,5.08,Medium,Clear,Evening,Sun,Suburban,5.63,1,5.5,4.57,Electric_Two_Wheeler,0,89.7,32.2
ORD102620,4.55,High,Fog,Evening,Mon,Urban,0.56,0,1.0,5.0,Scooter,0,12.6,43.74
ORD102621,4.07,High,Clear,Night,Mon,Urban,2.77,1,4.1,4.56,Scooter,0,95.1,32.03
ORD102622,6.65,Medium,Clear,Night,Tue,Suburban,0.61,0,5.5,4.1,Scooter,0,15.1,23.98
ORD102623,3.5,Severe,Rain,Morning,Fri,Urban,7.6,1,2.4,4.22,Scooter,0,67.8,44.26
ORD102624,2.07,Medium,Clear,Afternoon,Thu,Suburban,1.11,0,2.0,3.94,Scooter,0,41.1,13.63
ORD102625,8.82,Severe,Rain,Morning,Wed,Urban,1.26,0,2.8,3.8,Motorcycle,0,13.5,61.76
ORD102626,6.25,Low,Fog,Afternoon,Fri,Suburban,1.24,0,0.4,3.33,Scooter,0,93.6,29.58
ORD102627,1.06,High,Clear,Night,Mon,Urban,3.59,1,0.2,4.12,Electric_Two_Wheeler,0,22.2,23.05
ORD102628,4.83,Medium,Extreme_Heat,Evening,Sat,Urban,0.69,0,4.3,3.74,Motorcycle,0,86.8,21.62
ORD102629,1.0,Medium,Rain,Evening,Tue,Suburban,3.76,0,2.1,4.34,Motorcycle,0,39.7,13.93
ORD102630,1.69,Medium,Clear,Afternoon,Sun,Suburban,2.34,0,0.3,4.1,Scooter,1,76.7,17.32
ORD102631,5.15,High,Rain,Morning,Tue,Urban,0.7,0,1.3,3.87,Motorcycle,0,32.9,37.16
ORD102632,8.59,Low,Clear,Morning,Sun,Rural,0.34,0,0.9,3.46,Motorcycle,0,62.5,29.56
ORD102633,12.76,Low,Extreme_Heat,Afternoon,Wed,Urban,3.18,0,5.2,4.16,Scooter,0,82.0,47.37
ORD102634,10.33,High,Rain,Evening,Sat,Urban,0.69,2,1.8,3.6,Electric_Two_Wheeler,1,61.0,67.14
ORD102635,1.3,High,Clear,Morning,Thu,Suburban,4.6,1,2.2,4.58,Scooter,0,37.6,19.79
ORD102636,11.16,Severe,Clear,Evening,Fri,Suburban,0.48,1,0.7,4.4,Scooter,0,31.0,62.05
ORD102637,6.64,High,Rain,Evening,Sat,Rural,2.12,0,4.0,4.21,Motorcycle,0,25.7,36.48
ORD102638,6.98,Severe,Clear,Afternoon,Fri,Urban,2.56,0,6.7,4.88,Motorcycle,0,85.5,41.44
ORD102639,2.71,High,Clear,Evening,Fri,Urban,2.34,0,3.9,4.3,Scooter,0,65.0,19.84
ORD102640,5.46,Low,Clear,Afternoon,Thu,Suburban,0.96,1,1.7,4.45,Motorcycle,0,55.8,24.06
ORD102641,5.21,Low,Clear,Evening,Thu,Urban,4.37,0,4.5,4.57,Motorcycle,0,32.5,17.72
ORD102642,5.42,High,Clear,Evening,Sun,Urban,3.14,2,0.5,4.09,Motorcycle,0,49.0,46.35
ORD102643,6.03,Medium,Clear,Night,Thu,Urban,1.63,0,0.3,4.1,Scooter,0,65.8,31.38
ORD102644,4.02,Low,Clear,Afternoon,Wed,Urban,2.05,1,1.4,4.32,Electric_Two_Wheeler,1,16.5,27.42
ORD102645,3.51,Medium,Rain,Afternoon,Tue,Urban,1.87,1,0.5,3.76,Scooter,1,42.5,33.46
ORD102646,4.3,Severe,Clear,Morning,Mon,Urban,6.06,0,0.7,5.0,Motorcycle,0,31.6,33.86
ORD102647,7.99,Medium,Clear,Morning,Thu,Suburban,4.73,1,2.2,4.36,Scooter,0,68.2,38.69
ORD102648,6.91,Medium,Clear,Evening,Tue,Suburban,0.74,1,1.3,4.22,Motorcycle,1,64.6,34.18
ORD102649,7.72,Medium,Clear,Night,Sun,Urban,0.81,2,5.0,5.0,Scooter,0,36.9,42.2
ORD102650,5.23,Low,Clear,Afternoon,Thu,Urban,8.17,1,0.6,3.86,Scooter,1,13.7,38.67
ORD102651,2.17,Medium,Clear,Morning,Mon,Urban,0.74,4,14.4,4.91,Motorcycle,0,26.5,25.36
ORD102652,2.78,Medium,Clear,Afternoon,Sat,Urban,6.34,0,1.1,4.63,Scooter,1,24.4,22.09
ORD102653,6.88,Low,Fog,Afternoon,Thu,Suburban,2.3,2,1.8,4.75,Scooter,0,61.2,44.38
ORD102654,8.2,High,Rain,Afternoon,Tue,Rural,0.3,0,0.4,4.23,Motorcycle,0,25.2,38.84
ORD102655,7.53,Medium,Rain,Morning,Sun,Suburban,1.02,0,2.2,4.32,Motorcycle,0,53.4,37.68
ORD102656,4.31,High,Rain,Evening,Sun,Suburban,1.49,1,8.1,4.16,Scooter,0,65.3,35.39
ORD102657,4.71,High,Rain,Morning,Wed,Urban,3.78,0,3.5,4.7,Scooter,0,89.2,34.63
ORD102658,4.39,Low,Clear,Afternoon,Sun,Urban,1.0,0,0.7,4.46,Electric_Two_Wheeler,0,32.1,17.57
ORD102659,1.48,High,Rain,Evening,Sat,Rural,0.94,2,1.5,4.08,Motorcycle,0,26.7,29.59
ORD102660,2.01,Medium,Clear,Afternoon,Sun,Rural,5.26,1,1.4,4.09,Scooter,1,25.6,24.55
ORD102661,5.88,High,,Evening,Sun,Urban,0.36,3,0.3,4.29,Motorcycle,0,42.4,50.03
ORD102662,3.35,Low,Rain,Evening,Sat,Urban,1.8,0,5.4,4.17,Motorcycle,1,68.4,28.51
ORD102663,0.98,High,Clear,Evening,Sat,Suburban,1.6,2,1.2,4.88,Scooter,0,70.5,23.8
ORD102664,4.45,Medium,Clear,Afternoon,Mon,Urban,0.32,0,1.7,4.62,Scooter,1,29.0,28.33
ORD102665,2.12,Low,Clear,Afternoon,Tue,Suburban,0.38,0,0.9,4.62,Scooter,0,21.8,9.94
ORD102666,1.94,Low,Rain,Evening,Fri,Suburban,1.16,1,0.4,4.39,Electric_Two_Wheeler,1,50.4,27.12
ORD102667,1.45,High,Rain,Evening,Sun,Urban,0.49,0,5.8,3.97,Scooter,1,22.7,32.75
ORD102668,2.45,High,Fog,Afternoon,Fri,Rural,1.5,0,0.1,,Scooter,0,83.2,29.81
ORD102669,0.82,Medium,Clear,Morning,Fri,Rural,2.08,0,1.3,3.46,Electric_Two_Wheeler,0,17.5,10.62
ORD102670,2.12,Medium,Rain,Morning,Wed,Rural,2.55,0,3.3,4.37,Scooter,0,77.7,23.93
ORD102671,5.93,Medium,Clear,Morning,Thu,Urban,1.78,0,0.9,3.98,Motorcycle,0,13.8,29.99
ORD102672,5.08,High,Fog,Evening,Sun,Urban,1.15,2,1.5,3.94,Scooter,1,82.6,58.12
ORD102673,7.56,Low,Clear,Morning,Thu,Suburban,0.48,1,2.1,4.11,Motorcycle,0,66.4,31.69
ORD102674,5.36,High,Clear,Afternoon,Thu,Urban,0.77,0,13.3,4.27,Scooter,1,39.0,31.8
ORD102675,0.72,Low,Clear,Evening,Wed,Urban,1.29,1,3.6,4.29,Scooter,0,46.5,12.59
ORD102676,3.29,Medium,Rain,Afternoon,Fri,Urban,5.36,0,8.5,4.62,Motorcycle,0,70.6,23.97
ORD102677,3.12,Low,Extreme_Heat,Evening,Sat,Suburban,0.65,1,3.0,4.23,Motorcycle,0,26.7,22.54
ORD102678,1.98,Low,Clear,Evening,Thu,Urban,1.27,0,0.8,4.26,Motorcycle,1,90.1,18.07
ORD102679,1.45,Medium,Clear,Morning,Sat,Urban,2.84,0,0.8,3.74,Motorcycle,0,53.5,10.48
ORD102680,5.7,Low,Extreme_Heat,Evening,Sat,Urban,2.64,0,4.3,3.79,Motorcycle,1,78.4,32.59
ORD102681,3.88,High,Clear,Evening,Wed,Suburban,6.94,0,1.4,4.41,Motorcycle,0,55.6,29.31
ORD102682,1.79,Low,Rain,Afternoon,Wed,Suburban,0.62,3,1.2,4.55,Motorcycle,1,50.7,32.99
ORD102683,1.34,Medium,Clear,Morning,Tue,Urban,0.23,1,7.3,4.2,Motorcycle,0,52.3,19.74
ORD102684,6.74,Medium,Clear,Afternoon,Sun,Rural,0.98,1,0.0,4.67,Motorcycle,0,42.7,32.26
ORD102685,6.01,Low,Rain,Night,Thu,Urban,0.52,0,1.9,3.74,Motorcycle,0,75.9,31.99
ORD102686,6.11,Low,Rain,Evening,Fri,Suburban,1.79,1,3.7,4.46,Scooter,1,86.2,38.82
ORD102687,5.86,Medium,Clear,Morning,Mon,Suburban,4.78,0,3.3,3.96,Scooter,0,86.9,25.44
ORD102688,5.86,Medium,Clear,Evening,Wed,Suburban,2.53,0,1.1,3.93,Scooter,1,20.9,33.93
ORD102689,5.45,Medium,Fog,Afternoon,Sat,Urban,0.49,0,1.9,3.99,Electric_Two_Wheeler,1,78.5,42.91
ORD102690,2.64,Medium,Clear,Evening,Tue,Rural,0.45,2,0.0,4.27,Motorcycle,0,28.0,19.99
ORD102691,5.8,Medium,Fog,Evening,Mon,Rural,5.05,1,1.9,4.48,Motorcycle,1,11.1,45.62
ORD102692,4.26,Low,Clear,Afternoon,Wed,Suburban,1.54,0,2.2,4.45,Scooter,1,34.8,30.58
ORD102693,2.16,Medium,Clear,Evening,Tue,Urban,5.35,1,5.2,4.18,Scooter,0,36.4,21.34
ORD102694,3.92,Severe,Extreme_Heat,Evening,Sat,Urban,2.87,0,0.6,4.55,Electric_Two_Wheeler,1,82.9,37.27
ORD102695,8.2,Medium,Rain,Evening,Thu,Suburban,10.23,2,4.4,4.97,Electric_Two_Wheeler,0,76.8,48.65
ORD102696,4.74,High,Clear,Morning,Sun,Urban,4.3,1,3.2,4.25,Scooter,0,17.6,32.18
ORD102697,5.12,Medium,Rain,Evening,Sun,Suburban,1.27,0,2.7,4.34,Motorcycle,1,39.3,34.99
ORD102698,1.88,High,Clear,Night,Tue,Urban,3.04,0,1.3,4.06,Scooter,0,32.6,23.44
ORD102699,2.25,High,Clear,Morning,Wed,Suburban,1.47,1,1.1,4.14,Scooter,0,63.6,22.79
ORD102700,4.27,Medium,Extreme_Heat,Afternoon,Sun,Urban,0.73,1,3.0,4.8,Motorcycle,1,58.7,41.7
ORD102701,3.54,Severe,Rain,Afternoon,Sun,Urban,0.75,0,11.6,4.8,Motorcycle,0,71.1,27.34
ORD102702,3.2,Low,,Evening,Thu,Urban,1.21,0,1.3,4.22,Motorcycle,1,92.0,27.16
ORD102703,1.9,Low,Clear,Evening,Sat,Urban,0.44,0,6.3,4.5,Scooter,1,47.9,16.78
ORD102704,2.22,High,Clear,Morning,Fri,Urban,0.59,0,2.2,4.67,Scooter,0,69.0,18.24
ORD102705,1.39,High,Clear,Night,Sun,Suburban,1.59,0,5.1,4.12,Scooter,0,92.7,14.04
ORD102706,2.78,Low,Clear,Morning,Tue,Suburban,6.35,2,0.6,3.78,Scooter,0,58.8,24.64
ORD102707,3.56,Low,Rain,Evening,Mon,Suburban,1.92,1,3.6,4.58,Motorcycle,0,37.7,31.45
ORD102708,3.73,Low,Clear,Afternoon,Sat,Suburban,1.25,1,4.5,4.66,Scooter,0,46.3,26.04
ORD102709,8.03,Low,Fog,Afternoon,Thu,Urban,0.76,0,4.5,4.6,Scooter,0,77.9,39.94
ORD102710,0.94,High,Clear,Morning,Sat,Urban,0.64,2,3.8,4.15,Scooter,0,74.8,28.35
ORD102711,10.91,Medium,Clear,Morning,Thu,Urban,2.35,1,0.9,4.91,Motorcycle,0,77.4,51.86
ORD102712,5.87,Medium,Clear,Evening,Sat,Suburban,3.97,0,1.8,4.41,Motorcycle,1,76.9,35.5
ORD102713,4.12,Medium,Clear,Evening,Fri,Urban,1.22,2,0.9,3.84,Motorcycle,1,92.8,35.7
ORD102714,2.11,Low,Clear,Morning,Tue,Urban,1.8,2,1.1,3.66,Scooter,0,78.8,16.51
ORD102715,2.89,Low,Extreme_Heat,Morning,Mon,Suburban,2.65,0,0.9,4.18,Scooter,0,87.0,22.77
ORD102716,5.79,Medium,Clear,Morning,Sun,Rural,0.32,2,0.8,4.39,Scooter,0,61.6,37.94
ORD102717,2.37,Severe,Extreme_Heat,Evening,Fri,Suburban,1.06,0,3.0,4.18,Scooter,1,68.0,34.95
ORD102718,6.13,High,Clear,Evening,Tue,Suburban,2.82,0,2.6,5.0,Scooter,0,97.1,36.09
ORD102719,3.87,Low,Extreme_Heat,Morning,Mon,Suburban,2.51,0,0.6,4.46,Scooter,0,88.3,20.32
ORD102720,3.86,High,Clear,Evening,Sat,Urban,0.31,0,2.9,3.91,Motorcycle,1,80.0,39.72
ORD102721,5.79,High,Extreme_Heat,Morning,Sun,Suburban,0.74,2,0.9,3.39,Electric_Two_Wheeler,0,71.7,37.86
ORD102722,1.79,High,Clear,Night,Mon,Suburban,2.48,2,0.6,4.39,Scooter,0,42.3,26.77
ORD102723,3.15,Medium,Rain,Night,Wed,Urban,0.83,0,3.4,4.7,Motorcycle,0,59.3,21.41
ORD102724,3.57,Medium,Extreme_Heat,Evening,Mon,Urban,3.57,0,1.1,5.0,Scooter,0,15.0,22.26
ORD102725,5.62,Medium,Clear,Night,Tue,Urban,0.26,0,2.1,4.22,Motorcycle,0,47.5,28.93
ORD102726,7.61,Low,Clear,Evening,Fri,Urban,0.62,0,0.6,4.99,Motorcycle,0,20.1,31.48
ORD102727,1.7,Low,Clear,Evening,Sun,Suburban,0.86,0,2.4,3.76,Electric_Two_Wheeler,1,75.6,12.19
ORD102728,3.89,Low,Extreme_Heat,Evening,Fri,Urban,5.39,1,0.6,4.16,Scooter,0,90.3,29.07
ORD102729,1.61,Medium,Clear,Afternoon,Sun,Urban,3.38,0,0.5,3.89,Scooter,1,25.7,24.72
ORD102730,3.87,High,Clear,Morning,Wed,Suburban,4.51,3,1.2,4.62,Scooter,0,32.1,38.72
ORD102731,5.15,Medium,Clear,Afternoon,Tue,Urban,1.36,1,3.9,3.78,Scooter,1,87.1,29.49
ORD102732,2.9,Low,,Evening,Mon,Urban,3.66,1,0.5,4.46,Electric_Two_Wheeler,0,62.7,20.75
ORD102733,7.86,Severe,Fog,Morning,Wed,Suburban,4.04,0,0.3,3.8,Motorcycle,0,62.9,55.32
ORD102734,5.18,Severe,Clear,Afternoon,Sat,Urban,1.22,1,0.1,5.0,Motorcycle,0,60.7,41.24
ORD102735,4.94,High,Rain,Afternoon,Thu,Suburban,10.59,0,1.3,4.15,Motorcycle,0,29.6,40.32
ORD102736,4.21,Severe,Extreme_Heat,Morning,Sat,Urban,4.01,0,0.8,4.45,Electric_Two_Wheeler,0,31.9,38.11
ORD102737,5.74,Medium,Clear,Evening,Tue,Urban,7.51,0,0.9,3.58,Scooter,1,95.5,34.03
ORD102738,8.25,Severe,Rain,Night,Wed,Urban,4.23,0,10.0,,Scooter,0,75.1,50.13
ORD102739,4.38,Low,Clear,Evening,Fri,Urban,3.19,1,0.5,3.99,Motorcycle,1,18.1,34.61
ORD102740,3.0,Medium,Rain,Evening,Wed,Rural,5.96,0,1.5,4.64,Scooter,0,30.1,28.09
ORD102741,14.16,Low,Clear,Evening,Thu,Rural,1.29,1,10.7,4.56,Scooter,0,66.4,42.61
ORD102742,4.31,Low,Rain,Afternoon,Tue,Suburban,3.26,1,0.1,4.73,Scooter,0,35.5,31.98
ORD102743,3.55,Low,Clear,Morning,Wed,Urban,0.68,0,3.0,3.7,Motorcycle,0,32.7,22.49
ORD102744,5.55,Medium,Clear,Night,Sun,Rural,2.84,0,1.2,4.5,Motorcycle,0,28.2,24.62
ORD102745,1.13,High,Clear,Morning,Sat,Suburban,3.28,1,5.9,4.08,Scooter,0,26.7,19.69
ORD102746,1.62,Medium,Clear,Morning,Mon,Urban,2.72,2,6.1,3.98,Motorcycle,0,65.2,22.14
ORD102747,0.98,Low,Rain,Evening,Sat,Suburban,3.99,0,1.2,4.09,Motorcycle,1,91.5,16.94
ORD102748,1.1,High,Clear,Morning,Tue,Urban,1.27,0,0.6,4.25,Electric_Two_Wheeler,0,42.5,20.46
ORD102749,2.01,Medium,Rain,Afternoon,Wed,Urban,1.77,0,1.4,4.56,Motorcycle,1,20.9,28.16
ORD102750,2.9,Medium,Clear,Morning,Sat,Suburban,0.22,1,8.4,4.75,Motorcycle,0,21.2,15.37
ORD102751,2.81,High,Rain,Morning,Wed,Suburban,0.52,1,0.8,4.51,Motorcycle,0,94.0,28.79
ORD102752,3.61,Low,Clear,Morning,Sat,Urban,2.27,0,10.0,4.55,Scooter,0,57.6,12.22
ORD102753,4.76,Medium,Clear,Morning,Tue,Urban,1.85,0,4.3,5.0,Scooter,0,52.0,27.1
ORD102754,2.97,Severe,Clear,Evening,Fri,Rural,0.64,1,0.8,4.58,Motorcycle,1,90.2,36.97
ORD102755,4.87,Low,Rain,Evening,Sat,Suburban,0.76,1,3.9,4.21,Scooter,0,55.6,29.15
ORD102756,8.2,Medium,Clear,Afternoon,Mon,Urban,1.04,2,0.1,4.53,Scooter,1,53.3,55.57
ORD102757,11.96,High,Fog,Night,Sat,Urban,2.72,1,2.0,4.98,Motorcycle,0,93.4,69.85
ORD102758,9.09,High,Fog,Morning,Tue,Urban,2.08,1,1.1,3.95,Scooter,0,52.7,56.46
ORD102759,10.98,Low,Clear,Afternoon,Sat,Rural,0.34,0,1.4,4.13,Scooter,1,45.2,36.28
ORD102760,3.67,Low,Rain,Morning,Mon,Urban,3.05,1,1.6,4.88,Motorcycle,0,62.3,29.0
ORD102761,1.2,Low,Clear,Evening,Sun,Urban,0.81,0,1.7,4.18,Motorcycle,0,98.0,6.58
ORD102762,3.46,Medium,Clear,Afternoon,Mon,Urban,2.43,0,2.7,4.61,Motorcycle,1,96.7,30.4
ORD102763,1.9,Medium,Rain,Evening,Tue,Suburban,0.46,1,3.0,4.82,Motorcycle,0,79.8,25.13
ORD102764,3.7,Low,Rain,Evening,Wed,Suburban,12.55,0,9.3,3.8,Motorcycle,0,54.9,25.16
ORD102765,1.61,Severe,Rain,Afternoon,Sat,Suburban,0.37,1,3.6,4.14,Scooter,0,89.3,32.18
ORD102766,4.15,Medium,Clear,Evening,Fri,Urban,2.91,2,2.9,4.78,Scooter,1,47.7,37.76
ORD102767,2.29,Low,Clear,Night,Mon,Urban,1.76,2,1.2,4.25,Scooter,0,67.6,24.35
ORD102768,2.28,Medium,Clear,Afternoon,Sun,Rural,0.38,0,0.3,3.49,Motorcycle,1,26.1,20.47
ORD102769,7.61,High,Rain,Afternoon,Mon,Rural,0.25,1,0.2,4.1,Motorcycle,1,69.5,52.45
ORD102770,4.23,Low,Clear,Evening,Sat,Rural,1.1,0,1.6,4.62,Motorcycle,0,34.8,15.29
ORD102771,3.84,Low,Rain,Evening,Wed,Rural,3.44,1,2.8,4.81,Motorcycle,1,79.5,29.44
ORD102772,6.46,High,Clear,Morning,Sat,Suburban,0.28,1,2.6,4.32,Scooter,0,47.3,44.29
ORD102773,4.81,Medium,Clear,Afternoon,Sun,Suburban,2.64,1,7.6,4.49,Motorcycle,0,45.9,24.56
ORD102774,6.38,Medium,Clear,Afternoon,Sun,Suburban,2.33,0,1.2,4.15,Scooter,1,77.2,36.08
ORD102775,3.5,Medium,Clear,Afternoon,Tue,Suburban,0.82,0,2.5,4.66,Scooter,1,48.3,23.73
ORD102776,6.13,Low,Clear,Morning,Fri,Urban,0.36,0,5.5,4.87,Motorcycle,0,74.3,26.83
ORD102777,1.25,Low,Fog,Night,Sat,Urban,5.14,0,1.3,4.61,Electric_Two_Wheeler,0,87.0,20.31
ORD102778,3.46,Medium,Fog,Evening,Mon,Rural,0.91,0,1.6,4.25,Motorcycle,0,22.3,23.67
ORD102779,4.58,Low,Clear,Afternoon,Mon,Urban,0.44,1,6.4,4.47,Electric_Two_Wheeler,1,53.1,26.33
ORD102780,2.89,Low,Clear,Evening,Tue,Suburban,2.49,0,2.0,4.68,Scooter,0,95.0,16.08
ORD102781,3.55,High,Clear,Night,Wed,Urban,0.69,0,4.0,4.31,Scooter,0,83.1,26.77
ORD102782,6.61,Severe,Fog,Morning,Sat,Urban,1.49,2,6.9,4.62,Scooter,0,97.6,61.9
ORD102783,6.74,High,Clear,Afternoon,Thu,Urban,0.3,0,2.1,4.45,Scooter,1,87.4,44.16
ORD102784,4.56,High,Extreme_Heat,Afternoon,Wed,Urban,10.12,0,0.3,4.87,Scooter,1,37.9,48.18
ORD102785,8.47,Low,Clear,Evening,Mon,Urban,1.39,0,4.3,4.58,Motorcycle,1,26.1,41.92
ORD102786,1.84,Severe,Clear,Morning,Sun,Urban,14.25,1,4.3,4.1,Motorcycle,0,28.9,42.12
ORD102787,3.23,Low,Extreme_Heat,Night,Sat,Suburban,1.17,1,0.3,4.86,Electric_Two_Wheeler,0,29.5,27.81
ORD102788,3.31,Severe,Clear,Afternoon,Sun,Urban,1.05,0,2.0,4.48,Electric_Two_Wheeler,0,16.8,33.05
ORD102789,7.98,Severe,Clear,Afternoon,Mon,Urban,5.12,0,1.7,4.24,Scooter,1,91.6,59.66
ORD102790,5.19,High,Clear,Afternoon,Fri,Urban,1.0,0,4.7,3.76,Electric_Two_Wheeler,1,55.2,39.87
ORD102791,9.38,Severe,Clear,Morning,Wed,Suburban,1.33,0,0.8,4.39,Motorcycle,0,19.1,55.58
ORD102792,1.29,Medium,Clear,Evening,Thu,Suburban,0.36,0,1.4,5.0,Motorcycle,0,78.6,17.3
ORD102793,4.65,Low,Rain,Night,Fri,Suburban,6.42,0,2.3,3.21,Motorcycle,0,39.3,25.47
ORD102794,3.89,Medium,Rain,Afternoon,Thu,Urban,0.38,1,1.8,3.22,Scooter,0,16.4,35.79
ORD102795,0.72,Medium,Clear,Night,Fri,Urban,3.15,0,7.8,4.61,Electric_Two_Wheeler,0,27.1,8.49
ORD102796,2.25,Low,,Evening,Wed,Suburban,1.75,0,8.1,4.39,Motorcycle,1,69.2,25.53
ORD102797,1.86,Medium,Clear,Afternoon,Mon,Suburban,0.33,0,0.2,4.57,Electric_Two_Wheeler,1,81.5,18.29
ORD102798,5.15,Severe,Clear,Evening,Thu,Urban,0.2,0,0.9,4.09,Electric_Two_Wheeler,0,32.8,35.95
ORD102799,7.75,Low,Clear,Afternoon,Wed,Urban,5.68,0,0.0,3.44,Motorcycle,1,61.9,36.42
ORD102800,3.04,High,Clear,Evening,Thu,Urban,2.91,0,1.4,3.97,Scooter,0,10.1,27.17
ORD102801,1.81,Severe,Clear,Morning,Wed,Urban,2.52,0,2.7,4.92,Scooter,0,35.1,27.31
ORD102802,1.58,Severe,Extreme_Heat,Evening,Fri,Suburban,1.35,1,1.6,4.12,Scooter,0,26.3,35.69
ORD102803,9.68,Severe,Clear,Morning,Wed,Urban,0.75,0,0.2,4.12,Scooter,0,16.9,58.54
ORD102804,2.43,Medium,Clear,Evening,Fri,Urban,2.48,0,0.5,3.25,Motorcycle,1,53.6,21.9
ORD102805,0.58,Severe,Clear,Evening,Mon,Urban,2.07,0,0.5,3.58,Scooter,0,66.8,25.44
ORD102806,2.61,High,Rain,Morning,Fri,Rural,2.79,0,1.8,4.74,Electric_Two_Wheeler,0,14.2,32.97
ORD102807,1.27,Low,Fog,Afternoon,Tue,Suburban,1.11,0,2.8,4.2,Motorcycle,0,22.4,17.62
ORD102808,4.01,Medium,Clear,Afternoon,Mon,Suburban,8.87,0,1.0,4.7,Scooter,1,93.9,32.18
ORD102809,3.76,High,Clear,Evening,Sun,Urban,0.34,1,0.3,4.0,Motorcycle,1,30.1,37.07
ORD102810,3.02,Low,Clear,Afternoon,Sun,Suburban,0.37,1,4.0,3.71,Motorcycle,1,78.4,21.63
ORD102811,1.4,Medium,Clear,Evening,Sun,Urban,5.17,2,4.9,4.2,Motorcycle,0,77.3,22.61
ORD102812,3.68,High,Clear,Afternoon,Sat,Urban,2.29,0,0.8,4.07,Motorcycle,0,38.9,28.57
ORD102813,3.31,Low,Clear,Morning,Sat,Urban,0.99,1,1.4,3.97,Scooter,0,28.4,24.02
ORD102814,3.55,Medium,Clear,Morning,Wed,Suburban,3.07,1,0.2,3.98,Motorcycle,0,32.0,29.37
ORD102815,2.8,High,Clear,Morning,Wed,Urban,1.41,0,0.6,4.25,Motorcycle,0,60.9,24.41
ORD102816,5.87,Medium,Clear,Evening,Tue,Suburban,0.24,1,3.6,4.1,Motorcycle,1,44.3,37.51
ORD102817,6.86,Low,Extreme_Heat,Night,Wed,Urban,2.31,0,1.1,3.93,Motorcycle,0,54.6,36.49
ORD102818,1.58,Low,Extreme_Heat,Afternoon,Mon,Urban,0.76,1,2.3,5.0,Scooter,1,83.0,23.64
ORD102819,5.61,Medium,Clear,Afternoon,Mon,Urban,0.45,0,7.3,4.48,Scooter,1,55.2,34.08
ORD102820,7.11,Severe,Clear,Morning,Sun,Urban,0.71,0,3.2,4.36,Motorcycle,0,99.6,46.69
ORD102821,12.69,Low,Clear,Evening,Fri,Urban,1.49,0,1.5,4.27,Electric_Two_Wheeler,1,69.9,56.53
ORD102822,4.21,Medium,Clear,Morning,Thu,Urban,0.3,0,1.1,4.57,Scooter,0,28.7,26.29
ORD102823,2.83,Low,Rain,Evening,Wed,Urban,4.49,0,0.5,4.51,Scooter,1,55.0,24.97
ORD102824,6.22,Medium,Clear,Night,Tue,Urban,1.84,0,3.5,3.89,Scooter,0,83.2,25.51
ORD102825,2.87,High,Fog,Morning,Sun,Urban,0.89,2,0.3,3.69,Scooter,0,29.6,39.85
ORD102826,7.35,High,,Evening,Sat,Urban,2.52,0,0.2,3.39,Scooter,0,75.6,43.59
ORD102827,3.53,Low,Clear,Morning,Mon,Urban,3.46,0,0.3,5.0,Scooter,0,13.0,25.66
ORD102828,2.29,Medium,Clear,Afternoon,Mon,Urban,2.1,1,0.7,4.12,Motorcycle,1,94.8,27.37
ORD102829,4.05,Low,Clear,Morning,Mon,Urban,0.65,0,2.5,4.54,Scooter,0,69.7,21.36
ORD102830,3.23,Medium,Clear,Afternoon,Thu,Suburban,0.43,0,4.9,4.38,Scooter,0,24.6,16.98
ORD102831,3.05,High,Clear,Morning,Thu,Urban,4.13,0,12.3,4.67,Scooter,0,88.7,19.66
ORD102832,0.99,Low,Clear,Afternoon,Wed,Urban,0.73,0,3.3,4.27,Electric_Two_Wheeler,1,17.4,12.7
ORD102833,7.03,Low,Fog,Afternoon,Sat,Rural,0.24,1,0.4,3.77,Motorcycle,1,46.5,36.85
ORD102834,7.0,Medium,Clear,Afternoon,Tue,Suburban,2.26,0,0.8,3.89,Electric_Two_Wheeler,1,76.3,38.74
ORD102835,5.05,Severe,Clear,Evening,Thu,Rural,0.53,1,0.4,4.16,Motorcycle,0,94.4,39.65
ORD102836,5.32,Severe,Rain,Night,Fri,Suburban,9.61,2,0.3,3.67,Scooter,0,41.4,58.88
ORD102837,2.04,Low,Rain,Afternoon,Thu,Urban,4.28,1,2.1,3.96,Scooter,0,84.7,23.8
ORD102838,0.74,High,Clear,Morning,Mon,Urban,2.08,0,5.9,3.82,Motorcycle,0,27.7,16.35
ORD102839,4.31,Medium,Fog,Afternoon,Tue,Suburban,3.79,1,2.9,4.17,Motorcycle,1,13.2,34.51
ORD102840,3.48,Medium,Clear,Night,Wed,Rural,1.47,1,4.0,4.1,Motorcycle,0,12.6,29.38
ORD102841,4.25,High,Clear,Evening,Thu,Suburban,3.31,0,1.8,4.35,Motorcycle,0,69.2,27.67
ORD102842,0.65,Severe,Clear,Afternoon,Mon,Suburban,2.28,1,1.6,4.64,Motorcycle,0,23.9,20.29
ORD102843,5.74,Severe,Clear,Morning,Sun,Urban,0.26,0,6.9,4.2,Scooter,0,14.5,42.77
ORD102844,2.02,Medium,Fog,Afternoon,Fri,Urban,6.14,1,3.2,3.7,Motorcycle,1,97.9,30.67
ORD102845,1.75,Medium,Rain,Afternoon,Fri,Rural,4.15,1,1.5,3.48,Motorcycle,1,31.8,25.88
ORD102846,10.31,High,Fog,Night,Sun,Suburban,6.33,0,1.0,4.36,Scooter,0,51.6,56.26
ORD102847,8.81,Low,Clear,Night,Wed,Rural,2.83,0,0.2,4.03,Motorcycle,0,65.2,27.26
ORD102848,0.98,Medium,Clear,Morning,Wed,Suburban,1.26,0,4.3,4.24,Motorcycle,0,23.0,14.82
ORD102849,2.35,Medium,Clear,Afternoon,Thu,Urban,0.66,0,0.5,4.43,Scooter,1,42.1,22.83
ORD102850,3.07,High,Clear,Morning,Wed,Urban,0.6,0,1.8,4.88,Scooter,0,68.3,26.59
ORD102851,8.17,Low,Rain,Afternoon,Sat,Rural,0.51,0,2.5,3.6,Scooter,1,67.6,39.47
ORD102852,6.03,Low,Rain,Night,Sat,Suburban,0.7,0,3.4,3.9,Scooter,0,85.8,30.31
ORD102853,1.44,Severe,Clear,Afternoon,Mon,Urban,1.8,0,0.2,4.27,Scooter,1,49.4,32.75
ORD102854,4.0,Low,Clear,Afternoon,Mon,Urban,2.5,0,0.0,3.84,Scooter,1,90.1,25.71
ORD102855,3.08,Medium,Clear,Morning,Mon,Urban,0.95,0,3.1,3.7,Scooter,0,71.4,24.67
ORD102856,3.15,Low,Clear,Evening,Sat,Urban,1.79,1,1.5,4.82,Scooter,1,60.6,27.91
ORD102857,2.48,Low,Clear,Evening,Thu,Suburban,1.03,0,0.5,3.88,Electric_Two_Wheeler,1,20.5,16.3
ORD102858,3.1,Low,Clear,Afternoon,Thu,Urban,2.58,0,10.0,3.78,Scooter,0,61.7,9.99
ORD102859,5.62,Low,Clear,Morning,Wed,Urban,9.13,1,3.9,3.84,Scooter,0,63.5,28.11
ORD102860,3.34,High,Clear,Afternoon,Thu,Suburban,2.54,1,2.2,4.73,Scooter,1,78.3,34.45
ORD102861,3.56,Low,Clear,Night,Mon,Urban,0.32,0,3.0,4.02,Motorcycle,0,74.7,14.11
ORD102862,6.05,Severe,Clear,Afternoon,Tue,Suburban,1.5,3,0.4,3.75,Scooter,0,57.7,49.03
ORD102863,4.87,Medium,Rain,Afternoon,Mon,Urban,3.14,0,8.2,3.96,Scooter,1,63.4,31.19
ORD102864,6.09,Medium,Clear,Afternoon,Sat,Rural,1.76,0,14.0,4.28,Scooter,1,79.5,29.53
ORD102865,2.06,Medium,Extreme_Heat,Evening,Sun,Urban,6.23,0,2.6,4.66,Electric_Two_Wheeler,1,41.6,27.29
ORD102866,3.81,Medium,Clear,Afternoon,Tue,Urban,0.31,0,2.8,4.62,Motorcycle,1,22.1,30.41
ORD102867,3.73,High,Clear,Morning,Wed,Suburban,0.89,1,3.0,3.99,Scooter,0,88.7,27.49
ORD102868,3.38,Low,Clear,Evening,Fri,Suburban,0.7,0,2.7,4.09,Scooter,0,96.9,9.9
ORD102869,2.99,Medium,Clear,Evening,Sun,Urban,3.12,0,1.4,5.0,Scooter,0,48.6,17.5
ORD102870,8.63,High,Fog,Evening,Thu,Rural,1.68,0,1.9,4.7,Scooter,0,99.1,40.76
ORD102871,2.79,Severe,Clear,Night,Thu,Urban,0.5,0,0.8,4.2,Motorcycle,0,39.0,27.32
ORD102872,7.34,High,Extreme_Heat,Afternoon,Sat,Rural,0.87,0,1.5,3.38,Motorcycle,0,16.0,42.45
ORD102873,11.21,Medium,Fog,Morning,Mon,Urban,1.68,0,1.4,4.12,Motorcycle,0,61.5,56.68
ORD102874,1.79,High,Clear,Night,Mon,Urban,11.31,1,0.8,3.77,Scooter,0,88.1,29.31
ORD102875,1.41,Medium,Clear,Afternoon,Tue,Urban,1.11,0,3.9,3.95,Motorcycle,0,65.6,17.19
ORD102876,0.9,Medium,Rain,Evening,Thu,Urban,0.54,1,1.3,3.91,Scooter,1,10.8,25.99
ORD102877,7.27,Low,Clear,Evening,Sun,Urban,1.57,0,2.0,4.21,Scooter,0,11.1,35.18
ORD102878,7.39,Medium,Rain,Afternoon,Sat,Urban,0.94,0,0.4,4.33,Motorcycle,1,75.2,42.56
ORD102879,1.85,Low,Clear,Morning,Sun,Urban,1.87,1,1.6,4.01,Scooter,0,86.1,16.34
ORD102880,6.15,Medium,Clear,Evening,Wed,Urban,1.46,0,3.6,3.79,Motorcycle,0,32.8,34.08
ORD102881,2.24,High,Clear,Evening,Mon,Urban,2.54,0,1.5,4.23,Electric_Two_Wheeler,1,52.3,23.81
ORD102882,3.9,Low,Clear,Evening,Sun,Suburban,5.11,1,2.0,,Scooter,0,96.5,23.61
ORD102883,6.98,Low,Fog,Afternoon,Thu,Suburban,0.65,1,3.0,3.54,Electric_Two_Wheeler,1,51.5,43.81
ORD102884,4.9,Low,Clear,Morning,Fri,Suburban,3.64,0,1.2,4.54,Scooter,0,22.2,19.32
ORD102885,2.09,Severe,Fog,Morning,Sat,Rural,6.16,1,1.1,4.01,Scooter,0,92.0,35.48
ORD102886,4.06,Medium,Clear,Afternoon,Tue,Suburban,1.14,0,0.2,4.19,Motorcycle,0,54.6,23.29
ORD102887,2.96,Medium,Clear,Afternoon,Mon,Rural,0.44,0,2.2,4.21,Motorcycle,1,41.0,23.61
ORD102888,6.1,High,Clear,Night,Mon,Urban,3.65,0,3.1,4.29,Scooter,0,18.8,36.65
ORD102889,4.81,High,Clear,Evening,Wed,Urban,2.62,1,2.2,4.36,Motorcycle,1,51.2,36.74
ORD102890,4.78,Medium,Clear,Evening,Mon,Urban,0.68,0,0.8,3.78,Electric_Two_Wheeler,0,79.3,29.2
ORD102891,2.01,High,Clear,Afternoon,Sat,Urban,1.38,1,0.8,4.42,Scooter,0,74.5,29.18
ORD102892,1.97,High,Fog,Morning,Thu,Suburban,1.93,2,0.4,4.16,Electric_Two_Wheeler,0,54.7,39.02
ORD102893,4.24,High,Clear,Night,Thu,Suburban,0.57,1,0.1,4.73,Motorcycle,0,74.8,36.69
ORD102894,6.62,Low,Clear,Afternoon,Thu,Urban,2.71,0,1.4,4.63,Electric_Two_Wheeler,0,41.6,27.03
ORD102895,9.72,High,Fog,Morning,Fri,Suburban,2.54,0,0.4,4.83,Scooter,0,76.2,48.46
ORD102896,1.11,Medium,Rain,Afternoon,Fri,Urban,4.56,0,2.9,3.92,Motorcycle,1,17.7,27.26
ORD102897,3.92,Low,Clear,Night,Mon,Urban,1.88,2,8.2,4.81,Scooter,0,27.9,22.82
ORD102898,7.0,Medium,Clear,Night,Sun,Suburban,1.91,1,0.2,4.34,Electric_Two_Wheeler,0,89.0,38.29
ORD102899,5.74,Low,Fog,Morning,Fri,Rural,2.13,0,5.6,4.58,Motorcycle,0,36.4,23.85
ORD102900,4.69,Low,Clear,Night,Sun,Suburban,0.84,2,2.7,4.57,Scooter,0,28.5,23.51
ORD102901,6.93,High,Clear,Afternoon,Sun,Suburban,3.04,0,4.9,4.48,Scooter,0,18.0,36.99
ORD102902,1.89,Low,Clear,Morning,Fri,Urban,2.37,2,0.4,3.86,Motorcycle,0,45.4,20.16
ORD102903,5.86,Medium,Fog,Evening,Wed,Urban,3.85,1,5.9,4.68,Motorcycle,1,16.0,49.49
ORD102904,7.22,Medium,Clear,Night,Fri,Urban,3.13,0,7.9,4.44,Scooter,0,54.7,32.66
ORD102905,1.69,Low,Extreme_Heat,Evening,Tue,Suburban,2.24,2,5.9,3.71,Scooter,0,92.7,13.04
ORD102906,4.81,Severe,Clear,Evening,Tue,Urban,0.55,1,3.8,4.11,Motorcycle,0,80.8,52.36
ORD102907,6.14,Low,Rain,Evening,Sun,Urban,5.23,0,0.2,3.81,Scooter,1,13.7,41.06
ORD102908,6.48,Medium,Clear,Evening,Tue,Rural,1.12,0,0.6,3.73,Scooter,1,37.0,41.11
ORD102909,1.05,Medium,Clear,Night,Mon,Suburban,6.87,2,6.1,4.64,Electric_Two_Wheeler,0,26.9,18.84
ORD102910,2.52,Low,Fog,Evening,Thu,Suburban,1.23,2,0.7,3.71,Scooter,1,16.0,32.2
ORD102911,0.7,Low,Clear,Night,Wed,Urban,0.52,1,1.1,3.77,Scooter,0,19.8,12.6
ORD102912,8.58,High,Clear,Night,Mon,Urban,4.52,0,0.1,5.0,Scooter,0,91.7,49.07
ORD102913,3.06,Severe,Clear,Morning,Thu,Urban,3.37,0,2.5,4.12,Electric_Two_Wheeler,0,37.9,34.02
ORD102914,1.89,Low,Clear,Evening,Wed,Suburban,3.29,0,2.1,4.56,Scooter,0,45.3,12.11
ORD102915,1.77,High,Clear,Afternoon,Sun,Urban,0.39,2,8.2,4.75,Motorcycle,0,53.7,25.24
ORD102916,2.6,High,,Afternoon,Wed,Suburban,4.43,1,5.6,4.61,Electric_Two_Wheeler,1,77.0,36.01
ORD102917,7.23,High,Clear,Evening,Wed,Rural,2.01,0,1.8,4.36,Scooter,0,81.9,32.94
ORD102918,2.06,Medium,Clear,Morning,Tue,Urban,1.47,1,2.3,4.29,Motorcycle,0,96.7,23.87
ORD102919,9.3,Medium,Clear,Afternoon,Tue,Urban,5.09,0,1.3,4.52,Scooter,1,29.0,50.68
ORD102920,1.43,Medium,Rain,Night,Tue,Suburban,2.39,0,0.4,4.21,Motorcycle,0,37.1,17.28
ORD102921,13.17,High,Rain,Morning,Wed,Rural,0.49,0,5.1,4.58,Scooter,0,38.2,49.19
ORD102922,2.64,High,Clear,Afternoon,Sat,Suburban,1.67,1,2.0,4.2,Motorcycle,1,50.1,27.06
ORD102923,9.44,Low,Clear,Night,Wed,Urban,2.22,1,1.4,4.24,Scooter,0,82.7,41.52
ORD102924,8.59,Medium,Extreme_Heat,Afternoon,Tue,Urban,4.78,0,0.2,5.0,Scooter,1,31.6,49.26
ORD102925,8.57,Severe,Clear,Afternoon,Wed,Suburban,0.86,2,2.7,4.11,Electric_Two_Wheeler,0,80.5,54.45
ORD102926,3.66,High,Fog,Afternoon,Tue,Suburban,3.36,1,1.3,4.31,Scooter,1,28.4,44.41
ORD102927,1.57,Severe,Fog,Afternoon,Tue,Urban,3.42,0,0.7,4.47,Motorcycle,1,73.9,40.31
ORD102928,4.48,High,Rain,Evening,Tue,Urban,0.47,0,5.2,4.5,Scooter,1,81.9,45.26
ORD102929,2.22,Medium,Clear,Evening,Sun,Suburban,0.23,0,0.5,4.42,Scooter,1,86.8,23.34
ORD102930,8.62,Medium,Fog,Afternoon,Sun,Urban,1.94,1,1.8,3.8,Motorcycle,0,55.9,51.66
ORD102931,4.33,High,Rain,Evening,Sat,Suburban,3.32,0,4.0,4.36,Scooter,0,39.6,28.19
ORD102932,3.93,Low,Clear,Afternoon,Thu,Urban,1.82,0,4.7,4.4,Electric_Two_Wheeler,1,79.5,24.49
ORD102933,2.31,Medium,Clear,Afternoon,Wed,Suburban,3.56,0,4.3,4.76,Motorcycle,1,38.9,22.25
ORD102934,2.87,High,Clear,Evening,Mon,Suburban,2.15,1,5.7,4.6,Scooter,0,23.3,23.12
ORD102935,5.49,Low,Clear,Evening,Tue,Urban,2.32,0,0.4,4.78,Motorcycle,1,85.1,26.73
ORD102936,4.92,High,Clear,Evening,Sat,Suburban,0.26,0,7.1,3.9,Scooter,0,47.0,31.27
ORD102937,6.15,Medium,Clear,Morning,Mon,Suburban,0.39,1,0.0,3.9,Scooter,0,61.4,29.47
ORD102938,6.46,Severe,Clear,Morning,Sun,Rural,2.78,1,0.7,4.43,Motorcycle,0,92.7,42.81
ORD102939,6.83,Low,Clear,Afternoon,Thu,Urban,3.08,1,0.2,4.75,Scooter,1,22.2,38.87
ORD102940,1.73,Low,Clear,Afternoon,Wed,Suburban,1.76,1,7.3,4.22,Scooter,0,60.1,13.74
ORD102941,5.07,Medium,Rain,Evening,Sun,Suburban,1.98,1,1.4,4.0,Motorcycle,1,60.3,36.65
ORD102942,4.85,Low,Extreme_Heat,Morning,Sat,Urban,2.11,0,0.9,3.66,Motorcycle,0,87.6,25.59
ORD102943,1.39,High,,Evening,Tue,Suburban,0.42,0,0.5,4.45,Motorcycle,1,40.7,21.04
ORD102944,5.27,High,Clear,Afternoon,Tue,Urban,2.4,0,0.4,4.25,Motorcycle,0,46.1,33.88
ORD102945,8.52,Low,Clear,Afternoon,Tue,Urban,1.5,0,2.4,4.13,Motorcycle,1,56.7,42.15
ORD102946,5.35,Medium,Rain,Afternoon,Sat,Urban,2.05,0,0.1,4.66,Motorcycle,0,25.0,37.9
ORD102947,1.48,Medium,Rain,Morning,Sun,Urban,1.86,0,2.3,4.27,Scooter,0,52.4,25.25
ORD102948,2.22,Medium,Extreme_Heat,Night,Mon,Rural,3.08,0,3.7,4.3,Electric_Two_Wheeler,0,49.2,16.71
ORD102949,4.63,Severe,Clear,Morning,Thu,Suburban,0.97,2,2.3,4.66,Scooter,0,27.8,41.65
ORD102950,1.99,High,Extreme_Heat,Afternoon,Wed,Urban,1.14,0,4.4,5.0,Motorcycle,0,85.0,27.63
ORD102951,5.62,High,Clear,Evening,Thu,Suburban,1.19,0,0.8,4.12,Electric_Two_Wheeler,0,48.8,33.98
ORD102952,3.97,High,Rain,Evening,Sun,Urban,3.07,0,0.2,3.95,Motorcycle,1,37.5,44.04
ORD102953,6.73,Medium,Clear,Afternoon,Tue,Suburban,1.33,0,3.2,3.9,Electric_Two_Wheeler,0,21.7,35.99
ORD102954,3.23,Severe,Fog,Afternoon,Thu,Urban,0.59,0,4.4,4.49,Scooter,1,18.1,44.28
ORD102955,4.7,High,Clear,Evening,Mon,Urban,8.35,2,1.7,3.86,Scooter,1,96.4,47.76
ORD102956,2.44,High,Rain,Night,Fri,Urban,1.56,1,4.3,4.15,Electric_Two_Wheeler,0,99.6,29.78
ORD102957,11.69,High,Fog,Night,Sun,Suburban,0.43,0,1.5,4.19,Scooter,0,90.8,63.72
ORD102958,3.87,Low,Clear,Afternoon,Fri,Urban,2.42,1,0.6,4.92,Motorcycle,0,51.3,19.29
ORD102959,1.67,High,Clear,Night,Wed,Urban,2.89,1,1.6,4.78,Scooter,0,82.7,26.83
ORD102960,7.34,Low,Fog,Morning,Wed,Urban,1.59,1,0.6,3.69,Motorcycle,0,85.1,41.69
ORD102961,3.15,Medium,Clear,Morning,Thu,Urban,2.28,1,1.6,4.93,Motorcycle,0,37.0,25.94
ORD102962,7.11,Medium,Clear,Evening,Wed,Rural,0.58,0,0.4,3.81,Scooter,1,62.7,37.65
ORD102963,3.19,Severe,Clear,Morning,Sun,Urban,1.12,3,0.5,4.36,Motorcycle,0,96.1,41.64
ORD102964,1.96,High,Clear,Morning,Sat,Suburban,0.55,0,5.4,3.97,Motorcycle,0,35.2,14.49
ORD102965,3.82,High,Clear,Morning,Mon,Urban,1.18,0,0.3,4.14,Scooter,0,69.7,27.68
ORD102966,1.6,High,Clear,Afternoon,Tue,Suburban,1.85,0,0.6,3.91,Motorcycle,1,69.6,23.51
ORD102967,3.1,Medium,Clear,Evening,Tue,Urban,1.37,3,13.5,4.97,Motorcycle,1,50.7,27.94
ORD102968,6.56,Severe,Clear,Evening,Thu,Rural,2.0,0,2.1,4.24,Scooter,1,54.1,37.12
ORD102969,5.18,Medium,Fog,Morning,Tue,Urban,1.59,2,2.2,4.39,Motorcycle,0,51.1,46.59
ORD102970,4.23,Medium,Extreme_Heat,Afternoon,Thu,Suburban,0.96,2,4.7,3.87,Scooter,1,56.9,41.24
ORD102971,3.16,Low,Rain,Night,Wed,Rural,0.51,1,1.9,3.73,Scooter,0,23.4,21.24
ORD102972,8.89,High,Clear,Evening,Wed,Suburban,0.78,1,0.6,4.12,Motorcycle,0,81.5,44.91
ORD102973,4.31,High,Extreme_Heat,Afternoon,Sat,Urban,0.65,0,1.4,4.51,Motorcycle,1,69.5,40.46
ORD102974,2.47,Medium,Clear,Night,Sat,Rural,2.66,1,3.5,4.25,Electric_Two_Wheeler,0,97.6,21.42
ORD102975,6.42,Low,Clear,Evening,Mon,Suburban,3.63,0,5.1,4.69,Scooter,1,32.1,34.81
ORD102976,5.44,High,Extreme_Heat,Morning,Tue,Urban,2.75,0,0.8,4.35,Scooter,0,23.1,39.1
ORD102977,2.22,Low,Rain,Morning,Sun,Urban,2.26,0,0.8,4.3,Scooter,0,40.8,16.35
ORD102978,7.87,High,Rain,Morning,Sat,Urban,0.94,0,1.0,4.51,Motorcycle,0,55.9,51.24
ORD102979,4.39,Severe,Rain,Evening,Mon,Urban,2.68,0,2.3,4.34,Scooter,1,28.5,45.61
ORD102980,4.75,Medium,Clear,Morning,Fri,Suburban,2.06,0,0.8,4.68,Motorcycle,0,51.5,24.24
ORD102981,8.19,Low,Clear,Afternoon,Sat,Suburban,0.3,0,5.6,4.52,Scooter,0,67.8,32.99
ORD102982,1.5,High,Rain,Morning,Mon,Urban,4.96,0,9.5,4.66,Motorcycle,0,15.1,22.13
ORD102983,2.31,High,Clear,Night,Thu,Suburban,0.37,1,2.8,4.59,Motorcycle,0,78.2,24.45
ORD102984,8.27,Medium,Clear,Afternoon,Thu,Urban,1.6,1,8.8,4.84,Electric_Two_Wheeler,0,94.6,35.98
ORD102985,2.19,Severe,Rain,Night,Mon,Rural,1.64,1,0.8,4.63,Scooter,0,34.1,33.83
ORD102986,3.94,Low,Rain,Night,Wed,Rural,3.83,0,4.2,5.0,Motorcycle,0,79.9,19.16
ORD102987,9.0,Medium,Clear,Morning,Fri,Rural,5.09,0,2.8,4.08,Motorcycle,0,47.6,38.01
ORD102988,1.84,High,Rain,Afternoon,Mon,Suburban,5.82,0,0.8,4.63,Motorcycle,1,69.8,32.02
ORD102989,0.98,High,Fog,Morning,Sat,Urban,1.89,0,1.0,3.75,Scooter,0,76.9,34.6
ORD102990,1.7,Low,Rain,Night,Wed,Urban,2.47,3,1.7,4.68,Electric_Two_Wheeler,0,36.5,31.02
ORD102991,3.9,High,Clear,Afternoon,Mon,Urban,0.39,1,3.9,4.32,Scooter,1,80.9,39.18
ORD102992,3.36,Medium,Clear,Morning,Tue,Urban,1.54,2,5.1,4.67,Scooter,0,19.5,25.69
ORD102993,3.12,Medium,Clear,Morning,Sat,Suburban,4.76,1,2.5,4.97,Motorcycle,0,98.8,21.81
ORD102994,2.93,Low,Clear,Afternoon,Sat,Urban,1.42,1,3.2,4.62,Motorcycle,0,40.3,15.17
ORD102995,2.17,High,Clear,Night,Thu,Rural,0.34,2,0.8,4.13,Motorcycle,0,30.1,26.45
ORD102996,3.0,Low,Clear,Evening,Tue,Rural,0.65,0,3.4,3.86,Scooter,0,22.5,11.25
ORD102997,5.03,Medium,Clear,Night,Tue,Urban,1.32,0,2.3,4.51,Scooter,0,83.1,26.99
ORD102998,6.08,Low,Extreme_Heat,Afternoon,Sat,Urban,0.74,0,0.6,4.19,Motorcycle,1,62.7,38.11
ORD102999,5.36,High,Clear,Morning,Fri,Urban,1.2,1,7.5,4.57,Scooter,0,95.7,34.15
ORD103000,2.96,High,Rain,Night,Sun,Suburban,1.01,1,1.8,4.1,Electric_Two_Wheeler,0,68.3,35.75
ORD103001,3.39,High,Rain,Morning,Wed,Suburban,0.97,1,4.0,3.93,Electric_Two_Wheeler,0,40.7,28.92
ORD103002,6.57,Low,Clear,Night,Thu,Urban,0.39,0,1.9,4.2,Motorcycle,0,85.3,30.19
ORD103003,6.51,Medium,Extreme_Heat,Afternoon,Tue,Urban,4.49,0,6.8,4.5,Scooter,1,35.3,37.43
ORD103004,11.06,Medium,Clear,Morning,Thu,Urban,2.56,0,0.4,4.35,Electric_Two_Wheeler,0,36.2,50.1
ORD103005,3.14,High,Clear,Evening,Sat,Rural,2.15,0,2.0,3.97,Scooter,0,12.5,27.34
ORD103006,1.62,Severe,Rain,Night,Wed,Urban,2.07,1,0.1,5.0,Scooter,0,32.7,32.63
ORD103007,4.09,Low,Clear,Night,Mon,Urban,1.21,2,0.5,4.24,Scooter,0,33.5,32.11
ORD103008,5.56,High,Rain,Morning,Tue,Suburban,3.67,0,0.8,3.4,Scooter,0,36.8,37.34
ORD103009,6.84,Low,Clear,Morning,Wed,Suburban,5.52,1,1.6,4.67,Motorcycle,0,43.2,36.41
ORD103010,2.74,Medium,Fog,Evening,Sun,Suburban,0.21,0,4.3,4.3,Motorcycle,0,61.9,25.22
ORD103011,4.53,Low,Clear,Evening,Thu,Urban,0.37,0,1.6,4.23,Electric_Two_Wheeler,0,29.5,25.82
ORD103012,5.93,Medium,Rain,Evening,Sat,Suburban,2.45,0,2.1,4.22,Scooter,0,67.3,33.84
ORD103013,3.87,Medium,Clear,Morning,Wed,Suburban,0.74,1,6.4,4.23,Motorcycle,0,22.0,24.11
ORD103014,3.36,Medium,Rain,Night,Mon,Urban,5.05,0,3.5,4.97,Electric_Two_Wheeler,0,93.8,27.16
ORD103015,5.09,Medium,Rain,Evening,Wed,Suburban,2.4,0,0.1,4.49,Motorcycle,1,12.3,38.04
ORD103016,0.94,High,Clear,Evening,Sat,Urban,1.12,0,0.5,4.4,Motorcycle,0,91.7,17.35
ORD103017,3.2,Medium,Rain,Afternoon,Thu,Urban,1.27,0,0.1,4.19,Scooter,1,59.2,33.09
ORD103018,12.16,Low,Clear,Afternoon,Tue,Rural,2.55,0,0.2,4.99,Motorcycle,1,73.9,44.73
ORD103019,4.89,High,Fog,Night,Sun,Urban,0.5,0,1.0,4.64,Scooter,0,36.9,40.83
ORD103020,12.36,Low,Clear,Evening,Sun,Rural,4.5,1,3.3,4.7,Motorcycle,1,25.6,47.57
ORD103021,4.3,Medium,Fog,Night,Tue,Urban,0.21,0,0.7,4.41,Motorcycle,0,95.3,28.23
ORD103022,7.84,High,Fog,Night,Fri,Urban,7.92,1,1.2,4.7,Motorcycle,0,49.7,58.67
ORD103023,2.92,Medium,Clear,Evening,Thu,Suburban,0.57,1,1.3,4.46,Motorcycle,1,53.2,24.72
ORD103024,3.21,Low,Clear,Afternoon,Sun,Suburban,2.91,1,2.2,4.15,Motorcycle,1,98.7,18.41
ORD103025,2.52,Medium,Clear,Morning,Fri,Urban,0.28,1,5.6,4.45,Scooter,0,40.2,26.44
ORD103026,7.48,Severe,Fog,Morning,Fri,Suburban,1.33,0,10.2,5.0,Motorcycle,0,19.0,56.13
ORD103027,2.13,Medium,Clear,Morning,Sat,Urban,2.19,2,2.3,4.38,Motorcycle,0,62.8,23.75
ORD103028,1.15,High,Clear,Morning,Sat,Rural,0.35,0,1.8,4.81,Scooter,0,59.9,20.82
ORD103029,6.95,Medium,Fog,Afternoon,Sat,Urban,1.37,0,2.9,4.78,Scooter,0,79.6,40.7
ORD103030,2.0,Low,Clear,Afternoon,Mon,Suburban,0.92,0,2.8,4.53,Scooter,1,96.0,14.72
ORD103031,6.32,Medium,Rain,Afternoon,Thu,Urban,1.58,0,1.9,4.96,Scooter,0,37.7,35.96
ORD103032,3.32,High,Clear,Afternoon,Tue,Suburban,1.6,0,3.3,3.43,Electric_Two_Wheeler,1,75.0,27.09
ORD103033,16.27,Low,Clear,Morning,Thu,Suburban,3.28,1,1.7,3.57,Scooter,0,49.1,58.51
ORD103034,11.02,Low,Rain,Morning,Sat,Urban,0.46,2,14.1,4.99,Motorcycle,0,80.5,51.5
ORD103035,18.95,Low,Clear,Evening,Mon,Rural,0.37,0,0.1,4.04,Motorcycle,1,24.8,51.78
ORD103036,1.84,Medium,Clear,Afternoon,Thu,Urban,1.23,1,1.5,4.34,Scooter,1,55.1,23.95
ORD103037,3.85,Severe,Fog,Afternoon,Thu,Urban,4.57,0,1.3,5.0,Electric_Two_Wheeler,1,16.9,47.17
ORD103038,1.14,Low,Clear,Evening,Fri,Suburban,4.07,1,3.7,4.38,Scooter,1,60.5,17.69
ORD103039,5.24,Medium,Extreme_Heat,Evening,Thu,Urban,1.84,1,0.5,4.98,Electric_Two_Wheeler,1,25.2,39.24
ORD103040,1.99,Low,Extreme_Heat,Afternoon,Fri,Urban,4.59,2,1.4,4.14,Scooter,1,96.4,29.64
ORD103041,4.01,Severe,Clear,Evening,Fri,Urban,3.47,1,3.0,4.55,Scooter,1,59.9,43.79
ORD103042,0.83,Low,Clear,Night,Wed,Suburban,0.85,0,2.3,4.32,Scooter,0,57.6,5.0
ORD103043,0.86,Medium,Rain,Evening,Sat,Urban,0.57,1,2.0,4.9,Scooter,0,97.5,17.81
ORD103044,2.19,High,Clear,Afternoon,Sun,Urban,0.92,1,1.4,4.2,Motorcycle,0,54.9,21.85
ORD103045,2.42,High,Clear,Evening,Mon,Suburban,0.72,0,3.5,3.91,Scooter,1,70.9,23.51
ORD103046,8.91,Medium,Rain,Morning,Fri,Suburban,2.15,0,2.6,4.11,Motorcycle,0,14.2,42.46
ORD103047,3.01,Medium,Clear,Evening,Thu,Rural,1.96,0,5.2,4.13,Scooter,1,73.8,24.05
ORD103048,5.58,Medium,Fog,Night,Fri,Suburban,2.02,1,3.3,4.04,Motorcycle,0,19.4,40.24
ORD103049,1.08,Low,Clear,Afternoon,Fri,Suburban,0.62,0,0.4,4.02,Motorcycle,1,80.2,8.25
ORD103050,4.76,Low,Clear,Night,Fri,Urban,3.34,0,2.4,4.75,Motorcycle,0,88.9,19.33
ORD103051,4.55,Medium,Clear,Afternoon,Tue,Urban,1.34,0,0.1,4.86,Scooter,1,38.4,31.07
ORD103052,6.16,Low,Extreme_Heat,Night,Sun,Suburban,1.48,0,1.2,4.46,Motorcycle,0,89.0,24.46
ORD103053,4.42,Low,Rain,Evening,Sun,Rural,11.79,0,1.3,4.04,Scooter,1,53.4,32.52
ORD103054,11.71,High,Fog,Morning,Tue,Suburban,0.86,1,4.8,4.07,Scooter,0,61.4,58.44
ORD103055,3.12,Severe,Clear,Evening,Tue,Urban,1.2,2,0.5,3.47,Motorcycle,1,47.0,44.52
ORD103056,2.08,Medium,Clear,Afternoon,Tue,Urban,2.46,1,2.6,4.45,Electric_Two_Wheeler,1,52.9,23.18
ORD103057,6.35,Low,Clear,Morning,Sun,Suburban,4.45,0,0.5,4.03,Electric_Two_Wheeler,0,91.7,25.87
ORD103058,4.8,Low,Clear,Evening,Wed,Suburban,0.47,0,7.4,4.89,Motorcycle,0,95.3,22.9
ORD103059,2.14,Severe,Clear,Afternoon,Fri,Suburban,2.86,0,1.9,3.75,Motorcycle,1,50.1,35.83
ORD103060,5.64,Low,Rain,Evening,Wed,Suburban,5.21,0,3.1,4.06,Electric_Two_Wheeler,1,56.3,30.07
ORD103061,7.58,Low,Clear,Afternoon,Thu,Urban,1.3,2,2.6,4.26,Motorcycle,1,20.5,52.15
ORD103062,4.94,Medium,Extreme_Heat,Morning,Sun,Rural,0.88,0,0.9,4.49,Scooter,0,39.3,29.48
ORD103063,4.42,Medium,Clear,Night,Sat,Suburban,2.46,1,5.8,5.0,Electric_Two_Wheeler,0,56.2,22.98
ORD103064,1.45,Medium,Extreme_Heat,Afternoon,Sun,Urban,0.76,0,2.5,3.75,Scooter,1,28.2,19.52
ORD103065,3.06,Low,Clear,Evening,Mon,Urban,1.17,0,1.8,4.18,Scooter,0,61.9,17.37
ORD103066,2.05,Low,Clear,Evening,Wed,Rural,4.74,0,1.9,3.73,Motorcycle,1,71.7,17.99
ORD103067,5.74,Severe,Clear,Evening,Tue,Suburban,1.98,0,5.5,4.62,Scooter,0,68.5,43.52
ORD103068,1.48,Low,Clear,Night,Tue,Urban,0.4,1,0.2,4.04,Scooter,0,49.8,16.33
ORD103069,1.57,High,Clear,Evening,Thu,Urban,1.0,0,1.2,4.26,Scooter,0,79.2,18.05
ORD103070,1.91,High,Clear,Afternoon,Fri,Urban,2.17,1,4.6,4.23,Motorcycle,1,38.8,27.08
ORD103071,2.33,Medium,Clear,Night,Mon,Urban,1.51,1,0.1,4.35,Electric_Two_Wheeler,0,52.2,23.78
ORD103072,1.77,Medium,Rain,Morning,Wed,Suburban,2.36,0,2.5,4.24,Scooter,0,34.3,16.32
ORD103073,2.97,Low,Rain,Afternoon,Fri,Suburban,3.07,0,1.3,3.91,Scooter,1,64.3,30.53
ORD103074,3.17,Medium,Fog,Night,Fri,Suburban,1.51,2,0.6,4.33,Scooter,0,49.7,32.87
ORD103075,7.01,High,Clear,Evening,Sat,Suburban,8.88,0,2.4,3.98,Motorcycle,0,29.5,41.29
ORD103076,2.1,Severe,Rain,Evening,Sat,Urban,5.12,1,4.4,4.63,Motorcycle,0,37.7,41.36
ORD103077,2.38,Low,Clear,Evening,Wed,Urban,0.32,0,1.6,4.32,Motorcycle,1,35.2,28.7
ORD103078,5.5,Low,Clear,Evening,Wed,Urban,0.82,0,0.4,3.88,Scooter,0,92.0,24.49
ORD103079,6.24,Severe,Clear,Night,Wed,Urban,0.91,0,0.9,5.0,Motorcycle,0,57.0,43.04
ORD103080,4.19,High,Clear,Afternoon,Wed,Urban,0.61,0,10.0,4.96,Motorcycle,0,68.7,25.38
ORD103081,5.48,High,Clear,Morning,Tue,Suburban,0.95,0,0.3,5.0,Scooter,0,94.1,32.44
ORD103082,1.11,Low,Clear,Afternoon,Sun,Suburban,1.31,2,0.4,4.16,Scooter,1,26.4,19.24
ORD103083,6.57,Medium,Clear,Evening,Sun,Suburban,0.31,0,11.6,3.97,Scooter,0,94.3,30.19
ORD103084,3.75,High,Rain,Morning,Fri,Suburban,0.47,0,5.3,4.62,Electric_Two_Wheeler,0,58.6,34.0
ORD103085,5.61,High,Rain,Morning,Sun,Suburban,0.4,0,3.1,4.74,Motorcycle,0,87.1,36.48
ORD103086,4.47,Medium,Extreme_Heat,Afternoon,Fri,Suburban,0.29,1,0.4,4.38,Motorcycle,1,25.1,32.94
ORD103087,2.91,Low,Rain,Night,Tue,Urban,1.51,0,0.7,3.46,Electric_Two_Wheeler,0,34.6,20.73
ORD103088,4.93,Medium,Clear,Evening,Sun,Rural,1.01,2,0.5,3.91,Motorcycle,1,27.5,33.31
ORD103089,2.63,Low,Fog,Afternoon,Fri,Urban,5.68,0,2.5,4.47,Electric_Two_Wheeler,1,68.8,29.49
ORD103090,13.08,Medium,Fog,Morning,Wed,Urban,0.42,0,1.3,4.04,Scooter,0,22.7,64.79
ORD103091,1.37,Severe,Clear,Afternoon,Mon,Urban,5.41,0,0.1,3.75,Motorcycle,0,81.3,29.73
ORD103092,6.46,Medium,Clear,Morning,Sun,Rural,0.38,0,0.9,4.2,Motorcycle,0,32.5,31.47
ORD103093,4.72,High,Extreme_Heat,Morning,Sat,Rural,2.13,1,4.9,3.0,Motorcycle,0,33.0,33.18
ORD103094,3.84,Low,Clear,Night,Sat,Suburban,0.77,1,4.0,4.06,Scooter,0,35.3,21.9
ORD103095,2.3,High,Extreme_Heat,Night,Fri,Suburban,3.71,0,2.6,4.13,Scooter,0,77.2,32.08
ORD103096,4.86,Severe,Clear,Morning,Mon,Urban,0.33,0,0.2,4.42,Scooter,0,93.2,41.08
ORD103097,3.76,Low,Clear,Morning,Sat,Rural,6.29,1,5.4,4.52,Scooter,0,91.7,16.72
ORD103098,1.26,Low,Clear,Afternoon,Sun,Suburban,0.3,0,1.9,4.45,Scooter,0,19.1,11.02
ORD103099,5.73,Medium,Clear,Afternoon,Mon,Rural,0.75,0,1.7,4.66,Motorcycle,1,33.6,24.17
ORD103100,4.96,Low,Fog,Morning,Tue,Urban,1.45,1,6.8,4.23,Electric_Two_Wheeler,0,70.5,34.55
ORD103101,2.08,High,Extreme_Heat,Afternoon,Thu,Urban,3.02,0,0.0,3.72,Motorcycle,0,65.7,23.66
ORD103102,7.21,Severe,Clear,Morning,Fri,Suburban,6.24,2,2.0,4.32,Motorcycle,0,41.5,48.54
ORD103103,6.95,Medium,Clear,Evening,Tue,Urban,1.32,1,3.9,3.95,Electric_Two_Wheeler,1,87.7,39.14
ORD103104,1.7,Low,Fog,Evening,Tue,Rural,3.03,1,0.2,3.76,Scooter,0,21.7,25.57
ORD103105,4.98,Medium,Rain,Evening,Mon,Urban,2.8,1,1.1,4.53,Scooter,0,67.5,36.04
ORD103106,6.19,High,Clear,Afternoon,Fri,Rural,1.89,2,9.5,3.73,Scooter,1,34.6,42.43
ORD103107,1.44,Low,Clear,Night,Tue,Urban,2.55,2,0.6,4.57,Electric_Two_Wheeler,0,57.4,19.16
ORD103108,0.96,Medium,Rain,Night,Wed,Suburban,0.28,0,1.9,3.78,Scooter,0,44.9,18.95
ORD103109,3.27,Medium,Rain,Morning,Tue,Urban,1.37,2,3.4,4.18,Motorcycle,0,98.2,32.24
ORD103110,2.69,Medium,Clear,Morning,Wed,Suburban,3.28,0,1.2,4.07,Scooter,0,53.8,19.51
ORD103111,3.7,Low,Clear,Afternoon,Thu,Urban,1.49,1,1.3,4.75,Electric_Two_Wheeler,0,97.8,20.87
ORD103112,9.98,High,Extreme_Heat,Morning,Wed,Rural,4.34,1,0.2,4.54,Scooter,0,33.0,48.23
ORD103113,6.29,Low,Rain,Afternoon,Wed,Suburban,3.79,1,0.5,3.97,Motorcycle,0,79.1,38.36
ORD103114,2.4,Low,Clear,Evening,Mon,Urban,4.18,0,5.3,4.24,Scooter,1,74.5,21.92
ORD103115,4.34,High,Clear,Afternoon,Tue,Rural,0.48,0,4.3,4.83,Scooter,1,86.3,28.54
ORD103116,4.03,High,Rain,Afternoon,Thu,Urban,0.76,1,0.9,4.9,Motorcycle,0,72.4,39.74
ORD103117,6.85,Low,Clear,Afternoon,Tue,Urban,0.26,1,1.2,3.75,Electric_Two_Wheeler,1,71.4,40.37
ORD103118,6.44,Low,Clear,Night,Sun,Urban,8.33,2,1.5,4.83,Motorcycle,0,69.5,38.19
ORD103119,3.68,Low,Clear,Morning,Sun,Suburban,0.74,1,1.1,4.8,Electric_Two_Wheeler,0,98.7,22.97
ORD103120,5.59,Low,Clear,Evening,Wed,Urban,1.11,1,2.7,4.37,Motorcycle,1,30.5,35.96
ORD103121,7.6,Low,Rain,Morning,Sat,Urban,0.84,0,0.0,4.26,Motorcycle,0,12.7,46.97
ORD103122,5.81,Low,Clear,Morning,Wed,Rural,0.28,1,5.3,4.08,Scooter,0,71.0,29.85
ORD103123,2.36,Medium,Rain,Evening,Tue,Suburban,0.81,0,0.9,3.8,Scooter,0,25.5,22.47
ORD103124,2.41,High,Clear,Morning,Thu,Urban,0.41,0,5.1,4.44,Scooter,0,71.1,27.12
ORD103125,1.28,Medium,Clear,Morning,Sat,Suburban,1.2,1,1.5,4.23,Electric_Two_Wheeler,0,38.8,18.35
ORD103126,2.3,High,Clear,Morning,Thu,Rural,7.01,0,3.7,4.47,Electric_Two_Wheeler,0,13.9,22.4
ORD103127,2.48,Low,Extreme_Heat,Evening,Mon,Urban,2.6,1,4.4,4.48,Motorcycle,1,79.3,26.74
ORD103128,0.83,Severe,Fog,Evening,Wed,Suburban,2.65,0,0.9,5.0,Scooter,0,14.6,33.51
ORD103129,1.82,High,Clear,Morning,Wed,Urban,1.41,1,2.6,4.78,Scooter,0,30.2,23.94
ORD103130,1.58,High,Rain,Evening,Sun,Suburban,3.54,0,2.3,4.52,Electric_Two_Wheeler,1,40.3,26.58
ORD103131,2.87,High,Rain,Morning,Mon,Urban,4.98,1,1.6,3.45,Scooter,0,21.9,34.43
ORD103132,4.13,Severe,Extreme_Heat,Evening,Sun,Suburban,6.72,1,1.6,4.46,Motorcycle,1,92.2,49.76
ORD103133,2.25,Medium,Clear,Afternoon,Tue,Urban,0.41,0,0.9,4.93,Scooter,0,66.0,20.01
ORD103134,9.2,Low,Rain,Evening,Wed,Suburban,4.43,0,0.9,4.13,Scooter,0,88.8,41.37
ORD103135,1.79,Medium,Clear,Night,Tue,Urban,0.71,1,2.0,5.0,Motorcycle,0,71.4,24.74
ORD103136,0.76,High,Clear,Night,Thu,Urban,1.21,3,0.1,4.52,Scooter,0,99.3,35.0
ORD103137,3.58,High,Extreme_Heat,Morning,Sat,Urban,1.05,1,6.8,4.42,Scooter,0,57.3,33.48
ORD103138,6.07,Medium,Clear,Night,Sat,Suburban,2.45,0,2.6,3.9,Electric_Two_Wheeler,0,14.8,35.02
ORD103139,2.8,Low,Clear,Morning,Sat,Urban,2.02,0,1.5,4.9,Motorcycle,0,24.5,16.57
ORD103140,3.0,Medium,Clear,Night,Sun,Urban,0.43,0,0.2,3.97,Motorcycle,0,63.0,20.91
ORD103141,10.99,Severe,Rain,Afternoon,Fri,Urban,3.25,2,2.5,4.07,Motorcycle,0,41.3,76.38
ORD103142,6.38,Medium,Rain,Afternoon,Mon,Suburban,1.36,0,0.0,3.55,Scooter,0,20.2,35.55
ORD103143,4.38,Medium,Clear,Morning,Sat,Urban,0.2,1,2.8,4.66,Scooter,0,31.4,20.58
ORD103144,3.71,Low,Extreme_Heat,Morning,Wed,Suburban,1.27,2,0.2,4.54,Motorcycle,0,52.7,26.6
ORD103145,0.92,Medium,Clear,Evening,Mon,Urban,1.65,1,2.7,4.3,Scooter,1,56.6,16.02
ORD103146,8.01,High,Clear,Night,Thu,Urban,0.34,1,1.3,4.6,Scooter,0,94.1,45.36
ORD103147,3.74,High,Extreme_Heat,Evening,Thu,Suburban,0.53,1,2.7,4.56,Motorcycle,1,18.2,37.4
ORD103148,1.44,High,Clear,Evening,Sun,Rural,10.29,1,0.4,4.15,Scooter,1,42.2,28.6
ORD103149,5.44,Medium,Clear,Evening,Thu,Urban,4.3,0,0.3,3.99,Motorcycle,1,55.5,30.92
ORD103150,6.53,Medium,Clear,Afternoon,Thu,Urban,0.49,1,0.7,3.61,Scooter,1,20.2,37.7
ORD103151,2.94,Low,Fog,Morning,Fri,Urban,1.94,0,1.3,4.23,Scooter,0,71.9,21.96
ORD103152,2.54,High,Clear,Morning,Tue,Suburban,1.15,0,0.7,3.78,Scooter,0,56.4,21.44
ORD103153,3.37,Medium,Extreme_Heat,Afternoon,Tue,Urban,1.77,0,0.2,4.37,Motorcycle,0,51.4,23.99
ORD103154,2.21,Medium,Rain,Morning,Sat,Suburban,1.47,0,1.0,4.24,Scooter,0,69.0,23.33
ORD103155,1.76,Medium,Clear,Morning,Fri,Urban,0.3,0,3.1,4.14,Motorcycle,0,35.9,17.45
ORD103156,3.6,Severe,Rain,Morning,Sun,Urban,0.96,0,2.2,4.72,Motorcycle,0,40.5,36.83
ORD103157,6.34,Low,Clear,Morning,Tue,Urban,0.47,0,8.3,3.91,Scooter,0,24.6,22.9
ORD103158,10.37,High,Clear,Night,Sun,Suburban,1.54,0,1.4,3.56,Motorcycle,0,57.1,51.98
ORD103159,3.74,Low,Rain,Morning,Sun,Suburban,4.96,0,1.0,4.21,Electric_Two_Wheeler,0,43.5,25.67
ORD103160,9.25,Medium,Extreme_Heat,Afternoon,Thu,Urban,11.02,1,3.0,4.0,Motorcycle,1,33.4,54.56
ORD103161,1.72,Low,Clear,Evening,Tue,Rural,5.97,1,1.3,4.35,Scooter,1,21.2,15.15
ORD103162,6.18,Medium,Clear,Afternoon,Mon,Urban,8.69,1,2.4,3.93,Motorcycle,0,12.1,37.31
ORD103163,2.91,Medium,Clear,Morning,Sat,Suburban,0.23,0,7.3,4.47,Motorcycle,0,27.4,15.66
ORD103164,12.86,Low,Clear,Afternoon,Tue,Urban,2.81,0,1.7,3.91,Scooter,0,32.3,53.43
ORD103165,2.38,Medium,Clear,Morning,Mon,Urban,0.84,1,1.7,3.91,Scooter,0,53.7,14.02
ORD103166,4.36,Severe,Clear,Afternoon,Wed,Suburban,4.21,0,3.7,4.55,Scooter,0,31.7,31.13
ORD103167,1.21,Low,Rain,Morning,Mon,Suburban,3.56,1,3.5,4.28,Scooter,0,83.6,23.79
ORD103168,2.75,High,Clear,Evening,Mon,Urban,1.3,0,1.8,3.83,Scooter,0,52.7,24.23
ORD103169,6.93,Medium,Clear,Evening,Thu,Suburban,1.48,2,0.2,3.92,Motorcycle,0,66.1,38.61
ORD103170,6.03,High,Fog,Afternoon,Thu,Urban,0.82,0,9.9,4.15,Scooter,1,28.7,44.23
ORD103171,4.39,Low,Fog,Afternoon,Sat,Suburban,0.88,1,1.2,3.84,Electric_Two_Wheeler,0,47.5,33.21
ORD103172,6.21,Low,Clear,Afternoon,Thu,Urban,8.15,1,1.0,,Motorcycle,0,64.2,27.41
ORD103173,3.51,Low,Clear,Evening,Mon,Suburban,4.59,0,10.0,4.2,Electric_Two_Wheeler,1,38.0,17.02
ORD103174,9.83,Low,Rain,Morning,Fri,Urban,0.63,0,5.1,3.93,Motorcycle,0,40.3,38.6
ORD103175,1.16,Low,Clear,Evening,Thu,Urban,0.84,2,1.0,4.56,Scooter,1,82.7,21.72
ORD103176,4.3,High,Clear,Evening,Thu,Urban,0.43,1,0.9,3.89,Motorcycle,0,85.3,32.09
ORD103177,1.3,High,,Afternoon,Mon,Urban,9.2,1,3.2,4.8,Motorcycle,1,58.0,30.32
ORD103178,1.83,High,Clear,Afternoon,Wed,Urban,4.95,1,1.0,4.21,Scooter,1,90.7,32.91
ORD103179,2.61,High,Clear,Afternoon,Wed,Urban,1.81,0,0.7,4.04,Scooter,1,76.3,31.27
ORD103180,2.97,Low,Clear,Morning,Tue,Suburban,2.56,1,9.7,4.52,Scooter,0,15.0,20.61
ORD103181,3.55,Low,Clear,Morning,Sat,Urban,2.96,0,2.1,4.31,Scooter,0,60.4,13.1
ORD103182,3.58,Medium,Clear,Morning,Wed,Suburban,0.66,1,3.6,4.6,Scooter,0,72.8,20.13
ORD103183,2.5,Low,Extreme_Heat,Morning,Thu,Suburban,5.66,1,3.1,3.5,Scooter,0,58.7,23.41
ORD103184,3.79,Medium,Clear,Afternoon,Fri,Rural,1.7,0,3.5,4.51,Scooter,0,84.9,21.36
ORD103185,1.55,Medium,Clear,Evening,Tue,Rural,0.39,2,5.8,4.09,Motorcycle,1,37.1,28.55
ORD103186,6.47,Medium,Clear,Morning,Sat,Suburban,1.21,0,1.7,4.32,Scooter,0,15.9,30.69
ORD103187,5.56,Medium,Extreme_Heat,Night,Fri,Suburban,2.04,0,3.5,4.26,Motorcycle,0,67.0,28.66
ORD103188,9.74,High,Clear,Night,Fri,Urban,1.07,1,4.0,4.84,Motorcycle,0,75.8,53.79
ORD103189,4.96,High,Clear,Night,Thu,Suburban,2.6,1,7.3,3.56,Motorcycle,0,78.9,27.0
ORD103190,5.35,Medium,Fog,Evening,Mon,Rural,4.47,0,3.1,4.95,Scooter,0,11.0,33.64
ORD103191,5.29,Severe,Clear,Afternoon,Mon,Urban,3.16,0,5.6,4.58,Motorcycle,1,70.6,52.01
ORD103192,2.08,Severe,Clear,Morning,Mon,Urban,2.26,0,0.2,4.36,Scooter,0,11.9,30.2
ORD103193,4.28,Medium,Clear,Evening,Wed,Urban,1.64,2,0.3,3.73,Scooter,1,79.7,32.02
ORD103194,2.82,Medium,Clear,Evening,Mon,Suburban,0.79,0,0.4,3.63,Motorcycle,0,73.3,19.92
ORD103195,4.57,Medium,Clear,Evening,Sat,Urban,1.41,1,0.4,4.08,Scooter,0,61.1,26.77
ORD103196,5.05,Severe,Rain,Night,Thu,Suburban,0.89,0,0.2,4.55,Scooter,0,55.6,43.24
ORD103197,5.98,High,Clear,Afternoon,Wed,Suburban,5.64,0,0.3,4.3,Scooter,1,74.4,42.3
ORD103198,5.27,Low,Clear,Afternoon,Sat,Rural,4.96,0,13.7,4.53,Scooter,1,15.1,24.17
ORD103199,5.36,Medium,Clear,Morning,Mon,Suburban,0.54,1,0.8,3.71,Scooter,0,84.9,28.27
ORD103200,2.94,Medium,Clear,Morning,Sat,Suburban,3.66,1,1.6,4.32,Electric_Two_Wheeler,0,28.1,24.74
ORD103201,5.13,Medium,Clear,Afternoon,Fri,Urban,2.63,1,4.3,4.74,Scooter,1,53.0,29.95
ORD103202,3.92,Low,Extreme_Heat,Evening,Thu,Urban,7.59,0,0.3,4.88,Motorcycle,1,53.8,30.05
ORD103203,7.61,High,Clear,Evening,Thu,Urban,1.44,1,1.0,3.8,Motorcycle,1,79.9,49.05
ORD103204,3.14,High,Rain,Afternoon,Sat,Urban,2.76,0,0.4,4.16,Motorcycle,1,27.4,29.5
ORD103205,1.34,High,Clear,Night,Tue,Urban,1.66,2,0.2,4.16,Electric_Two_Wheeler,0,37.0,22.83
ORD103206,2.35,High,Clear,Evening,Thu,Suburban,0.34,1,8.1,4.05,Electric_Two_Wheeler,0,69.7,22.9
ORD103207,1.78,High,Clear,Evening,Fri,Suburban,0.3,2,4.9,4.66,Motorcycle,1,47.1,33.19
ORD103208,4.65,Medium,Clear,Morning,Thu,Suburban,0.46,0,5.3,5.0,Electric_Two_Wheeler,0,36.9,22.63
ORD103209,6.39,Medium,Clear,Night,Tue,Urban,0.9,2,5.1,3.85,Scooter,0,65.9,37.05
ORD103210,1.63,Low,Clear,Evening,Thu,Urban,0.8,0,0.4,4.47,Motorcycle,0,17.8,16.26
ORD103211,5.52,High,Rain,Morning,Sun,Suburban,2.81,1,3.8,4.42,Electric_Two_Wheeler,0,81.1,41.16
ORD103212,5.27,Low,Clear,Morning,Thu,Urban,2.72,1,3.3,4.43,Motorcycle,0,57.2,30.32
ORD103213,9.44,High,,Night,Tue,Urban,7.31,1,6.5,4.83,Electric_Two_Wheeler,0,28.5,53.1
ORD103214,7.12,Low,Clear,Morning,Sun,Urban,0.94,1,0.6,4.45,Scooter,0,46.8,32.39
ORD103215,2.35,Low,Clear,Afternoon,Sun,Urban,5.78,1,1.3,3.45,Scooter,1,21.8,25.04
ORD103216,2.96,Low,Clear,Afternoon,Thu,Urban,2.1,1,0.9,3.73,Electric_Two_Wheeler,1,65.5,27.81
ORD103217,3.14,Low,Clear,Evening,Sat,Urban,1.57,0,0.7,3.87,Scooter,1,70.2,26.43
ORD103218,8.63,High,Clear,Evening,Wed,Urban,2.4,0,2.6,4.0,Motorcycle,1,46.5,48.17
ORD103219,9.83,High,Rain,Afternoon,Sun,Suburban,2.63,2,0.4,4.24,Scooter,0,40.6,57.17
ORD103220,5.14,Medium,Fog,Afternoon,Sat,Urban,0.58,2,1.6,4.21,Motorcycle,0,86.5,45.58
ORD103221,1.43,Low,Clear,Night,Thu,Urban,2.99,1,2.6,3.57,Electric_Two_Wheeler,0,61.8,16.38
ORD103222,3.42,Low,Clear,Evening,Mon,Rural,2.78,0,0.3,3.66,Scooter,1,70.0,18.27
ORD103223,12.44,Low,Fog,Night,Mon,Suburban,12.21,1,0.7,3.45,Scooter,0,21.5,57.99
ORD103224,4.0,Low,Clear,Afternoon,Wed,Urban,5.06,0,8.6,3.68,Scooter,1,74.2,20.9
ORD103225,3.74,High,Clear,Morning,Sun,Rural,2.51,2,4.0,4.7,Electric_Two_Wheeler,0,50.0,30.71
ORD103226,7.9,Low,Clear,Afternoon,Thu,Urban,2.69,0,2.8,4.19,Motorcycle,1,43.0,35.34
ORD103227,1.2,Medium,Clear,Evening,Fri,Urban,6.04,1,4.8,3.92,Scooter,0,93.6,18.07
ORD103228,1.47,Low,Clear,Morning,Sun,Rural,7.03,1,0.0,3.53,Scooter,0,14.9,11.07
ORD103229,8.42,Low,Clear,Afternoon,Thu,Suburban,3.71,1,0.0,3.89,Motorcycle,0,27.6,32.94
ORD103230,5.69,Medium,Clear,Morning,Mon,Urban,3.12,1,0.4,4.54,Motorcycle,0,43.8,34.23
ORD103231,5.56,Medium,Clear,Afternoon,Tue,Suburban,0.44,1,1.7,4.49,Scooter,0,39.2,27.2
ORD103232,1.04,Low,Rain,Evening,Wed,Suburban,3.75,1,2.1,4.2,Scooter,0,56.0,16.65
ORD103233,2.49,Low,Clear,Morning,Tue,Urban,0.78,1,0.3,4.19,Motorcycle,0,46.1,17.86
ORD103234,5.24,Medium,Clear,Evening,Fri,Urban,1.86,0,0.2,3.59,Motorcycle,1,80.9,40.4
ORD103235,1.75,Low,Clear,Night,Thu,Urban,1.24,0,4.4,3.99,Electric_Two_Wheeler,0,79.1,6.52
ORD103236,4.99,Low,Rain,Morning,Fri,Rural,1.05,0,1.6,4.52,Motorcycle,0,79.5,25.34
ORD103237,1.79,Severe,Rain,Evening,Tue,Urban,0.94,0,12.2,4.03,Motorcycle,1,43.2,31.83
ORD103238,1.35,Medium,Rain,Night,Thu,Suburban,4.07,0,0.7,4.95,Motorcycle,0,46.7,16.54
ORD103239,5.12,Medium,Clear,Night,Sun,Urban,3.13,0,2.6,4.78,Electric_Two_Wheeler,0,74.8,24.54
ORD103240,4.01,Medium,Rain,Morning,Sat,Urban,1.68,2,4.1,4.12,Scooter,0,21.2,35.36
ORD103241,3.45,Medium,Rain,Morning,Sat,Suburban,2.38,0,5.2,4.19,Scooter,0,86.7,29.46
ORD103242,3.67,Medium,Clear,Morning,Sun,Suburban,8.54,1,0.9,5.0,Scooter,0,58.7,30.45
ORD103243,3.67,High,Clear,Evening,Fri,Urban,1.21,0,0.5,4.64,Electric_Two_Wheeler,1,86.4,31.44
ORD103244,1.14,High,Clear,Evening,Sat,Urban,1.8,0,0.6,4.33,Motorcycle,0,81.4,18.0
ORD103245,6.37,Low,Rain,Evening,Sat,Suburban,1.73,0,2.7,4.37,Scooter,1,43.7,37.69
ORD103246,8.12,Medium,Clear,Afternoon,Mon,Urban,5.7,0,1.8,4.36,Motorcycle,1,19.1,45.92
ORD103247,10.41,Medium,Clear,Morning,Sat,Urban,1.07,1,2.3,4.29,Scooter,0,92.9,47.77
ORD103248,4.58,High,Extreme_Heat,Evening,Mon,Suburban,8.77,3,0.1,3.87,Scooter,0,41.0,47.04
ORD103249,1.35,Medium,Rain,Afternoon,Wed,Urban,0.93,0,1.2,4.14,Scooter,0,43.6,25.58
ORD103250,6.25,Medium,Extreme_Heat,Evening,Mon,Urban,0.43,0,0.9,3.73,Motorcycle,0,91.8,38.35
ORD103251,4.15,Low,Extreme_Heat,Afternoon,Mon,Urban,0.62,0,5.0,4.59,Motorcycle,1,92.6,31.39
ORD103252,4.36,Medium,Clear,Afternoon,Tue,Rural,1.31,1,3.7,4.25,Motorcycle,1,33.7,28.25
ORD103253,2.07,Low,Rain,Afternoon,Mon,Urban,2.3,1,1.4,4.61,Electric_Two_Wheeler,0,18.0,20.93
ORD103254,4.98,Medium,Clear,Morning,Mon,Suburban,1.65,1,2.5,3.79,Scooter,0,10.1,23.66
ORD103255,6.37,Low,Fog,Afternoon,Tue,Urban,1.14,2,0.1,4.87,Motorcycle,1,49.4,42.04
ORD103256,4.18,High,Clear,Morning,Mon,Urban,1.85,0,2.5,4.82,Scooter,0,61.2,28.38
ORD103257,2.75,Low,Extreme_Heat,Afternoon,Sat,Urban,3.85,0,0.3,3.67,Scooter,1,34.3,25.32
ORD103258,2.9,Medium,Rain,Morning,Sun,Urban,3.85,0,3.1,4.1,Scooter,0,33.4,27.95
ORD103259,4.43,High,Rain,Morning,Mon,Suburban,2.79,0,2.1,4.14,Scooter,0,42.1,34.78
ORD103260,2.81,Low,Clear,Evening,Wed,Urban,6.29,0,0.9,3.72,Scooter,0,33.7,14.17
ORD103261,1.67,Medium,Clear,Afternoon,Mon,Suburban,1.98,0,1.2,4.2,Scooter,0,87.3,16.85
ORD103262,6.18,Medium,Rain,Evening,Mon,Urban,0.22,1,0.2,4.52,Motorcycle,1,67.9,42.63
ORD103263,3.88,Low,Clear,Evening,Wed,Urban,0.89,1,1.0,4.11,Scooter,0,84.6,19.45
ORD103264,4.23,High,Fog,Evening,Sun,Urban,1.0,1,8.5,3.61,Motorcycle,1,87.4,45.57
ORD103265,2.42,Low,Clear,Night,Tue,Suburban,1.79,1,1.7,4.61,Scooter,0,49.2,12.46
ORD103266,1.66,Medium,,Morning,Sat,Suburban,4.91,0,1.6,3.98,Scooter,0,53.0,18.14
ORD103267,2.16,Medium,Clear,Evening,Sun,Suburban,3.84,2,2.5,4.03,Scooter,0,98.0,19.69
ORD103268,2.64,Medium,Rain,Night,Mon,Urban,0.73,1,1.7,4.97,Scooter,0,83.5,28.86
ORD103269,2.79,High,Rain,Night,Sat,Suburban,1.67,0,1.1,4.46,Scooter,0,81.8,31.15
ORD103270,3.48,Low,,Morning,Fri,Urban,2.35,1,0.4,3.98,Motorcycle,0,62.5,23.73
ORD103271,6.88,Low,Clear,Afternoon,Sat,Suburban,8.97,0,2.5,3.82,Motorcycle,0,51.5,26.98
ORD103272,5.79,High,Clear,Morning,Tue,Rural,0.26,0,3.5,4.69,Scooter,0,90.5,28.49
ORD103273,5.51,Medium,Clear,Evening,Tue,Urban,1.45,0,6.4,4.66,Scooter,1,82.4,34.76
ORD103274,1.71,High,Clear,Evening,Sun,Urban,9.06,0,0.0,4.1,Motorcycle,0,56.5,21.83
ORD103275,5.3,High,Rain,Afternoon,Mon,Suburban,7.76,0,0.2,3.8,Scooter,1,34.3,41.09
ORD103276,6.77,High,Clear,Afternoon,Wed,Suburban,1.0,1,5.7,4.45,Scooter,0,23.3,35.44
ORD103277,2.77,Medium,Clear,Evening,Tue,Urban,0.2,0,2.5,4.54,Motorcycle,0,59.7,17.05
ORD103278,1.64,Medium,Clear,Afternoon,Wed,Rural,1.97,1,7.9,4.15,Motorcycle,1,36.6,20.15
ORD103279,5.06,High,Clear,Night,Sun,Suburban,4.23,0,1.4,3.86,Motorcycle,0,33.8,30.11
ORD103280,5.73,Medium,Clear,Evening,Sun,Urban,0.98,2,1.3,4.31,Motorcycle,1,19.5,43.44
ORD103281,3.7,Low,Extreme_Heat,Morning,Fri,Urban,5.64,2,1.1,4.48,Scooter,0,13.1,28.63
ORD103282,6.31,High,Fog,Evening,Wed,Suburban,1.01,0,0.4,4.11,Scooter,1,80.5,44.44
ORD103283,3.87,High,Clear,Morning,Sun,Urban,2.08,0,1.2,4.4,Scooter,0,19.7,32.45
ORD103284,1.98,Medium,Clear,Evening,Sun,Urban,2.76,0,0.0,4.44,Motorcycle,1,90.0,23.16
ORD103285,3.83,Low,Fog,Night,Sun,Suburban,1.05,1,1.8,4.76,Electric_Two_Wheeler,0,29.2,27.35
ORD103286,4.13,Medium,Clear,Night,Thu,Suburban,1.07,1,4.7,4.13,Scooter,0,78.4,24.48
ORD103287,3.66,High,Clear,Afternoon,Sun,Suburban,1.47,0,1.0,3.84,Scooter,0,84.1,29.87
ORD103288,1.43,Severe,Clear,Afternoon,Sun,Urban,3.81,0,0.2,4.27,Scooter,0,81.3,26.8
ORD103289,9.22,Low,Clear,Morning,Wed,Suburban,0.41,1,9.1,4.98,Scooter,0,88.6,34.88
ORD103290,12.41,Low,Extreme_Heat,Afternoon,Tue,Rural,2.2,1,0.3,3.59,Scooter,1,40.6,54.98
ORD103291,3.2,High,Rain,Morning,Wed,Urban,2.46,0,1.9,3.37,Motorcycle,0,98.7,35.17
ORD103292,3.42,Medium,Clear,Afternoon,Wed,Suburban,1.83,0,4.1,4.26,Electric_Two_Wheeler,0,35.2,17.12
ORD103293,3.86,Medium,Clear,Morning,Thu,Rural,5.69,0,0.7,4.15,Scooter,0,94.1,23.77
ORD103294,3.54,Severe,Rain,Afternoon,Thu,Suburban,2.04,1,4.6,4.22,Scooter,0,49.4,40.32
ORD103295,2.01,Low,Fog,Morning,Mon,Suburban,2.21,0,2.0,4.2,Scooter,0,15.1,18.17
ORD103296,6.03,Medium,Rain,Night,Tue,Urban,2.03,1,1.0,4.7,Scooter,0,80.6,44.82
ORD103297,6.21,Low,Rain,Evening,Sun,Urban,2.76,0,5.0,4.28,Scooter,1,80.9,35.12
ORD103298,3.49,Medium,Clear,Afternoon,Mon,Suburban,0.49,1,2.4,4.63,Motorcycle,1,27.8,26.85
ORD103299,3.34,High,Fog,Morning,Sun,Suburban,4.69,0,2.4,3.31,Scooter,0,84.1,31.29
ORD103300,3.28,Medium,Rain,Afternoon,Sun,Rural,0.29,0,1.8,4.09,Electric_Two_Wheeler,1,24.2,35.53
ORD103301,5.94,Severe,Clear,Morning,Thu,Urban,2.25,1,0.8,3.97,Motorcycle,0,23.6,43.35
ORD103302,3.81,Medium,Rain,Afternoon,Sun,Urban,2.11,0,0.9,3.39,Motorcycle,1,82.8,32.34
ORD103303,3.18,Medium,Clear,Evening,Sun,Urban,0.67,2,0.2,4.34,Scooter,1,36.1,32.17
ORD103304,1.66,Low,Clear,Evening,Wed,Suburban,0.28,0,0.7,4.26,Motorcycle,1,16.9,19.59
ORD103305,6.52,Medium,Clear,Evening,Thu,Urban,0.5,1,0.8,4.11,Motorcycle,0,96.1,36.24
ORD103306,2.3,Medium,Clear,Afternoon,Fri,Suburban,0.83,2,0.2,4.25,Scooter,0,60.1,21.92
ORD103307,1.64,Low,Clear,Night,Wed,Urban,4.48,0,0.3,4.34,Scooter,0,50.3,13.74
ORD103308,5.31,Medium,Clear,Night,Mon,Urban,4.07,1,0.8,4.71,Electric_Two_Wheeler,0,55.4,36.49
ORD103309,3.78,Medium,Clear,Afternoon,Wed,Urban,0.33,0,2.8,4.56,Scooter,1,70.3,22.3
ORD103310,12.81,High,Clear,Afternoon,Fri,Suburban,0.88,0,0.5,,Scooter,1,87.5,57.36
ORD103311,1.5,High,Clear,Afternoon,Thu,Suburban,4.6,1,1.8,5.0,Scooter,0,70.5,24.16
ORD103312,2.56,High,Clear,Morning,Tue,Rural,0.74,1,1.8,4.02,Scooter,0,76.6,20.67
ORD103313,5.31,Low,Rain,Evening,Sun,Suburban,11.23,1,4.5,3.76,Scooter,0,26.2,33.63
ORD103314,3.66,Low,Clear,Afternoon,Sat,Urban,0.79,0,2.3,4.77,Scooter,1,44.6,27.31
ORD103315,4.17,High,Clear,Morning,Tue,Urban,2.89,1,6.2,5.0,Motorcycle,0,62.6,33.19
ORD103316,4.16,Medium,Fog,Morning,Tue,Rural,1.28,0,2.5,4.05,Scooter,0,65.7,29.75
ORD103317,1.17,Low,Rain,Afternoon,Sun,Suburban,0.49,2,0.1,4.85,Motorcycle,1,34.4,29.98
ORD103318,4.33,High,Fog,Night,Thu,Urban,0.79,1,1.2,4.09,Motorcycle,0,97.7,42.56
ORD103319,5.81,High,Clear,Evening,Tue,Suburban,2.45,0,3.0,4.53,Scooter,1,20.6,35.88
ORD103320,2.1,Medium,Clear,Evening,Fri,Urban,1.02,0,1.6,4.56,Motorcycle,1,20.1,25.01
ORD103321,2.18,Low,Rain,Afternoon,Sun,Urban,2.05,0,1.4,4.05,Motorcycle,0,30.6,17.76
ORD103322,2.82,High,Clear,Evening,Thu,Urban,0.66,0,2.8,5.0,Motorcycle,1,77.9,28.56
ORD103323,1.61,Medium,Clear,Afternoon,Tue,Suburban,1.39,0,0.8,5.0,Motorcycle,1,13.3,16.41
ORD103324,1.95,High,Clear,Evening,Sun,Urban,1.64,0,6.0,3.89,Motorcycle,1,98.9,23.32
ORD103325,3.91,High,Fog,Morning,Sat,Urban,1.26,0,1.3,4.38,Scooter,0,98.9,36.74
ORD103326,7.7,High,Clear,Afternoon,Mon,Urban,0.64,0,2.5,4.67,Motorcycle,1,24.4,46.66
ORD103327,2.62,Medium,Extreme_Heat,Afternoon,Thu,Urban,1.44,0,10.1,3.55,Scooter,1,46.1,26.76
ORD103328,9.72,Low,Fog,Afternoon,Thu,Urban,2.56,0,3.8,4.31,Motorcycle,1,28.4,50.92
ORD103329,2.59,High,Clear,Night,Wed,Urban,6.9,2,1.9,3.64,Scooter,0,46.7,30.44
ORD103330,6.14,Medium,Rain,Morning,Sun,Urban,3.32,0,4.9,4.57,Motorcycle,0,58.0,34.44
ORD103331,2.27,High,Rain,Afternoon,Tue,Rural,0.55,2,2.1,4.33,Motorcycle,0,84.0,34.02
ORD103332,4.72,Low,Fog,Afternoon,Mon,Urban,0.84,0,1.5,4.15,Motorcycle,1,13.2,42.25
ORD103333,8.94,Low,Clear,Night,Sun,Urban,0.36,0,5.2,3.67,Motorcycle,0,98.8,28.66
ORD103334,5.39,High,Rain,Afternoon,Sat,Urban,0.49,2,0.1,4.06,Electric_Two_Wheeler,1,94.7,50.62
ORD103335,3.42,High,Clear,Evening,Fri,Suburban,0.78,1,1.3,4.51,Motorcycle,1,61.3,32.52
ORD103336,3.29,Severe,Extreme_Heat,Night,Thu,Suburban,0.65,0,1.1,4.28,Scooter,0,53.3,27.99
ORD103337,4.76,High,Clear,Afternoon,Fri,Urban,0.68,1,3.1,4.78,Electric_Two_Wheeler,1,59.6,38.99
ORD103338,5.7,Medium,Clear,Afternoon,Fri,Suburban,0.72,0,0.0,,Motorcycle,0,11.7,28.54
ORD103339,6.1,High,Rain,Afternoon,Fri,Suburban,0.92,0,2.7,4.73,Motorcycle,1,76.4,42.56
ORD103340,3.94,High,Fog,Evening,Wed,Suburban,0.47,1,1.1,4.08,Electric_Two_Wheeler,0,54.7,34.8
ORD103341,4.65,Medium,Clear,Morning,Sun,Urban,0.85,1,0.3,4.42,Scooter,0,35.7,29.69
ORD103342,2.21,Medium,Clear,Afternoon,Fri,Urban,2.53,0,9.8,3.91,Scooter,0,51.5,10.72
ORD103343,5.04,Low,Clear,Evening,Tue,Suburban,0.74,0,0.6,3.8,Motorcycle,1,36.3,23.72
ORD103344,2.29,Medium,Extreme_Heat,Evening,Tue,Suburban,0.58,0,1.1,4.77,Motorcycle,1,73.0,24.08
ORD103345,4.2,High,Rain,Afternoon,Mon,Suburban,0.34,0,0.6,3.83,Scooter,0,65.3,37.08
ORD103346,3.01,Low,Fog,Afternoon,Mon,Urban,1.59,0,2.7,3.78,Motorcycle,0,44.9,25.1
ORD103347,8.38,Low,Clear,Morning,Sat,Urban,3.89,1,3.8,4.34,Motorcycle,0,38.3,40.01
ORD103348,3.92,Medium,Clear,Afternoon,Fri,Suburban,0.32,0,4.9,4.19,Motorcycle,1,89.0,31.71
ORD103349,8.92,Low,Rain,Afternoon,Fri,Suburban,1.76,1,0.9,4.23,Motorcycle,0,71.4,44.25
ORD103350,3.68,Low,Fog,Night,Wed,Urban,2.3,0,1.9,5.0,Scooter,0,74.4,23.1
ORD103351,9.86,Medium,Clear,Afternoon,Sun,Urban,2.0,2,2.7,3.9,Motorcycle,1,65.7,54.41
ORD103352,5.18,Severe,Fog,Night,Fri,Urban,4.4,2,2.5,4.5,Motorcycle,0,16.8,53.85
ORD103353,1.21,Medium,Clear,Evening,Fri,Suburban,4.23,1,3.1,4.33,Scooter,1,15.3,22.73
ORD103354,3.05,Low,Clear,Morning,Sun,Suburban,0.32,1,3.7,4.7,Scooter,0,48.6,16.34
ORD103355,2.43,Low,Clear,Evening,Fri,Suburban,1.1,1,0.3,3.99,Scooter,0,93.7,13.91
ORD103356,1.69,High,Clear,Morning,Thu,Suburban,2.42,0,0.5,4.21,Motorcycle,0,57.2,23.02
ORD103357,2.34,Medium,Clear,Night,Thu,Urban,6.29,1,3.3,4.35,Scooter,0,88.8,24.65
ORD103358,2.68,High,Clear,Night,Wed,Suburban,3.47,1,1.6,3.73,Scooter,0,18.7,28.82
ORD103359,1.28,High,Clear,Afternoon,Wed,Rural,0.59,0,1.4,3.58,Scooter,0,75.2,14.68
ORD103360,3.39,High,Fog,Afternoon,Tue,Rural,0.85,0,1.5,4.29,Motorcycle,1,32.1,36.8
ORD103361,5.03,Low,Clear,Afternoon,Wed,Suburban,3.08,1,1.2,4.84,Motorcycle,1,57.2,27.72
ORD103362,13.01,High,Clear,Afternoon,Sat,Urban,1.48,0,2.2,4.16,Motorcycle,0,36.4,64.73
ORD103363,7.9,Low,Clear,Afternoon,Tue,Suburban,1.79,0,1.0,4.21,Scooter,0,74.1,26.31
ORD103364,3.31,Severe,Clear,Afternoon,Sun,Suburban,2.08,0,2.5,4.76,Motorcycle,1,46.1,38.49
ORD103365,3.86,Medium,Rain,Evening,Fri,Suburban,0.42,0,0.6,4.24,Motorcycle,0,51.6,29.79
ORD103366,5.33,Medium,Clear,Morning,Wed,Urban,4.08,0,3.5,4.61,Scooter,0,32.1,30.65
ORD103367,3.46,Low,Rain,Evening,Sat,Rural,4.18,0,3.8,5.0,Scooter,0,35.3,20.42
ORD103368,3.97,Low,Rain,Evening,Wed,Urban,1.46,0,2.2,4.07,Electric_Two_Wheeler,0,26.2,24.33
ORD103369,2.34,High,Clear,Afternoon,Wed,Urban,2.17,1,1.2,4.23,Motorcycle,1,59.8,39.08
ORD103370,3.76,Low,Clear,Night,Tue,Urban,2.36,0,0.0,4.46,Motorcycle,0,23.0,16.6
ORD103371,4.08,Medium,Clear,Morning,Sun,Suburban,0.62,0,0.3,4.9,Scooter,0,34.1,24.84
ORD103372,1.72,Low,Clear,Morning,Sun,Urban,0.44,0,0.2,4.25,Motorcycle,0,57.7,12.12
ORD103373,5.24,High,Rain,Evening,Tue,Urban,0.24,2,0.0,4.59,Motorcycle,0,34.7,47.78
ORD103374,5.4,High,Clear,Afternoon,Mon,Suburban,5.08,1,3.2,4.44,Motorcycle,1,63.0,40.25
ORD103375,5.53,High,Clear,Evening,Tue,Suburban,1.05,2,7.8,4.27,Electric_Two_Wheeler,1,11.3,39.95
ORD103376,2.37,High,Clear,Night,Tue,Suburban,0.38,2,0.0,4.13,Electric_Two_Wheeler,0,97.6,25.05
ORD103377,8.93,Low,Clear,Night,Thu,Urban,1.45,0,0.3,4.06,Electric_Two_Wheeler,0,75.7,33.64
ORD103378,3.07,Low,Clear,Evening,Wed,Suburban,0.36,1,4.9,5.0,Scooter,0,55.3,15.87
ORD103379,1.82,High,Clear,Evening,Tue,Urban,0.38,1,2.9,3.68,Electric_Two_Wheeler,1,92.9,29.77
ORD103380,8.57,Medium,Clear,Morning,Wed,Urban,1.54,0,1.3,3.72,Scooter,0,88.3,37.9
ORD103381,2.04,Medium,Clear,Morning,Wed,Urban,1.62,2,12.3,4.4,Electric_Two_Wheeler,0,43.0,15.37
ORD103382,4.57,Low,Rain,Evening,Thu,Suburban,1.94,1,2.1,4.38,Scooter,0,20.5,31.87
ORD103383,2.61,Low,Fog,Afternoon,Wed,Urban,2.34,1,2.8,4.47,Motorcycle,1,32.7,25.9
ORD103384,1.4,Low,Clear,Afternoon,Sat,Urban,2.41,1,2.6,3.95,Scooter,1,28.8,20.12
ORD103385,2.01,High,Clear,Afternoon,Tue,Urban,1.33,2,0.6,3.89,Motorcycle,1,77.5,31.55
ORD103386,7.98,Low,Extreme_Heat,Evening,Wed,Urban,2.26,2,1.7,4.19,Scooter,1,59.3,52.75
ORD103387,3.88,Medium,Clear,Morning,Mon,Rural,0.93,0,0.6,4.66,Scooter,0,86.5,18.33
ORD103388,2.77,Low,Clear,Evening,Mon,Rural,1.36,3,1.8,3.89,Motorcycle,1,54.1,22.54
ORD103389,3.2,High,Clear,Morning,Thu,Urban,1.2,3,0.1,4.36,Motorcycle,0,79.3,36.75
ORD103390,1.85,Medium,Rain,Morning,Sat,Urban,1.0,0,1.2,4.1,Scooter,0,39.1,19.49
ORD103391,2.23,High,Clear,Afternoon,Sun,Urban,0.75,0,1.2,3.69,Scooter,0,64.2,25.12
ORD103392,6.12,High,Extreme_Heat,Morning,Sun,Suburban,0.36,0,0.9,3.79,Scooter,0,67.5,37.71
ORD103393,4.34,Medium,Rain,Night,Tue,Urban,1.61,0,0.2,4.66,Motorcycle,0,78.3,29.39
ORD103394,3.75,Severe,Rain,Morning,Thu,Urban,1.74,1,3.7,4.06,Electric_Two_Wheeler,0,82.0,40.37
ORD103395,3.37,Severe,Rain,Morning,Mon,Urban,1.02,0,1.4,4.8,Motorcycle,0,34.9,36.01
ORD103396,1.29,High,Clear,Afternoon,Sat,Urban,7.65,1,4.2,4.29,Scooter,1,44.7,26.34
ORD103397,3.55,High,Clear,Afternoon,Tue,Urban,1.83,0,4.5,3.75,Scooter,0,28.6,30.44
ORD103398,6.12,Low,Fog,Morning,Wed,Urban,4.6,0,0.6,4.49,Electric_Two_Wheeler,0,77.3,35.15
ORD103399,2.57,Medium,Extreme_Heat,Morning,Tue,Urban,1.89,2,1.4,3.98,Scooter,0,34.4,31.7
ORD103400,3.58,Low,Clear,Night,Fri,Urban,0.62,1,3.2,4.15,Motorcycle,0,45.2,16.4
ORD103401,0.88,Low,Extreme_Heat,Evening,Tue,Rural,7.55,2,1.7,4.75,Scooter,0,82.3,13.11
ORD103402,7.56,Severe,Clear,Afternoon,Wed,Urban,4.53,0,4.8,3.78,Motorcycle,0,40.6,44.25
ORD103403,9.0,Medium,Clear,Afternoon,Fri,Urban,1.47,0,2.1,4.12,Electric_Two_Wheeler,0,36.2,43.45
ORD103404,8.97,High,Clear,Afternoon,Sun,Rural,0.76,0,2.5,3.87,Scooter,0,68.6,36.84
ORD103405,1.36,High,Clear,Afternoon,Sat,Suburban,0.7,1,3.9,3.82,Motorcycle,1,97.8,29.2
ORD103406,6.43,High,Clear,Evening,Thu,Urban,3.48,0,0.3,4.11,Motorcycle,1,15.6,48.86
ORD103407,0.74,Severe,Clear,Night,Sat,Suburban,0.34,0,2.2,3.96,Scooter,0,85.1,20.46
ORD103408,6.65,Low,Clear,Morning,Tue,Urban,2.23,0,0.2,4.19,Scooter,0,20.9,32.31
ORD103409,3.71,Low,Clear,Evening,Sun,Suburban,2.24,0,0.8,4.56,Motorcycle,0,41.0,21.66
ORD103410,3.0,Medium,Clear,Morning,Thu,Rural,0.6,0,0.6,4.0,Scooter,0,47.5,21.0
ORD103411,6.41,Low,Extreme_Heat,Morning,Tue,Urban,2.64,1,2.1,3.71,Motorcycle,0,74.7,29.52
ORD103412,4.01,Low,Clear,Morning,Mon,Urban,2.64,1,4.6,4.56,Scooter,0,93.4,16.25
ORD103413,2.22,Medium,Clear,Morning,Mon,Urban,1.06,0,0.4,4.0,Scooter,0,19.2,18.34
ORD103414,5.62,High,Clear,Night,Wed,Suburban,1.52,0,3.7,5.0,Scooter,0,77.0,29.81
ORD103415,7.41,Medium,Clear,Afternoon,Sun,Suburban,3.78,1,0.4,4.14,Scooter,1,39.0,44.03
ORD103416,6.12,Medium,Rain,Morning,Sun,Suburban,1.68,0,0.5,4.25,Motorcycle,0,91.2,31.7
ORD103417,6.35,High,Clear,Night,Sat,Urban,2.13,0,6.2,3.38,Scooter,0,35.0,36.8
ORD103418,1.83,Low,Rain,Night,Mon,Urban,1.26,3,0.0,3.84,Motorcycle,0,72.4,25.56
ORD103419,2.72,Low,Clear,Evening,Fri,Suburban,0.52,0,0.5,3.39,Electric_Two_Wheeler,0,24.8,15.36
ORD103420,4.38,High,Clear,Night,Fri,Urban,12.7,1,0.6,4.42,Motorcycle,0,96.2,37.06
ORD103421,8.44,Medium,Clear,Morning,Sun,Urban,1.72,0,0.8,4.27,Scooter,0,10.4,42.96
ORD103422,2.27,High,Clear,Evening,Sun,Urban,1.02,1,1.1,4.55,Electric_Two_Wheeler,1,31.0,30.04
ORD103423,8.18,Low,Clear,Evening,Tue,Suburban,2.7,1,0.3,4.62,Scooter,0,70.8,27.69
ORD103424,1.17,High,Clear,Night,Sun,Suburban,2.14,1,1.6,4.68,Motorcycle,0,86.8,23.2
ORD103425,7.57,Medium,Clear,Evening,Thu,Suburban,0.73,0,1.3,4.21,Scooter,1,99.4,41.76
ORD103426,7.16,Medium,Clear,Afternoon,Fri,Urban,4.39,2,2.5,4.33,Scooter,1,25.6,43.98
ORD103427,11.14,Medium,Extreme_Heat,Evening,Tue,Rural,0.35,1,5.1,4.53,Electric_Two_Wheeler,1,37.6,51.66
ORD103428,6.63,High,,Afternoon,Thu,Suburban,2.06,0,0.9,3.98,Scooter,1,90.3,38.28
ORD103429,4.62,Medium,Clear,Afternoon,Sun,Urban,1.5,1,2.0,3.92,Motorcycle,0,12.9,26.95
ORD103430,3.02,Medium,Clear,Morning,Sun,Urban,0.97,1,1.2,4.92,Scooter,0,76.0,21.89
ORD103431,2.8,Severe,Clear,Night,Mon,Urban,3.7,0,0.1,3.58,Motorcycle,0,48.1,31.36
ORD103432,3.64,High,Clear,Afternoon,Tue,Rural,2.34,0,4.3,4.5,Motorcycle,1,72.0,23.86
ORD103433,2.89,Medium,Fog,Afternoon,Thu,Urban,3.05,0,2.5,4.44,Scooter,1,57.2,36.75
ORD103434,5.62,High,Extreme_Heat,Afternoon,Wed,Urban,1.27,0,0.0,3.85,Motorcycle,1,66.4,38.14
ORD103435,6.53,Medium,Clear,Night,Sun,Urban,5.91,0,0.7,4.03,Motorcycle,0,70.0,31.85
ORD103436,2.17,Low,Clear,Afternoon,Sat,Suburban,1.05,0,0.9,4.16,Motorcycle,0,66.8,9.46
ORD103437,6.73,Medium,Clear,Evening,Sat,Urban,1.71,1,4.2,4.39,Motorcycle,1,69.8,45.35
ORD103438,4.82,Severe,Rain,Night,Sun,Urban,5.63,1,3.6,4.44,Motorcycle,0,61.2,42.98
ORD103439,3.16,Severe,Clear,Afternoon,Wed,Urban,0.37,1,1.3,4.29,Scooter,1,74.3,43.95
ORD103440,7.47,Medium,Clear,Afternoon,Fri,Urban,0.43,1,0.4,4.38,Motorcycle,1,79.8,45.62
ORD103441,2.37,Medium,Clear,Evening,Sat,Urban,10.5,1,1.2,4.56,Motorcycle,1,80.9,25.84
ORD103442,1.67,Low,Rain,Night,Thu,Urban,7.31,1,4.2,4.55,Scooter,0,86.8,20.24
ORD103443,2.3,Severe,Clear,Evening,Sun,Suburban,3.15,0,1.5,4.91,Electric_Two_Wheeler,0,38.5,28.02
ORD103444,2.72,Severe,Clear,Morning,Sun,Suburban,1.52,1,0.3,4.72,Scooter,0,77.1,35.7
ORD103445,7.29,Medium,Rain,Night,Sun,Suburban,1.61,1,0.1,4.31,Scooter,0,95.2,40.0
ORD103446,7.08,High,Clear,Afternoon,Wed,Urban,0.79,1,1.0,4.56,Scooter,1,43.1,50.41
ORD103447,3.9,High,Fog,Evening,Fri,Suburban,1.33,0,0.4,4.47,Scooter,1,80.0,40.11
ORD103448,1.07,Medium,Clear,Evening,Tue,Urban,1.33,0,3.4,4.37,Scooter,0,36.2,14.07
ORD103449,2.46,Low,Rain,Morning,Sun,Urban,0.27,0,0.8,3.95,Electric_Two_Wheeler,0,25.8,17.67
ORD103450,10.48,Medium,Rain,Evening,Tue,Rural,1.41,0,5.2,4.36,Scooter,1,50.2,46.02
ORD103451,6.28,High,Clear,Evening,Thu,Suburban,1.51,0,2.4,3.47,Motorcycle,1,82.6,38.98
ORD103452,1.02,High,Rain,Night,Thu,Suburban,2.39,0,1.3,4.73,Scooter,0,37.6,23.97
ORD103453,0.81,Medium,Clear,Morning,Thu,Suburban,1.65,0,2.4,4.44,Motorcycle,0,36.5,11.54
ORD103454,6.12,Severe,Extreme_Heat,Afternoon,Sat,Rural,4.16,0,0.9,4.24,Electric_Two_Wheeler,0,35.0,47.51
ORD103455,8.29,Low,Clear,Evening,Thu,Suburban,1.12,0,0.4,4.13,Scooter,1,29.6,38.4
ORD103456,1.94,Medium,Rain,Morning,Sun,Suburban,1.25,1,8.3,4.56,Motorcycle,0,65.0,24.94
ORD103457,2.39,High,Clear,Morning,Wed,Suburban,1.89,1,2.1,5.0,Electric_Two_Wheeler,0,31.9,25.96
ORD103458,6.93,High,Extreme_Heat,Night,Wed,Urban,0.65,1,0.0,4.45,Motorcycle,0,94.1,47.91
ORD103459,3.16,Medium,Clear,Afternoon,Fri,Urban,1.2,1,0.9,5.0,Scooter,0,41.1,25.09
ORD103460,3.44,Low,Extreme_Heat,Night,Wed,Suburban,2.52,2,0.4,4.61,Motorcycle,0,58.8,32.34
ORD103461,3.33,Low,Extreme_Heat,Morning,Sat,Urban,1.26,1,0.7,3.98,Motorcycle,0,46.8,23.93
ORD103462,4.15,Medium,Clear,Afternoon,Tue,Urban,4.94,0,0.1,4.5,Scooter,0,96.6,27.42
ORD103463,4.69,Medium,Fog,Evening,Fri,Urban,2.11,1,0.7,4.46,Motorcycle,0,48.2,44.65
ORD103464,11.02,Low,Extreme_Heat,Evening,Wed,Urban,0.53,1,2.9,3.98,Scooter,1,60.7,57.86
ORD103465,3.01,High,Clear,Evening,Thu,Rural,1.54,0,4.3,4.14,Scooter,1,78.7,25.52
ORD103466,3.43,Medium,Clear,Afternoon,Wed,Suburban,3.09,0,1.1,4.13,Electric_Two_Wheeler,1,25.4,22.9
ORD103467,1.83,High,Clear,Evening,Mon,Urban,2.26,0,1.8,4.34,Scooter,1,12.9,26.31
ORD103468,4.12,High,Clear,Morning,Fri,Rural,4.53,1,0.1,4.19,Scooter,0,50.9,30.57
ORD103469,7.25,Low,Clear,Afternoon,Sun,Rural,2.97,1,0.2,4.41,Motorcycle,0,59.6,34.24
ORD103470,2.37,Low,Clear,Morning,Sun,Urban,0.33,2,2.0,4.47,Scooter,0,35.8,22.68
ORD103471,2.16,High,Clear,Evening,Sat,Rural,0.44,1,4.6,4.81,Scooter,0,51.6,21.34
ORD103472,6.86,Medium,Clear,Afternoon,Wed,Urban,2.3,0,0.2,4.52,Motorcycle,0,65.4,33.41
ORD103473,4.68,High,Clear,Afternoon,Wed,Urban,0.74,0,1.4,4.02,Scooter,1,97.6,35.72
ORD103474,2.17,High,Fog,Afternoon,Sat,Urban,1.97,1,8.8,5.0,Scooter,1,64.2,31.87
ORD103475,4.26,High,Rain,Morning,Tue,Suburban,3.34,0,3.4,4.02,Scooter,0,50.4,31.55
ORD103476,2.05,Severe,Clear,Morning,Thu,Urban,1.92,0,0.6,4.14,Motorcycle,0,12.0,29.49
ORD103477,3.09,Medium,Rain,Evening,Thu,Suburban,1.27,0,0.8,4.54,Motorcycle,1,38.0,39.19
ORD103478,3.28,Medium,Rain,Afternoon,Tue,Suburban,2.28,1,7.4,5.0,Electric_Two_Wheeler,0,42.3,30.04
ORD103479,6.8,Medium,Extreme_Heat,Night,Tue,Urban,0.51,0,0.6,4.46,Scooter,0,52.9,33.6
ORD103480,5.42,Low,Clear,Evening,Mon,Urban,2.77,0,1.5,4.04,Motorcycle,1,80.4,24.78
ORD103481,7.05,Medium,Clear,Morning,Sat,Urban,2.59,0,1.1,3.64,Electric_Two_Wheeler,0,79.8,30.57
ORD103482,3.06,Low,Extreme_Heat,Evening,Fri,Urban,1.64,1,1.7,3.62,Scooter,1,86.1,32.34
ORD103483,5.1,Severe,Extreme_Heat,Morning,Thu,Suburban,0.85,1,0.7,4.3,Electric_Two_Wheeler,0,36.1,39.75
ORD103484,1.26,Medium,Rain,Evening,Tue,Suburban,3.39,1,2.8,4.52,Electric_Two_Wheeler,1,41.2,32.58
ORD103485,2.12,Medium,Rain,Night,Tue,Suburban,1.63,2,0.7,3.73,Scooter,0,23.5,30.09
ORD103486,1.65,Medium,Clear,Afternoon,Sat,Urban,0.32,0,2.3,4.39,Scooter,1,87.2,19.29
ORD103487,6.19,Low,Clear,Evening,Sun,Suburban,5.22,1,1.1,3.77,Scooter,1,68.7,29.77
ORD103488,9.88,Low,Clear,Morning,Fri,Suburban,3.12,0,0.7,3.93,Scooter,0,17.0,42.43
ORD103489,3.37,Medium,Clear,Afternoon,Tue,Rural,1.96,0,3.0,4.55,Electric_Two_Wheeler,1,37.3,24.58
ORD103490,5.34,Low,Fog,Night,Sun,Suburban,1.35,0,8.4,4.0,Electric_Two_Wheeler,0,23.7,30.49
ORD103491,5.26,Medium,Clear,Morning,Mon,Suburban,6.63,0,5.1,4.82,Scooter,0,97.2,24.63
ORD103492,9.31,High,Clear,Afternoon,Fri,Urban,3.18,1,0.2,4.07,Motorcycle,0,39.2,53.75
ORD103493,3.09,High,Extreme_Heat,Afternoon,Sun,Suburban,1.73,1,1.5,4.74,Motorcycle,0,54.7,35.3
ORD103494,4.05,High,Clear,Evening,Mon,Rural,2.32,0,3.0,5.0,Scooter,1,38.6,31.53
ORD103495,2.17,Low,Extreme_Heat,Afternoon,Wed,Urban,0.86,0,2.1,4.0,Motorcycle,1,52.7,17.62
ORD103496,1.75,High,Extreme_Heat,Night,Thu,Urban,0.64,1,3.2,5.0,Electric_Two_Wheeler,0,99.9,28.28
ORD103497,5.77,High,Clear,Morning,Tue,Urban,0.84,1,9.2,4.31,Scooter,0,35.9,38.27
ORD103498,2.45,Low,Clear,Afternoon,Sun,Suburban,0.89,0,1.0,4.05,Scooter,0,35.4,18.61
ORD103499,2.54,High,Clear,Evening,Fri,Urban,2.89,0,3.7,4.18,Scooter,1,43.4,29.63
ORD103500,5.02,Low,Clear,Morning,Mon,Urban,0.5,0,0.2,4.14,Scooter,0,25.2,27.35
ORD103501,3.24,High,Clear,Evening,Thu,Suburban,3.21,0,5.1,4.86,Scooter,0,76.5,25.23
ORD103502,5.85,Severe,Clear,Morning,Thu,Suburban,1.68,1,3.8,4.83,Scooter,0,44.1,37.97
ORD103503,5.92,Low,Extreme_Heat,Morning,Tue,Urban,1.17,0,1.8,4.82,Motorcycle,0,62.3,32.13
ORD103504,4.28,High,Clear,Morning,Sun,Urban,0.91,1,4.3,3.78,Motorcycle,0,69.5,32.64
ORD103505,3.99,Medium,Rain,Night,Thu,Urban,1.64,0,2.7,4.38,Scooter,0,13.2,37.67
ORD103506,9.76,Severe,Clear,Evening,Tue,Urban,0.96,1,2.0,3.68,Scooter,0,68.0,54.99
ORD103507,3.53,Medium,Clear,Evening,Sun,Urban,1.32,1,7.3,4.7,Motorcycle,0,57.9,19.91
ORD103508,6.07,High,Extreme_Heat,Afternoon,Sun,Urban,2.89,0,0.3,4.11,Motorcycle,1,17.5,48.86
ORD103509,2.05,Low,Clear,Evening,Wed,Suburban,2.17,0,12.4,4.5,Scooter,1,21.2,17.85
ORD103510,3.93,Medium,Clear,Afternoon,Tue,Suburban,2.96,0,0.4,4.1,Scooter,1,49.7,26.66
ORD103511,6.09,Low,Rain,Night,Sat,Urban,2.7,1,1.6,3.6,Motorcycle,0,41.2,36.28
ORD103512,2.22,Severe,Rain,Evening,Mon,Urban,3.58,1,0.7,4.65,Scooter,1,49.4,44.83
ORD103513,3.66,High,Rain,Evening,Sat,Suburban,0.65,0,0.8,4.68,Scooter,1,67.2,35.52
ORD103514,3.86,High,Clear,Morning,Sun,Urban,10.85,0,2.5,4.36,Scooter,0,23.9,34.56
ORD103515,2.31,Severe,Clear,Afternoon,Sun,Urban,1.49,1,0.1,3.46,Scooter,1,69.6,37.16
ORD103516,2.55,Low,Extreme_Heat,Afternoon,Thu,Suburban,2.73,1,7.1,4.6,Scooter,1,83.6,25.16
ORD103517,2.01,Medium,Extreme_Heat,Night,Thu,Suburban,2.46,1,0.8,4.0,Scooter,0,10.3,20.22
ORD103518,0.98,Low,Clear,Afternoon,Thu,Urban,1.87,0,0.8,4.51,Motorcycle,1,43.2,19.71
ORD103519,2.08,Low,Fog,Afternoon,Sun,Suburban,11.15,1,5.0,4.1,Motorcycle,0,34.8,19.1
ORD103520,4.26,Low,Clear,Afternoon,Tue,Suburban,0.69,0,3.6,4.14,Electric_Two_Wheeler,0,48.9,14.54
ORD103521,2.61,Medium,Clear,Morning,Fri,Rural,1.3,1,2.8,4.5,Scooter,0,65.4,26.61
ORD103522,3.68,Low,Clear,Morning,Tue,Urban,0.47,0,0.4,3.97,Scooter,0,26.9,19.3
ORD103523,4.01,Low,Clear,Night,Mon,Suburban,0.6,1,3.7,4.23,Motorcycle,0,22.1,18.52
ORD103524,3.34,Low,Clear,Evening,Tue,Urban,2.7,1,1.1,4.5,Motorcycle,1,75.6,21.94
ORD103525,6.04,Low,Clear,Night,Thu,Suburban,0.21,2,12.7,5.0,Scooter,0,71.7,25.88
ORD103526,11.82,Severe,Clear,Evening,Wed,Suburban,4.61,0,2.8,4.27,Scooter,0,51.5,58.59
ORD103527,2.09,High,Rain,Afternoon,Mon,Urban,2.21,1,4.5,4.64,Scooter,1,55.1,36.93
ORD103528,6.79,Severe,Rain,Afternoon,Sat,Suburban,1.36,1,3.3,3.83,Scooter,1,34.3,57.43
ORD103529,2.32,Medium,Rain,Morning,Wed,Urban,1.01,1,2.3,4.98,Scooter,0,39.6,21.25
ORD103530,4.79,Low,Extreme_Heat,Night,Mon,Urban,0.47,0,3.1,3.98,Electric_Two_Wheeler,0,38.8,25.44
ORD103531,1.65,High,Clear,Afternoon,Mon,Urban,5.29,1,2.3,4.25,Scooter,0,75.4,24.84
ORD103532,4.58,Medium,Clear,Afternoon,Sun,Suburban,2.69,1,0.1,4.5,Electric_Two_Wheeler,0,60.0,28.78
ORD103533,2.98,Low,Rain,Afternoon,Thu,Urban,1.02,0,1.1,3.99,Motorcycle,0,75.7,22.33
ORD103534,2.93,Low,Clear,Afternoon,Sun,Suburban,0.35,1,1.0,4.73,Scooter,1,63.2,19.3
ORD103535,4.26,Low,Clear,Afternoon,Sat,Suburban,0.99,1,3.1,4.04,Motorcycle,1,59.1,23.67
ORD103536,1.95,Low,Clear,Afternoon,Tue,Suburban,0.61,0,2.1,4.63,Motorcycle,1,38.9,20.19
ORD103537,1.94,Medium,Fog,Evening,Sun,Urban,3.29,0,2.4,4.73,Scooter,1,45.6,26.59
ORD103538,3.05,High,Clear,Evening,Sat,Suburban,2.74,1,4.7,4.53,Scooter,1,89.9,29.0
ORD103539,6.68,Low,Fog,Afternoon,Thu,Urban,1.58,1,1.9,4.58,Motorcycle,1,61.8,44.7
ORD103540,3.1,Low,Clear,Afternoon,Thu,Suburban,4.54,1,0.6,5.0,Motorcycle,0,57.2,15.01
ORD103541,11.96,High,Rain,Night,Sun,Suburban,0.6,1,0.0,4.47,Motorcycle,0,14.8,65.6
ORD103542,14.06,Low,Fog,Morning,Thu,Urban,1.4,0,0.4,4.34,Motorcycle,0,70.4,59.92
ORD103543,3.64,Medium,Rain,Night,Wed,Suburban,2.68,1,0.1,4.43,Scooter,0,71.7,34.22
ORD103544,9.55,High,Clear,Morning,Sat,Urban,0.34,2,0.7,4.81,Motorcycle,0,72.2,51.5
ORD103545,2.13,Low,Clear,Evening,Sat,Urban,1.13,0,2.5,5.0,Scooter,0,18.2,13.82
ORD103546,3.91,Low,Fog,Evening,Mon,Urban,1.9,0,0.4,4.23,Motorcycle,1,37.0,33.9
ORD103547,4.37,Medium,Clear,Evening,Fri,Rural,1.11,1,0.2,3.94,Electric_Two_Wheeler,0,43.4,27.47
ORD103548,5.41,Medium,Clear,Night,Tue,Suburban,1.51,0,8.8,4.77,Motorcycle,0,84.4,22.97
ORD103549,1.48,Medium,Clear,Morning,Thu,Suburban,2.07,1,14.4,3.75,Motorcycle,0,98.3,11.34
ORD103550,4.2,High,Extreme_Heat,Afternoon,Sat,Rural,1.12,0,2.5,4.4,Motorcycle,0,47.3,32.73
ORD103551,7.92,Low,Clear,Afternoon,Sat,Urban,0.42,1,0.3,4.42,Motorcycle,1,59.9,43.21
ORD103552,0.94,Medium,Rain,Evening,Mon,Rural,0.5,1,4.3,4.26,Motorcycle,1,10.7,26.93
ORD103553,2.22,Medium,Clear,Morning,Tue,Urban,1.7,0,1.9,4.28,Scooter,0,10.8,13.43
ORD103554,8.03,Low,Clear,Evening,Fri,Suburban,0.58,2,0.5,3.64,Electric_Two_Wheeler,0,16.7,40.33
ORD103555,2.57,Medium,Rain,Afternoon,Fri,Suburban,4.61,1,2.1,3.95,Scooter,0,74.8,26.72
ORD103556,4.11,Low,Clear,Morning,Thu,Urban,3.79,1,0.1,4.67,Scooter,0,26.0,19.78
ORD103557,4.89,Medium,Clear,Evening,Fri,Urban,1.06,1,9.0,3.48,Scooter,0,78.2,25.28
ORD103558,2.22,Low,Rain,Morning,Fri,Urban,3.76,0,4.4,4.27,Scooter,0,48.9,18.67
ORD103559,1.77,Medium,Fog,Afternoon,Sun,Rural,1.72,0,0.8,4.17,Motorcycle,1,86.5,28.88
ORD103560,3.33,Medium,Clear,Morning,Tue,Urban,0.55,0,1.4,,Scooter,0,88.3,18.12
ORD103561,7.11,High,Fog,Afternoon,Tue,Urban,2.1,0,1.3,4.98,Motorcycle,0,89.2,44.66
ORD103562,4.22,Low,Rain,Evening,Sun,Suburban,2.48,0,4.9,3.89,Scooter,0,58.9,23.74
ORD103563,1.8,Medium,Fog,Evening,Thu,Urban,0.38,1,1.1,4.52,Scooter,1,81.0,29.84
ORD103564,6.1,Medium,Clear,Afternoon,Sat,Urban,0.96,1,0.1,4.11,Scooter,0,69.6,34.57
ORD103565,1.86,High,Clear,Afternoon,Mon,Suburban,0.21,2,0.6,3.96,Motorcycle,1,26.8,38.24
ORD103566,4.81,Medium,Extreme_Heat,Morning,Thu,Urban,0.96,2,0.6,4.21,Motorcycle,0,44.3,36.8
ORD103567,3.44,High,Fog,Afternoon,Wed,Suburban,1.02,1,7.5,4.16,Motorcycle,1,96.6,42.81
ORD103568,2.85,High,Clear,Night,Fri,Urban,2.19,0,6.4,,Scooter,0,79.5,18.93
ORD103569,3.22,High,Clear,Night,Sun,Urban,0.64,1,0.9,3.99,Electric_Two_Wheeler,0,33.7,27.21
ORD103570,3.5,Medium,Clear,Morning,Mon,Suburban,0.26,0,0.0,3.89,Scooter,0,35.3,18.33
ORD103571,3.71,Medium,Clear,Morning,Sat,Urban,0.96,3,1.8,4.7,Motorcycle,0,32.9,29.56
ORD103572,4.38,High,Clear,Night,Sat,Rural,3.69,1,4.0,4.3,Scooter,0,39.6,22.98
ORD103573,6.66,Severe,Clear,Afternoon,Tue,Suburban,1.22,1,0.8,,Scooter,1,93.5,51.48
ORD103574,10.33,High,Fog,Afternoon,Wed,Urban,1.27,3,1.4,3.94,Scooter,1,49.0,76.07
ORD103575,3.79,Medium,Clear,Evening,Sat,Urban,1.47,2,0.5,4.93,Scooter,0,42.8,27.31
ORD103576,6.22,Low,Rain,Afternoon,Wed,Urban,2.99,1,1.0,4.27,Electric_Two_Wheeler,1,31.5,39.94
ORD103577,4.07,Medium,Clear,Afternoon,Fri,Urban,1.51,1,3.6,3.54,Motorcycle,1,90.3,32.0
ORD103578,3.1,High,Clear,Night,Tue,Urban,0.39,1,1.4,4.41,Motorcycle,0,96.2,29.13
ORD103579,4.51,Medium,Clear,Evening,Mon,Suburban,0.66,1,1.5,3.99,Motorcycle,1,39.1,35.26
ORD103580,1.47,Medium,Clear,Morning,Tue,Urban,0.62,0,3.9,4.66,Motorcycle,0,65.5,17.5
ORD103581,2.04,High,Rain,Morning,Fri,Urban,1.62,1,3.6,4.72,Motorcycle,0,96.3,28.37
ORD103582,1.71,Medium,Fog,Morning,Sun,Urban,0.26,0,0.5,4.67,Electric_Two_Wheeler,0,55.0,23.7
ORD103583,4.36,High,Clear,Evening,Sat,Urban,0.87,1,1.3,4.12,Scooter,0,52.2,30.39
ORD103584,1.06,Medium,Clear,Afternoon,Wed,Suburban,2.07,0,4.7,4.25,Scooter,1,57.5,21.45
ORD103585,1.59,Medium,Clear,Morning,Sun,Urban,1.08,2,1.5,4.4,Motorcycle,0,13.0,25.0
ORD103586,1.21,Medium,Fog,Night,Fri,Urban,2.66,0,2.7,4.66,Electric_Two_Wheeler,0,37.0,24.55
ORD103587,3.83,High,Rain,Morning,Sat,Urban,1.19,0,0.9,3.88,Electric_Two_Wheeler,0,72.9,33.18
ORD103588,2.82,Low,Clear,Morning,Thu,Rural,7.95,0,0.2,4.34,Motorcycle,0,97.0,18.4
ORD103589,3.23,Low,Rain,Morning,Wed,Urban,6.93,0,0.5,5.0,Scooter,0,61.2,26.88
ORD103590,4.81,Severe,Fog,Morning,Fri,Suburban,3.42,0,1.3,4.09,Scooter,0,27.1,48.55
ORD103591,3.6,Low,Clear,Afternoon,Mon,Urban,6.38,1,1.1,4.29,Electric_Two_Wheeler,1,48.4,23.48
ORD103592,3.02,Medium,Clear,Night,Mon,Suburban,0.66,0,5.6,5.0,Scooter,0,54.1,17.64
ORD103593,1.05,Medium,Extreme_Heat,Night,Sat,Suburban,2.98,0,2.0,4.2,Scooter,0,23.7,19.07
ORD103594,4.82,Medium,Rain,Afternoon,Sat,Urban,0.98,1,2.5,3.68,Electric_Two_Wheeler,0,39.6,32.81
ORD103595,1.01,Medium,Clear,Afternoon,Mon,Suburban,2.78,1,2.9,4.28,Scooter,1,50.1,22.29
ORD103596,4.24,Low,Clear,Evening,Thu,Suburban,1.14,0,1.9,4.97,Motorcycle,0,33.6,20.31
ORD103597,18.06,Medium,Clear,Morning,Tue,Urban,0.88,0,3.7,4.72,Motorcycle,0,41.8,75.33
ORD103598,5.32,Medium,Clear,Morning,Mon,Urban,6.58,0,3.8,3.91,Scooter,0,34.9,29.65
ORD103599,2.45,High,Rain,Night,Sat,Suburban,0.67,2,1.1,4.47,Scooter,0,65.2,37.19
ORD103600,6.5,Low,Clear,Morning,Sat,Suburban,3.04,1,0.2,4.23,Scooter,0,62.1,30.96
ORD103601,11.36,Medium,Rain,Morning,Thu,Suburban,2.45,1,10.7,4.62,Motorcycle,0,59.7,54.76
ORD103602,7.17,Low,Fog,Afternoon,Mon,Suburban,0.92,0,2.6,4.05,Motorcycle,0,18.7,35.02
ORD103603,8.6,Low,Clear,Afternoon,Thu,Suburban,1.43,0,3.1,4.5,Scooter,1,26.5,37.66
ORD103604,2.12,Low,Clear,Morning,Mon,Suburban,0.51,0,3.5,5.0,Electric_Two_Wheeler,0,20.0,15.25
ORD103605,2.86,Low,Clear,Morning,Tue,Suburban,5.28,0,2.4,3.26,Scooter,0,15.7,13.69
ORD103606,5.81,High,Rain,Afternoon,Fri,Urban,7.09,2,1.6,4.54,Scooter,1,32.2,52.2
ORD103607,3.55,Low,Clear,Evening,Mon,Rural,2.84,0,10.4,4.83,Scooter,1,27.5,18.39
ORD103608,2.02,Severe,Rain,Morning,Fri,Urban,3.99,0,3.3,3.68,Scooter,0,75.2,38.47
ORD103609,5.37,Severe,Fog,Afternoon,Mon,Urban,0.37,0,4.7,4.01,Electric_Two_Wheeler,0,72.6,47.07
ORD103610,5.8,Medium,Clear,Evening,Tue,Suburban,1.17,1,1.4,4.14,Scooter,1,28.1,36.3
ORD103611,3.1,Low,Extreme_Heat,Night,Sun,Urban,1.0,0,5.9,4.01,Scooter,0,24.9,19.15
ORD103612,1.82,Medium,Extreme_Heat,Afternoon,Sat,Urban,1.86,1,3.3,3.98,Electric_Two_Wheeler,0,23.0,20.28
ORD103613,2.78,High,Clear,Morning,Fri,Urban,0.61,0,3.4,4.15,Motorcycle,0,38.8,30.74
ORD103614,2.92,Medium,Clear,Afternoon,Thu,Suburban,1.86,0,0.2,4.64,Scooter,1,36.5,21.02
ORD103615,4.08,Low,Extreme_Heat,Evening,Mon,Rural,2.32,0,2.4,4.9,Electric_Two_Wheeler,1,12.6,26.2
ORD103616,1.63,Medium,Extreme_Heat,Morning,Sat,Suburban,0.48,0,1.0,4.82,Motorcycle,0,61.1,18.04
ORD103617,3.37,High,Clear,Afternoon,Mon,Urban,0.48,0,2.8,4.7,Scooter,1,90.8,24.03
ORD103618,2.65,High,Clear,Morning,Thu,Urban,0.27,0,2.1,5.0,Motorcycle,0,58.5,21.02
ORD103619,5.41,Low,Clear,Morning,Tue,Urban,3.06,0,0.3,5.0,Electric_Two_Wheeler,0,15.7,22.85
ORD103620,23.57,High,Extreme_Heat,Afternoon,Wed,Urban,1.0,0,1.9,4.37,Motorcycle,0,64.0,103.67
ORD103621,4.22,Low,Clear,Afternoon,Mon,Urban,0.71,1,1.5,4.87,Motorcycle,0,53.6,18.6
ORD103622,3.64,Low,Clear,Evening,Sun,Urban,3.21,0,3.7,4.47,Electric_Two_Wheeler,0,91.6,20.7
ORD103623,4.76,High,Fog,Evening,Thu,Urban,0.51,1,1.7,4.21,Motorcycle,1,42.7,44.1
ORD103624,5.9,Low,Clear,Afternoon,Wed,Urban,1.31,1,1.6,4.28,Scooter,1,77.7,38.05
ORD103625,0.7,Low,Rain,Afternoon,Mon,Suburban,2.93,3,3.2,4.71,Scooter,1,13.5,26.08
ORD103626,3.62,Low,Clear,Afternoon,Fri,Suburban,1.91,0,2.8,4.89,Motorcycle,1,74.9,22.6
ORD103627,6.34,High,Fog,Morning,Sat,Rural,1.81,1,12.0,4.53,Scooter,0,13.7,44.0
ORD103628,1.28,High,Clear,Night,Sat,Suburban,0.54,0,1.1,4.14,Electric_Two_Wheeler,0,41.0,20.42
ORD103629,4.2,Medium,Rain,Night,Thu,Urban,0.6,0,2.9,4.1,Scooter,0,95.3,26.05
ORD103630,6.72,High,Rain,Morning,Fri,Suburban,1.95,0,0.5,3.56,Motorcycle,0,73.3,45.27
ORD103631,11.13,Low,Clear,Morning,Tue,Urban,0.25,1,4.1,4.44,Motorcycle,0,93.3,49.49
ORD103632,4.48,Medium,Clear,Morning,Wed,Suburban,4.27,1,3.9,4.42,Motorcycle,0,54.6,18.48
ORD103633,5.38,Medium,Clear,Evening,Thu,Suburban,1.06,1,3.2,3.88,Scooter,1,64.6,34.41
ORD103634,5.05,Low,Clear,Evening,Sun,Suburban,1.28,1,0.3,4.49,Scooter,1,56.6,39.12
ORD103635,1.47,Medium,Fog,Evening,Mon,Rural,0.8,1,11.0,4.48,Motorcycle,1,53.1,30.1
ORD103636,13.78,Severe,Fog,Evening,Sat,Suburban,4.39,0,7.1,3.71,Electric_Two_Wheeler,0,62.0,68.64
ORD103637,4.72,Low,Clear,Afternoon,Mon,Suburban,2.26,1,1.2,4.17,Motorcycle,0,13.5,27.45
ORD103638,3.29,Low,Rain,Evening,Wed,Urban,1.4,0,2.2,4.86,Scooter,1,26.7,26.7
ORD103639,8.02,Low,Rain,Evening,Fri,Rural,1.96,0,5.5,4.05,Scooter,1,29.3,39.45
ORD103640,2.33,Low,Fog,Afternoon,Fri,Urban,1.16,0,1.7,4.31,Motorcycle,1,44.5,24.11
ORD103641,5.12,Severe,Clear,Afternoon,Thu,Rural,1.45,0,2.3,4.36,Electric_Two_Wheeler,0,49.1,38.55
ORD103642,3.1,Medium,Clear,Evening,Thu,Urban,1.09,1,2.3,,Scooter,1,76.6,31.69
ORD103643,2.28,Medium,Clear,Evening,Fri,Urban,1.26,1,2.6,4.58,Motorcycle,0,24.9,22.77
ORD103644,3.85,High,Clear,Evening,Thu,Suburban,0.96,0,2.1,4.67,Scooter,1,61.3,37.83
ORD103645,4.2,Low,Clear,Evening,Fri,Urban,0.36,0,1.3,4.81,Motorcycle,1,34.5,28.74
ORD103646,3.56,Medium,Clear,Evening,Wed,Suburban,0.28,0,1.9,4.17,Motorcycle,1,56.4,28.64
ORD103647,14.64,Medium,Clear,Evening,Thu,Urban,0.58,1,5.1,4.51,Scooter,0,66.4,67.51
ORD103648,4.18,Medium,Rain,Afternoon,Fri,Suburban,0.78,0,5.0,4.64,Motorcycle,1,62.4,34.49
ORD103649,3.01,Severe,Clear,Evening,Thu,Suburban,4.62,0,3.7,4.25,Scooter,0,29.4,31.52
ORD103650,4.11,High,Clear,Afternoon,Mon,Suburban,2.09,0,1.3,,Scooter,1,73.9,30.12
ORD103651,5.84,Medium,Clear,Morning,Sat,Urban,6.55,0,3.9,4.36,Motorcycle,0,68.8,28.26
ORD103652,4.93,High,Clear,Morning,Mon,Urban,1.03,0,1.2,4.06,Scooter,0,93.9,33.54
ORD103653,9.53,Low,Clear,Evening,Tue,Suburban,1.23,0,2.7,4.02,Motorcycle,0,67.1,36.55
ORD103654,4.49,Low,Clear,Evening,Fri,Urban,2.74,1,2.1,4.39,Scooter,0,74.8,24.83
ORD103655,0.88,Low,Clear,Night,Tue,Urban,1.93,1,0.9,4.22,Motorcycle,0,83.0,10.78
ORD103656,4.21,Medium,Clear,Afternoon,Fri,Suburban,1.7,1,1.5,4.37,Scooter,1,19.5,32.59
ORD103657,4.24,Medium,Clear,Afternoon,Sat,Urban,1.91,0,4.4,3.68,Motorcycle,0,72.7,23.41
ORD103658,6.91,Medium,Clear,Morning,Thu,Urban,1.95,2,6.1,4.23,Motorcycle,0,38.7,40.38
ORD103659,1.04,Severe,Fog,Morning,Fri,Urban,3.1,0,0.6,3.4,Electric_Two_Wheeler,0,84.1,32.79
ORD103660,5.26,Medium,Clear,Evening,Mon,Urban,2.41,1,1.5,3.88,Electric_Two_Wheeler,1,53.2,40.46
ORD103661,6.31,Medium,Clear,Morning,Thu,Suburban,6.51,2,1.4,4.26,Scooter,0,62.3,36.62
ORD103662,4.26,Low,Clear,Evening,Sat,Urban,6.11,1,1.7,4.79,Scooter,0,33.4,22.7
ORD103663,5.98,Low,Clear,Evening,Mon,Rural,1.3,1,9.4,4.51,Motorcycle,1,68.6,26.71
ORD103664,2.05,Medium,Clear,Afternoon,Thu,Urban,0.27,0,1.8,4.34,Motorcycle,1,13.2,20.15
ORD103665,6.56,Medium,Clear,Night,Fri,Urban,0.22,1,4.4,4.15,Scooter,0,77.4,41.79
ORD103666,1.84,High,Rain,Afternoon,Fri,Suburban,0.46,1,2.7,4.2,Scooter,1,24.7,36.36
ORD103667,2.57,Low,Clear,Afternoon,Mon,Urban,0.36,0,0.3,4.82,Motorcycle,1,30.5,20.02
ORD103668,5.64,Low,Clear,Night,Wed,Suburban,1.13,0,3.0,3.86,Electric_Two_Wheeler,0,10.1,28.97
ORD103669,11.88,Medium,Fog,Night,Fri,Suburban,0.31,1,2.6,4.01,Electric_Two_Wheeler,0,38.2,56.76
ORD103670,10.59,Low,Extreme_Heat,Morning,Wed,Urban,2.16,1,3.6,4.73,Scooter,0,44.9,48.89
ORD103671,4.74,Low,Clear,Morning,Thu,Suburban,0.62,0,0.2,4.16,Scooter,0,31.1,18.37
ORD103672,1.31,High,Clear,Morning,Wed,Urban,1.64,1,0.7,5.0,Scooter,0,30.7,19.92
ORD103673,2.63,Low,Clear,Afternoon,Mon,Urban,0.42,0,3.7,4.58,Motorcycle,0,90.4,14.76
ORD103674,3.16,Medium,Clear,Night,Tue,Urban,3.72,1,1.2,4.76,Motorcycle,0,39.4,27.75
ORD103675,0.75,Low,Clear,Evening,Tue,Rural,3.23,2,6.0,3.65,Motorcycle,1,75.0,15.07
ORD103676,1.82,Low,Clear,Afternoon,Mon,Urban,1.18,1,1.8,4.72,Motorcycle,1,31.4,19.59
ORD103677,6.68,Medium,,Night,Sun,Suburban,5.03,1,0.0,3.96,Scooter,0,82.8,39.57
ORD103678,10.17,High,Clear,Afternoon,Tue,Urban,0.61,2,3.0,4.59,Scooter,1,71.0,64.68
ORD103679,7.35,Medium,Clear,Afternoon,Mon,Urban,3.56,1,1.8,4.15,Electric_Two_Wheeler,0,78.1,37.69
ORD103680,2.74,High,Clear,Night,Fri,Urban,1.78,2,1.0,4.39,Scooter,0,49.6,33.83
ORD103681,5.81,Low,Fog,Evening,Wed,Suburban,1.0,1,0.1,3.86,Scooter,0,89.2,37.77
ORD103682,3.78,High,Clear,Evening,Tue,Suburban,0.38,0,0.6,3.61,Motorcycle,0,43.7,24.39
ORD103683,1.81,Low,Rain,Afternoon,Fri,Urban,0.58,0,0.4,4.36,Motorcycle,0,64.1,17.37
ORD103684,4.6,High,Clear,Evening,Tue,Suburban,4.17,0,2.2,4.18,Electric_Two_Wheeler,1,67.6,33.75
ORD103685,5.48,Medium,Clear,Morning,Thu,Urban,2.07,1,3.7,3.94,Scooter,0,95.7,30.34
ORD103686,2.05,Severe,Clear,Evening,Mon,Rural,0.74,0,0.7,3.63,Motorcycle,1,22.1,29.29
ORD103687,1.49,Medium,Clear,Night,Mon,Suburban,1.57,0,3.0,3.23,Motorcycle,0,22.2,18.31
ORD103688,2.77,Low,Clear,Afternoon,Fri,Suburban,0.43,1,5.8,4.51,Electric_Two_Wheeler,1,51.6,15.35
ORD103689,8.05,Low,Clear,Evening,Sun,Suburban,0.41,1,2.4,4.2,Motorcycle,0,92.6,34.36
ORD103690,6.13,High,Clear,Afternoon,Thu,Urban,4.97,1,3.7,4.06,Motorcycle,1,12.0,50.42
ORD103691,2.9,Medium,Rain,Morning,Wed,Suburban,1.42,0,0.6,4.39,Scooter,0,34.9,22.2
ORD103692,2.17,High,Clear,Evening,Thu,Suburban,1.1,1,0.2,4.71,Motorcycle,1,35.5,30.24
ORD103693,3.76,Low,Clear,Morning,Sun,Urban,6.15,2,1.1,4.41,Scooter,0,37.4,29.6
ORD103694,1.74,Medium,Clear,Evening,Thu,Suburban,1.22,1,3.1,4.12,Scooter,0,12.2,10.07
ORD103695,4.29,Low,Rain,Morning,Sat,Urban,1.02,0,2.9,5.0,Scooter,0,84.3,26.12
ORD103696,3.4,Severe,Extreme_Heat,Night,Wed,Urban,0.84,2,7.8,4.05,Motorcycle,0,10.8,38.36
ORD103697,0.71,High,Clear,Afternoon,Wed,Urban,1.87,1,2.5,3.74,Scooter,0,53.0,23.24
ORD103698,3.0,Severe,Clear,Morning,Thu,Urban,1.83,0,1.3,4.34,Electric_Two_Wheeler,0,15.1,31.7
ORD103699,0.76,Low,Clear,Morning,Tue,Urban,0.23,1,4.0,4.2,Motorcycle,0,81.9,16.52
ORD103700,4.48,Medium,Extreme_Heat,Night,Sat,Suburban,2.32,3,0.4,4.68,Scooter,0,77.2,34.19
ORD103701,1.66,High,Fog,Evening,Tue,Urban,3.31,2,4.2,4.09,Motorcycle,1,74.9,40.89
ORD103702,1.17,Medium,Clear,Evening,Thu,Suburban,2.11,1,1.1,4.23,Scooter,1,76.3,18.94
ORD103703,3.22,High,Clear,Afternoon,Tue,Urban,4.28,0,0.4,3.95,Scooter,1,94.6,30.58
ORD103704,3.03,Severe,Clear,Afternoon,Wed,Urban,0.85,0,0.4,4.62,Motorcycle,1,47.5,37.65
ORD103705,4.58,High,Clear,Morning,Wed,Urban,0.63,1,10.3,4.36,Electric_Two_Wheeler,0,87.5,31.31
ORD103706,1.71,High,Rain,Evening,Tue,Urban,2.59,0,2.4,4.19,Motorcycle,1,26.6,36.55
ORD103707,8.64,Low,Clear,Morning,Wed,Suburban,0.62,0,0.5,4.24,Motorcycle,0,50.6,37.18
ORD103708,5.93,Low,Clear,Night,Mon,Suburban,0.39,0,0.8,4.29,Motorcycle,0,10.8,23.7
ORD103709,8.85,Severe,Rain,Evening,Wed,Urban,0.4,0,1.2,3.73,Scooter,0,35.6,59.27
ORD103710,3.32,Low,Fog,Afternoon,Thu,Urban,3.13,1,0.1,4.77,Motorcycle,0,51.2,25.58
ORD103711,2.02,High,Clear,Morning,Fri,Suburban,0.26,1,0.3,4.74,Motorcycle,0,91.8,20.2
ORD103712,10.18,High,Rain,Evening,Tue,Urban,0.88,0,3.6,4.32,Scooter,1,38.5,58.9
ORD103713,5.86,Medium,Clear,Morning,Sat,Urban,0.48,1,3.9,4.27,Electric_Two_Wheeler,0,70.5,38.41
ORD103714,3.16,Severe,Fog,Morning,Sun,Suburban,3.01,0,11.1,3.9,Motorcycle,0,85.1,30.51
ORD103715,3.67,Medium,Fog,Morning,Tue,Urban,1.6,1,0.2,4.99,Scooter,0,39.4,36.36
ORD103716,2.8,Medium,Clear,Evening,Sun,Rural,0.66,0,5.5,4.89,Electric_Two_Wheeler,1,25.2,21.93
ORD103717,6.82,Low,Rain,Evening,Sun,Suburban,2.98,0,1.0,4.46,Scooter,0,63.2,30.41
ORD103718,4.81,Medium,Fog,Afternoon,Wed,Urban,2.98,0,1.0,4.63,Electric_Two_Wheeler,1,35.6,41.86
ORD103719,5.2,Low,Clear,Morning,Wed,Urban,1.68,0,0.3,4.79,Scooter,0,68.7,26.48
ORD103720,1.9,Medium,Clear,Afternoon,Fri,Suburban,0.85,1,10.7,4.71,Motorcycle,0,22.1,15.53
ORD103721,3.46,High,Rain,Evening,Fri,Urban,1.97,0,9.9,3.96,Motorcycle,1,23.6,34.39
ORD103722,4.24,Severe,Clear,Morning,Sat,Rural,5.62,1,5.0,4.18,Motorcycle,0,70.8,34.51
ORD103723,1.25,Low,Clear,Morning,Thu,Suburban,0.31,0,0.2,4.49,Scooter,0,97.6,7.1
ORD103724,4.76,Medium,Fog,Night,Mon,Urban,0.82,1,4.6,4.38,Scooter,0,32.2,37.39
ORD103725,3.99,Severe,Rain,Night,Thu,Suburban,0.87,0,2.5,4.6,Scooter,0,74.3,37.88
ORD103726,6.46,Low,Clear,Night,Sat,Urban,2.2,2,0.3,4.56,Electric_Two_Wheeler,0,57.9,36.44
ORD103727,7.15,Low,Clear,Evening,Tue,Urban,2.31,1,0.8,4.4,Scooter,0,85.9,32.76
ORD103728,11.63,Low,Clear,Morning,Wed,Suburban,0.66,0,2.9,3.26,Motorcycle,0,45.0,38.93
ORD103729,4.16,Medium,Clear,Morning,Thu,Suburban,0.69,0,4.1,4.77,Motorcycle,0,97.5,19.72
ORD103730,3.0,Low,Clear,Afternoon,Sun,Suburban,5.47,0,4.7,4.64,Electric_Two_Wheeler,0,17.4,20.0
ORD103731,1.72,Severe,Rain,Afternoon,Wed,Urban,3.02,0,2.0,5.0,Scooter,0,98.6,29.02
ORD103732,1.53,Medium,Clear,Night,Wed,Suburban,5.64,2,1.9,4.11,Electric_Two_Wheeler,0,86.2,27.13
ORD103733,3.64,Medium,Clear,Evening,Thu,Urban,3.74,0,2.9,3.56,Scooter,0,88.0,24.42
ORD103734,1.44,Low,Clear,Evening,Thu,Suburban,1.23,1,3.8,4.23,Motorcycle,1,85.8,12.63
ORD103735,1.61,Medium,Extreme_Heat,Morning,Sun,Suburban,0.46,0,0.5,4.48,Motorcycle,0,87.6,15.97
ORD103736,3.72,High,Clear,Night,Sun,Suburban,2.19,0,3.4,4.12,Scooter,0,83.4,20.15
ORD103737,2.85,High,Clear,Evening,Fri,Suburban,1.07,0,1.0,4.85,Scooter,0,91.0,25.55
ORD103738,2.01,High,Clear,Morning,Sat,Suburban,1.31,0,1.2,4.04,Motorcycle,0,51.5,24.9
ORD103739,2.99,Medium,Clear,Night,Sat,Rural,1.31,0,0.2,4.26,Scooter,0,94.5,18.54
ORD103740,6.05,Severe,Clear,Afternoon,Sun,Rural,5.71,1,2.2,4.2,Electric_Two_Wheeler,0,44.6,45.0
ORD103741,4.82,High,Clear,Morning,Mon,Suburban,0.34,0,0.2,5.0,Scooter,0,75.6,30.46
ORD103742,6.98,High,Clear,Evening,Sun,Rural,0.63,1,6.1,3.94,Electric_Two_Wheeler,0,73.9,37.86
ORD103743,3.33,Low,Clear,Evening,Fri,Suburban,2.07,1,2.4,4.53,Motorcycle,1,83.9,24.92
ORD103744,2.8,Low,Clear,Morning,Mon,Suburban,4.5,0,11.6,3.82,Electric_Two_Wheeler,0,76.5,10.66
ORD103745,4.09,Low,Clear,Afternoon,Thu,Urban,5.2,0,0.7,4.44,Motorcycle,1,13.2,29.93
ORD103746,1.63,High,Clear,Night,Sat,Urban,1.84,0,2.8,3.92,Motorcycle,0,76.5,19.33
ORD103747,3.16,Medium,Clear,Evening,Sat,Suburban,0.27,1,8.3,4.74,Scooter,0,12.1,27.05
ORD103748,2.95,Medium,Clear,Evening,Mon,Urban,1.1,0,0.9,4.66,Motorcycle,1,58.0,24.19
ORD103749,16.06,High,Clear,Morning,Tue,Suburban,5.22,1,0.3,4.41,Scooter,0,85.5,70.13
ORD103750,7.81,High,Rain,Morning,Fri,Urban,1.59,1,2.5,3.74,Scooter,0,84.7,49.21
ORD103751,5.59,Severe,Clear,Afternoon,Fri,Urban,2.79,1,1.1,4.28,Motorcycle,0,85.7,40.01
ORD103752,4.92,Medium,Clear,Morning,Fri,Suburban,0.83,0,0.8,4.18,Motorcycle,0,64.2,26.12
ORD103753,9.62,High,Clear,Morning,Sat,Rural,0.25,0,12.6,4.63,Scooter,0,26.5,30.17
ORD103754,4.9,Low,Extreme_Heat,Morning,Wed,Urban,1.93,2,3.5,3.94,Motorcycle,0,55.7,39.12
ORD103755,2.24,Low,Fog,Evening,Sat,Suburban,3.8,1,1.7,4.76,Motorcycle,0,56.5,22.72
ORD103756,2.13,Low,Clear,Afternoon,Wed,Suburban,9.46,0,0.1,4.69,Scooter,0,39.2,15.0
ORD103757,6.15,Medium,Clear,Evening,Sat,Urban,3.95,1,0.5,3.75,Motorcycle,0,48.2,34.26
ORD103758,5.48,Medium,Clear,Morning,Thu,Urban,1.81,0,0.9,4.21,Motorcycle,0,88.5,29.67
ORD103759,4.88,High,Clear,Afternoon,Sat,Urban,2.08,1,1.7,4.28,Scooter,0,56.6,36.39
ORD103760,7.17,Low,Clear,Morning,Thu,Urban,3.68,0,1.7,4.7,Motorcycle,0,73.4,28.28
ORD103761,6.93,High,Rain,Afternoon,Wed,Urban,0.24,0,0.1,4.03,Motorcycle,1,54.6,42.5
ORD103762,1.11,Medium,Clear,Morning,Fri,Urban,6.26,0,7.2,4.38,Motorcycle,0,65.6,8.67
ORD103763,3.39,Low,Fog,Night,Wed,Urban,1.72,0,2.0,,Scooter,0,18.3,25.83
ORD103764,5.21,Medium,Clear,Evening,Mon,Suburban,6.28,0,0.0,4.4,Motorcycle,1,93.8,32.82
ORD103765,8.29,Low,Fog,Afternoon,Fri,Suburban,3.09,1,3.0,3.56,Scooter,0,49.2,42.74
ORD103766,5.72,Medium,Rain,Morning,Sat,Suburban,0.53,2,0.2,4.1,Scooter,0,77.3,43.07
ORD103767,6.2,Medium,Clear,Evening,Sat,Urban,0.56,0,3.2,4.66,Scooter,1,70.0,30.73
ORD103768,1.79,Low,Clear,Evening,Sat,Suburban,1.07,1,3.0,4.61,Electric_Two_Wheeler,1,81.9,16.14
ORD103769,1.36,Low,Clear,Morning,Sat,Suburban,0.81,0,10.5,3.4,Motorcycle,0,13.1,7.13
ORD103770,4.75,Medium,Clear,Evening,Sat,Urban,1.36,0,1.0,4.38,Scooter,1,94.2,36.46
ORD103771,2.77,Severe,Clear,Evening,Wed,Rural,2.05,0,0.4,4.68,Scooter,0,84.7,37.86
ORD103772,5.29,Medium,Clear,Evening,Sun,Suburban,1.35,0,0.2,4.52,Scooter,0,85.0,22.01
ORD103773,2.44,High,Clear,Evening,Thu,Suburban,0.32,0,0.2,4.56,Scooter,1,52.0,30.99
ORD103774,2.72,High,Extreme_Heat,Night,Sun,Suburban,7.63,1,4.2,5.0,Motorcycle,0,81.7,30.32
ORD103775,6.09,Severe,Clear,Night,Wed,Urban,1.31,0,3.2,4.28,Motorcycle,0,61.8,44.37
ORD103776,3.86,High,Extreme_Heat,Afternoon,Tue,Urban,4.01,1,9.3,4.42,Electric_Two_Wheeler,1,55.3,32.77
ORD103777,2.35,Medium,Clear,Evening,Sun,Urban,0.35,1,0.9,3.92,Electric_Two_Wheeler,0,80.6,25.9
ORD103778,3.5,High,Rain,Evening,Wed,Urban,3.52,1,4.1,4.05,Motorcycle,0,66.5,28.43
ORD103779,5.57,High,,Evening,Fri,Urban,0.58,1,0.2,4.17,Scooter,0,16.9,36.08
ORD103780,3.66,Medium,Clear,Night,Sat,Suburban,2.48,0,5.9,4.64,Scooter,0,38.3,18.42
ORD103781,5.17,Medium,Fog,Morning,Wed,Urban,2.37,0,0.1,4.0,Motorcycle,0,66.0,34.5
ORD103782,3.21,Low,Clear,Afternoon,Sun,Rural,5.01,0,3.9,4.79,Motorcycle,1,91.3,18.18
ORD103783,7.87,High,Rain,Afternoon,Thu,Suburban,0.97,0,0.9,3.86,Motorcycle,0,94.0,42.89
ORD103784,3.46,High,Clear,Afternoon,Sun,Urban,0.43,0,0.5,4.56,Electric_Two_Wheeler,1,85.5,31.02
ORD103785,2.65,Low,Clear,Morning,Sat,Urban,4.2,0,3.0,4.52,Electric_Two_Wheeler,0,32.9,13.81
ORD103786,9.11,Medium,Clear,Evening,Sun,Urban,1.01,1,5.7,4.4,Scooter,1,52.6,48.27
ORD103787,3.87,Medium,Rain,Morning,Mon,Rural,0.73,0,3.6,4.69,Scooter,0,49.0,25.41
ORD103788,5.12,Low,Clear,Evening,Tue,Suburban,1.53,0,0.9,4.0,Motorcycle,1,49.5,29.42
ORD103789,2.63,Severe,Rain,Evening,Fri,Urban,0.52,1,1.1,4.11,Motorcycle,1,14.5,45.08
ORD103790,5.03,Low,Fog,Afternoon,Thu,Rural,0.9,2,0.5,3.91,Scooter,0,25.6,38.39
ORD103791,5.56,Low,Clear,Afternoon,Tue,Suburban,1.17,1,4.3,4.3,Motorcycle,1,23.8,30.39
ORD103792,2.24,Medium,Clear,Evening,Wed,Urban,0.85,0,0.3,4.25,Motorcycle,0,65.6,21.92
ORD103793,6.41,High,Rain,Evening,Tue,Suburban,1.4,1,5.8,4.64,Motorcycle,0,47.1,41.24
ORD103794,3.59,Low,Clear,Night,Sat,Suburban,1.17,2,2.3,4.45,Scooter,0,39.2,20.55
ORD103795,6.41,High,Clear,Night,Sat,Urban,3.18,0,2.2,4.58,Electric_Two_Wheeler,0,50.0,37.34
ORD103796,2.4,Medium,Clear,Night,Mon,Suburban,5.21,0,4.5,4.22,Motorcycle,0,39.2,24.2
ORD103797,2.73,Low,Clear,Evening,Tue,Urban,0.41,0,2.8,4.46,Scooter,1,78.2,15.38
ORD103798,4.26,Low,Clear,Night,Sun,Urban,3.67,0,0.9,5.0,Motorcycle,0,25.0,23.04
ORD103799,2.12,Medium,Clear,Evening,Tue,Urban,5.57,3,1.1,3.76,Motorcycle,0,15.1,30.58
ORD103800,4.35,Low,Rain,Night,Sat,Rural,2.52,0,0.5,3.56,Electric_Two_Wheeler,0,68.6,24.58
ORD103801,4.78,Severe,Clear,Morning,Wed,Suburban,11.46,1,1.6,4.55,Scooter,0,30.8,39.78
ORD103802,4.26,High,Clear,Night,Wed,Urban,1.02,0,0.3,3.96,Electric_Two_Wheeler,0,67.9,31.54
ORD103803,4.08,Severe,Extreme_Heat,Afternoon,Fri,Urban,3.75,0,2.6,3.75,Scooter,1,15.3,46.58
ORD103804,1.86,Low,Rain,Evening,Sun,Urban,2.44,1,0.5,4.51,Motorcycle,0,32.2,17.21
ORD103805,1.48,Severe,Fog,Morning,Sun,Suburban,0.98,0,5.0,3.9,Motorcycle,0,23.8,33.26
ORD103806,3.73,Medium,Clear,Afternoon,Wed,Urban,2.64,1,3.0,4.92,Scooter,0,36.2,24.97
ORD103807,1.17,Medium,Rain,Afternoon,Tue,Suburban,1.63,0,5.6,4.36,Motorcycle,1,39.6,21.53
ORD103808,1.06,Low,Clear,Afternoon,Mon,Rural,0.62,0,0.2,4.22,Electric_Two_Wheeler,1,54.6,13.58
ORD103809,2.71,Low,Clear,Morning,Wed,Suburban,0.58,1,4.0,3.97,Motorcycle,0,56.8,19.98
ORD103810,2.1,High,Clear,Evening,Sun,Urban,2.7,1,5.3,4.39,Motorcycle,1,66.7,30.6
ORD103811,4.89,Medium,Clear,Morning,Sun,Urban,2.69,1,0.1,3.66,Scooter,0,39.8,27.56
ORD103812,3.73,Low,Fog,Afternoon,Sat,Urban,1.71,1,15.0,3.31,Scooter,1,57.9,32.89
ORD103813,4.76,Medium,Clear,Morning,Sat,Suburban,1.59,0,0.9,3.68,Scooter,0,99.1,24.3
ORD103814,6.36,Low,Rain,Evening,Fri,Suburban,0.6,1,0.6,4.75,Electric_Two_Wheeler,1,29.0,38.03
ORD103815,7.94,Medium,Rain,Afternoon,Fri,Suburban,1.32,2,1.3,3.93,Motorcycle,0,23.7,43.19
ORD103816,5.91,Medium,Clear,Afternoon,Tue,Urban,4.3,1,0.0,3.73,Electric_Two_Wheeler,1,85.8,42.15
ORD103817,4.19,High,Clear,Afternoon,Wed,Suburban,4.06,1,5.4,4.26,Scooter,1,46.9,32.77
ORD103818,1.99,High,Clear,Evening,Wed,Urban,2.36,0,0.8,5.0,Motorcycle,1,86.2,29.72
ORD103819,7.52,Medium,Clear,Morning,Fri,Urban,12.07,1,1.8,4.74,Scooter,0,48.2,40.48
ORD103820,1.75,Medium,Clear,Morning,Wed,Suburban,4.67,1,2.4,3.98,Motorcycle,0,12.0,26.47
ORD103821,6.46,Medium,Extreme_Heat,Morning,Tue,Urban,0.51,1,3.9,3.97,Scooter,0,43.7,46.59
ORD103822,8.45,High,Clear,Night,Mon,Suburban,1.22,0,0.7,3.98,Scooter,0,64.9,42.69
ORD103823,4.95,Medium,Clear,Afternoon,Sat,Suburban,0.48,0,3.2,3.94,Motorcycle,0,50.3,28.37
ORD103824,2.03,Low,Fog,Evening,Tue,Suburban,1.46,0,0.3,4.52,Scooter,1,51.3,23.74
ORD103825,2.83,Low,Clear,Morning,Wed,Urban,3.2,2,3.0,4.17,Motorcycle,0,99.8,20.27
ORD103826,4.43,Medium,Rain,Afternoon,Tue,Urban,0.54,0,6.3,3.85,Motorcycle,1,59.0,38.41
ORD103827,2.33,Medium,Clear,Morning,Sat,Urban,4.45,1,0.2,3.77,Motorcycle,0,72.7,22.22
ORD103828,4.15,High,Clear,Morning,Thu,Urban,1.88,0,0.3,5.0,Electric_Two_Wheeler,0,74.9,25.3
ORD103829,4.9,Low,Clear,Afternoon,Sun,Rural,2.96,1,2.0,4.6,Scooter,1,10.0,28.96
ORD103830,5.2,Medium,Clear,Afternoon,Sat,Suburban,0.29,0,0.1,3.96,Motorcycle,0,59.7,22.18
ORD103831,2.81,High,Clear,Morning,Sun,Urban,0.4,0,0.5,4.78,Motorcycle,0,96.7,24.25
ORD103832,3.86,High,Rain,Evening,Sat,Rural,2.14,1,0.5,3.84,Motorcycle,0,77.6,37.85
ORD103833,4.31,Medium,Clear,Night,Thu,Suburban,3.84,0,1.6,4.25,Scooter,0,40.6,27.47
ORD103834,1.32,Medium,Extreme_Heat,Afternoon,Wed,Urban,4.34,0,0.7,4.2,Motorcycle,0,42.8,18.34
ORD103835,2.74,Medium,Clear,Evening,Wed,Urban,2.53,0,1.6,4.37,Scooter,1,37.3,28.49
ORD103836,4.02,Severe,Clear,Night,Mon,Urban,0.65,0,1.8,3.92,Scooter,0,66.7,34.23
ORD103837,4.87,Low,Clear,Evening,Sat,Rural,0.63,4,3.3,4.35,Scooter,0,18.8,39.12
ORD103838,8.92,Severe,Extreme_Heat,Afternoon,Tue,Urban,4.46,2,7.3,3.6,Scooter,0,36.1,58.93
ORD103839,4.62,High,Clear,Evening,Mon,Suburban,0.44,0,1.8,4.15,Scooter,1,54.8,31.1
ORD103840,1.7,Medium,Clear,Morning,Wed,Urban,2.52,1,1.1,4.83,Scooter,0,58.2,17.7
ORD103841,2.22,Low,Fog,Afternoon,Wed,Suburban,1.73,1,0.7,4.71,Scooter,1,64.7,26.75
ORD103842,6.68,Medium,Clear,Afternoon,Fri,Urban,1.29,1,2.5,4.02,Scooter,1,81.8,43.09
ORD103843,10.91,Medium,Fog,Morning,Mon,Rural,1.36,0,7.2,3.69,Scooter,0,24.7,48.24
ORD103844,1.95,Low,Clear,Afternoon,Wed,Rural,6.01,1,3.6,3.43,Motorcycle,0,30.3,14.03
ORD103845,2.68,High,Rain,Morning,Thu,Urban,4.15,0,0.6,4.55,Scooter,0,88.5,31.34
ORD103846,11.21,Severe,Extreme_Heat,Evening,Sun,Suburban,4.2,1,5.6,4.41,Scooter,1,84.8,61.87
ORD103847,9.61,Medium,Rain,Afternoon,Fri,Suburban,1.24,0,3.3,4.45,Scooter,0,83.9,44.94
ORD103848,5.49,High,Clear,Afternoon,Tue,Rural,0.43,0,0.3,4.98,Scooter,0,28.8,35.03
ORD103849,2.72,Low,Clear,Morning,Sun,Urban,12.47,2,3.1,4.36,Scooter,0,15.2,32.61
ORD103850,1.9,Medium,Extreme_Heat,Morning,Fri,Urban,0.51,3,0.9,4.39,Scooter,0,57.1,26.46
ORD103851,2.59,Low,Clear,Evening,Sat,Suburban,1.65,1,1.7,3.74,Motorcycle,0,88.3,15.53
ORD103852,3.04,Medium,Clear,Night,Sat,Suburban,0.81,0,0.9,4.95,Motorcycle,0,31.4,30.01
ORD103853,3.13,Severe,Rain,Morning,Tue,Urban,1.63,0,0.2,4.23,Electric_Two_Wheeler,0,91.4,40.43
ORD103854,1.31,High,Clear,Afternoon,Thu,Suburban,0.93,0,3.7,3.97,Motorcycle,1,22.7,27.61
ORD103855,2.13,Low,Clear,Night,Tue,Urban,4.74,1,4.4,4.38,Motorcycle,0,36.8,20.65
ORD103856,4.09,Medium,Clear,Morning,Mon,Suburban,7.11,0,0.7,5.0,Scooter,0,36.8,20.13
ORD103857,2.66,Medium,Clear,Night,Sun,Urban,1.26,0,0.7,5.0,Motorcycle,0,23.6,21.55
ORD103858,1.66,Medium,Clear,Afternoon,Tue,Urban,0.35,0,1.4,3.91,Scooter,0,88.6,16.03
ORD103859,2.0,High,Rain,Afternoon,Tue,Urban,2.38,0,4.2,4.77,Motorcycle,1,47.1,37.23
ORD103860,3.36,High,Clear,Afternoon,Fri,Urban,1.15,3,0.2,4.43,Scooter,1,27.2,48.69
ORD103861,1.46,Medium,Fog,Afternoon,Thu,Urban,8.73,1,4.1,4.7,Motorcycle,0,23.3,24.85
ORD103862,8.12,Medium,Fog,Afternoon,Tue,Urban,0.39,0,6.4,4.41,Electric_Two_Wheeler,1,47.9,60.72
ORD103863,1.52,Low,Rain,Night,Mon,Urban,0.45,0,2.1,4.55,Electric_Two_Wheeler,0,11.6,19.22
ORD103864,5.75,Low,Clear,Evening,Fri,Urban,2.6,1,0.2,4.83,Scooter,1,20.9,36.95
ORD103865,10.8,Medium,Rain,Evening,Thu,Suburban,3.04,1,0.8,,Scooter,1,10.3,51.21
ORD103866,1.62,Medium,Clear,Evening,Thu,Urban,1.47,1,0.3,4.44,Motorcycle,0,12.2,24.4
ORD103867,1.85,High,Clear,Afternoon,Wed,Urban,0.85,1,0.8,3.83,Motorcycle,0,99.8,17.92
ORD103868,3.39,High,Rain,Evening,Sat,Suburban,0.94,0,4.2,4.11,Motorcycle,0,50.4,29.58
ORD103869,2.85,Low,Clear,Afternoon,Sun,Rural,1.02,3,0.1,4.3,Motorcycle,1,75.6,27.21
ORD103870,6.81,Medium,Extreme_Heat,Evening,Mon,Suburban,0.71,0,0.8,3.9,Motorcycle,0,76.3,35.32
ORD103871,3.25,Low,Clear,Afternoon,Sat,Urban,4.0,0,1.8,4.07,Electric_Two_Wheeler,1,89.2,22.53
ORD103872,2.11,Low,Rain,Evening,Fri,Suburban,0.33,3,5.2,3.74,Motorcycle,0,19.3,31.1
ORD103873,5.98,High,Clear,Night,Fri,Rural,1.25,1,0.7,4.06,Motorcycle,0,57.3,38.0
ORD103874,3.05,Low,Extreme_Heat,Afternoon,Mon,Urban,2.95,0,3.8,4.5,Motorcycle,0,39.0,15.33
ORD103875,2.07,Medium,Clear,Morning,Thu,Rural,0.21,0,2.2,4.65,Motorcycle,0,59.4,14.03
ORD103876,2.3,Low,Clear,Afternoon,Tue,Urban,4.41,2,2.8,3.99,Motorcycle,1,39.9,22.51
ORD103877,1.59,High,Clear,Afternoon,Mon,Urban,2.65,0,4.9,4.83,Motorcycle,1,26.5,21.01
ORD103878,0.94,Medium,Clear,Evening,Fri,Urban,0.35,0,0.1,4.53,Electric_Two_Wheeler,0,70.6,19.5
ORD103879,1.68,Low,Clear,Night,Sat,Suburban,4.71,1,1.9,4.87,Motorcycle,0,13.5,11.98
ORD103880,3.3,Medium,Clear,Afternoon,Sun,Urban,1.54,0,3.4,3.59,Scooter,1,90.6,22.94
ORD103881,3.0,High,Clear,Afternoon,Mon,Urban,2.31,0,5.4,4.42,Motorcycle,1,23.2,35.83
ORD103882,1.38,Severe,Clear,Evening,Thu,Urban,4.47,1,0.4,4.54,Motorcycle,0,65.4,29.87
ORD103883,2.14,Low,Clear,Morning,Sun,Urban,4.46,0,1.0,3.61,Scooter,0,77.9,13.07
ORD103884,5.49,High,Fog,Afternoon,Sun,Urban,1.25,0,0.2,5.0,Motorcycle,1,16.6,50.78
ORD103885,5.21,Severe,Rain,Night,Sun,Suburban,0.74,0,4.5,4.05,Motorcycle,0,91.3,38.72
ORD103886,3.94,Severe,Rain,Evening,Wed,Urban,0.8,1,4.9,4.52,Motorcycle,1,42.1,45.88
ORD103887,1.79,Medium,,Morning,Sun,Rural,3.1,0,1.7,4.67,Motorcycle,0,99.7,18.15
ORD103888,6.77,Medium,Clear,Morning,Wed,Urban,5.5,1,0.1,4.34,Motorcycle,0,16.2,43.24
ORD103889,3.41,Medium,Clear,Evening,Tue,Urban,0.35,1,0.3,4.85,Electric_Two_Wheeler,1,74.5,32.7
ORD103890,2.29,High,Clear,Evening,Tue,Urban,0.23,0,2.4,5.0,Scooter,1,24.5,25.31
ORD103891,1.83,Medium,Fog,Evening,Sun,Urban,3.66,1,10.1,3.86,Scooter,0,46.2,24.06
ORD103892,5.81,High,Extreme_Heat,Afternoon,Thu,Urban,1.18,1,4.6,4.35,Scooter,1,49.9,48.1
ORD103893,0.65,Medium,Clear,Night,Sat,Suburban,0.85,3,4.0,4.67,Motorcycle,0,46.6,13.48
ORD103894,4.5,High,Clear,Evening,Tue,Suburban,0.62,1,1.4,3.65,Scooter,0,40.4,32.93
ORD103895,2.75,High,Clear,Evening,Wed,Urban,1.05,0,10.5,4.73,Scooter,0,79.0,23.55
ORD103896,7.32,Low,Clear,Evening,Thu,Urban,7.31,0,4.4,4.98,Motorcycle,1,83.8,34.0
ORD103897,13.08,High,Clear,Morning,Sun,Urban,7.75,0,1.0,4.81,Scooter,0,40.2,65.01
ORD103898,2.3,Medium,Clear,Night,Thu,Suburban,1.01,0,3.5,4.48,Motorcycle,0,53.4,15.95
ORD103899,6.83,High,Extreme_Heat,Morning,Thu,Suburban,6.83,1,1.4,4.92,Motorcycle,0,48.0,49.08
ORD103900,4.64,Medium,Clear,Afternoon,Mon,Urban,0.91,1,2.7,4.44,Motorcycle,1,63.4,32.42
ORD103901,4.33,Medium,Extreme_Heat,Evening,Sat,Urban,4.05,1,8.8,3.77,Scooter,1,23.5,35.75
ORD103902,1.4,Severe,Rain,Evening,Sun,Rural,0.68,0,0.7,4.09,Motorcycle,0,82.5,26.74
ORD103903,2.61,Low,Rain,Evening,Sat,Urban,3.7,1,4.0,4.2,Scooter,1,81.7,28.65
ORD103904,6.66,High,Rain,Afternoon,Tue,Urban,1.07,1,2.2,4.27,Electric_Two_Wheeler,1,63.1,55.08
ORD103905,7.89,Medium,Rain,Afternoon,Sat,Urban,0.64,0,7.5,4.26,Electric_Two_Wheeler,0,77.2,39.82
ORD103906,9.47,Medium,Rain,Night,Fri,Suburban,5.66,2,0.4,4.16,Scooter,0,99.0,56.2
ORD103907,2.62,Medium,Rain,Morning,Wed,Rural,0.68,1,3.2,4.39,Scooter,0,93.0,28.23
ORD103908,5.12,Medium,Clear,Night,Tue,Rural,9.82,0,0.1,4.9,Scooter,0,65.0,26.81
ORD103909,2.69,Medium,Extreme_Heat,Morning,Sun,Suburban,0.43,0,0.7,4.39,Scooter,0,56.0,20.23
ORD103910,4.11,Low,Rain,Evening,Sat,Urban,0.22,0,1.0,4.55,Motorcycle,0,58.1,16.43
ORD103911,5.07,Low,Rain,Morning,Wed,Urban,4.29,2,1.4,3.42,Motorcycle,0,52.0,34.51
ORD103912,2.76,Low,Fog,Evening,Sun,Urban,1.97,1,8.4,4.35,Scooter,0,53.2,27.92
ORD103913,5.33,Severe,Clear,Night,Sun,Rural,1.3,0,0.2,4.73,Motorcycle,0,75.9,35.1
ORD103914,3.29,Severe,Clear,Afternoon,Tue,Suburban,0.37,1,0.5,4.8,Electric_Two_Wheeler,0,99.3,36.97
ORD103915,3.62,Medium,Clear,Evening,Fri,Urban,1.91,0,0.6,4.76,Motorcycle,1,14.1,28.21
ORD103916,1.41,High,Clear,Evening,Wed,Urban,1.2,2,1.4,4.42,Scooter,0,30.7,21.97
ORD103917,2.52,Medium,Fog,Evening,Fri,Urban,1.52,0,0.2,4.47,Motorcycle,1,28.9,34.31
ORD103918,2.55,High,Clear,Night,Wed,Rural,2.19,0,8.4,4.03,Motorcycle,0,85.0,14.85
ORD103919,13.8,High,Clear,Afternoon,Mon,Urban,2.24,1,2.1,4.64,Electric_Two_Wheeler,0,47.8,66.12
ORD103920,2.2,Severe,Clear,Morning,Sun,Urban,6.67,3,4.2,4.03,Scooter,0,57.3,41.04
ORD103921,3.58,Medium,Clear,Morning,Mon,Urban,2.33,0,3.7,4.57,Scooter,0,52.2,19.3
ORD103922,2.23,High,Rain,Morning,Wed,Urban,1.03,1,2.7,4.32,Motorcycle,0,86.8,36.53
ORD103923,3.3,Low,Fog,Morning,Wed,Rural,1.0,0,5.9,4.31,Motorcycle,0,55.0,26.94
ORD103924,4.06,Severe,Clear,Evening,Fri,Rural,1.5,0,5.8,4.7,Motorcycle,1,70.1,33.08
ORD103925,1.95,Low,Clear,Morning,Sun,Rural,0.8,0,0.3,4.52,Scooter,0,11.8,10.57
ORD103926,6.38,Medium,Clear,Morning,Sat,Suburban,1.14,1,5.8,4.41,Motorcycle,0,68.7,29.84
ORD103927,2.01,High,Clear,Morning,Sun,Suburban,3.89,1,1.9,4.1,Scooter,0,31.7,27.76
ORD103928,1.29,High,Clear,Evening,Thu,Suburban,4.13,1,0.8,4.94,Scooter,0,88.0,23.77
ORD103929,3.85,Low,Extreme_Heat,Evening,Wed,Urban,2.18,1,2.3,4.43,Motorcycle,1,77.6,32.82
ORD103930,11.07,Severe,Clear,Afternoon,Tue,Suburban,1.95,0,0.8,4.6,Scooter,0,19.8,62.25
ORD103931,1.07,Low,Clear,Night,Tue,Urban,1.31,0,1.6,4.33,Scooter,0,19.3,8.36
ORD103932,1.53,Medium,Clear,Morning,Tue,Suburban,2.22,0,4.2,4.02,Motorcycle,0,36.4,14.88
ORD103933,6.07,Low,Rain,Night,Mon,Urban,3.48,2,0.1,4.44,Motorcycle,0,21.3,40.77
ORD103934,2.19,Medium,Rain,Evening,Sat,Urban,2.88,0,0.5,4.06,Scooter,0,76.6,25.01
ORD103935,4.22,Medium,Rain,Morning,Fri,Suburban,0.27,2,7.8,4.48,Motorcycle,0,98.8,37.03
ORD103936,7.06,Medium,Clear,Evening,Sat,Rural,2.83,0,1.5,2.99,Scooter,0,69.0,27.59
ORD103937,5.82,Low,Fog,Evening,Mon,Urban,2.75,1,0.9,4.14,Scooter,0,32.4,35.7
ORD103938,4.04,Low,Clear,Afternoon,Sat,Urban,0.41,1,6.4,4.29,Motorcycle,0,60.8,18.3
ORD103939,4.09,Medium,Clear,Night,Sat,Rural,0.53,0,6.1,3.92,Scooter,0,82.5,24.26
ORD103940,4.04,High,Clear,Morning,Sun,Suburban,3.3,1,0.1,4.45,Electric_Two_Wheeler,0,96.6,30.85
ORD103941,4.49,High,Clear,Afternoon,Tue,Urban,1.84,0,1.1,4.13,Scooter,1,10.5,33.24
ORD103942,8.14,Low,,Morning,Wed,Suburban,3.65,0,6.1,4.3,Motorcycle,0,57.1,41.52
ORD103943,1.74,Medium,Extreme_Heat,Morning,Tue,Urban,0.61,1,0.5,4.08,Motorcycle,0,50.8,17.06
ORD103944,1.59,Low,Clear,Morning,Sat,Urban,0.26,3,2.2,4.69,Electric_Two_Wheeler,0,47.3,16.44
ORD103945,5.33,Low,Fog,Night,Wed,Suburban,0.55,1,1.0,4.52,Scooter,0,55.3,32.66
ORD103946,2.4,High,Rain,Morning,Sun,Urban,1.41,0,3.3,4.42,Electric_Two_Wheeler,0,46.3,26.65
ORD103947,9.22,Medium,Extreme_Heat,Afternoon,Fri,Urban,1.68,0,0.4,4.32,Electric_Two_Wheeler,0,41.0,46.73
ORD103948,4.33,Low,Clear,Afternoon,Thu,Urban,4.1,0,2.3,5.0,Scooter,0,20.3,14.47
ORD103949,9.89,Low,Clear,Night,Wed,Urban,2.72,1,0.0,4.24,Motorcycle,0,55.0,45.8
ORD103950,5.75,Low,Clear,Night,Mon,Urban,9.49,0,0.7,4.02,Scooter,0,83.9,33.04
ORD103951,3.1,High,Fog,Evening,Tue,Urban,0.36,1,0.4,3.83,Motorcycle,0,19.4,36.27
ORD103952,3.78,Severe,Clear,Night,Sun,Urban,0.48,0,0.6,4.66,Motorcycle,0,76.5,34.05
ORD103953,6.75,Low,Clear,Evening,Sun,Urban,0.38,1,4.9,4.95,Scooter,1,34.1,34.28
ORD103954,1.33,Low,Clear,Night,Tue,Urban,1.75,1,6.2,3.96,Motorcycle,0,44.3,13.1
ORD103955,7.0,High,Clear,Evening,Sat,Urban,0.82,0,3.5,4.19,Scooter,0,98.9,35.29
ORD103956,3.62,Severe,Rain,Morning,Sat,Suburban,2.5,1,2.2,4.16,Motorcycle,0,70.8,38.11
ORD103957,3.28,Medium,Fog,Afternoon,Sat,Suburban,0.48,0,0.7,4.25,Scooter,0,74.7,27.44
ORD103958,12.74,Low,Rain,Evening,Sun,Urban,0.42,2,0.8,3.59,Motorcycle,0,64.2,65.22
ORD103959,8.19,Low,Fog,Afternoon,Sat,Suburban,1.43,0,0.9,4.62,Scooter,1,39.0,44.56
ORD103960,2.14,Medium,Clear,Afternoon,Tue,Rural,1.14,0,3.8,4.78,Scooter,0,70.8,12.9
ORD103961,4.56,Medium,Clear,Evening,Wed,Rural,3.73,0,0.7,3.54,Motorcycle,1,51.2,28.91
ORD103962,1.95,Low,Clear,Night,Fri,Urban,3.83,0,9.1,5.0,Scooter,0,84.9,10.5
ORD103963,5.08,Medium,Clear,Morning,Wed,Suburban,0.45,1,4.0,4.95,Motorcycle,0,61.4,24.11
ORD103964,11.33,Low,Clear,Evening,Mon,Urban,3.55,1,15.0,3.07,Electric_Two_Wheeler,1,79.4,41.83
ORD103965,9.16,High,Rain,Evening,Tue,Urban,1.86,0,1.5,3.43,Scooter,1,86.4,59.8
ORD103966,4.95,Medium,Clear,Night,Wed,Urban,1.6,1,2.2,4.25,Motorcycle,0,83.9,29.56
ORD103967,4.6,Low,Rain,Night,Tue,Urban,0.4,3,0.8,4.83,Scooter,0,46.2,35.07
ORD103968,3.45,Medium,Clear,Evening,Sun,Urban,2.89,1,2.3,4.42,Scooter,1,43.2,35.2
ORD103969,11.83,Medium,Clear,Afternoon,Mon,Suburban,0.32,0,9.1,4.31,Scooter,0,88.2,48.66
ORD103970,6.34,Severe,Clear,Morning,Sun,Suburban,0.85,0,0.1,4.53,Electric_Two_Wheeler,0,22.9,45.69
ORD103971,2.86,Medium,Clear,Afternoon,Thu,Urban,0.4,0,0.9,3.98,Scooter,1,35.1,25.6
ORD103972,4.07,Low,Clear,Evening,Thu,Urban,1.71,0,0.8,4.81,Electric_Two_Wheeler,0,20.9,10.1
ORD103973,4.2,High,Clear,Night,Thu,Urban,2.27,1,10.1,4.26,Electric_Two_Wheeler,0,13.8,35.7
ORD103974,2.22,Low,Clear,Evening,Tue,Urban,4.63,4,0.4,3.65,Scooter,1,65.4,29.83
ORD103975,4.22,Severe,Clear,Morning,Wed,Rural,2.85,0,4.2,3.98,Motorcycle,0,91.1,29.86
ORD103976,5.33,Medium,Clear,Evening,Tue,Suburban,6.69,1,0.8,4.45,Motorcycle,0,21.6,33.63
ORD103977,2.0,Medium,Rain,Afternoon,Sun,Rural,3.06,3,4.9,4.18,Scooter,1,81.6,41.56
ORD103978,7.18,Low,Rain,Morning,Fri,Suburban,0.91,2,1.7,4.14,Scooter,0,44.1,45.59
ORD103979,2.47,Medium,Clear,Morning,Sun,Urban,1.79,1,0.7,4.38,Scooter,0,65.6,22.61
ORD103980,2.89,High,Rain,Morning,Wed,Urban,1.42,0,3.1,4.44,Motorcycle,0,78.7,32.58
ORD103981,2.43,High,Rain,Evening,Sun,Urban,1.87,1,4.6,3.81,Motorcycle,0,73.9,28.01
ORD103982,2.14,Low,Rain,Afternoon,Sun,Urban,1.9,0,1.6,4.79,Scooter,0,22.3,13.88
ORD103983,7.96,Low,Clear,Afternoon,Mon,Suburban,2.62,0,3.1,4.25,Scooter,0,20.4,33.05
ORD103984,8.83,High,Clear,Night,Sat,Urban,0.37,1,0.5,4.47,Electric_Two_Wheeler,0,93.2,50.84
ORD103985,2.61,Severe,Rain,Afternoon,Thu,Urban,2.95,0,6.9,4.34,Scooter,1,17.2,37.26
ORD103986,7.42,Low,Clear,Morning,Wed,Suburban,0.51,1,0.3,4.14,Motorcycle,0,29.7,32.24
ORD103987,1.42,Medium,Extreme_Heat,Afternoon,Wed,Suburban,0.25,0,0.6,4.66,Scooter,0,49.5,19.17
ORD103988,3.17,Medium,Fog,Morning,Thu,Urban,1.66,1,0.9,4.33,Motorcycle,0,83.9,35.39
ORD103989,1.69,High,Clear,Morning,Sun,Suburban,1.94,1,0.4,4.33,Electric_Two_Wheeler,0,64.2,25.61
ORD103990,12.42,Low,Clear,Morning,Mon,Urban,0.27,1,1.3,3.3,Scooter,0,61.4,52.16
ORD103991,8.11,Low,Clear,Evening,Tue,Urban,1.65,1,1.5,4.63,Scooter,0,72.3,35.17
ORD103992,1.23,High,Clear,Morning,Tue,Urban,1.73,0,1.8,4.23,Motorcycle,0,82.2,19.13
ORD103993,2.23,Low,Clear,Afternoon,Sun,Urban,0.31,3,0.1,4.6,Scooter,1,30.9,31.98
ORD103994,3.23,Medium,Clear,Night,Sun,Suburban,2.69,0,0.6,4.96,Scooter,0,11.7,24.7
ORD103995,3.67,Medium,Clear,Afternoon,Sat,Urban,0.67,0,4.1,4.63,Motorcycle,1,21.4,31.71
ORD103996,1.6,Medium,Clear,Night,Wed,Suburban,3.36,0,4.2,4.32,Scooter,0,24.9,13.6
ORD103997,5.99,Medium,Extreme_Heat,Afternoon,Thu,Suburban,0.94,0,1.0,4.19,Scooter,0,13.6,29.67
ORD103998,7.41,Medium,Clear,Afternoon,Sun,Urban,1.5,1,1.5,5.0,Motorcycle,1,77.3,47.87
ORD103999,4.73,Low,Extreme_Heat,Evening,Sun,Suburban,4.65,0,0.5,4.49,Motorcycle,0,89.6,23.75
ORD104000,4.52,Medium,Extreme_Heat,Morning,Fri,Urban,3.48,0,4.3,4.38,Scooter,0,74.0,23.5
ORD104001,2.43,High,Clear,Morning,Mon,Urban,3.25,1,7.8,4.23,Motorcycle,0,27.0,26.43
ORD104002,3.12,High,Rain,Evening,Tue,Suburban,0.55,0,0.9,3.94,Motorcycle,0,64.6,34.87
ORD104003,4.38,Low,Clear,Afternoon,Mon,Suburban,0.3,1,3.8,3.52,Motorcycle,1,56.9,27.97
ORD104004,4.68,Low,Rain,Evening,Mon,Urban,2.06,0,1.1,4.91,Scooter,0,83.8,32.86
ORD104005,3.84,Low,Clear,Night,Sat,Rural,1.26,0,0.0,3.99,Scooter,0,94.8,14.57
ORD104006,7.0,Medium,Clear,Afternoon,Mon,Urban,5.0,0,2.3,4.22,Motorcycle,1,76.9,36.82
ORD104007,5.3,Medium,Clear,Evening,Thu,Rural,1.06,0,1.3,4.26,Motorcycle,1,56.1,31.24
ORD104008,7.47,High,Clear,Afternoon,Sat,Urban,1.26,0,3.6,4.87,Motorcycle,1,56.0,44.24
ORD104009,4.12,Low,Clear,Night,Sun,Urban,1.69,0,3.5,3.99,Scooter,0,82.7,23.32
ORD104010,4.11,Low,Clear,Evening,Thu,Urban,3.38,0,7.3,4.4,Motorcycle,0,21.0,18.64
ORD104011,6.6,Medium,Clear,Night,Sat,Urban,0.82,0,1.4,4.5,Motorcycle,0,23.8,36.94
ORD104012,2.0,High,Clear,Afternoon,Thu,Suburban,5.89,0,1.6,3.75,Scooter,1,40.9,28.19
ORD104013,16.96,Low,Clear,Evening,Sat,Suburban,1.75,0,1.3,3.71,Scooter,1,77.2,60.24
ORD104014,2.43,Medium,Clear,Afternoon,Sat,Urban,3.88,0,0.9,4.01,Motorcycle,0,15.9,13.98
ORD104015,2.26,Low,Clear,Morning,Wed,Urban,1.69,0,2.5,4.4,Motorcycle,0,41.0,15.68
ORD104016,7.21,High,Clear,Night,Thu,Urban,3.16,2,4.4,4.35,Scooter,0,38.7,47.97
ORD104017,5.52,High,Fog,Morning,Wed,Urban,0.31,1,0.4,4.25,Motorcycle,0,53.7,42.78
ORD104018,6.05,Low,Clear,Night,Sun,Suburban,3.41,1,10.0,4.56,Motorcycle,0,51.7,27.31
ORD104019,4.19,Low,Rain,Morning,Sat,Suburban,1.68,2,2.9,3.96,Motorcycle,0,74.3,35.42
ORD104020,2.07,Medium,Clear,Evening,Tue,Rural,1.39,0,3.8,,Motorcycle,0,66.3,11.86
ORD104021,10.1,Low,Fog,Afternoon,Sat,Urban,0.44,0,15.0,4.25,Motorcycle,0,91.2,39.32
ORD104022,7.03,High,Clear,Afternoon,Tue,Urban,2.91,1,1.8,3.97,Scooter,0,26.3,46.04
ORD104023,2.64,High,Clear,Morning,Tue,Suburban,0.48,1,0.2,5.0,Scooter,0,48.9,30.69
ORD104024,6.65,High,Clear,Evening,Tue,Rural,0.63,0,3.9,3.44,Motorcycle,1,46.0,33.81
ORD104025,2.78,High,Clear,Afternoon,Tue,Suburban,0.47,0,5.1,4.8,Scooter,1,20.1,29.31
ORD104026,3.04,Medium,Clear,Evening,Thu,Urban,0.21,1,0.4,4.62,Motorcycle,1,24.8,30.26
ORD104027,3.2,Low,Clear,Morning,Fri,Urban,2.37,0,0.1,4.62,Motorcycle,0,40.3,17.02
ORD104028,2.49,High,Extreme_Heat,Morning,Thu,Suburban,0.83,1,0.4,4.34,Scooter,0,76.1,30.94
ORD104029,4.14,Medium,Clear,Morning,Sun,Suburban,0.52,1,1.0,4.83,Motorcycle,0,23.5,24.38
ORD104030,7.06,High,Clear,Afternoon,Fri,Suburban,0.97,2,6.5,4.12,Motorcycle,1,33.9,43.09
ORD104031,5.17,Low,Rain,Evening,Thu,Urban,1.58,0,0.0,4.46,Scooter,0,70.9,31.73
ORD104032,6.01,Low,Clear,Night,Sun,Rural,1.6,1,4.1,4.33,Motorcycle,0,63.7,24.76
ORD104033,4.6,Severe,Fog,Morning,Tue,Urban,1.12,0,4.8,4.21,Electric_Two_Wheeler,0,19.4,38.57
ORD104034,1.03,Low,Clear,Evening,Mon,Rural,1.57,0,4.2,4.35,Scooter,1,94.9,8.46
ORD104035,14.06,Severe,Rain,Evening,Sat,Suburban,1.31,0,0.2,3.92,Motorcycle,1,23.3,74.36
ORD104036,7.83,Severe,Clear,Afternoon,Fri,Suburban,3.66,1,2.8,4.03,Scooter,1,15.5,57.47
ORD104037,4.75,High,Fog,Afternoon,Mon,Suburban,0.26,2,7.7,4.93,Scooter,1,37.4,42.16
ORD104038,1.91,High,Rain,Afternoon,Tue,Urban,4.25,0,0.3,5.0,Scooter,0,12.4,28.68
ORD104039,5.87,Medium,Clear,Morning,Fri,Urban,0.76,0,0.1,4.51,Motorcycle,0,12.8,39.09
ORD104040,3.94,High,,Morning,Mon,Urban,2.76,1,5.2,4.63,Scooter,0,62.1,30.94
ORD104041,4.44,Low,Clear,Morning,Thu,Urban,1.24,0,2.6,4.4,Scooter,0,90.4,21.33
ORD104042,6.97,Medium,Extreme_Heat,Evening,Sun,Urban,0.9,0,2.6,4.48,Motorcycle,0,46.2,36.74
ORD104043,5.02,Medium,Clear,Morning,Tue,Urban,2.11,0,8.3,4.52,Scooter,0,37.2,28.13
ORD104044,8.79,Medium,Clear,Morning,Thu,Suburban,3.13,1,3.7,4.71,Scooter,0,92.3,39.59
ORD104045,2.96,Medium,Clear,Afternoon,Thu,Urban,1.4,2,1.3,4.91,Scooter,0,15.5,28.39
ORD104046,1.38,Medium,Clear,Morning,Tue,Suburban,1.46,0,1.4,3.95,Scooter,0,52.6,14.28
ORD104047,3.83,Medium,Clear,Morning,Fri,Suburban,0.32,1,0.4,5.0,Motorcycle,0,32.7,29.48
ORD104048,3.02,High,Extreme_Heat,Night,Sat,Urban,5.35,0,0.9,4.36,Scooter,0,44.4,29.95
ORD104049,5.39,Low,Clear,Morning,Wed,Urban,3.95,0,1.5,4.36,Scooter,0,47.0,24.87
ORD104050,2.26,Severe,Fog,Evening,Wed,Urban,1.21,1,0.8,4.13,Electric_Two_Wheeler,0,59.1,45.05
ORD104051,2.97,High,Clear,Afternoon,Sat,Suburban,3.1,2,6.2,4.14,Electric_Two_Wheeler,1,50.8,32.37
ORD104052,5.52,High,Clear,Evening,Tue,Suburban,0.95,1,0.0,4.55,Motorcycle,1,98.9,30.37
ORD104053,3.37,Medium,Clear,Evening,Wed,Urban,2.82,0,2.2,4.55,Electric_Two_Wheeler,0,12.3,24.68
ORD104054,7.3,High,Clear,Morning,Sat,Suburban,1.65,0,3.7,4.53,Motorcycle,0,78.2,37.73
ORD104055,2.29,Low,Extreme_Heat,Evening,Mon,Urban,1.44,0,3.3,4.12,Motorcycle,1,14.6,21.02
ORD104056,1.82,High,Fog,Afternoon,Sat,Suburban,0.32,0,2.6,3.22,Motorcycle,1,48.8,31.87
ORD104057,5.91,Low,Clear,Evening,Fri,Urban,6.93,1,1.3,3.58,Motorcycle,1,28.2,40.3
ORD104058,1.64,High,Clear,Afternoon,Sun,Suburban,3.83,0,6.3,4.31,Motorcycle,0,95.1,19.33
ORD104059,1.14,Severe,Clear,Night,Sat,Rural,3.35,0,1.0,4.43,Scooter,0,75.0,29.37
ORD104060,1.8,Low,Extreme_Heat,Evening,Thu,Suburban,0.93,1,3.5,4.13,Motorcycle,1,51.7,22.71
ORD104061,7.65,Low,Fog,Night,Thu,Urban,0.88,0,6.5,4.02,Motorcycle,0,95.7,38.51
ORD104062,2.68,High,Rain,Afternoon,Sun,Urban,1.9,0,0.3,4.42,Motorcycle,0,74.9,32.71
ORD104063,3.07,Low,,Afternoon,Tue,Suburban,3.94,0,7.3,4.26,Scooter,0,95.7,14.14
ORD104064,6.19,High,Clear,Evening,Thu,Urban,5.66,0,3.7,4.11,Scooter,1,73.4,42.57
ORD104065,6.97,Low,Clear,Night,Mon,Urban,0.83,1,2.4,3.65,Scooter,0,17.0,34.77
ORD104066,6.28,Low,Clear,Night,Sat,Suburban,2.07,0,1.2,3.96,Motorcycle,0,65.5,23.22
ORD104067,5.9,Severe,Clear,Afternoon,Sun,Urban,2.77,0,5.9,4.67,Scooter,1,98.2,44.26
ORD104068,2.57,High,Clear,Evening,Mon,Urban,0.71,1,0.1,3.91,Scooter,1,29.3,34.29
ORD104069,4.23,High,Clear,Morning,Tue,Rural,1.25,2,1.4,4.57,Scooter,0,81.3,34.73
ORD104070,1.63,Medium,Fog,Afternoon,Thu,Urban,0.62,1,3.5,4.85,Scooter,1,26.6,22.67
ORD104071,3.19,High,Rain,Morning,Sun,Urban,2.6,1,4.2,3.98,Motorcycle,0,50.7,32.06
ORD104072,1.27,Medium,Clear,Afternoon,Wed,Suburban,4.19,1,0.6,4.12,Electric_Two_Wheeler,1,17.6,19.14
ORD104073,7.31,Medium,Clear,Night,Sat,Suburban,4.4,1,0.1,4.69,Scooter,0,40.7,34.53
ORD104074,3.08,High,Clear,Morning,Wed,Urban,2.42,0,4.1,4.79,Motorcycle,0,79.9,22.61
ORD104075,4.15,Medium,Rain,Evening,Fri,Suburban,1.05,1,1.4,4.04,Scooter,1,14.1,39.35
ORD104076,2.8,Medium,Rain,Evening,Tue,Suburban,2.36,2,0.4,3.65,Scooter,1,38.8,37.13
ORD104077,7.87,Low,Rain,Morning,Fri,Urban,4.19,2,0.2,4.8,Motorcycle,0,66.7,53.8
ORD104078,1.55,High,Rain,Afternoon,Wed,Urban,2.17,1,2.6,4.53,Motorcycle,1,95.4,35.31
ORD104079,1.91,Low,Clear,Evening,Wed,Urban,1.27,0,2.2,4.46,Motorcycle,1,32.1,19.08
ORD104080,4.09,High,Clear,Morning,Wed,Suburban,5.25,1,4.8,4.67,Motorcycle,0,25.6,25.1
ORD104081,4.23,Low,Clear,Evening,Fri,Suburban,3.81,0,0.1,3.83,Electric_Two_Wheeler,1,28.3,23.01
ORD104082,7.35,Medium,Clear,Night,Sun,Urban,4.48,1,5.1,4.46,Scooter,0,31.3,34.45
ORD104083,4.63,High,Rain,Morning,Tue,Suburban,4.87,0,5.5,4.19,Scooter,0,67.4,35.34
ORD104084,4.2,Low,Clear,Morning,Sat,Suburban,1.2,1,1.5,4.54,Scooter,0,99.9,22.16
ORD104085,2.42,Low,Clear,Afternoon,Sun,Urban,4.13,0,0.2,4.62,Motorcycle,1,57.1,18.46
ORD104086,7.9,Low,Clear,Evening,Sat,Suburban,1.89,0,7.3,4.69,Scooter,1,34.4,36.0
ORD104087,3.51,Medium,Extreme_Heat,Afternoon,Mon,Urban,0.28,3,0.2,4.54,Scooter,0,77.2,35.08
ORD104088,2.52,High,Clear,Morning,Mon,Rural,2.22,0,2.2,4.4,Motorcycle,0,24.2,25.14
ORD104089,2.3,Low,Rain,Afternoon,Wed,Suburban,1.47,1,1.7,4.41,Scooter,0,12.7,28.26
ORD104090,4.17,High,Clear,Night,Tue,Suburban,0.84,1,4.5,4.45,Scooter,0,64.5,27.82
ORD104091,1.5,Medium,Clear,Afternoon,Tue,Suburban,7.24,1,1.7,4.05,Scooter,0,28.9,22.46
ORD104092,1.57,Medium,Clear,Afternoon,Thu,Suburban,0.31,0,1.6,4.15,Scooter,0,45.9,14.67
ORD104093,1.57,Severe,Rain,Night,Thu,Suburban,6.03,2,5.3,4.46,Motorcycle,0,30.8,37.37
ORD104094,10.57,Medium,Clear,Evening,Sun,Suburban,0.55,0,8.3,4.56,Motorcycle,0,92.6,41.13
ORD104095,9.03,Medium,Fog,Evening,Fri,Rural,1.15,1,2.0,4.04,Scooter,0,40.4,39.52
ORD104096,2.17,Low,Clear,Evening,Thu,Suburban,1.28,0,1.5,3.87,Scooter,1,50.4,15.48
ORD104097,4.7,Low,Clear,Night,Sun,Urban,2.83,0,4.4,3.63,Motorcycle,0,31.1,22.55
ORD104098,6.03,Low,Extreme_Heat,Evening,Sat,Rural,0.69,1,4.4,3.8,Motorcycle,0,17.6,27.91
ORD104099,5.1,Low,Clear,Night,Sat,Suburban,8.75,1,1.0,4.08,Motorcycle,0,56.1,30.66
ORD104100,1.79,Medium,Clear,Evening,Sun,Suburban,2.96,1,2.1,4.12,Motorcycle,0,88.2,17.04
ORD104101,2.38,Medium,Rain,Evening,Fri,Rural,3.32,0,0.4,4.19,Scooter,1,41.7,27.52
ORD104102,4.65,Medium,Clear,Afternoon,Mon,Urban,0.43,0,2.5,3.82,Electric_Two_Wheeler,0,80.3,25.32
ORD104103,1.54,Low,Rain,Afternoon,Wed,Urban,1.49,0,4.5,3.57,Motorcycle,0,12.9,13.03
ORD104104,7.58,Low,Clear,Evening,Tue,Urban,6.02,0,0.5,4.35,Scooter,1,31.2,39.72
ORD104105,1.76,High,Clear,Afternoon,Mon,Suburban,0.83,0,1.0,4.35,Scooter,1,21.8,26.12
ORD104106,4.35,Severe,Clear,Evening,Sun,Suburban,0.51,0,1.5,4.55,Scooter,0,46.3,28.78
ORD104107,6.59,Low,Fog,Morning,Sat,Rural,1.53,0,4.7,4.63,Scooter,0,90.5,21.82
ORD104108,7.08,High,Clear,Evening,Mon,Urban,5.53,0,3.3,4.46,Electric_Two_Wheeler,1,43.6,42.95
ORD104109,7.14,Medium,Rain,Morning,Fri,Suburban,1.53,0,1.0,4.35,Electric_Two_Wheeler,0,64.3,41.72
ORD104110,2.44,Medium,,Evening,Wed,Rural,1.24,1,0.7,4.65,Scooter,1,90.8,36.38
ORD104111,2.63,Medium,Clear,Evening,Sat,Suburban,2.3,0,3.0,4.87,Scooter,1,42.4,16.28
ORD104112,4.91,Low,Clear,Morning,Fri,Urban,5.73,0,1.6,4.03,Motorcycle,0,42.9,28.58
ORD104113,5.91,Low,Clear,Afternoon,Sun,Suburban,0.3,0,2.3,4.61,Scooter,1,17.9,34.23
ORD104114,5.74,Medium,Clear,Afternoon,Mon,Rural,0.53,1,2.6,4.05,Motorcycle,1,41.4,30.85
ORD104115,6.17,Medium,Clear,Afternoon,Tue,Rural,0.48,0,2.0,4.39,Motorcycle,0,77.2,31.58
ORD104116,5.31,Severe,Rain,Afternoon,Thu,Suburban,0.38,3,2.4,4.73,Motorcycle,0,86.0,55.61
ORD104117,4.73,Medium,Extreme_Heat,Morning,Fri,Suburban,0.92,1,5.5,4.19,Motorcycle,0,75.0,28.51
ORD104118,2.58,Low,Extreme_Heat,Night,Sat,Urban,0.72,1,5.1,3.92,Motorcycle,0,10.6,16.22
ORD104119,4.82,High,Fog,Morning,Mon,Urban,1.79,0,0.4,4.12,Electric_Two_Wheeler,0,20.5,40.37
ORD104120,9.87,Low,Fog,Evening,Thu,Rural,0.99,1,2.2,,Scooter,0,75.8,42.87
ORD104121,3.26,Medium,,Afternoon,Thu,Urban,1.24,1,1.4,3.87,Electric_Two_Wheeler,0,94.8,31.8
ORD104122,3.06,High,Rain,Evening,Mon,Urban,5.89,2,0.8,4.78,Scooter,0,72.6,36.14
ORD104123,5.61,Severe,Fog,Afternoon,Wed,Urban,0.54,0,2.5,4.51,Scooter,0,30.3,46.29
ORD104124,1.76,High,Clear,Evening,Mon,Suburban,1.18,1,1.8,4.01,Scooter,0,19.7,23.69
ORD104125,4.32,High,Extreme_Heat,Evening,Sat,Suburban,0.79,1,3.7,3.91,Motorcycle,0,88.9,42.1
ORD104126,7.39,High,Clear,Evening,Sun,Urban,1.79,2,0.2,3.93,Scooter,0,18.9,46.59
ORD104127,4.34,Severe,Rain,Morning,Tue,Rural,2.87,0,0.9,4.01,Motorcycle,0,23.6,43.31
ORD104128,4.32,Low,Rain,Evening,Sat,Rural,3.6,0,0.1,4.76,Motorcycle,0,63.7,18.36
ORD104129,0.98,Low,Extreme_Heat,Afternoon,Sun,Urban,1.65,0,3.4,4.26,Scooter,1,27.1,17.68
ORD104130,3.31,Low,Clear,Morning,Thu,Urban,4.06,0,6.1,5.0,Motorcycle,0,30.5,15.98
ORD104131,2.06,Low,Rain,Afternoon,Tue,Suburban,3.27,3,2.2,4.28,Electric_Two_Wheeler,1,22.8,30.88
ORD104132,1.68,High,Clear,Afternoon,Fri,Suburban,0.54,1,2.4,4.07,Motorcycle,0,95.0,25.17
ORD104133,3.69,Medium,Clear,Afternoon,Thu,Urban,0.76,0,0.1,4.67,Scooter,1,21.2,25.56
ORD104134,5.9,Medium,Rain,Evening,Wed,Urban,2.43,0,1.8,3.63,Electric_Two_Wheeler,0,93.8,31.23
ORD104135,3.51,Low,Clear,Afternoon,Mon,Urban,7.56,1,1.9,4.38,Motorcycle,1,39.4,26.89
ORD104136,6.7,High,Rain,Afternoon,Fri,Urban,1.14,2,0.1,3.82,Scooter,0,83.9,48.92
ORD104137,5.84,Medium,Clear,Morning,Sat,Urban,0.72,0,3.8,3.43,Scooter,0,95.5,30.32
ORD104138,2.68,High,Clear,Evening,Tue,Suburban,4.27,0,0.8,4.25,Motorcycle,0,56.7,22.11
ORD104139,2.91,Medium,Rain,Evening,Fri,Suburban,0.65,1,3.2,4.63,Electric_Two_Wheeler,1,79.3,37.41
ORD104140,1.14,Medium,Clear,Afternoon,Wed,Suburban,2.59,0,1.3,4.39,Scooter,0,33.9,12.06
ORD104141,11.94,Low,Clear,Evening,Mon,Urban,0.27,0,13.6,4.34,Scooter,0,44.5,44.95
ORD104142,2.17,Low,Extreme_Heat,Afternoon,Fri,Suburban,0.24,1,0.6,3.26,Electric_Two_Wheeler,0,59.8,15.3
ORD104143,4.42,High,Clear,Afternoon,Sat,Urban,1.4,1,0.2,4.24,Scooter,1,86.5,37.82
ORD104144,3.62,Severe,Rain,Afternoon,Tue,Urban,2.34,0,9.8,4.24,Electric_Two_Wheeler,1,65.9,39.56
ORD104145,9.55,Medium,Clear,Evening,Fri,Suburban,0.51,2,0.7,4.55,Scooter,0,12.0,52.15
ORD104146,4.8,Low,Clear,Evening,Mon,Suburban,3.09,3,2.5,3.88,Motorcycle,1,37.4,33.08
ORD104147,3.93,Medium,Clear,Afternoon,Sat,Urban,0.48,1,1.2,4.63,Scooter,0,87.8,25.01
ORD104148,8.23,High,Clear,Morning,Fri,Suburban,1.73,0,2.6,4.1,Electric_Two_Wheeler,0,31.6,40.56
ORD104149,4.42,High,Clear,Morning,Tue,Rural,0.94,0,2.3,4.18,Motorcycle,0,43.1,23.56
ORD104150,2.3,Low,Clear,Evening,Mon,Suburban,2.99,0,3.1,4.51,Electric_Two_Wheeler,0,45.1,16.56
ORD104151,5.43,Low,Clear,Night,Wed,Suburban,3.46,3,0.0,3.82,Motorcycle,0,23.9,39.6
ORD104152,1.63,High,Clear,Afternoon,Wed,Rural,0.34,1,4.5,4.63,Scooter,1,41.5,23.35
ORD104153,2.1,Medium,Clear,Morning,Thu,Suburban,0.63,0,1.6,3.76,Scooter,0,83.6,18.66
ORD104154,3.0,Low,Clear,Evening,Fri,Suburban,4.66,1,1.8,4.56,Motorcycle,0,86.4,15.47
ORD104155,1.82,Low,Clear,Evening,Tue,Urban,1.27,0,1.3,4.21,Motorcycle,1,62.3,15.89
ORD104156,3.22,Medium,Extreme_Heat,Night,Fri,Urban,1.5,3,11.4,4.24,Electric_Two_Wheeler,0,71.1,33.2
ORD104157,0.79,High,Rain,Evening,Mon,Suburban,0.57,0,4.0,3.07,Scooter,0,58.1,22.5
ORD104158,4.35,Severe,Rain,Night,Thu,Suburban,10.75,0,0.9,4.06,Motorcycle,0,14.0,47.15
ORD104159,5.24,Medium,Clear,Morning,Tue,Urban,5.33,1,3.8,4.22,Electric_Two_Wheeler,0,72.7,34.56
ORD104160,2.75,Medium,Extreme_Heat,Morning,Fri,Rural,0.2,1,1.4,4.92,Scooter,0,99.7,26.75
ORD104161,1.3,Low,Rain,Morning,Tue,Urban,1.8,1,5.1,4.29,Electric_Two_Wheeler,0,30.5,18.51
ORD104162,3.86,Medium,Rain,Evening,Mon,Suburban,4.32,0,0.1,4.04,Scooter,0,98.4,25.9
ORD104163,5.83,Medium,Clear,Morning,Thu,Urban,1.33,1,1.1,4.63,Motorcycle,0,99.8,33.9
ORD104164,1.54,Medium,Extreme_Heat,Afternoon,Tue,Urban,1.35,1,1.4,4.1,Scooter,1,22.7,23.27
ORD104165,16.88,Medium,Fog,Afternoon,Mon,Suburban,1.15,1,3.4,4.71,Scooter,0,93.4,75.15
ORD104166,4.44,Low,Fog,Afternoon,Wed,Urban,0.26,2,0.5,4.4,Scooter,1,70.8,41.05
ORD104167,6.0,Low,Clear,Night,Tue,Urban,3.32,2,0.8,3.94,Electric_Two_Wheeler,0,52.0,30.57
ORD104168,14.43,Medium,Clear,Morning,Thu,Urban,1.42,0,3.2,4.68,Motorcycle,0,41.0,64.61
ORD104169,5.03,Low,Clear,Afternoon,Sun,Urban,1.71,1,0.2,4.54,Scooter,1,66.7,32.32
ORD104170,2.25,Low,Clear,Evening,Sat,Suburban,0.79,1,0.6,4.66,Electric_Two_Wheeler,0,85.9,13.87
ORD104171,2.57,Severe,Fog,Morning,Sat,Rural,3.27,0,3.5,4.23,Motorcycle,0,13.1,41.2
ORD104172,7.16,Medium,Clear,Evening,Tue,Urban,3.36,1,5.2,4.54,Electric_Two_Wheeler,1,58.2,46.23
ORD104173,6.43,Medium,Clear,Evening,Tue,Suburban,1.81,0,3.3,5.0,Scooter,1,68.5,27.74
ORD104174,7.24,High,Clear,Night,Mon,Suburban,4.9,1,1.9,4.37,Scooter,0,12.3,45.82
ORD104175,5.63,Severe,Clear,Night,Fri,Rural,0.45,0,0.3,4.14,Motorcycle,0,90.0,37.23
ORD104176,5.14,Medium,Clear,Afternoon,Sat,Rural,3.29,0,4.4,4.92,Scooter,0,95.7,25.11
ORD104177,6.12,High,Rain,Evening,Fri,Suburban,1.84,0,0.3,4.57,Motorcycle,1,65.1,44.65
ORD104178,4.95,Medium,Clear,Morning,Sat,Urban,0.73,0,1.2,4.12,Scooter,0,20.5,28.44
ORD104179,1.95,Medium,Clear,Afternoon,Tue,Urban,0.48,0,0.1,4.99,Scooter,1,93.9,20.94
ORD104180,2.57,Medium,Clear,Morning,Thu,Urban,0.92,0,3.1,3.82,Scooter,0,82.5,21.25
ORD104181,6.65,High,Clear,Afternoon,Thu,Suburban,4.08,0,1.8,4.51,Electric_Two_Wheeler,0,12.6,34.84
ORD104182,14.59,High,Clear,Night,Sun,Suburban,3.3,2,6.0,4.76,Scooter,0,62.1,68.41
ORD104183,7.42,Medium,Rain,Afternoon,Sat,Suburban,2.27,0,0.4,4.73,Scooter,1,20.3,44.43
ORD104184,10.08,Low,Rain,Evening,Sat,Suburban,0.39,2,4.3,3.94,Motorcycle,0,22.7,51.16
ORD104185,1.47,Medium,Rain,Afternoon,Mon,Urban,6.39,0,1.8,3.8,Motorcycle,0,27.3,18.21
ORD104186,7.71,Low,Rain,Afternoon,Tue,Suburban,0.93,2,1.1,4.39,Motorcycle,0,45.7,43.87
ORD104187,6.28,Medium,Clear,Night,Tue,Urban,2.07,1,2.6,4.58,Motorcycle,0,88.9,36.68
ORD104188,4.77,High,Extreme_Heat,Afternoon,Sun,Urban,3.45,0,3.9,3.87,Scooter,1,12.8,46.57
ORD104189,2.9,High,Fog,Evening,Fri,Urban,0.49,1,1.5,4.42,Scooter,1,72.0,43.55
ORD104190,5.26,High,Extreme_Heat,Afternoon,Mon,Suburban,2.31,0,0.7,3.72,Motorcycle,1,96.8,37.18
ORD104191,6.86,High,Clear,Morning,Wed,Urban,0.27,0,6.2,4.72,Electric_Two_Wheeler,0,67.7,35.27
ORD104192,4.08,Medium,Extreme_Heat,Afternoon,Thu,Suburban,0.41,2,0.9,4.07,Motorcycle,0,83.4,34.77
ORD104193,2.48,High,Fog,Evening,Thu,Urban,2.77,1,15.0,4.23,Scooter,0,91.2,29.11
ORD104194,9.15,Medium,Fog,Morning,Tue,Urban,0.54,0,3.6,4.65,Scooter,0,74.3,47.7
ORD104195,3.34,Low,Clear,Morning,Sun,Rural,1.37,0,2.9,4.61,Scooter,0,69.4,11.04
ORD104196,4.87,Low,Rain,Morning,Mon,Suburban,0.77,1,0.0,4.49,Motorcycle,0,11.6,33.02
ORD104197,1.04,Low,Extreme_Heat,Evening,Wed,Urban,1.29,0,1.5,4.71,Scooter,0,56.7,12.88
ORD104198,2.35,Medium,Rain,Evening,Thu,Urban,0.36,0,1.7,4.46,Scooter,1,52.2,27.74
ORD104199,7.81,Medium,Clear,Evening,Mon,Rural,3.01,0,1.2,4.88,Scooter,0,57.0,35.58
ORD104200,7.45,High,Extreme_Heat,Afternoon,Wed,Urban,0.36,1,0.4,3.62,Motorcycle,1,48.9,54.75
ORD104201,5.23,Low,Clear,Night,Sat,Suburban,3.84,0,1.1,4.28,Scooter,0,91.6,27.45
ORD104202,1.14,Low,Clear,Evening,Tue,Urban,2.37,0,0.2,4.26,Motorcycle,0,90.0,10.41
ORD104203,2.56,Severe,Clear,Evening,Fri,Urban,1.28,0,0.9,4.21,Motorcycle,1,21.3,33.47
ORD104204,11.73,Low,Extreme_Heat,Evening,Thu,Urban,4.23,1,0.2,4.5,Scooter,1,58.0,56.06
ORD104205,4.15,Medium,Clear,Evening,Thu,Suburban,0.61,0,3.5,4.39,Motorcycle,0,96.4,21.25
ORD104206,6.7,Medium,Clear,Afternoon,Wed,Suburban,0.81,0,2.8,4.63,Scooter,0,63.9,32.2
ORD104207,2.51,Medium,,Night,Fri,Urban,0.49,0,7.0,3.83,Scooter,0,82.2,21.55
ORD104208,4.04,Low,Rain,Night,Sat,Suburban,1.16,0,1.2,5.0,Motorcycle,0,43.6,26.85
ORD104209,2.53,Low,Clear,Morning,Mon,Suburban,8.84,1,3.9,4.14,Motorcycle,0,44.0,22.77
ORD104210,3.14,Low,Extreme_Heat,Morning,Tue,Rural,0.55,1,2.2,4.41,Motorcycle,0,39.3,17.42
ORD104211,2.26,Medium,Extreme_Heat,Night,Mon,Urban,3.76,0,2.6,4.22,Motorcycle,0,12.0,18.63
ORD104212,3.52,Medium,Clear,Afternoon,Wed,Urban,2.31,1,2.0,4.33,Motorcycle,1,93.2,33.38
ORD104213,3.63,Low,Clear,Night,Thu,Suburban,0.23,2,3.8,4.09,Scooter,0,41.5,23.78
ORD104214,6.2,Medium,Clear,Afternoon,Sat,Urban,6.0,0,0.1,4.38,Motorcycle,1,43.0,38.71
ORD104215,1.28,High,Clear,Morning,Thu,Urban,7.29,0,0.2,4.53,Motorcycle,0,78.4,23.1
ORD104216,1.72,Low,Clear,Morning,Mon,Suburban,5.38,0,0.3,3.34,Scooter,0,57.4,6.57
ORD104217,4.07,Medium,Extreme_Heat,Morning,Sat,Urban,1.59,0,0.9,4.17,Scooter,0,42.6,28.61
ORD104218,1.86,High,Fog,Morning,Sun,Urban,0.7,1,2.2,4.15,Motorcycle,0,89.5,32.94
ORD104219,2.0,Low,Clear,Afternoon,Tue,Urban,1.19,0,2.6,5.0,Scooter,1,84.3,18.7
ORD104220,9.92,Medium,Clear,Evening,Wed,Suburban,2.1,0,3.1,4.64,Scooter,1,97.9,41.61
ORD104221,5.96,Medium,Clear,Night,Tue,Urban,1.15,0,0.8,4.9,Motorcycle,0,67.7,31.23
ORD104222,3.53,High,Clear,Afternoon,Wed,Suburban,2.66,0,2.6,4.52,Electric_Two_Wheeler,0,72.1,23.49
ORD104223,2.43,High,Clear,Afternoon,Tue,Suburban,3.38,2,0.3,4.33,Electric_Two_Wheeler,1,39.2,37.77
ORD104224,10.39,Medium,Fog,Afternoon,Sun,Urban,0.67,0,0.0,4.45,Scooter,1,19.0,61.76
ORD104225,1.53,High,Extreme_Heat,Afternoon,Mon,Urban,1.24,3,3.0,4.75,Motorcycle,1,19.5,37.98
ORD104226,7.19,Medium,Clear,Afternoon,Fri,Urban,6.53,0,3.1,5.0,Scooter,1,68.1,37.29
ORD104227,10.79,Medium,Fog,Morning,Sat,Suburban,0.77,1,2.4,4.42,Scooter,0,20.2,56.9
ORD104228,4.09,Medium,Clear,Morning,Wed,Urban,1.05,1,0.7,4.05,Motorcycle,0,91.6,30.98
ORD104229,5.05,Low,Rain,Morning,Mon,Rural,0.27,1,6.6,4.67,Scooter,0,73.3,32.65
ORD104230,5.24,High,Clear,Morning,Thu,Urban,1.01,1,5.2,3.96,Scooter,0,30.4,34.33
ORD104231,6.15,Medium,Clear,Evening,Thu,Urban,1.13,0,1.8,4.46,Electric_Two_Wheeler,0,35.1,28.05
ORD104232,4.67,Medium,Extreme_Heat,Morning,Tue,Urban,0.41,2,11.3,4.57,Motorcycle,0,73.9,32.29
ORD104233,4.99,Severe,Clear,Night,Thu,Suburban,0.2,0,0.9,4.26,Motorcycle,0,84.2,34.92
ORD104234,2.38,Low,Rain,Night,Fri,Urban,1.91,1,1.7,3.94,Electric_Two_Wheeler,0,85.5,21.38
ORD104235,1.11,Medium,Clear,Night,Wed,Urban,0.92,3,6.6,4.12,Motorcycle,0,64.1,23.67
ORD104236,6.9,Low,Clear,Night,Tue,Suburban,0.24,0,1.6,4.17,Scooter,0,24.0,30.32
ORD104237,1.77,High,Clear,Afternoon,Wed,Suburban,4.13,2,1.6,3.88,Motorcycle,0,83.7,28.25
ORD104238,9.47,High,Clear,Afternoon,Wed,Suburban,1.96,0,0.2,4.15,Scooter,1,81.2,49.65
ORD104239,3.67,Medium,Rain,Morning,Sun,Suburban,0.58,0,0.6,3.72,Scooter,0,85.2,29.79
ORD104240,12.44,High,Clear,Evening,Mon,Suburban,4.21,0,0.4,4.54,Motorcycle,0,24.2,52.7
ORD104241,4.96,Medium,Rain,Night,Thu,Urban,0.78,0,2.1,4.43,Motorcycle,0,71.6,37.59
ORD104242,3.01,High,Rain,Night,Sat,Urban,0.72,0,1.0,4.41,Scooter,0,96.4,40.98
ORD104243,5.88,Medium,Rain,Afternoon,Wed,Suburban,4.7,1,0.2,4.15,Scooter,1,33.0,40.64
ORD104244,11.54,Medium,,Evening,Fri,Urban,0.6,3,1.8,4.2,Scooter,1,74.5,69.88
ORD104245,4.26,Severe,Extreme_Heat,Morning,Sun,Suburban,4.42,0,2.8,3.97,Electric_Two_Wheeler,0,33.3,41.1
ORD104246,4.13,Low,Clear,Morning,Fri,Urban,3.45,0,3.3,4.5,Motorcycle,0,37.6,21.26
ORD104247,3.91,Low,Clear,Evening,Sat,Urban,0.94,1,4.5,3.76,Motorcycle,0,53.7,25.98
ORD104248,2.98,Medium,Clear,Afternoon,Thu,Urban,0.27,0,1.6,4.33,Motorcycle,1,90.5,26.2
ORD104249,4.69,Severe,Clear,Night,Thu,Urban,0.37,0,1.2,4.05,Motorcycle,0,13.5,42.38
ORD104250,5.14,Medium,Clear,Morning,Tue,Suburban,0.43,0,2.9,5.0,Motorcycle,0,99.1,25.18
ORD104251,12.31,Low,Rain,Night,Tue,Urban,4.63,1,0.0,4.51,Motorcycle,0,79.5,59.83
ORD104252,3.02,Medium,Clear,Afternoon,Tue,Urban,1.24,1,2.5,4.3,Electric_Two_Wheeler,1,42.4,30.43
ORD104253,10.23,Medium,Clear,Evening,Thu,Rural,0.27,1,1.3,3.86,Electric_Two_Wheeler,1,41.9,46.35
ORD104254,5.34,Low,Rain,Evening,Wed,Urban,1.83,1,1.5,3.75,Electric_Two_Wheeler,1,53.5,35.66
ORD104255,5.92,High,Clear,Night,Mon,Suburban,0.67,1,0.9,4.5,Motorcycle,0,88.8,38.17
ORD104256,2.74,Severe,Clear,Afternoon,Sat,Rural,0.74,0,0.3,5.0,Electric_Two_Wheeler,0,11.6,30.33
ORD104257,3.71,Medium,Clear,Night,Sun,Rural,0.55,0,1.3,4.46,Scooter,0,59.3,17.54
ORD104258,3.27,Medium,Rain,Morning,Sat,Suburban,3.07,0,0.9,4.37,Electric_Two_Wheeler,0,15.0,30.93
ORD104259,6.28,Medium,Clear,Morning,Sat,Urban,0.2,0,8.1,4.38,Electric_Two_Wheeler,0,20.4,26.56
ORD104260,2.13,Low,Clear,Afternoon,Tue,Rural,1.36,1,7.2,4.34,Electric_Two_Wheeler,1,72.2,16.72
ORD104261,2.06,High,Clear,Evening,Mon,Suburban,0.38,0,2.6,4.38,Motorcycle,0,31.1,17.06
ORD104262,0.97,Medium,Rain,Afternoon,Fri,Suburban,1.81,0,5.9,4.03,Scooter,0,13.7,17.66
ORD104263,5.93,Medium,Rain,Evening,Thu,Urban,1.05,0,3.5,3.91,Scooter,1,24.8,48.57
ORD104264,1.75,High,Fog,Evening,Fri,Rural,0.26,0,1.1,4.34,Scooter,1,28.8,29.78
ORD104265,4.01,Medium,Clear,Morning,Tue,Suburban,1.44,0,2.3,4.9,Motorcycle,0,79.3,21.14
ORD104266,1.57,Medium,Clear,Night,Wed,Suburban,1.89,0,0.6,4.61,Scooter,0,66.2,19.11
ORD104267,4.08,Low,Clear,Morning,Sun,Urban,0.77,0,2.9,3.81,Motorcycle,0,76.2,20.93
ORD104268,3.92,High,Clear,Night,Sun,Urban,3.1,1,0.1,4.2,Motorcycle,0,43.3,32.0
ORD104269,2.83,Severe,Clear,Afternoon,Tue,Rural,1.13,3,4.4,4.59,Motorcycle,1,20.2,41.2
ORD104270,5.16,Medium,Clear,Afternoon,Mon,Urban,2.97,1,2.2,4.91,Electric_Two_Wheeler,1,82.5,38.28
ORD104271,2.72,Severe,Clear,Afternoon,Sun,Urban,1.93,0,0.2,5.0,Motorcycle,0,22.6,30.59
ORD104272,6.8,Low,Rain,Morning,Tue,Suburban,4.27,0,5.1,4.22,Motorcycle,0,44.4,38.25
ORD104273,7.81,Medium,,Afternoon,Sat,Urban,1.78,0,5.3,4.63,Motorcycle,0,33.6,35.08
ORD104274,8.1,Medium,Rain,Morning,Wed,Urban,0.61,0,4.8,4.4,Motorcycle,0,36.7,48.6
ORD104275,4.05,Medium,Clear,Morning,Wed,Urban,3.66,2,3.7,4.25,Scooter,0,64.2,32.95
ORD104276,5.76,Medium,Clear,Morning,Thu,Urban,3.26,0,2.8,4.32,Scooter,0,24.8,32.34
ORD104277,4.04,Medium,Clear,Afternoon,Thu,Urban,7.38,0,1.3,4.33,Electric_Two_Wheeler,1,50.1,29.87
ORD104278,5.35,Low,Clear,Evening,Sat,Urban,0.4,0,0.4,4.77,Motorcycle,0,67.5,23.46
ORD104279,4.17,Medium,Clear,Evening,Wed,Urban,1.99,0,0.9,3.74,Motorcycle,0,88.2,23.72
ORD104280,4.45,Low,Clear,Night,Sat,Suburban,1.55,0,1.1,4.49,Motorcycle,0,43.4,22.76
ORD104281,9.75,High,Extreme_Heat,Evening,Wed,Rural,2.42,0,1.1,4.92,Scooter,0,38.7,44.98
ORD104282,1.15,Low,Rain,Evening,Mon,Urban,8.04,1,2.1,4.87,Motorcycle,0,43.1,14.72
ORD104283,4.57,Low,Clear,Evening,Tue,Urban,1.72,2,0.6,4.53,Scooter,0,55.1,24.96
ORD104284,4.55,Medium,Fog,Afternoon,Thu,Urban,2.52,1,0.5,4.0,Motorcycle,0,38.2,37.11
ORD104285,2.66,Medium,Rain,Evening,Mon,Suburban,1.05,1,3.2,4.61,Motorcycle,1,32.5,33.34
ORD104286,5.66,High,Rain,Morning,Sun,Rural,0.91,0,0.0,4.83,Motorcycle,0,43.8,35.18
ORD104287,3.91,Medium,Fog,Night,Tue,Urban,1.02,0,0.4,,Motorcycle,0,80.0,30.19
ORD104288,2.88,Medium,,Evening,Thu,Urban,0.28,0,1.4,4.44,Electric_Two_Wheeler,1,32.8,21.63
ORD104289,4.42,High,Clear,Morning,Sun,Suburban,0.87,0,0.4,4.22,Motorcycle,0,86.0,31.48
ORD104290,10.1,Medium,Clear,Evening,Sat,Suburban,0.58,0,8.0,4.05,Electric_Two_Wheeler,1,35.7,43.83
ORD104291,14.95,Low,Clear,Morning,Sun,Urban,1.42,1,2.8,4.17,Motorcycle,0,64.3,67.19
ORD104292,3.51,Medium,Clear,Morning,Mon,Suburban,1.44,0,1.4,4.35,Motorcycle,0,97.4,16.23
ORD104293,3.28,Severe,Clear,Morning,Fri,Suburban,3.1,1,0.3,3.93,Scooter,0,95.7,37.77
ORD104294,3.89,Medium,Extreme_Heat,Evening,Sun,Rural,1.6,3,1.2,3.87,Scooter,0,49.1,35.08
ORD104295,1.39,Low,Extreme_Heat,Evening,Fri,Urban,1.44,0,2.6,3.94,Motorcycle,1,16.1,22.76
ORD104296,3.63,Low,Fog,Evening,Thu,Rural,0.73,1,8.7,4.43,Scooter,0,91.2,26.67
ORD104297,1.13,Low,Fog,Morning,Mon,Urban,4.03,0,1.6,3.71,Motorcycle,0,21.4,15.85
ORD104298,2.34,Medium,Extreme_Heat,Afternoon,Sun,Suburban,0.39,0,2.9,3.41,Motorcycle,1,93.1,23.66
ORD104299,5.37,Medium,Clear,Evening,Tue,Suburban,8.27,1,0.5,4.85,Electric_Two_Wheeler,0,75.9,32.47
ORD104300,2.12,Low,Clear,Morning,Sun,Urban,1.49,1,2.4,3.89,Electric_Two_Wheeler,0,94.1,13.01
ORD104301,4.77,Severe,Clear,Evening,Tue,Suburban,0.61,1,0.7,4.22,Scooter,0,69.9,43.34
ORD104302,3.3,High,Fog,Morning,Mon,Urban,1.07,0,0.6,4.67,Scooter,0,99.6,26.64
ORD104303,2.69,Medium,,Morning,Fri,Urban,0.23,0,1.8,3.72,Motorcycle,0,52.0,15.24
ORD104304,7.02,High,Rain,Afternoon,Mon,Urban,0.56,0,0.6,3.72,Scooter,0,39.7,40.45
ORD104305,4.26,Low,Clear,Evening,Fri,Urban,1.02,0,3.2,4.05,Scooter,1,45.4,28.59
ORD104306,5.2,Medium,Clear,Morning,Fri,Urban,1.82,0,6.9,4.68,Motorcycle,0,41.5,26.81
ORD104307,3.28,Medium,Rain,Morning,Sat,Rural,0.48,2,1.3,4.29,Electric_Two_Wheeler,0,46.1,29.48
ORD104308,6.43,High,Clear,Morning,Sat,Urban,2.45,1,1.0,4.3,Motorcycle,0,89.7,41.38
ORD104309,1.85,High,Clear,Morning,Tue,Urban,3.92,0,0.5,4.18,Motorcycle,0,63.3,22.27
ORD104310,8.02,Low,Clear,Morning,Thu,Urban,1.9,3,1.2,,Scooter,0,75.3,40.7
ORD104311,0.84,Severe,Clear,Afternoon,Wed,Urban,0.9,2,2.1,4.87,Motorcycle,1,35.9,36.73
ORD104312,0.9,Low,Rain,Evening,Mon,Urban,0.46,1,1.2,5.0,Motorcycle,0,99.1,22.73
ORD104313,2.84,High,Clear,Afternoon,Fri,Urban,0.23,2,2.4,4.24,Motorcycle,0,35.3,36.29
ORD104314,3.26,Severe,Clear,Evening,Mon,Urban,2.83,0,2.7,4.91,Scooter,0,24.3,35.41
ORD104315,3.18,Low,Clear,Evening,Thu,Urban,2.18,1,0.3,4.7,Electric_Two_Wheeler,0,80.0,21.56
ORD104316,2.13,High,Fog,Morning,Thu,Suburban,1.49,0,3.0,4.41,Motorcycle,0,85.5,31.51
ORD104317,10.47,Low,Clear,Morning,Wed,Suburban,0.42,0,5.8,3.42,Motorcycle,0,45.4,38.69
ORD104318,3.78,Medium,Rain,Night,Sun,Urban,0.66,1,0.1,4.15,Electric_Two_Wheeler,0,58.7,29.34
ORD104319,8.12,Medium,Rain,Morning,Wed,Urban,3.58,0,2.0,4.16,Scooter,0,47.3,41.32
ORD104320,1.19,Medium,Clear,Morning,Fri,Suburban,1.51,1,2.3,4.44,Scooter,0,36.5,18.41
ORD104321,2.2,Severe,Fog,Morning,Sat,Urban,6.78,0,3.1,4.22,Motorcycle,0,83.2,35.69
ORD104322,1.85,High,Rain,Evening,Sun,Rural,20.0,2,1.2,4.07,Electric_Two_Wheeler,1,78.1,43.17
ORD104323,1.06,Medium,Clear,Evening,Wed,Urban,3.43,2,4.3,5.0,Motorcycle,1,53.7,28.4
ORD104324,4.49,High,Clear,Night,Sat,Urban,0.8,0,1.9,4.82,Scooter,0,51.0,30.54
ORD104325,2.78,Severe,Extreme_Heat,Night,Sun,Suburban,0.73,0,1.3,3.49,Motorcycle,0,26.2,32.96
ORD104326,1.55,Low,Rain,Afternoon,Sat,Suburban,0.79,1,3.2,4.19,Scooter,1,67.4,20.34
ORD104327,2.33,Severe,Clear,Afternoon,Fri,Urban,8.85,0,6.6,4.55,Motorcycle,1,93.1,33.87
ORD104328,5.82,Low,Clear,Afternoon,Tue,Urban,1.02,0,4.2,4.83,Scooter,1,74.7,29.18
ORD104329,9.04,High,Fog,Morning,Sat,Urban,2.65,1,6.7,4.13,Electric_Two_Wheeler,0,55.6,53.49
ORD104330,2.84,Low,Rain,Morning,Fri,Rural,6.59,0,0.8,4.21,Motorcycle,0,13.5,18.27
ORD104331,2.51,Low,Rain,Morning,Wed,Suburban,3.63,1,0.3,4.34,Electric_Two_Wheeler,0,93.7,28.77
ORD104332,2.96,Medium,Clear,Morning,Mon,Urban,2.02,0,1.9,4.56,Scooter,0,37.7,24.4
ORD104333,2.42,Medium,Rain,Morning,Wed,Urban,0.57,1,0.1,3.69,Scooter,0,37.0,27.76
ORD104334,2.53,Medium,Clear,Afternoon,Thu,Urban,0.58,1,2.8,3.49,Electric_Two_Wheeler,0,52.3,17.29
ORD104335,9.59,Low,Clear,Night,Wed,Urban,1.56,0,0.7,4.8,Scooter,0,48.6,34.42
ORD104336,6.0,Medium,Rain,Evening,Tue,Urban,6.27,2,1.5,3.9,Motorcycle,0,96.6,43.18
ORD104337,6.58,Severe,Extreme_Heat,Night,Fri,Suburban,4.9,1,2.7,5.0,Scooter,0,24.9,40.74
ORD104338,2.1,Medium,Clear,Afternoon,Sat,Urban,0.56,0,1.6,3.95,Motorcycle,1,72.0,20.48
ORD104339,5.78,Low,Clear,Afternoon,Thu,Urban,0.88,0,0.7,4.23,Scooter,1,19.6,26.89
ORD104340,3.38,Medium,Rain,Afternoon,Fri,Suburban,1.98,1,5.3,4.45,Scooter,0,34.9,27.82
ORD104341,1.92,Low,Clear,Morning,Fri,Urban,1.5,0,3.6,3.45,Motorcycle,0,75.0,12.21
ORD104342,13.42,High,Fog,Morning,Sat,Urban,0.45,1,2.3,5.0,Scooter,0,82.4,72.94
ORD104343,5.05,High,Rain,Night,Sun,Urban,1.12,0,3.0,4.14,Scooter,0,52.2,44.9
ORD104344,9.43,Medium,Clear,Night,Wed,Urban,6.39,0,1.3,3.96,Motorcycle,0,81.0,43.34
ORD104345,7.48,Medium,Extreme_Heat,Morning,Mon,Suburban,6.25,1,1.2,3.83,Motorcycle,0,94.2,45.55
ORD104346,1.14,High,Rain,Morning,Sun,Suburban,1.84,1,0.4,4.44,Scooter,0,94.2,28.84
ORD104347,2.14,Medium,Fog,Afternoon,Thu,Urban,2.22,0,4.1,4.42,Motorcycle,1,40.8,35.63
ORD104348,5.77,High,Rain,Morning,Sat,Urban,0.7,1,1.2,3.85,Electric_Two_Wheeler,0,38.1,39.03
ORD104349,3.17,Medium,Fog,Afternoon,Tue,Urban,2.91,0,2.9,3.75,Scooter,0,75.4,24.82
ORD104350,5.1,High,Clear,Morning,Tue,Suburban,0.31,0,0.9,4.72,Motorcycle,0,68.9,29.58
ORD104351,7.34,Medium,Clear,Afternoon,Mon,Urban,0.7,0,4.0,4.04,Motorcycle,1,45.3,44.9
ORD104352,1.11,Medium,Fog,Afternoon,Mon,Urban,0.21,1,0.3,3.61,Scooter,1,30.6,29.59
ORD104353,4.86,Severe,Clear,Afternoon,Wed,Urban,1.17,0,2.5,4.24,Scooter,1,65.7,41.27
ORD104354,2.77,Medium,Clear,Morning,Tue,Urban,4.0,1,4.1,4.14,Motorcycle,0,48.7,23.88
ORD104355,6.17,Medium,Rain,Afternoon,Thu,Suburban,8.29,0,2.7,5.0,Motorcycle,1,21.9,44.05
ORD104356,8.11,Low,Fog,Night,Sat,Suburban,2.4,0,3.0,4.09,Scooter,0,67.5,35.64
ORD104357,3.77,Medium,Clear,Afternoon,Mon,Rural,2.93,1,1.9,4.18,Motorcycle,1,72.8,25.57
ORD104358,3.47,Medium,Fog,Night,Mon,Urban,0.81,1,2.0,4.39,Motorcycle,0,42.8,38.59
ORD104359,5.04,Low,Rain,Evening,Mon,Suburban,1.67,1,0.2,4.07,Scooter,0,84.9,35.05
ORD104360,6.1,Low,Clear,Night,Sat,Suburban,2.87,0,0.7,4.48,Motorcycle,0,16.6,31.52
ORD104361,11.86,Medium,Fog,Evening,Thu,Rural,1.58,1,3.2,3.89,Electric_Two_Wheeler,0,54.6,54.64
ORD104362,11.44,High,Clear,Evening,Tue,Urban,0.39,1,7.3,4.2,Scooter,0,96.1,54.0
ORD104363,7.6,Medium,Clear,Night,Sun,Suburban,2.9,0,2.0,4.46,Motorcycle,0,27.1,32.75
ORD104364,9.36,Low,Clear,Morning,Thu,Urban,0.7,0,3.2,4.76,Motorcycle,0,25.5,34.85
ORD104365,3.73,High,Clear,Afternoon,Sat,Suburban,0.41,0,2.9,4.07,Scooter,0,44.1,28.67
ORD104366,3.06,Low,Clear,Night,Thu,Urban,1.5,0,15.0,4.06,Scooter,0,34.1,10.67
ORD104367,1.24,Medium,Fog,Evening,Wed,Suburban,0.36,2,4.0,4.92,Scooter,0,29.9,21.97
ORD104368,2.53,Low,Rain,Night,Sun,Suburban,2.19,0,2.5,4.08,Scooter,0,95.5,19.33
ORD104369,5.8,Low,Clear,Evening,Sat,Urban,2.25,0,0.3,4.28,Scooter,1,41.0,35.17
ORD104370,2.49,Low,Rain,Night,Sun,Urban,0.79,1,1.1,4.99,Motorcycle,0,15.4,21.59
ORD104371,4.22,Medium,Clear,Evening,Sun,Urban,6.88,1,0.7,4.33,Electric_Two_Wheeler,1,91.0,34.03
ORD104372,5.3,Low,Clear,Evening,Mon,Urban,3.68,1,4.8,4.2,Scooter,0,50.3,24.94
ORD104373,6.26,Medium,Fog,Afternoon,Tue,Urban,0.43,0,1.5,4.23,Scooter,0,76.2,42.96
ORD104374,13.02,Medium,Clear,Night,Sun,Urban,2.96,1,1.9,4.0,Scooter,0,43.1,52.7
ORD104375,4.17,Medium,Clear,Evening,Wed,Suburban,1.07,1,8.4,4.48,Scooter,0,94.2,27.12
ORD104376,6.01,Medium,Rain,Evening,Wed,Urban,2.97,0,4.5,3.93,Scooter,0,35.9,33.59
ORD104377,3.24,High,Clear,Evening,Sat,Suburban,3.43,0,3.9,4.61,Scooter,0,69.6,23.17
ORD104378,1.93,Low,Fog,Afternoon,Fri,Suburban,0.53,0,0.4,4.31,Electric_Two_Wheeler,0,84.2,22.59
ORD104379,2.71,Medium,Clear,Morning,Mon,Rural,2.37,3,0.1,4.39,Scooter,0,31.4,32.34
ORD104380,3.6,Low,Clear,Night,Tue,Suburban,4.17,0,0.3,4.99,Motorcycle,0,82.1,17.22
ORD104381,5.28,Low,Clear,Evening,Tue,Urban,0.98,0,3.4,3.72,Scooter,0,81.3,21.31
ORD104382,11.57,Medium,Clear,Afternoon,Tue,Suburban,0.37,1,1.3,4.31,Scooter,0,96.8,47.21
ORD104383,3.95,Medium,Clear,Morning,Sat,Urban,0.26,0,0.3,4.56,Electric_Two_Wheeler,0,93.1,27.71
ORD104384,2.9,High,Clear,Evening,Mon,Rural,0.43,1,3.4,4.05,Scooter,1,45.0,27.12
ORD104385,2.89,Medium,Fog,Evening,Sun,Suburban,0.21,0,0.5,4.68,Electric_Two_Wheeler,1,63.1,32.84
ORD104386,4.82,Severe,Extreme_Heat,Evening,Sun,Suburban,0.99,2,2.2,4.08,Scooter,1,93.3,51.2
ORD104387,4.75,Low,Clear,Evening,Sat,Urban,0.91,1,3.4,4.42,Motorcycle,0,10.4,29.67
ORD104388,4.52,Low,Clear,Afternoon,Tue,Suburban,0.43,1,2.3,4.25,Electric_Two_Wheeler,1,66.5,27.82
ORD104389,3.72,Low,Clear,Afternoon,Sun,Suburban,2.31,3,12.6,4.36,Scooter,1,29.4,27.23
ORD104390,6.45,Low,Extreme_Heat,Morning,Thu,Suburban,9.83,0,1.4,4.33,Scooter,0,76.5,29.79
ORD104391,1.06,Medium,Extreme_Heat,Evening,Thu,Urban,4.82,2,0.9,4.29,Motorcycle,0,81.7,21.79
ORD104392,5.75,Medium,Clear,Morning,Mon,Rural,0.78,0,0.6,4.11,Scooter,0,74.2,20.53
ORD104393,3.06,Low,Rain,Evening,Tue,Urban,3.14,0,1.8,4.03,Motorcycle,1,99.6,28.9
ORD104394,5.14,Severe,Clear,Afternoon,Sat,Suburban,5.72,3,4.8,4.43,Scooter,1,53.1,52.86
ORD104395,5.65,High,Clear,Afternoon,Fri,Suburban,4.94,0,7.3,4.32,Scooter,1,60.5,30.27
ORD104396,2.86,Low,Clear,Night,Fri,Urban,4.52,1,8.9,4.02,Scooter,0,46.8,15.28
ORD104397,14.17,Low,Clear,Morning,Fri,Urban,3.29,0,1.9,4.44,Electric_Two_Wheeler,0,97.7,54.97
ORD104398,2.12,Low,Clear,Evening,Thu,Suburban,0.89,1,2.3,4.11,Scooter,1,93.0,18.39
ORD104399,8.75,Low,Clear,Morning,Sat,Urban,0.37,1,2.2,4.92,Scooter,0,98.8,39.54
ORD104400,3.69,Low,Rain,Morning,Fri,Urban,1.54,1,1.6,5.0,Motorcycle,0,98.6,27.75
ORD104401,7.08,Medium,Clear,Afternoon,Tue,Suburban,0.31,1,0.4,4.86,Scooter,1,90.6,43.17
ORD104402,1.31,Low,Clear,Morning,Tue,Suburban,13.17,1,0.2,4.83,Scooter,0,93.8,18.38
ORD104403,5.49,Medium,Clear,Evening,Fri,Suburban,1.09,2,1.4,4.63,Scooter,1,20.8,40.43
ORD104404,3.89,Severe,Clear,Afternoon,Wed,Urban,6.56,1,0.5,4.22,Motorcycle,1,25.6,40.68
ORD104405,5.8,High,Clear,Morning,Fri,Urban,3.17,0,5.4,3.54,Motorcycle,0,89.7,30.39
ORD104406,5.78,Severe,Clear,Morning,Wed,Suburban,1.26,2,3.6,3.89,Scooter,0,75.4,41.26
ORD104407,6.76,Low,Clear,Evening,Mon,Suburban,0.45,2,2.4,4.03,Scooter,1,88.7,36.85
ORD104408,8.64,Medium,Clear,Evening,Mon,Suburban,0.74,1,0.1,4.78,Motorcycle,0,79.3,40.43
ORD104409,10.1,Medium,Clear,Afternoon,Tue,Suburban,2.44,0,2.4,4.4,Motorcycle,1,22.6,50.81
ORD104410,1.52,Low,Clear,Evening,Sat,Urban,3.74,2,2.4,4.04,Scooter,1,92.5,19.92
ORD104411,1.21,Low,Rain,Evening,Thu,Urban,7.97,2,1.4,3.56,Scooter,0,79.4,27.32
ORD104412,3.01,High,Rain,Evening,Sat,Rural,0.48,1,2.7,5.0,Scooter,0,61.4,28.82
ORD104413,4.6,Medium,Clear,Morning,Tue,Urban,0.54,0,4.9,4.51,Motorcycle,0,57.9,24.76
ORD104414,3.08,Medium,Clear,Evening,Tue,Suburban,0.29,2,3.5,4.66,Electric_Two_Wheeler,0,61.6,24.84
ORD104415,7.14,Medium,Clear,Evening,Sat,Rural,0.8,1,1.6,4.09,Scooter,1,45.1,33.8
ORD104416,9.54,Medium,Clear,Evening,Thu,Rural,3.64,0,0.8,4.24,Scooter,0,82.3,32.15
ORD104417,6.51,Low,Clear,Evening,Tue,Suburban,0.64,3,1.6,4.16,Scooter,1,91.8,46.23
ORD104418,1.65,Medium,Clear,Night,Sun,Urban,1.79,0,7.3,4.33,Scooter,0,32.8,11.62
ORD104419,8.81,Low,Clear,Morning,Sun,Rural,1.38,1,4.3,5.0,Scooter,0,13.4,36.4
ORD104420,2.77,Low,Extreme_Heat,Night,Thu,Suburban,0.99,0,0.1,3.82,Electric_Two_Wheeler,0,28.3,19.72
ORD104421,0.96,Severe,Clear,Afternoon,Tue,Urban,2.13,2,3.8,4.28,Scooter,0,78.2,29.14
ORD104422,1.88,Medium,Clear,Evening,Sun,Suburban,1.6,0,0.5,4.44,Motorcycle,1,88.2,20.64
ORD104423,7.06,High,Clear,Morning,Mon,Urban,1.02,0,2.1,4.25,Scooter,0,41.4,39.82
ORD104424,5.87,Medium,Extreme_Heat,Afternoon,Wed,Suburban,2.53,0,4.1,4.7,Motorcycle,1,23.7,36.32
ORD104425,4.05,Medium,Rain,Evening,Tue,Urban,0.86,1,2.1,3.61,Motorcycle,1,87.3,36.91
ORD104426,3.26,Low,Clear,Evening,Wed,Suburban,2.26,1,1.3,5.0,Scooter,0,29.3,14.33
ORD104427,1.75,Low,Fog,Morning,Fri,Suburban,6.5,1,1.0,3.75,Electric_Two_Wheeler,0,31.8,21.23
ORD104428,2.96,Low,Clear,Afternoon,Sun,Suburban,2.81,3,0.9,3.85,Scooter,0,18.3,31.09
ORD104429,1.49,High,Fog,Morning,Tue,Suburban,1.28,1,4.5,4.12,Motorcycle,0,91.9,29.44
ORD104430,5.85,High,Fog,Night,Mon,Suburban,2.95,2,4.4,4.04,Electric_Two_Wheeler,0,39.4,45.25
ORD104431,6.97,Medium,Clear,Night,Thu,Urban,3.51,0,4.3,4.47,Scooter,0,25.5,28.62
ORD104432,6.04,Medium,Rain,Morning,Mon,Urban,0.99,0,0.8,4.42,Motorcycle,0,95.8,41.21
ORD104433,7.35,Severe,Clear,Night,Wed,Suburban,2.64,0,4.0,4.35,Motorcycle,0,40.2,42.72
ORD104434,4.46,Low,Clear,Night,Thu,Urban,1.34,1,0.1,3.73,Electric_Two_Wheeler,0,77.3,28.84
ORD104435,7.14,Low,Clear,Afternoon,Mon,Urban,3.61,1,0.6,4.24,Motorcycle,1,30.7,41.93
ORD104436,0.74,Medium,Rain,Evening,Mon,Urban,0.9,0,1.8,4.31,Scooter,0,75.4,20.55
ORD104437,3.8,High,Clear,Afternoon,Mon,Urban,5.75,1,1.3,4.79,Motorcycle,1,30.9,42.35
ORD104438,5.94,Severe,Clear,Evening,Sat,Suburban,1.91,0,0.3,4.38,Motorcycle,0,67.4,40.7
ORD104439,2.73,Low,Rain,Afternoon,Thu,Suburban,1.07,2,0.1,4.45,Motorcycle,0,49.7,27.0
ORD104440,3.63,High,Clear,Afternoon,Mon,Urban,1.29,0,2.4,5.0,Electric_Two_Wheeler,1,81.9,37.11
ORD104441,3.69,High,Clear,Afternoon,Sun,Suburban,1.05,1,0.9,3.84,Scooter,1,75.7,37.29
ORD104442,4.17,Low,Clear,Morning,Sun,Urban,0.52,0,0.0,4.14,Scooter,0,94.2,18.61
ORD104443,2.22,Medium,Clear,Evening,Mon,Suburban,0.34,2,1.4,3.85,Motorcycle,1,43.9,31.73
ORD104444,3.71,Medium,Clear,Afternoon,Wed,Urban,0.98,0,0.9,4.94,Electric_Two_Wheeler,0,77.9,27.76
ORD104445,6.96,Severe,Clear,Afternoon,Mon,Suburban,1.43,0,2.1,4.97,Motorcycle,0,97.2,35.48
ORD104446,1.72,Low,Extreme_Heat,Night,Sun,Urban,1.1,1,6.6,4.91,Electric_Two_Wheeler,0,40.3,12.34
ORD104447,2.3,High,Rain,Afternoon,Mon,Urban,0.23,1,0.9,4.52,Electric_Two_Wheeler,0,36.1,29.79
ORD104448,3.94,Medium,Clear,Afternoon,Fri,Suburban,1.93,1,14.6,4.45,Electric_Two_Wheeler,1,79.2,28.53
ORD104449,5.86,High,Clear,Night,Thu,Urban,0.51,0,0.2,4.12,Electric_Two_Wheeler,0,50.1,38.35
ORD104450,1.73,Medium,Clear,Night,Fri,Rural,0.67,0,0.2,4.61,Electric_Two_Wheeler,0,45.9,16.15
ORD104451,2.68,Medium,Rain,Morning,Sat,Suburban,0.46,1,3.1,3.79,Motorcycle,0,59.1,29.53
ORD104452,9.98,High,Clear,Afternoon,Wed,Urban,1.67,0,3.5,3.79,Motorcycle,1,94.2,50.81
ORD104453,4.25,High,Clear,Night,Fri,Suburban,0.4,0,1.4,4.13,Scooter,0,17.5,25.83
ORD104454,5.63,High,Fog,Afternoon,Sat,Urban,0.79,2,0.8,5.0,Scooter,1,51.9,58.8
ORD104455,7.38,Low,Clear,Afternoon,Tue,Urban,1.4,2,3.9,4.09,Scooter,0,19.9,40.28
ORD104456,4.26,High,Clear,Morning,Thu,Rural,0.57,0,7.8,4.15,Scooter,0,89.5,27.36
ORD104457,1.76,Low,Fog,Morning,Mon,Urban,1.38,0,11.5,4.42,Scooter,0,22.3,14.01
ORD104458,3.44,Medium,Rain,Evening,Fri,Suburban,1.04,2,2.5,4.66,Electric_Two_Wheeler,0,18.1,31.41
ORD104459,5.85,Medium,Clear,Evening,Fri,Urban,4.14,0,3.4,4.8,Motorcycle,0,96.7,25.6
ORD104460,6.23,Medium,Rain,Night,Mon,Suburban,3.37,0,4.3,3.85,Scooter,0,60.7,36.37
ORD104461,2.78,Medium,Clear,Evening,Mon,Urban,10.08,0,4.0,4.26,Motorcycle,1,84.3,30.18
ORD104462,2.6,Severe,Rain,Morning,Wed,Urban,1.71,0,12.5,4.39,Motorcycle,0,52.3,34.63
ORD104463,2.59,Low,Clear,Morning,Fri,Rural,1.91,1,4.2,4.43,Scooter,0,49.2,13.31
ORD104464,6.27,High,Fog,Night,Fri,Urban,6.06,0,2.7,4.65,Electric_Two_Wheeler,0,92.0,47.08
ORD104465,2.92,Medium,Extreme_Heat,Afternoon,Sun,Suburban,1.22,0,1.2,4.63,Scooter,1,99.1,28.58
ORD104466,1.1,Low,Extreme_Heat,Afternoon,Tue,Suburban,1.82,1,2.3,4.31,Motorcycle,1,65.7,13.62
ORD104467,3.24,Low,Extreme_Heat,Night,Sun,Suburban,1.15,0,5.3,4.76,Scooter,0,92.6,16.07
ORD104468,5.77,Severe,Clear,Evening,Sat,Suburban,1.78,3,0.9,4.69,Motorcycle,1,87.6,55.97
ORD104469,7.1,High,Clear,Morning,Tue,Urban,0.37,0,0.1,4.66,Motorcycle,0,59.0,43.82
ORD104470,2.72,Severe,Clear,Night,Sun,Urban,3.26,3,1.0,4.09,Scooter,0,94.7,41.57
ORD104471,3.91,Severe,Rain,Night,Fri,Rural,8.64,2,8.1,4.59,Electric_Two_Wheeler,0,28.9,45.13
ORD104472,3.78,Low,Fog,Morning,Tue,Suburban,0.34,2,4.0,4.78,Scooter,0,89.6,31.1
ORD104473,3.47,Medium,Clear,Night,Fri,Urban,3.43,0,0.5,4.09,Motorcycle,0,37.8,23.04
ORD104474,3.45,High,Extreme_Heat,Afternoon,Thu,Urban,0.75,0,0.0,4.35,Electric_Two_Wheeler,1,12.7,32.92
ORD104475,5.3,Medium,Fog,Afternoon,Wed,Suburban,0.64,2,2.8,4.93,Electric_Two_Wheeler,1,80.8,43.51
ORD104476,7.23,Medium,Extreme_Heat,Night,Tue,Rural,2.56,1,2.2,4.46,Scooter,0,93.7,27.64
ORD104477,3.52,Medium,Fog,Night,Fri,Rural,0.29,1,0.2,4.26,Scooter,0,29.5,29.29
ORD104478,2.03,Medium,Clear,Afternoon,Tue,Suburban,1.44,1,8.5,4.88,Motorcycle,0,58.1,18.4
ORD104479,5.03,Medium,Clear,Morning,Sat,Urban,0.2,0,2.4,4.11,Scooter,0,77.4,24.56
ORD104480,11.53,Low,Clear,Morning,Wed,Rural,1.82,0,2.6,3.62,Motorcycle,0,39.8,34.67
ORD104481,4.92,Medium,Clear,Evening,Thu,Suburban,1.44,0,4.8,3.99,Motorcycle,0,23.2,24.82
ORD104482,4.41,Medium,Rain,Morning,Mon,Urban,5.14,1,1.0,4.75,Motorcycle,0,45.3,43.67
ORD104483,2.14,Medium,Fog,Afternoon,Mon,Urban,2.75,0,2.0,4.51,Scooter,0,51.1,24.67
ORD104484,1.17,Low,Fog,Morning,Tue,Urban,0.47,1,2.1,4.33,Motorcycle,0,76.8,23.24
ORD104485,3.68,High,Rain,Afternoon,Fri,Suburban,1.08,2,8.6,4.72,Electric_Two_Wheeler,1,27.9,40.8
ORD104486,4.95,Low,Clear,Morning,Sat,Urban,5.56,0,0.4,4.37,Motorcycle,0,83.4,24.98
ORD104487,8.73,Medium,Clear,Evening,Wed,Urban,2.78,2,3.6,4.21,Motorcycle,0,55.2,46.77
ORD104488,4.3,High,Clear,Morning,Thu,Urban,2.0,0,2.1,4.63,Scooter,0,91.4,28.24
ORD104489,1.34,Medium,Clear,Afternoon,Thu,Urban,1.84,1,4.7,4.15,Scooter,1,60.9,20.98
ORD104490,2.17,Low,Clear,Night,Sun,Urban,1.22,0,4.5,4.5,Scooter,0,50.2,16.15
ORD104491,4.51,High,Clear,Evening,Thu,Suburban,1.96,2,0.0,3.98,Motorcycle,1,35.8,41.91
ORD104492,4.5,Medium,Clear,Morning,Mon,Urban,3.15,0,0.7,3.88,Scooter,0,19.6,23.97
ORD104493,6.16,High,Clear,Morning,Wed,Rural,0.47,1,0.5,3.95,Motorcycle,0,43.5,33.2
ORD104494,2.37,High,Rain,Evening,Sun,Suburban,7.2,0,1.5,4.29,Motorcycle,1,47.2,31.29
ORD104495,8.9,Medium,Clear,Afternoon,Mon,Rural,0.75,2,5.9,4.04,Motorcycle,0,61.1,41.35
ORD104496,5.23,Medium,Clear,Evening,Tue,Suburban,1.39,1,0.0,4.05,Scooter,0,87.4,27.28
ORD104497,2.32,Low,Clear,Afternoon,Thu,Urban,0.25,0,1.7,4.24,Motorcycle,1,51.7,21.43
ORD104498,3.37,Low,Extreme_Heat,Afternoon,Wed,Urban,1.8,0,5.4,4.27,Motorcycle,1,38.3,27.25
ORD104499,1.77,Medium,Clear,Afternoon,Thu,Urban,1.16,0,6.5,3.68,Scooter,1,88.6,19.5
ORD104500,6.12,Medium,Clear,Evening,Mon,Rural,0.77,1,2.7,3.29,Scooter,1,76.1,35.42
ORD104501,7.78,Medium,Rain,Night,Mon,Urban,8.67,0,4.4,4.46,Motorcycle,0,37.6,42.79
ORD104502,10.71,Low,Clear,Morning,Mon,Suburban,1.32,0,1.0,4.36,Scooter,0,25.0,41.57
ORD104503,3.83,Low,Extreme_Heat,Afternoon,Thu,Suburban,1.27,0,0.8,3.75,Scooter,1,36.2,21.63
ORD104504,4.62,Medium,Clear,Morning,Wed,Rural,1.44,1,0.1,4.47,Scooter,0,21.1,24.16
ORD104505,4.38,Low,Clear,Afternoon,Wed,Suburban,0.45,0,1.7,4.47,Scooter,1,91.3,23.0
ORD104506,7.51,High,Clear,Night,Tue,Suburban,1.2,0,1.5,4.18,Electric_Two_Wheeler,0,65.1,40.91
ORD104507,2.5,Low,Rain,Afternoon,Thu,Urban,1.02,0,1.2,5.0,Motorcycle,0,87.7,25.95
ORD104508,3.37,Medium,Clear,Night,Tue,Suburban,1.45,0,0.3,4.81,Motorcycle,0,83.8,18.89
ORD104509,4.75,Severe,Clear,Evening,Sat,Urban,4.08,0,0.7,4.14,Electric_Two_Wheeler,1,23.8,43.38
ORD104510,7.23,Low,Clear,Night,Tue,Suburban,0.63,2,0.6,4.15,Motorcycle,0,49.9,31.42
ORD104511,8.4,Medium,Clear,Evening,Tue,Urban,2.07,0,7.2,3.72,Motorcycle,0,97.5,37.16
ORD104512,6.78,Low,Clear,Morning,Tue,Urban,0.28,0,8.5,4.79,Scooter,0,31.0,30.72
ORD104513,3.56,Medium,Rain,Morning,Mon,Rural,0.96,1,0.0,4.4,Motorcycle,0,14.5,25.13
ORD104514,5.61,Medium,Rain,Afternoon,Sat,Urban,1.48,1,0.5,4.63,Scooter,1,41.1,44.38
ORD104515,4.03,Medium,Clear,Morning,Sun,Suburban,0.35,0,5.5,3.45,Scooter,0,56.0,22.87
ORD104516,2.91,Medium,Clear,Afternoon,Tue,Suburban,1.77,0,0.1,4.61,Scooter,0,15.0,21.17
ORD104517,4.35,High,Rain,Afternoon,Wed,Suburban,0.94,0,7.2,4.1,Scooter,0,48.4,31.36
ORD104518,15.88,Low,Clear,Night,Tue,Urban,10.07,0,1.2,4.53,Scooter,0,32.8,68.04
ORD104519,2.47,Low,Clear,Afternoon,Mon,Urban,2.19,0,1.9,4.51,Scooter,1,29.1,16.55
ORD104520,2.66,High,Clear,Evening,Fri,Suburban,0.76,0,3.6,4.29,Motorcycle,1,33.8,24.49
ORD104521,3.85,Medium,Rain,Night,Sun,Suburban,0.42,1,0.7,4.02,Scooter,0,19.5,27.28
ORD104522,7.07,High,,Night,Sat,Urban,0.28,1,0.3,4.46,Motorcycle,0,16.9,49.64
ORD104523,1.32,Medium,Rain,Morning,Fri,Urban,0.39,0,4.2,3.97,Motorcycle,0,63.6,19.94
ORD104524,6.34,High,Clear,Afternoon,Fri,Urban,2.48,1,10.4,4.72,Motorcycle,1,95.3,40.63
ORD104525,2.84,Medium,Clear,Afternoon,Sat,Rural,4.06,2,2.7,4.01,Scooter,1,82.4,25.68
ORD104526,6.04,High,Fog,Afternoon,Thu,Urban,0.54,2,4.4,4.31,Electric_Two_Wheeler,0,85.1,49.84
ORD104527,4.79,Severe,Clear,Afternoon,Sun,Urban,1.23,1,7.1,4.0,Scooter,1,76.2,45.4
ORD104528,3.31,Medium,Extreme_Heat,Evening,Sun,Suburban,1.07,1,0.6,4.36,Motorcycle,0,96.0,22.72
ORD104529,1.66,Low,Extreme_Heat,Afternoon,Wed,Urban,2.27,1,1.1,3.89,Motorcycle,1,95.5,16.81
ORD104530,7.23,Low,Clear,Afternoon,Mon,Rural,0.6,0,0.6,3.98,Scooter,1,80.0,24.32
ORD104531,3.77,Low,Extreme_Heat,Night,Sat,Urban,6.33,0,0.2,5.0,Scooter,0,74.4,18.52
ORD104532,3.3,Low,Clear,Morning,Fri,Urban,2.81,1,3.3,4.64,Scooter,0,37.5,16.25
ORD104533,2.56,Medium,Fog,Afternoon,Mon,Urban,6.41,0,0.4,4.45,Electric_Two_Wheeler,1,18.2,34.56
ORD104534,5.05,Medium,Clear,Evening,Mon,Urban,0.85,0,0.2,4.51,Motorcycle,1,18.4,35.2
ORD104535,7.11,Medium,Clear,Morning,Thu,Urban,1.97,0,1.1,4.42,Electric_Two_Wheeler,0,76.3,34.42
ORD104536,4.05,Medium,Rain,Evening,Fri,Urban,2.84,0,0.2,4.26,Scooter,0,12.6,33.52
ORD104537,2.55,Medium,Rain,Morning,Tue,Urban,2.68,0,0.5,4.6,Scooter,0,83.5,26.2
ORD104538,8.17,Low,Clear,Night,Mon,Suburban,0.24,0,0.2,3.97,Scooter,0,43.0,32.31
ORD104539,2.05,Low,Clear,Afternoon,Fri,Urban,12.94,1,5.2,4.94,Electric_Two_Wheeler,1,27.3,25.04
ORD104540,3.63,Low,Clear,Afternoon,Sun,Rural,5.46,1,3.8,4.35,Scooter,0,46.7,14.63
ORD104541,7.54,Medium,Clear,Evening,Mon,Suburban,0.46,2,4.9,4.62,Scooter,1,73.3,39.39
ORD104542,3.45,Low,Clear,Morning,Thu,Urban,1.77,0,5.1,4.93,Electric_Two_Wheeler,0,34.8,14.72
ORD104543,1.59,Low,Clear,Afternoon,Thu,Urban,0.96,3,7.2,4.5,Motorcycle,1,25.6,28.28
ORD104544,4.59,Medium,Clear,Afternoon,Tue,Urban,4.42,1,0.5,3.98,Motorcycle,1,76.4,42.19
ORD104545,8.31,High,Clear,Afternoon,Thu,Urban,2.59,0,5.8,4.79,Scooter,1,89.3,49.38
ORD104546,2.86,Low,Clear,Afternoon,Fri,Urban,0.71,0,1.9,4.98,Motorcycle,1,62.7,21.68
ORD104547,3.1,Medium,Clear,Evening,Sat,Urban,0.27,0,0.5,3.52,Electric_Two_Wheeler,0,57.1,24.29
ORD104548,7.18,High,Clear,Evening,Thu,Suburban,0.89,3,2.7,4.26,Motorcycle,0,77.9,51.65
ORD104549,0.71,High,Extreme_Heat,Evening,Sat,Suburban,0.28,0,1.0,4.42,Scooter,1,75.9,21.9
ORD104550,8.44,Severe,Clear,Afternoon,Tue,Urban,0.5,2,0.1,4.19,Scooter,1,10.6,75.34
ORD104551,2.72,Low,,Morning,Sun,Urban,2.22,1,0.2,3.8,Scooter,0,35.4,27.21
ORD104552,1.36,Low,Rain,Evening,Wed,Suburban,2.93,0,1.4,3.95,Motorcycle,0,93.9,11.35
ORD104553,3.53,High,Rain,Night,Mon,Urban,1.46,0,4.4,3.56,Scooter,0,96.4,28.85
ORD104554,5.81,Medium,Rain,Afternoon,Mon,Suburban,2.03,2,0.9,4.68,Motorcycle,0,55.9,49.71
ORD104555,3.32,Medium,Fog,Afternoon,Fri,Suburban,0.54,0,3.6,4.85,Motorcycle,1,60.4,35.35
ORD104556,1.89,High,Clear,Afternoon,Tue,Rural,0.96,0,0.1,4.84,Motorcycle,1,10.1,25.03
ORD104557,7.11,High,Clear,Afternoon,Tue,Urban,2.7,1,1.3,4.29,Scooter,0,70.5,43.65
ORD104558,3.7,Severe,Rain,Evening,Tue,Rural,1.11,2,0.3,4.41,Motorcycle,0,29.1,47.06
ORD104559,1.32,Severe,Clear,Morning,Mon,Suburban,1.06,1,5.0,4.73,Motorcycle,0,21.5,30.69
ORD104560,5.06,High,Fog,Evening,Thu,Suburban,0.63,1,8.6,4.21,Scooter,1,37.4,48.55
ORD104561,1.6,Low,Clear,Morning,Mon,Urban,2.01,1,1.0,3.92,Electric_Two_Wheeler,0,69.8,15.63
ORD104562,10.82,High,Rain,Afternoon,Mon,Urban,3.52,3,11.2,4.07,Scooter,0,49.3,67.05
ORD104563,4.27,Low,Clear,Evening,Mon,Rural,1.47,0,3.5,4.37,Motorcycle,1,41.4,19.86
ORD104564,2.37,Low,Clear,Afternoon,Sun,Suburban,0.45,0,0.0,4.01,Scooter,1,75.4,15.37
ORD104565,2.33,High,Clear,Morning,Sun,Urban,3.84,0,1.7,4.49,Motorcycle,0,83.2,19.59
ORD104566,4.15,Low,Rain,Night,Thu,Urban,0.35,0,4.5,3.76,Motorcycle,0,88.2,24.76
ORD104567,9.35,Low,Fog,Night,Wed,Urban,1.48,1,1.9,4.2,Scooter,0,50.0,51.27
ORD104568,2.69,Low,Clear,Evening,Fri,Suburban,0.81,0,2.0,4.46,Motorcycle,1,74.6,13.98
ORD104569,3.4,High,Fog,Afternoon,Wed,Suburban,5.71,1,1.5,4.35,Motorcycle,0,89.7,43.49
ORD104570,4.97,Medium,Clear,Morning,Wed,Urban,2.88,0,1.3,4.01,Motorcycle,0,91.8,25.04
ORD104571,3.44,High,Clear,Night,Mon,Urban,1.87,0,0.1,4.59,Scooter,0,54.3,24.49
ORD104572,1.57,Low,Clear,Afternoon,Wed,Urban,2.4,1,2.4,4.4,Scooter,1,42.0,19.17
ORD104573,4.17,High,Clear,Night,Mon,Urban,1.72,0,3.6,3.46,Motorcycle,0,91.0,21.02
ORD104574,2.65,High,Clear,Afternoon,Mon,Urban,0.52,0,3.9,4.48,Scooter,1,33.5,29.24
ORD104575,3.32,Medium,Clear,Afternoon,Fri,Urban,2.67,0,2.4,4.13,Motorcycle,0,81.7,17.83
ORD104576,10.13,Medium,Rain,Night,Tue,Urban,1.56,0,1.0,4.09,Scooter,0,91.8,45.61
ORD104577,3.44,Low,Rain,Afternoon,Mon,Rural,2.21,0,0.1,3.97,Scooter,0,76.6,21.49
ORD104578,0.93,Severe,Clear,Morning,Sun,Suburban,0.29,1,5.7,3.9,Motorcycle,0,71.2,26.84
ORD104579,3.23,Medium,Clear,Morning,Wed,Rural,0.51,0,1.4,4.38,Motorcycle,0,14.6,26.25
ORD104580,3.78,Severe,Clear,Afternoon,Fri,Urban,1.98,0,2.3,4.52,Motorcycle,1,28.3,40.25
ORD104581,5.75,Medium,Clear,Morning,Sat,Suburban,1.43,0,0.5,4.36,Electric_Two_Wheeler,0,70.0,28.2
ORD104582,4.58,High,Clear,Afternoon,Sat,Suburban,0.71,0,0.4,4.68,Motorcycle,0,80.7,29.19
ORD104583,4.53,High,Clear,Afternoon,Sat,Urban,0.75,0,0.2,4.53,Motorcycle,1,15.7,29.83
ORD104584,4.78,High,Extreme_Heat,Evening,Wed,Urban,2.2,0,4.0,3.5,Electric_Two_Wheeler,1,11.7,40.89
ORD104585,6.25,Severe,Fog,Afternoon,Tue,Suburban,0.32,3,2.6,,Motorcycle,0,38.0,58.81
ORD104586,1.55,Medium,Clear,Night,Thu,Rural,1.34,0,2.4,4.78,Motorcycle,0,68.0,12.78
ORD104587,12.41,Low,Clear,Morning,Tue,Urban,1.68,1,6.3,3.79,Scooter,0,56.1,48.87
ORD104588,3.11,High,Clear,Evening,Fri,Urban,0.94,0,0.4,3.21,Electric_Two_Wheeler,1,10.8,34.76
ORD104589,1.98,High,Rain,Morning,Tue,Suburban,3.64,1,0.5,5.0,Scooter,0,23.6,27.34
ORD104590,5.06,Medium,Clear,Evening,Sat,Rural,0.32,0,0.5,4.42,Scooter,0,77.7,25.42
ORD104591,3.35,Low,Clear,Night,Tue,Suburban,4.22,0,1.4,4.03,Scooter,0,36.8,17.14
ORD104592,6.78,Medium,Rain,Evening,Fri,Urban,2.77,2,5.2,3.96,Scooter,0,20.5,49.84
ORD104593,2.73,Medium,Clear,Evening,Fri,Urban,1.38,0,5.3,4.55,Scooter,1,14.6,23.39
ORD104594,7.33,Medium,Clear,Afternoon,Sat,Urban,5.37,2,2.2,4.49,Motorcycle,1,86.5,51.86
ORD104595,2.0,Medium,Clear,Evening,Sun,Suburban,2.62,0,2.7,4.43,Motorcycle,1,52.4,20.93
ORD104596,10.89,High,Clear,Night,Wed,Suburban,5.55,1,5.7,4.22,Scooter,0,55.3,50.35
ORD104597,3.89,Low,Clear,Night,Mon,Suburban,1.48,2,2.4,3.79,Motorcycle,0,15.5,23.49
ORD104598,9.1,Medium,Clear,Afternoon,Thu,Urban,1.41,1,0.7,4.29,Motorcycle,1,54.0,51.96
ORD104599,1.81,Low,Clear,Night,Thu,Rural,1.71,0,3.1,4.73,Motorcycle,0,68.1,8.16
ORD104600,6.07,Low,Clear,Morning,Sat,Suburban,0.34,0,3.7,4.08,Scooter,0,21.1,23.43
ORD104601,5.98,High,Rain,Afternoon,Sun,Rural,4.98,0,2.5,4.54,Electric_Two_Wheeler,1,91.2,43.37
ORD104602,3.52,Severe,Clear,Morning,Thu,Suburban,2.4,1,0.8,4.14,Scooter,0,80.5,36.03
ORD104603,0.96,Medium,Clear,Afternoon,Tue,Suburban,2.12,0,1.3,4.62,Scooter,0,82.2,13.54
ORD104604,6.11,High,Rain,Evening,Fri,Suburban,5.42,0,1.6,3.91,Scooter,1,58.3,49.48
ORD104605,3.2,High,Rain,Night,Sun,Urban,10.31,0,0.4,4.31,Motorcycle,0,40.1,37.26
ORD104606,8.22,High,Fog,Evening,Fri,Rural,0.56,2,1.5,4.48,Motorcycle,1,67.6,53.96
ORD104607,6.92,Low,Clear,Evening,Sat,Urban,2.96,0,0.4,,Scooter,1,30.3,34.23
ORD104608,8.19,Severe,Clear,Afternoon,Fri,Suburban,1.93,0,1.7,4.45,Scooter,0,22.3,47.24
ORD104609,5.49,Medium,Rain,Evening,Mon,Rural,1.44,1,0.1,4.29,Motorcycle,0,58.4,40.72
ORD104610,4.24,Medium,Rain,Afternoon,Fri,Urban,7.8,1,7.4,4.28,Motorcycle,0,53.1,29.43
ORD104611,9.3,Low,Clear,Evening,Fri,Suburban,4.0,0,0.7,4.03,Scooter,0,23.5,35.19
ORD104612,15.22,Medium,Extreme_Heat,Evening,Sun,Suburban,2.59,0,1.6,4.7,Motorcycle,0,57.7,63.99
ORD104613,4.0,Low,Clear,Evening,Tue,Suburban,1.16,0,0.1,3.92,Electric_Two_Wheeler,1,59.2,25.33
ORD104614,8.11,Low,Extreme_Heat,Afternoon,Wed,Suburban,2.39,1,0.5,4.41,Scooter,1,88.4,42.04
ORD104615,2.57,Medium,Fog,Night,Thu,Suburban,1.72,0,3.0,3.96,Motorcycle,0,78.3,19.41
ORD104616,1.94,High,Rain,Afternoon,Tue,Suburban,0.77,0,0.3,4.27,Scooter,0,29.6,31.75
ORD104617,2.6,High,Extreme_Heat,Afternoon,Tue,Urban,1.4,0,2.5,4.56,Motorcycle,0,83.6,24.88
ORD104618,2.46,Medium,Rain,Evening,Tue,Urban,0.68,1,0.0,4.18,Scooter,1,97.2,30.22
ORD104619,6.23,High,Clear,Afternoon,Thu,Urban,1.59,0,1.6,3.07,Scooter,0,74.5,37.45
ORD104620,2.92,High,Clear,Night,Sat,Suburban,2.75,0,3.2,3.76,Motorcycle,0,80.8,27.5
ORD104621,2.04,High,Clear,Afternoon,Tue,Urban,0.27,0,6.5,3.44,Motorcycle,1,34.0,26.29
ORD104622,2.06,Low,Clear,Afternoon,Wed,Suburban,3.1,0,1.7,4.33,Scooter,0,99.3,10.62
ORD104623,5.41,High,Rain,Night,Sat,Urban,0.24,0,4.6,4.3,Scooter,0,25.9,39.47
ORD104624,6.2,Severe,Clear,Afternoon,Fri,Suburban,1.66,1,4.1,4.16,Scooter,1,77.6,48.66
ORD104625,5.66,High,Clear,Afternoon,Wed,Urban,1.9,0,0.9,4.05,Motorcycle,1,45.6,38.36
ORD104626,6.06,Medium,Clear,Afternoon,Sun,Suburban,3.06,0,5.2,4.39,Motorcycle,1,42.1,32.18
ORD104627,3.2,Medium,Fog,Afternoon,Sat,Suburban,3.06,1,2.6,3.72,Motorcycle,1,35.7,32.87
ORD104628,12.17,Medium,Clear,Evening,Fri,Rural,1.28,1,0.3,4.68,Motorcycle,1,49.7,47.3
ORD104629,3.25,Medium,Clear,Morning,Fri,Suburban,0.34,0,7.0,4.33,Motorcycle,0,81.2,19.39
ORD104630,2.81,Low,Clear,Night,Tue,Suburban,2.57,0,0.5,3.92,Motorcycle,0,94.7,13.27
ORD104631,6.13,Medium,Rain,Evening,Tue,Rural,1.63,0,1.6,4.13,Motorcycle,1,47.5,36.51
ORD104632,3.17,High,Clear,Morning,Thu,Suburban,1.01,1,1.6,4.25,Motorcycle,0,68.7,25.3
ORD104633,2.78,High,Rain,Evening,Mon,Urban,0.74,0,2.5,3.75,Electric_Two_Wheeler,0,80.9,28.22
ORD104634,3.34,Low,Clear,Evening,Wed,Suburban,0.46,3,2.7,4.57,Scooter,0,19.0,26.36
ORD104635,4.48,Severe,Clear,Morning,Thu,Suburban,0.9,0,0.7,4.69,Scooter,0,96.4,33.76
ORD104636,7.34,Medium,Extreme_Heat,Afternoon,Thu,Urban,1.43,0,1.1,4.35,Scooter,1,29.0,42.47
ORD104637,1.3,High,Clear,Afternoon,Wed,Suburban,1.5,0,0.4,4.68,Motorcycle,1,92.4,24.52
ORD104638,7.36,High,Clear,Evening,Sat,Suburban,1.95,0,0.3,5.0,Scooter,1,98.8,47.16
ORD104639,1.54,High,Clear,Evening,Sun,Rural,1.1,1,4.4,3.55,Scooter,1,19.0,30.45
ORD104640,1.67,Severe,Clear,Afternoon,Wed,Rural,5.25,1,3.5,4.32,Electric_Two_Wheeler,1,90.3,32.75
ORD104641,4.63,Medium,Clear,Evening,Fri,Urban,1.57,0,1.5,3.76,Electric_Two_Wheeler,1,67.7,28.96
ORD104642,1.36,High,Clear,Evening,Sun,Urban,1.3,0,0.3,4.92,Electric_Two_Wheeler,0,83.6,14.05
ORD104643,2.73,Low,Clear,Evening,Mon,Urban,0.3,1,1.5,4.4,Scooter,0,19.8,18.55
ORD104644,6.86,High,Clear,Evening,Sat,Urban,2.03,3,0.9,4.02,Electric_Two_Wheeler,0,85.1,46.13
ORD104645,6.12,High,Rain,Afternoon,Tue,Suburban,2.05,0,3.8,4.2,Scooter,0,66.3,38.82
ORD104646,7.33,High,Rain,Night,Mon,Urban,1.95,2,0.3,4.83,Scooter,0,56.0,59.37
ORD104647,2.61,Low,Clear,Evening,Mon,Suburban,4.57,0,1.5,4.48,Scooter,0,60.4,12.3
ORD104648,3.27,High,Clear,Evening,Tue,Suburban,3.08,0,2.2,4.53,Motorcycle,0,77.0,19.72
ORD104649,1.59,Low,Clear,Afternoon,Mon,Suburban,4.24,1,10.6,4.9,Scooter,1,36.8,15.09
ORD104650,3.34,Low,Clear,Morning,Sat,Urban,0.32,2,0.2,4.68,Motorcycle,0,94.9,23.43
ORD104651,1.63,High,Clear,Afternoon,Sat,Urban,0.97,1,0.3,4.75,Motorcycle,1,37.7,33.24
ORD104652,15.58,Medium,Clear,Afternoon,Sat,Urban,0.97,0,11.1,4.25,Scooter,1,88.9,60.63
ORD104653,5.14,High,Clear,Evening,Thu,Urban,2.34,0,1.3,3.4,Scooter,1,11.1,36.7
ORD104654,4.45,Medium,Clear,Afternoon,Thu,Rural,1.39,0,3.4,4.34,Scooter,1,92.5,27.97
ORD104655,2.52,Low,Clear,Evening,Sat,Suburban,3.21,0,3.8,4.03,Electric_Two_Wheeler,0,86.6,7.46
ORD104656,2.37,High,Extreme_Heat,Evening,Tue,Urban,1.17,0,0.9,4.62,Scooter,0,21.2,27.97
ORD104657,2.98,Medium,Clear,Evening,Tue,Suburban,0.7,0,0.6,3.59,Scooter,0,76.3,16.9
ORD104658,4.81,Low,Rain,Morning,Wed,Urban,0.89,1,0.8,4.63,Scooter,0,43.7,35.65
ORD104659,1.96,High,Fog,Night,Wed,Suburban,0.6,1,3.6,4.38,Electric_Two_Wheeler,0,53.2,31.16
ORD104660,1.6,Medium,,Evening,Sat,Urban,0.64,0,4.6,4.44,Scooter,0,16.2,15.58
ORD104661,0.71,Medium,Clear,Evening,Sun,Suburban,0.69,0,3.0,4.55,Scooter,1,29.1,18.07
ORD104662,5.22,Medium,Clear,Afternoon,Mon,Urban,0.23,0,1.5,4.29,Scooter,0,95.8,28.15
ORD104663,3.59,High,Clear,Afternoon,Mon,Urban,2.72,0,0.8,4.17,Electric_Two_Wheeler,1,47.6,28.56
ORD104664,2.96,High,Clear,Morning,Tue,Urban,1.22,0,1.4,4.75,Scooter,0,12.3,25.4
ORD104665,1.93,High,Rain,Afternoon,Sun,Urban,0.25,1,6.1,4.54,Motorcycle,1,56.4,29.04
ORD104666,2.97,Low,Clear,Morning,Mon,Suburban,1.12,0,5.0,4.58,Scooter,0,99.5,10.69
ORD104667,8.31,High,Clear,Evening,Fri,Urban,4.92,0,1.0,4.27,Electric_Two_Wheeler,1,40.0,42.43
ORD104668,2.3,High,Rain,Evening,Thu,Suburban,1.63,1,1.0,4.34,Motorcycle,0,22.7,38.76
ORD104669,5.6,High,Rain,Afternoon,Mon,Suburban,8.85,0,3.8,4.29,Motorcycle,0,67.9,39.26
ORD104670,6.11,Medium,Clear,Afternoon,Mon,Suburban,1.75,0,1.4,3.6,Scooter,1,92.8,35.16
ORD104671,1.84,High,Rain,Night,Wed,Suburban,6.78,1,2.1,3.75,Scooter,0,87.3,27.86
ORD104672,2.06,High,Clear,Morning,Fri,Urban,0.65,0,1.4,4.25,Scooter,0,69.1,23.54
ORD104673,3.72,Low,Clear,Evening,Mon,Suburban,0.88,1,0.7,3.55,Motorcycle,1,26.6,28.26
ORD104674,11.79,Medium,Clear,Morning,Thu,Rural,2.61,0,0.5,4.26,Electric_Two_Wheeler,0,80.6,43.89
ORD104675,6.89,High,,Morning,Mon,Suburban,8.86,0,0.4,3.94,Scooter,0,84.1,38.27
ORD104676,3.72,Low,Extreme_Heat,Morning,Tue,Suburban,3.69,1,0.0,4.27,Electric_Two_Wheeler,0,86.5,27.28
ORD104677,7.04,Severe,Clear,Evening,Fri,Suburban,1.81,0,0.8,4.37,Scooter,0,46.4,41.6
ORD104678,0.92,High,Clear,Afternoon,Mon,Urban,0.38,0,0.5,3.56,Electric_Two_Wheeler,0,46.8,19.3
ORD104679,3.53,Medium,Clear,Night,Sun,Suburban,1.11,1,0.7,4.43,Scooter,0,24.0,24.35
ORD104680,0.9,Low,Clear,Afternoon,Fri,Rural,0.38,0,0.2,4.12,Scooter,0,79.5,5.0
ORD104681,4.27,Low,Clear,Morning,Mon,Urban,0.95,0,1.0,3.37,Motorcycle,0,76.4,15.02
ORD104682,5.93,Severe,Clear,Evening,Thu,Suburban,0.8,0,1.8,4.12,Motorcycle,0,19.0,40.8
ORD104683,2.73,Low,Fog,Morning,Thu,Urban,1.18,1,7.2,4.45,Motorcycle,0,11.8,25.77
ORD104684,2.64,High,Clear,Evening,Fri,Urban,3.83,0,1.1,4.14,Motorcycle,1,95.7,28.16
ORD104685,3.78,Medium,Clear,Morning,Sat,Suburban,0.53,0,0.1,4.11,Motorcycle,0,11.6,27.04
ORD104686,2.87,Low,Clear,Afternoon,Wed,Suburban,0.93,1,1.1,4.36,Scooter,1,66.6,27.42
ORD104687,3.16,Low,Clear,Evening,Wed,Suburban,0.81,1,4.2,4.11,Scooter,0,50.8,19.93
ORD104688,7.48,Medium,Clear,Night,Tue,Rural,0.9,1,1.0,4.19,Scooter,0,80.0,34.74
ORD104689,6.13,Severe,Fog,Afternoon,Sat,Urban,1.09,0,0.9,3.77,Motorcycle,0,17.9,53.28
ORD104690,4.84,Medium,Extreme_Heat,Evening,Wed,Suburban,0.76,0,6.3,4.09,Motorcycle,1,71.4,31.36
ORD104691,1.41,Medium,Clear,Morning,Fri,Urban,5.91,0,0.9,5.0,Motorcycle,0,65.3,16.63
ORD104692,5.39,Medium,Clear,Evening,Wed,Urban,1.29,1,8.8,4.37,Motorcycle,0,86.8,30.08
ORD104693,3.69,Medium,Fog,Evening,Tue,Urban,0.44,1,4.5,4.41,Scooter,1,56.7,39.98
ORD104694,2.9,Medium,Clear,Morning,Mon,Suburban,1.46,0,2.9,4.04,Motorcycle,0,75.5,18.12
ORD104695,3.17,High,Clear,Afternoon,Wed,Urban,0.61,0,2.3,4.14,Scooter,0,49.4,23.91
ORD104696,8.42,Medium,Clear,Morning,Fri,Suburban,0.69,0,0.6,4.21,Motorcycle,0,98.6,36.73
ORD104697,6.74,Medium,Rain,Afternoon,Fri,Suburban,0.87,0,3.3,4.65,Scooter,1,60.3,39.98
ORD104698,3.14,Low,Clear,Morning,Tue,Urban,0.47,0,1.1,4.78,Motorcycle,0,77.8,21.46
ORD104699,9.59,Severe,Fog,Evening,Sun,Suburban,2.75,1,1.7,4.12,Motorcycle,0,18.4,63.27
ORD104700,6.43,Low,Rain,Night,Tue,Urban,3.34,0,0.3,4.29,Scooter,0,51.6,43.97
ORD104701,2.36,Low,Clear,Morning,Sun,Urban,1.2,1,0.9,4.21,Motorcycle,0,15.8,24.85
ORD104702,2.32,High,Rain,Afternoon,Thu,Suburban,2.54,1,1.9,4.6,Scooter,1,21.0,32.4
ORD104703,4.23,Medium,Fog,Evening,Thu,Urban,1.19,0,1.6,4.49,Scooter,0,55.6,36.53
ORD104704,2.04,Medium,Clear,Night,Thu,Suburban,0.56,1,1.1,4.26,Motorcycle,0,41.7,19.04
ORD104705,10.29,Medium,Clear,Afternoon,Sun,Suburban,1.21,1,1.6,4.7,Motorcycle,0,51.4,46.65
ORD104706,4.3,High,Clear,Afternoon,Mon,Suburban,1.83,2,3.4,4.51,Scooter,1,54.7,44.19
ORD104707,2.12,Low,Clear,Afternoon,Fri,Suburban,0.28,1,1.5,3.99,Scooter,1,24.4,18.07
ORD104708,8.8,High,Clear,Afternoon,Thu,Urban,2.33,1,1.8,4.3,Motorcycle,1,42.9,52.76
ORD104709,0.88,Medium,Clear,Morning,Fri,Urban,2.91,0,3.0,4.23,Motorcycle,0,87.5,14.5
ORD104710,4.32,Medium,Clear,Afternoon,Tue,Urban,4.13,3,4.6,3.9,Scooter,0,87.1,33.12
ORD104711,3.59,Medium,Fog,Morning,Mon,Urban,0.42,0,1.9,4.21,Electric_Two_Wheeler,0,54.2,23.01
ORD104712,1.58,Low,Clear,Evening,Tue,Urban,0.2,1,7.4,4.76,Motorcycle,1,77.4,20.63
ORD104713,9.26,High,Clear,Afternoon,Fri,Rural,0.35,3,1.1,4.74,Scooter,0,77.8,50.7
ORD104714,2.8,Medium,Clear,Afternoon,Sat,Urban,5.36,1,0.7,4.67,Scooter,1,14.0,30.38
ORD104715,2.57,Medium,Clear,Morning,Sun,Suburban,3.1,1,3.0,4.61,Motorcycle,0,65.0,20.82
ORD104716,6.17,Medium,Clear,Night,Sat,Urban,3.81,0,0.5,4.38,Motorcycle,0,82.4,38.98
ORD104717,4.21,Severe,Clear,Night,Thu,Urban,1.66,0,5.8,4.06,Scooter,0,63.5,38.22
ORD104718,2.17,Medium,Clear,Morning,Sat,Urban,1.7,1,1.2,4.53,Electric_Two_Wheeler,0,58.7,18.06
ORD104719,2.78,Severe,Rain,Afternoon,Tue,Suburban,0.91,0,3.0,3.64,Scooter,1,57.8,40.96
ORD104720,8.52,Medium,Rain,Evening,Sun,Urban,3.9,2,2.1,4.03,Motorcycle,0,55.7,56.43
ORD104721,3.33,Low,Clear,Morning,Sat,Urban,3.74,0,0.1,4.74,Scooter,0,80.0,21.56
ORD104722,11.63,Low,Rain,Afternoon,Wed,Suburban,1.2,1,3.1,4.1,Electric_Two_Wheeler,1,67.8,50.66
ORD104723,2.01,Medium,Rain,Afternoon,Mon,Suburban,1.0,1,3.9,4.56,Motorcycle,1,29.4,27.76
ORD104724,3.05,Low,Clear,Night,Fri,Urban,2.88,0,10.1,4.15,Scooter,0,49.0,9.71
ORD104725,2.41,Low,Extreme_Heat,Night,Sun,Suburban,0.25,0,1.3,4.52,Electric_Two_Wheeler,0,57.6,18.06
ORD104726,5.87,Severe,Fog,Evening,Thu,Suburban,4.13,0,1.7,3.68,Scooter,0,47.7,44.7
ORD104727,11.98,High,Clear,Afternoon,Tue,Suburban,1.38,0,5.2,4.81,Motorcycle,1,31.4,60.29
ORD104728,4.03,High,Clear,Night,Mon,Urban,1.36,0,0.8,3.85,Motorcycle,0,21.2,33.23
ORD104729,4.49,Low,Clear,Night,Thu,Urban,2.41,1,0.5,3.76,Motorcycle,0,20.6,24.54
ORD104730,2.95,Low,Clear,Night,Tue,Urban,2.28,0,0.4,4.79,Electric_Two_Wheeler,0,36.7,12.33
ORD104731,1.49,Low,Rain,Morning,Sat,Rural,0.82,0,9.6,4.3,Electric_Two_Wheeler,0,46.2,10.04
ORD104732,3.34,High,Clear,Morning,Sun,Urban,5.94,0,0.8,4.18,Electric_Two_Wheeler,0,71.5,28.63
ORD104733,5.1,Severe,Rain,Evening,Fri,Rural,8.79,1,3.5,4.93,Scooter,1,98.6,53.71
ORD104734,2.68,Medium,Rain,Afternoon,Sun,Urban,1.69,1,1.5,4.59,Scooter,1,90.8,33.41
ORD104735,1.59,Low,Rain,Morning,Wed,Urban,1.85,1,0.7,4.12,Motorcycle,0,83.2,12.71
ORD104736,0.75,Medium,Rain,Morning,Wed,Urban,1.82,0,6.1,4.25,Motorcycle,0,83.2,18.71
ORD104737,9.58,Medium,Clear,Night,Sun,Urban,1.53,1,1.6,4.73,Motorcycle,0,63.6,40.63
ORD104738,2.93,Medium,Clear,Night,Sat,Rural,6.01,0,2.1,3.91,Scooter,0,32.7,10.81
ORD104739,4.96,Medium,Rain,Afternoon,Fri,Suburban,0.76,1,0.6,4.88,Motorcycle,1,52.5,42.86
ORD104740,7.23,High,Clear,Night,Mon,Suburban,0.43,1,1.0,4.12,Electric_Two_Wheeler,0,22.8,36.77
ORD104741,8.16,Low,Clear,Evening,Fri,Suburban,5.51,0,3.4,3.95,Scooter,0,61.0,31.21
ORD104742,2.64,Low,Fog,Evening,Sat,Suburban,0.68,0,1.1,4.73,Scooter,1,12.1,29.09
ORD104743,4.83,Severe,Rain,Afternoon,Tue,Rural,2.97,0,1.8,4.59,Scooter,0,27.1,37.52
ORD104744,5.17,Low,Clear,Morning,Sun,Urban,0.66,0,0.3,3.59,Scooter,0,74.1,24.99
ORD104745,6.6,Low,Rain,Afternoon,Sun,Suburban,6.65,0,4.7,4.26,Motorcycle,0,34.9,30.04
ORD104746,5.13,Low,Rain,Afternoon,Sun,Suburban,3.33,2,3.3,3.86,Electric_Two_Wheeler,1,47.8,38.9
ORD104747,4.49,Low,Clear,Evening,Sun,Rural,5.22,0,3.6,4.62,Scooter,1,84.9,20.47
ORD104748,2.03,Medium,Clear,Morning,Mon,Suburban,6.23,0,0.5,4.99,Motorcycle,0,14.0,17.25
ORD104749,5.78,High,Extreme_Heat,Night,Wed,Rural,0.38,0,1.7,4.52,Motorcycle,0,12.0,32.52
ORD104750,3.78,Medium,Clear,Morning,Sat,Suburban,1.34,0,0.1,4.0,Scooter,0,30.6,18.81
ORD104751,8.86,Medium,Clear,Morning,Tue,Urban,2.29,1,0.9,4.66,Motorcycle,0,71.6,47.5
ORD104752,5.81,High,Clear,Afternoon,Sat,Urban,3.44,0,1.1,4.28,Motorcycle,1,31.3,38.88
ORD104753,1.07,Medium,Rain,Afternoon,Thu,Suburban,0.75,0,6.1,4.27,Motorcycle,0,87.7,13.56
ORD104754,1.94,High,Clear,Afternoon,Thu,Suburban,5.12,1,12.3,4.11,Motorcycle,1,41.7,23.97
ORD104755,2.96,High,Clear,Evening,Thu,Urban,0.7,2,2.4,4.34,Motorcycle,1,35.5,35.02
ORD104756,3.72,Low,Clear,Afternoon,Wed,Urban,4.22,0,1.8,4.27,Scooter,0,31.0,17.37
ORD104757,12.85,High,Extreme_Heat,Evening,Fri,Urban,1.64,2,1.4,3.34,Scooter,1,61.7,77.6
ORD104758,6.23,Medium,Clear,Evening,Mon,Suburban,1.65,0,0.0,4.31,Scooter,1,87.1,32.3
ORD104759,2.42,Severe,Clear,Morning,Sun,Urban,1.14,1,4.0,4.24,Scooter,0,46.5,31.51
ORD104760,6.34,Medium,Extreme_Heat,Evening,Wed,Suburban,0.42,0,2.8,4.44,Scooter,0,32.7,33.73
ORD104761,4.36,Severe,Clear,Night,Tue,Urban,1.05,0,2.6,3.5,Scooter,0,47.9,38.05
ORD104762,6.38,High,Extreme_Heat,Morning,Tue,Urban,1.31,0,4.1,4.5,Motorcycle,0,91.4,37.11
ORD104763,3.14,Low,Extreme_Heat,Afternoon,Thu,Rural,1.5,0,6.6,4.31,Motorcycle,1,40.1,23.06
ORD104764,13.57,Medium,Fog,Night,Mon,Urban,2.89,0,1.2,4.5,Scooter,0,69.0,68.87
ORD104765,9.55,Severe,Clear,Afternoon,Thu,Urban,1.07,0,1.4,3.65,Scooter,0,39.7,58.24
ORD104766,5.67,High,Rain,Afternoon,Tue,Urban,1.24,0,9.2,3.81,Motorcycle,0,70.7,38.96
ORD104767,2.91,Low,Rain,Night,Tue,Urban,4.93,1,2.7,3.55,Scooter,0,89.3,24.37
ORD104768,6.37,High,Extreme_Heat,Morning,Sun,Suburban,2.99,0,4.8,4.36,Scooter,0,63.9,32.63
ORD104769,1.49,Medium,Clear,Morning,Fri,Urban,0.25,1,0.6,4.16,Motorcycle,0,95.3,14.17
ORD104770,9.98,Low,Rain,Night,Sun,Suburban,3.54,1,1.0,4.24,Scooter,0,64.1,45.82
ORD104771,8.68,Medium,Clear,Night,Fri,Urban,9.4,0,1.2,3.74,Scooter,0,97.7,43.21
ORD104772,5.27,Low,Clear,Afternoon,Sun,Suburban,5.82,2,1.0,3.82,Scooter,0,75.1,28.64
ORD104773,2.08,High,Clear,Afternoon,Fri,Suburban,3.82,3,5.4,3.3,Scooter,0,68.8,29.7
ORD104774,3.13,Medium,Rain,Evening,Thu,Rural,2.18,1,1.8,3.76,Electric_Two_Wheeler,0,84.7,31.48
ORD104775,0.91,High,Clear,Evening,Sat,Rural,0.85,1,7.7,4.04,Scooter,1,11.0,30.41
ORD104776,0.93,Low,Clear,Afternoon,Mon,Urban,2.33,0,1.0,4.06,Motorcycle,0,33.2,5.43
ORD104777,3.41,Medium,Extreme_Heat,Morning,Fri,Urban,2.58,0,0.1,4.27,Motorcycle,0,29.4,26.04
ORD104778,1.95,Low,Clear,Afternoon,Wed,Suburban,0.86,0,0.4,4.6,Scooter,0,20.0,12.07
ORD104779,1.1,Low,Rain,Night,Fri,Urban,0.79,0,0.6,4.02,Scooter,0,94.4,17.87
ORD104780,2.9,Low,Clear,Night,Thu,Urban,1.21,0,2.6,4.5,Motorcycle,0,21.8,20.98
ORD104781,3.07,Low,Clear,Night,Mon,Urban,2.25,2,0.5,4.61,Electric_Two_Wheeler,0,33.7,30.77
ORD104782,1.66,Medium,Rain,Night,Fri,Urban,0.89,1,1.2,4.76,Scooter,0,40.2,27.3
ORD104783,4.7,Low,Extreme_Heat,Evening,Sun,Suburban,1.82,0,4.0,4.5,Scooter,0,66.2,22.3
ORD104784,7.01,Medium,Clear,Afternoon,Mon,Urban,4.79,1,0.3,4.33,Motorcycle,1,79.1,42.23
ORD104785,4.87,Medium,Rain,Evening,Wed,Urban,0.9,0,0.2,3.87,Scooter,0,64.4,41.25
ORD104786,3.72,High,Clear,Evening,Tue,Suburban,6.96,0,1.9,4.41,Scooter,1,77.4,29.59
ORD104787,3.91,Severe,Clear,Afternoon,Sun,Urban,1.48,0,3.0,4.15,Scooter,0,46.2,37.52
ORD104788,3.25,Medium,Clear,Morning,Mon,Rural,0.41,1,6.0,4.85,Scooter,0,99.6,19.12
ORD104789,2.88,Medium,Clear,Night,Sat,Urban,0.31,1,2.7,4.34,Scooter,0,25.3,18.54
ORD104790,4.81,Low,Clear,Afternoon,Fri,Suburban,1.03,3,7.3,4.24,Motorcycle,1,46.0,39.35
ORD104791,4.97,Severe,Clear,Afternoon,Sun,Urban,0.8,0,0.7,4.87,Motorcycle,1,84.9,38.9
ORD104792,3.93,Low,Clear,Evening,Thu,Urban,3.91,1,1.0,4.11,Motorcycle,0,32.2,16.28
ORD104793,2.95,Low,Clear,Evening,Sat,Urban,2.88,2,4.6,4.3,Scooter,1,77.6,29.15
ORD104794,2.06,Low,Clear,Morning,Sat,Urban,4.52,1,4.2,5.0,Scooter,0,42.8,14.4
ORD104795,1.31,Medium,Clear,Evening,Thu,Suburban,1.98,0,2.7,4.41,Motorcycle,0,26.0,14.5
ORD104796,2.06,Low,Extreme_Heat,Afternoon,Thu,Suburban,1.34,0,1.8,4.75,Scooter,0,46.3,14.73
ORD104797,2.93,High,Rain,Morning,Thu,Urban,0.83,0,0.0,4.9,Scooter,0,80.6,33.37
ORD104798,3.12,Low,Clear,Afternoon,Sat,Urban,1.95,1,0.8,4.08,Scooter,1,20.1,24.4
ORD104799,15.39,Medium,Extreme_Heat,Evening,Mon,Urban,2.12,2,0.4,4.66,Scooter,0,56.4,77.61
ORD104800,6.57,Low,Rain,Night,Thu,Urban,1.2,2,0.1,4.17,Electric_Two_Wheeler,0,76.7,45.37
ORD104801,4.83,Low,Clear,Evening,Tue,Urban,5.72,0,3.7,5.0,Motorcycle,0,77.6,27.31
ORD104802,5.68,Severe,Clear,Night,Sat,Rural,2.24,1,0.4,4.88,Scooter,0,45.1,44.37
ORD104803,13.39,Low,Rain,Morning,Sat,Urban,3.83,1,1.1,4.6,Motorcycle,0,52.0,62.51
ORD104804,2.46,High,Clear,Morning,Sat,Suburban,2.14,1,9.5,4.72,Scooter,0,87.1,25.03
ORD104805,10.27,Medium,Rain,Evening,Wed,Suburban,0.96,1,1.3,4.02,Scooter,1,28.8,57.22
ORD104806,0.76,Low,Rain,Afternoon,Mon,Suburban,2.87,0,0.4,4.99,Scooter,0,99.3,15.56
ORD104807,3.38,Severe,Rain,Evening,Mon,Urban,0.72,2,2.9,3.94,Motorcycle,1,47.7,46.8
ORD104808,1.88,Low,Extreme_Heat,Evening,Thu,Suburban,2.02,0,4.2,4.46,Scooter,1,34.8,20.77
ORD104809,1.25,High,Clear,Night,Sat,Suburban,1.23,1,0.8,4.01,Scooter,0,10.2,26.04
ORD104810,8.67,Low,Clear,Afternoon,Sun,Urban,0.52,0,4.1,4.64,Scooter,0,21.3,41.3
ORD104811,3.34,High,Fog,Afternoon,Sat,Urban,1.27,0,0.8,5.0,Scooter,0,78.1,38.36
ORD104812,2.99,Low,Clear,Afternoon,Thu,Rural,0.94,2,3.0,4.48,Motorcycle,1,68.4,25.31
ORD104813,3.38,Medium,Rain,Morning,Mon,Suburban,0.44,2,0.3,4.43,Motorcycle,0,32.2,33.05
ORD104814,4.23,High,,Evening,Thu,Urban,3.67,0,1.4,4.25,Motorcycle,0,93.4,29.38
ORD104815,2.23,Severe,Rain,Afternoon,Thu,Suburban,1.58,1,1.8,4.34,Motorcycle,1,85.2,48.6
ORD104816,1.24,Severe,Clear,Afternoon,Thu,Urban,1.05,0,3.2,4.17,Electric_Two_Wheeler,1,34.2,26.89
ORD104817,3.74,High,Clear,Afternoon,Thu,Urban,1.61,0,2.6,4.95,Scooter,1,39.7,26.44
ORD104818,4.25,High,Clear,Morning,Thu,Urban,3.01,0,4.8,4.62,Scooter,0,26.6,31.35
ORD104819,9.09,Low,Clear,Afternoon,Fri,Urban,0.24,0,0.5,4.16,Scooter,0,67.8,38.51
ORD104820,3.64,Low,Rain,Afternoon,Fri,Suburban,1.78,1,2.7,4.32,Scooter,1,73.1,31.69
ORD104821,4.08,Low,Rain,Morning,Sat,Suburban,1.5,1,0.3,5.0,Scooter,0,45.6,28.64
ORD104822,1.96,Medium,Rain,Afternoon,Sat,Suburban,4.67,0,1.6,4.41,Scooter,1,76.3,23.13
ORD104823,1.97,Medium,Clear,Afternoon,Sun,Urban,1.82,1,1.9,4.88,Scooter,1,99.2,26.04
ORD104824,4.85,Medium,Clear,Afternoon,Sun,Suburban,0.5,1,0.1,4.07,Motorcycle,0,65.1,27.47
ORD104825,6.09,Low,Rain,Morning,Fri,Urban,1.18,1,0.2,4.49,Electric_Two_Wheeler,0,68.4,35.66
ORD104826,7.33,High,Clear,Afternoon,Mon,Urban,2.14,0,4.6,4.05,Scooter,0,43.6,44.08
ORD104827,4.67,Low,Clear,Evening,Wed,Rural,0.29,0,0.8,4.09,Scooter,0,11.0,22.56
ORD104828,2.22,Medium,Rain,Evening,Mon,Urban,4.52,1,1.1,4.62,Motorcycle,0,95.9,19.67
ORD104829,1.34,Medium,Rain,Evening,Sun,Urban,0.34,3,2.6,3.94,Scooter,1,79.5,36.06
ORD104830,1.85,High,Clear,Afternoon,Sat,Urban,0.26,0,0.6,3.82,Scooter,1,72.6,29.8
ORD104831,4.67,High,Fog,Afternoon,Fri,Urban,0.2,1,0.5,4.57,Scooter,0,12.7,40.99
ORD104832,1.43,Medium,,Evening,Mon,Suburban,2.5,0,1.4,4.1,Motorcycle,1,78.3,16.18
ORD104833,1.89,Low,Extreme_Heat,Afternoon,Wed,Rural,1.42,1,0.2,4.19,Motorcycle,0,70.3,20.61
ORD104834,2.4,Medium,Clear,Evening,Thu,Suburban,0.42,0,6.2,3.58,Motorcycle,1,61.2,18.82
ORD104835,5.37,Low,Clear,Afternoon,Tue,Suburban,4.08,0,7.0,3.79,Scooter,1,66.1,18.87
ORD104836,8.27,Medium,Fog,Afternoon,Fri,Suburban,0.65,4,1.5,4.39,Scooter,0,92.7,60.95
ORD104837,3.98,Medium,Clear,Evening,Fri,Suburban,0.99,0,0.6,4.21,Scooter,0,10.6,23.57
ORD104838,4.47,Low,Rain,Morning,Wed,Urban,0.59,0,1.6,4.66,Electric_Two_Wheeler,0,24.1,28.57
ORD104839,3.71,Low,Fog,Afternoon,Thu,Rural,5.43,0,0.3,3.94,Motorcycle,0,90.5,23.77
ORD104840,3.4,Severe,Fog,Morning,Thu,Urban,3.04,0,1.3,4.23,Scooter,0,10.7,47.25
ORD104841,5.06,Severe,Extreme_Heat,Afternoon,Tue,Rural,2.77,0,0.2,4.32,Motorcycle,0,91.3,34.75
ORD104842,3.42,Medium,Clear,Morning,Thu,Urban,0.29,0,3.1,4.22,Scooter,0,12.7,25.23
ORD104843,9.86,Low,Rain,Evening,Wed,Suburban,1.68,0,0.8,4.54,Electric_Two_Wheeler,1,80.1,51.51
ORD104844,4.31,Low,Clear,Evening,Sat,Suburban,1.91,0,1.8,3.87,Motorcycle,1,90.2,19.41
ORD104845,4.62,Medium,Clear,Evening,Thu,Rural,1.16,1,0.0,4.5,Scooter,0,65.1,23.31
ORD104846,3.78,Severe,Fog,Afternoon,Sat,Suburban,0.98,0,1.9,4.76,Motorcycle,1,67.7,51.32
ORD104847,6.3,Low,Clear,Night,Sun,Urban,4.02,0,0.0,3.97,Motorcycle,0,14.6,33.92
ORD104848,2.35,High,Clear,Evening,Sun,Suburban,0.25,1,6.5,4.46,Scooter,1,29.0,25.89
ORD104849,1.95,Low,Clear,Afternoon,Sat,Urban,2.16,1,1.7,4.44,Motorcycle,0,91.0,11.97
ORD104850,5.77,Severe,Rain,Evening,Wed,Urban,1.2,0,0.3,4.54,Motorcycle,0,84.1,49.37
ORD104851,4.3,Medium,Extreme_Heat,Evening,Fri,Urban,2.39,0,1.0,4.3,Scooter,0,15.4,31.03
ORD104852,5.82,High,Clear,Evening,Fri,Urban,0.64,0,0.1,4.87,Motorcycle,0,83.2,35.52
ORD104853,3.1,Medium,Clear,Morning,Fri,Urban,0.75,1,1.9,5.0,Motorcycle,0,48.1,31.35
ORD104854,4.12,Medium,Fog,Afternoon,Mon,Rural,1.97,0,0.3,4.55,Scooter,1,60.5,35.82
ORD104855,2.85,Low,Clear,Night,Fri,Rural,8.02,1,1.6,4.43,Scooter,0,19.8,17.57
ORD104856,3.66,Low,Clear,Afternoon,Wed,Urban,7.55,0,0.9,4.31,Motorcycle,0,45.9,23.65
ORD104857,1.35,Severe,Clear,Evening,Tue,Urban,0.77,0,3.6,3.77,Scooter,1,49.1,30.74
ORD104858,0.91,Severe,Clear,Evening,Sun,Urban,0.42,1,1.6,3.73,Electric_Two_Wheeler,1,70.3,31.02
ORD104859,1.49,High,Clear,Evening,Thu,Urban,1.98,1,4.7,3.84,Scooter,0,69.2,25.05
ORD104860,6.19,Medium,Fog,Afternoon,Fri,Urban,1.29,0,7.1,4.41,Scooter,1,59.4,47.3
ORD104861,6.08,High,Clear,Evening,Mon,Urban,3.07,0,8.7,4.22,Scooter,0,12.8,36.32
ORD104862,10.12,Low,Extreme_Heat,Morning,Sun,Suburban,1.7,0,0.8,4.91,Motorcycle,0,24.5,36.96
ORD104863,5.89,Medium,Fog,Evening,Sun,Suburban,1.63,2,3.6,3.3,Motorcycle,0,24.4,42.36
ORD104864,2.97,Medium,Rain,Evening,Sat,Urban,2.28,1,1.4,4.32,Scooter,0,89.9,26.54
ORD104865,3.72,Medium,Clear,Morning,Mon,Urban,0.47,1,1.4,4.47,Scooter,0,91.2,27.0
ORD104866,0.9,Medium,Clear,Evening,Wed,Suburban,2.46,0,5.1,4.66,Motorcycle,1,82.6,18.42
ORD104867,3.0,Low,Clear,Afternoon,Tue,Suburban,1.54,1,0.4,4.36,Scooter,0,25.7,12.33
ORD104868,4.13,Medium,Extreme_Heat,Morning,Fri,Urban,3.63,0,1.6,4.45,Scooter,0,85.6,29.45
ORD104869,6.96,High,,Afternoon,Fri,Urban,0.5,1,2.2,4.37,Scooter,1,26.9,46.35
ORD104870,3.92,Medium,Clear,Morning,Mon,Urban,0.92,0,0.2,4.48,Scooter,0,59.9,22.11
ORD104871,1.77,Low,Clear,Afternoon,Wed,Urban,6.2,0,5.0,4.29,Scooter,1,76.0,12.03
ORD104872,6.7,Low,Clear,Afternoon,Mon,Urban,1.81,1,0.9,5.0,Scooter,0,14.6,31.64
ORD104873,2.75,Low,Clear,Evening,Mon,Urban,5.5,0,2.7,4.53,Scooter,1,63.8,25.81
ORD104874,2.21,Low,Clear,Evening,Tue,Urban,2.54,0,6.6,4.38,Motorcycle,1,32.6,19.29
ORD104875,3.59,Medium,Clear,Evening,Wed,Urban,5.42,0,3.2,4.0,Scooter,0,54.8,26.07
ORD104876,2.73,Medium,Clear,Morning,Tue,Suburban,0.96,1,5.4,4.16,Motorcycle,0,44.6,17.33
ORD104877,4.13,High,Clear,Night,Wed,Urban,0.39,1,0.2,4.9,Motorcycle,0,71.8,38.91
ORD104878,5.61,Medium,Rain,Evening,Fri,Suburban,3.44,0,1.7,3.31,Scooter,0,54.0,32.58
ORD104879,3.0,High,Clear,Morning,Thu,Urban,3.46,0,2.1,4.32,Motorcycle,0,37.1,22.44
ORD104880,3.04,Low,Clear,Evening,Sat,Urban,2.13,1,2.9,4.29,Scooter,1,91.9,20.87
ORD104881,5.63,Medium,Clear,Morning,Thu,Suburban,1.93,4,0.3,4.5,Scooter,0,96.3,37.99
ORD104882,5.64,High,Clear,Evening,Sun,Suburban,5.13,0,2.7,4.41,Electric_Two_Wheeler,0,82.2,29.23
ORD104883,4.37,Low,Extreme_Heat,Afternoon,Wed,Urban,0.59,0,0.4,4.91,Motorcycle,1,62.3,26.58
ORD104884,3.47,Low,Clear,Afternoon,Thu,Suburban,2.12,0,0.2,4.34,Electric_Two_Wheeler,0,89.6,19.58
ORD104885,7.72,High,Rain,Night,Mon,Suburban,0.3,0,1.6,4.27,Motorcycle,0,64.2,52.7
ORD104886,2.41,Medium,Fog,Afternoon,Fri,Urban,0.5,0,2.3,4.68,Scooter,0,23.4,25.0
ORD104887,5.67,High,Fog,Morning,Sat,Urban,1.35,0,7.9,4.91,Scooter,0,11.6,41.72
ORD104888,2.34,Low,Clear,Night,Sat,Suburban,3.64,0,3.0,4.57,Scooter,0,75.3,6.26
ORD104889,4.06,High,Clear,Night,Sun,Urban,2.84,0,2.2,4.7,Motorcycle,0,77.7,25.74
ORD104890,1.61,Medium,Rain,Evening,Sat,Urban,7.5,0,0.6,4.21,Electric_Two_Wheeler,1,93.3,22.84
ORD104891,4.14,Low,Clear,Afternoon,Fri,Urban,0.29,0,0.4,4.35,Motorcycle,0,84.2,23.22
ORD104892,8.0,Medium,Fog,Morning,Thu,Suburban,1.16,1,2.3,4.89,Scooter,0,67.6,51.68
ORD104893,6.47,Low,Rain,Evening,Sat,Rural,0.55,3,0.6,4.51,Scooter,1,27.1,40.88
ORD104894,1.06,Medium,Rain,Morning,Sat,Suburban,0.28,1,3.1,4.2,Motorcycle,0,63.5,21.05
ORD104895,7.8,Low,Clear,Morning,Wed,Suburban,0.81,1,0.3,4.31,Electric_Two_Wheeler,0,49.1,32.78
ORD104896,2.68,Low,Rain,Afternoon,Mon,Rural,0.76,1,1.0,4.71,Scooter,1,30.9,29.4
ORD104897,5.11,Low,Rain,Morning,Wed,Suburban,1.29,1,3.7,4.75,Scooter,0,81.9,30.38
ORD104898,3.73,Low,Fog,Morning,Thu,Suburban,0.5,0,4.4,3.96,Scooter,0,23.5,30.79
ORD104899,2.54,Severe,Clear,Afternoon,Fri,Rural,1.54,1,1.1,4.45,Scooter,1,66.7,34.41
ORD104900,4.75,Low,Clear,Morning,Fri,Urban,5.25,0,0.6,4.3,Motorcycle,0,65.0,25.75
ORD104901,2.61,Medium,Clear,Morning,Wed,Suburban,2.96,0,7.9,4.27,Motorcycle,0,37.3,13.42
ORD104902,5.83,Low,Clear,Morning,Tue,Suburban,3.89,0,3.6,4.83,Motorcycle,0,48.6,17.69
ORD104903,2.58,Medium,Clear,Morning,Wed,Rural,3.47,0,4.1,4.2,Scooter,0,20.5,19.93
ORD104904,2.39,Severe,Extreme_Heat,Evening,Tue,Suburban,1.19,1,0.6,4.07,Scooter,0,12.3,43.69
ORD104905,5.91,Low,Clear,Evening,Sun,Suburban,2.67,0,1.4,3.97,Scooter,1,11.2,32.14
ORD104906,12.67,Severe,Fog,Afternoon,Wed,Rural,3.01,0,0.2,4.23,Motorcycle,0,25.7,61.3
ORD104907,6.88,Low,Clear,Afternoon,Tue,Urban,0.66,1,0.3,4.01,Motorcycle,1,88.0,35.28
ORD104908,6.27,High,Clear,Morning,Tue,Urban,4.14,0,0.6,,Scooter,0,57.0,38.94
ORD104909,3.83,Medium,Clear,Morning,Sat,Urban,1.42,0,0.9,3.94,Scooter,0,20.5,16.53
ORD104910,5.61,High,Clear,Afternoon,Sun,Urban,0.23,1,14.7,3.97,Scooter,0,91.5,36.79
ORD104911,3.0,Medium,Extreme_Heat,Afternoon,Sat,Urban,2.26,0,1.4,4.0,Scooter,0,61.2,21.87
ORD104912,8.79,Medium,Clear,Evening,Tue,Urban,2.46,1,3.0,4.46,Motorcycle,1,12.5,49.38
ORD104913,1.25,Low,Rain,Evening,Tue,Urban,1.8,1,5.9,3.52,Motorcycle,1,78.6,19.46
ORD104914,3.72,Low,Clear,Afternoon,Mon,Rural,0.68,0,0.7,4.02,Scooter,0,52.6,10.96
ORD104915,3.19,Severe,Extreme_Heat,Morning,Tue,Urban,1.52,0,0.4,4.26,Motorcycle,0,58.0,36.05
ORD104916,3.85,Medium,Clear,Evening,Sat,Suburban,1.22,0,0.7,4.76,Motorcycle,1,65.2,27.32
ORD104917,2.47,Medium,Clear,Afternoon,Tue,Rural,7.55,1,5.4,4.2,Scooter,1,18.5,26.35
ORD104918,4.25,High,Clear,Evening,Fri,Urban,3.68,1,2.7,4.24,Scooter,1,95.3,41.21
ORD104919,2.42,Medium,Clear,Afternoon,Mon,Urban,3.07,0,1.5,4.26,Motorcycle,1,33.0,23.29
ORD104920,2.87,Severe,Clear,Evening,Tue,Suburban,0.6,1,4.3,3.57,Motorcycle,0,66.0,35.18
ORD104921,5.23,High,Fog,Night,Sat,Suburban,1.0,0,0.7,4.56,Scooter,0,87.0,34.27
ORD104922,15.25,Medium,Rain,Night,Sat,Urban,1.16,1,0.7,4.55,Motorcycle,0,39.9,72.21
ORD104923,2.84,High,Rain,Afternoon,Thu,Urban,1.56,0,2.1,4.63,Scooter,0,66.5,35.14
ORD104924,4.75,Low,Clear,Afternoon,Sat,Urban,0.26,1,3.9,5.0,Motorcycle,0,99.0,28.18
ORD104925,7.5,Low,Clear,Afternoon,Mon,Urban,2.0,3,0.8,3.78,Electric_Two_Wheeler,1,86.7,49.03
ORD104926,4.94,Medium,Clear,Night,Sat,Urban,1.09,0,0.6,3.7,Motorcycle,0,80.1,26.19
ORD104927,3.4,Low,Extreme_Heat,Afternoon,Fri,Urban,1.85,1,1.6,4.58,Motorcycle,0,49.5,21.07
ORD104928,3.37,High,Fog,Morning,Wed,Suburban,0.22,0,0.4,4.17,Scooter,0,50.6,31.61
ORD104929,7.84,Severe,Fog,Afternoon,Fri,Rural,0.98,0,3.4,3.91,Motorcycle,0,53.7,51.51
ORD104930,1.04,Medium,Fog,Morning,Sun,Suburban,3.13,3,2.2,4.19,Motorcycle,0,72.1,24.61
ORD104931,4.23,Medium,Clear,Afternoon,Fri,Rural,1.59,0,1.8,4.05,Motorcycle,0,23.0,26.26
ORD104932,3.11,Severe,Clear,Evening,Mon,Suburban,3.31,0,5.1,4.99,Motorcycle,1,87.5,38.82
ORD104933,1.34,Medium,Clear,Afternoon,Mon,Suburban,2.6,2,3.3,5.0,Electric_Two_Wheeler,1,11.6,30.89
ORD104934,3.97,Medium,Clear,Morning,Thu,Urban,4.06,0,0.4,3.65,Scooter,0,25.3,25.98
ORD104935,2.59,Medium,Clear,Night,Sat,Urban,0.21,0,1.4,3.71,Scooter,0,53.4,19.09
ORD104936,1.9,Severe,Clear,Evening,Thu,Suburban,0.81,0,1.0,4.0,Motorcycle,1,32.7,33.75
ORD104937,8.4,Medium,Rain,Evening,Mon,Rural,1.79,0,4.0,4.02,Motorcycle,0,42.9,35.56
ORD104938,2.11,High,Fog,Afternoon,Sat,Urban,5.86,0,3.2,3.99,Electric_Two_Wheeler,0,39.9,36.7
ORD104939,1.79,High,Rain,Evening,Mon,Urban,2.48,0,1.6,4.22,Motorcycle,1,34.2,31.38
ORD104940,1.49,Medium,Extreme_Heat,Afternoon,Mon,Suburban,1.42,2,4.3,4.12,Motorcycle,0,44.2,21.59
ORD104941,4.62,Medium,Clear,Morning,Wed,Urban,0.48,0,1.3,3.76,Motorcycle,0,55.5,25.17
ORD104942,4.94,High,Clear,Morning,Fri,Urban,1.56,0,4.1,3.89,Scooter,0,52.9,28.86
ORD104943,12.54,Medium,Rain,Afternoon,Thu,Suburban,1.36,0,0.1,4.92,Motorcycle,1,83.1,62.43
ORD104944,3.15,High,Clear,Morning,Thu,Urban,3.21,0,0.4,4.16,Scooter,0,37.7,24.43
ORD104945,2.82,Severe,Clear,Night,Tue,Suburban,1.27,1,3.5,4.14,Scooter,0,35.4,32.61
ORD104946,1.75,Medium,Clear,Morning,Sun,Rural,0.97,0,0.3,3.69,Scooter,0,55.4,18.78
ORD104947,5.12,High,Clear,Afternoon,Wed,Urban,0.39,0,2.9,4.11,Scooter,1,14.3,42.66
ORD104948,1.45,High,Clear,Afternoon,Mon,Urban,0.3,2,3.2,4.68,Scooter,0,20.1,22.77
ORD104949,2.56,High,Clear,Afternoon,Mon,Urban,1.36,0,2.7,4.54,Scooter,1,82.3,31.96
ORD104950,4.45,Medium,Clear,Evening,Wed,Urban,1.05,0,4.3,4.62,Scooter,1,54.4,24.83
ORD104951,2.63,Low,Rain,Morning,Sat,Suburban,1.82,1,1.8,3.82,Scooter,0,16.0,20.22
ORD104952,2.58,Medium,Clear,Evening,Thu,Urban,2.69,0,5.7,3.81,Motorcycle,1,49.6,21.16
ORD104953,2.29,High,Clear,Afternoon,Mon,Urban,0.28,0,2.1,4.75,Motorcycle,0,45.8,23.37
ORD104954,8.71,Medium,Clear,Evening,Sun,Urban,1.57,0,1.8,4.63,Electric_Two_Wheeler,0,32.2,39.7
ORD104955,2.49,High,Clear,Evening,Tue,Urban,4.16,0,1.8,4.2,Motorcycle,0,43.5,24.65
ORD104956,5.17,Medium,Rain,Night,Thu,Urban,1.41,1,6.1,4.64,Scooter,0,27.0,34.59
ORD104957,2.39,Medium,Rain,Evening,Fri,Suburban,1.67,2,0.7,3.82,Motorcycle,1,50.4,28.57
ORD104958,2.8,Low,Rain,Evening,Sun,Urban,1.53,0,3.0,3.8,Scooter,0,46.8,20.32
ORD104959,3.87,High,Clear,Afternoon,Wed,Urban,1.19,1,0.7,3.65,Scooter,1,64.7,32.19
ORD104960,8.22,Medium,Clear,Afternoon,Thu,Urban,0.43,0,0.2,4.44,Motorcycle,1,94.8,44.24
ORD104961,0.91,Low,Clear,Evening,Fri,Rural,0.47,3,7.7,4.39,Motorcycle,1,26.7,17.19
ORD104962,7.62,Low,,Night,Tue,Urban,0.59,0,0.3,4.09,Motorcycle,0,47.6,34.72
ORD104963,2.1,High,Clear,Morning,Sat,Suburban,3.35,0,2.9,3.99,Motorcycle,0,60.6,24.83
ORD104964,4.19,Medium,Clear,Afternoon,Wed,Suburban,0.84,0,1.4,5.0,Scooter,1,59.2,21.97
ORD104965,3.6,Low,Clear,Evening,Sat,Suburban,6.12,0,4.5,4.2,Electric_Two_Wheeler,1,69.5,14.72
ORD104966,1.64,Severe,Rain,Afternoon,Sun,Urban,3.52,3,3.7,4.86,Motorcycle,1,34.1,47.09
ORD104967,2.59,High,Clear,Afternoon,Mon,Rural,2.51,0,0.4,4.24,Motorcycle,1,67.1,30.3
ORD104968,3.61,Severe,Rain,Afternoon,Sat,Suburban,2.75,1,1.6,4.1,Motorcycle,1,28.1,47.63
ORD104969,1.55,Medium,Clear,Evening,Mon,Suburban,0.3,0,0.1,4.87,Scooter,0,21.3,13.4
ORD104970,6.65,Medium,Clear,Night,Sun,Urban,1.88,3,1.4,4.62,Scooter,0,84.8,40.27
ORD104971,3.89,High,Extreme_Heat,Afternoon,Fri,Suburban,5.86,1,3.0,4.29,Scooter,0,52.6,35.34
ORD104972,2.66,Medium,Extreme_Heat,Morning,Thu,Suburban,0.28,0,0.7,4.75,Scooter,0,45.8,25.92
ORD104973,3.05,High,Clear,Morning,Tue,Urban,0.89,1,4.2,5.0,Scooter,0,93.6,21.92
ORD104974,6.63,Low,Clear,Morning,Fri,Urban,0.31,2,0.1,4.01,Motorcycle,0,73.9,37.54
ORD104975,7.59,Medium,Clear,Evening,Tue,Suburban,1.89,1,0.1,4.49,Electric_Two_Wheeler,1,70.9,50.14
ORD104976,2.19,Low,Clear,Afternoon,Sat,Urban,0.45,1,0.1,4.14,Electric_Two_Wheeler,0,27.5,15.33
ORD104977,1.73,Low,Fog,Morning,Tue,Suburban,1.5,2,0.8,3.93,Motorcycle,0,28.8,25.47
ORD104978,5.59,Low,Extreme_Heat,Evening,Sat,Urban,2.75,0,1.6,3.92,Scooter,0,53.5,28.26
ORD104979,1.88,Low,Rain,Evening,Tue,Urban,0.56,1,0.3,4.94,Scooter,1,68.7,25.79
ORD104980,4.95,Severe,Clear,Afternoon,Wed,Suburban,3.02,1,14.3,,Motorcycle,0,45.6,39.86
ORD104981,2.04,Low,Rain,Afternoon,Fri,Urban,0.32,3,15.0,4.5,Scooter,1,15.8,38.04
ORD104982,2.04,High,Clear,Night,Wed,Rural,0.52,0,1.8,3.97,Motorcycle,0,71.5,14.29
ORD104983,1.33,High,Extreme_Heat,Afternoon,Thu,Suburban,0.86,0,2.1,5.0,Electric_Two_Wheeler,0,79.6,18.4
ORD104984,10.63,Medium,Fog,Evening,Thu,Suburban,3.38,0,6.5,,Scooter,1,95.0,57.67
ORD104985,7.62,Low,Clear,Afternoon,Mon,Suburban,4.0,0,3.7,4.15,Motorcycle,1,46.8,35.25
ORD104986,3.13,High,Clear,Evening,Mon,Suburban,0.7,0,0.5,4.93,Scooter,1,33.2,30.93
ORD104987,4.32,Medium,Clear,Evening,Mon,Urban,0.4,2,3.9,4.65,Motorcycle,0,93.3,33.26
ORD104988,4.25,High,Clear,Evening,Sun,Suburban,3.97,1,0.7,4.52,Scooter,0,74.4,31.74
ORD104989,10.74,High,Fog,Night,Thu,Urban,2.3,0,1.4,4.62,Scooter,0,15.8,64.34
ORD104990,4.8,Severe,Clear,Night,Tue,Urban,0.54,0,1.9,3.87,Motorcycle,0,62.2,37.41
ORD104991,6.25,Medium,Clear,Evening,Sat,Suburban,1.83,1,3.2,4.6,Motorcycle,0,12.6,33.03
ORD104992,8.37,Medium,,Morning,Sun,Suburban,4.32,1,0.4,4.22,Motorcycle,0,30.4,39.0
ORD104993,2.16,Medium,Fog,Afternoon,Tue,Urban,0.34,0,0.2,4.44,Motorcycle,1,16.4,31.33
ORD104994,2.38,Low,Clear,Evening,Fri,Urban,0.37,0,5.0,4.49,Motorcycle,1,28.4,19.23
ORD104995,7.6,High,Fog,Evening,Thu,Suburban,0.84,1,4.4,3.86,Motorcycle,0,54.1,49.47
ORD104996,3.06,Low,Fog,Morning,Sat,Urban,2.31,2,1.9,4.54,Electric_Two_Wheeler,0,36.9,25.27
ORD104997,1.98,Medium,Extreme_Heat,Morning,Sat,Suburban,0.59,1,2.7,4.23,Electric_Two_Wheeler,0,17.9,23.04
ORD104998,4.1,High,Clear,Evening,Sat,Suburban,3.59,0,3.2,3.8,Motorcycle,0,53.4,26.66
ORD104999,7.45,Medium,Clear,Afternoon,Mon,Urban,2.98,1,1.6,4.24,Motorcycle,0,73.8,44.4
ORD102764,3.7,Low,Rain,Evening,Wed,Suburban,12.55,0,9.3,3.8,Motorcycle,0,54.9,25.16
ORD104767,2.91,Low,Rain,Night,Tue,Urban,4.93,1,2.7,3.55,Scooter,0,89.3,24.37
ORD103814,6.36,Low,Rain,Evening,Fri,Suburban,0.6,1,0.6,4.75,Electric_Two_Wheeler,1,29.0,38.03
ORD103499,2.54,High,Clear,Evening,Fri,Urban,2.89,0,3.7,4.18,Scooter,1,43.4,29.63
ORD102735,4.94,High,Rain,Afternoon,Thu,Suburban,10.59,0,1.3,4.15,Motorcycle,0,29.6,40.32
ORD103922,2.23,High,Rain,Morning,Wed,Urban,1.03,1,2.7,4.32,Motorcycle,0,86.8,36.53
ORD102701,3.54,Severe,Rain,Afternoon,Sun,Urban,0.75,0,11.6,4.8,Motorcycle,0,71.1,27.34
ORD101179,1.47,Medium,Clear,Morning,Wed,Suburban,1.11,1,0.2,4.37,Scooter,0,14.4,17.95
ORD100932,7.61,Severe,Clear,Morning,Sun,Suburban,4.56,1,0.3,4.9,Scooter,0,23.6,47.4
ORD100792,5.2,Medium,Extreme_Heat,Evening,Tue,Urban,4.43,0,0.5,4.73,Electric_Two_Wheeler,0,68.1,36.37
