distance_km,package_weight_kg,num_stops,rider_experience_years,rider_rating,is_peak_hour,fuel_level_pct,delivery_time_minutes,traffic_level_Low,traffic_level_Medium,traffic_level_Severe,weather_Extreme_Heat,weather_Fog,weather_Rain,time_of_day_Evening,time_of_day_Morning,time_of_day_Night,day_of_week_Mon,day_of_week_Sat,day_of_week_Sun,day_of_week_Thu,day_of_week_Tue,day_of_week_Wed,area_type_Suburban,area_type_Urban,vehicle_type_Motorcycle,vehicle_type_Scooter
10.79,0.77,1,2.4,4.42,0,20.2,56.9,False,True,False,False,True,False,False,True,False,False,True,False,False,False,False,True,False,False,True
3.72,3.69,1,0.0,4.27,0,86.5,27.28,True,False,False,True,False,False,False,True,False,False,False,False,False,True,False,True,False,False,False
2.72,5.41,1,2.1,3.58,0,90.2,28.82,False,False,False,False,False,False,False,False,False,True,False,False,False,False,False,True,False,True,False
4.74,0.62,0,0.2,4.16,0,31.1,18.37,True,False,False,False,False,False,False,True,False,False,False,False,True,False,False,True,False,False,True
2.48,2.77,1,15.0,4.23,0,91.2,29.11,False,False,False,False,True,False,True,False,False,False,False,False,True,False,False,False,True,False,True
6.56,2.0,0,2.1,4.24,1,54.1,37.12,False,False,True,False,False,False,True,False,False,False,False,False,True,False,False,False,False,False,True
2.95,2.88,2,4.6,4.3,1,77.6,29.15,True,False,False,False,False,False,True,False,False,False,True,False,False,False,False,False,True,False,True
2.53,2.19,0,2.5,4.08,0,95.5,19.33,True,False,False,False,False,True,False,False,True,False,False,True,False,False,False,True,False,False,True
6.13,0.36,0,5.5,4.87,0,74.3,26.83,True,False,False,False,False,False,False,True,False,False,False,False,False,False,False,False,True,True,False
4.23,0.96,2,4.7,3.87,1,56.9,41.24,False,True,False,True,False,False,False,False,False,False,False,False,True,False,False,True,False,False,True
1.85,0.85,1,0.8,3.83,0,99.8,17.92,False,False,False,False,False,False,False,False,False,False,False,False,False,False,True,False,True,True,False
1.9,1.5,1,0.6,4.0,0,26.5,27.69,True,False,False,False,True,False,False,False,True,False,False,False,False,True,False,False,True,True,False
4.33,4.1,0,2.3,5.0,0,20.3,14.47,True,False,False,False,False,False,False,False,False,False,False,False,True,False,False,False,True,False,True
4.26,1.02,0,0.3,3.96,0,67.9,31.54,False,False,False,False,False,False,False,False,True,False,False,False,False,False,True,False,True,False,False
7.98,9.3,1,0.0,4.83,0,29.1,47.77,False,True,False,False,False,True,False,False,False,False,True,False,False,False,False,True,False,False,True
1.95,1.61,0,1.0,4.3,0,14.4,29.64,False,False,True,False,False,False,False,False,False,False,False,False,False,False,True,True,False,True,False
4.25,2.27,1,0.4,4.42,0,44.6,24.71,True,False,False,False,False,False,False,True,False,False,False,False,True,False,False,False,False,False,True
5.23,1.0,0,0.7,4.56,0,87.0,34.27,False,False,False,False,True,False,False,False,True,False,True,False,False,False,False,True,False,False,True
0.74,0.34,0,2.2,3.96,0,85.1,20.46,False,False,True,False,False,False,False,False,True,False,True,False,False,False,False,True,False,False,True
4.26,4.42,0,2.8,3.97,0,33.3,41.1,False,False,True,True,False,False,False,True,False,False,False,True,False,False,False,True,False,False,False
6.23,1.59,0,1.6,3.07,0,74.5,37.45,False,False,False,False,False,False,False,False,False,False,False,False,True,False,False,False,True,False,True
3.85,1.22,0,0.7,4.76,1,65.2,27.32,False,True,False,False,False,False,True,False,False,False,True,False,False,False,False,True,False,True,False
13.7,1.4,0,1.0,3.76,0,23.2,53.91,False,False,False,False,False,True,False,False,False,False,False,False,False,True,False,False,False,False,False
8.42,0.69,0,0.6,4.21,0,98.6,36.73,False,True,False,False,False,False,False,True,False,False,False,False,False,False,False,True,False,True,False
4.65,1.16,0,1.1,3.12,0,34.5,38.99,False,False,False,False,False,True,True,False,False,True,False,False,False,False,False,False,True,False,True
4.0,1.56,0,0.8,3.71,0,49.0,32.99,False,False,False,True,False,False,False,False,True,False,False,False,False,True,False,True,False,True,False
7.0,2.26,0,0.8,3.89,1,76.3,38.74,False,True,False,False,False,False,False,False,False,False,False,False,False,True,False,True,False,False,False
3.71,0.98,0,0.9,4.94,0,77.9,27.76,False,True,False,False,False,False,False,False,False,False,False,False,False,False,True,False,True,False,False
3.19,1.52,0,0.4,4.26,0,58.0,36.05,False,False,True,True,False,False,False,True,False,False,False,False,False,True,False,False,True,True,False
3.54,2.5,1,0.1,4.57,0,71.8,30.24,True,False,False,True,False,False,False,True,False,False,True,False,False,False,False,False,True,True,False
3.58,1.37,1,1.2,4.0,1,44.3,36.13,False,False,False,False,False,False,True,False,False,False,True,False,False,False,False,False,True,True,False
4.75,5.25,0,0.6,4.3,0,65.0,25.75,True,False,False,False,False,False,False,True,False,False,False,False,False,False,False,False,True,True,False
2.04,0.53,1,1.2,3.99,0,70.1,16.9,True,False,False,False,False,False,True,False,False,False,False,True,False,False,False,False,True,True,False
6.12,4.6,0,0.6,4.49,0,77.3,35.15,True,False,False,False,True,False,False,True,False,False,False,False,False,False,True,False,True,False,False
4.22,2.85,0,4.2,3.98,0,91.1,29.86,False,False,True,False,False,False,False,True,False,False,False,False,False,False,True,False,False,True,False
4.75,1.36,0,1.0,4.38,1,94.2,36.46,False,True,False,False,False,False,True,False,False,False,True,False,False,False,False,False,True,False,True
2.22,3.61,1,0.1,4.31,1,92.8,28.99,False,True,False,False,False,False,False,False,False,False,False,False,True,False,False,True,False,False,True
2.04,0.88,0,0.2,4.66,0,88.6,14.55,True,False,False,False,False,False,False,False,True,False,False,False,False,False,True,True,False,False,False
3.59,0.99,0,2.0,4.37,1,40.5,23.24,False,True,False,False,False,False,True,False,False,False,False,False,False,True,False,True,False,False,True
5.46,1.3,0,0.0,4.81,0,54.9,41.32,False,False,True,False,False,False,False,False,False,False,False,False,False,True,False,True,False,False,True
5.85,0.34,0,0.3,3.78,0,28.3,39.29,True,False,False,False,True,False,False,False,False,False,False,False,False,False,False,False,True,True,False
1.43,1.93,1,1.2,4.15,1,30.9,30.81,False,True,False,False,True,False,True,False,False,False,False,False,False,False,False,False,False,False,False
4.21,3.0,2,0.2,4.74,0,93.5,35.07,False,False,False,False,False,False,False,False,False,False,False,False,False,True,False,True,False,True,False
2.74,1.23,1,2.7,4.22,0,35.2,22.83,False,True,False,True,False,False,False,False,False,True,False,False,False,False,False,True,False,False,True
3.49,3.24,0,0.6,4.33,0,51.4,37.21,False,False,True,False,False,True,False,True,False,False,True,False,False,False,False,False,True,True,False
3.9,2.13,1,3.7,4.73,1,27.2,26.56,True,False,False,False,False,False,True,False,False,False,False,False,False,False,False,True,False,False,False
7.34,1.59,1,0.6,3.69,0,85.1,41.69,True,False,False,False,True,False,False,True,False,False,False,False,False,False,True,False,True,True,False
4.9,2.35,1,2.1,4.02,1,63.7,34.41,True,False,False,True,False,False,False,False,False,False,False,False,False,False,True,True,False,False,False
11.18,0.51,0,2.3,5.0,0,73.6,61.12,False,False,False,False,True,False,False,True,False,False,False,False,True,False,False,False,True,False,True
7.48,0.9,1,1.0,4.19,0,80.0,34.74,False,True,False,False,False,False,False,False,True,False,False,False,False,True,False,False,False,False,True
2.32,1.46,1,3.9,4.05,1,24.8,34.06,False,False,False,False,False,True,False,False,False,False,False,True,False,False,False,False,True,True,False
4.08,1.36,1,1.5,4.1,0,98.5,28.29,False,False,False,False,False,True,False,False,True,False,False,False,False,False,False,False,True,False,True
1.27,1.11,0,2.8,4.2,0,22.4,17.62,True,False,False,False,True,False,False,False,False,False,False,False,False,True,False,True,False,True,False
2.86,2.37,1,0.6,4.2,0,78.4,22.51,False,True,False,False,False,False,False,True,False,False,False,False,False,False,False,False,True,True,False
1.39,0.42,0,0.5,4.45,1,40.7,21.04,False,False,False,False,False,False,True,False,False,False,False,False,False,True,False,True,False,True,False
4.75,2.06,0,0.8,4.68,0,51.5,24.24,False,True,False,False,False,False,False,True,False,False,False,False,False,False,False,True,False,True,False
1.96,4.67,0,1.6,4.41,1,76.3,23.13,False,True,False,False,False,True,False,False,False,False,True,False,False,False,False,True,False,False,True
3.2,1.27,0,0.1,4.19,1,59.2,33.09,False,True,False,False,False,True,False,False,False,False,False,False,True,False,False,False,True,False,True
1.6,0.51,1,1.1,4.25,0,79.1,30.94,False,False,False,False,False,True,False,True,False,False,False,False,False,True,False,False,True,True,False
1.63,1.53,1,2.6,4.53,0,96.5,8.85,True,False,False,False,False,False,False,False,True,True,False,False,False,False,False,True,False,True,False
1.53,1.35,0,1.9,3.92,0,40.7,28.32,False,False,True,False,False,False,False,True,False,False,False,False,False,False,False,True,False,True,False
7.09,1.29,0,0.0,4.09,0,62.9,38.66,True,False,False,False,True,False,False,True,False,False,False,False,False,True,False,False,True,False,True
3.12,3.05,0,1.1,3.98,1,84.0,33.71,False,False,False,False,False,True,False,False,False,False,False,True,False,False,False,True,False,False,True
4.7,6.76,1,2.6,4.27,0,85.7,22.29,True,False,False,False,False,False,False,False,True,True,False,False,False,False,False,False,True,True,False
8.12,5.18,2,1.5,4.37,0,26.6,52.19,True,False,False,False,True,False,False,False,False,False,False,False,False,False,False,True,False,False,False
2.61,2.96,0,7.9,4.27,0,37.3,13.42,False,True,False,False,False,False,False,True,False,False,False,False,False,False,True,True,False,True,False
2.06,0.92,2,1.6,5.0,1,88.0,31.76,False,False,False,False,False,False,True,False,False,False,False,False,True,False,False,False,True,False,True
6.29,3.79,1,0.5,3.97,0,79.1,38.36,True,False,False,False,False,True,False,False,False,False,False,False,False,False,True,True,False,True,False
5.16,0.74,0,0.8,4.2,0,44.3,20.65,False,True,False,False,False,False,False,True,False,False,False,False,False,False,True,False,False,False,True
3.69,2.74,2,4.4,4.67,0,62.3,25.32,True,False,False,False,False,False,False,True,False,False,False,False,False,False,False,False,False,True,False
7.56,0.48,1,2.1,4.11,0,66.4,31.69,True,False,False,False,False,False,False,True,False,False,False,False,True,False,False,True,False,True,False
2.34,6.29,1,3.3,4.35,0,88.8,24.65,False,True,False,False,False,False,False,False,True,False,False,False,True,False,False,False,True,False,True
5.2,0.29,0,0.1,3.96,0,59.7,22.18,False,True,False,False,False,False,False,False,False,False,True,False,False,False,False,True,False,True,False
4.81,0.37,0,2.6,3.62,1,95.5,42.84,False,False,True,False,False,False,True,False,False,False,False,False,False,True,False,True,False,True,False
6.41,1.4,1,5.8,4.64,0,47.1,41.24,False,False,False,False,False,True,True,False,False,False,False,False,False,True,False,True,False,True,False
2.36,1.81,0,2.0,4.76,0,18.0,17.55,True,False,False,False,False,False,True,False,False,False,False,True,False,False,False,True,False,False,True
1.49,3.24,1,1.6,4.11,0,90.7,31.99,False,False,True,False,False,False,False,True,False,False,False,False,False,False,False,False,False,True,False
2.33,0.98,0,0.2,4.06,0,19.9,31.23,False,False,True,False,False,False,False,False,False,True,False,False,False,False,False,True,False,False,True
2.11,0.33,3,5.2,3.74,0,19.3,31.1,True,False,False,False,False,True,True,False,False,False,False,False,False,False,False,True,False,True,False
14.64,3.28,0,2.9,3.81,1,23.7,81.26,False,False,True,True,False,False,True,False,False,False,False,False,False,True,False,False,True,False,True
2.56,4.72,0,0.5,4.98,0,76.6,16.23,False,False,False,False,False,False,False,False,False,False,True,False,False,False,False,False,False,False,True
5.99,0.94,0,1.0,4.19,0,13.6,29.67,False,True,False,True,False,False,False,False,False,False,False,False,True,False,False,True,False,False,True
2.59,2.01,1,4.4,4.19,0,41.2,17.08,False,False,False,False,False,False,False,False,False,False,False,False,False,False,True,True,False,False,False
6.74,3.3,4,1.3,3.76,1,90.0,50.97,False,True,False,False,False,False,True,False,False,False,False,False,False,True,False,True,False,True,False
12.41,2.2,1,0.3,3.59,1,40.6,54.98,True,False,False,True,False,False,False,False,False,False,False,False,False,True,False,False,False,False,True
2.77,4.0,1,4.1,4.14,0,48.7,23.88,False,True,False,False,False,False,False,True,False,False,False,False,False,True,False,False,True,True,False
2.34,1.93,1,1.3,4.06,0,42.6,29.94,False,False,False,False,False,False,False,False,False,False,False,False,False,False,False,False,True,False,True
0.89,1.26,0,0.8,3.82,1,71.0,16.92,False,True,False,False,False,False,True,False,False,False,False,False,False,False,True,True,False,False,True
4.17,1.99,0,0.9,3.74,0,88.2,23.72,False,True,False,False,False,False,True,False,False,False,False,False,False,False,True,False,True,True,False
6.43,4.66,0,3.1,5.0,0,32.7,28.46,False,True,False,False,False,False,False,False,True,False,False,True,False,False,False,True,False,True,False
6.3,1.58,1,3.0,4.54,0,29.0,27.08,True,False,False,False,False,False,False,False,False,True,False,False,False,False,False,False,True,True,False
7.81,1.78,0,5.3,4.63,0,33.6,35.08,False,True,False,False,False,False,False,False,False,False,True,False,False,False,False,False,True,True,False
2.46,5.45,1,4.8,4.24,1,13.8,34.41,False,False,False,True,False,False,False,False,False,False,True,False,False,False,False,True,False,False,True
1.81,0.58,0,0.4,4.36,0,64.1,17.37,True,False,False,False,False,True,False,False,False,False,False,False,False,False,False,False,True,True,False
6.38,1.31,0,4.1,4.5,0,91.4,37.11,False,False,False,True,False,False,False,True,False,False,False,False,False,True,False,False,True,True,False
3.0,3.16,0,6.0,3.82,1,48.2,27.79,False,True,False,False,False,True,True,False,False,False,False,True,False,False,False,False,False,False,False
4.56,1.08,0,0.0,4.13,0,97.6,35.86,False,True,False,False,False,True,False,True,False,False,False,False,False,False,True,False,True,False,True
4.62,1.61,0,1.5,3.91,0,84.7,28.6,False,False,False,False,False,False,False,False,False,False,True,False,False,False,False,True,False,False,False
3.52,0.44,1,0.6,4.7,1,65.4,50.83,False,False,True,False,False,False,False,False,False,True,False,False,False,False,False,False,True,True,False
11.13,0.25,1,4.1,4.44,0,93.3,49.49,True,False,False,False,False,False,False,True,False,False,False,False,False,True,False,False,True,True,False
1.94,4.2,0,1.3,4.56,0,42.3,17.27,False,True,False,True,False,False,False,True,False,False,False,False,False,False,True,True,False,True,False
2.64,2.69,3,2.8,4.32,1,87.1,24.18,True,False,False,False,False,False,True,False,False,True,False,False,False,False,False,True,False,True,False
3.62,1.91,0,0.6,4.76,1,14.1,28.21,False,True,False,False,False,False,True,False,False,False,False,False,False,False,False,False,True,True,False
3.93,0.2,1,2.6,3.97,1,91.6,32.22,True,False,False,True,False,False,True,False,False,False,False,False,False,True,False,False,True,True,False
1.24,5.5,0,5.6,4.13,1,17.2,23.62,False,False,False,False,False,False,False,False,False,False,False,True,False,False,False,False,True,True,False
1.12,2.15,1,0.8,4.54,0,75.5,25.35,False,False,False,True,False,False,False,True,False,False,False,True,False,False,False,True,False,False,True
4.15,1.05,1,1.4,4.04,1,14.1,39.35,False,True,False,False,False,True,True,False,False,False,False,False,False,False,False,True,False,False,True
5.3,0.23,0,3.3,4.33,0,12.6,27.1,False,True,False,False,False,False,False,True,False,False,False,True,False,False,False,True,False,True,False
1.07,1.31,0,1.6,4.33,0,19.3,8.36,True,False,False,False,False,False,False,False,True,False,False,False,False,True,False,False,True,False,True
8.86,8.52,1,9.2,4.84,0,76.1,47.22,True,False,False,False,True,False,False,True,False,False,False,True,False,False,False,False,True,False,True
3.71,0.28,1,3.5,4.76,1,57.4,33.71,False,True,False,False,False,True,False,False,False,True,False,False,False,False,False,False,False,False,True
3.26,2.64,1,3.0,4.3,1,90.3,36.98,False,False,False,False,False,False,True,False,False,False,False,False,False,True,False,False,True,True,False
2.82,0.42,0,1.6,3.88,1,51.0,25.24,False,False,False,False,False,False,False,False,False,True,False,False,False,False,False,False,True,False,True
5.52,0.52,0,5.9,4.0,0,47.1,24.14,False,True,False,False,False,False,False,False,True,False,False,False,False,False,True,False,True,False,False
2.04,1.62,2,12.3,4.4,0,43.0,15.37,False,True,False,False,False,False,False,True,False,False,False,False,False,False,True,False,True,False,False
1.29,5.54,2,2.7,3.95,0,96.9,17.24,False,False,False,False,False,False,False,True,False,False,False,False,False,False,False,False,True,True,False
3.64,0.55,0,6.4,4.13,1,67.2,23.98,True,False,False,False,False,False,True,False,False,False,False,False,False,True,False,False,True,True,False
4.05,3.66,2,3.7,4.25,0,64.2,32.95,False,True,False,False,False,False,False,True,False,False,False,False,False,False,True,False,True,False,True
5.71,4.37,0,2.1,3.45,0,82.8,31.45,False,True,False,False,False,False,False,False,False,True,False,False,False,False,False,False,True,False,True
1.31,13.17,1,0.2,4.83,0,93.8,18.38,True,False,False,False,False,False,False,True,False,False,False,False,False,True,False,True,False,False,True
5.74,3.04,0,2.1,4.51,0,80.1,34.63,False,False,False,False,False,False,False,False,False,True,False,False,False,False,False,True,False,True,False
1.82,1.41,1,2.6,4.78,0,30.2,23.94,False,False,False,False,False,False,False,True,False,False,False,False,False,False,True,False,True,False,True
3.19,1.88,0,1.1,4.53,0,91.3,24.82,False,False,False,False,False,False,False,False,False,False,True,False,False,False,False,False,False,False,False
1.29,0.81,0,0.3,3.69,0,58.1,18.17,False,False,False,False,False,False,False,True,False,False,False,False,False,False,False,True,False,False,False
7.19,7.01,0,0.1,4.75,0,76.0,48.63,False,False,False,False,False,False,True,False,False,True,False,False,False,False,False,False,True,True,False
1.66,3.88,0,0.7,4.11,0,19.7,22.54,False,True,False,True,False,False,False,True,False,False,False,False,False,False,False,False,True,False,False
8.19,1.43,0,0.9,4.62,1,39.0,44.56,True,False,False,False,True,False,False,False,False,False,True,False,False,False,False,True,False,False,True
2.9,0.49,1,1.5,4.42,1,72.0,43.55,False,False,False,False,True,False,True,False,False,False,False,False,False,False,False,False,True,False,True
3.14,1.5,0,6.6,4.31,1,40.1,23.06,True,False,False,True,False,False,False,False,False,False,False,False,True,False,False,False,False,True,False
6.08,1.62,1,1.2,3.87,0,84.3,44.5,False,False,False,False,False,False,False,True,False,False,False,False,True,False,False,True,False,False,True
4.69,0.84,2,2.7,4.57,0,28.5,23.51,True,False,False,False,False,False,False,False,True,False,False,True,False,False,False,True,False,False,True
2.6,1.71,0,12.5,4.39,0,52.3,34.63,False,False,True,False,False,True,False,True,False,False,False,False,False,False,True,False,True,True,False
4.0,0.66,0,0.2,4.09,0,72.9,28.61,True,False,False,False,False,True,False,False,True,False,False,False,False,False,True,False,True,True,False
3.57,0.21,2,3.5,4.36,0,57.5,30.82,True,False,False,False,False,True,True,False,False,False,False,False,False,True,False,True,False,False,False
5.85,0.66,0,1.3,3.65,0,74.4,35.4,False,False,False,False,False,False,True,False,False,True,False,False,False,False,False,True,False,True,False
3.08,0.29,2,3.5,4.66,0,61.6,24.84,False,True,False,False,False,False,True,False,False,False,False,False,False,True,False,True,False,False,False
3.06,1.17,0,1.8,4.18,0,61.9,17.37,True,False,False,False,False,False,True,False,False,True,False,False,False,False,False,False,True,False,True
12.67,1.16,0,0.1,4.25,1,22.4,59.71,False,True,False,False,False,False,False,False,False,False,False,False,False,False,True,False,True,True,False
2.06,0.46,1,2.4,4.05,0,99.2,18.11,False,True,False,False,False,False,False,True,False,False,False,False,False,True,False,True,False,False,True
5.39,7.31,1,2.0,4.16,0,50.1,39.31,False,False,False,False,False,False,True,False,False,False,False,False,False,False,False,False,True,True,False
6.93,0.24,0,0.1,4.03,1,54.6,42.5,False,False,False,False,False,True,False,False,False,False,False,False,False,False,True,False,True,True,False
3.83,1.42,0,0.9,3.94,0,20.5,16.53,False,True,False,False,False,False,False,True,False,False,True,False,False,False,False,False,True,False,True
0.94,3.5,0,1.9,4.21,1,19.0,24.8,False,False,False,False,False,True,False,False,False,False,False,False,False,False,False,True,False,True,False
2.19,0.96,0,0.8,4.39,0,16.6,14.37,True,False,False,False,False,False,False,False,False,False,False,True,False,False,False,False,True,True,False
2.52,1.23,2,0.7,3.71,1,16.0,32.2,True,False,False,False,True,False,True,False,False,False,False,False,True,False,False,True,False,False,True
1.36,0.7,1,3.9,3.82,1,97.8,29.2,False,False,False,False,False,False,False,False,False,False,True,False,False,False,False,True,False,True,False
6.09,0.86,1,0.3,4.77,0,66.7,43.38,False,False,True,False,False,False,False,True,False,True,False,False,False,False,False,False,True,False,True
2.82,0.66,0,2.8,5.0,1,77.9,28.56,False,False,False,False,False,False,True,False,False,False,False,False,True,False,False,False,True,True,False
7.45,2.98,1,1.6,4.24,0,73.8,44.4,False,True,False,False,False,False,False,False,False,True,False,False,False,False,False,False,True,True,False
2.56,0.67,0,1.3,4.99,1,86.1,32.65,False,True,False,False,True,False,True,False,False,False,False,False,True,False,False,True,False,True,False
2.82,0.79,0,0.4,3.63,0,73.3,19.92,False,True,False,False,False,False,True,False,False,True,False,False,False,False,False,True,False,True,False
4.09,1.21,2,0.5,4.24,0,33.5,32.11,True,False,False,False,False,False,False,False,True,True,False,False,False,False,False,False,True,False,True
5.62,1.52,0,3.7,5.0,0,77.0,29.81,False,False,False,False,False,False,False,False,True,False,False,False,False,False,True,True,False,False,True
3.31,1.07,1,0.6,4.36,0,96.0,22.72,False,True,False,True,False,False,True,False,False,False,False,True,False,False,False,True,False,True,False
1.9,5.98,1,2.0,4.29,0,83.6,18.94,True,False,False,False,False,False,False,False,True,False,False,False,False,False,False,False,True,True,False
14.46,0.87,0,0.2,4.16,0,28.9,63.96,False,True,False,False,False,True,False,True,False,False,False,False,False,False,True,False,True,True,False
2.07,0.99,0,2.0,4.12,0,30.4,22.09,False,False,False,False,False,False,False,True,False,True,False,False,False,False,False,False,False,True,False
5.14,3.29,0,4.4,4.92,0,95.7,25.11,False,True,False,False,False,False,False,False,False,False,True,False,False,False,False,False,False,False,True
7.62,0.59,0,0.3,4.09,0,47.6,34.72,True,False,False,False,False,False,False,False,True,False,False,False,False,True,False,False,True,True,False
4.37,0.59,0,0.4,4.91,1,62.3,26.58,True,False,False,True,False,False,False,False,False,False,False,False,False,False,True,False,True,True,False
10.57,0.55,0,8.3,4.56,0,92.6,41.13,False,True,False,False,False,False,True,False,False,False,False,True,False,False,False,True,False,True,False
3.74,4.96,0,1.0,4.21,0,43.5,25.67,True,False,False,False,False,True,False,True,False,False,False,True,False,False,False,True,False,False,False
1.39,0.79,2,0.3,4.54,0,73.3,29.15,True,False,False,False,False,True,False,True,False,False,False,False,True,False,False,True,False,False,True
2.27,0.37,2,2.4,4.03,1,89.0,21.12,True,False,False,False,False,False,False,False,False,False,False,False,False,True,False,False,True,False,True
5.75,9.49,0,0.7,4.02,0,83.9,33.04,True,False,False,False,False,False,False,False,True,True,False,False,False,False,False,False,True,False,True
2.96,2.81,3,0.9,3.85,0,18.3,31.09,True,False,False,False,False,False,False,False,False,False,False,True,False,False,False,True,False,False,True
3.44,0.73,0,0.2,4.41,0,90.3,32.21,False,False,False,False,False,True,True,False,False,False,True,False,False,False,False,True,False,False,True
7.63,0.45,0,1.0,3.71,0,98.5,41.28,True,False,False,False,True,False,True,False,False,False,False,False,False,False,True,False,True,False,False
2.63,0.3,0,0.1,3.68,1,55.8,37.38,False,False,True,False,False,False,False,False,False,False,False,False,False,False,True,False,True,False,True
9.11,1.01,1,5.7,4.4,1,52.6,48.27,False,True,False,False,False,False,True,False,False,False,False,True,False,False,False,False,True,False,True
2.0,0.38,1,4.4,4.85,1,73.3,44.39,False,False,True,False,False,False,True,False,False,True,False,False,False,False,False,False,True,True,False
2.06,6.23,0,2.6,4.66,1,41.6,27.29,False,True,False,True,False,False,True,False,False,False,False,True,False,False,False,False,True,False,False
2.55,0.33,3,1.6,4.33,0,61.5,26.98,True,False,False,False,False,False,True,False,False,False,False,True,False,False,False,False,True,False,True
6.88,8.97,0,2.5,3.82,0,51.5,26.98,True,False,False,False,False,False,False,False,False,False,True,False,False,False,False,True,False,True,False
4.31,3.84,0,1.6,4.25,0,40.6,27.47,False,True,False,False,False,False,False,False,True,False,False,False,True,False,False,True,False,False,True
9.68,2.93,1,2.4,4.75,0,34.0,52.97,False,False,False,False,False,False,False,False,False,False,False,False,False,False,True,False,True,False,True
4.02,6.22,0,1.6,4.12,1,80.3,31.49,True,False,False,False,False,False,True,False,False,False,False,False,True,False,False,False,True,True,False
3.74,4.31,1,3.0,4.15,1,21.5,29.19,False,True,False,False,False,False,False,False,False,False,True,False,False,False,False,False,True,False,True
5.96,1.15,0,0.8,4.9,0,67.7,31.23,False,True,False,False,False,False,False,False,True,False,False,False,False,True,False,False,True,True,False
3.69,0.44,1,4.5,4.41,1,56.7,39.98,False,True,False,False,True,False,True,False,False,False,False,False,False,True,False,False,True,False,True
5.8,2.25,0,0.3,4.28,1,41.0,35.17,True,False,False,False,False,False,True,False,False,False,True,False,False,False,False,False,True,False,True
3.32,2.67,0,2.4,4.13,0,81.7,17.83,False,True,False,False,False,False,False,False,False,False,False,False,False,False,False,False,True,True,False
2.71,0.58,1,4.0,3.97,0,56.8,19.98,True,False,False,False,False,False,False,True,False,False,False,False,False,False,True,True,False,True,False
15.74,2.72,1,4.3,4.3,0,28.3,72.55,False,False,False,False,False,False,False,True,False,False,False,True,False,False,False,False,True,True,False
3.01,1.96,0,5.2,4.13,1,73.8,24.05,False,True,False,False,False,False,True,False,False,False,False,False,True,False,False,False,False,False,True
2.33,0.45,0,2.4,4.35,0,20.0,27.31,False,True,False,False,False,True,False,True,False,False,False,False,True,False,False,False,True,False,True
7.47,2.49,2,3.0,3.99,0,90.2,30.32,False,True,False,False,False,False,True,False,False,False,False,False,False,False,False,True,False,False,True
1.58,3.54,0,2.3,4.52,1,40.3,26.58,False,False,False,False,False,True,True,False,False,False,False,True,False,False,False,True,False,False,False
2.2,6.78,0,3.1,4.22,0,83.2,35.69,False,False,True,False,True,False,False,True,False,False,True,False,False,False,False,False,True,True,False
14.17,3.29,0,1.9,4.44,0,97.7,54.97,True,False,False,False,False,False,False,True,False,False,False,False,False,False,False,False,True,False,False
2.71,3.78,0,1.4,3.95,1,72.2,16.43,True,False,False,False,False,False,False,False,False,True,False,False,False,False,False,True,False,False,False
1.44,1.23,1,3.8,4.23,1,85.8,12.63,True,False,False,False,False,False,True,False,False,False,False,False,True,False,False,True,False,True,False
5.26,0.35,1,2.4,4.06,0,28.3,33.9,False,True,False,False,False,False,True,False,False,False,False,False,False,False,False,True,False,True,False
2.99,0.94,2,3.0,4.48,1,68.4,25.31,True,False,False,False,False,False,False,False,False,False,False,False,True,False,False,False,False,True,False
5.01,1.8,0,0.7,4.27,1,66.6,32.39,False,True,False,False,False,False,False,False,False,True,False,False,False,False,False,True,False,True,False
9.0,1.47,0,2.1,4.12,0,36.2,43.45,False,True,False,False,False,False,False,False,False,False,False,False,False,False,False,False,True,False,False
6.1,0.99,2,0.9,3.82,0,98.0,36.01,False,False,False,False,False,False,False,True,False,False,False,False,False,True,False,True,False,False,True
6.23,0.42,1,2.1,3.95,0,35.7,34.23,True,False,False,False,False,False,False,False,True,False,False,False,False,False,True,False,True,False,True
1.05,2.98,0,2.0,4.2,0,23.7,19.07,False,True,False,True,False,False,False,False,True,False,True,False,False,False,False,True,False,False,True
6.7,0.32,1,2.3,4.31,0,94.1,42.21,False,True,False,False,False,True,False,False,True,True,False,False,False,False,False,False,True,False,False
7.15,0.28,0,6.8,4.13,1,54.6,36.65,True,False,False,False,False,True,False,False,False,False,False,True,False,False,False,True,False,False,True
4.35,0.56,3,1.8,3.95,0,43.5,31.8,False,False,False,False,False,False,False,False,True,False,False,False,True,False,False,True,False,True,False
3.0,0.6,0,0.6,4.0,0,47.5,21.0,False,True,False,False,False,False,False,True,False,False,False,False,True,False,False,False,False,False,True
3.46,4.45,1,2.4,3.52,1,14.7,45.56,False,False,True,False,False,False,False,False,False,False,False,True,False,False,False,False,True,False,True
6.13,2.82,0,2.6,5.0,0,97.1,36.09,False,False,False,False,False,False,True,False,False,False,False,False,False,True,False,True,False,False,True
4.71,0.83,4,2.1,4.5,0,63.6,38.76,False,True,False,False,False,False,False,False,True,True,False,False,False,False,False,False,True,True,False
3.05,0.52,0,2.9,4.03,1,17.8,23.77,True,False,False,False,False,False,False,False,False,False,False,False,False,False,False,False,True,False,False
9.34,6.18,2,4.4,4.79,1,42.1,48.44,True,False,False,False,False,False,True,False,False,False,False,False,True,False,False,True,False,True,False
7.64,5.46,0,0.7,4.6,1,62.9,42.39,False,True,False,False,False,False,True,False,False,False,True,False,False,False,False,False,True,False,True
1.61,0.37,1,3.6,4.14,0,89.3,32.18,False,False,True,False,False,True,False,False,False,False,True,False,False,False,False,True,False,False,True
4.36,1.31,1,3.7,4.25,1,33.7,28.25,False,True,False,False,False,False,False,False,False,False,False,False,False,True,False,False,False,True,False
5.97,3.02,0,0.1,4.19,0,90.4,23.92,True,False,False,False,False,False,False,False,True,False,False,False,False,False,True,False,True,True,False
8.6,1.43,0,3.1,4.5,1,26.5,37.66,True,False,False,False,False,False,False,False,False,False,False,False,True,False,False,True,False,False,True
1.49,1.42,2,4.3,4.12,0,44.2,21.59,False,True,False,True,False,False,False,False,False,True,False,False,False,False,False,True,False,True,False
2.73,1.38,0,5.3,4.55,1,14.6,23.39,False,True,False,False,False,False,True,False,False,False,False,False,False,False,False,False,True,False,True
8.02,1.96,0,5.5,4.05,1,29.3,39.45,True,False,False,False,False,True,True,False,False,False,False,False,False,False,False,False,False,False,True
2.65,1.37,1,3.9,4.22,0,44.3,12.07,True,False,False,False,False,False,False,False,True,False,False,False,False,True,False,False,True,False,True
3.86,0.42,0,0.6,4.24,0,51.6,29.79,False,True,False,False,False,True,True,False,False,False,False,False,False,False,False,True,False,True,False
2.08,0.83,1,1.5,4.31,0,52.1,14.47,True,False,False,False,False,False,False,True,False,False,False,False,False,False,False,False,True,True,False
1.74,1.22,1,3.1,4.12,0,12.2,10.07,False,True,False,False,False,False,True,False,False,False,False,False,True,False,False,True,False,False,True
2.85,2.19,0,6.4,4.3,0,79.5,18.93,False,False,False,False,False,False,False,False,True,False,False,False,False,False,False,False,True,False,True
3.89,5.39,1,0.6,4.16,0,90.3,29.07,True,False,False,True,False,False,True,False,False,False,False,False,False,False,False,False,True,False,True
2.57,0.36,0,0.3,4.82,1,30.5,20.02,True,False,False,False,False,False,False,False,False,True,False,False,False,False,False,False,True,True,False
4.21,0.36,0,0.4,4.51,0,51.3,30.61,False,False,False,False,False,False,False,False,True,False,False,False,False,True,False,False,True,False,True
4.65,4.59,1,0.4,4.58,0,61.0,33.75,True,False,False,False,False,True,False,False,True,False,False,True,False,False,False,False,True,False,True
6.47,0.31,0,0.7,3.76,0,32.4,34.08,False,True,False,False,False,False,False,False,True,False,False,False,False,False,False,False,True,True,False
8.03,0.58,2,0.5,3.64,0,16.7,40.33,True,False,False,False,False,False,True,False,False,False,False,False,False,False,False,True,False,False,False
3.37,1.77,0,0.2,4.37,0,51.4,23.99,False,True,False,True,False,False,False,False,False,False,False,False,False,True,False,False,True,True,False
2.42,1.79,1,1.7,4.61,0,49.2,12.46,True,False,False,False,False,False,False,False,True,False,False,False,False,True,False,True,False,False,True
5.64,0.4,0,1.1,3.8,1,95.0,47.86,False,False,False,False,False,True,False,False,False,False,False,False,True,False,False,False,True,False,False
1.62,2.28,0,2.0,3.85,1,66.3,30.96,False,False,True,False,False,False,True,False,False,False,False,False,False,False,True,True,False,False,False
5.02,2.81,0,2.2,4.29,0,73.7,33.28,False,True,False,False,False,False,False,True,False,False,False,False,False,False,False,False,True,False,True
5.88,1.53,2,0.3,4.79,1,22.0,49.48,False,True,False,False,False,False,True,False,False,False,False,False,True,False,False,False,True,False,True
6.79,0.6,1,0.2,4.05,1,90.1,42.64,False,True,False,False,False,False,True,False,False,False,False,False,False,False,True,False,True,False,True
4.46,1.34,1,0.1,3.73,0,77.3,28.84,True,False,False,False,False,False,False,False,True,False,False,False,True,False,False,False,True,False,False
3.23,0.59,0,4.4,4.49,1,18.1,44.28,False,False,True,False,True,False,False,False,False,False,False,False,True,False,False,False,True,False,True
2.09,3.89,1,0.9,4.02,0,17.4,11.36,True,False,False,False,False,False,False,False,False,True,False,False,False,False,False,False,False,True,False
1.28,0.54,0,1.1,4.14,0,41.0,20.42,False,False,False,False,False,False,False,False,True,False,True,False,False,False,False,True,False,False,False
2.58,0.48,0,3.9,3.9,0,72.4,7.67,True,False,False,False,False,False,True,False,False,False,True,False,False,False,False,False,True,True,False
2.38,1.15,0,0.7,3.5,1,87.2,43.52,False,False,True,False,True,False,True,False,False,True,False,False,False,False,False,True,False,True,False
6.74,0.87,0,3.3,4.65,1,60.3,39.98,False,True,False,False,False,True,False,False,False,False,False,False,False,False,False,True,False,False,True
4.87,2.19,2,2.2,3.89,0,96.2,42.22,False,True,False,False,False,True,False,False,True,False,False,True,False,False,False,False,True,False,True
2.37,1.17,0,0.9,4.62,0,21.2,27.97,False,False,False,True,False,False,True,False,False,False,False,False,False,True,False,False,True,False,True
1.59,5.43,0,0.8,3.49,0,53.8,18.31,False,True,False,False,False,False,False,True,False,False,False,False,False,False,False,False,True,True,False
2.13,2.56,0,0.3,3.65,1,35.4,25.62,True,False,False,False,True,False,True,False,False,False,False,False,False,True,False,False,False,True,False
11.94,0.27,0,13.6,4.34,0,44.5,44.95,True,False,False,False,False,False,True,False,False,True,False,False,False,False,False,False,True,False,True
2.75,1.3,0,1.8,3.83,0,52.7,24.23,False,False,False,False,False,False,True,False,False,True,False,False,False,False,False,False,True,False,True
4.7,4.79,0,1.2,4.29,1,28.2,35.97,True,False,False,False,True,False,False,False,False,False,False,False,False,True,False,True,False,True,False
6.2,6.0,0,0.1,4.38,1,43.0,38.71,False,True,False,False,False,False,False,False,False,False,True,False,False,False,False,False,True,True,False
2.57,0.92,0,3.1,3.82,0,82.5,21.25,False,True,False,False,False,False,False,True,False,False,False,False,True,False,False,False,True,False,True
3.47,2.12,0,0.2,4.34,0,89.6,19.58,True,False,False,False,False,False,False,False,False,False,False,False,True,False,False,True,False,False,False
2.91,0.23,0,7.3,4.47,0,27.4,15.66,False,True,False,False,False,False,False,True,False,False,True,False,False,False,False,True,False,True,False
7.15,0.24,1,3.7,4.4,0,87.8,34.04,False,True,False,False,False,False,False,True,False,False,False,False,False,False,False,False,False,False,True
1.53,1.76,1,1.5,3.96,0,93.0,21.83,False,True,False,False,False,False,False,True,False,True,False,False,False,False,False,False,False,True,False
3.78,3.35,0,0.2,4.1,0,91.9,26.97,False,False,False,False,False,False,False,False,False,False,True,False,False,False,False,True,False,True,False
5.1,8.75,1,1.0,4.08,0,56.1,30.66,True,False,False,False,False,False,False,False,True,False,True,False,False,False,False,True,False,True,False
2.89,0.21,0,0.5,4.68,1,63.1,32.84,False,True,False,False,True,False,True,False,False,False,False,True,False,False,False,True,False,False,False
4.34,3.77,0,1.5,3.86,0,51.4,15.12,True,False,False,False,False,False,False,False,True,False,False,False,True,False,False,True,False,False,True
5.24,1.01,1,5.2,3.96,0,30.4,34.33,False,False,False,False,False,False,False,True,False,False,False,False,True,False,False,False,True,False,True
1.87,1.37,1,9.2,4.52,1,52.9,37.46,False,False,True,False,False,False,False,False,False,False,False,True,False,False,False,False,True,True,False
3.12,0.65,1,3.0,4.23,0,26.7,22.54,True,False,False,True,False,False,True,False,False,False,True,False,False,False,False,True,False,True,False
2.17,0.34,2,0.8,4.13,0,30.1,26.45,False,False,False,False,False,False,False,False,True,False,False,False,True,False,False,False,False,True,False
2.73,2.51,1,1.6,3.81,0,66.1,36.43,False,False,False,False,False,True,False,True,False,False,False,False,False,False,True,False,False,True,False
4.61,2.28,1,2.6,4.61,1,93.2,34.09,False,True,False,False,False,False,True,False,False,True,False,False,False,False,False,False,True,True,False
1.5,1.9,0,6.3,3.73,0,81.6,11.95,False,True,False,False,False,False,False,False,False,False,False,False,False,False,False,False,True,True,False
6.62,1.23,0,0.0,3.63,0,40.6,34.44,True,False,False,False,False,False,True,False,False,False,False,False,False,False,False,False,True,False,True
8.18,2.7,1,0.3,4.62,0,70.8,27.69,True,False,False,False,False,False,True,False,False,False,False,False,False,True,False,True,False,False,True
3.67,1.13,0,2.1,3.9,1,53.6,29.87,False,True,False,False,False,False,False,False,False,False,False,False,False,False,True,False,True,False,True
2.06,0.65,0,1.4,4.25,0,69.1,23.54,False,False,False,False,False,False,False,True,False,False,False,False,False,False,False,False,True,False,True
4.19,1.61,0,4.6,5.0,1,34.3,23.76,True,False,False,False,False,False,False,False,False,False,False,False,True,False,False,False,True,False,True
2.47,0.79,1,2.2,4.28,1,37.3,23.13,False,True,False,False,False,False,True,False,False,False,False,False,False,False,False,True,False,False,True
2.21,1.47,0,1.0,4.24,0,69.0,23.33,False,True,False,False,False,True,False,True,False,False,True,False,False,False,False,True,False,False,True
5.05,0.53,1,0.4,4.16,0,94.4,39.65,False,False,True,False,False,False,True,False,False,False,False,False,True,False,False,False,False,True,False
6.2,3.29,1,3.0,3.57,0,42.6,34.72,True,False,False,False,False,True,False,True,False,True,False,False,False,False,False,False,True,False,True
2.74,0.21,0,4.3,4.3,0,61.9,25.22,False,True,False,False,True,False,True,False,False,False,False,True,False,False,False,True,False,True,False
6.18,8.69,1,2.4,3.93,0,12.1,37.31,False,True,False,False,False,False,False,False,False,True,False,False,False,False,False,False,True,True,False
8.52,1.5,0,2.4,4.13,1,56.7,42.15,True,False,False,False,False,False,False,False,False,False,False,False,False,True,False,False,True,True,False
1.41,1.2,2,1.4,4.42,0,30.7,21.97,False,False,False,False,False,False,True,False,False,False,False,False,False,False,True,False,True,False,True
2.6,4.43,1,5.6,4.61,1,77.0,36.01,False,False,False,False,False,False,False,False,False,False,False,False,False,False,True,True,False,False,False
3.36,3.09,2,0.8,4.57,1,70.5,37.81,False,False,False,False,False,False,True,False,False,False,False,False,False,False,False,True,False,True,False
11.86,1.03,0,0.7,4.66,0,71.0,65.46,False,False,True,False,False,False,False,True,False,False,False,False,True,False,False,False,True,False,True
10.46,1.93,1,1.0,4.71,0,36.7,49.31,True,False,False,False,False,True,False,True,False,True,False,False,False,False,False,False,True,False,True
15.88,10.07,0,1.2,4.53,0,32.8,68.04,True,False,False,False,False,False,False,False,True,False,False,False,False,True,False,False,True,False,True
6.68,1.29,1,2.5,4.02,1,81.8,43.09,False,True,False,False,False,False,False,False,False,False,False,False,False,False,False,False,True,False,True
4.5,0.26,2,0.4,3.87,0,77.5,35.63,False,False,False,False,False,False,False,True,False,False,False,True,False,False,False,False,True,False,True
7.87,0.94,0,1.0,4.51,0,55.9,51.24,False,False,False,False,False,True,False,True,False,False,True,False,False,False,False,False,True,True,False
1.28,2.51,1,0.4,4.47,0,23.4,33.11,False,False,True,False,False,False,False,True,False,False,False,False,False,False,True,False,True,False,False
3.87,1.45,1,0.1,3.54,0,41.6,45.06,False,False,True,False,True,False,False,False,False,False,False,False,False,True,False,False,True,True,False
4.15,0.83,0,3.0,4.48,0,26.3,28.28,False,True,False,False,False,False,False,False,True,False,True,False,False,False,False,False,True,False,False
3.83,5.49,1,0.7,3.69,0,80.4,33.21,False,False,False,False,False,False,False,True,False,False,False,False,False,False,False,False,True,True,False
4.04,7.38,0,1.3,4.33,1,50.1,29.87,False,True,False,False,False,False,False,False,False,False,False,False,True,False,False,False,True,False,False
6.41,2.67,0,1.0,4.25,0,24.5,28.13,False,True,False,False,False,False,False,False,False,False,False,True,False,False,False,True,False,False,True
5.63,0.79,2,0.8,5.0,1,51.9,58.8,False,False,False,False,True,False,False,False,False,False,True,False,False,False,False,False,True,False,True
3.0,4.66,1,1.8,4.56,0,86.4,15.47,True,False,False,False,False,False,True,False,False,False,False,False,False,False,False,True,False,True,False
3.67,0.58,0,0.6,3.72,0,85.2,29.79,False,True,False,False,False,True,False,True,False,False,False,True,False,False,False,True,False,False,True
4.13,3.63,0,1.6,4.45,0,85.6,29.45,False,True,False,True,False,False,False,True,False,False,False,False,False,False,False,False,True,False,True
4.44,3.37,2,0.9,4.29,0,57.0,32.74,False,True,False,False,False,False,True,False,False,False,False,False,False,False,True,False,True,False,True
5.15,0.59,0,6.4,4.35,1,45.4,26.44,False,True,False,False,False,False,False,False,False,False,False,True,False,False,False,True,False,True,False
4.3,6.06,0,0.7,5.0,0,31.6,33.86,False,False,True,False,False,False,False,True,False,True,False,False,False,False,False,False,True,True,False
2.31,4.35,2,1.1,4.45,0,89.4,36.85,False,False,True,False,False,False,False,True,False,False,False,False,False,False,True,False,False,True,False
2.53,1.01,1,0.2,3.73,1,33.1,36.82,False,True,False,False,True,False,True,False,False,False,False,False,False,True,False,False,True,False,True
1.21,2.07,0,0.2,4.05,1,34.5,15.27,False,True,False,False,False,False,True,False,False,False,False,False,True,False,False,False,True,False,True
1.77,0.39,2,8.2,4.75,0,53.7,25.24,False,False,False,False,False,False,False,False,False,False,False,True,False,False,False,False,True,True,False
4.08,1.5,1,0.3,5.0,0,45.6,28.64,True,False,False,False,False,True,False,True,False,False,True,False,False,False,False,True,False,False,True
2.3,1.01,0,3.5,4.48,0,53.4,15.95,False,True,False,False,False,False,False,False,True,False,False,False,True,False,False,True,False,True,False
1.72,1.12,1,3.3,4.67,1,60.8,23.93,False,True,False,False,False,False,True,False,False,False,False,False,False,False,True,False,True,True,False
6.43,1.81,0,3.3,5.0,1,68.5,27.74,False,True,False,False,False,False,True,False,False,False,False,False,False,True,False,True,False,False,True
3.52,0.29,1,0.2,4.26,0,29.5,29.29,False,True,False,False,True,False,False,False,True,False,False,False,False,False,False,False,False,False,True
7.4,7.21,4,0.0,4.35,1,38.1,58.02,False,False,False,False,False,False,True,False,False,False,True,False,False,False,False,False,True,False,True
2.12,0.75,1,1.3,3.63,0,72.8,33.15,False,False,True,False,False,False,True,False,False,False,False,True,False,False,False,True,False,False,True
4.08,3.75,0,2.6,3.75,1,15.3,46.58,False,False,True,True,False,False,False,False,False,False,False,False,False,False,False,False,True,False,True
1.51,0.76,1,0.2,4.59,0,79.2,21.99,True,False,False,False,False,False,False,False,True,False,False,True,False,False,False,False,True,True,False
6.15,0.39,1,0.0,3.9,0,61.4,29.47,False,True,False,False,False,False,False,True,False,True,False,False,False,False,False,True,False,False,True
6.89,1.41,0,0.2,4.33,0,93.0,49.98,False,False,False,False,False,True,False,True,False,False,False,True,False,False,False,False,True,False,True
6.2,4.04,1,1.4,4.11,1,56.5,33.39,True,False,False,False,False,False,False,False,False,False,False,False,False,False,False,False,True,False,True
1.02,0.92,0,5.9,4.03,1,47.3,13.77,False,True,False,False,False,False,False,False,False,True,False,False,False,False,False,True,False,False,False
3.16,1.2,1,0.9,5.0,0,41.1,25.09,False,True,False,False,False,False,False,False,False,False,False,False,False,False,False,False,True,False,True
2.24,3.8,1,1.7,4.76,0,56.5,22.72,True,False,False,False,True,False,True,False,False,False,True,False,False,False,False,True,False,True,False
3.69,1.83,0,2.0,4.56,1,15.3,38.24,False,False,False,False,True,False,True,False,False,False,False,False,False,False,True,False,False,False,False
6.27,3.05,1,0.3,3.84,1,76.2,34.93,False,True,False,False,False,False,True,False,False,False,False,False,False,False,True,True,False,True,False
3.09,1.73,1,1.5,4.74,0,54.7,35.3,False,False,False,True,False,False,False,False,False,False,False,True,False,False,False,True,False,True,False
4.63,0.97,2,2.3,4.66,0,27.8,41.65,False,False,True,False,False,False,False,True,False,False,False,False,True,False,False,True,False,False,True
0.53,0.32,1,2.3,4.6,1,17.5,19.18,False,True,False,False,False,False,False,False,False,False,True,False,False,False,False,False,True,False,True
2.89,2.18,0,0.9,5.0,0,15.2,19.36,False,True,False,False,False,False,False,True,False,False,False,False,False,False,True,True,False,False,False
3.02,11.59,0,2.3,4.08,0,19.1,24.3,False,True,False,False,False,False,False,True,False,False,False,False,True,False,False,True,False,True,False
8.1,0.61,0,4.8,4.4,0,36.7,48.6,False,True,False,False,False,True,False,True,False,False,False,False,False,False,True,False,True,True,False
5.11,0.31,2,3.4,3.8,1,52.3,49.26,False,False,True,False,False,False,True,False,False,False,False,False,False,True,False,True,False,False,True
1.41,6.36,0,0.7,4.16,0,67.0,16.26,False,False,False,False,False,False,False,False,False,False,False,False,False,False,True,True,False,False,True
3.86,1.88,0,0.0,4.61,0,57.7,36.14,False,False,True,False,False,False,False,True,False,False,False,False,False,True,False,True,False,True,False
7.49,5.16,0,1.4,4.26,0,72.9,41.27,False,False,False,False,False,False,True,False,False,False,False,True,False,False,False,False,True,False,False
8.58,1.09,1,0.5,3.59,0,92.9,52.72,False,False,True,False,False,False,False,False,True,False,False,False,False,False,True,True,False,False,True
9.42,0.82,1,1.7,4.99,0,34.8,39.94,True,False,False,False,False,False,False,True,False,False,True,False,False,False,False,False,True,False,True
4.98,1.02,0,0.0,4.51,0,22.3,19.26,True,False,False,False,False,False,False,False,False,False,False,False,False,False,True,True,False,True,False
2.62,4.91,0,4.8,4.45,1,78.5,26.6,False,True,False,False,False,False,False,False,False,False,False,False,False,False,False,False,True,True,False
8.66,1.19,0,1.9,4.52,0,76.3,40.47,True,False,False,False,False,False,False,True,False,False,False,True,False,False,False,False,True,True,False
4.82,5.63,1,3.6,4.44,0,61.2,42.98,False,False,True,False,False,True,False,False,True,False,False,True,False,False,False,False,True,True,False
2.44,3.03,0,1.4,4.02,0,67.7,17.11,True,False,False,False,False,False,False,False,False,True,False,False,False,False,False,False,True,False,True
1.53,1.24,3,3.0,4.75,1,19.5,37.98,False,False,False,True,False,False,False,False,False,True,False,False,False,False,False,False,True,True,False
3.68,0.74,1,1.1,4.8,0,98.7,22.97,True,False,False,False,False,False,False,True,False,False,False,True,False,False,False,True,False,False,False
4.93,1.03,0,1.2,4.06,0,93.9,33.54,False,False,False,False,False,False,False,True,False,True,False,False,False,False,False,False,True,False,True
6.74,1.75,0,0.9,3.85,0,84.7,50.4,False,False,False,False,True,False,False,False,True,False,False,False,False,False,False,False,True,True,False
2.52,1.31,0,0.2,4.67,0,17.4,17.79,False,True,False,False,False,False,False,True,False,False,False,True,False,False,False,False,True,False,True
2.13,2.19,2,2.3,4.38,0,62.8,23.75,False,True,False,False,False,False,False,True,False,False,True,False,False,False,False,False,True,True,False
5.05,1.1,0,4.0,4.48,0,59.7,28.43,False,True,False,True,False,False,False,True,False,False,False,False,True,False,False,True,False,False,True
3.71,0.96,3,1.8,4.7,0,32.9,29.56,False,True,False,False,False,False,False,True,False,False,True,False,False,False,False,False,True,True,False
3.91,0.94,1,4.5,3.76,0,53.7,25.98,True,False,False,False,False,False,True,False,False,False,True,False,False,False,False,False,True,True,False
3.92,3.49,2,2.5,4.73,0,98.7,34.77,False,False,False,False,False,False,False,False,True,False,False,False,False,False,True,False,True,False,True
2.31,0.33,0,1.6,4.3,0,39.9,31.71,False,False,False,False,True,False,False,True,False,False,False,False,True,False,False,False,True,False,True
1.69,2.34,0,0.3,4.1,1,76.7,17.32,False,True,False,False,False,False,False,False,False,False,False,True,False,False,False,True,False,False,True
5.29,2.93,0,2.5,4.49,0,30.1,32.49,False,False,False,False,False,False,False,True,False,False,False,False,True,False,False,False,True,False,True
3.37,0.22,0,0.4,4.17,0,50.6,31.61,False,False,False,False,True,False,False,True,False,False,False,False,False,False,True,True,False,False,True
4.26,3.34,0,3.4,4.02,0,50.4,31.55,False,False,False,False,False,True,False,True,False,False,False,False,False,True,False,True,False,False,True
5.88,3.25,2,0.1,3.9,0,59.3,26.54,True,False,False,False,False,False,False,True,False,True,False,False,False,False,False,True,False,True,False
2.33,8.85,0,6.6,4.55,1,93.1,33.87,False,False,True,False,False,False,False,False,False,False,False,False,False,False,False,False,True,True,False
2.47,0.6,0,6.1,4.31,0,97.0,18.94,False,True,False,False,False,False,True,False,False,False,False,False,True,False,False,False,True,False,True
2.51,0.49,0,7.0,3.83,0,82.2,21.55,False,True,False,False,False,False,False,False,True,False,False,False,False,False,False,False,True,False,True
0.83,2.23,0,0.8,4.51,0,39.7,12.42,False,True,False,False,False,False,False,False,True,False,True,False,False,False,False,False,False,False,False
7.82,2.55,1,0.2,4.67,1,22.4,55.39,False,False,True,False,False,True,True,False,False,False,False,False,False,True,False,True,False,False,True
14.22,7.12,0,2.6,4.4,0,26.8,74.33,False,False,False,False,False,False,False,True,False,False,False,False,False,False,False,False,True,False,True
3.79,2.55,1,2.0,3.87,0,13.6,28.56,False,True,False,True,False,False,False,True,False,True,False,False,False,False,False,False,True,True,False
5.81,2.45,0,3.0,4.53,1,20.6,35.88,False,False,False,False,False,False,True,False,False,False,False,False,False,True,False,True,False,False,True
3.33,3.74,0,0.1,4.74,0,80.0,21.56,True,False,False,False,False,False,False,True,False,False,True,False,False,False,False,False,True,False,True
5.75,2.6,1,0.2,4.83,1,20.9,36.95,True,False,False,False,False,False,True,False,False,False,False,False,False,False,False,False,True,False,True
10.3,2.59,2,4.3,4.1,1,16.4,60.44,False,True,False,True,False,False,False,False,False,False,False,False,True,False,False,False,True,False,True
2.3,0.86,1,0.8,5.0,1,73.9,25.43,False,True,False,False,False,False,True,False,False,False,False,False,False,True,False,False,False,True,False
5.52,0.57,1,0.3,4.76,0,45.6,46.1,False,False,True,False,False,False,True,False,False,False,False,False,False,False,True,False,True,False,True
5.95,1.09,0,1.3,4.82,1,31.6,25.37,True,False,False,False,False,False,False,False,False,False,True,False,False,False,False,True,False,False,True
1.98,1.67,1,4.3,4.08,0,83.5,15.41,True,False,False,False,False,False,False,False,True,False,False,False,False,False,True,False,True,False,True
1.85,1.87,1,1.6,4.01,0,86.1,16.34,True,False,False,False,False,False,False,True,False,False,False,True,False,False,False,False,True,False,True
1.74,3.79,1,1.1,4.73,1,53.2,28.1,False,False,False,False,False,False,True,False,False,False,False,True,False,False,False,False,True,True,False
6.85,2.62,0,7.1,4.66,1,57.1,39.27,False,True,False,False,False,False,False,False,False,True,False,False,False,False,False,False,True,True,False
1.24,0.47,0,0.5,4.01,0,72.0,22.42,False,False,False,False,False,True,False,False,True,False,False,False,False,False,False,False,True,False,False
6.57,0.73,0,0.2,4.09,0,64.8,39.03,False,False,False,False,False,False,False,True,False,False,False,True,False,False,False,False,True,False,True
1.38,4.47,1,0.4,4.54,0,65.4,29.87,False,False,True,False,False,False,True,False,False,False,False,False,True,False,False,False,True,True,False
2.05,5.38,1,0.0,3.83,0,53.4,29.5,False,False,False,True,False,False,True,False,False,False,False,False,False,True,False,True,False,False,True
3.47,0.88,0,0.7,5.0,0,30.6,18.86,False,True,False,True,False,False,False,True,False,False,False,False,True,False,False,True,False,False,False
2.73,0.3,1,1.5,4.4,0,19.8,18.55,True,False,False,False,False,False,True,False,False,True,False,False,False,False,False,False,True,False,True
4.97,0.8,0,0.7,4.87,1,84.9,38.9,False,False,True,False,False,False,False,False,False,False,False,True,False,False,False,False,True,True,False
1.66,2.27,1,1.1,3.89,1,95.5,16.81,True,False,False,True,False,False,False,False,False,False,False,False,False,False,True,False,True,True,False
2.38,1.91,1,1.7,3.94,0,85.5,21.38,True,False,False,False,False,True,False,False,True,False,False,False,False,False,False,False,True,False,False
4.47,0.36,0,7.6,4.37,1,48.6,35.59,True,False,False,False,True,False,False,False,False,False,False,False,False,False,False,True,False,False,True
2.56,0.74,1,1.8,4.02,0,76.6,20.67,False,False,False,False,False,False,False,True,False,False,False,False,False,True,False,False,False,False,True
7.44,0.96,1,0.5,3.76,0,13.1,42.72,False,True,False,False,False,False,True,False,False,False,False,True,False,False,False,False,True,False,True
2.94,1.34,0,0.3,5.0,0,10.9,19.68,False,True,False,False,False,False,False,False,False,False,False,False,False,False,False,True,False,True,False
6.0,6.27,2,1.5,3.9,0,96.6,43.18,False,True,False,False,False,True,True,False,False,False,False,False,False,True,False,False,True,True,False
9.77,2.75,0,2.7,4.08,0,50.5,56.18,False,False,True,False,False,False,False,False,False,False,False,False,False,False,False,False,True,True,False
7.65,7.04,0,0.0,5.0,0,11.6,51.94,False,False,False,False,False,True,False,False,False,False,True,False,False,False,False,True,False,True,False
4.25,3.97,1,0.7,4.52,0,74.4,31.74,False,False,False,False,False,False,True,False,False,False,False,True,False,False,False,True,False,False,True
12.03,1.09,2,1.0,4.27,0,23.8,61.02,True,False,False,False,True,False,False,True,False,False,True,False,False,False,False,True,False,False,True
2.78,0.96,1,1.5,4.02,1,86.0,28.94,False,False,False,False,False,False,True,False,False,True,False,False,False,False,False,False,True,False,False
2.21,0.91,0,0.4,3.99,0,76.0,21.74,False,False,False,False,False,False,True,False,False,False,True,False,False,False,False,False,False,True,False
7.72,0.85,0,0.3,4.09,1,31.0,31.26,True,False,False,False,False,False,True,False,False,False,False,False,True,False,False,False,False,False,True
3.07,0.6,0,1.8,4.88,0,68.3,26.59,False,False,False,False,False,False,False,True,False,False,False,False,False,False,True,False,True,False,True
3.05,8.62,1,1.3,4.72,1,31.1,32.12,False,True,False,False,False,False,False,False,False,False,False,False,False,False,False,False,True,False,True
3.16,0.81,1,4.2,4.11,0,50.8,19.93,True,False,False,False,False,False,True,False,False,False,False,False,False,False,True,True,False,False,True
7.8,0.81,1,0.3,4.31,0,49.1,32.78,True,False,False,False,False,False,False,True,False,False,False,False,False,False,True,True,False,False,False
3.16,3.73,1,7.7,4.12,0,88.9,22.44,True,False,False,False,False,True,False,False,True,False,False,False,False,True,False,False,True,False,True
1.6,0.64,0,4.6,4.44,0,16.2,15.58,False,True,False,False,False,False,True,False,False,False,True,False,False,False,False,False,True,False,True
3.42,0.68,1,0.7,4.65,1,40.7,30.89,True,False,False,False,False,False,True,False,False,False,False,False,False,True,False,False,True,False,True
7.02,1.24,0,13.0,4.49,0,23.4,37.77,False,False,False,False,False,False,False,False,True,False,False,False,False,False,False,False,True,False,True
3.02,1.82,0,1.4,3.6,1,92.6,32.49,False,True,False,False,True,False,True,False,False,False,False,False,False,False,True,False,True,False,True
3.53,1.46,0,4.4,3.56,0,96.4,28.85,False,False,False,False,False,True,False,False,True,True,False,False,False,False,False,False,True,False,True
2.06,1.37,0,2.5,4.18,0,83.7,18.95,False,True,False,False,False,False,False,True,False,False,False,False,False,False,True,False,True,False,True
8.07,0.44,0,3.9,4.07,0,61.6,39.54,False,True,False,False,False,False,False,True,False,True,False,False,False,False,False,True,False,False,True
3.85,1.12,0,1.8,4.77,1,11.1,33.22,True,False,False,False,False,True,True,False,False,True,False,False,False,False,False,False,True,True,False
1.28,7.29,0,0.2,4.53,0,78.4,23.1,False,False,False,False,False,False,False,True,False,False,False,False,True,False,False,False,True,True,False
3.56,1.29,0,2.1,4.85,1,20.6,26.76,False,True,False,False,False,True,True,False,False,False,False,False,True,False,False,True,False,True,False
2.78,10.08,0,4.0,4.26,1,84.3,30.18,False,True,False,False,False,False,True,False,False,True,False,False,False,False,False,False,True,True,False
11.25,2.32,1,0.4,4.27,1,88.6,66.09,False,False,False,False,False,True,False,False,False,False,False,True,False,False,False,True,False,True,False
3.29,0.37,1,0.5,4.8,0,99.3,36.97,False,False,True,False,False,False,False,False,False,False,False,False,False,True,False,True,False,False,False
1.9,0.85,1,10.7,4.71,0,22.1,15.53,False,True,False,False,False,False,False,False,False,False,False,False,False,False,False,True,False,True,False
2.61,0.33,0,2.3,5.0,0,60.5,16.99,False,True,False,False,False,False,True,False,False,False,False,False,False,True,False,True,False,False,False
2.66,1.46,0,2.0,4.19,1,38.5,27.68,False,True,False,False,False,True,False,False,False,False,True,False,False,False,False,True,False,False,True
6.91,2.34,0,6.7,5.0,0,87.7,32.37,False,False,False,False,False,False,False,True,False,False,False,False,False,True,False,True,False,False,False
6.05,1.42,1,0.0,4.49,0,53.5,36.6,True,False,False,False,False,True,False,False,False,False,False,False,False,False,False,False,True,True,False
3.26,2.89,0,0.3,4.38,0,61.4,21.97,False,True,False,False,False,False,True,False,False,False,False,False,False,False,False,False,True,False,False
5.73,1.86,0,0.0,3.64,0,39.2,30.05,False,True,False,False,False,False,True,False,False,False,False,True,False,False,False,True,False,False,True
9.74,1.07,1,4.0,4.84,0,75.8,53.79,False,False,False,False,False,False,False,False,True,False,False,False,False,False,False,False,True,True,False
2.47,0.68,1,1.7,4.3,0,71.1,25.27,False,True,False,False,False,False,False,False,False,False,False,True,False,False,False,False,True,False,True
4.11,0.74,1,2.4,4.65,0,47.6,33.78,False,False,False,False,False,True,True,False,False,False,False,True,False,False,False,False,True,False,True
5.26,2.41,1,1.5,3.88,1,53.2,40.46,False,True,False,False,False,False,True,False,False,True,False,False,False,False,False,False,True,False,False
2.02,0.26,1,0.3,4.74,0,91.8,20.2,False,False,False,False,False,False,False,True,False,False,False,False,False,False,False,True,False,True,False
6.01,0.51,0,3.1,5.0,0,18.2,28.47,True,False,False,False,False,True,False,False,True,True,False,False,False,False,False,True,False,False,True
2.57,0.22,0,4.0,4.93,0,31.3,22.51,False,True,False,False,False,True,True,False,False,False,False,False,True,False,False,False,True,True,False
7.14,3.61,1,0.6,4.24,1,30.7,41.93,True,False,False,False,False,False,False,False,False,True,False,False,False,False,False,False,True,True,False
4.36,2.07,0,0.4,5.0,0,33.2,37.89,False,False,True,False,False,False,True,False,False,False,False,False,True,False,False,False,False,True,False
2.38,0.39,0,3.2,4.28,1,51.5,24.29,True,False,False,False,True,False,True,False,False,False,False,False,False,True,False,False,True,False,True
0.83,2.65,0,0.9,5.0,0,14.6,33.51,False,False,True,False,True,False,True,False,False,False,False,False,False,False,True,True,False,False,True
4.11,1.99,0,2.6,4.21,1,51.9,34.1,False,True,False,True,False,False,False,False,False,False,False,False,False,False,False,True,False,False,True
0.98,1.6,2,1.2,4.88,0,70.5,23.8,False,False,False,False,False,False,True,False,False,False,True,False,False,False,False,True,False,False,True
2.52,5.13,1,11.0,3.97,0,89.0,17.4,False,True,False,False,False,False,True,False,False,False,False,False,False,True,False,False,True,False,True
2.77,0.2,0,2.5,4.54,0,59.7,17.05,False,True,False,False,False,False,True,False,False,False,False,False,False,True,False,False,True,True,False
1.64,0.54,0,0.0,4.24,0,52.8,25.13,False,False,False,False,False,True,True,False,False,False,False,False,False,True,False,True,False,True,False
2.88,1.84,0,3.3,4.31,0,23.2,26.32,True,False,False,False,True,False,False,True,False,False,False,False,False,False,False,False,True,True,False
2.73,2.0,0,1.6,3.78,0,52.3,18.44,False,True,False,False,False,False,True,False,False,False,False,False,False,False,True,True,False,False,True
5.79,0.52,2,2.3,3.96,1,46.5,41.39,True,False,False,False,False,True,False,False,False,False,False,False,True,False,False,True,False,False,False
7.85,2.63,1,3.0,4.92,0,96.0,55.28,False,False,True,False,False,False,False,False,True,True,False,False,False,False,False,False,True,False,True
4.35,0.4,1,1.1,3.86,1,97.9,35.21,False,True,False,False,False,False,False,False,False,False,False,False,False,False,False,False,True,False,True
2.67,1.51,1,9.4,4.2,0,28.0,26.57,True,False,False,False,True,False,True,False,False,False,False,True,False,False,False,False,True,True,False
2.65,0.88,1,2.5,4.14,1,63.1,29.23,False,False,False,False,False,False,True,False,False,True,False,False,False,False,False,False,False,True,False
1.04,1.29,0,1.5,4.71,0,56.7,12.88,True,False,False,True,False,False,True,False,False,False,False,False,False,False,True,False,True,False,True
6.26,1.47,0,2.8,4.43,0,15.4,43.64,False,False,True,False,False,False,False,False,False,False,False,False,False,False,False,False,True,False,False
9.39,0.88,0,3.1,4.58,1,41.7,41.64,True,False,False,False,False,False,True,False,False,False,False,True,False,False,False,False,True,False,True
7.11,2.7,1,1.3,4.29,0,70.5,43.65,False,False,False,False,False,False,False,False,False,False,False,False,False,True,False,False,True,False,True
2.47,0.92,0,2.9,3.43,0,26.0,30.79,False,False,True,True,False,False,False,False,True,False,False,False,False,False,True,False,False,True,False
6.13,4.97,1,3.7,4.06,1,12.0,50.42,False,False,False,False,False,False,False,False,False,False,False,False,True,False,False,False,True,True,False
4.02,0.9,0,0.4,4.47,1,45.1,39.19,False,False,True,False,False,False,False,False,False,False,False,False,False,True,False,False,True,False,True
5.58,2.02,1,3.3,4.04,0,19.4,40.24,False,True,False,False,True,False,False,False,True,False,False,False,False,False,False,True,False,True,False
3.02,2.14,0,0.1,3.23,0,25.6,41.79,False,False,True,False,False,True,False,False,False,False,False,False,False,True,False,False,True,False,True
2.41,0.62,1,1.0,4.3,0,73.0,20.58,True,False,False,False,True,False,False,True,False,False,False,False,False,False,False,False,False,True,False
4.49,0.33,0,4.7,4.27,0,85.7,35.66,False,False,True,False,False,False,False,False,True,False,False,False,False,False,True,True,False,False,True
3.15,1.14,1,0.7,4.18,0,44.7,21.93,False,True,False,False,False,False,False,False,False,False,False,True,False,False,False,True,False,True,False
4.96,0.76,1,0.6,4.88,1,52.5,42.86,False,True,False,False,False,True,False,False,False,False,False,False,False,False,False,True,False,True,False
5.55,0.54,0,1.6,4.49,0,57.7,25.26,False,True,False,False,False,False,False,True,False,False,False,False,True,False,False,True,False,False,False
4.86,1.17,0,2.5,4.24,1,65.7,41.27,False,False,True,False,False,False,False,False,False,False,False,False,False,False,True,False,True,False,True
4.43,1.06,0,4.3,4.33,0,70.2,35.03,False,False,True,False,False,False,False,False,True,False,False,False,False,False,False,False,True,False,True
4.68,0.74,0,1.4,4.02,1,97.6,35.72,False,False,False,False,False,False,False,False,False,False,False,False,False,False,True,False,True,False,True
2.73,1.18,1,7.2,4.45,0,11.8,25.77,True,False,False,False,True,False,False,True,False,False,False,False,True,False,False,False,True,True,False
1.21,7.97,2,1.4,3.56,0,79.4,27.32,True,False,False,False,False,True,True,False,False,False,False,False,True,False,False,False,True,False,True
4.39,1.03,1,1.7,4.42,0,23.0,32.07,False,True,False,False,False,False,False,False,True,True,False,False,False,False,False,False,True,False,True
3.23,1.17,1,0.3,4.86,0,29.5,27.81,True,False,False,True,False,False,False,False,True,False,True,False,False,False,False,True,False,False,False
6.52,0.6,1,0.7,4.82,1,38.7,48.93,False,False,True,False,False,False,False,False,False,False,False,False,False,False,True,False,True,True,False
5.03,0.67,1,2.2,4.68,0,75.6,28.73,True,False,False,False,False,False,True,False,False,False,False,False,True,False,False,False,True,False,True
11.27,4.95,1,3.7,3.85,0,92.2,42.55,True,False,False,False,False,False,True,False,False,False,False,False,False,False,False,False,False,True,False
6.03,1.42,2,1.2,4.24,1,68.6,55.39,False,False,False,False,True,False,True,False,False,False,False,False,False,True,False,True,False,True,False
3.57,4.56,0,6.3,4.46,0,27.0,16.95,True,False,False,False,False,False,False,True,False,False,False,False,False,True,False,False,True,False,True
9.39,10.39,1,4.2,4.05,1,35.4,59.94,False,True,False,False,False,False,False,False,False,False,False,False,False,True,False,False,True,False,True
6.01,2.97,0,4.5,3.93,0,35.9,33.59,False,True,False,False,False,True,True,False,False,False,False,False,False,False,True,False,True,False,True
1.96,3.78,1,0.4,4.44,0,65.7,24.48,False,True,False,False,False,False,False,True,False,False,False,False,False,False,True,True,False,True,False
9.9,6.92,0,0.6,5.0,0,87.6,57.95,False,False,False,False,False,True,False,False,False,False,False,False,False,False,False,True,False,False,True
0.91,0.47,3,7.7,4.39,1,26.7,17.19,True,False,False,False,False,False,True,False,False,False,False,False,False,False,False,False,False,True,False
2.17,1.7,1,1.2,4.53,0,58.7,18.06,False,True,False,False,False,False,False,True,False,False,True,False,False,False,False,False,True,False,False
2.61,3.7,1,4.0,4.2,1,81.7,28.65,True,False,False,False,False,True,True,False,False,False,True,False,False,False,False,False,True,False,True
4.19,1.26,0,4.6,4.76,0,35.1,25.2,True,False,False,True,False,False,False,True,False,False,False,False,False,False,True,True,False,False,True
3.52,0.31,1,1.5,4.15,0,51.9,36.31,False,False,False,False,True,False,False,False,False,True,False,False,False,False,False,True,False,False,True
5.26,1.88,0,2.0,4.38,0,60.4,19.93,True,False,False,False,False,False,False,False,False,False,False,False,False,False,False,True,False,False,False
3.26,3.39,1,0.0,3.99,0,13.1,36.17,True,False,False,False,True,False,True,False,False,False,False,True,False,False,False,True,False,False,True
4.53,3.89,0,3.2,4.29,0,34.8,23.05,False,True,False,False,False,True,False,True,False,False,False,False,False,False,True,True,False,False,True
3.53,2.66,0,2.6,4.52,0,72.1,23.49,False,False,False,False,False,False,False,False,False,False,False,False,False,False,True,True,False,False,False
1.11,0.21,1,0.3,3.61,1,30.6,29.59,False,True,False,False,True,False,False,False,False,True,False,False,False,False,False,False,True,False,True
6.78,0.28,0,8.5,4.79,0,31.0,30.72,True,False,False,False,False,False,False,True,False,False,False,False,False,True,False,False,True,False,True
2.22,0.34,2,1.4,3.85,1,43.9,31.73,False,True,False,False,False,False,True,False,False,True,False,False,False,False,False,True,False,True,False
9.38,1.43,0,0.4,5.0,0,40.2,40.17,False,True,False,False,False,False,False,False,False,False,False,False,False,True,False,True,False,False,True
3.89,1.48,2,2.4,3.79,0,15.5,23.49,True,False,False,False,False,False,False,False,True,True,False,False,False,False,False,True,False,True,False
2.19,0.89,1,1.3,3.79,1,21.7,46.84,False,False,True,False,True,False,False,False,False,False,False,False,False,False,True,True,False,True,False
6.38,2.48,1,0.3,3.92,0,59.8,36.11,False,True,False,False,False,False,True,False,False,True,False,False,False,False,False,False,True,False,True
23.57,1.0,0,1.9,4.37,0,64.0,103.67,False,False,False,True,False,False,False,False,False,False,False,False,False,False,True,False,True,True,False
5.56,0.44,1,1.7,4.49,0,39.2,27.2,False,True,False,False,False,False,False,False,False,False,False,False,False,True,False,True,False,False,True
5.62,9.13,1,3.9,3.84,0,63.5,28.11,True,False,False,False,False,False,False,True,False,False,False,False,False,False,True,False,True,False,True
2.69,0.78,1,3.1,4.37,1,57.8,31.97,False,False,False,False,False,False,False,False,False,True,False,False,False,False,False,False,True,True,False
1.43,2.99,1,2.6,3.57,0,61.8,16.38,True,False,False,False,False,False,False,False,True,False,False,False,True,False,False,False,True,False,False
3.38,2.21,1,7.8,3.92,0,86.3,36.02,False,False,False,True,False,False,False,False,False,False,False,False,True,False,False,True,False,False,True
6.66,4.42,1,0.1,4.27,1,38.9,47.95,False,False,False,False,False,False,True,False,False,False,False,False,False,False,False,True,False,True,False
2.22,0.59,0,2.2,4.67,0,69.0,18.24,False,False,False,False,False,False,False,True,False,False,False,False,False,False,False,False,True,False,True
2.76,2.2,0,2.5,3.27,1,44.5,30.33,False,False,False,False,False,False,False,False,False,True,False,False,False,False,False,False,True,True,False
1.8,0.38,1,1.1,4.52,1,81.0,29.84,False,True,False,False,True,False,True,False,False,False,False,False,True,False,False,False,True,False,True
2.37,0.83,0,0.7,4.55,0,32.7,15.74,True,False,False,False,False,False,True,False,False,False,False,False,False,False,True,True,False,False,True
2.21,0.56,0,0.1,4.02,1,13.0,29.83,False,True,False,False,False,True,True,False,False,False,False,False,True,False,False,False,True,False,True
2.13,1.62,1,1.9,4.11,1,95.0,28.05,False,False,False,False,False,False,False,False,False,False,False,False,True,False,False,True,False,False,True
2.26,0.31,1,3.1,3.87,0,83.7,31.15,False,False,True,False,False,False,False,True,False,False,False,True,False,False,False,True,False,False,True
3.14,1.08,1,0.1,4.73,0,36.2,26.41,False,True,False,True,False,False,False,True,False,False,False,False,False,True,False,False,True,True,False
5.39,2.0,0,4.3,4.3,0,72.3,21.99,True,False,False,True,False,False,False,True,False,False,True,False,False,False,False,True,False,False,True
3.8,5.75,1,1.3,4.79,1,30.9,42.35,False,False,False,False,False,False,False,False,False,True,False,False,False,False,False,False,True,True,False
1.7,6.06,0,0.2,4.26,1,82.6,23.37,False,False,False,False,False,False,False,False,False,True,False,False,False,False,False,True,False,False,False
0.7,5.24,0,3.4,5.0,0,51.5,9.04,False,True,False,False,False,False,False,False,False,False,False,True,False,False,False,True,False,False,True
2.37,2.66,0,5.9,4.79,1,29.9,24.92,True,False,False,False,False,False,True,False,False,False,False,False,True,False,False,False,False,False,False
4.33,0.86,1,9.8,4.12,1,18.9,19.91,True,False,False,False,False,False,True,False,False,False,False,False,True,False,False,False,True,True,False
1.34,8.92,1,0.2,4.26,0,39.2,8.46,True,False,False,False,False,False,False,True,False,False,False,False,False,False,True,True,False,True,False
2.85,8.02,1,1.6,4.43,0,19.8,17.57,True,False,False,False,False,False,False,False,True,False,False,False,False,False,False,False,False,False,True
8.69,2.2,1,3.2,4.12,0,28.0,41.94,False,True,False,True,False,False,False,True,False,False,False,True,False,False,False,False,True,True,False
5.66,3.98,0,1.8,4.36,0,76.1,33.8,False,True,False,True,False,False,True,False,False,False,False,True,False,False,False,True,False,False,False
5.93,2.45,0,2.1,4.22,0,67.3,33.84,False,True,False,False,False,True,True,False,False,False,True,False,False,False,False,True,False,False,True
8.36,2.64,0,3.4,4.31,1,66.2,39.98,False,True,False,False,False,False,False,False,False,False,False,False,False,False,False,False,True,False,True
4.55,2.52,1,0.5,4.0,0,38.2,37.11,False,True,False,False,True,False,False,False,False,False,False,False,True,False,False,False,True,True,False
8.48,4.73,0,0.3,4.11,0,67.8,37.05,False,False,False,False,False,False,True,False,False,False,False,False,True,False,False,True,False,True,False
2.47,1.5,2,4.1,4.62,1,71.0,35.72,False,True,False,False,False,False,False,False,False,False,False,False,True,False,False,True,False,True,False
3.94,0.97,0,3.6,4.25,1,84.9,15.34,True,False,False,False,False,False,True,False,False,False,False,True,False,False,False,False,False,True,False
3.07,0.9,0,3.8,4.08,1,31.1,19.91,True,False,False,True,False,False,False,False,False,False,False,False,False,True,False,False,True,True,False
2.18,3.46,1,0.3,4.5,0,77.7,23.67,True,False,False,False,False,True,False,False,False,False,False,False,True,False,False,False,True,False,False
9.22,2.56,2,0.5,5.0,0,19.0,46.54,True,False,False,False,False,False,False,False,True,False,False,False,False,False,True,False,True,True,False
3.87,0.97,0,3.0,4.79,0,28.6,19.61,True,False,False,False,False,False,True,False,False,False,False,False,False,False,False,False,True,False,True
10.11,2.88,0,1.5,4.16,0,16.8,44.2,False,True,False,False,False,False,False,True,False,False,False,False,False,False,False,True,False,False,False
6.48,1.75,2,0.2,4.25,1,22.5,53.28,False,False,True,False,False,False,True,False,False,False,False,False,False,True,False,False,True,False,False
7.54,0.46,2,4.9,4.62,1,73.3,39.39,False,True,False,False,False,False,True,False,False,True,False,False,False,False,False,True,False,False,True
2.72,0.36,1,13.5,4.32,0,46.9,25.04,False,True,False,False,True,False,False,True,False,False,True,False,False,False,False,False,False,False,True
8.87,5.19,1,1.2,3.83,0,68.3,50.75,False,False,False,False,False,False,True,False,False,False,False,False,False,False,True,False,True,False,True
3.62,2.34,0,9.8,4.24,1,65.9,39.56,False,False,True,False,False,True,False,False,False,False,False,False,False,True,False,False,True,False,False
2.95,0.4,0,10.2,4.86,1,60.3,24.05,False,False,False,False,False,True,True,False,False,False,True,False,False,False,False,True,False,False,True
6.48,1.12,0,0.6,3.73,1,37.0,41.11,False,True,False,False,False,False,True,False,False,False,False,False,False,True,False,False,False,False,True
1.83,4.08,0,4.7,4.16,0,39.1,16.25,False,True,False,False,False,False,False,True,False,False,False,False,False,True,False,False,True,True,False
5.8,3.06,1,3.9,4.36,0,35.3,37.38,False,False,False,False,False,False,False,True,False,False,False,False,False,False,True,False,True,True,False
1.79,1.07,1,3.0,4.61,1,81.9,16.14,True,False,False,False,False,False,True,False,False,False,True,False,False,False,False,True,False,False,False
2.88,2.86,0,1.4,4.85,1,43.4,27.5,False,True,False,True,False,False,True,False,False,False,False,False,False,False,True,False,True,True,False
1.6,0.85,3,1.2,4.35,0,77.8,29.89,False,True,False,False,False,False,False,True,False,False,False,False,False,False,True,False,True,False,True
4.51,2.44,0,2.5,4.57,0,99.8,29.65,True,False,False,False,True,False,False,False,True,False,False,False,True,False,False,False,True,True,False
1.83,2.39,0,0.1,4.26,0,74.0,12.07,True,False,False,False,False,False,False,True,False,False,False,False,False,True,False,True,False,True,False
2.13,4.74,1,4.4,4.38,0,36.8,20.65,True,False,False,False,False,False,False,False,True,False,False,False,False,True,False,False,True,True,False
3.45,1.44,0,0.7,4.08,1,64.3,28.14,False,False,False,False,False,False,False,False,False,True,False,False,False,False,False,False,True,False,True
6.03,2.03,1,1.0,4.7,0,80.6,44.82,False,True,False,False,False,True,False,False,True,False,False,False,False,True,False,False,True,False,True
2.41,3.23,1,0.1,4.3,1,59.2,46.64,False,False,True,False,False,True,True,False,False,False,False,False,False,False,False,False,True,True,False
2.25,0.41,0,0.9,4.93,0,66.0,20.01,False,True,False,False,False,False,False,False,False,False,False,False,False,True,False,False,True,False,True
1.39,3.78,1,1.9,4.89,0,47.9,12.03,False,True,False,False,False,False,False,False,True,False,False,False,False,True,False,False,False,False,True
0.9,0.61,0,1.6,4.3,1,77.1,21.83,False,True,False,False,False,True,True,False,False,False,False,False,True,False,False,False,True,False,False
4.46,0.3,0,4.6,4.33,1,64.1,32.1,True,False,False,False,False,True,True,False,False,False,False,False,True,False,False,False,True,True,False
3.86,1.75,1,6.8,3.96,0,36.8,37.39,False,False,False,False,False,True,False,True,False,True,False,False,False,False,False,False,True,False,True
2.33,1.51,1,0.1,4.35,0,52.2,23.78,False,True,False,False,False,False,False,False,True,True,False,False,False,False,False,False,True,False,False
1.46,0.25,0,8.6,4.21,0,90.3,7.86,True,False,False,False,False,False,False,False,False,False,False,False,False,False,True,False,True,True,False
3.48,0.87,1,7.3,3.93,0,32.6,33.78,False,False,False,False,True,False,False,True,False,False,False,True,False,False,False,False,True,True,False
2.26,0.91,0,0.8,4.28,0,34.1,17.87,False,True,False,False,False,False,True,False,False,False,True,False,False,False,False,False,True,False,True
3.97,3.07,0,0.2,3.95,1,37.5,44.04,False,False,False,False,False,True,True,False,False,False,False,True,False,False,False,False,True,True,False
5.56,0.86,0,3.7,4.47,0,10.5,31.33,False,True,False,False,False,False,False,True,False,False,True,False,False,False,False,False,True,False,True
1.09,3.07,0,3.3,4.44,0,33.0,26.37,False,False,True,True,False,False,False,True,False,False,False,False,False,False,True,False,True,False,False
2.85,1.02,3,0.1,4.3,1,75.6,27.21,True,False,False,False,False,False,False,False,False,False,False,True,False,False,False,False,False,True,False
2.4,0.38,0,1.5,4.69,0,78.9,15.69,True,False,False,False,False,False,False,True,False,False,False,False,False,True,False,False,True,False,True
1.19,1.51,1,2.3,4.44,0,36.5,18.41,False,True,False,False,False,False,False,True,False,False,False,False,False,False,False,True,False,False,True
3.9,3.74,0,5.1,4.12,0,77.2,18.26,True,False,False,True,False,False,False,True,False,False,True,False,False,False,False,True,False,False,False
2.22,1.73,1,0.7,4.71,1,64.7,26.75,True,False,False,False,True,False,False,False,False,False,False,False,False,False,True,True,False,False,True
9.44,7.31,1,6.5,4.83,0,28.5,53.1,False,False,False,False,False,False,False,False,True,False,False,False,False,True,False,False,True,False,False
4.74,1.15,0,2.4,4.85,0,46.1,40.18,False,False,True,False,True,False,False,True,False,False,True,False,False,False,False,True,False,False,True
1.66,0.89,1,1.2,4.76,0,40.2,27.3,False,True,False,False,False,True,False,False,True,False,False,False,False,False,False,False,True,False,True
2.3,2.99,0,3.1,4.51,0,45.1,16.56,True,False,False,False,False,False,True,False,False,True,False,False,False,False,False,True,False,False,False
8.88,2.85,1,6.4,3.43,1,44.6,46.99,False,True,False,True,False,False,False,False,False,False,False,False,False,True,False,False,True,False,False
0.69,5.97,1,1.4,4.64,0,56.6,21.17,False,False,False,False,False,False,True,False,False,False,False,False,False,False,True,True,False,False,True
2.11,0.33,0,2.2,4.82,1,37.7,19.88,False,True,False,False,False,False,False,False,False,True,False,False,False,False,False,True,False,False,True
11.67,0.31,0,4.5,4.61,0,34.9,53.05,False,False,False,False,False,False,False,True,False,False,False,True,False,False,False,False,True,True,False
6.68,1.64,0,3.3,4.27,1,48.2,39.36,False,True,False,False,False,False,True,False,False,False,False,False,False,False,False,False,True,False,True
1.59,3.06,0,7.4,4.43,0,67.7,6.6,True,False,False,False,False,False,False,False,True,False,False,False,True,False,False,True,False,True,False
2.54,2.89,0,3.7,4.18,1,43.4,29.63,False,False,False,False,False,False,True,False,False,False,False,False,False,False,False,False,True,False,True
2.26,3.76,0,2.6,4.22,0,12.0,18.63,False,True,False,True,False,False,False,False,True,True,False,False,False,False,False,False,True,True,False
5.31,1.14,1,1.9,4.16,0,57.4,43.67,False,False,True,False,False,False,False,True,False,False,False,False,False,False,False,True,False,False,True
4.84,0.92,0,8.3,4.55,1,18.1,36.42,False,True,False,False,False,True,True,False,False,False,False,False,False,True,False,True,False,True,False
4.83,5.72,0,3.7,5.0,0,77.6,27.31,True,False,False,False,False,False,True,False,False,False,False,False,False,True,False,False,True,True,False
8.5,1.04,0,0.7,4.6,1,48.0,49.53,False,False,False,False,False,False,False,False,False,False,False,False,False,False,True,True,False,False,True
0.56,2.3,0,1.5,4.01,0,64.1,8.56,True,False,False,False,False,False,True,False,False,False,False,False,False,True,False,True,False,False,True
3.84,3.44,1,2.8,4.81,1,79.5,29.44,True,False,False,False,False,True,True,False,False,False,False,False,False,False,True,False,False,True,False
3.03,0.85,0,0.4,4.62,1,47.5,37.65,False,False,True,False,False,False,False,False,False,False,False,False,False,False,True,False,True,True,False
3.89,6.56,1,0.5,4.22,1,25.6,40.68,False,False,True,False,False,False,False,False,False,False,False,False,False,False,True,False,True,True,False
1.21,0.43,0,10.3,4.17,0,80.9,10.11,True,False,False,False,False,False,False,False,True,False,False,True,False,False,False,True,False,True,False
3.39,1.82,0,4.2,4.03,0,97.3,24.08,False,True,False,False,False,True,False,False,False,False,False,False,False,True,False,False,True,False,True
2.36,1.35,0,6.1,4.84,0,92.3,21.12,False,False,False,False,False,False,False,True,False,False,False,False,False,True,False,True,False,True,False
4.63,4.87,0,5.5,4.19,0,67.4,35.34,False,False,False,False,False,True,False,True,False,False,False,False,False,True,False,True,False,False,True
5.14,0.43,0,2.9,5.0,0,99.1,25.18,False,True,False,False,False,False,False,True,False,False,False,False,False,True,False,True,False,True,False
5.91,0.3,0,2.3,4.61,1,17.9,34.23,True,False,False,False,False,False,False,False,False,False,False,True,False,False,False,True,False,False,True
8.64,0.74,1,0.1,4.78,0,79.3,40.43,False,True,False,False,False,False,True,False,False,True,False,False,False,False,False,True,False,True,False
5.33,4.08,0,3.5,4.61,0,32.1,30.65,False,True,False,False,False,False,False,True,False,False,False,False,False,False,True,False,True,False,True
2.74,3.62,0,1.0,4.66,0,14.4,21.95,False,True,False,False,False,False,True,False,False,False,False,False,False,True,False,False,True,False,False
2.32,4.08,1,3.9,4.12,1,28.7,45.39,False,False,True,False,False,False,False,False,False,True,False,False,False,False,False,False,True,False,True
11.57,0.37,1,1.3,4.31,0,96.8,47.21,False,True,False,False,False,False,False,False,False,False,False,False,False,True,False,True,False,False,True
6.8,0.51,0,0.6,4.46,0,52.9,33.6,False,True,False,True,False,False,False,False,True,False,False,False,False,True,False,False,True,False,True
2.88,2.89,0,2.2,4.66,0,68.0,22.54,False,False,False,False,False,False,False,False,True,False,True,False,False,False,False,False,True,True,False
2.36,0.81,0,0.9,3.8,0,25.5,22.47,False,True,False,False,False,True,True,False,False,False,False,False,False,True,False,True,False,False,True
13.17,0.49,0,5.1,4.58,0,38.2,49.19,False,False,False,False,False,True,False,True,False,False,False,False,False,False,True,False,False,False,True
3.24,3.43,0,3.9,4.61,0,69.6,23.17,False,False,False,False,False,False,True,False,False,False,True,False,False,False,False,True,False,False,True
4.02,2.05,1,1.4,4.32,1,16.5,27.42,True,False,False,False,False,False,False,False,False,False,False,False,False,False,True,False,True,False,False
5.66,0.91,0,0.0,4.83,0,43.8,35.18,False,False,False,False,False,True,False,True,False,False,False,True,False,False,False,False,False,True,False
3.94,2.76,1,5.2,4.63,0,62.1,30.94,False,False,False,False,False,False,False,True,False,True,False,False,False,False,False,False,True,False,True
12.06,3.06,0,2.1,4.68,0,76.9,43.81,False,True,False,False,False,False,False,False,True,False,False,True,False,False,False,True,False,False,True
1.5,0.52,0,2.2,4.72,0,58.7,29.96,False,False,True,False,True,False,False,False,True,True,False,False,False,False,False,False,True,True,False
2.86,0.57,1,2.4,4.54,0,59.3,17.07,False,True,False,False,False,False,False,True,False,False,False,False,True,False,False,True,False,False,True
2.41,0.5,0,2.3,4.68,0,23.4,25.0,False,True,False,False,True,False,False,False,False,False,False,False,False,False,False,False,True,False,True
2.0,1.19,0,2.6,5.0,1,84.3,18.7,True,False,False,False,False,False,False,False,False,False,False,False,False,True,False,False,True,False,True
4.42,2.46,1,5.8,5.0,0,56.2,22.98,False,True,False,False,False,False,False,False,True,False,True,False,False,False,False,True,False,False,False
3.73,0.41,0,2.9,4.07,0,44.1,28.67,False,False,False,False,False,False,False,False,False,False,True,False,False,False,False,True,False,False,True
6.26,3.59,0,0.2,4.11,0,95.7,31.14,True,False,False,False,False,True,False,True,False,False,False,False,False,False,True,False,False,False,True
1.53,2.22,0,4.2,4.02,0,36.4,14.88,False,True,False,False,False,False,False,True,False,False,False,False,False,True,False,True,False,True,False
6.98,2.56,0,6.7,4.88,0,85.5,41.44,False,False,True,False,False,False,False,False,False,False,False,False,False,False,False,False,True,True,False
4.3,0.43,1,0.9,3.89,0,85.3,32.09,False,False,False,False,False,False,True,False,False,False,False,False,True,False,False,False,True,True,False
4.01,1.44,0,2.3,4.9,0,79.3,21.14,False,True,False,False,False,False,False,True,False,False,False,False,False,True,False,True,False,True,False
7.6,0.84,0,0.0,4.26,0,12.7,46.97,True,False,False,False,False,True,False,True,False,False,True,False,False,False,False,False,True,True,False
6.69,2.03,2,0.2,4.89,0,96.8,30.41,False,True,False,False,False,False,False,False,True,False,False,False,False,False,True,False,False,True,False
3.55,0.68,1,1.1,4.43,0,71.7,24.99,True,False,False,False,False,True,False,False,True,True,False,False,False,False,False,False,False,True,False
10.44,0.98,1,7.0,4.68,0,92.8,39.86,False,True,False,False,False,False,False,True,False,False,False,False,True,False,False,False,False,True,False
3.77,1.35,2,3.0,4.75,0,14.2,30.93,False,True,False,False,False,False,False,True,False,False,False,False,False,False,True,False,True,True,False
1.81,2.35,0,0.6,4.72,0,14.7,18.75,False,False,False,False,False,False,False,False,True,True,False,False,False,False,False,False,False,True,False
4.31,1.49,1,8.1,4.16,0,65.3,35.39,False,False,False,False,False,True,True,False,False,False,False,True,False,False,False,True,False,False,True
1.36,1.11,0,4.3,4.11,1,99.2,22.46,False,False,False,False,False,True,False,False,False,False,True,False,False,False,False,False,True,False,True
5.21,0.78,0,2.2,3.6,0,60.1,23.46,False,False,False,False,False,False,False,True,False,False,False,False,True,False,False,True,False,False,True
7.18,1.78,2,1.2,4.74,1,15.2,51.83,False,True,False,True,False,False,True,False,False,False,False,True,False,False,False,False,True,False,True
1.06,4.68,1,0.8,4.73,0,38.5,31.76,False,False,True,False,False,False,False,False,True,False,False,False,True,False,False,False,True,False,True
1.8,1.55,1,0.2,4.69,0,34.6,23.09,False,False,False,False,False,False,True,False,False,False,False,False,False,False,False,True,False,False,True
13.01,1.48,0,2.2,4.16,0,36.4,64.73,False,False,False,False,False,False,False,False,False,False,True,False,False,False,False,False,True,True,False
10.34,2.31,0,0.7,3.91,1,10.5,61.45,False,False,False,False,False,False,False,False,False,False,False,False,False,True,False,False,True,False,True
5.33,1.25,0,1.7,4.77,1,24.8,32.05,True,False,False,False,False,False,True,False,False,True,False,False,False,False,False,True,False,True,False
2.04,2.54,2,4.8,4.58,1,28.0,31.76,False,True,False,False,False,False,True,False,False,False,False,False,False,False,False,True,False,False,True
1.6,0.21,0,1.0,4.5,0,23.7,15.78,False,True,False,False,False,False,False,True,False,False,False,False,False,False,True,False,False,False,False
2.91,2.6,1,0.7,3.88,0,83.7,25.81,False,True,False,False,False,True,False,False,False,False,False,False,False,False,True,True,False,True,False
3.31,1.05,0,2.0,4.48,0,16.8,33.05,False,False,True,False,False,False,False,False,False,False,False,True,False,False,False,False,True,False,False
11.96,2.72,1,2.0,4.98,0,93.4,69.85,False,False,False,False,True,False,False,False,True,False,True,False,False,False,False,False,True,True,False
4.53,0.37,0,1.6,4.23,0,29.5,25.82,True,False,False,False,False,False,True,False,False,False,False,False,True,False,False,False,True,False,False
2.1,5.12,1,4.4,4.63,0,37.7,41.36,False,False,True,False,False,True,True,False,False,False,True,False,False,False,False,False,True,True,False
6.08,0.74,0,0.6,4.19,1,62.7,38.11,True,False,False,True,False,False,False,False,False,False,True,False,False,False,False,False,True,True,False
2.8,1.41,0,0.6,4.25,0,60.9,24.41,False,False,False,False,False,False,False,True,False,False,False,False,False,False,True,False,True,True,False
3.64,0.46,0,5.7,4.24,1,86.9,25.53,False,True,False,False,False,False,True,False,False,False,False,False,False,True,False,False,True,False,True
2.8,1.53,0,3.0,3.8,0,46.8,20.32,True,False,False,False,False,True,True,False,False,False,False,True,False,False,False,False,True,False,True
3.14,2.76,0,0.4,4.16,1,27.4,29.5,False,False,False,False,False,True,False,False,False,False,True,False,False,False,False,False,True,True,False
4.54,0.65,0,5.0,4.9,0,59.3,28.19,False,True,False,False,False,True,False,False,True,False,False,False,False,False,True,False,True,True,False
5.69,0.81,1,0.3,4.52,0,11.2,36.78,False,True,False,False,False,False,False,False,False,False,False,False,False,False,True,False,True,False,False
6.03,1.63,0,0.3,4.1,0,65.8,31.38,False,True,False,False,False,False,False,False,True,False,False,False,True,False,False,False,True,False,True
3.44,5.46,0,0.8,3.91,0,55.4,30.83,False,False,False,False,False,False,False,False,True,True,False,False,False,False,False,False,True,True,False
12.27,3.09,0,0.9,4.31,0,92.5,60.49,False,False,True,False,False,False,True,False,False,True,False,False,False,False,False,False,False,False,True
6.34,0.98,0,2.7,4.39,1,43.4,43.6,False,True,False,False,True,False,False,False,False,True,False,False,False,False,False,False,True,True,False
1.34,2.6,2,3.3,5.0,1,11.6,30.89,False,True,False,False,False,False,False,False,False,True,False,False,False,False,False,True,False,False,False
3.17,2.97,1,1.8,4.43,0,15.3,24.72,False,True,False,False,False,False,True,False,False,False,True,False,False,False,False,False,True,True,False
2.24,2.16,0,0.9,3.98,0,67.0,19.53,False,True,False,False,False,False,False,False,True,False,True,False,False,False,False,True,False,False,False
7.7,0.64,0,2.5,4.67,1,24.4,46.66,False,False,False,False,False,False,False,False,False,True,False,False,False,False,False,False,True,True,False
1.54,3.48,1,4.2,4.67,1,30.7,18.26,True,False,False,False,False,False,True,False,False,False,False,True,False,False,False,True,False,False,False
6.21,1.45,4,0.0,4.49,0,76.8,52.8,False,False,False,False,False,False,False,False,True,False,False,False,True,False,False,False,True,True,False
7.32,7.31,0,4.4,4.98,1,83.8,34.0,True,False,False,False,False,False,True,False,False,False,False,False,True,False,False,False,True,True,False
3.73,0.24,0,3.0,3.42,1,92.2,39.44,False,True,False,False,False,True,False,False,False,False,False,False,True,False,False,False,True,False,False
11.21,1.68,0,1.4,4.12,0,61.5,56.68,False,True,False,False,True,False,False,True,False,True,False,False,False,False,False,False,True,True,False
4.45,0.54,0,1.4,4.59,0,51.3,30.9,False,True,False,False,False,True,False,True,False,False,True,False,False,False,False,True,False,False,True
3.69,3.52,0,0.8,4.59,0,37.7,20.91,False,True,False,False,False,False,False,False,True,False,True,False,False,False,False,False,True,False,False
5.53,2.09,0,2.1,4.26,0,56.9,46.31,False,False,True,False,True,False,False,True,False,True,False,False,False,False,False,True,False,True,False
2.99,1.41,0,0.3,4.33,0,34.0,25.72,False,True,False,False,False,True,True,False,False,True,False,False,False,False,False,True,False,True,False
0.94,0.35,0,2.8,3.53,1,62.4,16.94,True,False,False,False,False,False,True,False,False,False,False,True,False,False,False,False,True,True,False
7.89,2.45,0,3.2,3.83,0,54.2,34.46,False,True,False,False,False,False,False,False,True,False,False,False,False,False,False,False,True,True,False
6.29,2.48,1,1.3,4.25,1,41.8,48.97,False,False,False,False,False,True,False,False,False,False,False,True,False,False,False,True,False,True,False
3.42,0.35,0,0.9,4.36,0,36.2,22.85,False,True,False,False,False,False,False,False,False,False,False,False,True,False,False,True,False,True,False
4.47,0.39,0,0.4,4.36,1,46.9,28.0,False,True,False,False,False,False,True,False,False,False,False,False,True,False,False,False,False,True,False
1.72,1.1,1,6.6,4.91,0,40.3,12.34,True,False,False,True,False,False,False,False,True,False,False,True,False,False,False,False,True,False,False
4.12,1.97,0,0.3,4.55,1,60.5,35.82,False,True,False,False,True,False,False,False,False,True,False,False,False,False,False,False,False,False,True
1.82,3.23,0,1.8,4.45,1,98.5,32.49,False,True,False,True,False,False,False,False,False,False,False,False,False,False,False,False,True,True,False
5.03,5.26,1,4.1,3.81,1,96.1,36.99,True,False,False,False,True,False,True,False,False,False,False,False,True,False,False,False,True,True,False
3.55,2.32,1,2.5,4.02,1,73.1,38.37,False,False,False,False,False,False,True,False,False,False,True,False,False,False,False,False,True,False,True
4.45,2.12,1,5.1,4.24,0,60.1,25.62,False,True,False,True,False,False,False,False,False,False,False,False,False,False,False,True,False,False,True
3.44,3.46,1,3.8,3.71,1,54.1,33.49,True,False,False,False,False,True,True,False,False,False,False,False,False,False,False,False,True,False,True
3.16,2.26,0,5.4,4.32,0,49.2,30.39,False,False,False,False,False,True,False,True,False,False,False,False,False,True,False,False,False,False,True
4.4,0.81,0,1.2,4.71,0,63.7,24.99,True,False,False,True,False,False,False,True,False,True,False,False,False,False,False,False,True,False,True
4.73,4.65,0,0.5,4.49,0,89.6,23.75,True,False,False,True,False,False,True,False,False,False,False,True,False,False,False,True,False,True,False
4.08,2.32,0,2.4,4.9,1,12.6,26.2,True,False,False,True,False,False,True,False,False,True,False,False,False,False,False,False,False,False,False
4.33,9.03,0,1.0,4.6,0,78.9,27.15,True,False,False,False,False,False,False,False,True,False,False,False,False,True,False,False,True,True,False
5.98,1.25,1,0.7,4.06,0,57.3,38.0,False,False,False,False,False,False,False,False,True,False,False,False,False,False,False,False,False,True,False
2.65,4.2,0,3.0,4.52,0,32.9,13.81,True,False,False,False,False,False,False,True,False,False,True,False,False,False,False,False,True,False,False
4.82,0.99,2,2.2,4.08,1,93.3,51.2,False,False,True,True,False,False,True,False,False,False,False,True,False,False,False,True,False,False,True
4.7,8.35,2,1.7,3.86,1,96.4,47.76,False,False,False,False,False,False,True,False,False,True,False,False,False,False,False,False,True,False,True
1.05,1.53,0,0.1,4.1,0,26.7,33.44,False,False,True,False,True,False,False,False,True,False,False,False,True,False,False,False,True,True,False
3.23,0.99,1,0.8,3.83,0,14.6,25.06,False,True,False,False,False,False,False,False,False,False,False,False,False,False,False,False,True,False,True
0.98,1.89,0,1.0,3.75,0,76.9,34.6,False,False,False,False,True,False,False,True,False,False,True,False,False,False,False,False,True,False,True
8.84,0.31,0,3.9,3.72,0,80.0,37.74,True,False,False,False,False,False,True,False,False,True,False,False,False,False,False,False,True,False,True
1.33,0.86,0,2.1,5.0,0,79.6,18.4,False,False,False,True,False,False,False,False,False,False,False,False,True,False,False,True,False,False,False
6.73,1.71,1,4.2,4.39,1,69.8,45.35,False,True,False,False,False,False,True,False,False,False,True,False,False,False,False,False,True,True,False
1.69,0.29,0,1.6,4.45,1,71.6,21.26,True,False,False,False,False,True,False,False,False,True,False,False,False,False,False,True,False,True,False
3.14,0.47,0,1.1,4.78,0,77.8,21.46,True,False,False,False,False,False,False,True,False,False,False,False,False,True,False,False,True,True,False
3.53,3.46,0,0.3,5.0,0,13.0,25.66,True,False,False,False,False,False,False,True,False,True,False,False,False,False,False,False,True,False,True
4.49,5.22,0,3.6,4.62,1,84.9,20.47,True,False,False,False,False,False,True,False,False,False,False,True,False,False,False,False,False,False,True
4.31,2.08,2,2.0,4.14,0,80.0,26.26,True,False,False,False,False,False,False,False,False,False,False,False,False,False,True,False,True,False,False
3.56,1.97,0,0.1,3.79,0,93.7,31.65,False,False,False,False,False,True,False,True,False,False,False,False,False,True,False,True,False,True,False
2.1,0.79,1,3.5,4.15,0,42.2,32.3,False,False,True,False,False,False,False,False,False,False,False,True,False,False,False,True,False,True,False
0.78,0.82,0,0.8,4.16,0,11.8,14.34,True,False,False,False,False,True,True,False,False,False,False,False,False,False,True,True,False,False,True
5.91,2.67,0,1.4,3.97,1,11.2,32.14,True,False,False,False,False,False,True,False,False,False,False,True,False,False,False,True,False,False,True
7.38,3.61,0,1.9,4.73,0,46.5,55.68,False,False,True,True,False,False,False,True,False,False,False,False,False,False,True,False,True,False,True
3.55,0.84,1,0.1,4.55,0,24.3,32.92,False,False,False,False,False,False,True,False,False,True,False,False,False,False,False,False,True,False,True
4.27,1.13,1,8.8,3.81,1,58.6,40.34,False,False,True,False,False,False,True,False,False,False,False,False,True,False,False,False,True,False,True
1.4,2.41,1,2.6,3.95,1,28.8,20.12,True,False,False,False,False,False,False,False,False,False,True,False,False,False,False,False,True,False,True
2.86,5.28,0,2.4,3.26,0,15.7,13.69,True,False,False,False,False,False,False,True,False,False,False,False,False,True,False,True,False,False,True
2.63,2.3,0,3.0,4.87,1,42.4,16.28,False,True,False,False,False,False,True,False,False,False,True,False,False,False,False,True,False,False,True
3.28,3.64,2,4.5,4.14,0,87.7,28.68,False,False,False,False,False,False,True,False,False,False,False,False,False,False,False,True,False,False,True
2.35,0.44,0,1.3,4.12,0,11.0,17.35,False,True,False,False,False,False,False,False,False,False,True,False,False,False,False,False,True,False,False
1.95,1.42,0,0.7,4.28,0,54.5,24.25,False,False,False,True,False,False,False,True,False,True,False,False,False,False,False,True,False,True,False
2.43,3.18,0,4.1,3.98,0,56.1,28.1,False,False,True,True,False,False,False,False,True,True,False,False,False,False,False,False,True,False,False
8.13,0.32,0,2.9,4.71,1,46.0,48.96,False,False,False,True,False,False,True,False,False,False,False,False,True,False,False,False,True,True,False
11.63,0.66,0,2.9,3.26,0,45.0,38.93,True,False,False,False,False,False,False,True,False,False,False,False,False,False,True,True,False,True,False
1.21,1.76,1,3.5,4.24,0,81.1,7.53,False,True,False,False,False,False,False,True,False,False,False,False,False,False,False,True,False,False,False
1.87,2.34,1,4.9,3.86,0,87.3,17.23,True,False,False,True,False,False,False,True,False,False,False,True,False,False,False,True,False,False,False
4.34,0.36,2,5.2,4.48,0,67.4,25.88,False,True,False,False,False,False,False,True,False,False,False,False,False,False,False,False,False,False,True
6.26,0.73,1,9.4,5.0,1,89.4,40.4,False,False,False,False,False,False,False,False,False,True,False,False,False,False,False,False,True,False,True
1.67,0.29,0,0.3,4.79,0,51.7,20.36,False,True,False,False,False,True,False,False,False,False,True,False,False,False,False,False,True,False,True
2.37,10.5,1,1.2,4.56,1,80.9,25.84,False,True,False,False,False,False,True,False,False,False,True,False,False,False,False,False,True,True,False
5.42,2.77,0,1.5,4.04,1,80.4,24.78,True,False,False,False,False,False,True,False,False,True,False,False,False,False,False,False,True,True,False
7.08,5.53,0,3.3,4.46,1,43.6,42.95,False,False,False,False,False,False,True,False,False,True,False,False,False,False,False,False,True,False,False
3.31,0.49,1,4.4,4.23,0,94.2,28.6,False,False,False,False,False,False,True,False,False,False,False,False,False,True,False,True,False,False,True
4.69,2.11,1,0.7,4.46,0,48.2,44.65,False,True,False,False,True,False,True,False,False,False,False,False,False,False,False,False,True,True,False
7.25,2.97,1,0.2,4.41,0,59.6,34.24,True,False,False,False,False,False,False,False,False,False,False,True,False,False,False,False,False,True,False
1.83,2.26,0,1.8,4.34,1,12.9,26.31,False,False,False,False,False,False,True,False,False,True,False,False,False,False,False,False,True,False,True
9.88,1.12,0,0.6,3.44,0,76.4,58.38,False,False,False,False,False,True,True,False,False,False,False,False,False,True,False,False,True,True,False
7.07,1.92,0,15.0,4.87,0,58.7,32.62,False,True,False,False,False,False,False,False,True,False,True,False,False,False,False,True,False,False,True
5.41,1.29,0,0.3,4.74,0,62.8,36.57,False,True,False,False,False,False,False,True,False,False,False,False,False,False,True,False,True,True,False
9.54,3.64,0,0.8,4.24,0,82.3,32.15,False,True,False,False,False,False,True,False,False,False,False,False,True,False,False,False,False,False,True
2.72,0.28,0,6.7,4.33,0,85.7,19.09,True,False,False,False,False,True,False,True,False,False,False,False,False,True,False,True,False,True,False
2.07,1.39,0,3.8,4.3,0,66.3,11.86,False,True,False,False,False,False,True,False,False,False,False,False,False,True,False,False,False,True,False
1.73,0.52,0,0.0,3.49,0,100.0,27.84,False,False,False,False,False,False,True,False,False,False,False,False,False,False,True,True,False,False,False
9.98,3.54,1,1.0,4.24,0,64.1,45.82,True,False,False,False,False,True,False,False,True,False,False,True,False,False,False,True,False,False,True
5.1,1.55,0,1.7,4.94,1,80.1,27.75,True,False,False,False,False,False,False,False,False,False,False,False,False,False,True,True,False,False,True
3.43,3.09,0,1.1,4.13,1,25.4,22.9,False,True,False,False,False,False,False,False,False,False,False,False,False,False,True,True,False,False,False
3.88,4.69,1,2.0,4.26,0,60.8,22.32,True,False,False,False,False,True,False,True,False,True,False,False,False,False,False,False,True,True,False
7.98,0.69,1,0.4,3.71,0,11.9,55.63,False,False,False,False,False,True,False,False,False,False,False,False,True,False,False,False,True,True,False
9.55,1.4,0,1.2,4.46,0,19.3,38.84,True,False,False,True,False,False,False,False,True,True,False,False,False,False,False,True,False,False,True
1.27,4.19,1,0.6,4.12,1,17.6,19.14,False,True,False,False,False,False,False,False,False,False,False,False,False,False,True,True,False,False,False
2.34,1.83,0,2.9,5.0,1,49.8,29.08,False,True,False,False,False,True,False,False,False,False,False,False,False,False,True,True,False,False,True
1.73,0.67,0,0.2,4.61,0,45.9,16.15,False,True,False,False,False,False,False,False,True,False,False,False,False,False,False,False,False,False,False
5.62,1.19,0,0.8,4.12,0,48.8,33.98,False,False,False,False,False,False,True,False,False,False,False,False,True,False,False,True,False,False,False
5.21,0.74,0,4.5,4.05,0,91.3,38.72,False,False,True,False,False,True,False,False,True,False,False,True,False,False,False,True,False,True,False
1.81,1.01,0,1.1,4.48,0,67.4,28.94,False,False,True,False,False,False,False,True,False,False,False,True,False,False,False,False,True,False,True
2.0,3.06,3,4.9,4.18,1,81.6,41.56,False,True,False,False,False,True,False,False,False,False,False,True,False,False,False,False,False,False,True
6.22,2.99,1,1.0,4.27,1,31.5,39.94,True,False,False,False,False,True,False,False,False,False,False,False,False,False,True,False,True,False,False
1.19,3.53,1,6.3,4.1,0,61.3,20.01,False,False,False,False,False,False,False,False,False,False,False,False,True,False,False,True,False,True,False
3.49,0.49,1,2.4,4.63,1,27.8,26.85,False,True,False,False,False,False,False,False,False,True,False,False,False,False,False,True,False,True,False
18.95,0.37,0,0.1,4.04,1,24.8,51.78,True,False,False,False,False,False,True,False,False,True,False,False,False,False,False,False,False,True,False
5.23,1.62,0,0.8,4.73,1,69.0,30.17,False,True,False,False,False,False,False,False,False,False,False,False,False,False,False,True,False,True,False
2.34,2.95,0,0.5,4.43,0,85.8,12.72,True,False,False,False,False,False,True,False,False,True,False,False,False,False,False,False,True,True,False
3.49,0.9,0,8.3,4.5,0,82.5,22.48,False,False,False,False,False,False,True,False,False,False,False,False,False,False,True,True,False,True,False
1.95,0.48,0,0.1,4.99,1,93.9,20.94,False,True,False,False,False,False,False,False,False,False,False,False,False,True,False,False,True,False,True
3.87,0.74,1,6.4,4.23,0,22.0,24.11,False,True,False,False,False,False,False,True,False,False,False,False,False,False,True,True,False,True,False
2.55,2.73,1,7.1,4.6,1,83.6,25.16,True,False,False,True,False,False,False,False,False,False,False,False,True,False,False,True,False,False,True
7.6,3.61,3,2.1,5.0,0,71.7,42.24,False,True,False,False,False,False,True,False,False,False,True,False,False,False,False,False,False,False,False
2.82,1.28,0,0.3,3.66,1,58.9,33.36,False,True,False,False,False,True,False,False,False,False,False,False,False,False,True,True,False,False,True
1.21,3.56,1,3.5,4.28,0,83.6,23.79,True,False,False,False,False,True,False,True,False,True,False,False,False,False,False,True,False,False,True
6.59,0.24,0,0.1,4.71,1,63.2,46.51,False,False,False,False,False,False,False,False,False,False,False,False,False,True,False,False,True,False,False
1.06,0.62,0,0.2,4.22,1,54.6,13.58,True,False,False,False,False,False,False,False,False,True,False,False,False,False,False,False,False,False,False
1.79,0.38,0,1.1,3.99,1,96.5,11.55,True,False,False,False,False,False,False,False,False,False,False,False,False,False,True,False,True,True,False
5.33,6.69,1,0.8,4.45,0,21.6,33.63,False,True,False,False,False,False,True,False,False,False,False,False,False,True,False,True,False,True,False
4.78,2.2,0,4.0,3.5,1,11.7,40.89,False,False,False,True,False,False,True,False,False,False,False,False,False,False,True,False,True,False,False
4.25,1.87,3,5.7,4.7,0,73.3,39.71,False,False,False,False,False,False,False,True,False,True,False,False,False,False,False,False,True,True,False
2.27,1.02,1,1.1,4.55,1,31.0,30.04,False,False,False,False,False,False,True,False,False,False,False,True,False,False,False,False,True,False,False
1.97,1.04,2,7.4,3.93,0,54.8,21.77,True,False,False,False,False,True,False,True,False,False,True,False,False,False,False,True,False,False,True
7.61,4.56,1,0.3,4.9,0,23.6,47.4,False,False,True,False,False,False,False,True,False,False,False,True,False,False,False,True,False,False,True
10.69,3.27,1,6.6,3.83,0,75.3,41.03,False,True,False,False,False,False,True,False,False,False,False,False,False,False,False,True,False,False,True
6.08,0.65,1,1.3,3.75,0,26.6,31.14,True,False,False,False,True,False,False,False,False,True,False,False,False,False,False,False,False,False,True
2.55,1.68,1,0.5,3.74,0,53.1,28.89,False,False,False,False,False,False,False,False,True,False,False,False,False,False,True,False,False,True,False
6.95,0.38,0,0.7,4.51,0,29.0,49.66,False,False,True,False,False,True,False,True,False,True,False,False,False,False,False,False,True,False,True
1.95,0.33,0,7.8,4.32,0,52.1,21.86,False,False,False,False,False,False,False,False,True,False,False,False,False,False,True,False,True,False,False
4.24,7.8,1,7.4,4.28,0,53.1,29.43,False,True,False,False,False,True,False,False,False,False,False,False,False,False,False,False,True,True,False
3.18,0.67,2,0.2,4.34,1,36.1,32.17,False,True,False,False,False,False,True,False,False,False,False,True,False,False,False,False,True,False,True
6.11,0.93,0,1.2,4.2,1,99.1,31.63,True,False,False,False,False,False,True,False,False,True,False,False,False,False,False,True,False,False,False
2.78,0.74,0,2.5,3.75,0,80.9,28.22,False,False,False,False,False,True,True,False,False,True,False,False,False,False,False,False,True,False,False
4.09,5.25,1,4.8,4.67,0,25.6,25.1,False,False,False,False,False,False,False,True,False,False,False,False,False,False,True,True,False,True,False
4.81,0.29,1,5.7,4.31,1,31.7,38.63,False,False,False,False,False,True,False,False,False,False,False,False,False,True,False,True,False,True,False
3.99,6.03,0,0.7,4.73,0,93.0,17.95,True,False,False,False,False,False,False,True,False,False,True,False,False,False,False,False,True,False,True
4.75,0.26,2,7.7,4.93,1,37.4,42.16,False,False,False,False,True,False,False,False,False,True,False,False,False,False,False,True,False,False,True
1.77,1.39,0,1.3,5.0,0,77.3,12.89,True,False,False,False,False,False,False,False,False,False,False,False,True,False,False,False,True,False,True
11.54,0.6,3,1.8,4.2,1,74.5,69.88,False,True,False,False,False,False,True,False,False,False,False,False,False,False,False,False,True,False,True
1.34,0.34,3,2.6,3.94,1,79.5,36.06,False,True,False,False,False,True,True,False,False,False,False,True,False,False,False,False,True,False,True
5.46,0.96,1,1.7,4.45,0,55.8,24.06,True,False,False,False,False,False,False,False,False,False,False,False,True,False,False,True,False,True,False
2.39,0.45,1,7.1,4.7,0,60.4,21.25,False,True,False,False,False,False,False,True,False,False,False,False,True,False,False,True,False,True,False
2.17,1.43,0,0.7,4.52,0,83.9,21.24,False,True,False,False,False,True,True,False,False,True,False,False,False,False,False,True,False,True,False
1.94,0.77,0,0.3,4.27,0,29.6,31.75,False,False,False,False,False,True,False,False,False,False,False,False,False,True,False,True,False,False,True
3.39,1.95,1,1.1,3.75,1,35.8,29.44,False,True,False,False,False,False,True,False,False,False,False,False,False,False,True,False,True,True,False
0.66,0.4,0,0.4,4.81,0,30.2,16.24,False,True,False,False,False,False,False,True,False,False,False,True,False,False,False,True,False,True,False
10.07,1.79,1,2.8,4.19,0,65.0,43.55,False,True,False,False,False,False,False,False,True,False,True,False,False,False,False,True,False,False,True
4.27,0.73,1,3.0,4.8,1,58.7,41.7,False,True,False,True,False,False,False,False,False,False,False,True,False,False,False,False,True,True,False
1.11,1.31,2,0.4,4.16,1,26.4,19.24,True,False,False,False,False,False,False,False,False,False,False,True,False,False,False,True,False,False,True
1.39,1.59,0,5.1,4.12,0,92.7,14.04,False,False,False,False,False,False,False,False,True,False,False,True,False,False,False,True,False,False,True
7.19,6.53,0,3.1,5.0,1,68.1,37.29,False,True,False,False,False,False,False,False,False,False,False,False,False,False,False,False,True,False,True
0.65,2.28,1,1.6,4.64,0,23.9,20.29,False,False,True,False,False,False,False,False,False,True,False,False,False,False,False,True,False,True,False
2.86,4.75,0,0.7,4.64,0,10.5,22.06,False,True,False,False,False,False,False,False,False,False,False,False,False,False,False,True,False,False,True
7.92,4.84,1,2.7,4.32,1,18.1,49.66,False,False,False,False,False,False,True,False,False,False,False,False,True,False,False,False,True,False,True
4.7,1.53,0,4.2,3.99,0,46.9,34.72,False,False,False,False,False,True,False,True,False,False,False,True,False,False,False,False,False,True,False
1.58,0.75,0,0.0,3.81,0,74.8,22.08,False,False,False,False,False,False,True,False,False,False,False,False,False,False,False,False,True,False,False
3.52,2.37,2,1.1,3.97,0,24.7,17.8,True,False,False,False,False,False,False,True,False,False,False,False,False,True,False,True,False,False,False
4.31,2.82,0,1.0,4.23,0,62.0,27.16,True,False,False,False,True,False,False,False,True,True,False,False,False,False,False,False,True,True,False
1.85,20.0,2,1.2,4.07,1,78.1,43.17,False,False,False,False,False,True,True,False,False,False,False,True,False,False,False,False,False,False,False
2.88,0.49,0,4.5,4.16,0,85.4,11.66,True,False,False,False,False,False,False,False,False,False,False,False,False,False,False,True,False,False,False
7.11,1.86,1,1.0,4.51,0,67.3,34.75,False,True,False,False,False,False,False,False,True,False,False,False,False,True,False,True,False,False,False
9.87,1.57,0,5.2,5.0,0,55.3,38.88,True,False,False,False,False,False,False,False,True,False,False,False,False,False,True,False,True,True,False
4.29,0.36,0,1.7,3.94,0,15.7,20.25,True,False,False,False,False,False,False,True,False,False,False,False,False,True,False,False,True,False,True
3.3,4.23,1,0.9,4.17,1,34.3,42.04,False,False,False,False,False,True,False,False,False,False,True,False,False,False,False,False,True,True,False
0.69,0.77,0,2.5,4.66,1,18.0,23.42,False,True,False,False,False,True,False,False,False,False,False,False,True,False,False,True,False,True,False
5.54,0.3,0,0.2,4.35,0,26.7,41.4,False,False,False,False,False,True,False,False,False,False,True,False,False,False,False,True,False,True,False
9.55,0.34,2,0.7,4.81,0,72.2,51.5,False,False,False,False,False,False,False,True,False,False,True,False,False,False,False,False,True,True,False
17.64,1.86,0,0.4,4.08,0,32.0,65.04,False,True,False,False,False,False,False,True,False,False,False,False,False,False,False,True,False,False,True
9.25,0.31,0,1.7,4.97,0,18.4,55.1,False,False,True,False,False,False,False,True,False,False,True,False,False,False,False,False,True,False,True
1.22,1.49,0,1.7,4.32,0,26.5,14.69,False,True,False,False,False,False,False,False,False,False,False,False,False,False,False,False,True,False,True
6.29,0.51,1,0.2,4.11,0,15.9,41.1,False,False,False,False,False,False,False,False,False,False,True,False,False,False,False,False,True,False,True
3.72,0.68,0,0.7,4.02,0,52.6,10.96,True,False,False,False,False,False,False,False,False,True,False,False,False,False,False,False,False,False,True
5.45,1.17,0,0.2,4.52,0,85.7,39.21,False,False,True,False,False,False,True,False,False,False,False,False,True,False,False,True,False,False,True
1.14,2.78,1,1.9,4.95,0,86.3,21.89,False,False,False,False,False,False,False,False,False,False,False,False,False,True,False,False,True,False,True
4.23,1.13,1,2.2,3.24,0,36.1,27.52,False,True,False,False,False,False,False,False,True,True,False,False,False,False,False,False,True,False,True
5.49,1.37,0,0.1,3.59,1,71.1,29.55,False,True,False,False,False,False,False,False,False,False,False,False,False,True,False,False,False,True,False
8.0,0.98,0,3.8,5.0,0,51.0,30.09,True,False,False,False,False,False,False,True,False,True,False,False,False,False,False,False,True,True,False
5.31,4.07,1,0.8,4.71,0,55.4,36.49,False,True,False,False,False,False,False,False,True,True,False,False,False,False,False,False,True,False,False
16.96,1.75,0,1.3,3.71,1,77.2,60.24,True,False,False,False,False,False,True,False,False,False,True,False,False,False,False,True,False,False,True
9.12,0.6,0,0.2,4.84,0,62.4,45.42,True,False,False,False,False,False,False,False,True,False,True,False,False,False,False,False,True,True,False
6.2,1.3,0,3.0,4.43,0,24.5,30.21,True,False,False,False,False,True,True,False,False,True,False,False,False,False,False,True,False,True,False
9.59,1.56,0,0.7,4.8,0,48.6,34.42,True,False,False,False,False,False,False,False,True,False,False,False,False,False,True,False,True,False,True
2.31,1.49,1,0.1,3.46,1,69.6,37.16,False,False,True,False,False,False,False,False,False,False,False,True,False,False,False,False,True,False,True
1.45,12.67,2,1.0,4.06,0,67.0,26.01,True,False,False,True,False,False,False,True,False,False,True,False,False,False,False,True,False,True,False
2.9,0.43,1,3.4,4.05,1,45.0,27.12,False,False,False,False,False,False,True,False,False,True,False,False,False,False,False,False,False,False,True
2.56,0.61,0,0.6,3.83,0,25.7,16.8,True,False,False,False,False,False,False,False,False,False,False,False,False,False,False,False,True,True,False
5.32,0.28,0,1.3,4.3,1,43.3,43.02,False,True,False,False,True,False,True,False,False,False,False,False,False,False,False,False,True,False,True
8.32,3.66,1,0.6,3.92,0,48.3,47.27,True,False,False,False,False,True,False,True,False,False,True,False,False,False,False,False,True,False,False
3.8,2.17,1,4.3,4.18,0,40.7,30.6,False,True,False,False,False,False,False,False,True,True,False,False,False,False,False,False,True,False,True
2.74,1.25,1,0.9,4.24,0,16.5,14.04,True,False,False,False,False,False,False,False,True,False,False,False,True,False,False,True,False,False,True
5.08,5.63,1,5.5,4.57,0,89.7,32.2,False,True,False,False,False,False,True,False,False,False,False,True,False,False,False,True,False,False,False
9.32,1.08,0,2.1,4.15,1,38.7,40.89,True,False,False,False,False,False,True,False,False,False,False,False,False,False,False,True,False,False,True
3.15,3.21,0,0.4,4.16,0,37.7,24.43,False,False,False,False,False,False,False,True,False,False,False,False,True,False,False,False,True,False,True
5.57,3.96,0,2.2,4.18,0,21.9,23.08,True,False,False,False,False,False,True,False,False,False,False,True,False,False,False,True,False,False,True
3.53,0.8,0,0.2,4.34,0,86.4,15.38,True,False,False,False,False,False,False,False,True,True,False,False,False,False,False,True,False,False,True
1.5,7.24,1,1.7,4.05,0,28.9,22.46,False,True,False,False,False,False,False,False,False,False,False,False,False,True,False,True,False,False,True
3.22,3.14,0,0.4,3.82,0,80.4,28.41,False,False,True,False,False,False,False,True,False,False,True,False,False,False,False,False,True,False,True
5.36,0.84,0,0.9,4.33,0,27.3,21.79,True,False,False,False,False,False,False,False,True,False,False,False,False,True,False,False,True,True,False
2.35,1.76,1,2.2,4.96,0,80.5,25.5,True,False,False,False,False,True,True,False,False,True,False,False,False,False,False,False,True,False,True
1.89,4.76,1,0.8,4.26,0,65.4,22.73,False,False,False,False,False,False,False,True,False,False,False,False,False,True,False,False,True,False,True
3.72,6.96,0,1.9,4.41,1,77.4,29.59,False,False,False,False,False,False,True,False,False,False,False,False,False,True,False,True,False,False,True
2.79,1.62,3,3.8,3.91,0,87.0,26.24,False,True,False,False,False,False,False,False,False,False,False,False,False,True,False,False,False,True,False
1.17,0.46,1,0.2,4.62,0,59.0,14.98,True,False,False,True,False,False,False,True,False,False,True,False,False,False,False,False,True,False,True
3.04,0.81,0,0.9,4.95,0,31.4,30.01,False,True,False,False,False,False,False,False,True,False,True,False,False,False,False,True,False,True,False
3.96,3.24,0,4.3,4.37,0,47.2,25.37,False,False,False,False,False,False,False,True,False,False,False,False,False,False,False,False,True,True,False
2.83,0.99,0,1.5,4.5,0,57.7,12.72,False,True,False,False,False,False,True,False,False,False,False,False,False,False,False,True,False,False,True
1.63,0.64,1,1.0,3.92,1,98.0,23.8,False,False,False,False,False,False,False,False,False,False,False,False,False,False,False,False,True,False,True
14.16,1.29,1,10.7,4.56,0,66.4,42.61,True,False,False,False,False,False,True,False,False,False,False,False,True,False,False,False,False,False,True
4.44,0.48,0,1.8,4.29,0,89.4,26.08,True,False,False,False,False,True,False,True,False,False,False,False,False,True,False,True,False,True,False
6.09,0.87,0,2.7,3.71,1,71.9,43.65,False,False,True,False,False,False,True,False,False,False,True,False,False,False,False,True,False,False,False
2.66,0.41,1,2.3,4.28,0,25.2,28.72,False,False,False,False,False,False,False,False,True,False,True,False,False,False,False,False,False,False,True
7.18,0.91,2,1.7,4.14,0,44.1,45.59,True,False,False,False,False,True,False,True,False,False,False,False,False,False,False,True,False,False,True
6.4,0.31,0,1.1,4.9,0,80.8,37.84,False,False,False,False,False,False,True,False,False,False,False,False,False,False,False,False,True,False,True
3.86,0.95,0,0.5,4.38,0,64.2,27.54,False,False,False,False,False,False,False,False,True,False,False,True,False,False,False,True,False,True,False
5.08,0.45,1,4.0,4.95,0,61.4,24.11,False,True,False,False,False,False,False,True,False,False,False,False,False,False,True,True,False,True,False
0.84,0.9,2,2.1,4.87,1,35.9,36.73,False,False,True,False,False,False,False,False,False,False,False,False,False,False,True,False,True,True,False
3.13,2.18,1,1.8,3.76,0,84.7,31.48,False,True,False,False,False,True,True,False,False,False,False,False,True,False,False,False,False,False,False
1.17,2.11,1,1.1,4.23,1,76.3,18.94,False,True,False,False,False,False,True,False,False,False,False,False,True,False,False,True,False,False,True
4.07,1.71,0,0.8,4.81,0,20.9,10.1,True,False,False,False,False,False,True,False,False,False,False,False,True,False,False,False,True,False,False
9.55,1.07,0,1.4,3.65,0,39.7,58.24,False,False,True,False,False,False,False,False,False,False,False,False,True,False,False,False,True,False,True
2.22,3.76,0,4.4,4.27,0,48.9,18.67,True,False,False,False,False,True,False,True,False,False,False,False,False,False,False,False,True,False,True
2.44,1.24,1,0.7,4.65,1,90.8,36.38,False,True,False,False,False,False,True,False,False,False,False,False,False,False,True,False,False,False,True
5.77,0.84,1,9.2,4.31,0,35.9,38.27,False,False,False,False,False,False,False,True,False,False,False,False,False,True,False,False,True,False,True
8.29,3.09,1,3.0,3.56,0,49.2,42.74,True,False,False,False,True,False,False,False,False,False,False,False,False,False,False,True,False,False,True
2.52,2.17,1,0.3,4.32,0,56.7,21.82,True,False,False,False,False,True,False,True,False,True,False,False,False,False,False,True,False,False,False
1.17,0.47,1,2.1,4.33,0,76.8,23.24,True,False,False,False,True,False,False,True,False,False,False,False,False,True,False,False,True,True,False
7.0,0.35,1,1.0,4.03,0,29.5,46.19,False,False,False,False,False,False,False,False,True,False,False,True,False,False,False,False,True,True,False
6.42,0.36,0,11.5,3.87,1,47.3,37.99,False,False,False,False,False,False,False,False,False,True,False,False,False,False,False,False,True,True,False
3.52,4.72,1,9.2,4.44,0,25.9,20.15,False,True,False,False,False,False,False,False,True,True,False,False,False,False,False,False,True,False,False
8.17,0.51,0,2.5,3.6,1,67.6,39.47,True,False,False,False,False,True,False,False,False,False,True,False,False,False,False,False,False,False,True
3.88,1.23,1,1.3,3.02,1,81.9,39.96,False,False,False,False,False,False,True,False,False,False,False,True,False,False,False,False,True,False,True
6.79,1.36,1,3.3,3.83,1,34.3,57.43,False,False,True,False,False,True,False,False,False,False,True,False,False,False,False,True,False,False,True
1.75,0.91,0,0.2,4.5,0,14.4,24.27,False,False,False,False,False,False,True,False,False,False,False,False,False,False,True,True,False,True,False
6.05,5.71,1,2.2,4.2,0,44.6,45.0,False,False,True,False,False,False,False,False,False,False,False,True,False,False,False,False,False,False,False
5.92,0.59,0,1.6,4.56,0,43.4,30.75,False,False,False,False,False,False,False,True,False,False,False,False,False,True,False,False,True,False,True
1.61,0.46,0,0.6,4.12,0,68.0,17.88,False,True,False,False,False,False,False,False,True,False,False,False,False,False,True,False,True,False,True
2.51,3.63,1,0.3,4.34,0,93.7,28.77,True,False,False,False,False,True,False,True,False,False,False,False,False,False,True,True,False,False,False
3.36,1.54,2,5.1,4.67,0,19.5,25.69,False,True,False,False,False,False,False,True,False,False,False,False,False,True,False,False,True,False,True
4.87,2.77,2,2.1,4.15,0,92.9,38.26,False,True,False,True,False,False,False,False,False,False,True,False,False,False,False,False,True,True,False
2.24,2.54,0,1.5,4.23,1,52.3,23.81,False,False,False,False,False,False,True,False,False,True,False,False,False,False,False,False,True,False,False
6.07,2.45,0,2.6,3.9,0,14.8,35.02,False,True,False,False,False,False,False,False,True,False,True,False,False,False,False,True,False,False,False
3.64,3.21,0,3.7,4.47,0,91.6,20.7,True,False,False,False,False,False,True,False,False,False,False,True,False,False,False,False,True,False,False
7.61,1.44,1,1.0,3.8,1,79.9,49.05,False,False,False,False,False,False,True,False,False,False,False,False,True,False,False,False,True,True,False
5.35,0.4,0,0.4,4.77,0,67.5,23.46,True,False,False,False,False,False,True,False,False,False,True,False,False,False,False,False,True,True,False
3.34,4.69,0,2.4,3.31,0,84.1,31.29,False,False,False,False,True,False,False,True,False,False,False,True,False,False,False,True,False,False,True
2.16,0.34,0,0.2,4.44,1,16.4,31.33,False,True,False,False,True,False,False,False,False,False,False,False,False,True,False,False,True,True,False
5.38,1.06,1,3.2,3.88,1,64.6,34.41,False,True,False,False,False,False,True,False,False,False,False,False,True,False,False,True,False,False,True
1.37,3.12,0,3.0,4.46,1,94.7,31.04,False,True,False,False,True,False,True,False,False,False,False,False,False,False,True,False,True,False,False
4.38,0.45,0,1.7,4.47,1,91.3,23.0,True,False,False,False,False,False,False,False,False,False,False,False,False,False,True,True,False,False,True
1.96,1.86,1,1.1,4.25,0,59.7,20.98,False,True,False,False,False,False,False,False,False,False,False,False,True,False,False,False,True,False,True
6.71,2.49,2,5.8,3.7,0,61.6,36.81,True,False,False,False,True,False,False,True,False,False,False,False,False,True,False,True,False,False,True
1.88,1.6,0,0.5,4.44,1,88.2,20.64,False,True,False,False,False,False,True,False,False,False,False,True,False,False,False,True,False,True,False
5.31,0.38,3,2.4,4.73,0,86.0,55.61,False,False,True,False,False,True,False,False,False,False,False,False,True,False,False,True,False,True,False
3.89,0.95,2,0.5,3.97,0,26.5,43.3,False,False,True,False,False,False,False,True,False,False,False,False,False,True,False,False,True,False,False
5.23,3.84,0,1.1,4.28,0,91.6,27.45,True,False,False,False,False,False,False,False,True,False,True,False,False,False,False,True,False,False,True
2.65,0.52,0,3.9,4.48,1,33.5,29.24,False,False,False,False,False,False,False,False,False,True,False,False,False,False,False,False,True,False,True
3.64,3.74,0,2.9,3.56,0,88.0,24.42,False,True,False,False,False,False,True,False,False,False,False,False,True,False,False,False,True,False,True
4.24,0.28,0,9.4,4.79,0,85.4,18.63,True,False,False,False,False,False,False,True,False,False,False,False,False,False,False,False,True,False,True
4.24,0.52,1,0.6,4.3,0,68.6,28.05,False,False,False,True,False,False,False,True,False,False,True,False,False,False,False,False,True,False,False
5.42,2.01,0,0.3,4.3,1,15.6,43.08,False,False,False,False,False,False,False,False,False,False,False,False,False,False,False,True,False,False,True
4.62,0.48,0,1.3,3.76,0,55.5,25.17,False,True,False,False,False,False,False,True,False,False,False,False,False,False,True,False,True,True,False
3.26,1.93,0,0.6,3.51,0,20.2,16.68,False,True,False,False,False,False,False,True,False,False,False,True,False,False,False,True,False,False,True
4.19,0.61,0,10.0,4.96,0,68.7,25.38,False,False,False,False,False,False,False,False,False,False,False,False,False,False,True,False,True,True,False
3.2,0.73,0,4.7,3.71,0,62.5,30.26,False,False,False,False,True,False,True,False,False,False,False,True,False,False,False,False,True,True,False
5.0,0.4,0,3.6,3.59,0,47.5,23.43,True,False,False,True,False,False,False,True,False,True,False,False,False,False,False,False,False,False,True
4.74,3.41,1,0.5,3.55,0,23.9,22.51,True,False,False,False,False,False,False,True,False,False,False,False,False,True,False,True,False,False,True
5.18,0.58,0,3.6,4.02,0,72.5,34.71,False,False,False,False,False,True,False,False,False,False,False,False,False,False,True,False,True,False,True
5.63,1.49,1,0.7,4.63,0,10.3,38.38,False,False,False,False,False,False,True,False,False,False,False,True,False,False,False,True,False,True,False
3.83,0.32,1,0.4,5.0,0,32.7,29.48,False,True,False,False,False,False,False,True,False,False,False,False,False,False,False,True,False,True,False
3.76,0.36,1,2.3,4.09,0,88.0,18.36,False,True,False,False,False,False,False,False,True,False,False,True,False,False,False,False,True,True,False
7.72,1.82,0,2.8,4.81,0,51.9,29.13,False,False,False,False,False,False,False,True,False,False,False,False,False,False,True,False,False,True,False
1.36,2.93,0,1.4,3.95,0,93.9,11.35,True,False,False,False,False,True,True,False,False,False,False,False,False,False,True,True,False,True,False
9.64,1.59,0,0.8,3.8,0,68.1,50.21,False,False,True,False,False,False,False,True,False,False,False,True,False,False,False,True,False,False,True
3.91,1.02,0,0.4,4.3,0,80.0,30.19,False,True,False,False,True,False,False,False,True,False,False,False,False,True,False,False,True,True,False
8.28,0.51,0,0.1,4.82,0,20.8,42.26,False,False,False,False,False,False,True,False,False,False,False,False,False,True,False,False,True,True,False
1.79,11.31,1,0.8,3.77,0,88.1,29.31,False,False,False,False,False,False,False,False,True,True,False,False,False,False,False,False,True,False,True
2.14,2.22,0,4.1,4.42,1,40.8,35.63,False,True,False,False,True,False,False,False,False,False,False,False,True,False,False,False,True,True,False
6.06,3.06,0,5.2,4.39,1,42.1,32.18,False,True,False,False,False,False,False,False,False,False,False,True,False,False,False,True,False,True,False
5.92,1.17,0,1.8,4.82,0,62.3,32.13,True,False,False,True,False,False,False,True,False,False,False,False,False,True,False,False,True,True,False
3.29,2.32,1,1.8,4.01,1,21.7,34.81,False,False,False,False,False,False,True,False,False,False,False,False,False,True,False,True,False,False,True
2.7,4.69,0,1.2,3.92,0,44.0,15.79,True,False,False,False,False,False,False,False,False,False,True,False,False,False,False,False,True,True,False
7.61,0.62,0,0.6,4.99,0,20.1,31.48,True,False,False,False,False,False,True,False,False,False,False,False,False,False,False,False,True,True,False
6.98,0.4,0,0.5,3.65,0,35.8,33.05,False,True,False,False,False,False,False,False,False,False,False,False,False,True,False,False,True,False,True
7.85,1.2,0,0.4,4.6,0,51.3,36.1,False,False,False,False,False,False,False,False,True,True,False,False,False,False,False,True,False,False,False
2.03,1.58,0,1.6,4.6,0,14.8,17.97,False,True,False,False,False,True,False,True,False,False,False,False,True,False,False,False,False,False,True
3.29,1.4,0,2.2,4.86,1,26.7,26.7,True,False,False,False,False,True,True,False,False,False,False,False,False,False,True,False,True,False,True
12.86,2.81,0,1.7,3.91,0,32.3,53.43,True,False,False,False,False,False,False,False,False,False,False,False,False,True,False,False,True,False,True
3.94,2.48,0,0.3,4.83,0,14.2,33.89,False,False,False,False,True,False,True,False,False,False,False,False,True,False,False,False,False,False,False
5.22,1.38,0,8.1,4.0,0,61.5,31.27,True,False,False,False,True,False,True,False,False,False,False,False,True,False,False,False,True,True,False
2.68,0.37,1,3.9,4.09,0,74.7,28.77,False,False,False,False,False,False,False,True,False,False,False,False,True,False,False,False,True,False,True
7.17,3.68,0,1.7,4.7,0,73.4,28.28,True,False,False,False,False,False,False,True,False,False,False,False,True,False,False,False,True,True,False
3.63,0.23,2,3.8,4.09,0,41.5,23.78,True,False,False,False,False,False,False,False,True,False,False,False,True,False,False,True,False,False,True
1.53,1.09,1,2.4,4.01,1,57.0,22.6,False,True,False,False,False,False,True,False,False,False,True,False,False,False,False,False,True,False,True
1.31,4.22,1,2.9,4.3,0,68.7,14.15,False,True,False,False,False,False,False,False,False,False,False,False,True,False,False,False,True,False,False
7.49,1.35,1,0.9,4.87,0,82.2,35.39,False,True,False,False,False,False,False,True,False,False,True,False,False,False,False,True,False,False,True
1.34,0.79,0,3.4,3.98,1,44.1,16.07,False,True,False,False,False,False,True,False,False,False,False,False,False,False,False,False,True,False,True
6.07,3.48,2,0.1,4.44,0,21.3,40.77,True,False,False,False,False,True,False,False,True,True,False,False,False,False,False,False,True,True,False
10.1,2.44,0,2.4,4.4,1,22.6,50.81,False,True,False,False,False,False,False,False,False,False,False,False,False,True,False,True,False,True,False
1.5,4.6,1,1.8,5.0,0,70.5,24.16,False,False,False,False,False,False,False,False,False,False,False,False,True,False,False,True,False,False,True
8.17,2.33,0,0.5,4.48,1,18.3,61.56,False,False,True,True,False,False,False,False,False,False,False,False,False,True,False,True,False,False,False
1.36,1.4,1,0.9,4.07,0,40.4,25.26,False,False,True,False,False,False,False,True,False,False,False,False,False,False,True,False,True,False,True
3.34,1.37,0,2.9,4.61,0,69.4,11.04,True,False,False,False,False,False,False,True,False,False,False,True,False,False,False,False,False,False,True
6.31,0.46,1,1.2,4.34,1,17.3,47.02,False,False,False,False,False,False,False,False,False,False,False,False,False,True,False,False,True,True,False
4.05,2.32,0,3.0,5.0,1,38.6,31.53,False,False,False,False,False,False,True,False,False,True,False,False,False,False,False,False,False,False,True
1.11,0.37,0,13.0,4.08,0,20.8,7.91,True,False,False,False,False,True,False,True,False,False,False,True,False,False,False,False,True,False,True
1.43,1.11,0,1.6,3.82,0,52.1,13.38,False,True,False,False,False,False,True,False,False,False,False,False,True,False,False,False,False,False,True
1.45,0.59,0,1.8,4.44,0,71.9,7.75,True,False,False,False,False,False,False,False,False,False,False,False,True,False,False,True,False,True,False
2.72,4.21,4,1.6,3.8,0,25.0,47.11,False,False,False,False,True,False,False,False,False,False,False,False,True,False,False,True,False,False,True
4.85,0.5,1,0.1,4.07,0,65.1,27.47,False,True,False,False,False,False,False,False,False,False,False,True,False,False,False,True,False,True,False
2.08,3.02,0,0.0,3.72,0,65.7,23.66,False,False,False,True,False,False,False,False,False,False,False,False,True,False,False,False,True,True,False
7.3,1.45,0,0.1,3.63,0,53.4,42.99,False,False,True,False,False,False,False,False,True,True,False,False,False,False,False,True,False,False,True
1.0,3.76,0,2.1,4.34,0,39.7,13.93,False,True,False,False,False,True,True,False,False,False,False,False,False,True,False,True,False,True,False
3.99,0.89,0,0.1,4.31,0,69.2,24.89,True,False,False,False,False,True,False,False,True,True,False,False,False,False,False,True,False,True,False
9.72,2.54,0,0.4,4.83,0,76.2,48.46,False,False,False,False,True,False,False,True,False,False,False,False,False,False,False,True,False,False,True
3.91,2.41,0,1.1,4.5,0,78.7,27.91,False,True,False,False,False,True,True,False,False,False,False,False,False,False,False,True,False,True,False
9.2,2.39,1,5.4,4.64,1,59.4,47.22,True,False,False,True,False,False,True,False,False,False,False,False,False,False,True,True,False,False,False
2.42,1.14,1,4.0,4.24,0,46.5,31.51,False,False,True,False,False,False,False,True,False,False,False,True,False,False,False,False,True,False,True
10.97,3.73,0,4.9,4.48,1,97.9,61.88,False,False,True,False,False,False,True,False,False,False,False,False,False,False,False,True,False,False,True
7.36,3.38,0,0.0,4.65,0,47.1,27.54,False,True,False,False,False,False,False,False,True,False,False,False,False,False,True,False,False,False,True
3.15,2.82,1,0.1,4.05,1,93.0,22.77,True,False,False,False,False,False,True,False,False,False,False,False,False,False,False,True,False,True,False
4.45,1.71,1,4.1,4.12,0,82.1,31.25,False,True,False,True,False,False,False,True,False,False,False,False,False,False,True,True,False,False,False
5.13,3.33,2,3.3,3.86,1,47.8,38.9,True,False,False,False,False,True,False,False,False,False,False,True,False,False,False,True,False,False,False
6.26,0.43,0,1.5,4.23,0,76.2,42.96,False,True,False,False,True,False,False,False,False,False,False,False,False,True,False,False,True,False,True
5.26,6.63,0,5.1,4.82,0,97.2,24.63,False,True,False,False,False,False,False,True,False,True,False,False,False,False,False,True,False,False,True
7.37,5.14,0,7.4,4.23,1,88.5,52.5,False,False,False,True,False,False,True,False,False,False,True,False,False,False,False,False,True,True,False
4.76,0.68,1,3.1,4.78,1,59.6,38.99,False,False,False,False,False,False,False,False,False,False,False,False,False,False,False,False,True,False,False
6.01,1.6,1,4.1,4.33,0,63.7,24.76,True,False,False,False,False,False,False,False,True,False,False,True,False,False,False,False,False,True,False
3.91,8.64,2,8.1,4.59,0,28.9,45.13,False,False,True,False,False,True,False,False,True,False,False,False,False,False,False,False,False,False,False
0.79,0.57,0,4.0,3.07,0,58.1,22.5,False,False,False,False,False,True,True,False,False,True,False,False,False,False,False,True,False,False,True
1.6,3.12,0,1.9,4.37,1,42.0,15.76,False,True,False,False,False,False,False,False,False,False,False,True,False,False,False,False,True,True,False
3.82,0.62,0,0.9,4.56,0,69.4,47.37,False,False,True,False,True,False,False,False,True,True,False,False,False,False,False,False,True,True,False
7.0,5.0,0,2.3,4.22,1,76.9,36.82,False,True,False,False,False,False,False,False,False,True,False,False,False,False,False,False,True,True,False
8.23,0.58,2,2.8,4.44,1,13.5,43.7,True,False,False,False,False,False,True,False,False,False,False,True,False,False,False,True,False,True,False
5.6,8.85,0,3.8,4.29,0,67.9,39.26,False,False,False,False,False,True,False,False,False,True,False,False,False,False,False,True,False,True,False
3.91,5.62,0,2.1,4.28,0,89.0,25.04,False,True,False,True,False,False,False,True,False,True,False,False,False,False,False,False,True,False,True
4.66,1.57,1,4.5,4.36,0,36.3,24.51,False,True,False,False,False,False,False,False,False,False,True,False,False,False,False,False,False,True,False
6.66,0.25,2,0.7,4.63,1,95.4,49.97,False,False,False,False,False,False,False,False,False,True,False,False,False,False,False,False,True,False,False
9.39,1.78,0,1.6,4.34,1,98.9,62.36,False,False,False,False,False,False,False,False,False,False,True,False,False,False,False,False,True,True,False
10.18,0.88,0,3.6,4.32,1,38.5,58.9,False,False,False,False,False,True,True,False,False,False,False,False,False,True,False,False,True,False,True
5.85,2.95,2,4.4,4.04,0,39.4,45.25,False,False,False,False,True,False,False,False,True,True,False,False,False,False,False,True,False,False,False
2.81,0.52,1,0.8,4.51,0,94.0,28.79,False,False,False,False,False,True,False,True,False,False,False,False,False,False,True,True,False,True,False
2.58,2.69,0,5.7,3.81,1,49.6,21.16,False,True,False,False,False,False,True,False,False,False,False,False,True,False,False,False,True,True,False
1.66,2.63,1,1.8,4.24,0,35.2,12.62,True,False,False,False,False,False,False,False,True,True,False,False,False,False,False,False,False,True,False
2.94,7.64,0,3.5,4.36,0,77.1,23.19,True,False,False,False,False,False,False,True,False,False,False,True,False,False,False,False,True,True,False
1.88,8.33,2,3.6,4.42,1,68.0,40.35,False,False,True,False,False,False,True,False,False,False,False,False,False,False,False,False,True,True,False
5.74,2.13,0,5.6,4.58,0,36.4,23.85,True,False,False,False,True,False,False,True,False,False,False,False,False,False,False,False,False,True,False
1.1,1.82,1,2.3,4.31,1,65.7,13.62,True,False,False,True,False,False,False,False,False,False,False,False,False,True,False,True,False,True,False
9.15,0.54,0,3.6,4.65,0,74.3,47.7,False,True,False,False,True,False,False,True,False,False,False,False,False,True,False,False,True,False,True
4.71,0.68,0,1.6,4.89,1,73.9,21.72,True,False,False,False,False,False,True,False,False,False,True,False,False,False,False,True,False,False,True
1.47,1.33,2,6.8,5.0,0,88.0,18.37,False,True,False,False,False,False,False,False,True,True,False,False,False,False,False,True,False,True,False
7.31,1.38,1,0.8,4.43,1,28.9,46.75,False,False,False,False,False,False,True,False,False,False,True,False,False,False,False,True,False,True,False
9.89,2.72,1,0.0,4.24,0,55.0,45.8,True,False,False,False,False,False,False,False,True,False,False,False,False,False,True,False,True,True,False
3.54,0.84,1,2.6,4.53,1,57.4,32.86,False,True,False,False,False,True,False,False,False,False,False,True,False,False,False,False,True,False,True
2.94,1.47,1,0.3,3.9,1,95.2,26.21,True,False,False,False,False,False,False,False,False,False,False,False,True,False,False,True,False,False,True
1.06,3.59,1,0.2,4.12,0,22.2,23.05,False,False,False,False,False,False,False,False,True,True,False,False,False,False,False,False,True,False,False
11.02,0.95,2,0.4,3.99,0,21.6,54.57,False,False,False,False,False,False,False,True,False,False,False,True,False,False,False,True,False,False,False
4.53,3.3,0,2.6,4.59,0,23.6,30.83,False,True,False,True,False,False,False,False,False,False,False,True,False,False,False,True,False,True,False
1.73,1.5,2,0.8,3.93,0,28.8,25.47,True,False,False,False,True,False,False,True,False,False,False,False,False,True,False,True,False,True,False
1.17,0.49,2,0.1,4.85,1,34.4,29.98,True,False,False,False,False,True,False,False,False,False,False,True,False,False,False,True,False,True,False
3.39,0.94,0,4.2,4.11,0,50.4,29.58,False,False,False,False,False,True,True,False,False,False,True,False,False,False,False,True,False,True,False
2.56,1.82,0,0.0,4.14,0,67.1,13.8,True,False,False,False,False,False,False,True,False,False,False,False,False,False,False,True,False,False,True
5.36,0.9,0,2.5,4.92,0,11.5,42.94,False,False,False,False,False,True,False,True,False,False,False,False,False,False,True,False,True,True,False
2.84,1.03,0,2.3,4.1,0,23.7,27.86,False,False,False,False,True,False,False,False,False,False,False,True,False,False,False,True,False,True,False
2.83,1.55,1,3.6,4.23,1,70.6,32.74,False,False,False,False,False,False,True,False,False,False,False,True,False,False,False,False,False,True,False
4.96,1.45,1,6.8,4.23,0,70.5,34.55,True,False,False,False,True,False,False,True,False,False,False,False,False,True,False,False,True,False,False
8.95,4.46,2,0.8,3.85,0,73.9,43.31,True,False,False,True,False,False,False,False,True,False,False,False,False,False,False,False,True,False,True
3.12,0.52,0,1.6,4.82,0,78.0,18.43,True,False,False,False,False,False,False,True,False,False,False,False,False,False,True,True,False,True,False
6.39,0.9,2,5.1,3.85,0,65.9,37.05,False,True,False,False,False,False,False,False,True,False,False,False,False,True,False,False,True,False,True
10.13,1.56,0,1.0,4.09,0,91.8,45.61,False,True,False,False,False,True,False,False,True,False,False,False,False,True,False,False,True,False,True
2.23,3.94,1,0.1,3.77,0,83.4,38.4,False,False,True,False,False,True,False,False,False,True,False,False,False,False,False,False,True,True,False
1.63,0.75,0,0.7,4.48,1,75.3,19.31,False,True,False,False,False,False,False,False,False,False,False,False,False,True,False,False,True,True,False
7.73,1.36,0,5.2,4.69,1,69.0,50.87,False,False,False,False,False,False,False,False,False,False,True,False,False,False,False,False,True,False,True
7.87,0.97,0,0.9,3.86,0,94.0,42.89,False,False,False,False,False,True,False,False,False,False,False,False,True,False,False,True,False,True,False
1.24,0.41,1,8.4,4.51,0,72.9,10.24,False,True,False,False,False,False,False,False,True,True,False,False,False,False,False,False,True,False,True
3.46,0.43,0,0.5,4.56,1,85.5,31.02,False,False,False,False,False,False,False,False,False,False,False,True,False,False,False,False,True,False,False
2.22,2.26,0,0.8,4.3,0,40.8,16.35,True,False,False,False,False,True,False,True,False,False,False,True,False,False,False,False,True,False,True
2.44,0.26,0,1.1,3.91,0,28.1,25.65,False,True,False,False,False,True,False,False,False,False,False,False,True,False,False,False,True,False,True
4.52,1.56,0,5.4,4.45,0,68.5,32.98,False,False,False,True,False,False,False,True,False,False,False,False,False,False,False,False,True,True,False
3.32,0.58,1,0.0,3.27,0,98.5,30.25,False,True,False,False,False,False,False,False,False,False,False,False,False,False,True,False,True,False,True
3.15,1.79,1,1.5,4.82,1,60.6,27.91,True,False,False,False,False,False,True,False,False,False,True,False,False,False,False,False,True,False,True
9.07,3.99,0,1.9,3.78,0,22.3,42.16,False,True,False,False,False,False,False,True,False,False,False,False,False,False,False,False,True,False,True
1.85,0.26,0,0.6,3.82,1,72.6,29.8,False,False,False,False,False,False,False,False,False,False,True,False,False,False,False,False,True,False,True
6.12,0.77,1,2.7,3.29,1,76.1,35.42,False,True,False,False,False,False,True,False,False,True,False,False,False,False,False,False,False,False,True
2.9,0.7,1,0.6,4.42,0,15.7,37.18,False,False,False,True,False,False,False,True,False,True,False,False,False,False,False,False,False,True,False
1.55,0.45,0,0.4,4.28,0,22.5,19.71,False,False,False,False,False,False,False,True,False,False,False,True,False,False,False,False,True,False,True
1.7,2.47,3,1.7,4.68,0,36.5,31.02,True,False,False,False,False,True,False,False,True,False,False,False,False,False,True,False,True,False,False
1.81,1.71,0,3.1,4.73,0,68.1,8.16,True,False,False,False,False,False,False,False,True,False,False,False,True,False,False,False,False,True,False
7.29,0.56,0,0.5,4.45,0,47.2,39.08,False,True,False,False,False,False,False,False,False,True,False,False,False,False,False,False,True,True,False
3.44,2.21,0,0.1,3.97,0,76.6,21.49,True,False,False,False,False,True,False,False,False,True,False,False,False,False,False,False,False,False,True
7.31,4.4,1,0.1,4.69,0,40.7,34.53,False,True,False,False,False,False,False,False,True,False,True,False,False,False,False,True,False,False,True
4.56,10.12,0,0.3,4.87,1,37.9,48.18,False,False,False,True,False,False,False,False,False,False,False,False,False,False,True,False,True,False,True
8.4,1.79,0,4.0,4.02,0,42.9,35.56,False,True,False,False,False,True,True,False,False,True,False,False,False,False,False,False,False,True,False
2.33,4.45,1,0.2,3.77,0,72.7,22.22,False,True,False,False,False,False,False,True,False,False,True,False,False,False,False,False,True,True,False
2.11,1.8,2,1.1,3.66,0,78.8,16.51,True,False,False,False,False,False,False,True,False,False,False,False,False,True,False,False,True,False,True
2.98,0.7,0,0.6,3.59,0,76.3,16.9,False,True,False,False,False,False,True,False,False,False,False,False,False,True,False,True,False,False,True
3.7,0.73,1,1.5,5.0,1,46.4,43.66,False,False,False,False,False,False,False,False,False,False,False,False,False,False,True,False,True,False,True
4.17,0.52,0,0.0,4.14,0,94.2,18.61,True,False,False,False,False,False,False,True,False,False,False,True,False,False,False,False,True,False,True
3.87,1.19,1,0.7,3.65,1,64.7,32.19,False,False,False,False,False,False,False,False,False,False,False,False,False,False,True,False,True,False,True
1.72,0.44,0,0.2,4.25,0,57.7,12.12,True,False,False,False,False,False,False,True,False,False,False,True,False,False,False,False,True,True,False
1.01,2.78,1,2.9,4.28,1,50.1,22.29,False,True,False,False,False,False,False,False,False,True,False,False,False,False,False,True,False,False,True
2.13,1.49,0,3.0,4.41,0,85.5,31.51,False,False,False,False,True,False,False,True,False,False,False,False,True,False,False,True,False,True,False
4.24,5.62,1,5.0,4.18,0,70.8,34.51,False,False,True,False,False,False,False,True,False,False,True,False,False,False,False,False,False,True,False
6.43,3.48,0,0.3,4.11,1,15.6,48.86,False,False,False,False,False,False,True,False,False,False,False,False,True,False,False,False,True,True,False
6.5,0.53,0,3.6,4.07,0,13.2,42.6,True,False,False,False,True,False,True,False,False,False,True,False,False,False,False,False,True,True,False
1.67,5.25,1,3.5,4.32,1,90.3,32.75,False,False,True,False,False,False,False,False,False,False,False,False,False,False,True,False,False,False,False
2.52,1.52,0,0.2,4.47,1,28.9,34.31,False,True,False,False,True,False,True,False,False,False,False,False,False,False,False,False,True,True,False
1.98,1.27,0,0.8,4.26,1,90.1,18.07,True,False,False,False,False,False,True,False,False,False,False,False,True,False,False,False,True,True,False
2.87,1.22,1,7.6,3.76,0,57.4,16.63,True,False,False,False,False,False,False,False,False,False,False,False,False,False,True,True,False,False,True
1.54,1.49,0,4.5,3.57,0,12.9,13.03,True,False,False,False,False,True,False,False,False,False,False,False,False,False,True,False,True,True,False
2.48,1.03,0,0.5,3.88,1,20.5,16.3,True,False,False,False,False,False,True,False,False,False,False,False,True,False,False,True,False,False,False
2.0,0.64,0,2.2,4.22,0,57.2,24.39,False,True,False,False,True,False,False,True,False,False,True,False,False,False,False,False,False,True,False
4.06,1.5,0,5.8,4.7,1,70.1,33.08,False,False,True,False,False,False,True,False,False,False,False,False,False,False,False,False,False,True,False
3.36,5.05,0,3.5,4.97,0,93.8,27.16,False,True,False,False,False,True,False,False,True,True,False,False,False,False,False,False,True,False,False
5.94,1.91,0,0.3,4.38,0,67.4,40.7,False,False,True,False,False,False,True,False,False,False,True,False,False,False,False,True,False,True,False
6.54,0.25,0,4.1,4.35,0,77.5,36.05,False,False,False,False,False,False,True,False,False,True,False,False,False,False,False,True,False,False,True
8.75,2.9,0,1.5,4.26,1,18.7,55.02,False,True,False,False,False,True,True,False,False,False,False,False,False,False,True,False,True,True,False
7.31,0.34,0,0.3,4.36,1,87.0,42.94,True,False,False,False,False,True,True,False,False,False,False,True,False,False,False,False,True,False,True
3.21,5.01,0,3.9,4.79,1,91.3,18.18,True,False,False,False,False,False,False,False,False,False,False,True,False,False,False,False,False,True,False
5.03,0.9,2,0.5,3.91,0,25.6,38.39,True,False,False,False,True,False,False,False,False,False,False,False,True,False,False,False,False,False,True
14.36,2.6,0,3.3,4.07,0,39.1,67.79,False,False,False,False,True,False,False,False,False,False,False,True,False,False,False,True,False,False,False
6.99,1.91,1,3.9,4.16,1,29.6,36.65,False,True,False,False,False,False,True,False,False,False,False,False,False,True,False,False,False,False,False
3.9,0.39,1,3.9,4.32,1,80.9,39.18,False,False,False,False,False,False,False,False,False,True,False,False,False,False,False,False,True,False,True
4.13,6.72,1,1.6,4.46,1,92.2,49.76,False,False,True,True,False,False,True,False,False,False,False,True,False,False,False,True,False,True,False
3.55,0.68,0,3.0,3.7,0,32.7,22.49,True,False,False,False,False,False,False,True,False,False,False,False,False,False,True,False,True,True,False
1.76,1.38,0,11.5,4.42,0,22.3,14.01,True,False,False,False,True,False,False,True,False,True,False,False,False,False,False,False,True,False,True
2.83,1.13,3,4.4,4.59,1,20.2,41.2,False,False,True,False,False,False,False,False,False,False,False,False,False,True,False,False,False,True,False
8.92,1.76,1,0.9,4.23,0,71.4,44.25,True,False,False,False,False,True,False,False,False,False,False,False,False,False,False,True,False,True,False
4.07,7.56,0,0.5,4.39,0,39.2,35.44,False,True,False,False,True,False,True,False,False,False,False,False,True,False,False,False,True,True,False
1.64,1.71,0,1.4,4.45,0,41.1,15.05,False,True,False,False,False,False,True,False,False,False,False,False,False,False,True,False,True,False,False
4.81,0.55,1,3.8,4.11,0,80.8,52.36,False,False,True,False,False,False,True,False,False,False,False,False,False,True,False,False,True,True,False
4.77,0.61,1,0.7,4.22,0,69.9,43.34,False,False,True,False,False,False,True,False,False,False,False,False,False,True,False,True,False,False,True
10.98,0.34,0,1.4,4.13,1,45.2,36.28,True,False,False,False,False,False,False,False,False,False,True,False,False,False,False,False,False,False,True
2.32,1.22,1,0.7,5.0,0,99.0,25.68,False,True,False,False,False,False,False,False,False,False,True,False,False,False,False,True,False,True,False
10.37,11.31,0,0.5,3.91,1,89.7,56.75,False,True,False,False,False,False,False,False,False,False,False,False,False,False,False,False,True,False,False
9.27,3.31,0,1.2,4.41,0,85.7,44.45,False,True,False,False,False,False,True,False,False,False,False,True,False,False,False,False,True,True,False
3.58,1.62,1,0.1,3.8,0,78.3,33.05,False,True,False,False,False,True,True,False,False,False,False,True,False,False,False,False,True,True,False
2.57,4.61,1,2.1,3.95,0,74.8,26.72,False,True,False,False,False,True,False,False,False,False,False,False,False,False,False,True,False,False,True
9.62,6.87,3,1.9,4.14,1,71.6,70.81,False,True,False,False,True,False,True,False,False,True,False,False,False,False,False,True,False,False,True
2.5,1.02,0,1.2,5.0,0,87.7,25.95,True,False,False,False,False,True,False,False,False,False,False,False,True,False,False,False,True,True,False
2.72,1.03,0,0.6,4.19,1,48.3,24.54,False,True,False,False,False,False,False,False,False,False,False,False,True,False,False,True,False,False,True
2.99,1.31,0,0.2,4.26,0,94.5,18.54,False,True,False,False,False,False,False,False,True,False,True,False,False,False,False,False,False,False,True
5.17,2.37,0,0.1,4.0,0,66.0,34.5,False,True,False,False,True,False,False,True,False,False,False,False,False,False,True,False,True,True,False
1.83,2.22,0,1.4,4.91,0,93.7,10.58,False,True,False,True,False,False,False,True,False,False,False,True,False,False,False,False,False,False,True
5.21,0.97,1,0.4,3.72,1,53.1,37.0,False,True,False,False,False,False,False,False,False,False,True,False,False,False,False,False,True,False,True
5.78,0.88,0,0.7,4.23,1,19.6,26.89,True,False,False,False,False,False,False,False,False,False,False,False,True,False,False,False,True,False,True
1.41,2.4,1,0.2,4.43,1,96.5,26.3,False,False,False,False,False,False,True,False,False,False,False,False,False,True,False,True,False,False,True
8.17,0.24,0,0.2,3.97,0,43.0,32.31,True,False,False,False,False,False,False,False,True,True,False,False,False,False,False,True,False,False,True
5.18,4.4,2,2.5,4.5,0,16.8,53.85,False,False,True,False,True,False,False,False,True,False,False,False,False,False,False,False,True,True,False
7.21,6.24,2,2.0,4.32,0,41.5,48.54,False,False,True,False,False,False,False,True,False,False,False,False,False,False,False,True,False,True,False
3.8,1.69,2,1.3,4.1,1,56.9,34.72,False,True,False,False,False,False,False,False,False,False,False,False,False,False,False,False,True,True,False
2.43,1.1,1,0.3,3.99,0,93.7,13.91,True,False,False,False,False,False,True,False,False,False,False,False,False,False,False,True,False,False,True
2.37,3.07,2,5.8,4.83,1,64.0,33.67,False,True,False,False,False,True,False,False,False,False,False,False,False,False,False,False,True,True,False
5.66,0.66,0,6.0,4.2,0,19.2,36.82,False,False,False,False,False,False,False,True,False,False,True,False,False,False,False,False,True,True,False
5.2,0.77,1,1.6,3.92,0,21.2,26.41,True,False,False,False,False,False,False,False,False,False,False,True,False,False,False,True,False,False,True
3.16,0.98,0,3.5,3.86,1,14.3,33.47,False,True,False,False,True,False,False,False,False,False,False,False,False,True,False,False,True,False,False
0.71,1.87,1,2.5,3.74,0,53.0,23.24,False,False,False,False,False,False,False,False,False,False,False,False,False,False,True,False,True,False,True
8.82,3.96,0,0.6,3.94,0,20.4,50.83,False,True,False,True,False,False,False,False,False,False,False,False,False,True,False,False,True,True,False
10.0,0.48,0,0.6,3.9,1,51.7,61.41,False,True,False,False,False,True,True,False,False,True,False,False,False,False,False,False,True,False,True
1.57,3.42,0,0.7,4.47,1,73.9,40.31,False,False,True,False,True,False,False,False,False,False,False,False,False,True,False,False,True,True,False
8.63,3.42,0,2.6,4.26,0,13.8,41.67,False,True,False,False,True,False,True,False,False,False,False,False,False,False,False,False,False,True,False
1.26,3.39,1,2.8,4.52,1,41.2,32.58,False,True,False,False,False,True,True,False,False,False,False,False,False,True,False,True,False,False,False
3.89,1.57,2,0.1,3.73,0,50.5,26.88,False,True,False,False,False,False,False,False,False,False,False,False,False,True,False,False,True,False,True
12.67,3.01,0,0.2,4.23,0,25.7,61.3,False,False,True,False,True,False,False,False,False,False,False,False,False,False,True,False,False,True,False
2.12,0.89,2,0.4,4.9,0,91.5,37.87,False,False,False,False,False,True,False,True,False,False,False,True,False,False,False,False,True,False,True
1.77,2.1,1,0.3,4.63,0,62.8,33.56,False,False,False,False,False,True,False,True,False,False,False,False,False,False,False,False,False,True,False
6.63,4.51,1,1.1,4.58,0,50.4,43.14,False,True,False,False,False,True,False,False,False,False,False,False,False,False,True,False,True,False,True
2.86,0.95,0,2.0,3.54,0,45.3,37.45,False,False,True,False,False,True,False,False,True,True,False,False,False,False,False,False,True,True,False
2.54,4.46,2,2.0,5.0,0,23.3,15.09,True,False,False,False,False,False,False,True,False,False,False,True,False,False,False,False,True,False,False
7.23,2.01,0,1.8,4.36,0,81.9,32.94,False,False,False,False,False,False,True,False,False,False,False,False,False,False,True,False,False,False,True
1.65,1.79,0,7.3,4.33,0,32.8,11.62,False,True,False,False,False,False,False,False,True,False,False,True,False,False,False,False,True,False,True
3.25,4.0,0,1.8,4.07,1,89.2,22.53,True,False,False,False,False,False,False,False,False,False,True,False,False,False,False,False,True,False,False
14.14,0.35,0,1.6,4.3,0,61.1,54.9,True,False,False,False,False,False,False,False,True,False,False,False,False,False,False,False,True,True,False
0.8,1.4,0,1.3,4.2,1,12.2,13.53,False,True,False,False,False,False,False,False,False,False,False,True,False,False,False,False,True,True,False
1.43,2.5,0,1.4,4.1,1,78.3,16.18,False,True,False,False,False,False,True,False,False,True,False,False,False,False,False,True,False,True,False
4.02,0.22,2,1.3,3.91,0,29.4,33.33,True,False,False,False,False,False,True,False,False,False,False,False,False,False,True,True,False,True,False
1.77,4.13,2,1.6,3.88,0,83.7,28.25,False,False,False,False,False,False,False,False,False,False,False,False,False,False,True,True,False,True,False
5.12,1.27,0,2.7,4.34,1,39.3,34.99,False,True,False,False,False,True,True,False,False,False,False,True,False,False,False,True,False,True,False
5.95,3.07,0,1.2,3.25,1,86.2,36.13,False,False,False,False,False,False,False,False,False,False,False,True,False,False,False,True,False,True,False
2.72,3.26,3,1.0,4.09,0,94.7,41.57,False,False,True,False,False,False,False,False,True,False,False,True,False,False,False,False,True,False,True
5.38,0.9,0,0.2,4.81,0,35.0,31.58,True,False,False,False,False,True,False,False,False,False,False,False,False,False,False,False,True,True,False
7.42,0.3,1,1.1,4.55,1,93.3,34.08,True,False,False,False,False,False,False,False,False,False,False,False,False,True,False,True,False,True,False
2.9,1.04,0,4.4,3.79,0,65.4,31.35,False,False,False,True,False,False,False,True,False,False,False,True,False,False,False,True,False,False,True
4.63,1.57,0,1.5,3.76,1,67.7,28.96,False,True,False,False,False,False,True,False,False,False,False,False,False,False,False,False,True,False,False
3.04,3.89,0,1.3,4.01,1,84.7,20.04,True,False,False,False,False,False,True,False,False,False,False,False,False,True,False,True,False,True,False
7.53,1.02,0,2.2,4.32,0,53.4,37.68,False,True,False,False,False,True,False,True,False,False,False,True,False,False,False,True,False,True,False
12.44,4.21,0,0.4,4.54,0,24.2,52.7,False,False,False,False,False,False,True,False,False,True,False,False,False,False,False,True,False,True,False
11.69,0.89,0,0.1,4.45,1,50.7,45.25,True,False,False,False,False,False,True,False,False,False,False,False,False,False,False,True,False,False,True
6.13,1.88,1,1.4,4.5,0,13.3,26.55,True,False,False,False,False,False,False,False,True,False,True,False,False,False,False,False,False,False,True
2.38,5.6,0,0.8,4.42,1,54.5,30.73,False,False,False,False,False,True,True,False,False,False,False,False,False,False,False,True,False,False,False
2.49,0.83,1,0.4,4.34,0,76.1,30.94,False,False,False,True,False,False,False,True,False,False,False,False,True,False,False,True,False,False,True
4.08,0.62,0,0.3,4.9,0,34.1,24.84,False,True,False,False,False,False,False,True,False,False,False,True,False,False,False,True,False,False,True
2.04,0.27,0,6.5,3.44,1,34.0,26.29,False,False,False,False,False,False,False,False,False,False,False,False,False,True,False,False,True,True,False
3.2,2.46,0,1.9,3.37,0,98.7,35.17,False,False,False,False,False,True,False,True,False,False,False,False,False,False,True,False,True,True,False
9.14,0.95,0,0.9,3.94,0,97.9,49.98,False,False,False,False,False,False,False,False,False,False,False,False,False,False,False,False,True,False,True
2.0,2.38,0,4.2,4.77,1,47.1,37.23,False,False,False,False,False,True,False,False,False,False,False,False,False,True,False,False,True,True,False
5.22,0.23,0,1.5,4.29,0,95.8,28.15,False,True,False,False,False,False,False,False,False,True,False,False,False,False,False,False,True,False,True
3.78,10.45,0,3.4,4.57,0,85.4,45.65,False,False,True,False,True,False,False,False,True,False,False,False,False,False,True,True,False,False,True
8.8,2.33,1,1.8,4.3,1,42.9,52.76,False,False,False,False,False,False,False,False,False,False,False,False,True,False,False,False,True,True,False
2.94,3.66,1,1.6,4.32,0,28.1,24.74,False,True,False,False,False,False,False,True,False,False,True,False,False,False,False,True,False,False,False
5.98,4.98,0,2.5,4.54,1,91.2,43.37,False,False,False,False,False,True,False,False,False,False,False,True,False,False,False,False,False,False,False
8.19,1.93,0,1.7,4.45,0,22.3,47.24,False,False,True,False,False,False,False,False,False,False,False,False,False,False,False,True,False,False,True
6.41,0.31,0,0.8,4.71,0,69.6,37.59,False,True,False,False,False,False,False,True,False,False,True,False,False,False,False,True,False,True,False
4.33,0.79,1,1.2,4.09,0,97.7,42.56,False,False,False,False,True,False,False,False,True,False,False,False,True,False,False,False,True,True,False
3.73,0.89,1,3.0,3.99,0,88.7,27.49,False,False,False,False,False,False,False,True,False,False,False,False,False,False,True,True,False,False,True
1.82,0.32,0,2.6,3.22,1,48.8,31.87,False,False,False,False,True,False,False,False,False,False,True,False,False,False,False,True,False,True,False
3.41,2.58,0,0.1,4.27,0,29.4,26.04,False,True,False,True,False,False,False,True,False,False,False,False,False,False,False,False,True,True,False
8.99,1.57,0,0.0,4.25,1,58.1,54.8,False,False,False,False,False,False,True,False,False,False,False,False,True,False,False,False,True,False,True
2.12,1.88,1,2.3,5.0,1,58.0,30.71,False,False,False,False,False,False,False,False,False,False,False,False,True,False,False,False,True,True,False
2.24,0.85,0,0.3,4.25,0,65.6,21.92,False,True,False,False,False,False,True,False,False,False,False,False,False,False,True,False,True,True,False
5.41,1.51,0,8.8,4.77,0,84.4,22.97,False,True,False,False,False,False,False,False,True,False,False,False,False,True,False,True,False,True,False
4.85,2.11,0,0.9,3.66,0,87.6,25.59,True,False,False,True,False,False,False,True,False,False,True,False,False,False,False,False,True,True,False
2.09,2.21,1,4.5,4.64,1,55.1,36.93,False,False,False,False,False,True,False,False,False,True,False,False,False,False,False,False,True,False,True
2.68,4.15,0,0.6,4.55,0,88.5,31.34,False,False,False,False,False,True,False,True,False,False,False,False,True,False,False,False,True,False,True
1.57,2.99,0,2.6,4.04,1,87.9,20.59,False,False,False,False,False,False,False,False,False,False,False,True,False,False,False,False,False,False,True
1.87,1.55,1,0.0,4.0,0,20.4,22.5,False,False,False,False,False,False,False,False,False,True,False,False,False,False,False,False,True,False,False
7.57,2.1,0,0.5,3.96,1,35.9,41.95,False,False,False,True,False,False,True,False,False,True,False,False,False,False,False,True,False,False,True
9.03,1.15,1,2.0,4.04,0,40.4,39.52,False,True,False,False,True,False,True,False,False,False,False,False,False,False,False,False,False,False,True
3.39,0.27,0,0.9,4.14,0,15.9,19.85,True,False,False,False,True,False,False,False,True,False,False,False,True,False,False,False,False,True,False
1.77,6.2,0,5.0,4.29,1,76.0,12.03,True,False,False,False,False,False,False,False,False,False,False,False,False,False,True,False,True,False,True
4.26,1.54,0,2.2,4.45,1,34.8,30.58,True,False,False,False,False,False,False,False,False,False,False,False,False,False,True,True,False,False,True
1.12,1.15,0,0.1,4.31,0,96.9,16.54,False,True,False,False,False,True,False,True,False,False,False,True,False,False,False,False,True,False,True
3.23,6.93,0,0.5,5.0,0,61.2,26.88,True,False,False,False,False,True,False,True,False,False,False,False,False,False,True,False,True,False,True
4.56,1.36,2,6.1,4.11,0,23.5,27.11,True,False,False,True,False,False,False,False,True,False,False,False,False,True,False,True,False,False,True
3.72,0.47,1,1.4,4.47,0,91.2,27.0,False,True,False,False,False,False,False,True,False,True,False,False,False,False,False,False,True,False,True
3.02,0.37,1,4.0,3.71,1,78.4,21.63,True,False,False,False,False,False,False,False,False,False,False,True,False,False,False,True,False,True,False
6.03,1.15,2,0.5,4.85,0,21.0,51.48,False,False,False,False,False,True,False,True,False,False,False,False,False,False,False,False,True,False,True
6.15,1.46,0,3.6,3.79,0,32.8,34.08,False,True,False,False,False,False,True,False,False,False,False,False,False,False,True,False,True,True,False
1.56,0.82,0,1.7,4.34,1,37.0,35.58,False,True,False,False,True,False,False,False,False,False,False,False,True,False,False,True,False,False,True
5.12,1.94,0,1.8,4.33,0,75.4,29.04,True,False,False,False,False,True,False,True,False,True,False,False,False,False,False,False,True,False,True
5.3,0.64,2,2.8,4.93,1,80.8,43.51,False,True,False,False,True,False,False,False,False,False,False,False,False,False,True,True,False,False,False
4.49,1.04,0,1.0,4.69,0,95.8,22.74,False,True,False,False,False,False,False,False,True,False,False,False,False,True,False,True,False,False,True
2.19,1.64,1,0.8,4.63,0,34.1,33.83,False,False,True,False,False,True,False,False,True,True,False,False,False,False,False,False,False,False,True
3.54,1.09,0,3.3,4.65,1,71.0,30.25,False,False,False,False,False,False,False,False,False,False,False,False,False,True,False,True,False,True,False
3.74,1.61,0,2.6,4.95,1,39.7,26.44,False,False,False,False,False,False,False,False,False,False,False,False,True,False,False,False,True,False,True
8.29,1.12,0,0.4,4.13,1,29.6,38.4,True,False,False,False,False,False,True,False,False,False,False,False,True,False,False,True,False,False,True
4.96,0.78,0,2.1,4.43,0,71.6,37.59,False,True,False,False,False,True,False,False,True,False,False,False,True,False,False,False,True,True,False
0.71,0.28,0,1.0,4.42,1,75.9,21.9,False,False,False,True,False,False,True,False,False,False,True,False,False,False,False,True,False,False,True
4.1,0.59,1,0.2,3.26,0,27.9,18.14,True,False,False,False,False,False,False,True,False,False,False,False,False,True,False,True,False,True,False
4.03,0.35,0,5.5,3.45,0,56.0,22.87,False,True,False,False,False,False,False,True,False,False,False,True,False,False,False,True,False,False,True
5.25,0.49,0,3.5,4.45,0,78.4,25.31,False,False,False,False,False,False,False,False,True,False,False,False,False,False,True,False,False,False,True
0.72,3.99,0,0.3,4.06,0,86.1,20.66,False,True,False,False,True,False,False,True,False,False,False,False,False,True,False,False,True,True,False
9.52,0.56,0,0.0,4.71,0,83.6,49.44,False,True,False,False,False,True,False,True,False,False,False,False,False,False,False,False,True,True,False
4.15,0.61,0,3.5,4.39,0,96.4,21.25,False,True,False,False,False,False,True,False,False,False,False,False,True,False,False,True,False,True,False
5.09,1.18,0,4.3,4.17,1,68.0,33.64,False,True,False,False,False,False,True,False,False,True,False,False,False,False,False,False,True,False,True
11.92,3.2,1,0.7,4.84,0,28.2,60.68,False,False,False,False,True,False,True,False,False,False,False,False,False,True,False,True,False,True,False
2.37,3.6,0,0.0,4.69,0,51.1,25.07,True,False,False,False,False,True,False,False,True,False,False,False,False,True,False,False,True,True,False
2.76,1.42,0,1.1,3.79,0,46.8,24.31,False,True,False,False,False,False,False,False,True,False,False,True,False,False,False,False,True,True,False
3.07,1.7,1,0.2,4.73,0,65.3,41.16,False,False,True,False,False,True,False,False,True,True,False,False,False,False,False,False,True,False,False
12.31,4.63,1,0.0,4.51,0,79.5,59.83,True,False,False,False,False,True,False,False,True,False,False,False,False,True,False,False,True,True,False
2.51,0.75,0,0.0,5.0,1,80.4,13.47,True,False,False,False,False,False,True,False,False,True,False,False,False,False,False,True,False,True,False
3.3,1.9,1,6.4,4.52,0,93.7,23.88,False,True,False,False,False,False,False,False,False,False,False,False,True,False,False,True,False,False,True
5.12,0.44,0,1.1,4.63,0,51.8,27.32,False,True,False,False,False,False,False,True,False,False,False,True,False,False,False,True,False,False,True
2.99,2.34,0,3.0,4.7,1,23.8,27.69,False,False,False,False,False,False,False,False,False,False,True,False,False,False,False,False,True,False,False
7.89,0.64,0,7.5,4.26,0,77.2,39.82,False,True,False,False,False,True,False,False,False,False,True,False,False,False,False,False,True,False,False
5.43,0.84,2,0.2,3.9,0,40.5,40.55,False,True,False,False,False,True,False,True,False,False,False,False,False,True,False,True,False,False,False
9.23,2.35,0,4.9,4.9,1,57.5,40.18,True,False,False,False,False,True,True,False,False,False,False,False,True,False,False,True,False,False,False
8.97,0.76,0,2.5,3.87,0,68.6,36.84,False,False,False,False,False,False,False,False,False,False,False,True,False,False,False,False,False,False,True
3.42,10.32,2,4.2,4.21,1,66.1,47.28,False,False,False,False,True,False,True,False,False,False,False,False,False,False,True,False,True,True,False
5.06,4.23,0,1.4,3.86,0,33.8,30.11,False,False,False,False,False,False,False,False,True,False,False,True,False,False,False,True,False,True,False
4.96,2.6,1,7.3,3.56,0,78.9,27.0,False,False,False,False,False,False,False,False,True,False,False,False,True,False,False,True,False,True,False
5.55,1.6,0,5.6,4.34,0,34.9,33.42,False,True,False,False,True,False,False,True,False,False,False,False,True,False,False,True,False,True,False
2.89,1.42,0,3.1,4.44,0,78.7,32.58,False,False,False,False,False,True,False,True,False,False,False,False,False,False,True,False,True,True,False
7.78,1.81,1,6.3,4.69,0,45.1,34.26,True,False,False,False,False,False,False,True,False,False,False,True,False,False,False,True,False,True,False
1.71,1.48,0,4.7,3.84,0,42.8,21.3,False,True,False,False,False,True,False,True,False,False,True,False,False,False,False,False,True,False,True
5.49,3.06,1,2.8,4.28,0,47.2,54.39,False,False,True,False,True,False,True,False,False,False,False,False,True,False,False,False,True,False,True
1.58,0.76,1,2.3,5.0,1,83.0,23.64,True,False,False,True,False,False,False,False,False,True,False,False,False,False,False,False,True,False,True
5.3,7.76,0,0.2,3.8,1,34.3,41.09,False,False,False,False,False,True,False,False,False,True,False,False,False,False,False,True,False,False,True
9.98,2.48,1,5.4,4.44,0,85.1,40.93,True,False,False,False,False,False,False,True,False,False,False,False,False,True,False,False,True,False,True
3.11,0.37,1,1.7,4.11,0,74.9,31.83,False,False,True,False,False,False,True,False,False,False,False,False,False,True,False,True,False,False,True
2.59,2.31,0,0.0,4.76,0,47.7,20.77,False,True,False,False,False,False,True,False,False,False,False,False,False,False,False,True,False,False,True
4.98,2.8,1,1.1,4.53,0,67.5,36.04,False,True,False,False,False,True,True,False,False,True,False,False,False,False,False,False,True,False,True
2.11,2.54,1,1.5,4.18,0,30.8,35.45,False,False,True,False,False,False,False,False,False,False,False,True,False,False,False,False,True,True,False
3.4,11.31,2,1.5,4.17,0,89.9,27.57,True,False,False,False,False,False,False,False,False,False,True,False,False,False,False,False,False,False,True
5.85,4.14,0,3.4,4.8,0,96.7,25.6,False,True,False,False,False,False,True,False,False,False,False,False,False,False,False,False,True,True,False
5.3,4.67,0,1.7,3.73,0,81.9,20.16,False,True,False,False,False,False,False,False,False,False,False,False,False,True,False,True,False,False,True
6.14,0.56,1,8.7,4.53,0,11.6,25.21,True,False,False,False,False,False,False,True,False,False,False,False,False,False,False,False,True,True,False
2.77,1.36,3,1.8,3.89,1,54.1,22.54,True,False,False,False,False,False,True,False,False,True,False,False,False,False,False,False,False,True,False
5.63,1.93,4,0.3,4.5,0,96.3,37.99,False,True,False,False,False,False,False,True,False,False,False,False,True,False,False,True,False,False,True
9.17,5.04,0,3.3,4.19,1,60.2,52.33,True,False,False,True,False,False,True,False,False,False,True,False,False,False,False,False,True,False,True
5.27,2.4,0,0.4,4.25,0,46.1,33.88,False,False,False,False,False,False,False,False,False,False,False,False,False,True,False,False,True,True,False
4.44,1.55,0,3.2,4.73,1,98.5,35.14,False,True,False,False,False,True,True,False,False,False,False,False,True,False,False,False,True,False,False
4.7,1.82,0,4.0,4.5,0,66.2,22.3,True,False,False,True,False,False,True,False,False,False,False,True,False,False,False,True,False,False,True
4.86,1.05,0,2.2,5.0,0,58.4,33.82,False,False,True,False,False,False,True,False,False,True,False,False,False,False,False,True,False,False,True
7.03,2.91,1,1.8,3.97,0,26.3,46.04,False,False,False,False,False,False,False,False,False,False,False,False,False,True,False,False,True,False,True
0.96,2.13,2,3.8,4.28,0,78.2,29.14,False,False,True,False,False,False,False,False,False,False,False,False,False,True,False,False,True,False,True
6.03,0.69,1,4.4,3.8,0,17.6,27.91,True,False,False,True,False,False,True,False,False,False,True,False,False,False,False,False,False,True,False
6.09,0.36,1,1.7,4.57,1,25.9,56.06,False,False,True,False,False,False,True,False,False,False,False,True,False,False,False,True,False,True,False
5.33,3.12,0,6.4,4.45,0,44.4,24.53,True,False,False,False,False,False,False,False,False,False,False,True,False,False,False,False,True,False,False
12.69,0.8,0,0.2,4.27,1,79.4,63.02,False,True,False,True,False,False,True,False,False,False,False,False,False,True,False,False,True,False,True
5.93,1.78,0,0.9,3.98,0,13.8,29.99,False,True,False,False,False,False,False,True,False,False,False,False,True,False,False,False,True,True,False
4.81,2.98,0,1.0,4.63,1,35.6,41.86,False,True,False,False,True,False,False,False,False,False,False,False,False,False,True,False,True,False,False
8.23,0.46,0,2.2,4.75,0,71.5,30.15,False,True,False,False,False,False,True,False,False,False,True,False,False,False,False,True,False,True,False
2.96,1.01,1,1.8,4.1,0,68.3,35.75,False,False,False,False,False,True,False,False,True,False,False,True,False,False,False,True,False,False,False
2.8,2.02,0,1.5,4.9,0,24.5,16.57,True,False,False,False,False,False,False,True,False,False,True,False,False,False,False,False,True,True,False
2.7,0.38,0,1.5,4.18,0,97.3,16.1,True,False,False,False,False,False,False,False,True,False,False,False,False,False,True,False,True,True,False
1.17,3.82,2,2.4,4.79,1,29.0,34.79,True,False,False,False,False,True,False,False,False,False,False,False,False,False,False,False,False,False,True
1.86,2.44,1,0.5,4.51,0,32.2,17.21,True,False,False,False,False,True,True,False,False,False,False,True,False,False,False,False,True,True,False
0.93,2.33,0,1.0,4.06,0,33.2,5.43,True,False,False,False,False,False,False,False,False,True,False,False,False,False,False,False,True,True,False
1.65,5.86,2,0.2,4.02,1,16.7,28.04,False,True,False,False,False,False,False,False,False,False,True,False,False,False,False,False,True,True,False
6.98,6.5,0,5.1,5.0,1,30.6,46.49,False,False,False,False,True,False,False,False,False,True,False,False,False,False,False,True,False,False,True
8.92,3.55,0,2.6,4.58,1,65.0,43.91,False,False,False,False,False,False,True,False,False,False,False,False,False,True,False,False,False,True,False
4.1,0.79,1,3.9,4.4,0,99.3,33.31,False,False,False,False,False,False,False,True,False,False,False,True,False,False,False,True,False,True,False
3.51,1.57,1,6.5,5.0,0,75.9,35.16,False,False,False,False,False,True,False,True,False,False,False,False,False,True,False,False,True,True,False
4.27,1.31,2,0.8,3.64,0,24.8,39.96,False,True,False,False,True,False,False,True,False,False,False,False,False,False,False,True,False,True,False
5.78,1.26,2,3.6,3.89,0,75.4,41.26,False,False,True,False,False,False,False,True,False,False,False,False,False,False,True,True,False,False,True
2.94,0.43,3,6.2,4.56,0,31.2,24.66,True,False,False,False,False,False,False,False,True,False,False,False,False,False,True,False,True,False,True
5.2,4.02,3,0.9,3.94,0,56.2,45.73,False,False,False,False,True,False,True,False,False,False,False,False,False,True,False,True,False,False,True
3.06,1.64,1,1.7,3.62,1,86.1,32.34,True,False,False,True,False,False,True,False,False,False,False,False,False,False,False,False,True,False,True
0.96,2.02,1,7.9,4.3,0,56.3,14.45,False,True,False,True,False,False,False,True,False,False,False,False,False,False,True,False,True,True,False
2.59,0.21,0,1.4,3.71,0,53.4,19.09,False,True,False,False,False,False,False,False,True,False,True,False,False,False,False,False,True,False,True
6.39,2.37,0,1.6,4.05,1,13.9,35.82,False,True,False,False,True,False,False,False,False,False,True,False,False,False,False,False,False,False,False
3.47,2.41,0,4.7,4.7,1,85.5,30.99,False,True,False,False,False,True,False,False,False,False,True,False,False,False,False,True,False,False,True
6.07,2.89,0,0.3,4.11,1,17.5,48.86,False,False,False,True,False,False,False,False,False,False,False,True,False,False,False,False,True,True,False
1.8,1.29,0,0.2,4.18,0,36.8,14.25,False,True,False,False,False,False,False,False,False,False,False,False,True,False,False,True,False,False,True
5.37,0.37,0,4.7,4.01,0,72.6,47.07,False,False,True,False,True,False,False,False,False,True,False,False,False,False,False,False,True,False,False
5.81,2.03,2,0.9,4.68,0,55.9,49.71,False,True,False,False,False,True,False,False,False,True,False,False,False,False,False,True,False,True,False
3.68,0.99,0,0.4,3.82,0,24.2,20.45,True,False,False,False,False,False,False,False,False,True,False,False,False,False,False,False,True,False,True
8.52,3.9,2,2.1,4.03,0,55.7,56.43,False,True,False,False,False,True,True,False,False,False,False,True,False,False,False,False,True,True,False
4.87,0.76,1,3.9,4.21,0,55.6,29.15,True,False,False,False,False,True,True,False,False,False,True,False,False,False,False,True,False,False,True
1.93,2.01,0,1.5,4.61,0,71.7,18.08,False,False,False,False,False,False,False,False,True,False,False,False,False,False,False,False,True,False,True
3.53,0.52,1,1.2,4.97,0,86.1,28.76,True,False,False,False,True,False,True,False,False,True,False,False,False,False,False,True,False,False,True
2.18,1.43,1,4.1,4.52,0,74.2,29.9,False,False,False,False,False,True,False,False,False,False,False,False,False,True,False,True,False,False,False
2.04,0.84,2,1.4,4.2,0,84.1,21.68,True,False,False,False,False,False,False,False,False,False,False,False,False,False,True,True,False,False,True
4.43,0.45,2,6.1,4.92,0,89.0,30.72,False,True,False,False,False,False,False,False,False,False,True,False,False,False,False,False,True,True,False
1.06,3.43,2,4.3,5.0,1,53.7,28.4,False,True,False,False,False,False,True,False,False,False,False,False,False,False,True,False,True,True,False
2.19,0.74,2,2.7,5.0,0,32.9,25.47,True,False,False,False,False,False,False,True,False,False,True,False,False,False,False,False,True,False,True
2.22,1.06,0,0.4,4.0,0,19.2,18.34,False,True,False,False,False,False,False,True,False,True,False,False,False,False,False,False,True,False,True
2.4,1.41,0,3.3,4.42,0,46.3,26.65,False,False,False,False,False,True,False,True,False,False,False,True,False,False,False,False,True,False,False
3.02,0.47,0,0.8,4.3,1,53.0,21.8,True,False,False,False,False,False,False,False,False,False,False,True,False,False,False,True,False,False,False
4.56,0.78,0,0.7,4.01,0,32.7,36.98,False,False,False,False,False,True,False,False,False,False,False,False,False,True,False,False,True,False,True
7.33,5.37,2,2.2,4.49,1,86.5,51.86,False,True,False,False,False,False,False,False,False,False,True,False,False,False,False,False,True,True,False
1.88,2.17,0,5.7,4.68,0,26.7,19.95,False,True,False,True,False,False,False,False,True,False,False,True,False,False,False,False,True,True,False
10.29,1.21,1,1.6,4.7,0,51.4,46.65,False,True,False,False,False,False,False,False,False,False,False,True,False,False,False,True,False,True,False
3.32,3.13,1,0.1,4.77,0,51.2,25.58,True,False,False,False,True,False,False,False,False,False,False,False,True,False,False,False,True,True,False
2.35,0.25,1,6.5,4.46,1,29.0,25.89,False,False,False,False,False,False,True,False,False,False,False,True,False,False,False,True,False,False,True
2.24,10.02,0,1.3,4.56,0,20.9,39.14,False,False,True,False,False,True,True,False,False,False,False,True,False,False,False,False,True,False,False
2.78,0.73,0,1.3,3.49,0,26.2,32.96,False,False,True,True,False,False,False,False,True,False,False,True,False,False,False,True,False,True,False
3.92,2.87,0,0.6,4.55,1,82.9,37.27,False,False,True,True,False,False,True,False,False,False,True,False,False,False,False,False,True,False,False
4.37,1.29,0,0.5,3.73,0,87.0,22.07,True,False,False,False,False,False,False,False,True,False,False,True,False,False,False,False,True,False,True
2.81,1.48,0,0.6,4.09,0,13.4,9.21,True,False,False,False,False,False,False,False,False,False,False,False,False,True,False,False,False,True,False
2.17,0.74,4,14.4,4.91,0,26.5,25.36,False,True,False,False,False,False,False,True,False,True,False,False,False,False,False,False,True,True,False
1.82,1.27,0,1.3,4.21,1,62.3,15.89,True,False,False,False,False,False,True,False,False,False,False,False,False,True,False,False,True,True,False
5.03,1.47,0,6.9,4.14,1,88.3,51.24,False,False,True,False,False,False,True,False,False,False,False,False,False,False,True,False,True,False,True
1.13,2.29,0,6.0,4.28,0,49.1,5.0,True,False,False,False,False,False,False,False,True,False,False,False,False,False,False,True,False,False,True
6.1,0.92,0,2.7,4.73,1,76.4,42.56,False,False,False,False,False,True,False,False,False,False,False,False,False,False,False,True,False,True,False
3.38,1.98,1,5.3,4.45,0,34.9,27.82,False,True,False,False,False,True,False,False,False,False,False,False,False,False,False,True,False,False,True
6.71,0.82,1,1.7,4.52,0,76.7,36.03,False,True,False,False,False,False,True,False,False,False,False,False,False,True,False,True,False,True,False
2.95,2.82,0,2.8,4.97,0,47.6,23.84,False,True,False,False,False,True,False,True,False,False,False,True,False,False,False,True,False,True,False
5.51,11.19,0,1.9,4.28,0,52.7,32.36,True,False,False,False,False,False,False,False,True,True,False,False,False,False,False,False,True,False,False
2.69,0.81,0,2.0,4.46,1,74.6,13.98,True,False,False,False,False,False,True,False,False,False,False,False,False,False,False,True,False,True,False
0.86,1.54,0,1.7,4.28,0,91.1,26.56,False,False,True,False,False,False,False,False,True,False,False,True,False,False,False,True,False,True,False
3.01,7.02,0,5.3,3.91,0,72.8,22.34,False,True,False,True,False,False,False,True,False,False,False,False,False,True,False,True,False,False,True
7.18,0.9,1,0.8,4.62,0,16.3,49.75,False,False,False,False,False,True,True,False,False,True,False,False,False,False,False,True,False,True,False
5.59,0.84,0,0.2,3.97,0,75.0,22.77,False,True,False,False,False,False,False,True,False,False,False,False,False,True,False,False,True,False,True
1.88,1.86,3,2.7,4.27,1,24.3,39.18,False,False,False,False,False,True,False,False,False,False,False,False,True,False,False,False,True,False,True
1.7,3.2,1,1.7,4.13,1,13.5,27.5,False,False,False,False,False,False,True,False,False,False,False,False,False,True,False,False,True,True,False
3.31,2.08,0,2.5,4.76,1,46.1,38.49,False,False,True,False,False,False,False,False,False,False,False,True,False,False,False,True,False,True,False
2.49,1.9,1,3.1,3.96,0,76.5,22.29,True,False,False,False,False,False,False,True,False,False,False,False,False,True,False,False,True,False,False
2.67,1.11,1,0.4,4.11,1,26.9,27.5,False,True,False,False,False,False,False,False,False,False,False,False,False,False,False,False,True,True,False
6.21,8.15,1,1.0,4.3,0,64.2,27.41,True,False,False,False,False,False,False,False,False,False,False,False,True,False,False,False,True,True,False
1.82,1.86,1,3.3,3.98,0,23.0,20.28,False,True,False,True,False,False,False,False,False,False,True,False,False,False,False,False,True,False,False
6.89,8.86,0,0.4,3.94,0,84.1,38.27,False,False,False,False,False,False,False,True,False,True,False,False,False,False,False,True,False,False,True
6.88,0.34,0,1.1,5.0,0,40.6,31.07,True,False,False,False,False,False,False,False,True,True,False,False,False,False,False,True,False,False,False
2.57,0.71,1,0.1,3.91,1,29.3,34.29,False,False,False,False,False,False,True,False,False,True,False,False,False,False,False,False,True,False,True
6.88,0.53,1,1.8,3.67,1,76.5,43.55,False,True,False,True,False,False,True,False,False,False,False,False,False,True,False,True,False,False,True
2.94,2.31,0,0.4,4.22,0,62.8,24.09,False,False,False,False,False,False,False,False,True,False,False,True,False,False,False,False,True,False,True
5.39,0.49,2,0.1,4.06,1,94.7,50.62,False,False,False,False,False,True,False,False,False,False,True,False,False,False,False,False,True,False,False
2.86,0.71,0,1.9,4.98,1,62.7,21.68,True,False,False,False,False,False,False,False,False,False,False,False,False,False,False,False,True,True,False
2.43,3.38,2,0.3,4.33,1,39.2,37.77,False,False,False,False,False,False,False,False,False,False,False,False,False,True,False,True,False,False,False
3.11,2.13,0,0.1,4.27,0,35.0,26.64,False,True,False,True,False,False,False,False,False,False,True,False,False,False,False,False,True,False,True
5.88,4.7,1,0.2,4.15,1,33.0,40.64,False,True,False,False,False,True,False,False,False,False,False,False,False,False,True,True,False,False,True
3.67,0.67,0,4.1,4.63,1,21.4,31.71,False,True,False,False,False,False,False,False,False,False,True,False,False,False,False,False,True,True,False
6.97,0.83,1,2.4,3.65,0,17.0,34.77,True,False,False,False,False,False,False,False,True,True,False,False,False,False,False,False,True,False,True
2.69,0.5,3,1.4,4.21,0,95.6,38.14,False,False,False,True,False,False,False,True,False,False,False,False,False,True,False,False,True,False,True
5.79,5.37,1,0.7,3.71,1,88.4,37.12,True,False,False,False,False,False,True,False,False,False,True,False,False,False,False,False,True,True,False
1.4,0.68,0,0.7,4.09,0,82.5,26.74,False,False,True,False,False,True,True,False,False,False,False,True,False,False,False,False,False,True,False
4.6,1.85,1,1.9,5.0,0,90.6,30.36,True,False,False,False,True,False,True,False,False,False,False,False,True,False,False,True,False,False,True
0.97,1.81,0,5.9,4.03,0,13.7,17.66,False,True,False,False,False,True,False,False,False,False,False,False,False,False,False,True,False,False,True
4.11,0.22,0,1.0,4.55,0,58.1,16.43,True,False,False,False,False,True,True,False,False,False,True,False,False,False,False,False,True,True,False
3.94,3.83,0,4.2,5.0,0,79.9,19.16,True,False,False,False,False,True,False,False,True,False,False,False,False,False,True,False,False,True,False
4.61,0.81,1,3.8,4.08,0,74.8,32.08,False,True,False,False,True,False,False,True,False,False,False,False,False,False,True,False,True,True,False
9.3,4.0,0,0.7,4.03,0,23.5,35.19,True,False,False,False,False,False,True,False,False,False,False,False,False,False,False,True,False,False,True
7.01,8.88,0,2.4,3.98,0,29.5,41.29,False,False,False,False,False,False,True,False,False,False,True,False,False,False,False,True,False,True,False
3.16,3.72,1,1.2,4.76,0,39.4,27.75,False,True,False,False,False,False,False,False,True,False,False,False,False,True,False,False,True,True,False
4.25,3.31,0,1.8,4.35,0,69.2,27.67,False,False,False,False,False,False,True,False,False,False,False,False,True,False,False,True,False,True,False
4.7,2.1,0,1.9,4.81,0,54.9,27.35,False,True,False,True,False,False,True,False,False,True,False,False,False,False,False,True,False,True,False
2.39,7.35,1,0.7,4.11,0,83.4,22.93,True,False,False,False,False,False,False,False,True,False,False,False,False,False,True,False,True,True,False
1.84,0.46,1,2.7,4.2,1,24.7,36.36,False,False,False,False,False,True,False,False,False,False,False,False,False,False,False,True,False,False,True
3.69,3.3,2,0.6,4.26,0,77.7,22.99,False,True,False,False,False,False,False,True,False,False,False,True,False,False,False,True,False,False,True
19.59,1.39,2,1.7,4.13,1,45.9,68.4,True,False,False,False,False,False,False,False,False,True,False,False,False,False,False,False,False,False,True
1.07,1.36,0,0.5,3.97,1,20.2,19.27,False,True,False,False,False,False,True,False,False,False,False,False,False,False,False,False,True,True,False
12.59,2.1,0,4.4,4.61,0,64.9,57.27,False,True,False,True,False,False,False,True,False,False,False,False,False,False,True,False,True,True,False
2.36,0.21,2,2.1,4.65,1,68.2,29.42,False,True,False,False,False,False,False,False,False,False,False,False,False,True,False,False,True,False,True
2.05,2.17,0,12.4,4.5,1,21.2,17.85,True,False,False,False,False,False,True,False,False,False,False,False,False,False,True,True,False,False,True
1.25,1.23,1,0.8,4.01,0,10.2,26.04,False,False,False,False,False,False,False,False,True,False,True,False,False,False,False,True,False,False,True
8.87,2.33,1,4.7,5.0,0,59.5,34.81,False,True,False,False,False,False,False,False,True,True,False,False,False,False,False,False,False,False,True
3.77,2.93,1,1.9,4.18,1,72.8,25.57,False,True,False,False,False,False,False,False,False,True,False,False,False,False,False,False,False,True,False
5.12,1.53,0,0.9,4.0,1,49.5,29.42,True,False,False,False,False,False,True,False,False,False,False,False,False,True,False,True,False,True,False
2.37,7.2,0,1.5,4.29,1,47.2,31.29,False,False,False,False,False,True,True,False,False,False,False,True,False,False,False,True,False,True,False
2.59,2.51,0,0.4,4.24,1,67.1,30.3,False,False,False,False,False,False,False,False,False,True,False,False,False,False,False,False,False,True,False
5.87,1.27,1,2.7,4.14,1,19.5,60.66,False,False,True,False,True,False,True,False,False,False,False,False,True,False,False,False,True,True,False
3.67,2.01,0,5.5,4.14,0,87.0,19.37,True,False,False,False,False,False,False,True,False,False,True,False,False,False,False,False,True,True,False
4.24,0.91,1,4.5,4.45,0,15.6,26.47,False,False,False,False,False,False,False,True,False,True,False,False,False,False,False,True,False,True,False
10.8,3.04,1,0.8,4.3,1,10.3,51.21,False,True,False,False,False,True,True,False,False,False,False,False,True,False,False,True,False,False,True
2.1,2.3,0,2.1,4.39,0,58.3,18.37,False,False,False,False,False,False,False,False,True,True,False,False,False,False,False,False,False,False,False
3.28,0.48,2,1.3,4.29,0,46.1,29.48,False,True,False,False,False,True,False,True,False,False,True,False,False,False,False,False,False,False,False
3.42,3.26,0,0.8,3.94,0,57.5,23.88,False,True,False,False,False,True,False,False,True,False,False,False,False,False,False,False,True,False,True
1.57,1.89,0,0.6,4.61,0,66.2,19.11,False,True,False,False,False,False,False,False,True,False,False,False,False,False,True,True,False,False,True
5.3,2.57,2,2.7,4.47,1,91.1,29.34,True,False,False,False,False,False,False,False,False,False,False,False,False,False,False,False,True,False,True
5.62,0.26,0,2.1,4.22,0,47.5,28.93,False,True,False,False,False,False,False,False,True,False,False,False,False,True,False,False,True,True,False
1.53,0.44,1,2.9,3.9,0,99.9,14.45,True,False,False,True,False,False,False,False,False,False,False,False,False,False,False,False,True,False,True
2.96,3.65,1,0.1,4.17,1,63.3,27.36,False,True,False,False,False,False,False,False,False,True,False,False,False,False,False,False,True,False,True
1.88,2.02,0,4.2,4.46,1,34.8,20.77,True,False,False,True,False,False,True,False,False,False,False,False,True,False,False,True,False,False,True
2.6,0.78,1,1.8,4.23,0,80.4,22.94,True,False,False,False,False,True,False,True,False,False,False,False,False,True,False,True,False,False,False
4.76,3.34,0,2.4,4.75,0,88.9,19.33,True,False,False,False,False,False,False,False,True,False,False,False,False,False,False,False,True,True,False
1.07,0.75,0,6.1,4.27,0,87.7,13.56,False,True,False,False,False,True,False,False,False,False,False,False,True,False,False,True,False,True,False
4.55,0.5,1,4.6,4.46,0,83.7,21.32,True,False,False,False,False,False,True,False,False,False,False,True,False,False,False,True,False,True,False
3.01,0.72,0,1.0,4.41,0,96.4,40.98,False,False,False,False,False,True,False,False,True,False,True,False,False,False,False,False,True,False,True
3.7,0.65,1,1.3,4.86,0,68.0,19.8,True,False,False,False,False,False,False,False,True,False,False,False,False,True,False,False,False,True,False
3.69,0.76,0,0.1,4.67,1,21.2,25.56,False,True,False,False,False,False,False,False,False,False,False,False,True,False,False,False,True,False,True
6.54,10.48,0,0.0,3.92,1,18.9,38.82,True,False,False,True,False,False,False,False,False,False,True,False,False,False,False,False,False,False,True
3.26,0.95,0,0.5,4.76,1,50.4,35.24,False,False,True,False,False,False,False,False,False,False,True,False,False,False,False,False,True,True,False
2.72,1.93,0,0.2,5.0,0,22.6,30.59,False,False,True,False,False,False,False,False,False,False,False,True,False,False,False,False,True,True,False
2.73,4.91,1,0.7,4.46,1,54.9,32.1,False,True,False,False,True,False,True,False,False,False,False,False,False,True,False,True,False,True,False
7.41,1.5,1,1.5,5.0,1,77.3,47.87,False,True,False,False,False,False,False,False,False,False,False,True,False,False,False,False,True,True,False
3.24,1.15,0,5.3,4.76,0,92.6,16.07,True,False,False,True,False,False,False,False,True,False,False,True,False,False,False,True,False,False,True
3.66,3.57,1,5.3,4.66,0,77.8,27.44,False,False,False,False,False,False,False,False,False,False,False,False,False,False,True,False,True,True,False
4.65,3.9,0,1.9,4.02,0,33.1,26.29,True,False,False,False,False,True,False,True,False,False,False,False,False,False,False,True,False,True,False
2.49,0.28,0,0.3,4.29,0,86.7,21.72,False,True,False,False,False,False,True,False,False,False,True,False,False,False,False,False,True,False,True
2.79,1.61,0,3.7,4.31,0,11.0,20.87,False,True,False,True,False,False,False,False,False,False,False,False,False,True,False,False,True,False,True
8.46,3.16,0,0.3,4.38,0,44.1,38.92,False,True,False,False,False,False,False,True,False,False,True,False,False,False,False,False,True,False,True
2.65,0.27,0,2.1,5.0,0,58.5,21.02,False,False,False,False,False,False,False,True,False,False,False,False,True,False,False,False,True,True,False
6.07,5.7,0,6.0,4.61,1,32.0,36.22,False,True,False,False,False,True,True,False,False,False,False,False,False,False,False,True,False,False,True
4.42,2.92,0,0.5,3.73,0,77.6,19.15,True,False,False,False,False,False,True,False,False,False,False,False,False,False,False,False,True,True,False
5.23,1.94,1,6.0,4.63,1,41.4,46.15,False,False,False,False,False,False,True,False,False,False,True,False,False,False,False,False,True,False,True
4.67,0.92,0,1.3,4.09,1,62.4,30.46,True,False,False,False,False,True,True,False,False,True,False,False,False,False,False,True,False,False,False
7.45,0.24,0,4.1,4.04,0,70.5,33.72,False,False,False,False,False,False,False,True,False,False,True,False,False,False,False,False,False,False,True
3.51,2.82,1,0.3,3.89,1,93.4,37.05,False,True,False,False,False,True,True,False,False,False,False,False,False,True,False,False,True,False,True
5.86,0.28,2,0.4,4.16,0,47.6,47.43,False,True,False,False,True,False,False,False,True,False,False,False,False,False,False,True,False,False,True
4.25,0.32,0,1.9,4.31,1,82.7,26.14,True,False,False,False,False,False,False,False,False,False,False,True,False,False,False,False,True,False,True
6.19,5.66,0,3.7,4.11,1,73.4,42.57,False,False,False,False,False,False,True,False,False,False,False,False,True,False,False,False,True,False,True
2.89,2.65,0,0.9,4.18,0,87.0,22.77,True,False,False,True,False,False,False,True,False,True,False,False,False,False,False,True,False,False,True
5.31,1.77,0,0.2,4.05,0,80.4,30.67,False,True,False,False,False,True,False,False,False,False,False,False,False,True,False,False,True,False,True
3.78,1.34,0,0.1,4.0,0,30.6,18.81,False,True,False,False,False,False,False,True,False,False,True,False,False,False,False,True,False,False,True
1.58,0.9,0,2.2,4.85,1,84.4,18.0,False,True,False,False,False,False,False,False,False,False,False,False,True,False,False,True,False,False,False
6.98,0.65,1,3.0,3.54,1,51.5,43.81,True,False,False,False,True,False,False,False,False,False,False,False,True,False,False,True,False,False,False
2.81,0.97,1,0.6,3.55,0,74.6,22.47,False,True,False,False,False,False,False,True,False,False,True,False,False,False,False,True,False,False,False
8.15,3.05,0,0.5,4.2,0,81.0,48.35,False,False,True,False,False,False,False,True,False,False,False,True,False,False,False,True,False,True,False
1.9,0.81,0,1.0,4.0,1,32.7,33.75,False,False,True,False,False,False,True,False,False,False,False,False,True,False,False,True,False,True,False
2.52,2.02,2,1.4,4.19,0,63.2,20.55,True,False,False,False,False,False,False,True,False,False,False,False,False,True,False,True,False,True,False
1.35,0.93,0,1.2,4.14,0,43.6,25.58,False,True,False,False,False,True,False,False,False,False,False,False,False,False,True,False,True,False,True
2.48,2.6,1,4.4,4.48,1,79.3,26.74,True,False,False,True,False,False,True,False,False,True,False,False,False,False,False,False,True,True,False
3.41,3.26,0,4.5,4.22,0,50.8,23.77,False,True,False,False,False,False,False,True,False,False,False,True,False,False,False,False,True,True,False
2.34,0.65,0,0.5,4.31,0,93.0,14.57,True,False,False,False,False,False,True,False,False,False,True,False,False,False,False,True,False,True,False
2.5,1.24,0,1.3,4.25,0,30.5,15.7,False,False,False,False,False,False,False,False,True,False,False,False,True,False,False,False,True,False,True
5.17,0.27,0,0.5,4.1,0,77.7,24.21,False,True,False,False,False,False,False,False,True,False,True,False,False,False,False,True,False,False,True
10.33,0.69,2,1.8,3.6,1,61.0,67.14,False,False,False,False,False,True,True,False,False,False,True,False,False,False,False,False,True,False,False
4.61,1.38,0,1.0,3.52,0,50.2,22.0,False,True,False,False,False,False,False,False,False,False,True,False,False,False,False,True,False,False,False
6.0,8.88,0,2.4,4.18,0,20.2,31.03,True,False,False,False,True,False,False,False,True,False,True,False,False,False,False,True,False,True,False
1.61,7.5,0,0.6,4.21,1,93.3,22.84,False,True,False,False,False,True,True,False,False,False,True,False,False,False,False,False,True,False,False
3.59,2.19,0,0.5,4.22,0,90.6,21.52,True,False,False,False,False,True,False,False,True,False,False,False,False,False,False,True,False,False,True
6.68,1.58,1,1.9,4.58,1,61.8,44.7,True,False,False,False,True,False,False,False,False,False,False,False,True,False,False,False,True,True,False
3.02,5.35,0,0.9,4.36,0,44.4,29.95,False,False,False,True,False,False,False,False,True,False,True,False,False,False,False,False,True,False,True
5.81,7.09,2,1.6,4.54,1,32.2,52.2,False,False,False,False,False,True,False,False,False,False,False,False,False,False,False,False,True,False,True
5.27,0.78,0,3.5,5.0,1,46.9,36.45,False,False,True,False,False,False,True,False,False,False,False,True,False,False,False,True,False,True,False
6.3,4.02,0,0.0,3.97,0,14.6,33.92,True,False,False,False,False,False,False,False,True,False,False,True,False,False,False,False,True,True,False
1.88,0.58,0,1.4,5.0,0,72.2,15.71,True,False,False,False,False,True,False,True,False,False,False,False,False,False,False,False,True,True,False
3.12,1.2,2,0.5,3.47,1,47.0,44.52,False,False,True,False,False,False,True,False,False,False,False,False,False,True,False,False,True,True,False
1.34,1.84,1,4.7,4.15,1,60.9,20.98,False,True,False,False,False,False,False,False,False,False,False,False,True,False,False,False,True,False,True
1.73,4.58,0,4.2,5.0,0,77.0,20.21,False,False,False,False,False,False,True,False,False,False,True,False,False,False,False,False,True,False,True
3.69,0.8,0,1.1,4.26,0,78.9,23.3,False,True,False,False,False,False,False,True,False,False,True,False,False,False,False,False,True,True,False
1.88,0.43,0,0.5,4.81,1,94.9,21.75,False,True,False,False,False,False,False,False,False,True,False,False,False,False,False,False,False,True,False
2.47,1.62,0,5.6,4.38,0,60.4,34.33,False,False,False,False,True,False,False,True,False,True,False,False,False,False,False,False,True,True,False
5.03,3.08,1,1.2,4.84,1,57.2,27.72,True,False,False,False,False,False,False,False,False,False,False,False,False,False,True,True,False,True,False
3.51,7.56,1,1.9,4.38,1,39.4,26.89,True,False,False,False,False,False,False,False,False,True,False,False,False,False,False,False,True,True,False
1.9,1.61,0,0.5,4.05,0,21.5,18.9,True,False,False,True,False,False,False,False,True,False,False,False,False,False,False,False,True,False,True
3.1,2.58,0,10.0,3.78,0,61.7,9.99,True,False,False,False,False,False,False,False,False,False,False,False,True,False,False,False,True,False,True
3.92,0.38,0,0.1,4.35,0,96.5,28.4,False,False,False,False,True,False,False,False,False,False,False,False,True,False,False,True,False,False,True
4.26,0.57,0,7.8,4.15,0,89.5,27.36,False,False,False,False,False,False,False,True,False,False,False,False,True,False,False,False,False,False,True
1.86,0.7,1,11.9,4.38,0,51.2,15.4,False,True,False,False,False,False,False,False,False,True,False,False,False,False,False,True,False,False,True
4.08,6.66,1,0.1,4.79,0,25.3,38.26,False,False,True,True,False,False,False,True,False,True,False,False,False,False,False,False,False,False,True
0.95,0.53,0,4.0,4.98,0,48.9,11.35,False,True,False,False,False,False,False,False,True,True,False,False,False,False,False,False,True,False,False
2.49,1.28,0,1.6,4.51,0,82.6,10.58,True,False,False,False,False,False,False,False,True,False,False,True,False,False,False,False,True,False,True
2.65,0.52,1,0.0,4.9,0,92.2,29.17,False,True,False,False,False,True,True,False,False,False,False,True,False,False,False,False,True,False,True
3.73,2.14,0,1.2,4.01,0,55.7,25.83,False,False,False,False,False,False,False,True,False,False,True,False,False,False,False,False,False,True,False
5.83,1.33,1,1.1,4.63,0,99.8,33.9,False,True,False,False,False,False,False,True,False,False,False,False,True,False,False,False,True,True,False
1.11,0.6,2,0.5,4.46,0,84.4,37.08,False,False,True,False,False,False,False,False,False,False,False,False,False,False,True,False,True,True,False
9.98,4.34,1,0.2,4.54,0,33.0,48.23,False,False,False,True,False,False,False,True,False,False,False,False,False,False,True,False,False,False,True
3.31,0.99,1,1.4,3.97,0,28.4,24.02,True,False,False,False,False,False,False,True,False,False,True,False,False,False,False,False,True,False,True
1.88,3.04,0,1.3,4.06,0,32.6,23.44,False,False,False,False,False,False,False,False,True,False,False,False,False,True,False,False,True,False,True
1.78,0.3,2,4.9,4.66,1,47.1,33.19,False,False,False,False,False,False,True,False,False,False,False,False,False,False,False,True,False,True,False
5.1,0.31,0,0.9,4.72,0,68.9,29.58,False,False,False,False,False,False,False,True,False,False,False,False,False,True,False,True,False,True,False
2.8,3.7,0,0.1,3.58,0,48.1,31.36,False,False,True,False,False,False,False,False,True,True,False,False,False,False,False,False,True,True,False
2.99,0.21,0,4.2,3.96,0,96.6,25.68,False,True,False,False,False,True,False,False,True,False,False,False,True,False,False,False,True,True,False
3.43,1.92,0,3.1,4.09,0,67.1,21.35,False,True,False,False,False,False,False,False,True,False,False,False,False,False,True,True,False,True,False
5.51,8.67,0,2.1,4.46,0,97.7,30.98,False,True,False,False,False,False,False,False,False,False,False,False,False,True,False,False,True,False,False
4.32,3.6,0,0.1,4.76,0,63.7,18.36,True,False,False,False,False,True,True,False,False,False,True,False,False,False,False,False,False,True,False
5.27,0.27,0,0.8,4.52,0,33.0,29.31,True,False,False,False,False,True,True,False,False,False,False,False,True,False,False,False,False,True,False
1.55,0.3,0,0.1,4.87,0,21.3,13.4,False,True,False,False,False,False,True,False,False,True,False,False,False,False,False,True,False,False,True
7.98,5.12,0,1.7,4.24,1,91.6,59.66,False,False,True,False,False,False,False,False,False,True,False,False,False,False,False,False,True,False,True
5.06,1.1,1,0.2,3.79,0,99.6,29.45,False,True,False,False,False,False,False,False,True,False,False,False,False,False,False,True,False,True,False
8.71,1.58,0,0.5,4.57,1,59.2,52.27,False,True,False,False,False,True,False,False,False,False,False,True,False,False,False,True,False,True,False
2.45,2.58,1,0.9,4.6,1,29.3,26.52,False,False,False,False,False,False,True,False,False,True,False,False,False,False,False,True,False,False,True
3.3,1.54,0,3.4,3.59,1,90.6,22.94,False,True,False,False,False,False,False,False,False,False,False,True,False,False,False,False,True,False,True
4.51,2.51,0,0.4,4.19,0,24.2,29.68,True,False,False,False,True,False,False,False,False,True,False,False,False,False,False,False,True,False,True
6.7,0.29,2,0.2,5.0,0,18.3,54.68,False,False,True,True,False,False,False,False,False,False,False,True,False,False,False,True,False,True,False
7.0,10.64,0,0.9,4.32,0,90.3,36.51,False,False,False,False,False,False,True,False,False,False,False,False,False,False,True,True,False,False,False
2.95,1.23,0,3.3,4.08,0,73.0,15.16,True,False,False,True,False,False,False,False,True,False,False,False,False,False,True,False,True,True,False
1.41,2.0,2,0.3,4.38,0,15.4,14.48,True,False,False,False,False,False,False,False,False,False,False,False,True,False,False,False,True,False,True
3.06,2.63,0,1.5,3.62,0,58.3,19.74,False,True,False,False,False,False,False,True,False,False,True,False,False,False,False,False,True,True,False
14.41,1.93,1,6.1,4.07,1,40.3,75.79,False,False,False,False,False,True,True,False,False,False,False,True,False,False,False,True,False,False,True
1.63,0.8,0,0.4,4.47,0,17.8,16.26,True,False,False,False,False,False,True,False,False,False,False,False,True,False,False,False,True,True,False
3.3,1.07,0,0.6,4.67,0,99.6,26.64,False,False,False,False,True,False,False,True,False,True,False,False,False,False,False,False,True,False,True
7.83,3.66,1,2.8,4.03,1,15.5,57.47,False,False,True,False,False,False,False,False,False,False,False,False,False,False,False,True,False,False,True
3.23,0.94,0,3.1,3.83,0,69.9,27.51,False,False,True,False,False,False,True,False,False,False,True,False,False,False,False,False,False,True,False
11.15,4.21,0,3.3,5.0,0,99.2,46.08,True,False,False,False,True,False,False,False,False,False,False,True,False,False,False,True,False,True,False
1.05,1.15,0,1.4,4.11,1,66.3,9.66,True,False,False,False,False,False,False,False,False,False,False,False,False,False,True,False,True,False,True
3.49,2.07,0,0.4,4.09,0,15.9,24.66,False,True,False,False,False,False,False,False,False,False,False,False,True,False,False,False,True,False,False
5.69,2.01,2,2.3,4.65,0,84.8,38.45,False,True,False,False,False,True,False,True,False,True,False,False,False,False,False,True,False,False,True
7.99,4.73,1,2.2,4.36,0,68.2,38.69,False,True,False,False,False,False,False,True,False,False,False,False,True,False,False,True,False,False,True
3.54,0.92,0,1.8,4.26,0,41.0,17.28,False,True,False,False,False,False,False,False,True,False,True,False,False,False,False,False,True,False,True
1.97,5.02,3,0.2,4.3,0,58.8,29.25,False,False,False,False,False,False,False,False,True,False,False,False,True,False,False,False,True,True,False
3.46,1.17,1,0.4,4.01,0,30.0,29.09,False,False,False,False,False,False,False,True,False,False,False,False,False,False,True,True,False,True,False
4.41,3.7,1,3.5,3.75,0,90.0,35.63,False,True,False,False,False,True,True,False,False,False,False,False,False,False,True,True,False,True,False
6.63,3.3,0,5.7,4.37,1,72.0,25.74,True,False,False,False,False,False,False,False,False,False,False,True,False,False,False,False,True,True,False
4.72,1.83,1,4.0,4.56,0,16.4,25.76,True,False,False,False,False,False,True,False,False,False,False,False,False,False,False,False,True,True,False
4.23,1.1,0,1.6,4.62,0,34.8,15.29,True,False,False,False,False,False,True,False,False,False,True,False,False,False,False,False,False,True,False
1.83,2.94,0,0.2,4.23,1,41.6,27.22,True,False,False,False,False,True,True,False,False,False,False,False,False,False,False,False,True,False,True
2.77,0.99,0,0.1,3.82,0,28.3,19.72,True,False,False,True,False,False,False,False,True,False,False,False,True,False,False,True,False,False,False
6.12,1.55,1,1.0,4.79,0,56.4,40.95,True,False,False,False,True,False,True,False,False,True,False,False,False,False,False,True,False,False,False
5.17,1.58,0,0.0,4.46,0,70.9,31.73,True,False,False,False,False,True,True,False,False,False,False,False,True,False,False,False,True,False,True
3.03,3.39,0,1.9,4.59,0,98.4,19.64,True,False,False,False,False,True,False,False,False,False,False,False,False,False,False,False,True,True,False
5.67,1.34,0,1.7,4.83,0,18.3,42.91,False,True,False,False,True,False,False,False,True,False,False,False,False,False,True,False,True,True,False
2.1,3.35,0,2.9,3.99,0,60.6,24.83,False,False,False,False,False,False,False,True,False,False,True,False,False,False,False,True,False,True,False
8.19,1.61,0,5.3,3.79,1,71.0,39.26,True,False,False,False,False,False,True,False,False,False,False,True,False,False,False,True,False,False,False
6.17,3.81,0,0.5,4.38,0,82.4,38.98,False,True,False,False,False,False,False,False,True,False,True,False,False,False,False,False,True,True,False
4.28,1.64,2,0.3,3.73,1,79.7,32.02,False,True,False,False,False,False,True,False,False,False,False,False,False,False,True,False,True,False,True
4.0,0.98,0,0.8,3.93,1,44.7,47.74,False,False,True,False,False,False,True,False,False,False,False,False,False,False,True,False,True,True,False
5.02,2.11,0,8.3,4.52,0,37.2,28.13,False,True,False,False,False,False,False,True,False,False,False,False,False,True,False,False,True,False,True
4.62,2.85,2,3.7,4.72,0,84.4,34.7,False,True,False,False,False,False,False,True,False,False,False,True,False,False,False,False,True,True,False
4.19,1.68,2,2.9,3.96,0,74.3,35.42,True,False,False,False,False,True,False,True,False,False,True,False,False,False,False,True,False,True,False
7.16,4.39,2,2.5,4.33,1,25.6,43.98,False,True,False,False,False,False,False,False,False,False,False,False,False,False,False,False,True,False,True
5.2,1.82,0,6.9,4.68,0,41.5,26.81,False,True,False,False,False,False,False,True,False,False,False,False,False,False,False,False,True,True,False
5.05,0.89,0,0.2,4.55,0,55.6,43.24,False,False,True,False,False,True,False,False,True,False,False,False,True,False,False,True,False,False,True
5.37,4.08,0,7.0,3.79,1,66.1,18.87,True,False,False,False,False,False,False,False,False,False,False,False,False,True,False,True,False,False,True
3.05,1.42,0,10.6,4.17,1,86.2,31.91,False,True,False,False,False,True,False,False,False,True,False,False,False,False,False,True,False,False,False
6.93,1.48,2,0.2,3.92,0,66.1,38.61,False,True,False,False,False,False,True,False,False,False,False,False,True,False,False,True,False,True,False
6.38,1.14,1,5.8,4.41,0,68.7,29.84,False,True,False,False,False,False,False,True,False,False,True,False,False,False,False,True,False,True,False
5.62,1.27,0,0.0,3.85,1,66.4,38.14,False,False,False,True,False,False,False,False,False,False,False,False,False,False,True,False,True,True,False
2.58,3.94,0,2.5,4.45,0,61.3,25.51,True,False,False,False,True,False,False,False,True,False,False,False,False,True,False,False,True,False,True
8.05,0.41,1,2.4,4.2,0,92.6,34.36,True,False,False,False,False,False,True,False,False,False,False,True,False,False,False,True,False,True,False
3.35,4.61,1,2.3,4.28,0,35.4,17.46,True,False,False,False,False,False,False,False,False,False,False,False,True,False,False,False,True,True,False
2.57,2.03,0,0.7,4.42,0,78.2,17.87,True,False,False,False,False,True,False,False,True,False,False,True,False,False,False,True,False,False,True
2.67,3.95,1,3.3,4.43,1,40.4,23.13,False,True,False,False,False,False,False,False,False,False,False,False,False,False,False,True,False,False,True
9.42,0.99,2,2.6,4.55,1,53.9,57.39,False,False,False,False,False,False,True,False,False,False,True,False,False,False,False,False,True,True,False
4.23,1.0,1,8.5,3.61,1,87.4,45.57,False,False,False,False,True,False,True,False,False,False,False,True,False,False,False,False,True,True,False
2.09,0.78,0,3.7,4.73,1,86.5,30.68,False,False,True,False,False,False,False,False,False,False,True,False,False,False,False,False,True,True,False
3.93,0.68,0,1.8,4.1,0,43.0,16.0,True,False,False,False,False,False,False,False,True,False,True,False,False,False,False,True,False,False,True
2.91,7.39,0,5.2,4.07,0,10.3,21.16,False,True,False,False,False,False,True,False,False,False,False,False,False,False,False,True,False,False,True
1.47,0.21,2,0.0,4.7,0,63.4,38.87,False,False,True,False,False,True,False,False,True,False,False,False,True,False,False,False,True,True,False
2.04,4.28,1,2.1,3.96,0,84.7,23.8,True,False,False,False,False,True,False,False,False,False,False,False,True,False,False,False,True,False,True
2.05,12.94,1,5.2,4.94,1,27.3,25.04,True,False,False,False,False,False,False,False,False,False,False,False,False,False,False,False,True,False,False
12.63,1.41,0,1.7,3.74,0,66.2,60.53,False,True,False,False,False,True,False,False,False,False,False,False,False,False,False,False,True,True,False
1.79,4.7,1,2.1,4.37,1,38.3,32.56,False,False,False,False,False,False,True,False,False,False,False,False,False,False,True,False,True,False,True
3.09,1.27,0,0.8,4.54,1,38.0,39.19,False,True,False,False,False,True,True,False,False,False,False,False,True,False,False,True,False,True,False
0.94,0.5,1,4.3,4.26,1,10.7,26.93,False,True,False,False,False,True,True,False,False,True,False,False,False,False,False,False,False,True,False
3.51,0.28,3,0.2,4.54,0,77.2,35.08,False,True,False,True,False,False,False,False,False,True,False,False,False,False,False,False,True,False,True
4.21,0.3,0,1.1,4.57,0,28.7,26.29,False,True,False,False,False,False,False,True,False,False,False,False,True,False,False,False,True,False,True
2.55,5.91,2,6.2,3.73,0,41.4,35.08,False,False,False,False,False,True,True,False,False,False,True,False,False,False,False,False,True,True,False
2.45,0.66,0,0.6,3.82,0,53.8,24.65,False,True,False,False,False,False,False,True,False,False,False,False,True,False,False,False,True,False,True
7.1,0.75,0,3.1,4.17,0,65.8,37.91,False,True,False,False,False,True,True,False,False,True,False,False,False,False,False,False,True,False,True
1.04,3.13,3,2.2,4.19,0,72.1,24.61,False,True,False,False,True,False,False,True,False,False,False,True,False,False,False,True,False,True,False
2.63,5.68,0,2.5,4.47,1,68.8,29.49,True,False,False,False,True,False,False,False,False,False,False,False,False,False,False,False,True,False,False
6.4,0.57,1,4.8,4.66,1,94.9,31.36,True,False,False,False,False,False,True,False,False,False,False,False,True,False,False,True,False,False,True
1.98,0.59,1,2.7,4.23,0,17.9,23.04,False,True,False,True,False,False,False,True,False,False,True,False,False,False,False,True,False,False,False
8.05,1.39,0,1.9,3.98,0,19.4,53.41,False,False,False,False,False,True,False,True,False,True,False,False,False,False,False,False,True,True,False
2.1,1.02,0,1.6,4.56,1,20.1,25.01,False,True,False,False,False,False,True,False,False,False,False,False,False,False,False,False,True,True,False
11.02,0.46,2,14.1,4.99,0,80.5,51.5,True,False,False,False,False,True,False,True,False,False,True,False,False,False,False,False,True,True,False
1.93,2.08,0,5.7,3.85,0,30.3,21.28,False,False,False,False,False,False,False,False,False,False,True,False,False,False,False,True,False,True,False
14.06,1.4,0,0.4,4.34,0,70.4,59.92,True,False,False,False,True,False,False,True,False,False,False,False,True,False,False,False,True,True,False
4.66,1.79,1,1.3,4.47,0,29.2,30.9,False,True,False,False,False,False,False,False,True,False,True,False,False,False,False,False,False,False,False
2.94,1.94,0,1.3,4.23,0,71.9,21.96,True,False,False,False,True,False,False,True,False,False,False,False,False,False,False,False,True,False,True
7.66,2.06,0,0.7,3.84,0,77.7,25.95,True,False,False,False,False,False,False,False,False,False,False,False,False,True,False,False,False,False,True
2.0,3.05,0,6.6,4.95,1,93.6,24.49,True,False,False,False,True,False,False,False,False,False,False,False,False,True,False,False,True,True,False
2.81,0.4,0,0.5,4.78,0,96.7,24.25,False,False,False,False,False,False,False,True,False,False,False,True,False,False,False,False,True,True,False
2.83,4.49,0,0.5,4.51,1,55.0,24.97,True,False,False,False,False,True,True,False,False,False,False,False,False,False,True,False,True,False,True
5.05,1.12,0,3.0,4.14,0,52.2,44.9,False,False,False,False,False,True,False,False,True,False,False,True,False,False,False,False,True,False,True
3.32,1.6,0,3.3,3.43,1,75.0,27.09,False,False,False,False,False,False,False,False,False,False,False,False,False,True,False,True,False,False,False
3.0,0.23,1,1.6,4.62,0,34.8,34.07,False,False,True,False,False,False,False,True,False,False,False,False,False,False,False,False,False,True,False
4.45,1.39,0,3.4,4.34,1,92.5,27.97,False,True,False,False,False,False,False,False,False,False,False,False,True,False,False,False,False,False,True
6.9,0.24,0,1.6,4.17,0,24.0,30.32,True,False,False,False,False,False,False,False,True,False,False,False,False,True,False,True,False,False,True
1.73,4.51,0,1.5,4.42,1,75.6,28.65,False,False,True,True,False,False,True,False,False,False,False,False,False,False,True,False,True,False,True
11.88,0.31,1,2.6,4.01,0,38.2,56.76,False,True,False,False,True,False,False,False,True,False,False,False,False,False,False,True,False,False,False
4.31,2.19,0,4.8,3.86,0,43.8,14.07,True,False,False,False,False,False,False,False,True,False,False,False,False,False,True,True,False,False,True
11.44,0.39,1,7.3,4.2,0,96.1,54.0,False,False,False,False,False,False,True,False,False,False,False,False,False,True,False,False,True,False,True
1.56,0.47,0,1.1,4.01,0,87.9,5.0,True,False,False,False,False,False,False,False,False,False,True,False,False,False,False,False,False,True,False
5.27,0.76,1,0.2,4.18,0,61.9,32.57,False,True,False,False,False,False,False,False,True,False,False,True,False,False,False,True,False,True,False
0.96,2.12,0,1.3,4.62,0,82.2,13.54,False,True,False,False,False,False,False,False,False,False,False,False,False,True,False,True,False,False,True
2.06,4.52,1,4.2,5.0,0,42.8,14.4,True,False,False,False,False,False,False,True,False,False,True,False,False,False,False,False,True,False,True
6.26,2.35,0,3.5,4.19,0,43.7,31.47,False,True,False,False,False,False,False,False,False,False,False,False,False,True,False,False,True,True,False
2.39,3.96,0,3.2,4.31,0,93.8,19.23,False,False,False,False,False,False,False,True,False,False,True,False,False,False,False,False,True,False,True
2.25,1.47,1,1.1,4.14,0,63.6,22.79,False,False,False,False,False,False,False,True,False,False,False,False,False,False,True,True,False,False,True
3.92,2.17,0,1.4,4.57,0,13.1,31.04,False,False,False,False,False,True,False,False,False,False,True,False,False,False,False,False,True,True,False
1.85,9.56,0,2.8,4.48,0,83.2,27.86,False,False,False,False,False,False,False,True,False,False,True,False,False,False,False,False,True,True,False
7.1,3.39,0,5.8,4.63,1,59.3,40.35,False,True,False,True,False,False,False,False,False,True,False,False,False,False,False,True,False,False,True
7.72,0.81,2,5.0,5.0,0,36.9,42.2,False,True,False,False,False,False,False,False,True,False,False,True,False,False,False,False,True,False,True
1.94,4.28,1,1.9,4.19,1,59.6,24.66,False,True,False,False,False,False,False,False,False,False,False,False,False,False,True,False,True,True,False
4.08,0.77,0,2.9,3.81,0,76.2,20.93,True,False,False,False,False,False,False,True,False,False,False,True,False,False,False,False,True,True,False
4.44,1.24,0,2.6,4.4,0,90.4,21.33,True,False,False,False,False,False,False,True,False,False,False,False,True,False,False,False,True,False,True
8.75,0.37,1,2.2,4.92,0,98.8,39.54,True,False,False,False,False,False,False,True,False,False,True,False,False,False,False,False,True,False,True
5.65,0.95,1,6.1,4.61,0,84.2,22.43,True,False,False,False,False,False,True,False,False,False,False,False,False,False,True,True,False,False,True
5.25,0.42,0,2.5,4.52,1,90.7,38.33,False,False,False,False,False,False,False,False,False,False,False,False,False,True,False,False,True,False,True
2.59,3.39,0,3.1,4.11,1,67.8,36.71,False,False,False,False,False,True,True,False,False,False,False,True,False,False,False,False,True,False,True
4.88,1.4,0,2.1,3.8,0,76.7,34.14,True,False,False,False,True,False,False,True,False,False,False,False,False,True,False,False,True,False,False
6.41,4.12,0,4.0,4.66,0,83.3,34.23,False,True,False,False,False,False,False,True,False,False,False,False,False,False,False,False,True,False,True
3.08,0.95,0,3.1,3.7,0,71.4,24.67,False,True,False,False,False,False,False,True,False,True,False,False,False,False,False,False,True,False,True
7.14,1.53,0,1.0,4.35,0,64.3,41.72,False,True,False,False,False,True,False,True,False,False,False,False,False,False,False,True,False,False,False
2.86,4.52,1,8.9,4.02,0,46.8,15.28,True,False,False,False,False,False,False,False,True,False,False,False,False,False,False,False,True,False,True
0.65,0.85,3,4.0,4.67,0,46.6,13.48,False,True,False,False,False,False,False,False,True,False,True,False,False,False,False,True,False,True,False
4.39,1.0,0,0.7,4.46,0,32.1,17.57,True,False,False,False,False,False,False,False,False,False,False,True,False,False,False,False,True,False,False
10.02,1.27,0,3.4,3.94,0,89.5,37.26,True,False,False,False,False,True,True,False,False,False,False,True,False,False,False,True,False,True,False
1.76,1.35,1,6.0,3.83,0,14.9,22.61,False,True,False,False,False,False,False,True,False,False,False,False,False,False,True,True,False,False,True
15.24,1.03,0,0.2,4.01,0,99.3,77.61,False,False,False,False,True,False,False,True,False,False,False,False,False,True,False,False,True,False,False
4.97,2.88,0,1.3,4.01,0,91.8,25.04,False,True,False,False,False,False,False,True,False,False,False,False,False,False,True,False,True,True,False
4.21,1.7,1,1.5,4.37,1,19.5,32.59,False,True,False,False,False,False,False,False,False,False,False,False,False,False,False,True,False,False,True
5.43,3.46,3,0.0,3.82,0,23.9,39.6,True,False,False,False,False,False,False,False,True,False,False,False,False,False,True,True,False,True,False
3.07,0.36,1,4.9,5.0,0,55.3,15.87,True,False,False,False,False,False,True,False,False,False,False,False,False,False,True,True,False,False,True
7.27,3.52,0,5.2,4.45,1,38.9,38.14,True,False,False,False,False,True,False,False,False,False,False,True,False,False,False,False,True,False,False
5.48,0.66,1,2.4,3.5,0,45.9,32.56,True,False,False,True,False,False,True,False,False,False,False,False,False,False,True,False,True,True,False
5.24,5.33,1,3.8,4.22,0,72.7,34.56,False,True,False,False,False,False,False,True,False,False,False,False,False,True,False,False,True,False,False
6.81,0.71,0,0.8,3.9,0,76.3,35.32,False,True,False,True,False,False,True,False,False,True,False,False,False,False,False,True,False,True,False
6.63,2.06,0,0.9,3.98,1,90.3,38.28,False,False,False,False,False,False,False,False,False,False,False,False,True,False,False,True,False,False,True
3.88,0.59,2,1.0,4.27,0,47.3,26.7,True,False,False,True,False,False,False,True,False,True,False,False,False,False,False,False,True,True,False
5.8,1.44,1,1.2,4.51,0,66.4,30.18,True,False,False,False,False,False,True,False,False,False,False,True,False,False,False,False,True,False,False
4.11,4.35,1,0.7,3.39,1,78.2,43.67,False,True,False,False,True,False,True,False,False,False,False,False,True,False,False,False,True,False,False
5.87,4.13,0,1.7,3.68,0,47.7,44.7,False,False,True,False,True,False,True,False,False,False,False,False,True,False,False,True,False,False,True
3.76,6.15,2,1.1,4.41,0,37.4,29.6,True,False,False,False,False,False,False,True,False,False,False,True,False,False,False,False,True,False,True
2.5,1.56,0,1.4,4.36,1,69.0,31.91,False,False,True,False,False,False,True,False,False,False,False,True,False,False,False,False,True,True,False
3.23,2.69,0,0.6,4.96,0,11.7,24.7,False,True,False,False,False,False,False,False,True,False,False,True,False,False,False,True,False,False,True
3.01,0.48,1,2.7,5.0,0,61.4,28.82,False,False,False,False,False,True,True,False,False,False,True,False,False,False,False,False,False,False,True
1.08,5.92,0,0.9,4.03,1,52.4,24.8,False,True,False,False,True,False,False,False,False,False,False,False,True,False,False,True,False,True,False
8.67,0.78,0,1.8,3.88,0,49.6,41.02,False,False,False,False,False,False,False,False,True,True,False,False,False,False,False,False,False,False,True
2.75,3.85,0,0.3,3.67,1,34.3,25.32,True,False,False,True,False,False,False,False,False,False,True,False,False,False,False,False,True,False,True
9.68,0.75,0,0.2,4.12,0,16.9,58.54,False,False,True,False,False,False,False,True,False,False,False,False,False,False,True,False,True,False,True
2.78,6.35,2,0.6,3.78,0,58.8,24.64,True,False,False,False,False,False,False,True,False,False,False,False,False,True,False,True,False,False,True
2.88,0.31,1,2.7,4.34,0,25.3,18.54,False,True,False,False,False,False,False,False,True,False,True,False,False,False,False,False,True,False,True
5.27,0.99,2,0.6,3.9,0,93.5,36.83,False,True,False,False,False,False,False,True,False,False,False,False,True,False,False,False,True,True,False
1.04,3.1,0,0.6,3.4,0,84.1,32.79,False,False,True,False,True,False,False,True,False,False,False,False,False,False,False,False,True,False,False
1.5,2.14,0,2.6,4.06,0,55.5,12.0,False,True,False,False,False,False,False,True,False,False,True,False,False,False,False,True,False,True,False
13.57,2.89,0,1.2,4.5,0,69.0,68.87,False,True,False,False,True,False,False,False,True,True,False,False,False,False,False,False,True,False,True
10.39,0.67,0,0.0,4.45,1,19.0,61.76,False,True,False,False,True,False,False,False,False,False,False,True,False,False,False,False,True,False,True
5.81,1.0,1,0.1,3.86,0,89.2,37.77,True,False,False,False,True,False,True,False,False,False,False,False,False,False,True,True,False,False,True
1.0,0.82,1,1.5,4.4,0,69.8,21.11,False,False,False,False,False,False,False,True,False,False,False,True,False,False,False,False,True,False,True
3.32,1.51,1,4.1,4.27,0,40.0,23.69,True,False,False,False,False,True,False,True,False,False,False,False,True,False,False,False,True,True,False
5.64,4.53,0,4.9,4.28,0,29.2,24.94,True,False,False,False,True,False,False,True,False,False,False,False,False,True,False,True,False,True,False
1.32,3.33,1,0.8,5.0,0,39.6,11.7,False,True,False,False,False,False,False,True,False,False,False,True,False,False,False,True,False,False,False
13.43,2.26,0,4.1,3.82,0,77.6,52.32,False,False,False,False,False,False,False,False,True,True,False,False,False,False,False,True,False,True,False
4.17,1.07,1,8.4,4.48,0,94.2,27.12,False,True,False,False,False,False,True,False,False,False,False,False,False,False,True,True,False,False,True
4.24,2.84,1,3.4,4.73,1,98.6,31.69,False,True,False,False,False,False,False,False,False,False,False,False,False,False,True,False,True,False,True
2.23,0.65,1,1.9,3.53,0,56.7,34.51,False,False,True,False,False,False,False,True,False,False,True,False,False,False,False,True,False,False,True
3.19,2.6,1,4.2,3.98,0,50.7,32.06,False,False,False,False,False,True,False,True,False,False,False,True,False,False,False,False,True,True,False
2.42,0.57,1,0.1,3.69,0,37.0,27.76,False,True,False,False,False,True,False,True,False,False,False,False,False,False,True,False,True,False,True
4.1,5.29,0,2.4,3.94,1,13.3,31.49,False,True,False,False,False,False,False,False,False,False,False,True,False,False,False,False,True,False,True
12.54,1.36,0,0.1,4.92,1,83.1,62.43,False,True,False,False,False,True,False,False,False,False,False,False,True,False,False,True,False,True,False
2.06,1.34,0,1.8,4.75,0,46.3,14.73,True,False,False,True,False,False,False,False,False,False,False,False,True,False,False,True,False,False,True
1.61,4.42,2,5.2,4.12,0,11.9,25.65,False,False,False,False,False,False,False,True,False,False,False,False,True,False,False,True,False,False,False
6.18,0.22,1,0.2,4.52,1,67.9,42.63,False,True,False,False,False,True,True,False,False,True,False,False,False,False,False,False,True,True,False
0.9,0.38,0,0.2,4.12,0,79.5,5.0,True,False,False,False,False,False,False,False,False,False,False,False,False,False,False,False,False,False,True
2.41,1.05,0,0.5,4.3,0,35.0,28.37,False,False,False,False,False,False,False,False,True,False,False,True,False,False,False,False,True,True,False
3.37,1.2,1,0.4,4.09,0,45.0,27.18,True,False,False,False,False,False,False,False,False,False,False,False,False,False,True,False,True,False,True
6.39,3.45,0,11.3,4.06,1,46.6,35.86,True,False,False,False,False,True,False,False,False,True,False,False,False,False,False,True,False,False,True
3.54,1.08,2,0.4,4.78,0,88.9,30.44,False,False,False,True,False,False,False,False,True,False,False,False,True,False,False,True,False,True,False
6.66,1.22,1,0.8,4.3,1,93.5,51.48,False,False,True,False,False,False,False,False,False,False,False,False,False,True,False,True,False,False,True
3.74,2.64,0,0.2,4.54,1,11.4,29.7,False,True,False,False,False,False,True,False,False,True,False,False,False,False,False,False,True,False,True
2.11,0.59,1,0.7,4.39,1,81.1,27.8,False,True,False,False,False,False,False,False,False,False,False,True,False,False,False,False,True,True,False
5.06,4.58,0,1.2,4.27,0,64.2,31.5,False,True,False,False,False,False,False,True,False,False,False,False,False,True,False,False,True,True,False
6.65,0.61,0,5.5,4.1,0,15.1,23.98,False,True,False,False,False,False,False,False,True,False,False,False,False,True,False,True,False,False,True
1.55,2.17,1,2.6,4.53,1,95.4,35.31,False,False,False,False,False,True,False,False,False,False,False,False,False,False,True,False,True,True,False
6.48,2.64,1,3.4,4.14,1,75.9,44.92,False,False,False,False,False,False,True,False,False,True,False,False,False,False,False,False,True,False,True
3.57,0.6,1,2.8,4.37,1,48.9,34.98,False,False,False,False,False,False,False,False,False,True,False,False,False,False,False,False,True,False,True
4.55,0.56,0,1.0,5.0,0,12.6,43.74,False,False,False,False,True,False,True,False,False,True,False,False,False,False,False,False,True,False,True
1.58,1.35,1,1.6,4.12,0,26.3,35.69,False,False,True,True,False,False,True,False,False,False,False,False,False,False,False,True,False,False,True
5.31,11.23,1,4.5,3.76,0,26.2,33.63,True,False,False,False,False,True,True,False,False,False,False,True,False,False,False,True,False,False,True
1.81,0.64,1,3.0,4.44,0,72.6,20.37,False,True,False,False,False,False,False,False,True,False,False,False,False,False,False,False,True,False,False
4.27,1.47,0,3.5,4.37,1,41.4,19.86,True,False,False,False,False,False,True,False,False,True,False,False,False,False,False,False,False,True,False
1.86,2.16,0,3.2,4.04,0,82.6,12.04,False,True,False,False,False,False,False,True,False,True,False,False,False,False,False,False,True,False,True
1.83,0.65,0,1.0,4.57,1,43.3,17.21,True,False,False,True,False,False,True,False,False,False,False,False,True,False,False,False,False,False,False
5.81,1.18,1,4.6,4.35,1,49.9,48.1,False,False,False,True,False,False,False,False,False,False,False,False,True,False,False,False,True,False,True
10.74,0.42,0,0.3,4.11,0,32.0,55.79,False,False,False,True,False,False,True,False,False,False,False,False,False,True,False,False,True,False,True
3.37,0.38,0,3.3,4.71,1,75.4,33.25,False,False,False,False,False,False,False,False,False,False,False,False,True,False,False,True,False,True,False
6.7,1.81,1,0.9,5.0,0,14.6,31.64,True,False,False,False,False,False,False,False,False,True,False,False,False,False,False,False,True,False,True
2.01,1.31,0,1.2,4.04,0,51.5,24.9,False,False,False,False,False,False,False,True,False,False,True,False,False,False,False,True,False,True,False
2.38,0.3,0,7.7,4.52,1,72.4,22.16,False,False,False,False,False,False,False,False,False,False,False,True,False,False,False,True,False,True,False
3.93,0.28,0,0.9,4.3,0,38.9,20.6,True,False,False,False,False,False,True,False,False,True,False,False,False,False,False,False,True,True,False
3.86,4.32,0,0.1,4.04,0,98.4,25.9,False,True,False,False,False,True,True,False,False,True,False,False,False,False,False,True,False,False,True
4.83,0.69,0,4.3,3.74,0,86.8,21.62,False,True,False,True,False,False,True,False,False,False,True,False,False,False,False,False,True,True,False
5.09,1.52,0,0.3,4.6,0,54.6,27.22,False,True,False,False,False,False,False,False,False,True,False,False,False,False,False,False,False,True,False
7.22,0.7,1,1.9,3.86,1,26.4,50.18,False,False,False,False,True,False,False,False,False,False,False,True,False,False,False,False,False,False,True
5.76,1.08,1,2.8,4.44,1,14.9,52.07,False,False,True,False,False,False,True,False,False,False,False,False,False,False,True,True,False,True,False
4.37,0.76,0,8.3,3.92,0,45.9,17.33,False,True,False,False,False,False,False,True,False,False,False,False,False,False,True,False,False,False,True
2.17,0.74,0,0.5,3.62,0,63.6,22.33,True,False,False,False,False,True,False,True,False,False,False,False,False,True,False,False,True,True,False
4.64,7.25,3,3.6,4.21,0,28.6,48.56,False,False,True,False,False,False,False,False,False,False,False,False,False,False,False,True,False,False,True
2.65,3.31,0,4.0,4.07,0,50.3,7.72,True,False,False,False,False,False,False,False,True,True,False,False,False,False,False,False,True,True,False
2.23,1.58,1,1.8,4.34,1,85.2,48.6,False,False,True,False,False,True,False,False,False,False,False,False,True,False,False,True,False,True,False
4.03,1.9,1,0.4,3.79,0,29.7,43.47,False,False,False,False,True,False,False,False,False,False,False,False,False,False,True,False,True,False,True
4.27,1.06,0,1.8,4.52,1,28.9,36.09,False,True,False,True,False,False,True,False,False,False,False,False,True,False,False,False,True,False,False
2.17,0.75,0,2.7,3.55,0,94.8,16.05,True,False,False,False,False,False,False,False,False,False,False,False,False,False,True,False,True,True,False
3.05,0.89,1,4.2,5.0,0,93.6,21.92,False,False,False,False,False,False,False,True,False,False,False,False,False,True,False,False,True,False,True
3.92,1.88,2,8.2,4.81,0,27.9,22.82,True,False,False,False,False,False,False,False,True,True,False,False,False,False,False,False,True,False,True
2.14,0.72,0,1.5,3.75,1,11.7,29.67,False,True,False,False,False,False,False,False,False,False,True,False,False,False,False,False,True,True,False
4.31,3.26,1,0.1,4.73,0,35.5,31.98,True,False,False,False,False,True,False,False,False,False,False,False,False,True,False,True,False,False,True
8.44,0.5,2,0.1,4.19,1,10.6,75.34,False,False,True,False,False,False,False,False,False,False,False,False,False,True,False,False,True,False,True
4.41,0.62,0,6.2,4.02,0,75.4,19.76,True,False,False,False,False,False,True,False,False,False,True,False,False,False,False,False,True,True,False
6.16,1.34,1,4.0,4.01,0,72.3,32.45,True,False,False,True,False,False,False,False,True,False,False,False,False,False,False,False,False,False,False
5.07,6.52,3,7.5,4.38,0,52.7,28.96,True,False,False,False,False,False,False,False,False,False,False,False,True,False,False,False,False,False,True
4.82,1.79,0,0.4,4.12,0,20.5,40.37,False,False,False,False,True,False,False,True,False,True,False,False,False,False,False,False,True,False,False
4.32,0.52,0,3.0,4.65,1,55.7,39.28,False,False,True,False,False,False,True,False,False,True,False,False,False,False,False,False,False,False,True
4.5,0.9,2,0.3,4.08,0,84.0,31.12,True,False,False,False,False,True,False,False,True,True,False,False,False,False,False,True,False,False,True
3.26,2.83,0,2.7,4.91,0,24.3,35.41,False,False,True,False,False,False,True,False,False,True,False,False,False,False,False,False,True,False,True
6.47,0.7,1,4.9,4.28,0,79.2,36.13,True,False,False,False,False,True,False,True,False,False,False,False,False,True,False,False,True,False,False
5.35,0.53,0,1.3,4.7,0,37.9,39.21,False,False,False,False,False,True,True,False,False,False,False,False,False,False,True,False,True,True,False
1.58,3.01,1,2.1,3.93,0,57.4,22.43,False,True,False,False,True,False,False,False,True,True,False,False,False,False,False,False,True,True,False
2.57,6.68,0,4.4,4.78,0,83.7,26.22,False,True,False,False,True,False,True,False,False,False,False,False,False,False,True,True,False,True,False
2.23,1.43,1,0.9,3.74,0,26.7,31.08,False,False,False,False,False,False,True,False,False,False,True,False,False,False,False,False,False,True,False
1.1,1.27,0,0.6,4.25,0,42.5,20.46,False,False,False,False,False,False,False,True,False,False,False,False,False,True,False,False,True,False,False
2.84,0.23,2,2.4,4.24,0,35.3,36.29,False,False,False,False,False,False,False,False,False,False,False,False,False,False,False,False,True,True,False
6.53,5.91,0,0.7,4.03,0,70.0,31.85,False,True,False,False,False,False,False,False,True,False,False,True,False,False,False,False,True,True,False
3.29,0.65,0,1.1,4.28,0,53.3,27.99,False,False,True,True,False,False,False,False,True,False,False,False,True,False,False,True,False,False,True
5.67,1.24,0,9.2,3.81,0,70.7,38.96,False,False,False,False,False,True,False,False,False,False,False,False,False,True,False,False,True,True,False
3.76,2.36,0,0.0,4.46,0,23.0,16.6,True,False,False,False,False,False,False,False,True,False,False,False,False,True,False,False,True,True,False
3.8,0.6,1,4.5,3.88,1,13.5,30.56,True,False,False,True,False,False,True,False,False,False,False,False,False,False,True,False,True,False,True
2.84,7.16,0,2.5,4.39,0,69.6,26.47,False,False,False,False,True,False,False,False,True,False,False,True,False,False,False,True,False,True,False
4.11,3.56,0,2.9,4.06,0,28.4,29.92,False,True,False,False,True,False,False,True,False,False,True,False,False,False,False,False,True,True,False
0.94,0.35,0,0.1,4.53,0,70.6,19.5,False,True,False,False,False,False,True,False,False,False,False,False,False,False,False,False,True,False,False
4.09,7.11,0,0.7,5.0,0,36.8,20.13,False,True,False,False,False,False,False,True,False,True,False,False,False,False,False,True,False,False,True
4.1,0.47,1,0.3,4.41,0,93.9,23.86,False,True,False,False,False,False,False,False,True,True,False,False,False,False,False,True,False,False,True
1.94,2.31,1,0.2,3.87,0,49.9,27.3,True,False,False,False,True,False,True,False,False,False,False,False,False,True,False,True,False,True,False
4.58,3.66,1,4.4,4.21,0,17.6,36.76,False,False,False,False,False,False,False,True,False,False,False,True,False,False,False,False,True,True,False
3.41,0.35,1,0.3,4.85,1,74.5,32.7,False,True,False,False,False,False,True,False,False,False,False,False,False,True,False,False,True,False,False
2.3,5.32,0,2.3,4.2,1,62.2,25.44,False,False,False,False,False,False,False,False,False,False,False,False,False,False,True,False,True,True,False
3.68,2.29,0,0.8,4.07,0,38.9,28.57,False,False,False,False,False,False,False,False,False,False,True,False,False,False,False,False,True,True,False
7.35,4.48,1,5.1,4.46,0,31.3,34.45,False,True,False,False,False,False,False,False,True,False,False,True,False,False,False,False,True,False,True
1.89,2.37,2,0.4,3.86,0,45.4,20.16,True,False,False,False,False,False,False,True,False,False,False,False,False,False,False,False,True,True,False
6.66,4.42,0,2.4,4.91,0,39.4,41.09,False,False,True,False,False,False,False,True,False,False,False,False,False,True,False,True,False,True,False
1.37,2.59,0,3.3,4.58,0,53.8,15.56,True,False,False,False,False,True,False,False,False,False,False,False,True,False,False,False,True,False,True
3.15,8.63,0,5.0,4.49,0,56.8,30.11,False,False,False,False,True,False,False,False,False,False,False,False,False,False,True,True,False,True,False
4.69,2.44,1,0.5,4.22,0,87.8,28.92,True,False,False,False,False,False,False,False,True,False,False,False,True,False,False,False,True,True,False
3.9,3.45,0,4.7,4.49,0,73.6,23.9,False,False,False,False,False,False,False,True,False,False,False,False,False,True,False,False,False,True,False
1.23,1.73,0,1.8,4.23,0,82.2,19.13,False,False,False,False,False,False,False,True,False,False,False,False,False,True,False,False,True,True,False
3.7,0.73,0,5.5,3.98,1,68.5,27.6,True,False,False,False,False,True,False,False,False,False,False,True,False,False,False,False,True,False,True
3.76,6.29,1,5.4,4.52,0,91.7,16.72,True,False,False,False,False,False,False,True,False,False,True,False,False,False,False,False,False,False,True
9.88,3.12,0,0.7,3.93,0,17.0,42.43,True,False,False,False,False,False,False,True,False,False,False,False,False,False,False,True,False,False,True
5.81,1.23,1,2.5,3.75,0,15.7,29.26,True,False,False,False,False,False,True,False,False,False,False,False,False,False,False,False,True,False,True
2.09,0.35,0,5.0,3.66,0,37.3,25.44,False,False,False,False,False,True,False,True,False,False,True,False,False,False,False,False,True,False,False
10.47,0.42,0,5.8,3.42,0,45.4,38.69,True,False,False,False,False,False,False,True,False,False,False,False,False,False,True,True,False,True,False
3.36,4.59,0,3.1,3.87,0,75.8,20.15,False,True,False,False,False,False,False,False,False,False,False,False,False,False,False,False,True,False,True
9.31,3.18,1,0.2,4.07,0,39.2,53.75,False,False,False,False,False,False,False,False,False,False,False,False,False,False,False,False,True,True,False
0.88,2.91,0,3.0,4.23,0,87.5,14.5,False,True,False,False,False,False,False,True,False,False,False,False,False,False,False,False,True,True,False
2.81,2.57,0,0.5,3.92,0,94.7,13.27,True,False,False,False,False,False,False,False,True,False,False,False,False,True,False,True,False,True,False
0.81,1.65,0,2.4,4.44,0,36.5,11.54,False,True,False,False,False,False,False,True,False,False,False,False,True,False,False,True,False,True,False
5.36,0.54,1,0.8,3.71,0,84.9,28.27,False,True,False,False,False,False,False,True,False,True,False,False,False,False,False,True,False,False,True
5.05,1.28,1,0.3,4.49,1,56.6,39.12,True,False,False,False,False,False,True,False,False,False,False,True,False,False,False,True,False,False,True
4.09,0.53,0,6.1,3.92,0,82.5,24.26,False,True,False,False,False,False,False,False,True,False,True,False,False,False,False,False,False,False,True
0.8,0.4,1,1.7,3.83,0,20.9,22.34,False,False,False,False,False,False,False,False,True,True,False,False,False,False,False,True,False,False,False
3.01,4.62,0,3.7,4.25,0,29.4,31.52,False,False,True,False,False,False,True,False,False,False,False,False,True,False,False,True,False,False,True
5.39,3.95,0,1.5,4.36,0,47.0,24.87,True,False,False,False,False,False,False,True,False,False,False,False,False,False,True,False,True,False,True
4.47,1.3,0,2.7,4.14,0,12.3,23.11,False,True,False,False,False,False,False,True,False,False,False,False,False,False,True,True,False,False,True
2.78,0.61,0,3.4,4.15,0,38.8,30.74,False,False,False,False,False,False,False,True,False,False,False,False,False,False,False,False,True,True,False
2.87,4.98,1,1.6,3.45,0,21.9,34.43,False,False,False,False,False,True,False,True,False,True,False,False,False,False,False,False,True,False,True
1.29,7.65,1,4.2,4.29,1,44.7,26.34,False,False,False,False,False,False,False,False,False,False,True,False,False,False,False,False,True,False,True
6.23,3.37,0,4.3,3.85,0,60.7,36.37,False,True,False,False,False,True,False,False,True,True,False,False,False,False,False,True,False,False,True
1.59,4.24,1,10.6,4.9,1,36.8,15.09,True,False,False,False,False,False,False,False,False,True,False,False,False,False,False,True,False,False,True
7.11,0.71,0,3.2,4.36,0,99.6,46.69,False,False,True,False,False,False,False,True,False,False,False,True,False,False,False,False,True,True,False
3.04,3.37,2,1.2,4.01,0,29.1,30.92,False,False,False,False,False,False,False,True,False,False,False,False,False,False,False,True,False,True,False
2.92,3.17,0,0.0,3.82,0,67.9,21.74,False,True,False,False,False,False,False,False,False,True,False,False,False,False,False,True,False,False,False
6.72,0.89,0,1.0,4.49,0,49.8,34.32,False,True,False,False,False,False,False,True,False,False,False,False,False,True,False,False,True,True,False
2.15,0.44,0,0.1,4.53,0,84.2,21.21,False,False,False,False,False,False,False,True,False,True,False,False,False,False,False,True,False,True,False
5.51,1.45,0,6.4,4.66,1,82.4,34.76,False,True,False,False,False,False,True,False,False,False,False,False,False,True,False,False,True,False,True
1.14,1.8,0,0.6,4.33,0,81.4,18.0,False,False,False,False,False,False,True,False,False,False,True,False,False,False,False,False,True,True,False
3.91,3.94,0,0.1,5.0,1,33.5,29.79,False,True,False,True,False,False,False,False,False,False,False,False,False,True,False,True,False,False,True
3.99,4.33,2,0.8,4.23,1,91.6,28.15,True,False,False,False,False,False,False,False,False,False,False,False,True,False,False,False,True,True,False
2.89,2.49,0,2.0,4.68,0,95.0,16.08,True,False,False,False,False,False,True,False,False,False,False,False,False,True,False,True,False,False,True
5.56,2.04,0,3.5,4.26,0,67.0,28.66,False,True,False,True,False,False,False,False,True,False,False,False,False,False,False,True,False,True,False
2.12,5.57,3,1.1,3.76,0,15.1,30.58,False,True,False,False,False,False,True,False,False,False,False,False,False,True,False,False,True,True,False
4.15,0.52,0,9.8,4.01,0,22.5,39.68,False,False,False,False,False,True,False,True,False,False,False,False,False,False,False,True,False,False,False
4.05,2.88,0,4.7,3.97,1,25.8,44.87,False,False,True,False,True,False,True,False,False,True,False,False,False,False,False,True,False,True,False
3.7,12.55,0,9.3,3.8,0,54.9,25.16,True,False,False,False,False,True,True,False,False,False,False,False,False,False,True,True,False,True,False
5.69,1.38,0,1.0,3.77,1,90.7,34.15,False,False,False,False,False,False,True,False,False,False,False,False,False,False,False,False,True,True,False
13.92,4.83,0,1.5,4.59,0,65.1,52.97,True,False,False,False,False,False,False,False,False,False,False,True,False,False,False,False,True,False,False
3.93,3.91,1,1.0,4.11,0,32.2,16.28,True,False,False,False,False,False,True,False,False,False,False,False,True,False,False,False,True,True,False
6.08,0.64,0,0.4,4.55,1,41.1,37.52,False,True,False,False,False,True,False,False,False,False,False,False,True,False,False,True,False,True,False
5.21,3.07,0,1.1,4.5,0,68.5,27.14,True,False,False,False,False,False,False,True,False,False,False,False,False,True,False,False,True,False,False
4.6,4.83,0,0.5,4.86,1,40.6,29.19,False,True,False,False,False,False,True,False,False,False,False,False,True,False,False,False,False,True,False
3.08,0.29,2,4.9,4.63,0,14.3,18.38,True,False,False,False,False,False,False,False,True,True,False,False,False,False,False,True,False,False,True
8.35,0.81,0,3.5,4.81,0,13.3,45.13,False,True,False,False,True,False,False,True,False,True,False,False,False,False,False,True,False,True,False
1.84,5.82,0,0.8,4.63,1,69.8,32.02,False,False,False,False,False,True,False,False,False,True,False,False,False,False,False,True,False,True,False
8.01,0.33,0,1.9,3.26,0,78.8,38.19,False,True,False,False,False,False,True,False,False,False,True,False,False,False,False,False,True,True,False
2.07,0.21,0,2.2,4.65,0,59.4,14.03,False,True,False,False,False,False,False,True,False,False,False,False,True,False,False,False,False,True,False
2.9,1.46,0,2.9,4.04,0,75.5,18.12,False,True,False,False,False,False,False,True,False,True,False,False,False,False,False,True,False,True,False
4.04,1.6,0,0.7,3.38,0,73.1,35.89,False,True,False,False,True,False,False,False,False,True,False,False,False,False,False,False,True,True,False
2.87,0.89,2,0.3,3.69,0,29.6,39.85,False,False,False,False,True,False,False,True,False,False,False,True,False,False,False,False,True,False,True
9.04,2.65,1,6.7,4.13,0,55.6,53.49,False,False,False,False,True,False,False,True,False,False,True,False,False,False,False,False,True,False,False
3.1,4.54,1,0.6,5.0,0,57.2,15.01,True,False,False,False,False,False,False,False,False,False,False,False,True,False,False,True,False,True,False
7.36,1.95,0,0.3,5.0,1,98.8,47.16,False,False,False,False,False,False,True,False,False,False,True,False,False,False,False,True,False,False,True
8.91,2.15,0,2.6,4.11,0,14.2,42.46,False,True,False,False,False,True,False,True,False,False,False,False,False,False,False,True,False,True,False
12.42,0.27,1,1.3,3.3,0,61.4,52.16,True,False,False,False,False,False,False,True,False,True,False,False,False,False,False,False,True,False,True
3.64,1.27,0,2.2,3.25,1,91.2,35.26,False,False,False,True,False,False,False,False,False,False,False,True,False,False,False,False,True,False,True
3.47,3.43,0,0.5,4.09,0,37.8,23.04,False,True,False,False,False,False,False,False,True,False,False,False,False,False,False,False,True,True,False
1.32,1.0,0,1.8,4.47,0,18.8,19.81,False,True,False,False,False,True,True,False,False,False,True,False,False,False,False,False,True,False,True
7.27,1.57,0,2.0,4.21,0,11.1,35.18,True,False,False,False,False,False,True,False,False,False,False,True,False,False,False,False,True,False,True
7.94,1.32,2,1.3,3.93,0,23.7,43.19,False,True,False,False,False,True,False,False,False,False,False,False,False,False,False,True,False,True,False
7.21,3.16,2,4.4,4.35,0,38.7,47.97,False,False,False,False,False,False,False,False,True,False,False,False,True,False,False,False,True,False,True
7.04,1.81,0,0.8,4.37,0,46.4,41.6,False,False,True,False,False,False,True,False,False,False,False,False,False,False,False,True,False,False,True
7.35,3.56,1,1.8,4.15,0,78.1,37.69,False,True,False,False,False,False,False,False,False,True,False,False,False,False,False,False,True,False,False
7.34,4.56,0,0.2,4.5,0,85.6,48.14,False,False,False,True,False,False,False,True,False,False,False,False,False,False,True,False,True,False,False
2.38,0.32,0,1.6,4.32,1,35.2,28.7,True,False,False,False,False,False,True,False,False,False,False,False,False,False,True,False,True,True,False
7.78,8.67,0,4.4,4.46,0,37.6,42.79,False,True,False,False,False,True,False,False,True,True,False,False,False,False,False,False,True,True,False
3.84,0.77,1,4.0,4.06,0,35.3,21.9,True,False,False,False,False,False,False,False,True,False,True,False,False,False,False,True,False,False,True
5.14,2.34,0,1.3,3.4,1,11.1,36.7,False,False,False,False,False,False,True,False,False,False,False,False,True,False,False,False,True,False,True
11.52,0.53,0,2.4,3.8,0,88.2,49.17,True,False,False,False,False,False,False,False,True,False,True,False,False,False,False,False,True,True,False
3.0,2.31,0,5.4,4.42,1,23.2,35.83,False,False,False,False,False,False,False,False,False,True,False,False,False,False,False,False,True,True,False
5.41,0.24,0,4.6,4.3,0,25.9,39.47,False,False,False,False,False,True,False,False,True,False,True,False,False,False,False,False,True,False,True
5.52,3.77,0,7.3,3.7,0,50.9,20.11,True,False,False,False,False,False,True,False,False,False,False,False,True,False,False,False,True,False,False
5.06,0.32,0,0.5,4.42,0,77.7,25.42,False,True,False,False,False,False,True,False,False,False,True,False,False,False,False,False,False,False,True
7.38,3.42,0,1.1,4.5,1,56.7,28.35,True,False,False,False,False,False,False,False,False,False,False,False,False,True,False,False,False,True,False
5.78,4.96,1,0.1,4.25,0,10.5,40.69,True,False,False,False,False,True,False,False,False,False,False,True,False,False,False,True,False,False,True
2.63,1.09,1,3.3,4.57,0,94.0,22.85,True,False,False,True,False,False,False,False,True,False,False,True,False,False,False,False,True,False,True
6.02,0.35,1,1.1,4.48,0,57.9,32.99,False,True,False,False,False,False,False,True,False,True,False,False,False,False,False,True,False,True,False
1.97,1.93,2,0.4,4.16,0,54.7,39.02,False,False,False,False,True,False,False,True,False,False,False,False,True,False,False,True,False,False,False
6.84,3.23,0,0.8,3.96,0,64.7,35.36,False,True,False,False,False,False,False,True,False,False,False,False,False,True,False,False,True,False,False
2.12,0.38,0,0.9,4.62,0,21.8,9.94,True,False,False,False,False,False,False,False,False,False,False,False,False,True,False,True,False,False,True
2.26,1.69,0,2.5,4.4,0,41.0,15.68,True,False,False,False,False,False,False,True,False,False,False,False,False,False,True,False,True,True,False
4.26,6.11,1,1.7,4.79,0,33.4,22.7,True,False,False,False,False,False,True,False,False,False,True,False,False,False,False,False,True,False,True
1.64,4.48,0,0.3,4.34,0,50.3,13.74,True,False,False,False,False,False,False,False,True,False,False,False,False,False,True,False,True,False,True
4.86,0.33,0,0.2,4.42,0,93.2,41.08,False,False,True,False,False,False,False,True,False,True,False,False,False,False,False,False,True,False,True
13.8,2.24,1,2.1,4.64,0,47.8,66.12,False,False,False,False,False,False,False,False,False,True,False,False,False,False,False,False,True,False,False
6.78,6.04,2,2.7,5.0,1,91.3,52.39,False,False,False,False,False,False,True,False,False,True,False,False,False,False,False,False,True,False,True
4.85,1.38,0,1.7,4.19,0,36.1,22.61,True,False,False,False,False,False,False,True,False,False,False,False,False,False,True,False,True,False,True
7.03,0.24,1,0.4,3.77,1,46.5,36.85,True,False,False,False,True,False,False,False,False,False,True,False,False,False,False,False,False,True,False
2.87,3.21,0,0.3,3.83,0,31.1,27.63,False,False,False,False,False,True,False,True,False,False,False,False,False,True,False,True,False,True,False
4.2,12.03,0,1.9,3.54,0,40.5,17.78,True,False,False,False,False,False,True,False,False,False,False,False,False,False,True,False,False,True,False
7.7,3.02,0,2.3,4.36,0,85.7,43.18,False,True,False,True,False,False,False,False,False,False,False,False,False,False,True,False,True,True,False
3.75,0.45,0,6.5,4.94,0,68.8,26.26,True,False,False,False,False,True,False,False,False,False,False,False,False,True,False,False,True,True,False
1.91,2.93,0,9.2,3.54,0,76.4,10.77,True,False,False,False,False,False,False,True,False,False,False,False,False,False,True,False,True,False,True
5.88,0.36,3,0.3,4.29,0,42.4,50.03,False,False,False,False,False,False,True,False,False,False,False,True,False,False,False,False,True,True,False
1.79,2.96,1,2.1,4.12,0,88.2,17.04,False,True,False,False,False,False,True,False,False,False,False,True,False,False,False,True,False,True,False
4.17,1.72,0,3.6,3.46,0,91.0,21.02,False,False,False,False,False,False,False,False,True,True,False,False,False,False,False,False,True,True,False
5.26,1.44,0,2.2,4.75,1,57.8,37.83,False,False,False,False,False,False,False,False,False,False,True,False,False,False,False,True,False,True,False
5.49,0.43,0,0.3,4.98,0,28.8,35.03,False,False,False,False,False,False,False,False,False,False,False,False,False,True,False,False,False,False,True
9.05,4.28,0,0.4,4.61,1,37.4,43.14,True,False,False,False,False,False,True,False,False,False,False,False,False,False,True,False,True,True,False
7.58,6.02,0,0.5,4.35,1,31.2,39.72,True,False,False,False,False,False,True,False,False,False,False,False,False,True,False,False,True,False,True
2.88,0.28,0,1.4,4.44,1,32.8,21.63,False,True,False,False,False,False,True,False,False,False,False,False,True,False,False,False,True,False,False
2.82,1.27,1,3.5,4.14,0,35.4,32.61,False,False,True,False,False,False,False,False,True,False,False,False,False,True,False,True,False,False,True
2.45,1.34,1,0.2,4.7,1,83.7,31.11,False,False,False,False,False,False,True,False,False,True,False,False,False,False,False,False,True,True,False
6.26,1.04,0,1.2,4.17,1,46.2,31.41,False,True,False,False,False,False,True,False,False,False,False,False,False,False,False,True,False,False,False
2.22,1.7,0,1.9,4.28,0,10.8,13.43,False,True,False,False,False,False,False,True,False,False,False,False,False,True,False,False,True,False,True
3.23,1.14,1,3.4,4.06,0,88.2,33.72,False,False,False,False,False,False,False,False,False,False,False,False,False,False,True,False,True,False,False
3.64,0.63,0,0.6,4.65,0,60.7,20.79,False,True,False,False,False,False,False,False,False,False,False,False,False,False,True,True,False,False,False
10.37,1.54,0,1.4,3.56,0,57.1,51.98,False,False,False,False,False,False,False,False,True,False,False,True,False,False,False,True,False,True,False
1.03,1.57,0,4.2,4.35,1,94.9,8.46,True,False,False,False,False,False,True,False,False,True,False,False,False,False,False,False,False,False,True
0.88,1.93,1,0.9,4.22,0,83.0,10.78,True,False,False,False,False,False,False,False,True,False,False,False,False,True,False,False,True,True,False
1.6,3.22,1,2.7,4.16,0,17.1,24.98,False,False,False,False,False,False,False,False,False,False,True,False,False,False,False,True,False,True,False
4.45,1.55,0,1.1,4.49,0,43.4,22.76,True,False,False,False,False,False,False,False,True,False,True,False,False,False,False,True,False,True,False
6.88,0.35,0,5.4,4.44,1,95.5,37.43,False,True,False,False,False,False,False,False,False,False,False,False,False,True,False,False,True,True,False
3.71,5.43,0,0.3,3.94,0,90.5,23.77,True,False,False,False,True,False,False,False,False,False,False,False,True,False,False,False,False,True,False
4.28,0.99,0,1.5,4.8,0,20.3,25.22,False,True,False,False,False,True,True,False,False,False,False,True,False,False,False,True,False,False,True
1.25,1.8,1,5.9,3.52,1,78.6,19.46,True,False,False,False,False,True,True,False,False,False,False,False,False,True,False,False,True,True,False
4.43,0.3,0,2.7,4.87,1,77.7,25.41,True,False,False,False,False,False,True,False,False,False,False,True,False,False,False,True,False,True,False
4.56,4.02,0,1.4,4.27,0,62.7,26.02,False,True,False,False,False,False,False,True,False,False,False,False,False,False,True,False,True,True,False
3.51,4.59,0,10.0,4.2,1,38.0,17.02,True,False,False,False,False,False,True,False,False,True,False,False,False,False,False,True,False,False,False
0.78,1.25,0,0.8,4.27,1,61.2,20.14,True,False,False,False,False,True,False,False,False,False,False,False,False,True,False,False,True,False,True
3.22,0.28,0,2.4,3.78,0,53.7,21.1,False,True,False,True,False,False,False,False,False,False,True,False,False,False,False,False,True,False,True
3.78,0.66,1,0.1,4.15,0,58.7,29.34,False,True,False,False,False,True,False,False,True,False,False,True,False,False,False,False,True,False,False
1.12,0.62,0,11.0,4.26,0,44.9,19.2,False,False,False,True,False,False,False,False,True,False,False,False,False,False,False,False,True,False,True
2.45,1.5,0,0.1,4.3,0,83.2,29.81,False,False,False,False,True,False,False,False,False,False,False,False,False,False,False,False,False,False,True
8.39,1.61,0,0.0,3.93,1,44.1,44.24,True,False,False,False,False,True,True,False,False,False,False,False,False,False,True,False,True,False,True
6.13,1.63,0,1.6,4.13,1,47.5,36.51,False,True,False,False,False,True,True,False,False,False,False,False,False,True,False,False,False,True,False
1.6,4.26,0,1.8,3.74,1,20.2,12.66,True,False,False,False,False,False,False,False,False,False,False,False,True,False,False,False,True,True,False
7.53,2.33,0,0.1,4.28,0,95.1,43.4,False,True,False,False,False,True,True,False,False,False,False,True,False,False,False,False,True,True,False
3.13,0.32,0,10.1,4.29,0,75.2,19.83,False,False,False,False,False,False,False,False,True,False,False,False,True,False,False,True,False,False,True
8.22,0.56,2,1.5,4.48,1,67.6,53.96,False,False,False,False,True,False,True,False,False,False,False,False,False,False,False,False,False,True,False
3.31,4.06,0,6.1,5.0,0,30.5,15.98,True,False,False,False,False,False,False,True,False,False,False,False,True,False,False,False,True,True,False
1.67,7.31,1,4.2,4.55,0,86.8,20.24,True,False,False,False,False,True,False,False,True,False,False,False,True,False,False,False,True,False,True
2.89,0.7,1,5.0,4.28,1,39.1,41.89,False,False,True,False,False,False,False,False,False,False,False,True,False,False,False,False,True,True,False
7.98,2.26,2,1.7,4.19,1,59.3,52.75,True,False,False,True,False,False,True,False,False,False,False,False,False,False,True,False,True,False,True
6.74,0.98,1,0.0,4.67,0,42.7,32.26,False,True,False,False,False,False,False,False,False,False,False,True,False,False,False,False,False,True,False
4.22,1.08,2,8.6,3.72,0,96.8,27.31,False,True,False,False,False,False,False,False,True,False,False,False,True,False,False,True,False,False,True
4.81,1.03,3,7.3,4.24,1,46.0,39.35,True,False,False,False,False,False,False,False,False,False,False,False,False,False,False,True,False,True,False
2.5,0.54,0,3.7,4.57,0,28.8,10.57,True,False,False,False,False,False,False,False,False,False,True,False,False,False,False,False,True,False,True
3.42,1.83,0,4.1,4.26,0,35.2,17.12,False,True,False,False,False,False,False,False,False,False,False,False,False,False,True,True,False,False,False
10.74,2.3,0,1.4,4.62,0,15.8,64.34,False,False,False,False,True,False,False,False,True,False,False,False,True,False,False,False,True,False,True
1.95,0.61,0,2.1,4.63,1,38.9,20.19,True,False,False,False,False,False,False,False,False,False,False,False,False,True,False,True,False,True,False
1.06,1.24,0,2.4,4.75,0,99.6,10.44,True,False,False,False,False,False,True,False,False,False,False,False,False,False,False,False,True,False,True
2.63,1.82,1,1.8,3.82,0,16.0,20.22,True,False,False,False,False,True,False,True,False,False,True,False,False,False,False,True,False,False,True
7.31,2.51,0,6.8,4.06,1,75.6,39.46,True,False,False,False,False,False,False,False,False,False,False,False,False,False,True,False,True,True,False
4.11,3.38,0,7.3,4.4,0,21.0,18.64,True,False,False,False,False,False,True,False,False,False,False,False,True,False,False,False,True,True,False
4.8,0.47,0,7.4,4.89,0,95.3,22.9,True,False,False,False,False,False,True,False,False,False,False,False,False,False,True,True,False,True,False
8.02,0.6,1,15.0,4.39,0,64.9,40.26,False,True,False,False,False,False,True,False,False,False,True,False,False,False,False,False,True,True,False
4.7,0.56,0,0.4,3.75,1,64.6,40.76,False,False,False,False,False,False,False,False,False,False,True,False,False,False,False,True,False,True,False
3.72,4.22,0,1.8,4.27,0,31.0,17.37,True,False,False,False,False,False,False,False,False,False,False,False,False,False,True,False,True,False,True
3.33,0.55,0,1.4,4.3,0,88.3,18.12,False,True,False,False,False,False,False,True,False,False,False,False,False,True,False,False,True,False,True
3.94,0.8,1,4.9,4.52,1,42.1,45.88,False,False,True,False,False,True,True,False,False,False,False,False,False,False,True,False,True,True,False
4.82,0.34,0,0.2,5.0,0,75.6,30.46,False,False,False,False,False,False,False,True,False,True,False,False,False,False,False,True,False,False,True
4.97,0.23,0,1.7,4.35,1,86.1,38.23,False,False,False,False,False,True,True,False,False,False,False,True,False,False,False,True,False,True,False
7.95,0.81,2,2.4,4.08,0,51.1,40.25,True,False,False,False,False,True,False,True,False,True,False,False,False,False,False,False,True,False,True
1.27,1.08,2,2.4,4.54,0,93.0,19.97,False,True,False,False,False,False,False,False,True,False,False,False,False,False,False,False,True,True,False
9.7,6.24,0,1.2,4.03,1,97.7,47.83,False,True,False,False,False,False,True,False,False,True,False,False,False,False,False,True,False,False,True
3.84,3.31,0,5.3,4.65,1,58.5,47.2,False,False,True,False,False,True,True,False,False,False,False,False,False,True,False,False,True,False,True
3.17,1.51,2,0.6,4.33,0,49.7,32.87,False,True,False,False,True,False,False,False,True,False,False,False,False,False,False,True,False,False,True
3.2,3.06,1,2.6,3.72,1,35.7,32.87,False,True,False,False,True,False,False,False,False,False,True,False,False,False,False,True,False,True,False
1.14,4.07,1,3.7,4.38,1,60.5,17.69,True,False,False,False,False,False,True,False,False,False,False,False,False,False,False,True,False,False,True
7.73,0.4,0,15.0,4.42,0,55.2,29.22,True,False,False,True,False,False,True,False,False,False,False,False,False,False,False,False,True,True,False
3.85,2.18,1,2.3,4.43,1,77.6,32.82,True,False,False,True,False,False,True,False,False,False,False,False,False,False,True,False,True,True,False
4.22,0.71,1,1.5,4.87,0,53.6,18.6,True,False,False,False,False,False,False,False,False,True,False,False,False,False,False,False,True,True,False
2.24,2.03,2,0.6,4.9,0,47.7,24.11,False,True,False,True,False,False,False,False,False,False,False,False,True,False,False,False,True,False,True
4.78,11.46,1,1.6,4.55,0,30.8,39.78,False,False,True,False,False,False,False,True,False,False,False,False,False,False,True,True,False,False,True
3.57,5.74,2,8.8,4.31,0,13.7,21.35,True,False,False,False,False,False,False,False,True,False,False,False,True,False,False,False,True,False,False
4.42,0.87,0,0.4,4.22,0,86.0,31.48,False,False,False,False,False,False,False,True,False,False,False,True,False,False,False,True,False,True,False
2.29,0.58,0,1.1,4.77,1,73.0,24.08,False,True,False,True,False,False,True,False,False,False,False,False,False,True,False,True,False,True,False
1.48,6.59,1,0.1,4.5,0,93.3,22.16,False,True,False,False,False,False,True,False,False,True,False,False,False,False,False,False,True,True,False
7.83,0.45,1,2.0,4.56,0,50.2,35.93,True,False,False,False,False,False,False,False,False,True,False,False,False,False,False,False,True,False,True
5.18,3.66,2,1.0,4.65,0,60.9,38.48,False,False,False,False,False,False,False,True,False,False,False,False,False,False,True,False,True,False,True
6.82,2.98,0,1.0,4.46,0,63.2,30.41,True,False,False,False,False,True,True,False,False,False,False,True,False,False,False,True,False,False,True
5.15,0.7,0,1.3,3.87,0,32.9,37.16,False,False,False,False,False,True,False,True,False,False,False,False,False,True,False,False,True,True,False
2.75,5.5,0,2.7,4.53,1,63.8,25.81,True,False,False,False,False,False,True,False,False,True,False,False,False,False,False,False,True,False,True
4.31,1.02,0,9.0,4.71,0,63.1,27.18,False,True,False,False,False,False,False,False,True,False,True,False,False,False,False,False,True,True,False
5.77,2.28,0,0.8,4.32,0,39.4,33.4,False,True,False,False,False,False,False,False,True,False,True,False,False,False,False,True,False,True,False
2.31,0.48,1,3.6,4.25,1,36.2,35.33,False,False,True,False,False,False,True,False,False,False,False,False,True,False,False,False,True,False,True
3.34,2.7,1,1.1,4.5,1,75.6,21.94,True,False,False,False,False,False,True,False,False,False,False,False,False,True,False,False,True,True,False
5.05,0.27,1,6.6,4.67,0,73.3,32.65,True,False,False,False,False,True,False,True,False,True,False,False,False,False,False,False,False,False,True
6.63,0.31,2,0.1,4.01,0,73.9,37.54,True,False,False,False,False,False,False,True,False,False,False,False,False,False,False,False,True,True,False
3.78,0.33,0,2.8,4.56,1,70.3,22.3,False,True,False,False,False,False,False,False,False,False,False,False,False,False,True,False,True,False,True
7.23,2.56,1,2.2,4.46,0,93.7,27.64,False,True,False,True,False,False,False,False,True,False,False,False,False,True,False,False,False,False,True
6.52,0.5,1,0.8,4.11,0,96.1,36.24,False,True,False,False,False,False,True,False,False,False,False,False,True,False,False,False,True,True,False
8.86,2.29,1,0.9,4.66,0,71.6,47.5,False,True,False,False,False,False,False,True,False,False,False,False,False,True,False,False,True,True,False
7.39,1.79,2,0.2,3.93,0,18.9,46.59,False,False,False,False,False,False,True,False,False,False,False,True,False,False,False,False,True,False,True
4.14,0.44,0,0.2,4.36,0,63.1,18.33,True,False,False,False,False,False,True,False,False,False,False,False,False,False,True,False,False,True,False
5.03,0.37,0,0.8,4.39,0,64.6,32.66,False,True,False,False,False,True,False,False,False,False,False,False,False,False,True,True,False,False,True
2.74,2.53,0,1.6,4.37,1,37.3,28.49,False,True,False,False,False,False,True,False,False,False,False,False,False,False,True,False,True,False,True
15.08,0.98,0,1.1,4.4,1,47.7,85.61,False,False,False,False,True,False,False,False,False,False,True,False,False,False,False,False,True,False,True
4.07,0.79,1,0.6,4.54,0,89.9,29.0,False,False,False,False,False,False,False,False,False,False,False,False,False,False,False,False,False,False,True
1.17,5.92,0,1.3,3.98,1,64.4,17.98,False,True,False,False,False,False,False,False,False,False,False,True,False,False,False,False,True,False,False
2.03,1.46,0,0.3,4.52,1,51.3,23.74,True,False,False,False,True,False,True,False,False,False,False,False,False,True,False,True,False,False,True
4.61,1.33,3,4.1,4.21,0,33.6,25.14,True,False,False,False,False,False,False,True,False,False,False,False,False,True,False,False,True,False,False
3.11,0.6,4,1.6,3.59,0,40.2,44.74,False,False,False,True,False,False,False,True,False,False,False,False,False,False,True,False,False,True,False
3.6,6.12,0,4.5,4.2,1,69.5,14.72,True,False,False,False,False,False,True,False,False,False,True,False,False,False,False,True,False,False,False
2.6,1.45,3,0.3,4.08,0,37.2,35.43,False,False,False,False,False,False,False,False,False,False,True,False,False,False,False,True,False,False,True
11.96,0.6,1,0.0,4.47,0,14.8,65.6,False,False,False,False,False,True,False,False,True,False,False,True,False,False,False,True,False,True,False
4.08,0.76,0,1.1,4.15,0,74.1,27.09,False,False,False,False,False,False,True,False,False,True,False,False,False,False,False,False,True,False,True
0.92,0.38,0,0.5,3.56,0,46.8,19.3,False,False,False,False,False,False,False,False,False,True,False,False,False,False,False,False,True,False,False
3.05,1.65,0,2.5,3.61,1,40.3,31.66,True,False,False,False,True,False,False,False,False,False,False,True,False,False,False,False,True,True,False
1.57,0.31,0,0.3,3.72,0,84.1,10.44,True,False,False,False,False,False,False,False,True,False,False,False,False,False,True,False,False,True,False
6.2,0.56,0,3.2,4.66,1,70.0,30.73,False,True,False,False,False,False,True,False,False,False,True,False,False,False,False,False,True,False,True
12.55,0.4,1,6.5,4.84,0,47.7,59.69,True,False,False,False,True,False,False,False,True,False,True,False,False,False,False,False,True,False,True
3.6,0.49,1,2.8,4.1,0,29.6,31.94,False,True,False,False,False,True,False,False,False,False,False,False,True,False,False,True,False,False,False
1.8,1.69,2,2.2,4.62,1,43.7,40.49,False,False,False,False,False,True,True,False,False,True,False,False,False,False,False,True,False,False,True
5.8,5.05,1,1.9,4.48,1,11.1,45.62,False,True,False,False,True,False,True,False,False,True,False,False,False,False,False,False,False,True,False
5.06,0.63,1,8.6,4.21,1,37.4,48.55,False,False,False,False,True,False,True,False,False,False,False,False,True,False,False,True,False,False,True
4.6,0.4,3,0.8,4.83,0,46.2,35.07,True,False,False,False,False,True,False,False,True,False,False,False,False,True,False,False,True,False,True
3.75,3.0,0,2.4,4.35,0,63.4,21.22,False,False,True,False,False,False,False,True,False,False,False,False,False,True,False,False,True,True,False
2.4,0.42,0,6.2,3.58,1,61.2,18.82,False,True,False,False,False,False,True,False,False,False,False,False,True,False,False,True,False,True,False
2.27,3.04,0,0.0,5.0,1,81.9,21.11,False,True,False,False,False,False,False,False,False,False,False,True,False,False,False,True,False,True,False
3.67,1.21,0,0.5,4.64,1,86.4,31.44,False,False,False,False,False,False,True,False,False,False,False,False,False,False,False,False,True,False,False
2.58,0.93,0,0.3,3.83,0,79.6,28.32,False,False,False,False,True,False,False,True,False,False,False,False,False,False,True,True,False,False,False
4.02,0.65,0,1.8,3.92,0,66.7,34.23,False,False,True,False,False,False,False,False,True,True,False,False,False,False,False,False,True,False,True
1.47,1.11,1,0.2,4.37,0,14.4,17.95,False,True,False,False,False,False,False,True,False,False,False,False,False,False,True,True,False,False,True
5.15,0.2,0,0.9,4.09,0,32.8,35.95,False,False,True,False,False,False,True,False,False,False,False,False,True,False,False,False,True,False,False
10.46,0.25,4,0.8,4.93,0,10.6,63.92,False,True,False,False,False,True,True,False,False,False,False,False,True,False,False,True,False,False,True
3.62,2.5,1,2.2,4.16,0,70.8,38.11,False,False,True,False,False,True,False,True,False,False,True,False,False,False,False,True,False,True,False
1.65,4.65,1,3.0,4.12,0,86.7,14.02,True,False,False,False,False,False,False,False,False,False,False,False,False,False,False,False,True,True,False
5.8,1.17,1,1.4,4.14,1,28.1,36.3,False,True,False,False,False,False,True,False,False,False,False,False,False,True,False,True,False,False,True
6.43,0.64,2,0.4,4.95,0,20.6,43.5,False,False,False,False,False,False,False,False,True,False,False,False,False,True,False,True,False,False,True
0.89,0.95,0,1.1,4.66,0,52.4,9.56,False,True,False,False,False,False,False,False,True,False,False,False,True,False,False,False,True,True,False
3.11,2.4,1,1.2,4.02,1,81.4,31.74,False,True,False,False,True,False,False,False,False,False,False,False,True,False,False,False,False,False,True
3.21,2.04,1,2.3,3.68,0,81.7,21.46,False,True,False,False,False,False,False,True,False,False,False,False,False,True,False,True,False,False,False
2.04,1.53,0,3.3,3.78,0,98.9,25.81,False,False,True,False,False,False,False,False,False,False,True,False,False,False,False,False,True,True,False
2.01,1.8,0,2.1,3.94,0,94.1,23.72,False,False,True,False,False,False,False,True,False,True,False,False,False,False,False,True,False,True,False
3.82,6.64,0,2.3,4.76,0,93.5,31.42,False,True,False,True,False,False,True,False,False,False,False,False,False,True,False,False,True,True,False
8.49,3.33,1,1.1,4.49,0,80.5,41.62,True,False,False,True,False,False,False,True,False,False,False,True,False,False,False,False,True,False,True
4.95,1.51,0,2.3,4.15,0,18.4,39.65,False,False,True,False,False,False,True,False,False,False,False,False,False,True,False,True,False,True,False
2.02,1.31,0,2.7,4.59,0,83.1,20.82,False,True,False,False,False,True,False,False,True,False,False,True,False,False,False,False,True,False,False
4.06,2.84,0,2.2,4.7,0,77.7,25.74,False,False,False,False,False,False,False,False,True,False,False,True,False,False,False,False,True,True,False
3.48,1.47,1,4.0,4.1,0,12.6,29.38,False,True,False,False,False,False,False,False,True,False,False,False,False,False,True,False,False,True,False
10.44,0.96,1,0.1,4.35,0,16.2,44.79,True,False,False,False,False,False,False,False,False,False,True,False,False,False,False,True,False,True,False
3.38,0.44,2,0.3,4.43,0,32.2,33.05,False,True,False,False,False,True,False,True,False,True,False,False,False,False,False,True,False,True,False
8.81,1.38,1,4.3,5.0,0,13.4,36.4,True,False,False,False,False,False,False,True,False,False,False,True,False,False,False,False,False,False,True
10.89,5.55,1,5.7,4.22,0,55.3,50.35,False,False,False,False,False,False,False,False,True,False,False,False,False,False,True,True,False,False,True
5.09,2.4,0,0.1,4.49,1,12.3,38.04,False,True,False,False,False,True,True,False,False,False,False,False,False,False,True,True,False,True,False
1.94,1.16,1,0.4,4.39,1,50.4,27.12,True,False,False,False,False,True,True,False,False,False,False,False,False,False,False,True,False,False,False
5.44,0.22,1,1.2,4.42,1,84.3,45.6,False,True,False,True,False,False,False,False,False,False,False,False,False,True,False,False,True,True,False
4.76,0.82,1,4.6,4.38,0,32.2,37.39,False,True,False,False,True,False,False,False,True,True,False,False,False,False,False,False,True,False,True
2.22,4.68,0,2.1,5.0,0,30.4,28.16,False,False,False,False,False,False,False,True,False,False,False,True,False,False,False,False,True,True,False
3.87,0.73,0,3.6,4.69,0,49.0,25.41,False,True,False,False,False,True,False,True,False,True,False,False,False,False,False,False,False,False,True
4.92,4.37,0,1.5,4.3,0,21.3,37.24,False,False,False,False,False,True,False,False,True,True,False,False,False,False,False,False,True,False,False
2.52,6.1,0,4.0,4.11,0,69.2,12.42,True,False,False,False,False,False,False,False,True,False,False,False,False,False,False,False,True,True,False
5.4,1.27,0,1.6,4.4,0,81.5,29.84,False,True,False,False,False,False,False,True,False,True,False,False,False,False,False,True,False,True,False
1.89,1.42,1,0.2,4.19,0,70.3,20.61,True,False,False,True,False,False,False,False,False,False,False,False,False,False,True,False,False,True,False
6.58,0.83,0,0.9,3.83,0,13.1,36.84,False,True,False,False,False,True,True,False,False,False,False,False,False,False,False,True,False,False,True
4.04,3.3,1,0.1,4.45,0,96.6,30.85,False,False,False,False,False,False,False,True,False,False,False,True,False,False,False,True,False,False,False
4.64,0.69,1,0.6,3.65,0,26.2,26.28,True,False,False,False,False,False,False,True,False,False,False,False,False,True,False,False,True,False,True
3.23,0.43,0,4.9,4.38,0,24.6,16.98,False,True,False,False,False,False,False,False,False,False,False,False,True,False,False,True,False,False,True
9.16,1.86,0,1.5,3.43,1,86.4,59.8,False,False,False,False,False,True,True,False,False,False,False,False,False,True,False,False,True,False,True
2.8,0.62,0,1.3,4.44,0,11.1,34.07,False,True,False,False,True,False,False,False,True,False,False,True,False,False,False,True,False,False,True
3.56,0.96,1,0.0,4.4,0,14.5,25.13,False,True,False,False,False,True,False,True,False,True,False,False,False,False,False,False,False,True,False
3.16,0.27,1,8.3,4.74,0,12.1,27.05,False,True,False,False,False,False,True,False,False,False,True,False,False,False,False,True,False,False,True
8.02,0.22,0,4.8,4.22,1,94.8,41.78,True,False,False,False,False,True,True,False,False,False,False,False,False,True,False,False,True,False,False
1.13,0.63,1,1.2,5.0,0,99.3,15.0,True,False,False,False,False,False,False,False,True,False,False,False,False,False,True,False,True,True,False
3.29,5.36,0,8.5,4.62,0,70.6,23.97,False,True,False,False,False,True,False,False,False,False,False,False,False,False,False,False,True,True,False
6.68,1.74,0,7.1,4.14,1,69.1,27.72,True,False,False,False,False,False,False,False,False,False,False,False,False,False,True,True,False,True,False
2.57,0.94,0,1.6,4.33,0,69.6,30.07,False,False,False,False,True,False,False,True,False,False,False,False,False,False,True,False,True,False,True
1.17,1.91,1,12.9,3.75,0,42.9,14.01,False,True,False,True,False,False,False,False,False,False,False,True,False,False,False,True,False,False,True
5.1,0.85,1,0.7,4.3,0,36.1,39.75,False,False,True,True,False,False,False,True,False,False,False,False,True,False,False,True,False,False,False
4.26,0.69,0,3.6,4.14,0,48.9,14.54,True,False,False,False,False,False,False,False,False,False,False,False,False,True,False,True,False,False,False
0.64,1.65,2,0.3,4.04,1,94.2,28.24,False,True,False,False,False,True,False,False,False,False,False,True,False,False,False,True,False,True,False
6.4,3.49,0,1.2,4.89,0,18.0,47.84,False,False,False,False,True,False,False,True,False,False,False,False,False,False,False,True,False,False,True
3.69,1.84,1,0.1,3.8,1,25.0,34.42,False,True,False,True,False,False,False,False,False,False,False,False,False,True,False,False,True,True,False
4.81,2.62,1,2.2,4.36,1,51.2,36.74,False,False,False,False,False,False,True,False,False,False,False,False,False,False,True,False,True,True,False
9.2,4.43,0,0.9,4.13,0,88.8,41.37,True,False,False,False,False,True,True,False,False,False,False,False,False,False,True,True,False,False,True
7.54,0.9,0,1.1,4.5,0,86.0,36.77,False,True,False,False,False,False,False,False,True,False,False,False,False,True,False,False,True,False,False
5.81,1.99,1,0.9,4.11,1,86.9,51.37,False,False,False,False,False,True,False,False,False,False,False,False,False,True,False,False,True,False,True
1.61,1.39,0,0.8,5.0,1,13.3,16.41,False,True,False,False,False,False,False,False,False,False,False,False,False,True,False,True,False,True,False
9.54,4.55,0,2.3,3.7,1,87.9,50.87,True,False,False,False,False,True,True,False,False,False,False,True,False,False,False,False,True,False,True
6.77,5.5,1,0.1,4.34,0,16.2,43.24,False,True,False,False,False,False,False,True,False,False,False,False,False,False,True,False,True,True,False
3.52,2.63,1,1.2,3.83,0,17.6,33.15,False,False,False,False,False,False,False,False,False,False,False,True,False,False,False,True,False,True,False
5.2,5.27,2,0.2,4.26,1,24.0,51.99,False,False,True,False,False,False,False,False,False,False,True,False,False,False,False,False,True,True,False
5.02,0.42,0,4.6,3.27,0,10.2,26.22,False,True,False,False,False,False,False,True,False,False,False,False,False,False,False,True,False,False,True
2.78,6.34,0,1.1,4.63,1,24.4,22.09,False,True,False,False,False,False,False,False,False,False,True,False,False,False,False,False,True,False,True
1.41,1.11,0,3.9,3.95,0,65.6,17.19,False,True,False,False,False,False,False,False,False,False,False,False,False,True,False,False,True,True,False
5.34,0.35,0,1.5,3.95,0,23.6,26.12,True,False,False,True,False,False,False,True,False,False,False,False,False,False,True,False,True,True,False
14.59,3.3,2,6.0,4.76,0,62.1,68.41,False,False,False,False,False,False,False,False,True,False,False,True,False,False,False,True,False,False,True
3.46,1.97,0,9.9,3.96,1,23.6,34.39,False,False,False,False,False,True,True,False,False,False,False,False,False,False,False,False,True,True,False
6.46,0.28,1,2.6,4.32,0,47.3,44.29,False,False,False,False,False,False,False,True,False,False,True,False,False,False,False,True,False,False,True
1.63,0.21,0,6.0,4.51,0,48.2,11.5,True,False,False,False,True,False,False,True,False,False,False,False,False,False,True,True,False,False,True
4.87,0.63,4,3.3,4.35,0,18.8,39.12,True,False,False,False,False,False,True,False,False,False,True,False,False,False,False,False,False,False,True
2.58,4.0,0,0.7,4.81,0,23.3,9.61,True,False,False,False,False,False,False,True,False,False,False,False,False,False,False,True,False,False,True
11.33,3.55,1,15.0,3.07,1,79.4,41.83,True,False,False,False,False,False,True,False,False,True,False,False,False,False,False,False,True,False,False
5.27,0.85,0,1.8,3.93,0,98.4,33.19,False,True,False,True,False,False,True,False,False,True,False,False,False,False,False,True,False,True,False
2.32,0.25,0,1.7,4.24,1,51.7,21.43,True,False,False,False,False,False,False,False,False,False,False,False,True,False,False,False,True,True,False
3.47,1.68,0,1.8,4.56,1,99.6,11.61,True,False,False,False,False,False,False,False,False,False,False,False,False,True,False,False,False,False,True
3.47,2.47,0,0.9,4.09,0,18.8,25.37,True,False,False,False,False,True,False,False,False,False,True,False,False,False,False,False,True,False,True
8.93,1.45,0,0.3,4.06,0,75.7,33.64,True,False,False,False,False,False,False,False,True,False,False,False,True,False,False,False,True,False,False
2.01,1.43,0,0.3,4.3,0,89.1,13.93,False,True,False,False,False,False,False,True,False,True,False,False,False,False,False,False,True,False,True
4.53,4.93,1,1.6,3.92,1,32.2,28.16,True,False,False,False,False,False,True,False,False,True,False,False,False,False,False,False,True,True,False
2.91,5.97,0,0.1,4.34,1,69.5,49.9,False,False,True,False,False,True,True,False,False,False,False,False,False,False,True,True,False,True,False
3.65,1.16,1,1.1,4.49,0,27.7,17.47,True,False,False,False,False,False,False,True,False,False,False,True,False,False,False,True,False,True,False
7.86,1.81,1,2.6,4.47,0,35.6,34.11,False,True,False,True,False,False,False,True,False,False,False,True,False,False,False,True,False,True,False
7.15,2.31,1,0.8,4.4,0,85.9,32.76,True,False,False,False,False,False,True,False,False,False,False,False,False,True,False,False,True,False,True
6.09,1.18,1,0.2,4.49,0,68.4,35.66,True,False,False,False,False,True,False,True,False,False,False,False,False,False,False,False,True,False,False
2.92,1.86,0,0.2,4.64,1,36.5,21.02,False,True,False,False,False,False,False,False,False,False,False,False,True,False,False,True,False,False,True
7.05,2.59,0,1.1,3.64,0,79.8,30.57,False,True,False,False,False,False,False,True,False,False,True,False,False,False,False,False,True,False,False
4.16,2.77,0,0.5,4.36,0,49.7,20.24,True,False,False,False,False,False,False,True,False,False,False,False,False,False,False,True,False,False,True
1.72,3.02,0,2.0,5.0,0,98.6,29.02,False,False,True,False,False,True,False,False,False,False,False,False,False,False,True,False,True,False,True
4.92,4.45,1,6.1,4.39,0,47.0,24.24,True,False,False,True,False,False,False,True,False,False,True,False,False,False,False,True,False,True,False
4.2,1.2,1,1.5,4.54,0,99.9,22.16,True,False,False,False,False,False,False,True,False,False,True,False,False,False,False,True,False,False,True
7.56,4.53,0,4.8,3.78,0,40.6,44.25,False,False,True,False,False,False,False,False,False,False,False,False,False,False,True,False,True,True,False
2.13,7.34,1,3.0,4.29,1,32.9,24.76,False,True,False,False,False,False,False,False,False,False,False,False,False,True,False,True,False,False,True
2.76,3.86,0,4.9,4.04,0,14.6,30.87,False,False,True,False,False,False,False,False,True,False,False,True,False,False,False,True,False,True,False
2.87,2.23,1,0.5,4.75,0,51.1,24.18,False,True,False,False,False,False,False,True,False,False,False,False,False,True,False,False,False,False,False
1.26,0.56,1,4.1,4.22,0,36.1,22.46,False,False,False,False,False,False,False,True,False,False,False,True,False,False,False,True,False,False,False
3.73,1.1,0,0.3,4.97,0,77.3,21.14,False,True,False,False,False,False,True,False,False,False,False,False,False,True,False,False,True,False,True
1.6,3.34,2,1.1,4.73,1,40.9,29.91,True,False,False,False,False,True,False,False,False,False,False,False,False,False,True,True,False,False,True
4.88,1.17,0,0.2,4.72,0,36.0,22.5,True,False,False,False,False,False,False,True,False,True,False,False,False,False,False,False,True,False,False
2.9,3.85,0,3.1,4.1,0,33.4,27.95,False,True,False,False,False,True,False,True,False,False,False,True,False,False,False,False,True,False,True
2.82,2.58,3,5.3,4.51,0,49.4,25.27,False,True,False,False,False,False,False,True,False,False,False,False,False,False,True,False,True,False,True
4.18,0.78,0,5.0,4.64,1,62.4,34.49,False,True,False,False,False,True,False,False,False,False,False,False,False,False,False,True,False,True,False
8.63,3.28,0,0.2,4.02,0,29.3,32.86,False,True,False,True,False,False,False,False,True,False,False,False,False,False,False,False,False,False,False
4.41,5.14,1,1.0,4.75,0,45.3,43.67,False,True,False,False,False,True,False,True,False,True,False,False,False,False,False,False,True,True,False
2.25,9.83,2,1.1,4.53,0,88.8,33.59,False,False,False,False,False,False,False,True,False,False,False,False,False,True,False,True,False,False,True
4.59,4.42,1,0.5,3.98,1,76.4,42.19,False,True,False,False,False,False,False,False,False,False,False,False,False,True,False,False,True,True,False
1.17,1.63,0,5.6,4.36,1,39.6,21.53,False,True,False,False,False,True,False,False,False,False,False,False,False,True,False,True,False,True,False
1.32,0.39,0,4.2,3.97,0,63.6,19.94,False,True,False,False,False,True,False,True,False,False,False,False,False,False,False,False,True,True,False
3.12,0.55,0,0.9,3.94,0,64.6,34.87,False,False,False,False,False,True,True,False,False,False,False,False,False,True,False,True,False,True,False
1.37,5.41,0,0.1,3.75,0,81.3,29.73,False,False,True,False,False,False,False,False,False,True,False,False,False,False,False,False,True,True,False
4.56,3.73,0,0.7,3.54,1,51.2,28.91,False,True,False,False,False,False,True,False,False,False,False,False,False,False,True,False,False,True,False
2.73,3.8,1,0.2,4.37,0,13.0,33.51,False,False,False,False,False,False,False,True,False,False,False,False,False,False,False,False,True,True,False
2.12,0.57,0,6.7,3.67,0,33.7,12.71,False,True,False,False,False,False,False,True,False,False,False,False,False,True,False,True,False,True,False
3.78,1.51,0,0.4,4.3,0,18.9,23.15,False,False,False,False,False,False,False,False,False,False,False,True,False,False,False,True,False,True,False
2.14,2.39,0,0.2,3.56,0,84.9,17.85,False,True,False,False,False,False,True,False,False,True,False,False,False,False,False,True,False,True,False
3.51,4.71,0,1.8,4.31,0,65.7,19.32,True,False,False,True,False,False,True,False,False,False,True,False,False,False,False,True,False,True,False
2.09,0.7,1,2.0,4.37,1,48.9,36.29,False,True,False,False,True,False,True,False,False,False,False,False,False,True,False,False,True,False,True
1.49,2.78,1,2.4,4.35,0,69.3,20.34,False,True,False,False,False,False,True,False,False,False,False,False,False,True,False,False,False,True,False
5.79,0.32,2,0.8,4.39,0,61.6,37.94,False,True,False,False,False,False,False,True,False,False,False,True,False,False,False,False,False,False,True
3.75,0.47,0,5.3,4.62,0,58.6,34.0,False,False,False,False,False,True,False,True,False,False,False,False,False,False,False,True,False,False,False
5.28,1.81,2,1.1,3.9,0,39.7,35.15,False,False,False,False,False,False,False,False,True,False,False,False,True,False,False,True,False,True,False
5.53,0.31,0,2.4,4.45,0,62.3,17.46,True,False,False,False,False,False,True,False,False,False,False,False,False,False,False,False,True,False,True
1.64,1.6,0,2.0,4.42,0,32.7,20.5,False,False,False,False,False,False,False,True,False,False,False,False,False,True,False,True,False,False,True
4.76,0.51,1,1.7,4.21,1,42.7,44.1,False,False,False,False,True,False,True,False,False,False,False,False,True,False,False,False,True,True,False
6.65,1.88,3,1.4,4.62,0,84.8,40.27,False,True,False,False,False,False,False,False,True,False,False,True,False,False,False,False,True,False,True
3.97,1.34,0,0.5,4.1,0,20.3,28.12,False,False,False,False,False,False,False,True,False,False,False,True,False,False,False,True,False,True,False
4.65,6.42,0,2.3,3.21,0,39.3,25.47,True,False,False,False,False,True,False,False,True,False,False,False,False,False,False,True,False,True,False
9.47,1.96,0,0.2,4.15,1,81.2,49.65,False,False,False,False,False,False,False,False,False,False,False,False,False,False,True,True,False,False,True
6.82,1.84,0,0.5,4.41,0,60.6,41.64,False,True,False,False,False,True,True,False,False,False,True,False,False,False,False,False,True,False,True
7.27,0.63,0,1.8,4.62,0,67.0,41.06,False,True,False,False,False,False,False,True,False,False,False,False,False,True,False,False,True,False,False
3.1,0.38,0,2.0,3.97,0,36.1,16.61,False,True,False,False,False,False,False,False,True,False,False,False,False,False,False,True,False,False,False
1.83,0.81,1,0.0,4.23,0,100.0,25.42,False,False,False,False,False,False,False,True,False,False,False,False,False,False,True,True,False,False,True
2.19,2.88,0,0.5,4.06,0,76.6,25.01,False,True,False,False,False,True,True,False,False,False,True,False,False,False,False,False,True,False,True
1.98,1.36,0,3.6,5.0,0,59.3,20.12,False,False,False,False,False,False,False,False,False,False,True,False,False,False,False,False,True,False,False
2.69,0.23,0,1.8,3.72,0,52.0,15.24,False,True,False,False,False,False,False,True,False,False,False,False,False,False,False,False,True,True,False
2.57,1.94,0,0.8,4.4,1,47.1,19.75,False,True,False,False,False,False,True,False,False,False,False,False,False,True,False,True,False,False,True
1.21,2.96,1,1.7,4.14,0,93.9,19.6,False,False,False,False,False,False,False,False,True,False,False,False,False,False,True,True,False,True,False
4.33,1.5,1,0.7,3.87,0,13.4,24.12,True,False,False,False,False,False,False,False,False,False,True,False,False,False,False,False,True,False,True
4.33,0.9,0,0.8,3.67,0,37.6,19.27,True,False,False,False,False,False,False,True,False,False,True,False,False,False,False,False,True,False,True
3.87,2.94,2,2.0,4.53,1,12.4,37.36,False,True,False,False,False,False,True,False,False,False,True,False,False,False,False,False,True,True,False
3.51,1.44,0,1.4,4.35,0,97.4,16.23,False,True,False,False,False,False,False,True,False,True,False,False,False,False,False,True,False,True,False
4.94,0.88,0,0.9,4.49,0,39.3,29.48,False,True,False,True,False,False,False,True,False,False,False,True,False,False,False,False,False,False,True
2.23,2.01,2,5.3,3.7,1,18.3,40.01,True,False,False,False,True,False,False,False,False,False,False,False,False,False,True,True,False,False,False
2.88,4.43,2,6.5,4.56,0,40.5,31.99,True,False,False,False,True,False,False,True,False,False,False,True,False,False,False,False,True,False,False
3.0,5.96,0,1.5,4.64,0,30.1,28.09,False,True,False,False,False,True,True,False,False,False,False,False,False,False,True,False,False,False,True
4.02,0.32,2,4.0,4.44,1,31.6,36.52,False,True,False,False,False,False,False,False,False,False,False,True,False,False,False,False,True,False,True
6.85,0.35,1,2.9,4.74,0,29.0,37.87,False,False,False,True,False,False,False,False,False,False,False,False,False,True,False,True,False,False,True
6.39,0.87,0,0.1,4.31,0,45.4,44.75,False,False,False,False,False,False,False,False,True,False,False,False,False,True,False,False,True,False,True
1.39,1.24,0,4.4,4.3,0,13.5,16.41,False,True,False,False,False,False,False,False,False,False,False,True,False,False,False,True,False,True,False
6.25,0.32,3,2.6,4.3,0,38.0,58.81,False,False,True,False,True,False,False,False,False,False,False,False,False,True,False,True,False,True,False
1.92,0.93,1,0.3,4.18,0,52.1,18.3,True,False,False,False,False,True,True,False,False,False,False,False,False,False,False,False,True,False,True
6.13,1.09,0,0.9,3.77,0,17.9,53.28,False,False,True,False,True,False,False,False,False,False,True,False,False,False,False,False,True,True,False
3.04,0.21,1,0.4,4.62,1,24.8,30.26,False,True,False,False,False,False,True,False,False,False,False,False,True,False,False,False,True,True,False
3.58,0.66,1,3.6,4.6,0,72.8,20.13,False,True,False,False,False,False,False,True,False,False,False,False,False,False,True,True,False,False,True
1.75,1.9,0,0.5,4.7,0,43.6,12.98,True,False,False,False,False,False,False,True,False,True,False,False,False,False,False,False,True,False,True
5.03,1.71,1,0.2,4.54,1,66.7,32.32,True,False,False,False,False,False,False,False,False,False,False,True,False,False,False,False,True,False,True
2.41,7.22,0,1.1,3.32,0,43.6,24.04,False,True,False,False,True,False,False,True,False,False,False,False,False,True,False,False,True,True,False
2.77,5.25,1,3.9,4.45,0,43.4,32.14,False,True,False,False,True,False,False,False,True,False,False,False,True,False,False,False,True,False,True
0.93,0.29,1,5.7,3.9,0,71.2,26.84,False,False,True,False,False,False,False,True,False,False,False,True,False,False,False,True,False,True,False
2.26,2.85,2,3.7,4.4,0,17.4,21.43,False,True,False,False,False,False,False,False,False,False,True,False,False,False,False,True,False,False,False
1.86,0.21,2,0.6,3.96,1,26.8,38.24,False,False,False,False,False,False,False,False,False,True,False,False,False,False,False,True,False,True,False
4.63,1.84,1,0.9,4.01,1,30.9,36.79,False,True,False,False,False,True,True,False,False,False,False,False,False,False,True,False,True,True,False
5.59,2.75,0,1.6,3.92,0,53.5,28.26,True,False,False,True,False,False,True,False,False,False,True,False,False,False,False,False,True,False,True
8.3,7.25,0,0.2,3.81,0,98.2,34.92,False,True,False,True,False,False,True,False,False,False,False,True,False,False,False,True,False,True,False
2.3,7.01,0,3.7,4.47,0,13.9,22.4,False,False,False,False,False,False,False,True,False,False,False,False,True,False,False,False,False,False,False
2.2,6.67,3,4.2,4.03,0,57.3,41.04,False,False,True,False,False,False,False,True,False,False,False,True,False,False,False,False,True,False,True
4.36,4.21,0,3.7,4.55,0,31.7,31.13,False,False,True,False,False,False,False,False,False,False,False,False,False,False,True,True,False,False,True
2.08,11.15,1,5.0,4.1,0,34.8,19.1,True,False,False,False,True,False,False,False,False,False,False,True,False,False,False,True,False,True,False
3.31,2.32,0,1.3,4.37,0,11.4,29.65,False,False,False,False,False,False,False,True,False,False,True,False,False,False,False,False,True,False,True
3.01,1.59,0,2.7,3.78,0,44.9,25.1,True,False,False,False,True,False,False,False,False,True,False,False,False,False,False,False,True,True,False
7.45,4.64,2,3.2,4.49,0,48.3,49.94,False,False,False,False,False,False,False,False,False,False,False,False,False,True,False,False,True,True,False
4.27,0.93,0,5.4,4.92,0,50.3,12.0,True,False,False,False,False,False,False,True,False,False,False,False,False,False,True,False,False,False,True
2.26,1.21,1,0.8,4.13,0,59.1,45.05,False,False,True,False,True,False,True,False,False,False,False,False,False,False,True,False,True,False,False
5.61,1.49,0,2.9,4.9,0,22.3,29.45,True,False,False,False,False,False,True,False,False,False,False,False,False,False,True,False,True,False,True
3.99,1.62,0,2.7,4.73,1,11.9,30.31,False,True,False,False,False,False,True,False,False,False,False,False,True,False,False,False,True,True,False
3.16,2.53,0,8.2,3.85,1,17.9,30.49,False,False,True,False,False,False,True,False,False,False,True,False,False,False,False,True,False,False,True
10.4,3.44,1,2.3,4.19,0,27.2,50.75,False,True,False,False,False,False,False,False,False,False,False,True,False,False,False,False,True,False,True
1.61,2.23,1,0.6,3.74,0,95.0,13.55,True,False,False,False,False,False,False,False,True,False,False,True,False,False,False,False,True,False,True
5.12,0.93,2,1.0,4.35,1,92.3,53.35,False,False,True,False,False,False,False,False,False,False,False,False,False,False,True,False,True,True,False
2.66,0.28,0,0.7,4.75,0,45.8,25.92,False,True,False,True,False,False,False,True,False,False,False,False,True,False,False,True,False,False,True
2.01,0.43,1,1.0,4.14,1,71.0,27.58,False,True,False,False,False,False,True,False,False,False,False,False,False,False,False,False,True,False,False
1.8,0.53,0,1.1,4.47,0,47.9,18.34,False,False,False,False,False,False,False,True,False,False,False,False,False,False,True,True,False,False,True
2.78,0.89,0,1.2,4.15,0,93.6,17.65,True,False,False,False,False,True,True,False,False,False,False,False,False,True,False,False,False,True,False
7.38,1.4,2,3.9,4.09,0,19.9,40.28,True,False,False,False,False,False,False,False,False,False,False,False,False,True,False,False,True,False,True
3.41,1.07,1,2.8,4.32,0,34.7,37.05,False,False,True,False,False,False,False,False,True,False,True,False,False,False,False,True,False,False,True
2.3,1.47,1,1.7,4.41,0,12.7,28.26,True,False,False,False,False,True,False,False,False,False,False,False,False,False,True,True,False,False,True
8.12,3.58,0,2.0,4.16,0,47.3,41.32,False,True,False,False,False,True,False,True,False,False,False,False,False,False,True,False,True,False,True
0.74,0.9,0,1.8,4.31,0,75.4,20.55,False,True,False,False,False,True,True,False,False,True,False,False,False,False,False,False,True,False,True
3.31,0.23,0,3.6,4.07,0,53.4,23.1,False,True,False,False,False,False,False,False,True,False,False,True,False,False,False,False,True,False,False
6.98,0.63,1,6.1,3.94,0,73.9,37.86,False,False,False,False,False,False,True,False,False,False,False,True,False,False,False,False,False,False,False
2.37,0.33,2,2.0,4.47,0,35.8,22.68,True,False,False,False,False,False,False,True,False,False,False,True,False,False,False,False,True,False,True
2.17,0.44,0,1.5,4.15,0,71.9,19.41,False,True,False,False,True,False,False,False,False,False,False,False,False,False,True,False,False,True,False
1.82,1.25,0,1.4,3.9,0,13.8,14.59,False,True,False,False,False,False,False,False,False,False,False,True,False,False,False,False,False,False,True
9.55,0.51,2,0.7,4.55,0,12.0,52.15,False,True,False,False,False,False,True,False,False,False,False,False,False,False,False,True,False,False,True
5.45,1.8,1,0.8,3.52,1,64.8,47.19,False,False,False,False,False,False,False,False,False,False,True,False,False,False,False,False,True,False,True
5.02,1.07,0,2.1,4.18,1,25.2,26.38,True,False,False,False,False,False,False,False,False,False,False,False,True,False,False,False,False,False,True
9.63,3.01,1,1.1,4.44,0,32.7,44.71,True,False,False,False,False,False,False,True,False,False,True,False,False,False,False,False,True,False,False
2.71,2.34,0,3.9,4.3,0,65.0,19.84,False,False,False,False,False,False,True,False,False,False,False,False,False,False,False,False,True,False,True
4.86,3.97,1,5.1,3.76,0,14.9,22.13,True,False,False,False,False,False,False,False,False,True,False,False,False,False,False,False,False,False,True
9.3,0.22,0,6.6,4.45,0,21.2,30.45,True,False,False,False,False,False,False,False,False,False,False,True,False,False,False,False,True,False,True
5.48,0.95,0,0.3,5.0,0,94.1,32.44,False,False,False,False,False,False,False,True,False,False,False,False,False,True,False,True,False,False,True
2.51,0.49,0,0.8,4.33,1,87.2,17.14,True,False,False,False,False,False,False,False,False,False,False,False,True,False,False,True,False,False,True
1.6,1.85,0,0.6,3.91,1,69.6,23.51,False,False,False,False,False,False,False,False,False,False,False,False,False,True,False,True,False,True,False
4.7,1.55,1,1.9,4.42,0,92.5,26.01,True,False,False,False,False,True,False,False,True,False,False,False,True,False,False,False,True,False,True
5.33,1.19,1,0.4,4.34,0,29.7,26.66,True,False,False,True,False,False,False,False,False,False,False,False,False,True,False,False,False,True,False
7.1,0.53,1,2.1,3.84,1,15.0,45.18,False,False,False,False,False,False,False,False,False,False,False,False,False,False,False,True,False,False,True
4.78,1.11,1,4.9,3.47,0,95.7,36.73,False,False,False,False,False,True,False,False,True,False,False,False,False,False,False,False,True,False,True
6.09,4.06,0,0.4,3.81,0,25.9,34.52,True,False,False,False,False,True,False,False,False,False,False,False,False,False,False,False,True,False,False
4.09,1.05,1,0.7,4.05,0,91.6,30.98,False,True,False,False,False,False,False,True,False,False,False,False,False,False,True,False,True,True,False
5.21,6.28,0,0.0,4.4,1,93.8,32.82,False,True,False,False,False,False,True,False,False,True,False,False,False,False,False,True,False,True,False
1.77,2.32,1,2.3,4.01,0,94.5,24.5,False,False,False,False,False,False,True,False,False,False,False,False,False,False,True,True,False,False,True
10.81,3.46,0,4.1,3.84,0,79.5,46.1,False,True,False,False,False,False,False,False,True,True,False,False,False,False,False,False,True,True,False
4.62,0.44,0,1.8,4.15,1,54.8,31.1,False,False,False,False,False,False,True,False,False,True,False,False,False,False,False,True,False,False,True
7.07,0.28,1,0.3,4.46,0,16.9,49.64,False,False,False,False,False,False,False,False,True,False,True,False,False,False,False,False,True,True,False
4.83,0.59,1,0.8,4.13,0,25.6,29.45,False,True,False,False,False,False,False,False,True,False,False,False,True,False,False,False,True,True,False
4.43,0.54,0,6.3,3.85,1,59.0,38.41,False,True,False,False,False,True,False,False,False,False,False,False,False,True,False,False,True,True,False
4.05,0.9,1,2.0,4.04,0,93.6,23.14,True,False,False,False,False,False,False,False,False,False,True,False,False,False,False,False,True,True,False
6.88,0.66,1,0.3,4.01,1,88.0,35.28,True,False,False,False,False,False,False,False,False,False,False,False,False,True,False,False,True,True,False
4.09,1.26,1,0.4,4.08,0,96.8,30.08,False,False,False,False,False,False,False,False,False,True,False,False,False,False,False,True,False,False,True
2.35,0.34,1,8.1,4.05,0,69.7,22.9,False,False,False,False,False,False,True,False,False,False,False,False,True,False,False,True,False,False,False
7.02,0.56,0,0.6,3.72,0,39.7,40.45,False,False,False,False,False,True,False,False,False,True,False,False,False,False,False,False,True,False,True
2.19,2.03,0,2.1,4.0,0,97.4,15.92,True,False,False,False,False,False,True,False,False,False,False,False,False,True,False,False,True,False,True
2.09,0.76,0,3.3,3.71,0,28.5,23.51,False,False,False,True,False,False,False,False,True,True,False,False,False,False,False,True,False,True,False
3.48,0.3,0,8.6,3.63,0,54.2,14.7,True,False,False,True,False,False,True,False,False,False,True,False,False,False,False,False,True,True,False
7.31,1.28,1,0.5,3.61,0,68.8,31.21,True,False,False,False,False,False,False,True,False,False,False,False,False,False,True,True,False,True,False
3.93,0.48,1,1.2,4.63,0,87.8,25.01,False,True,False,False,False,False,False,False,False,False,True,False,False,False,False,False,True,False,True
6.16,1.48,0,1.2,4.46,0,89.0,24.46,True,False,False,True,False,False,False,False,True,False,False,True,False,False,False,True,False,True,False
4.9,3.64,0,1.2,4.54,0,22.2,19.32,True,False,False,False,False,False,False,True,False,False,False,False,False,False,False,True,False,False,True
4.76,7.65,0,0.4,4.53,1,81.9,34.34,False,False,False,True,False,False,True,False,False,False,False,False,True,False,False,True,False,True,False
3.17,0.45,0,1.0,3.59,0,79.6,14.31,True,False,False,False,False,False,False,False,True,False,False,False,False,False,False,True,False,True,False
2.81,6.29,0,0.9,3.72,0,33.7,14.17,True,False,False,False,False,False,True,False,False,False,False,False,False,False,True,False,True,False,True
5.34,0.69,1,1.2,4.67,0,30.9,40.27,False,False,False,False,False,False,True,False,False,True,False,False,False,False,False,False,True,False,True
1.85,3.92,0,0.5,4.18,0,63.3,22.27,False,False,False,False,False,False,False,True,False,False,False,False,False,True,False,False,True,True,False
5.72,2.29,1,11.1,4.17,0,88.7,28.51,False,True,False,False,False,False,False,True,False,False,False,False,False,True,False,True,False,False,True
2.35,0.36,0,1.7,4.46,1,52.2,27.74,False,True,False,False,False,True,True,False,False,False,False,False,True,False,False,False,True,False,True
16.88,1.15,1,3.4,4.71,0,93.4,75.15,False,True,False,False,True,False,False,False,False,True,False,False,False,False,False,True,False,False,True
7.75,5.68,0,0.0,3.44,1,61.9,36.42,True,False,False,False,False,False,False,False,False,False,False,False,False,False,True,False,True,True,False
4.45,0.23,1,8.7,4.68,0,72.8,24.3,False,True,False,False,False,False,False,True,False,False,False,False,True,False,False,True,False,False,True
4.19,4.06,1,5.4,4.26,1,46.9,32.77,False,False,False,False,False,False,False,False,False,False,False,False,False,False,True,True,False,False,True
3.63,5.46,1,3.8,4.35,0,46.7,14.63,True,False,False,False,False,False,False,False,False,False,False,True,False,False,False,False,False,False,True
1.72,5.38,0,0.3,3.34,0,57.4,6.57,True,False,False,False,False,False,False,True,False,True,False,False,False,False,False,True,False,False,True
8.22,0.51,1,3.9,4.79,0,45.9,29.5,True,False,False,False,False,False,False,False,True,False,False,False,True,False,False,False,False,False,True
4.15,1.07,0,3.8,3.68,0,58.6,29.79,False,False,False,False,False,False,False,True,False,True,False,False,False,False,False,False,True,False,False
6.11,5.42,0,1.6,3.91,1,58.3,49.48,False,False,False,False,False,True,True,False,False,False,False,False,False,False,False,True,False,False,True
2.05,0.55,1,1.5,4.05,1,49.7,20.9,False,True,False,False,False,False,False,False,False,False,False,True,False,False,False,False,True,False,False
10.33,0.29,0,0.0,4.45,1,35.6,51.79,True,False,False,False,False,True,False,False,False,False,False,False,True,False,False,False,True,False,True
7.94,0.2,1,0.2,4.04,1,94.4,55.02,False,False,False,True,False,False,False,False,False,False,False,False,True,False,False,False,True,True,False
3.17,2.91,0,2.9,3.75,0,75.4,24.82,False,True,False,False,True,False,False,False,False,False,False,False,False,True,False,False,True,False,True
2.61,1.81,0,0.7,4.04,1,76.3,31.27,False,False,False,False,False,False,False,False,False,False,False,False,False,False,True,False,True,False,True
6.12,4.16,0,0.9,4.24,0,35.0,47.51,False,False,True,True,False,False,False,False,False,False,True,False,False,False,False,False,False,False,False
2.37,2.59,0,0.6,4.23,1,62.3,20.35,True,False,False,False,False,False,False,False,False,False,False,False,False,True,False,True,False,False,True
4.39,2.68,0,2.3,4.34,1,28.5,45.61,False,False,True,False,False,True,True,False,False,True,False,False,False,False,False,False,True,False,True
3.63,1.18,0,1.4,3.63,0,32.3,18.92,True,False,False,False,False,False,False,False,False,False,False,False,True,False,False,True,False,True,False
11.14,0.35,1,5.1,4.53,1,37.6,51.66,False,True,False,True,False,False,True,False,False,False,False,False,False,True,False,False,False,False,False
2.21,2.54,0,6.6,4.38,1,32.6,19.29,True,False,False,False,False,False,True,False,False,False,False,False,False,True,False,False,True,True,False
2.18,1.35,1,2.5,4.96,0,15.2,19.1,True,False,False,False,False,False,False,False,True,False,False,False,False,False,False,True,False,False,True
2.3,3.15,0,1.5,4.91,0,38.5,28.02,False,False,True,False,False,False,True,False,False,False,False,True,False,False,False,True,False,False,False
2.75,6.13,0,2.1,4.2,0,78.0,16.87,True,False,False,False,False,False,False,True,False,False,True,False,False,False,False,True,False,False,False
2.37,0.78,0,0.3,4.18,0,42.2,24.16,True,False,False,False,False,True,False,True,False,True,False,False,False,False,False,False,True,True,False
1.88,1.64,0,2.3,4.2,0,78.3,24.78,False,True,False,False,True,False,False,False,True,False,True,False,False,False,False,True,False,False,True
3.66,0.65,0,0.8,4.68,1,67.2,35.52,False,False,False,False,False,True,True,False,False,False,True,False,False,False,False,True,False,False,True
4.88,1.06,0,0.1,4.55,0,44.9,35.85,False,False,False,False,False,True,True,False,False,False,True,False,False,False,False,False,True,False,True
5.04,1.07,0,12.4,4.66,0,14.4,25.14,False,True,False,True,False,False,True,False,False,False,False,False,True,False,False,False,True,False,True
2.38,7.95,0,3.4,4.49,0,77.8,30.2,False,True,False,False,False,True,False,False,True,True,False,False,False,False,False,False,True,True,False
1.09,1.31,0,0.4,4.26,0,21.9,22.05,False,True,False,False,False,True,False,True,False,False,False,True,False,False,False,True,False,False,True
13.08,7.75,0,1.0,4.81,0,40.2,65.01,False,False,False,False,False,False,False,True,False,False,False,True,False,False,False,False,True,False,True
4.05,0.86,1,2.1,3.61,1,87.3,36.91,False,True,False,False,False,True,True,False,False,False,False,False,False,True,False,False,True,True,False
8.57,1.54,0,1.3,3.72,0,88.3,37.9,False,True,False,False,False,False,False,True,False,False,False,False,False,False,True,False,True,False,True
5.48,2.07,1,3.7,3.94,0,95.7,30.34,False,True,False,False,False,False,False,True,False,False,False,False,True,False,False,False,True,False,True
2.64,2.38,1,3.2,4.29,0,57.5,25.65,False,False,False,False,False,False,False,True,False,False,False,False,True,False,False,False,True,False,True
2.09,2.44,1,1.5,3.91,1,33.4,27.07,False,True,False,False,False,False,False,False,False,False,False,False,True,False,False,False,False,False,True
2.96,0.7,2,2.4,4.34,1,35.5,35.02,False,False,False,False,False,False,True,False,False,False,False,False,True,False,False,False,True,True,False
5.79,0.3,1,1.7,4.67,0,17.8,44.25,False,True,False,False,True,False,False,False,True,False,False,False,False,True,False,False,True,False,True
2.63,2.4,0,2.8,4.98,0,95.3,16.36,True,False,False,False,False,False,False,False,True,False,True,False,False,False,False,False,True,True,False
2.25,0.95,0,1.0,4.19,0,10.9,27.23,False,False,False,True,False,False,False,True,False,True,False,False,False,False,False,True,False,True,False
1.05,6.87,2,6.1,4.64,0,26.9,18.84,False,True,False,False,False,False,False,False,True,True,False,False,False,False,False,True,False,False,False
2.93,0.35,1,1.0,4.73,1,63.2,19.3,True,False,False,False,False,False,False,False,False,False,False,True,False,False,False,True,False,False,True
2.36,0.61,0,0.1,4.3,1,52.3,20.27,True,False,False,False,False,False,True,False,False,False,False,False,False,False,True,False,True,False,True
2.84,0.42,2,2.4,4.45,0,50.2,27.81,False,False,False,False,False,False,False,True,False,False,False,False,False,False,True,False,True,False,True
4.24,0.52,2,0.9,4.16,0,72.3,33.43,False,False,False,False,False,False,True,False,False,False,True,False,False,False,False,True,False,False,True
6.11,1.75,0,1.4,3.6,1,92.8,35.16,False,True,False,False,False,False,False,False,False,True,False,False,False,False,False,True,False,False,True
2.75,4.41,1,0.2,4.69,1,11.2,37.63,False,False,False,True,False,False,True,False,False,False,False,False,False,False,False,False,True,True,False
1.21,4.08,0,2.0,4.18,0,79.5,21.54,False,False,False,False,False,False,False,False,False,False,False,False,False,True,False,False,True,False,True
1.45,0.3,2,3.2,4.68,0,20.1,22.77,False,False,False,False,False,False,False,False,False,True,False,False,False,False,False,False,True,False,True
11.37,4.86,1,0.6,4.13,0,22.7,52.74,True,False,False,True,False,False,False,True,False,False,False,False,False,True,False,True,False,True,False
2.72,2.88,0,2.1,4.21,1,50.8,19.4,True,False,False,False,False,False,True,False,False,False,False,False,False,False,False,False,True,True,False
3.16,0.51,1,1.9,3.73,0,23.4,21.24,True,False,False,False,False,True,False,False,True,False,False,False,False,False,True,False,False,False,True
1.88,0.56,1,0.3,4.94,1,68.7,25.79,True,False,False,False,False,True,True,False,False,False,False,False,False,True,False,False,True,False,True
1.43,2.39,0,0.4,4.21,0,37.1,17.28,False,True,False,False,False,True,False,False,True,False,False,False,False,True,False,True,False,True,False
7.18,5.65,1,0.3,4.17,1,63.9,45.77,True,False,False,False,False,True,False,False,False,False,False,True,False,False,False,False,True,True,False
5.94,0.64,0,1.3,4.03,1,95.2,28.48,False,True,False,False,False,False,False,False,False,False,True,False,False,False,False,True,False,True,False
5.52,0.95,1,0.0,4.55,1,98.9,30.37,False,False,False,False,False,False,True,False,False,False,False,False,False,True,False,True,False,True,False
4.36,1.05,0,2.6,3.5,0,47.9,38.05,False,False,True,False,False,False,False,False,True,False,False,False,False,True,False,False,True,False,True
2.75,0.86,0,1.5,3.13,0,33.8,22.51,False,False,False,False,False,False,False,False,True,False,False,True,False,False,False,False,True,False,True
4.54,6.33,0,6.3,4.05,0,72.8,19.65,False,True,False,False,False,False,False,False,True,False,False,True,False,False,False,True,False,True,False
5.56,1.96,0,1.1,4.36,0,50.6,22.27,False,True,False,False,False,False,False,True,False,False,False,False,True,False,False,True,False,False,True
4.13,3.73,1,11.4,4.27,0,94.4,28.73,True,False,False,False,False,True,False,False,True,False,False,False,False,False,True,False,True,False,True
6.09,2.05,0,1.4,4.85,1,88.6,50.67,False,False,True,True,False,False,True,False,False,False,False,False,True,False,False,True,False,False,True
2.0,0.33,1,1.4,4.47,0,85.7,27.3,False,True,False,False,False,True,False,True,False,False,False,True,False,False,False,True,False,False,True
8.62,1.45,1,0.5,3.97,0,38.8,59.87,False,False,True,False,False,False,False,False,False,False,False,False,False,False,False,False,True,False,True
3.43,2.83,0,2.6,4.35,0,37.5,24.69,False,True,False,False,False,True,False,True,False,False,False,False,False,False,True,False,True,True,False
7.47,1.26,0,3.6,4.87,1,56.0,44.24,False,False,False,False,False,False,False,False,False,False,True,False,False,False,False,False,True,True,False
3.96,0.24,2,2.2,3.76,1,13.8,42.57,False,True,False,True,False,False,True,False,False,True,False,False,False,False,False,True,False,False,True
3.83,1.05,1,1.8,4.76,0,29.2,27.35,True,False,False,False,True,False,False,False,True,False,False,True,False,False,False,True,False,False,False
2.32,1.01,1,2.3,4.98,0,39.6,21.25,False,True,False,False,False,True,False,True,False,False,False,False,False,False,True,False,True,False,True
7.06,1.02,0,2.1,4.25,0,41.4,39.82,False,False,False,False,False,False,False,True,False,True,False,False,False,False,False,False,True,False,True
8.83,0.37,1,0.5,4.47,0,93.2,50.84,False,False,False,False,False,False,False,False,True,False,True,False,False,False,False,False,True,False,False
6.57,0.31,0,11.6,3.97,0,94.3,30.19,False,True,False,False,False,False,True,False,False,False,False,True,False,False,False,True,False,False,True
7.58,1.3,2,2.6,4.26,1,20.5,52.15,True,False,False,False,False,False,False,False,False,False,False,False,True,False,False,False,True,True,False
2.52,0.28,1,5.6,4.45,0,40.2,26.44,False,True,False,False,False,False,False,True,False,False,False,False,False,False,False,False,True,False,True
3.03,2.11,0,15.0,4.03,1,17.8,34.86,False,False,False,False,False,True,False,False,False,False,False,False,False,True,False,True,False,True,False
3.86,3.3,1,3.6,5.0,1,63.1,35.68,True,False,False,False,False,True,False,False,False,False,True,False,False,False,False,False,False,True,False
5.29,0.5,0,1.8,3.9,0,70.7,36.1,False,True,False,False,True,False,False,False,False,False,False,False,False,False,False,True,False,False,True
4.08,1.46,0,0.4,3.87,0,95.4,31.13,False,True,False,False,False,True,True,False,False,False,False,True,False,False,False,True,False,True,False
5.27,4.96,0,13.7,4.53,1,15.1,24.17,True,False,False,False,False,False,False,False,False,False,True,False,False,False,False,False,False,False,True
2.3,0.61,1,0.7,3.84,0,72.7,17.94,True,False,False,False,False,False,True,False,False,True,False,False,False,False,False,True,False,False,True
3.78,0.34,2,4.0,4.78,0,89.6,31.1,True,False,False,False,True,False,False,True,False,False,False,False,False,True,False,True,False,False,True
1.59,1.52,0,3.6,4.05,0,36.2,9.7,True,False,False,False,False,False,False,True,False,False,False,False,False,False,False,False,True,False,True
6.65,2.23,0,0.2,4.19,0,20.9,32.31,True,False,False,False,False,False,False,True,False,False,False,False,False,True,False,False,True,False,True
13.42,0.45,1,2.3,5.0,0,82.4,72.94,False,False,False,False,True,False,False,True,False,False,True,False,False,False,False,False,True,False,True
3.26,0.73,1,0.7,4.15,0,66.2,27.42,False,False,False,False,False,False,False,True,False,False,True,False,False,False,False,True,False,False,True
2.9,1.42,0,0.6,4.39,0,34.9,22.2,False,True,False,False,False,True,False,True,False,False,False,False,False,False,True,True,False,False,True
3.0,2.92,0,0.7,4.03,0,20.8,16.79,True,False,False,True,False,False,False,True,False,False,False,False,False,False,False,False,True,True,False
2.16,0.44,1,4.6,4.81,0,51.6,21.34,False,False,False,False,False,False,True,False,False,False,True,False,False,False,False,False,False,False,True
1.35,1.89,0,1.2,4.41,0,99.0,18.3,False,True,False,False,False,False,False,False,True,False,False,False,True,False,False,False,True,False,True
4.24,1.91,0,4.4,3.68,0,72.7,23.41,False,True,False,False,False,False,False,False,False,False,True,False,False,False,False,False,True,True,False
7.47,1.29,0,1.9,4.28,0,18.6,35.82,True,False,False,True,False,False,False,False,False,False,False,False,False,False,True,False,True,False,True
1.98,3.64,1,0.5,5.0,0,23.6,27.34,False,False,False,False,False,True,False,True,False,False,False,False,False,True,False,True,False,False,True
8.79,3.13,1,3.7,4.71,0,92.3,39.59,False,True,False,False,False,False,False,True,False,False,False,False,True,False,False,True,False,False,True
5.19,1.35,0,1.5,3.45,0,43.4,33.65,False,False,False,False,False,False,False,True,False,False,False,False,False,False,False,False,True,False,True
3.18,3.05,0,4.4,4.61,1,34.3,34.58,False,True,False,False,True,False,False,False,False,False,True,False,False,False,False,False,False,False,True
12.74,0.42,2,0.8,3.59,0,64.2,65.22,True,False,False,False,False,True,True,False,False,False,False,True,False,False,False,False,True,True,False
2.57,1.89,2,1.4,3.98,0,34.4,31.7,False,True,False,True,False,False,False,True,False,False,False,False,False,True,False,False,True,False,True
5.48,2.4,0,5.3,4.4,0,52.1,29.52,False,True,False,True,False,False,True,False,False,False,False,False,True,False,False,False,True,False,True
11.17,1.13,0,2.1,4.48,1,31.5,50.62,False,False,False,False,False,False,True,False,False,False,False,False,True,False,False,True,False,True,False
5.73,1.08,1,11.5,4.66,0,90.6,21.39,True,False,False,False,False,False,False,False,True,False,False,False,False,False,True,False,True,False,True
3.71,1.27,2,0.2,4.54,0,52.7,26.6,True,False,False,True,False,False,False,True,False,False,False,False,False,False,True,True,False,True,False
12.69,1.49,0,1.5,4.27,1,69.9,56.53,True,False,False,False,False,False,True,False,False,False,False,False,False,False,False,False,True,False,False
3.07,2.25,2,0.5,4.61,0,33.7,30.77,True,False,False,False,False,False,False,False,True,True,False,False,False,False,False,False,True,False,False
3.12,3.22,0,1.6,4.78,0,20.7,12.47,True,False,False,False,False,False,False,False,True,False,False,False,True,False,False,False,True,False,True
3.99,6.54,1,1.2,4.59,1,87.1,28.64,True,False,False,False,False,False,False,False,False,False,False,True,False,False,False,False,True,False,False
10.27,0.96,1,1.3,4.02,1,28.8,57.22,False,True,False,False,False,True,True,False,False,False,False,False,False,False,True,True,False,False,True
3.17,3.76,1,5.0,4.09,1,96.4,28.28,False,True,False,False,False,False,False,False,False,False,False,False,False,False,True,True,False,True,False
4.07,1.59,0,0.9,4.17,0,42.6,28.61,False,True,False,True,False,False,False,True,False,False,True,False,False,False,False,False,True,False,True
9.59,2.75,1,1.7,4.12,0,18.4,63.27,False,False,True,False,True,False,True,False,False,False,False,True,False,False,False,True,False,True,False
5.59,0.78,1,2.0,4.49,0,74.0,38.91,False,False,False,False,False,False,True,False,False,False,True,False,False,False,False,True,False,False,True
1.38,1.05,0,3.7,4.38,0,57.9,22.61,False,False,False,False,False,False,True,False,False,False,False,False,True,False,False,True,False,True,False
13.02,2.96,1,1.9,4.0,0,43.1,52.7,False,True,False,False,False,False,False,False,True,False,False,True,False,False,False,False,True,False,True
5.17,3.79,1,2.6,4.61,0,74.8,30.71,True,False,False,False,False,False,False,True,False,False,False,False,False,True,False,False,True,True,False
4.01,3.47,1,3.0,4.55,1,59.9,43.79,False,False,True,False,False,False,True,False,False,False,False,False,False,False,False,False,True,False,True
4.17,0.67,2,1.3,4.36,0,23.0,33.6,False,True,False,False,False,False,False,False,True,True,False,False,False,False,False,True,False,True,False
1.41,0.45,0,4.9,4.25,0,35.3,13.7,False,True,False,False,False,False,False,False,False,False,False,False,False,False,False,False,True,False,False
6.93,0.65,1,0.0,4.45,0,94.1,47.91,False,False,False,True,False,False,False,False,True,False,False,False,False,False,True,False,True,True,False
2.05,1.39,1,1.3,4.9,0,42.0,15.78,False,True,False,False,False,False,False,True,False,False,False,True,False,False,False,True,False,False,True
2.06,1.47,1,2.3,4.29,0,96.7,23.87,False,True,False,False,False,False,False,True,False,False,False,False,False,True,False,False,True,True,False
1.79,0.94,0,12.2,4.03,1,43.2,31.83,False,False,True,False,False,True,True,False,False,False,False,False,False,True,False,False,True,True,False
4.18,1.27,1,1.7,4.12,0,58.1,27.18,True,False,False,True,False,False,False,True,False,False,False,False,True,False,False,False,True,False,False
9.83,0.63,0,5.1,3.93,0,40.3,38.6,True,False,False,False,False,True,False,True,False,False,False,False,False,False,False,False,True,True,False
4.01,2.64,1,4.6,4.56,0,93.4,16.25,True,False,False,False,False,False,False,True,False,True,False,False,False,False,False,False,True,False,True
4.21,0.66,0,2.4,4.33,0,57.0,37.34,False,False,False,False,False,True,False,True,False,False,False,True,False,False,False,False,True,False,True
11.16,0.48,1,0.7,4.4,0,31.0,62.05,False,False,True,False,False,False,True,False,False,False,False,False,False,False,False,True,False,False,True
12.03,2.57,1,0.1,4.33,1,51.2,63.93,False,True,False,False,False,False,True,False,False,False,False,False,True,False,False,False,True,False,True
4.85,1.99,0,2.3,4.64,0,58.4,35.66,False,True,False,False,True,False,False,True,False,False,True,False,False,False,False,False,True,True,False
10.1,0.58,0,8.0,4.05,1,35.7,43.83,False,True,False,False,False,False,True,False,False,False,True,False,False,False,False,True,False,False,False
7.41,0.81,0,4.9,3.79,0,22.8,45.52,False,True,False,False,False,True,False,False,True,False,False,False,False,True,False,False,True,True,False
4.36,1.93,1,0.2,3.62,1,42.2,52.86,False,False,True,False,False,False,False,False,False,False,True,False,False,False,False,False,True,True,False
6.31,1.01,0,0.4,4.11,1,80.5,44.44,False,False,False,False,True,False,True,False,False,False,False,False,False,False,True,True,False,False,True
2.39,1.67,2,0.7,3.82,1,50.4,28.57,False,True,False,False,False,True,True,False,False,False,False,False,False,False,False,True,False,True,False
5.4,0.55,0,2.1,4.28,0,37.7,25.42,True,False,False,False,False,False,False,True,False,False,False,False,True,False,False,False,True,False,False
1.29,6.02,0,5.8,4.77,0,28.8,8.05,True,False,False,False,False,True,False,True,False,True,False,False,False,False,False,False,False,True,False
3.63,0.73,1,8.7,4.43,0,91.2,26.67,True,False,False,False,True,False,True,False,False,False,False,False,True,False,False,False,False,False,True
3.86,0.31,0,2.9,3.91,1,80.0,39.72,False,False,False,False,False,False,True,False,False,False,True,False,False,False,False,False,True,True,False
2.3,0.23,1,0.9,4.52,0,36.1,29.79,False,False,False,False,False,True,False,False,False,True,False,False,False,False,False,False,True,False,False
4.05,3.62,0,1.0,4.4,1,21.3,25.99,True,False,False,True,False,False,True,False,False,True,False,False,False,False,False,False,True,False,True
2.14,1.14,0,3.8,4.78,0,70.8,12.9,False,True,False,False,False,False,False,False,False,False,False,False,False,True,False,False,False,False,True
10.11,1.0,0,0.4,4.71,0,70.4,45.58,False,True,False,False,False,False,True,False,False,False,False,False,False,True,False,False,True,False,True
4.4,6.08,0,13.4,4.34,1,35.1,29.79,True,False,False,False,False,True,False,False,False,False,False,False,True,False,False,False,True,False,True
10.48,1.41,0,5.2,4.36,1,50.2,46.02,False,True,False,False,False,True,True,False,False,False,False,False,False,True,False,False,False,False,True
4.92,0.26,0,7.1,3.9,0,47.0,31.27,False,False,False,False,False,False,True,False,False,False,True,False,False,False,False,True,False,False,True
11.73,4.23,1,0.2,4.5,1,58.0,56.06,True,False,False,True,False,False,True,False,False,False,False,False,True,False,False,False,True,False,True
6.41,2.64,1,2.1,3.71,0,74.7,29.52,True,False,False,True,False,False,False,True,False,False,False,False,False,True,False,False,True,True,False
7.39,0.78,0,3.7,4.23,1,29.7,46.71,True,False,False,True,False,False,True,False,False,False,False,False,False,True,False,False,True,False,True
1.33,1.75,1,6.2,3.96,0,44.3,13.1,True,False,False,False,False,False,False,False,True,False,False,False,False,True,False,False,True,True,False
2.14,0.86,0,2.2,4.47,1,41.9,27.12,True,False,False,False,False,True,True,False,False,False,False,False,True,False,False,False,False,False,True
3.07,4.97,2,3.4,4.3,0,70.8,42.18,False,False,False,False,True,False,True,False,False,False,False,False,False,False,False,True,False,False,False
5.4,1.11,0,9.1,4.42,0,28.1,34.08,False,False,True,False,False,False,False,False,False,False,False,False,False,False,False,False,True,False,True
4.88,2.08,1,1.7,4.28,0,56.6,36.39,False,False,False,False,False,False,False,False,False,False,True,False,False,False,False,False,True,False,True
1.76,0.75,2,2.8,3.66,1,30.6,25.49,True,False,False,False,False,False,False,False,False,False,True,False,False,False,False,False,True,True,False
0.98,1.26,0,4.3,4.24,0,23.0,14.82,False,True,False,False,False,False,False,True,False,False,False,False,False,False,True,True,False,True,False
2.55,2.68,0,0.5,4.6,0,83.5,26.2,False,True,False,False,False,True,False,True,False,False,False,False,False,True,False,False,True,False,True
3.99,1.64,0,2.7,4.38,0,13.2,37.67,False,True,False,False,False,True,False,False,True,False,False,False,True,False,False,False,True,False,True
4.76,1.59,0,0.9,3.68,0,99.1,24.3,False,True,False,False,False,False,False,True,False,False,True,False,False,False,False,True,False,False,True
1.36,2.26,0,0.3,4.46,0,48.3,8.87,True,False,False,False,False,False,False,False,False,False,False,False,False,True,False,False,True,False,True
1.26,5.3,0,0.0,4.52,0,72.3,22.52,False,False,False,True,False,False,False,True,False,False,False,False,False,False,True,False,False,False,True
2.8,5.36,1,0.7,4.67,1,14.0,30.38,False,True,False,False,False,False,False,False,False,False,True,False,False,False,False,False,True,False,True
6.8,4.27,0,5.1,4.22,0,44.4,38.25,True,False,False,False,False,True,False,True,False,False,False,False,False,True,False,True,False,True,False
4.94,1.09,0,0.6,3.7,0,80.1,26.19,False,True,False,False,False,False,False,False,True,False,True,False,False,False,False,False,True,True,False
4.06,4.94,0,4.1,5.0,0,46.6,36.26,False,False,False,False,True,False,False,False,True,False,False,False,True,False,False,False,True,False,True
7.69,1.12,1,5.5,4.4,1,34.8,45.22,True,False,False,False,False,False,True,False,False,False,True,False,False,False,False,False,True,True,False
4.52,0.75,1,4.3,4.16,0,35.4,43.79,False,False,True,False,False,True,False,True,False,True,False,False,False,False,False,False,True,False,True
5.15,0.6,3,0.5,4.53,1,17.7,42.26,True,False,False,False,False,True,True,False,False,False,False,False,False,True,False,True,False,True,False
1.79,3.1,0,1.7,4.67,0,99.7,18.15,False,True,False,False,False,False,False,True,False,False,False,True,False,False,False,False,False,True,False
2.81,2.19,0,10.6,4.77,1,54.5,13.39,True,False,False,False,False,False,True,False,False,False,False,False,False,False,True,False,False,True,False
9.61,1.11,1,0.2,4.4,0,15.4,51.29,False,True,False,False,False,True,False,True,False,False,True,False,False,False,False,True,False,False,False
1.54,0.53,1,4.1,4.26,1,64.9,25.42,False,True,False,False,False,True,True,False,False,True,False,False,False,False,False,False,True,True,False
7.62,1.74,0,2.4,3.79,0,51.3,43.06,False,False,True,False,False,False,False,False,True,False,False,False,False,False,True,False,True,False,True
4.32,0.4,2,3.9,4.65,0,93.3,33.26,False,True,False,False,False,False,True,False,False,True,False,False,False,False,False,False,True,True,False
2.52,2.22,0,2.2,4.4,0,24.2,25.14,False,False,False,False,False,False,False,True,False,True,False,False,False,False,False,False,False,True,False
3.81,1.52,1,0.4,3.81,0,13.4,28.46,False,True,False,False,True,False,True,False,False,False,False,True,False,False,False,False,False,False,True
1.32,3.24,1,3.2,4.21,1,42.2,13.96,True,False,False,False,False,False,False,False,False,True,False,False,False,False,False,False,True,False,False
5.11,1.29,1,3.7,4.75,0,81.9,30.38,True,False,False,False,False,True,False,True,False,False,False,False,False,False,True,True,False,False,True
6.51,4.49,0,6.8,4.5,1,35.3,37.43,False,True,False,True,False,False,False,False,False,False,False,False,False,True,False,False,True,False,True
3.25,0.41,1,6.0,4.85,0,99.6,19.12,False,True,False,False,False,False,False,True,False,True,False,False,False,False,False,False,False,False,True
6.76,0.45,2,2.4,4.03,1,88.7,36.85,True,False,False,False,False,False,True,False,False,True,False,False,False,False,False,True,False,False,True
4.58,2.69,1,0.1,4.5,0,60.0,28.78,False,True,False,False,False,False,False,False,False,False,False,True,False,False,False,True,False,False,False
3.09,1.91,0,1.4,4.41,0,43.4,23.26,False,True,False,False,False,False,False,True,False,False,False,True,False,False,False,False,True,True,False
2.96,2.23,0,2.7,4.01,0,99.8,20.88,False,True,False,False,False,False,False,False,True,False,False,False,True,False,False,False,True,False,True
5.33,0.71,0,0.2,5.0,1,64.4,32.37,False,True,False,False,False,False,False,False,False,False,False,False,False,False,True,False,True,True,False
7.23,0.6,0,0.6,3.98,1,80.0,24.32,True,False,False,False,False,False,False,False,False,True,False,False,False,False,False,False,False,False,True
4.17,1.21,2,2.3,4.28,1,27.7,43.87,False,False,False,True,False,False,False,False,False,False,False,False,False,False,True,True,False,True,False
3.55,0.69,0,4.0,4.31,0,83.1,26.77,False,False,False,False,False,False,False,False,True,False,False,False,False,False,True,False,True,False,True
3.02,0.66,0,5.6,5.0,0,54.1,17.64,False,True,False,False,False,False,False,False,True,True,False,False,False,False,False,True,False,False,True
3.45,0.51,0,2.6,4.55,0,71.6,29.25,False,True,False,False,False,True,True,False,False,False,False,True,False,False,False,False,True,False,False
5.93,1.05,0,3.5,3.91,1,24.8,48.57,False,True,False,False,False,True,True,False,False,False,False,False,True,False,False,False,True,False,True
5.35,2.05,0,0.1,4.66,0,25.0,37.9,False,True,False,False,False,True,False,False,False,False,True,False,False,False,False,False,True,True,False
1.43,4.24,0,3.7,3.74,1,29.0,18.38,True,False,False,False,False,False,False,False,False,False,False,True,False,False,False,True,False,False,True
3.89,0.84,3,2.2,4.07,1,75.3,53.54,False,False,True,True,False,False,True,False,False,False,True,False,False,False,False,False,False,True,False
1.75,4.67,1,2.4,3.98,0,12.0,26.47,False,True,False,False,False,False,False,True,False,False,False,False,False,False,True,True,False,True,False
4.1,4.11,2,4.4,3.99,0,15.1,42.37,False,True,False,False,False,True,False,True,False,False,False,True,False,False,False,False,True,False,True
3.34,5.94,0,0.8,4.18,0,71.5,28.63,False,False,False,False,False,False,False,True,False,False,False,True,False,False,False,False,True,False,False
4.11,5.12,1,3.2,3.14,0,28.0,24.31,False,True,False,False,False,False,False,False,False,False,True,False,False,False,False,True,False,False,True
6.28,4.27,0,6.6,4.12,0,29.8,40.19,False,False,True,False,False,False,False,False,False,False,False,False,False,False,True,False,True,True,False
7.79,5.01,0,3.1,3.57,0,64.9,33.72,True,False,False,False,False,True,False,True,False,False,True,False,False,False,False,True,False,True,False
4.44,0.26,2,0.5,4.4,1,70.8,41.05,True,False,False,False,True,False,False,False,False,False,False,False,False,False,True,False,True,False,True
2.68,0.28,0,2.9,3.87,0,20.3,22.75,False,False,False,True,False,False,True,False,False,False,True,False,False,False,False,True,False,False,False
2.04,3.07,1,0.3,4.14,0,74.2,21.36,False,False,False,False,False,False,False,True,False,True,False,False,False,False,False,False,True,True,False
1.66,0.61,0,0.2,4.35,0,52.1,14.34,True,False,False,False,False,False,True,False,False,False,True,False,False,False,False,False,True,True,False
1.03,4.24,1,3.5,5.0,0,10.5,16.27,True,False,False,False,False,True,True,False,False,False,False,False,True,False,False,True,False,True,False
5.81,3.44,0,1.1,4.28,1,31.3,38.88,False,False,False,False,False,False,False,False,False,False,True,False,False,False,False,False,True,True,False
6.43,2.45,1,1.0,4.3,0,89.7,41.38,False,False,False,False,False,False,False,True,False,False,True,False,False,False,False,False,True,True,False
2.13,13.58,0,7.5,3.96,0,55.9,20.89,False,False,False,False,False,False,False,False,False,True,False,False,False,False,False,False,True,False,True
4.69,0.52,0,1.9,3.39,1,62.1,36.17,False,False,False,False,False,False,True,False,False,False,False,False,False,False,False,False,True,False,False
2.82,7.95,0,0.2,4.34,0,97.0,18.4,True,False,False,False,False,False,False,True,False,False,False,False,True,False,False,False,False,True,False
1.95,0.86,0,0.4,4.6,0,20.0,12.07,True,False,False,False,False,False,False,False,False,False,False,False,False,False,True,True,False,False,True
4.75,4.08,0,0.7,4.14,1,23.8,43.38,False,False,True,False,False,False,True,False,False,False,True,False,False,False,False,False,True,False,False
2.21,0.98,2,5.2,5.0,0,44.4,38.5,False,False,False,False,True,False,False,True,False,False,True,False,False,False,False,False,True,False,True
5.4,5.25,0,1.6,4.62,0,91.8,33.17,True,False,False,False,False,False,False,True,False,False,False,False,True,False,False,False,True,True,False
4.71,1.52,1,5.0,4.3,0,46.5,26.0,False,True,False,False,False,True,False,False,False,True,False,False,False,False,False,True,False,False,True
5.2,4.43,0,0.5,4.73,0,68.1,36.37,False,True,False,True,False,False,True,False,False,False,False,False,False,True,False,False,True,False,False
5.74,0.53,1,2.6,4.05,1,41.4,30.85,False,True,False,False,False,False,False,False,False,True,False,False,False,False,False,False,False,True,False
5.08,1.02,0,1.8,3.55,0,96.0,24.08,True,False,False,False,False,False,False,True,False,False,False,False,True,False,False,False,True,False,True
12.85,1.64,2,1.4,3.34,1,61.7,77.6,False,False,False,True,False,False,True,False,False,False,False,False,False,False,False,False,True,False,True
9.94,9.69,0,1.9,4.32,0,59.1,41.55,True,False,False,False,False,False,False,True,False,True,False,False,False,False,False,False,True,True,False
2.49,0.78,1,0.3,4.19,0,46.1,17.86,True,False,False,False,False,False,False,True,False,False,False,False,False,True,False,False,True,True,False
5.12,9.82,0,0.1,4.9,0,65.0,26.81,False,True,False,False,False,False,False,False,True,False,False,False,False,True,False,False,False,False,True
10.63,3.38,0,6.5,4.3,1,95.0,57.67,False,True,False,False,True,False,True,False,False,False,False,False,True,False,False,True,False,False,True
9.72,2.56,0,3.8,4.31,1,28.4,50.92,True,False,False,False,True,False,False,False,False,False,False,False,True,False,False,False,True,True,False
2.16,1.2,0,2.1,4.66,0,50.3,16.27,False,True,False,False,False,False,False,False,True,False,False,False,False,True,False,False,True,False,False
1.72,1.05,3,4.5,4.12,0,23.0,17.38,True,False,False,False,False,False,False,True,False,False,True,False,False,False,False,True,False,False,True
3.89,1.6,3,1.2,3.87,0,49.1,35.08,False,True,False,True,False,False,True,False,False,False,False,True,False,False,False,False,False,False,True
3.27,3.08,0,2.2,4.53,0,77.0,19.72,False,False,False,False,False,False,True,False,False,False,False,False,False,True,False,True,False,True,False
9.6,1.66,0,4.3,4.66,1,11.4,48.02,True,False,False,False,False,False,False,False,False,False,False,True,False,False,False,False,True,True,False
4.97,2.65,0,1.2,4.25,1,46.8,45.97,False,False,False,False,True,False,False,False,False,False,False,True,False,False,False,False,True,False,True
5.58,0.39,0,2.7,4.12,1,23.9,29.93,False,True,False,False,False,False,True,False,False,False,False,False,False,True,False,True,False,True,False
3.18,1.16,0,1.0,4.74,0,54.3,24.49,False,True,False,False,False,True,False,True,False,False,False,False,False,False,True,False,True,True,False
1.17,2.14,1,1.6,4.68,0,86.8,23.2,False,False,False,False,False,False,False,False,True,False,False,True,False,False,False,True,False,True,False
0.72,3.15,0,7.8,4.61,0,27.1,8.49,False,True,False,False,False,False,False,False,True,False,False,False,False,False,False,False,True,False,False
1.57,2.4,1,2.4,4.4,1,42.0,19.17,True,False,False,False,False,False,False,False,False,False,False,False,False,False,True,False,True,False,True
4.04,3.89,0,0.0,4.3,0,82.0,24.24,False,False,False,False,False,False,False,False,True,False,False,False,False,False,False,False,False,False,False
4.72,2.13,1,4.9,3.0,0,33.0,33.18,False,False,False,True,False,False,False,True,False,False,True,False,False,False,False,False,False,True,False
1.76,0.3,0,3.1,4.14,0,35.9,17.45,False,True,False,False,False,False,False,True,False,False,False,False,False,False,False,False,True,True,False
2.46,5.57,1,0.5,4.17,1,58.1,35.68,True,False,False,False,True,False,True,False,False,False,False,False,True,False,False,False,True,False,True
5.2,0.9,1,2.6,5.0,0,76.1,30.46,True,False,False,False,False,False,False,False,True,False,False,False,False,False,False,False,True,False,False
5.13,2.63,1,4.3,4.74,1,53.0,29.95,False,True,False,False,False,False,False,False,False,False,False,False,False,False,False,False,True,False,True
4.22,6.88,1,0.7,4.33,1,91.0,34.03,False,True,False,False,False,False,True,False,False,False,False,True,False,False,False,False,True,False,False
9.09,0.24,0,0.5,4.16,0,67.8,38.51,True,False,False,False,False,False,False,False,False,False,False,False,False,False,False,False,True,False,True
4.68,0.45,0,2.4,4.32,1,57.1,41.43,False,False,False,False,False,False,True,False,False,False,False,False,True,False,False,False,True,True,False
1.3,1.8,1,5.1,4.29,0,30.5,18.51,True,False,False,False,False,True,False,True,False,False,False,False,False,True,False,False,True,False,False
2.02,6.14,1,3.2,3.7,1,97.9,30.67,False,True,False,False,True,False,False,False,False,False,False,False,False,False,False,False,True,True,False
3.92,1.77,0,3.0,4.37,0,80.1,25.52,False,False,False,False,False,False,False,True,False,True,False,False,False,False,False,False,True,False,True
4.23,1.59,0,1.8,4.05,0,23.0,26.26,False,True,False,False,False,False,False,False,False,False,False,False,False,False,False,False,False,True,False
10.17,0.61,2,3.0,4.59,1,71.0,64.68,False,False,False,False,False,False,False,False,False,False,False,False,False,True,False,False,True,False,True
3.78,1.98,0,2.3,4.52,1,28.3,40.25,False,False,True,False,False,False,False,False,False,False,False,False,False,False,False,False,True,True,False
4.81,0.96,2,0.6,4.21,0,44.3,36.8,False,True,False,True,False,False,False,True,False,False,False,False,True,False,False,False,True,True,False
7.08,0.31,1,0.4,4.86,1,90.6,43.17,False,True,False,False,False,False,False,False,False,False,False,False,False,True,False,True,False,False,True
7.46,1.23,0,3.2,3.78,1,49.2,42.3,True,False,False,False,False,True,False,False,False,False,False,False,False,False,True,False,False,True,False
2.92,2.75,0,3.2,3.76,0,80.8,27.5,False,False,False,False,False,False,False,False,True,False,True,False,False,False,False,True,False,True,False
1.68,1.44,1,1.3,4.72,1,57.6,27.22,False,False,False,False,False,False,False,False,False,False,False,False,False,True,False,False,False,True,False
1.93,0.26,1,0.5,4.55,1,47.5,24.27,False,True,False,False,False,False,False,False,False,False,False,True,False,False,False,False,True,True,False
2.86,0.4,0,0.9,3.98,1,35.1,25.6,False,True,False,False,False,False,False,False,False,False,False,False,True,False,False,False,True,False,True
6.43,3.34,0,0.3,4.29,0,51.6,43.97,True,False,False,False,False,True,False,False,True,False,False,False,False,True,False,False,True,False,True
4.35,0.3,1,0.1,5.0,0,64.8,35.28,False,False,False,False,False,False,True,False,False,True,False,False,False,False,False,False,True,True,False
2.93,1.42,1,3.2,4.62,0,40.3,15.17,True,False,False,False,False,False,False,False,False,False,True,False,False,False,False,False,True,True,False
2.83,0.65,3,0.0,4.29,1,88.3,30.5,False,True,False,False,False,False,False,False,False,False,False,True,False,False,False,False,True,False,True
3.66,3.36,1,1.3,4.31,1,28.4,44.41,False,False,False,False,True,False,False,False,False,False,False,False,False,True,False,True,False,False,True
6.6,6.65,0,4.7,4.26,0,34.9,30.04,True,False,False,False,False,True,False,False,False,False,False,True,False,False,False,True,False,True,False
2.19,2.11,4,0.8,4.29,1,80.5,41.75,False,False,False,False,False,False,False,False,False,False,False,False,False,True,False,True,False,False,True
14.64,0.58,1,5.1,4.51,0,66.4,67.51,False,True,False,False,False,False,True,False,False,False,False,False,True,False,False,False,True,False,True
3.52,1.12,2,10.8,3.34,1,25.9,30.71,True,False,False,False,False,True,False,False,False,True,False,False,False,False,False,False,False,True,False
4.21,0.68,0,2.9,4.08,0,91.6,23.92,False,True,False,False,False,False,False,False,True,True,False,False,False,False,False,True,False,True,False
3.18,1.54,1,1.9,3.23,1,47.6,35.79,False,True,False,False,False,True,False,False,False,False,False,False,True,False,False,True,False,True,False
6.0,2.47,0,1.7,4.39,0,48.2,36.13,False,False,True,False,False,False,False,False,True,False,True,False,False,False,False,True,False,True,False
3.73,2.64,1,3.0,4.92,0,36.2,24.97,False,True,False,False,False,False,False,False,False,False,False,False,False,False,True,False,True,False,True
1.94,5.12,1,12.3,4.11,1,41.7,23.97,False,False,False,False,False,False,False,False,False,False,False,False,True,False,False,True,False,True,False
11.18,7.2,0,1.6,3.69,0,21.9,58.05,False,False,True,False,False,False,False,True,False,False,False,True,False,False,False,True,False,True,False
2.29,1.44,0,3.3,4.12,1,14.6,21.02,True,False,False,True,False,False,True,False,False,True,False,False,False,False,False,False,True,True,False
1.15,1.59,0,1.9,3.87,1,76.1,12.89,False,True,False,False,False,False,False,False,False,True,False,False,False,False,False,False,True,False,False
6.72,0.46,1,8.8,4.26,0,72.1,26.78,True,False,False,False,False,False,False,False,True,False,False,False,False,False,True,True,False,False,False
4.65,0.85,1,0.3,4.42,0,35.7,29.69,False,True,False,False,False,False,False,True,False,False,False,True,False,False,False,False,True,False,True
4.02,2.42,0,0.6,4.31,0,53.4,24.7,False,False,False,False,False,False,False,False,False,False,False,False,False,True,False,False,True,False,True
5.68,0.45,0,1.4,3.9,1,38.8,25.68,False,True,False,False,False,False,True,False,False,False,True,False,False,False,False,True,False,True,False
7.92,0.42,1,0.3,4.42,1,59.9,43.21,True,False,False,False,False,False,False,False,False,False,True,False,False,False,False,False,True,True,False
6.26,0.26,3,2.6,4.94,0,10.9,61.71,False,False,False,False,False,True,False,True,False,False,False,False,True,False,False,False,True,True,False
3.05,2.31,1,0.3,4.64,0,17.9,27.38,True,False,False,False,False,False,False,True,False,False,False,False,True,False,False,False,True,False,False
3.61,2.27,0,10.0,4.55,0,57.6,12.22,True,False,False,False,False,False,False,True,False,False,True,False,False,False,False,False,True,False,True
2.35,4.06,0,0.7,4.36,0,27.7,13.76,True,False,False,False,False,False,True,False,False,False,False,False,False,True,False,False,False,False,True
3.29,1.48,0,5.0,3.47,0,40.3,20.06,True,False,False,False,False,True,True,False,False,False,True,False,False,False,False,False,True,True,False
3.56,1.91,1,1.6,3.97,0,51.6,38.63,False,False,True,False,False,True,False,False,False,False,False,False,False,False,False,True,False,False,True
6.15,3.95,1,0.5,3.75,0,48.2,34.26,False,True,False,False,False,False,True,False,False,False,True,False,False,False,False,False,True,True,False
5.59,2.79,1,1.1,4.28,0,85.7,40.01,False,False,True,False,False,False,False,False,False,False,False,False,False,False,False,False,True,True,False
6.65,3.3,1,2.7,4.54,0,41.3,33.04,True,False,False,False,False,False,False,False,True,False,True,False,False,False,False,True,False,False,False
1.95,6.01,1,3.6,3.43,0,30.3,14.03,True,False,False,False,False,False,False,False,False,False,False,False,False,False,True,False,False,True,False
3.37,1.02,0,1.4,4.8,0,34.9,36.01,False,False,True,False,False,True,False,True,False,True,False,False,False,False,False,False,True,True,False
5.88,0.33,0,2.5,4.7,0,18.9,22.19,True,False,False,False,False,False,False,False,True,False,False,False,False,False,True,False,False,True,False
1.08,0.33,0,2.0,4.81,0,45.2,19.23,False,True,False,False,False,True,False,True,False,False,False,False,True,False,False,False,True,True,False
6.58,4.9,1,2.7,5.0,0,24.9,40.74,False,False,True,True,False,False,False,False,True,False,False,False,False,False,False,True,False,False,True
3.19,1.12,3,0.5,4.36,0,96.1,41.64,False,False,True,False,False,False,False,True,False,False,False,True,False,False,False,False,True,True,False
18.24,0.67,0,1.1,4.65,0,44.3,75.48,True,False,False,False,False,False,False,False,False,False,False,False,False,False,True,False,True,False,True
3.46,1.17,0,3.5,4.39,1,28.9,22.55,False,True,False,False,False,False,True,False,False,False,False,False,False,False,False,True,False,True,False
1.59,5.44,0,1.4,3.86,0,66.5,18.1,True,False,False,False,False,True,False,False,True,False,False,True,False,False,False,True,False,False,True
5.03,0.39,0,0.8,4.16,0,38.6,29.0,False,True,False,False,False,True,False,True,False,True,False,False,False,False,False,False,False,True,False
5.29,1.78,2,1.4,3.74,1,98.2,42.71,False,True,False,False,False,True,True,False,False,False,False,False,True,False,False,False,True,True,False
4.51,2.87,1,8.5,4.54,0,93.2,43.93,False,False,True,True,False,False,False,False,False,False,True,False,False,False,False,False,True,True,False
4.78,0.43,1,0.5,4.57,0,75.1,32.09,False,False,False,False,False,False,True,False,False,True,False,False,False,False,False,False,True,False,True
5.31,1.64,0,0.5,4.63,1,76.8,28.35,True,False,False,False,False,False,False,False,False,False,False,True,False,False,False,True,False,True,False
1.63,3.16,1,0.5,3.84,1,48.2,26.4,False,True,False,False,False,False,False,False,False,False,True,False,False,False,False,False,True,False,True
11.07,1.95,0,0.8,4.6,0,19.8,62.25,False,False,True,False,False,False,False,False,False,False,False,False,False,True,False,True,False,False,True
3.9,1.33,0,0.4,4.47,1,80.0,40.11,False,False,False,False,True,False,True,False,False,False,False,False,False,False,False,True,False,False,True
4.99,4.63,1,1.7,4.1,1,27.4,33.53,True,False,False,False,False,False,False,False,False,False,False,False,False,False,False,False,True,True,False
6.91,1.95,2,6.1,4.23,0,38.7,40.38,False,True,False,False,False,False,False,True,False,False,False,False,True,False,False,False,True,True,False
4.17,0.88,0,3.2,4.68,1,93.6,34.51,False,True,False,False,False,True,True,False,False,False,False,False,False,False,False,True,False,False,True
5.71,5.42,2,1.6,4.07,0,28.6,28.48,True,False,False,False,False,True,False,False,True,True,False,False,False,False,False,False,False,True,False
4.09,0.42,2,1.8,4.31,0,12.8,40.63,False,False,False,False,False,False,False,False,True,False,False,False,False,False,True,False,True,False,True
3.24,3.74,1,0.9,5.0,0,71.6,27.52,False,True,False,True,False,False,False,True,False,True,False,False,False,False,False,False,True,False,True
4.36,1.3,0,4.2,4.3,0,60.8,25.73,False,True,False,False,False,False,False,True,False,True,False,False,False,False,False,False,True,False,True
5.86,3.85,1,5.9,4.68,1,16.0,49.49,False,True,False,False,True,False,True,False,False,False,False,False,False,False,True,False,True,True,False
1.74,2.08,1,0.7,3.8,1,63.8,32.18,False,False,False,False,False,True,True,False,False,False,False,False,False,False,True,True,False,False,True
1.32,4.34,0,0.7,4.2,0,42.8,18.34,False,True,False,True,False,False,False,False,False,False,False,False,False,False,True,False,True,True,False
5.48,1.81,0,0.9,4.21,0,88.5,29.67,False,True,False,False,False,False,False,True,False,False,False,False,True,False,False,False,True,True,False
3.22,4.28,0,0.4,3.95,1,94.6,30.58,False,False,False,False,False,False,False,False,False,False,False,False,False,True,False,False,True,False,True
2.76,4.65,1,2.0,4.62,1,93.1,32.45,False,True,False,False,False,False,True,False,False,True,False,False,False,False,False,False,True,True,False
8.25,0.25,0,0.7,4.82,0,57.5,34.8,True,False,False,False,False,False,False,False,True,False,True,False,False,False,False,True,False,False,True
5.86,0.51,0,0.2,4.12,0,50.1,38.35,False,False,False,False,False,False,False,False,True,False,False,False,True,False,False,False,True,False,False
2.1,2.7,1,5.3,4.39,1,66.7,30.6,False,False,False,False,False,False,True,False,False,False,False,True,False,False,False,False,True,True,False
3.07,2.38,0,0.8,3.67,1,78.0,22.9,True,False,False,False,False,True,False,False,False,False,False,False,True,False,False,True,False,False,False
1.55,0.79,1,3.2,4.19,1,67.4,20.34,True,False,False,False,False,True,False,False,False,False,True,False,False,False,False,True,False,False,True
4.01,0.23,1,0.6,4.58,1,17.0,27.72,True,False,False,False,False,False,False,False,False,False,False,False,False,False,False,False,True,False,False
5.44,0.96,2,0.8,3.98,1,88.3,44.82,True,False,False,False,False,True,False,False,False,False,False,False,True,False,False,False,True,True,False
2.92,0.85,1,0.0,3.94,1,83.1,22.52,True,False,False,False,False,False,True,False,False,False,False,False,False,False,True,True,False,True,False
2.3,2.01,2,0.8,4.56,1,66.9,29.47,True,False,False,False,False,True,False,False,False,False,False,False,False,True,False,False,True,True,False
3.89,1.96,0,1.1,4.45,0,20.4,24.73,False,True,False,False,False,False,False,False,True,True,False,False,False,False,False,False,True,False,False
2.38,1.29,0,2.1,4.53,0,74.8,32.88,False,False,True,False,False,False,False,False,True,False,False,False,False,False,True,True,False,True,False
11.8,4.28,1,0.0,4.08,0,29.6,53.88,True,False,False,True,False,False,True,False,False,True,False,False,False,False,False,False,True,True,False
2.59,6.9,2,1.9,3.64,0,46.7,30.44,False,False,False,False,False,False,False,False,True,False,False,False,False,False,True,False,True,False,True
1.4,2.58,2,2.4,4.75,0,42.4,27.69,False,True,False,False,False,False,False,False,False,False,True,False,False,False,False,True,False,False,True
2.12,7.12,1,3.8,4.13,1,56.2,25.71,False,True,False,True,False,False,False,False,False,False,True,False,False,False,False,True,False,False,True
4.52,0.43,1,2.3,4.25,1,66.5,27.82,True,False,False,False,False,False,False,False,False,False,False,False,False,True,False,True,False,False,False
4.25,1.33,1,1.9,5.0,0,19.2,33.95,False,False,False,False,False,False,True,False,False,False,False,False,False,False,True,False,True,False,True
3.87,2.51,0,0.6,4.46,0,88.3,20.32,True,False,False,True,False,False,False,True,False,True,False,False,False,False,False,True,False,False,True
2.76,4.11,1,0.5,3.83,1,35.1,31.0,False,True,False,False,False,False,True,False,False,False,False,True,False,False,False,False,True,False,True
10.1,3.63,1,7.5,4.94,1,31.2,48.68,False,True,False,False,False,False,True,False,False,False,False,False,False,True,False,False,True,True,False
5.58,3.14,1,2.0,3.53,0,14.7,45.81,False,False,True,False,True,False,False,False,True,False,False,False,False,True,False,False,False,False,True
4.95,1.6,1,2.2,4.25,0,83.9,29.56,False,True,False,False,False,False,False,False,True,False,False,False,False,False,True,False,True,True,False
10.82,3.52,3,11.2,4.07,0,49.3,67.05,False,False,False,False,False,True,False,False,False,True,False,False,False,False,False,False,True,False,True
2.34,3.2,2,1.7,4.78,0,47.7,21.69,True,False,False,False,False,False,False,True,False,True,False,False,False,False,False,True,False,True,False
3.47,0.81,1,2.0,4.39,0,42.8,38.59,False,True,False,False,True,False,False,False,True,True,False,False,False,False,False,False,True,True,False
4.04,0.41,1,6.4,4.29,0,60.8,18.3,True,False,False,False,False,False,False,False,False,False,True,False,False,False,False,False,True,True,False
1.58,0.2,1,7.4,4.76,1,77.4,20.63,True,False,False,False,False,False,True,False,False,False,False,False,False,True,False,False,True,True,False
3.74,4.61,0,0.1,4.75,0,28.1,22.59,False,True,False,False,False,False,True,False,False,True,False,False,False,False,False,True,False,False,True
4.32,4.13,3,4.6,3.9,0,87.1,33.12,False,True,False,False,False,False,False,False,False,False,False,False,False,True,False,False,True,False,True
4.04,1.55,0,0.6,4.17,0,41.7,21.84,False,True,False,False,False,False,False,True,False,False,False,False,False,False,True,True,False,False,True
5.46,7.45,0,0.4,4.53,0,83.6,32.0,False,True,False,True,False,False,True,False,False,False,False,False,False,True,False,False,True,False,True
5.26,10.79,0,2.4,4.38,0,18.5,30.84,True,False,False,False,False,False,False,True,False,False,True,False,False,False,False,True,False,True,False
6.12,1.68,0,0.5,4.25,0,91.2,31.7,False,True,False,False,False,True,False,True,False,False,False,True,False,False,False,True,False,True,False
7.14,0.53,2,2.6,4.62,1,54.3,38.68,True,False,False,False,False,False,True,False,False,False,False,False,False,True,False,False,True,False,True
0.98,1.65,0,3.4,4.26,1,27.1,17.68,True,False,False,True,False,False,False,False,False,False,False,True,False,False,False,False,True,False,True
2.29,2.1,1,0.7,4.12,1,94.8,27.37,False,True,False,False,False,False,False,False,False,True,False,False,False,False,False,False,True,True,False
9.62,5.16,2,1.2,4.3,0,39.1,50.49,False,True,False,False,False,False,False,True,False,False,False,False,False,False,False,False,True,False,True
4.87,3.14,0,8.2,3.96,1,63.4,31.19,False,True,False,False,False,True,False,False,False,True,False,False,False,False,False,False,True,False,True
6.09,0.6,1,6.5,4.39,0,61.6,37.11,False,False,False,True,False,False,False,True,False,True,False,False,False,False,False,True,False,False,True
6.35,0.27,1,1.5,4.51,1,91.6,37.23,False,True,False,False,False,False,True,False,False,False,False,False,False,False,True,True,False,False,True
5.08,2.67,1,2.9,4.43,0,84.0,36.57,False,False,False,False,False,False,False,False,True,False,True,False,False,False,False,False,True,False,False
5.12,3.13,0,2.6,4.78,0,74.8,24.54,False,True,False,False,False,False,False,False,True,False,False,True,False,False,False,False,True,False,False
5.6,1.08,1,3.9,4.12,0,29.9,29.9,False,True,False,False,False,False,False,False,False,False,False,False,True,False,False,True,False,False,False
8.63,2.4,0,2.6,4.0,1,46.5,48.17,False,False,False,False,False,False,True,False,False,False,False,False,False,False,True,False,True,True,False
4.22,0.27,2,7.8,4.48,0,98.8,37.03,False,True,False,False,False,True,False,True,False,False,False,False,False,False,False,True,False,True,False
2.0,2.45,0,1.7,4.02,0,82.5,17.87,False,True,False,False,False,False,False,True,False,False,False,False,False,False,False,True,False,False,True
2.4,5.21,0,4.5,4.22,0,39.2,24.2,False,True,False,False,False,False,False,False,True,True,False,False,False,False,False,True,False,True,False
1.06,0.28,1,3.1,4.2,0,63.5,21.05,False,True,False,False,False,True,False,True,False,False,True,False,False,False,False,True,False,True,False
5.77,1.78,3,0.9,4.69,1,87.6,55.97,False,False,True,False,False,False,True,False,False,False,True,False,False,False,False,True,False,True,False
4.57,0.41,1,5.0,3.92,0,35.5,36.33,False,False,False,False,False,True,True,False,False,False,False,False,False,False,True,False,True,False,False
6.37,7.33,1,0.1,4.73,1,78.9,50.96,False,False,True,False,False,False,False,False,False,False,False,False,False,False,False,True,False,True,False
2.06,3.1,0,1.7,4.33,0,99.3,10.62,True,False,False,False,False,False,False,False,False,False,False,False,False,False,True,True,False,False,True
5.58,2.63,1,8.2,4.11,0,26.0,44.35,False,False,True,False,False,False,False,False,True,False,False,True,False,False,False,False,True,False,True
6.11,4.7,2,6.1,4.12,0,71.4,36.79,False,True,False,False,False,False,False,False,True,False,False,False,False,True,False,False,True,True,False
6.97,3.51,0,4.3,4.47,0,25.5,28.62,False,True,False,False,False,False,False,False,True,False,False,False,True,False,False,False,True,False,True
1.01,1.68,2,5.3,3.86,0,45.9,23.58,False,True,False,False,False,True,False,False,False,False,False,False,True,False,False,False,True,False,True
4.78,0.22,1,0.2,4.73,1,18.6,33.44,True,False,False,False,False,False,True,False,False,False,False,False,True,False,False,False,True,False,True
6.37,2.99,0,4.8,4.36,0,63.9,32.63,False,False,False,True,False,False,False,True,False,False,False,True,False,False,False,True,False,False,True
3.26,0.72,1,4.2,4.32,0,51.8,21.86,False,True,False,True,False,False,False,True,False,True,False,False,False,False,False,True,False,False,True
2.17,1.22,0,4.5,4.5,0,50.2,16.15,True,False,False,False,False,False,False,False,True,False,False,True,False,False,False,False,True,False,True
3.7,1.49,1,1.3,4.75,0,97.8,20.87,True,False,False,False,False,False,False,False,False,False,False,False,True,False,False,False,True,False,False
2.04,4.57,0,0.2,4.52,0,66.6,20.37,False,True,False,True,False,False,False,False,True,False,False,True,False,False,False,False,True,False,False
2.75,1.05,0,10.5,4.73,0,79.0,23.55,False,False,False,False,False,False,True,False,False,False,False,False,False,False,True,False,True,False,True
2.93,3.52,0,0.8,3.95,0,65.4,29.97,False,False,False,False,True,False,False,True,False,False,False,False,True,False,False,True,False,False,True
1.97,2.13,0,4.1,4.54,0,86.9,22.95,False,False,False,False,False,True,False,False,False,False,True,False,False,False,False,True,False,True,False
12.36,4.5,1,3.3,4.7,1,25.6,47.57,True,False,False,False,False,False,True,False,False,False,False,True,False,False,False,False,False,True,False
4.24,1.13,0,4.0,4.32,0,36.8,21.83,True,False,False,False,False,False,False,True,False,False,False,False,True,False,False,True,False,False,True
3.88,0.93,0,0.6,4.66,0,86.5,18.33,False,True,False,False,False,False,False,True,False,True,False,False,False,False,False,False,False,False,True
2.24,0.72,1,2.3,3.88,0,61.9,25.95,False,True,False,False,False,True,False,False,True,False,False,True,False,False,False,False,True,True,False
9.27,0.4,0,6.5,3.91,0,61.3,44.06,False,False,True,False,False,False,False,False,True,False,False,True,False,False,False,True,False,True,False
4.35,3.93,0,1.6,4.08,0,52.5,23.94,False,True,False,False,False,False,False,False,True,True,False,False,False,False,False,True,False,False,True
4.23,3.81,0,0.1,3.83,1,28.3,23.01,True,False,False,False,False,False,True,False,False,False,False,False,False,False,False,True,False,False,False
6.16,1.26,1,0.6,4.08,0,70.5,32.71,True,False,False,False,False,False,False,False,True,False,False,False,False,False,True,False,True,False,True
5.37,4.09,0,2.8,4.55,0,84.1,23.41,False,True,False,False,False,False,False,True,False,False,False,False,True,False,False,False,True,False,True
3.55,0.48,0,4.4,4.21,0,55.5,9.39,True,False,False,False,False,False,True,False,False,False,False,False,False,True,False,True,False,False,True
6.41,1.83,2,0.2,4.07,0,73.1,36.28,True,False,False,True,False,False,False,False,False,False,False,False,False,False,False,True,False,False,True
7.21,1.18,0,0.8,4.0,0,50.3,34.11,True,False,False,False,False,False,True,False,False,False,False,False,False,False,True,False,True,True,False
4.57,1.41,1,0.4,4.08,0,61.1,26.77,False,True,False,False,False,False,True,False,False,False,True,False,False,False,False,False,True,False,True
7.33,0.89,0,1.7,4.01,1,67.5,34.62,True,False,False,False,False,False,False,False,False,False,False,False,False,False,False,False,False,False,True
6.66,1.07,1,2.2,4.27,1,63.1,55.08,False,False,False,False,False,True,False,False,False,False,False,False,False,True,False,False,True,False,False
4.23,1.25,2,1.4,4.57,0,81.3,34.73,False,False,False,False,False,False,False,True,False,False,False,False,False,True,False,False,False,False,True
1.25,5.36,2,0.1,4.39,0,88.0,28.76,False,True,False,False,False,True,True,False,False,False,False,False,True,False,False,False,False,True,False
4.72,0.84,0,1.5,4.15,1,13.2,42.25,True,False,False,False,True,False,False,False,False,True,False,False,False,False,False,False,True,True,False
6.78,0.46,2,4.6,4.17,1,47.4,44.09,False,True,False,False,False,False,False,False,False,False,True,False,False,False,False,False,True,False,False
9.36,5.83,1,0.8,4.33,0,96.1,42.83,False,True,False,True,False,False,False,True,False,True,False,False,False,False,False,True,False,False,True
1.94,1.99,2,0.5,4.57,1,59.9,40.49,False,True,False,True,False,False,False,False,False,True,False,False,False,False,False,False,True,True,False
2.14,4.46,0,1.0,3.61,0,77.9,13.07,True,False,False,False,False,False,False,True,False,False,False,True,False,False,False,False,True,False,True
4.38,2.7,0,3.7,4.63,0,22.9,26.61,False,True,False,False,False,True,False,False,False,False,True,False,False,False,False,True,False,True,False
0.7,3.26,1,3.0,3.86,0,24.3,18.71,False,False,False,True,False,False,False,True,False,False,False,False,False,False,True,False,True,False,True
8.47,1.39,0,4.3,4.58,1,26.1,41.92,True,False,False,False,False,False,True,False,False,True,False,False,False,False,False,False,True,True,False
4.48,4.27,1,3.9,4.42,0,54.6,18.48,False,True,False,False,False,False,False,True,False,False,False,False,False,False,True,True,False,True,False
2.03,6.23,0,0.5,4.99,0,14.0,17.25,False,True,False,False,False,False,False,True,False,True,False,False,False,False,False,True,False,True,False
4.68,2.06,0,1.1,4.91,0,83.8,32.86,True,False,False,False,False,True,True,False,False,True,False,False,False,False,False,False,True,False,True
1.79,0.62,3,1.2,4.55,1,50.7,32.99,True,False,False,False,False,True,False,False,False,False,False,False,False,False,True,True,False,True,False
2.04,0.56,1,1.1,4.26,0,41.7,19.04,False,True,False,False,False,False,False,False,True,False,False,False,True,False,False,True,False,True,False
2.78,0.47,0,5.1,4.8,1,20.1,29.31,False,False,False,False,False,False,False,False,False,False,False,False,False,True,False,True,False,False,True
5.18,9.42,1,0.5,4.16,0,18.9,41.23,False,True,False,False,False,True,False,False,True,True,False,False,False,False,False,False,True,True,False
1.5,1.65,0,5.7,4.44,1,13.3,22.93,False,True,False,False,False,False,True,False,False,False,False,False,False,True,False,False,True,False,True
3.58,1.98,0,0.5,4.43,1,41.3,26.92,True,False,False,False,False,True,False,False,False,False,False,False,True,False,False,False,False,False,False
5.02,1.64,0,0.8,4.11,0,13.6,23.34,False,True,False,False,False,False,False,True,False,True,False,False,False,False,False,False,True,False,True
3.79,0.38,0,0.0,4.51,1,43.0,22.52,True,False,False,False,False,False,True,False,False,False,False,False,False,True,False,True,False,False,True
9.92,2.1,0,3.1,4.64,1,97.9,41.61,False,True,False,False,False,False,True,False,False,False,False,False,False,False,True,True,False,False,True
9.25,11.02,1,3.0,4.0,1,33.4,54.56,False,True,False,True,False,False,False,False,False,False,False,False,True,False,False,False,True,True,False
4.47,1.5,0,5.1,4.73,1,76.0,25.49,True,False,False,False,False,True,False,False,False,False,False,False,True,False,False,True,False,False,False
4.39,1.0,1,1.0,3.85,0,43.8,31.06,False,False,False,False,False,False,True,False,False,False,True,False,False,False,False,False,True,True,False
3.1,0.36,1,0.4,3.83,0,19.4,36.27,False,False,False,False,True,False,True,False,False,False,False,False,False,True,False,False,True,True,False
6.09,7.37,1,4.6,4.35,0,47.6,49.15,False,False,False,False,False,True,False,False,True,True,False,False,False,False,False,True,False,False,True
2.41,1.56,1,0.5,4.31,0,94.2,25.65,False,False,False,False,False,False,True,False,False,False,True,False,False,False,False,True,False,False,True
5.14,1.34,0,9.6,3.69,0,92.4,28.13,False,False,False,False,True,False,False,True,False,False,False,False,False,False,False,False,False,True,False
2.24,4.31,1,8.3,4.23,0,53.9,11.57,False,True,False,False,False,False,False,True,False,False,False,False,True,False,False,False,False,True,False
2.96,2.1,1,0.9,3.73,1,65.5,27.81,True,False,False,False,False,False,False,False,False,False,False,False,True,False,False,False,True,False,False
1.65,1.93,0,1.6,4.22,0,35.9,27.0,False,False,True,False,False,False,False,True,False,False,False,False,False,True,False,False,True,False,True
10.13,1.98,1,0.1,4.73,0,71.2,41.61,False,True,False,False,False,False,False,True,False,False,False,False,False,True,False,True,False,False,False
5.74,7.51,0,0.9,3.58,1,95.5,34.03,False,True,False,False,False,False,True,False,False,False,False,False,False,True,False,False,True,False,True
2.92,1.4,1,1.9,3.78,0,58.1,35.27,False,True,False,False,True,False,False,True,False,False,True,False,False,False,False,False,True,True,False
4.11,2.09,0,1.3,4.3,1,73.9,30.12,False,False,False,False,False,False,False,False,False,True,False,False,False,False,False,True,False,False,True
3.32,2.46,0,1.8,4.3,1,59.0,17.26,True,False,False,False,False,False,False,False,False,True,False,False,False,False,False,True,False,True,False
3.66,9.08,1,0.2,4.64,0,47.4,39.06,False,False,False,False,False,True,False,True,False,False,False,False,False,True,False,False,True,False,True
6.7,3.22,0,0.3,5.0,0,33.8,26.25,False,True,False,False,False,False,False,False,True,False,True,False,False,False,False,False,False,False,True
10.32,2.36,0,2.2,4.84,1,96.7,51.19,False,True,False,False,False,False,True,False,False,False,False,True,False,False,False,False,True,False,False
9.26,0.35,3,1.1,4.74,0,77.8,50.7,False,False,False,False,False,False,False,False,False,False,False,False,False,False,False,False,False,False,True
1.94,5.1,0,8.4,4.31,0,61.6,25.73,False,False,True,False,False,False,False,False,False,False,False,False,True,False,False,True,False,False,True
4.21,4.01,0,0.8,4.45,0,31.9,38.11,False,False,True,True,False,False,False,True,False,False,True,False,False,False,False,False,True,False,False
1.71,2.59,0,2.4,4.19,1,26.6,36.55,False,False,False,False,False,True,True,False,False,False,False,False,False,True,False,False,True,True,False
2.6,1.4,0,2.5,4.56,0,83.6,24.88,False,False,False,True,False,False,False,False,False,False,False,False,False,True,False,False,True,True,False
4.19,0.48,0,0.4,4.43,0,37.0,30.55,False,False,False,False,False,False,False,False,False,True,False,False,False,False,False,False,True,False,True
1.04,2.04,0,0.9,4.17,0,50.4,23.96,False,False,False,True,False,False,False,True,False,False,False,False,False,False,True,False,True,True,False
6.48,1.8,1,3.5,3.93,1,86.8,49.26,False,False,False,True,False,False,True,False,False,False,False,True,False,False,False,False,True,False,False
1.61,2.88,0,1.6,3.51,1,49.7,31.45,True,False,False,False,True,False,False,False,False,False,False,False,False,True,False,False,True,True,False
5.32,1.6,0,1.4,3.98,0,52.4,36.0,False,False,True,False,False,False,True,False,False,False,False,False,False,True,False,True,False,False,True
3.04,2.91,0,1.4,3.97,0,10.1,27.17,False,False,False,False,False,False,True,False,False,False,False,False,True,False,False,False,True,False,True
7.9,1.89,0,7.3,4.69,1,34.4,36.0,True,False,False,False,False,False,True,False,False,False,True,False,False,False,False,True,False,False,True
4.34,2.87,0,0.9,4.01,0,23.6,43.31,False,False,True,False,False,True,False,True,False,False,False,False,False,True,False,False,False,True,False
2.57,0.78,0,0.7,3.88,0,46.7,23.83,False,True,False,False,False,False,True,False,False,False,False,False,False,True,False,True,False,True,False
5.1,8.79,1,3.5,4.93,1,98.6,53.71,False,False,True,False,False,True,True,False,False,False,False,False,False,False,False,False,False,False,True
1.83,4.95,1,1.0,4.21,1,90.7,32.91,False,False,False,False,False,False,False,False,False,False,False,False,False,False,True,False,True,False,True
0.88,7.55,2,1.7,4.75,0,82.3,13.11,True,False,False,True,False,False,True,False,False,False,False,False,False,True,False,False,False,False,True
4.46,0.82,2,1.8,4.3,0,24.9,26.27,False,True,False,False,False,False,False,False,False,False,True,False,False,False,False,False,True,True,False
6.1,0.96,1,0.1,4.11,0,69.6,34.57,False,True,False,False,False,False,False,False,False,False,True,False,False,False,False,False,True,False,True
2.73,0.96,1,5.4,4.16,0,44.6,17.33,False,True,False,False,False,False,False,True,False,False,False,False,False,True,False,True,False,True,False
2.38,5.33,1,6.7,4.5,0,55.0,25.86,False,False,False,False,False,False,False,False,False,False,True,False,False,False,False,True,False,False,True
1.48,0.98,0,5.0,3.9,0,23.8,33.26,False,False,True,False,True,False,False,True,False,False,False,True,False,False,False,True,False,True,False
2.56,2.44,0,2.7,4.29,0,81.6,22.22,False,False,False,False,False,False,False,True,False,True,False,False,False,False,False,False,True,True,False
3.22,1.38,2,5.8,4.66,0,19.1,40.25,False,False,False,False,False,True,False,False,True,False,False,False,True,False,False,False,True,False,True
18.98,0.56,0,2.3,3.88,1,98.6,79.42,False,False,False,False,False,True,True,False,False,False,False,False,True,False,False,True,False,True,False
3.6,4.66,0,1.9,3.79,0,67.0,16.69,True,False,False,False,False,False,False,True,False,False,False,False,True,False,False,False,True,True,False
0.71,0.69,0,3.0,4.55,1,29.1,18.07,False,True,False,False,False,False,True,False,False,False,False,True,False,False,False,True,False,False,True
7.41,0.8,2,0.9,4.13,1,36.0,57.97,False,False,False,False,False,False,True,False,False,False,False,True,False,False,False,False,True,False,False
1.29,0.71,0,0.9,4.96,0,70.7,13.73,True,False,False,False,False,False,True,False,False,False,False,False,False,True,False,False,True,True,False
5.07,2.85,2,1.3,4.03,1,29.2,37.37,False,True,False,False,False,False,False,False,False,False,False,False,False,True,False,False,False,False,True
1.64,1.07,1,1.4,4.81,0,69.9,13.4,True,False,False,False,False,False,False,False,True,False,False,False,False,False,True,False,True,True,False
3.1,1.0,0,5.9,4.01,0,24.9,19.15,True,False,False,True,False,False,False,False,True,False,False,True,False,False,False,False,True,False,True
1.06,0.38,1,2.8,3.79,1,84.5,22.72,False,True,False,False,False,False,False,False,False,False,False,False,False,False,True,False,False,False,True
1.85,1.0,0,1.2,4.1,0,39.1,19.49,False,True,False,False,False,True,False,True,False,False,True,False,False,False,False,False,True,False,True
4.89,3.28,2,1.5,4.65,0,16.7,41.34,False,False,False,False,False,False,False,False,False,False,False,True,False,False,False,False,False,False,True
4.21,1.37,1,0.6,4.48,1,41.7,45.08,False,False,True,False,False,False,False,False,False,False,False,False,True,False,False,False,True,True,False
2.13,1.36,1,7.2,4.34,1,72.2,16.72,True,False,False,False,False,False,False,False,False,False,False,False,False,True,False,False,False,False,False
2.61,2.95,0,6.9,4.34,1,17.2,37.26,False,False,True,False,False,True,False,False,False,False,False,False,True,False,False,False,True,False,True
2.77,2.05,0,0.4,4.68,0,84.7,37.86,False,False,True,False,False,False,True,False,False,False,False,False,False,False,True,False,False,False,True
5.56,3.78,2,0.4,3.62,0,13.4,42.23,True,False,False,False,True,False,False,False,False,False,False,True,False,False,False,True,False,False,True
1.11,0.92,3,6.6,4.12,0,64.1,23.67,False,True,False,False,False,False,False,False,True,False,False,False,False,False,True,False,True,True,False
5.17,1.41,1,6.1,4.64,0,27.0,34.59,False,True,False,False,False,True,False,False,True,False,False,False,True,False,False,False,True,False,True
8.17,1.52,0,5.0,4.72,1,88.0,45.72,False,False,False,False,False,False,False,False,False,False,False,False,False,False,False,True,False,False,True
5.52,2.81,1,3.8,4.42,0,81.1,41.16,False,False,False,False,False,True,False,True,False,False,False,True,False,False,False,True,False,False,False
1.43,1.36,1,2.2,3.66,0,86.2,25.89,False,True,False,False,False,True,False,False,False,False,True,False,False,False,False,False,True,True,False
7.41,3.78,1,0.4,4.14,1,39.0,44.03,False,True,False,False,False,False,False,False,False,False,False,True,False,False,False,True,False,False,True
9.62,0.25,0,12.6,4.63,0,26.5,30.17,False,False,False,False,False,False,False,True,False,False,True,False,False,False,False,False,False,False,True
1.86,2.34,2,0.0,3.59,0,24.2,26.62,False,False,False,False,False,False,False,False,False,False,False,True,False,False,False,False,True,False,True
8.59,0.34,0,0.9,3.46,0,62.5,29.56,True,False,False,False,False,False,False,True,False,False,False,True,False,False,False,False,False,True,False
4.3,2.39,0,1.0,4.3,0,15.4,31.03,False,True,False,True,False,False,True,False,False,False,False,False,False,False,False,False,True,False,True
3.0,0.65,0,3.4,3.86,0,22.5,11.25,True,False,False,False,False,False,True,False,False,False,False,False,False,True,False,False,False,False,True
9.72,1.36,4,0.1,5.0,0,84.3,57.33,True,False,False,True,False,False,False,True,False,True,False,False,False,False,False,False,True,False,True
8.16,0.79,0,0.3,4.1,0,19.7,41.96,False,False,False,False,False,False,False,True,False,False,False,False,False,False,True,False,True,False,True
3.62,1.43,1,1.2,4.29,1,19.8,41.3,False,False,False,False,False,False,False,False,False,False,False,False,True,False,False,True,False,True,False
3.0,1.54,1,0.4,4.36,0,25.7,12.33,True,False,False,False,False,False,False,False,False,False,False,False,False,True,False,True,False,False,True
6.01,5.11,1,3.0,5.0,1,11.9,37.93,True,False,False,False,True,False,True,False,False,False,True,False,False,False,False,True,False,True,False
3.06,3.14,0,1.8,4.03,1,99.6,28.9,True,False,False,False,False,True,True,False,False,False,False,False,False,True,False,False,True,True,False
3.44,1.11,1,6.1,4.56,0,45.7,32.07,False,False,True,False,False,False,False,False,False,False,False,False,True,False,False,False,True,True,False
4.57,1.72,2,0.6,4.53,0,55.1,24.96,True,False,False,False,False,False,True,False,False,False,False,False,False,True,False,False,True,False,True
4.99,2.83,1,2.3,3.96,1,34.5,37.4,False,False,False,False,False,False,False,False,False,False,False,False,False,False,True,False,False,True,False
5.02,0.5,0,0.2,4.14,0,25.2,27.35,True,False,False,False,False,False,False,True,False,True,False,False,False,False,False,False,True,False,True
4.5,2.67,0,2.8,3.86,0,60.5,29.96,False,True,False,False,True,False,False,False,False,False,True,False,False,False,False,True,False,True,False
2.07,1.11,0,2.0,3.94,0,41.1,13.63,False,True,False,False,False,False,False,False,False,False,False,False,True,False,False,True,False,False,True
1.93,0.53,0,0.4,4.31,0,84.2,22.59,True,False,False,False,True,False,False,False,False,False,False,False,False,False,False,True,False,False,False
3.74,2.61,0,2.9,4.42,0,39.3,16.44,True,False,False,False,False,False,False,False,True,False,False,False,False,False,False,True,False,True,False
1.68,4.71,1,1.9,4.87,0,13.5,11.98,True,False,False,False,False,False,False,False,True,False,True,False,False,False,False,True,False,True,False
3.17,1.01,1,1.6,4.25,0,68.7,25.3,False,False,False,False,False,False,False,True,False,False,False,False,True,False,False,True,False,True,False
4.31,0.65,0,1.4,4.51,1,69.5,40.46,False,False,False,True,False,False,False,False,False,False,True,False,False,False,False,False,True,True,False
8.56,0.74,0,0.6,4.32,0,91.2,39.23,False,False,False,False,False,False,False,True,False,False,False,False,False,False,False,True,False,False,True
4.58,3.42,0,0.2,4.73,0,19.4,22.51,True,False,False,False,False,False,True,False,False,False,False,False,False,True,False,True,False,True,False
1.42,1.74,0,1.4,4.23,1,95.2,21.13,False,True,False,False,False,False,True,False,False,True,False,False,False,False,False,False,True,False,True
1.86,3.32,0,2.1,3.82,0,58.2,32.12,False,False,False,False,True,False,False,True,False,False,True,False,False,False,False,True,False,False,True
6.09,2.7,1,1.6,3.6,0,41.2,36.28,True,False,False,False,False,True,False,False,True,False,True,False,False,False,False,False,True,True,False
7.05,0.79,3,2.2,4.86,1,25.5,48.44,False,False,False,False,False,False,False,False,False,False,True,False,False,False,False,True,False,False,False
4.7,2.22,2,1.9,3.88,0,69.7,23.6,True,False,False,False,False,False,False,False,True,False,False,False,False,True,False,False,True,False,True
5.23,2.83,1,0.1,5.0,0,68.2,31.3,False,True,False,True,False,False,False,False,True,False,False,False,True,False,False,True,False,True,False
10.96,1.94,2,6.1,4.15,0,29.0,58.22,True,False,False,False,False,True,False,False,False,False,False,False,False,False,False,False,True,True,False
7.65,0.63,0,10.2,4.71,0,59.4,20.08,True,False,False,True,False,False,False,True,False,False,False,True,False,False,False,False,False,False,True
1.77,4.39,0,1.7,4.52,1,52.4,10.35,True,False,False,False,False,False,False,False,False,False,False,True,False,False,False,False,True,False,False
2.95,0.22,1,4.4,4.69,0,83.5,25.12,False,True,False,False,False,False,True,False,False,False,False,True,False,False,False,False,True,True,False
2.42,5.99,0,0.3,3.46,1,81.6,13.32,True,False,False,False,False,False,True,False,False,True,False,False,False,False,False,False,True,False,False
5.91,4.3,1,0.0,3.73,1,85.8,42.15,False,True,False,False,False,False,False,False,False,False,False,False,False,True,False,False,True,False,False
10.97,0.78,0,1.3,4.55,0,92.8,50.27,False,False,True,False,False,False,True,False,False,False,False,False,False,False,False,False,False,True,False
3.3,2.81,1,3.3,4.64,0,37.5,16.25,True,False,False,False,False,False,False,True,False,False,False,False,False,False,False,False,True,False,True
4.38,0.5,1,9.4,4.02,0,46.6,23.22,False,True,False,False,False,False,False,False,True,False,True,False,False,False,False,False,True,True,False
3.52,2.4,1,0.8,4.14,0,80.5,36.03,False,False,True,False,False,False,False,True,False,False,False,False,True,False,False,True,False,False,True
6.19,5.22,1,1.1,3.77,1,68.7,29.77,True,False,False,False,False,False,True,False,False,False,False,True,False,False,False,True,False,False,True
2.32,1.62,0,9.2,4.33,0,27.8,8.44,True,False,False,False,False,False,False,True,False,False,False,False,True,False,False,False,True,False,True
7.06,0.97,2,6.5,4.12,1,33.9,43.09,False,False,False,False,False,False,False,False,False,False,False,False,False,False,False,True,False,True,False
2.05,0.73,0,6.8,4.26,0,55.8,18.12,False,True,False,False,False,False,False,False,True,False,False,False,False,False,False,False,True,True,False
2.1,0.7,1,1.4,3.63,0,19.9,24.35,False,False,False,False,False,False,False,False,False,False,False,False,False,False,True,False,True,False,True
3.11,0.93,0,0.0,4.7,0,11.3,15.0,True,False,False,False,False,False,True,False,False,False,False,False,False,False,True,False,True,True,False
4.14,4.22,2,10.5,5.0,1,54.2,29.56,False,False,False,False,False,False,True,False,False,False,False,True,False,False,False,False,False,True,False
2.89,5.87,0,13.8,4.24,1,31.5,19.0,False,True,False,False,False,False,False,False,False,True,False,False,False,False,False,True,False,True,False
3.45,2.38,0,5.2,4.19,0,86.7,29.46,False,True,False,False,False,True,False,True,False,False,True,False,False,False,False,True,False,False,True
8.29,0.7,0,6.8,4.55,0,53.7,36.89,False,True,False,False,False,False,False,True,False,False,False,False,False,True,False,False,True,False,True
1.01,0.77,1,0.6,4.33,0,44.2,13.68,False,True,False,False,False,False,False,False,True,False,False,True,False,False,False,False,True,False,True
3.66,2.48,0,5.9,4.64,0,38.3,18.42,False,True,False,False,False,False,False,False,True,False,True,False,False,False,False,True,False,False,True
5.07,1.98,1,1.4,4.0,1,60.3,36.65,False,True,False,False,False,True,True,False,False,False,False,True,False,False,False,True,False,True,False
3.1,3.4,0,1.0,4.27,1,99.0,26.55,False,True,False,False,False,True,False,False,False,False,False,False,False,True,False,False,True,False,True
3.08,0.26,1,0.6,4.82,0,57.5,28.99,False,False,False,False,False,False,False,False,True,False,False,False,False,True,False,False,True,True,False
2.42,3.07,0,1.5,4.26,1,33.0,23.29,False,True,False,False,False,False,False,False,False,True,False,False,False,False,False,False,True,True,False
3.45,4.12,1,2.4,4.39,0,59.3,20.91,True,False,False,False,False,False,False,True,False,True,False,False,False,False,False,False,True,True,False
1.04,3.75,1,2.1,4.2,0,56.0,16.65,True,False,False,False,False,True,True,False,False,False,False,False,False,False,True,True,False,False,True
7.61,0.25,1,0.2,4.1,1,69.5,52.45,False,False,False,False,False,True,False,False,False,True,False,False,False,False,False,False,False,True,False
4.12,4.53,1,0.1,4.19,0,50.9,30.57,False,False,False,False,False,False,False,True,False,False,False,False,False,False,False,False,False,False,True
4.65,2.47,0,5.9,3.88,1,58.7,35.78,False,False,False,False,False,False,True,False,False,False,False,False,False,False,True,True,False,True,False
6.95,1.37,0,2.9,4.78,0,79.6,40.7,False,True,False,False,True,False,False,False,False,False,True,False,False,False,False,False,True,False,True
3.43,3.64,0,1.4,4.18,1,47.3,37.29,False,False,False,True,False,False,True,False,False,False,False,False,False,False,True,False,True,False,True
3.83,1.19,0,0.9,3.88,0,72.9,33.18,False,False,False,False,False,True,False,True,False,False,True,False,False,False,False,False,True,False,False
2.12,0.36,1,2.1,3.86,0,38.4,10.54,True,False,False,False,False,False,False,False,False,False,True,False,False,False,False,False,False,False,True
5.32,6.58,0,3.8,3.91,0,34.9,29.65,False,True,False,False,False,False,False,True,False,True,False,False,False,False,False,False,True,False,True
2.25,0.79,0,2.8,3.76,1,34.4,34.39,False,False,False,False,False,True,True,False,False,False,False,True,False,False,False,False,True,True,False
3.66,0.62,1,0.2,4.53,0,79.7,26.38,False,True,False,False,False,True,False,False,True,False,False,False,False,False,True,True,False,False,True
2.38,3.32,0,0.4,4.19,1,41.7,27.52,False,True,False,False,False,True,True,False,False,False,False,False,False,False,False,False,False,False,True
2.75,1.65,1,1.6,4.61,1,70.3,40.61,False,False,True,False,False,False,False,False,False,False,False,False,False,True,False,False,True,False,False
16.27,3.28,1,1.7,3.57,0,49.1,58.51,True,False,False,False,False,False,False,True,False,False,False,False,True,False,False,True,False,False,True
2.31,0.37,1,2.8,4.59,0,78.2,24.45,False,False,False,False,False,False,False,False,True,False,False,False,True,False,False,True,False,True,False
3.47,7.74,1,0.1,4.32,0,89.4,32.43,True,False,False,False,False,True,False,True,False,False,False,False,False,True,False,False,False,True,False
6.03,0.7,0,3.4,3.9,0,85.8,30.31,True,False,False,False,False,True,False,False,True,False,True,False,False,False,False,True,False,False,True
3.45,1.77,0,5.1,4.93,0,34.8,14.72,True,False,False,False,False,False,False,True,False,False,False,False,True,False,False,False,True,False,False
2.46,3.57,0,7.8,4.74,0,74.7,23.99,False,False,True,False,False,False,False,True,False,False,True,False,False,False,False,False,True,True,False
3.31,0.68,0,2.8,4.24,0,35.3,19.98,False,True,False,False,False,False,False,False,True,False,False,False,False,False,True,False,True,False,True
1.45,0.49,0,5.8,3.97,1,22.7,32.75,False,False,False,False,False,True,True,False,False,False,False,True,False,False,False,False,True,False,True
0.76,0.23,1,4.0,4.2,0,81.9,16.52,True,False,False,False,False,False,False,True,False,False,False,False,False,True,False,False,True,True,False
12.44,12.21,1,0.7,3.45,0,21.5,57.99,True,False,False,False,True,False,False,False,True,True,False,False,False,False,False,True,False,False,True
2.94,0.29,0,4.2,5.0,0,88.8,17.8,False,True,False,False,False,False,True,False,False,True,False,False,False,False,False,True,False,False,True
10.08,0.39,2,4.3,3.94,0,22.7,51.16,True,False,False,False,False,True,True,False,False,False,True,False,False,False,False,True,False,True,False
3.28,3.1,1,0.3,3.93,0,95.7,37.77,False,False,True,False,False,False,False,True,False,False,False,False,False,False,False,True,False,False,True
1.7,0.62,2,0.0,4.06,1,66.1,32.14,False,False,False,False,False,False,False,False,False,False,False,False,False,False,True,False,True,False,False
6.27,4.14,0,0.6,4.3,0,57.0,38.94,False,False,False,False,False,False,False,True,False,False,False,False,False,True,False,False,True,False,True
6.79,0.2,1,3.8,4.29,0,10.2,49.85,False,False,True,False,False,False,False,True,False,False,False,False,True,False,False,False,True,True,False
2.05,0.79,0,4.0,3.97,1,43.5,40.32,False,False,True,True,False,False,False,False,False,False,False,True,False,False,False,False,True,True,False
0.83,0.85,0,2.3,4.32,0,57.6,5.0,True,False,False,False,False,False,False,False,True,False,False,False,False,False,True,True,False,False,True
1.65,1.97,1,0.1,5.0,1,40.5,17.15,True,False,False,False,False,False,False,False,False,False,False,False,True,False,False,True,False,False,True
5.94,1.78,2,4.8,3.93,0,45.2,36.63,False,True,False,False,False,True,False,False,False,True,False,False,False,False,False,False,True,True,False
6.19,1.29,0,7.1,4.41,1,59.4,47.3,False,True,False,False,True,False,False,False,False,False,False,False,False,False,False,False,True,False,True
5.61,0.23,1,14.7,3.97,0,91.5,36.79,False,False,False,False,False,False,False,False,False,False,False,True,False,False,False,False,True,False,True
5.21,4.37,0,4.5,4.57,0,32.5,17.72,True,False,False,False,False,False,True,False,False,False,False,False,True,False,False,False,True,True,False
5.52,0.31,1,0.4,4.25,0,53.7,42.78,False,False,False,False,True,False,False,True,False,False,False,False,False,False,True,False,True,True,False
3.55,1.01,0,1.1,4.59,0,21.4,17.5,True,False,False,False,False,False,False,False,False,False,False,True,False,False,False,True,False,True,False
3.02,0.92,0,0.2,4.28,0,46.3,25.11,False,True,False,False,False,True,False,True,False,False,True,False,False,False,False,False,True,False,True
2.02,1.27,1,1.4,5.0,0,35.8,30.71,False,False,True,False,False,False,False,True,False,False,True,False,False,False,False,True,False,True,False
3.66,7.55,0,0.9,4.31,0,45.9,23.65,True,False,False,False,False,False,False,False,False,False,False,False,False,False,True,False,True,True,False
8.62,1.94,1,1.8,3.8,0,55.9,51.66,False,True,False,False,True,False,False,False,False,False,False,True,False,False,False,False,True,True,False
3.76,6.11,0,2.8,3.84,0,42.0,28.87,False,True,False,False,False,True,False,True,False,False,False,False,False,True,False,True,False,False,True
4.81,3.42,0,1.3,4.09,0,27.1,48.55,False,False,True,False,True,False,False,True,False,False,False,False,False,False,False,True,False,False,True
7.91,2.48,2,1.8,4.26,0,98.2,44.51,True,False,False,False,False,False,False,True,False,False,False,False,True,False,False,False,True,False,True
6.19,1.62,1,5.4,5.0,0,82.1,28.29,True,False,False,True,False,False,False,True,False,False,False,False,True,False,False,False,True,False,True
6.9,3.38,1,1.0,3.9,0,10.7,51.98,False,False,True,False,False,False,False,False,True,False,False,False,False,True,False,False,True,False,False
4.75,0.91,1,3.4,4.42,0,10.4,29.67,True,False,False,False,False,False,True,False,False,False,True,False,False,False,False,False,True,True,False
2.39,1.19,1,0.6,4.07,0,12.3,43.69,False,False,True,True,False,False,True,False,False,False,False,False,False,True,False,True,False,False,True
3.86,2.14,1,0.5,3.84,0,77.6,37.85,False,False,False,False,False,True,True,False,False,False,True,False,False,False,False,False,False,True,False
5.78,0.45,0,2.9,4.44,0,76.2,37.94,False,False,False,True,False,False,False,True,False,False,False,False,False,True,False,False,True,False,True
4.1,0.51,0,6.7,4.24,0,27.6,19.98,True,False,False,False,False,False,False,True,False,False,False,False,False,False,True,True,False,False,True
1.94,3.53,1,7.8,4.67,0,75.5,18.34,False,False,False,False,False,False,True,False,False,False,False,True,False,False,False,True,False,True,False
2.22,2.87,0,1.0,4.26,0,77.4,21.69,False,True,False,False,True,False,True,False,False,False,False,False,False,True,False,True,False,True,False
1.69,1.94,1,0.4,4.33,0,64.2,25.61,False,False,False,False,False,False,False,True,False,False,False,True,False,False,False,True,False,False,False
1.28,0.59,0,1.4,3.58,0,75.2,14.68,False,False,False,False,False,False,False,False,False,False,False,False,False,False,True,False,False,False,True
1.48,2.11,0,0.3,3.54,0,13.5,15.49,False,True,False,False,False,False,False,True,False,False,False,True,False,False,False,False,True,False,True
7.2,2.43,0,1.3,3.94,1,56.5,35.51,True,False,False,False,False,False,False,False,False,False,False,True,False,False,False,True,False,False,True
15.39,2.12,2,0.4,4.66,0,56.4,77.61,False,True,False,True,False,False,True,False,False,True,False,False,False,False,False,False,True,False,True
3.1,1.09,1,2.3,4.3,1,76.6,31.69,False,True,False,False,False,False,True,False,False,False,False,False,True,False,False,False,True,False,True
6.46,2.2,2,0.3,4.56,0,57.9,36.44,True,False,False,False,False,False,False,False,True,False,True,False,False,False,False,False,True,False,False
2.04,0.52,0,1.8,3.97,0,71.5,14.29,False,False,False,False,False,False,False,False,True,False,False,False,False,False,True,False,False,True,False
2.52,1.32,1,1.7,4.47,0,25.1,19.59,True,False,False,True,False,False,False,True,False,False,False,False,False,False,True,False,True,False,False
5.37,0.35,0,0.0,4.63,0,78.0,30.69,False,True,False,False,False,False,False,False,False,False,False,False,True,False,False,False,True,True,False
2.02,3.99,0,3.3,3.68,0,75.2,38.47,False,False,True,False,False,True,False,True,False,False,False,False,False,False,False,False,True,False,True
2.11,6.18,1,1.8,3.57,0,44.2,29.66,False,False,True,False,False,False,False,False,True,False,False,False,False,False,False,True,False,False,True
1.8,0.93,1,3.5,4.13,1,51.7,22.71,True,False,False,True,False,False,True,False,False,False,False,False,True,False,False,True,False,True,False
2.92,0.57,1,1.3,4.46,1,53.2,24.72,False,True,False,False,False,False,True,False,False,False,False,False,True,False,False,True,False,True,False
2.79,3.18,1,1.0,4.5,1,33.1,25.51,True,False,False,False,False,True,False,False,False,False,True,False,False,False,False,False,True,True,False
1.78,0.89,1,4.8,4.3,1,48.2,30.66,False,True,False,False,True,False,False,False,False,True,False,False,False,False,False,False,False,False,True
3.49,1.15,0,3.1,3.74,0,30.7,23.62,False,True,False,False,False,False,False,False,False,False,False,True,False,False,False,True,False,True,False
3.98,0.99,0,0.6,4.21,0,10.6,23.57,False,True,False,False,False,False,True,False,False,False,False,False,False,False,False,True,False,False,True
2.17,1.28,0,1.5,3.87,1,50.4,15.48,True,False,False,False,False,False,True,False,False,False,False,False,True,False,False,True,False,False,True
3.35,5.41,2,0.1,4.83,1,11.9,30.93,True,False,False,False,False,False,False,False,False,False,True,False,False,False,False,True,False,False,True
3.67,2.81,3,0.1,4.09,0,16.0,36.09,False,True,False,True,False,False,False,False,False,False,False,True,False,False,False,True,False,False,True
1.49,0.64,4,0.6,3.87,1,39.9,37.49,True,False,False,False,False,True,True,False,False,False,True,False,False,False,False,True,False,True,False
5.98,1.3,1,9.4,4.51,1,68.6,26.71,True,False,False,False,False,False,True,False,False,True,False,False,False,False,False,False,False,True,False
2.07,1.04,0,1.1,4.0,0,15.0,26.04,False,True,False,False,False,True,False,True,False,False,False,False,False,False,False,False,True,False,False
2.04,1.99,0,1.5,5.0,0,79.0,38.54,False,False,True,False,False,True,True,False,False,False,False,False,False,False,True,False,True,False,True
7.38,5.16,1,0.1,4.1,0,28.3,37.56,True,False,False,False,False,False,True,False,False,False,True,False,False,False,False,False,True,False,True
2.33,1.16,0,1.7,4.31,1,44.5,24.11,True,False,False,False,True,False,False,False,False,False,False,False,False,False,False,False,True,True,False
5.82,2.75,1,0.9,4.14,0,32.4,35.7,True,False,False,False,True,False,True,False,False,True,False,False,False,False,False,False,True,False,True
1.75,6.5,1,1.0,3.75,0,31.8,21.23,True,False,False,False,True,False,False,True,False,False,False,False,False,False,False,True,False,False,False
11.06,2.56,0,0.4,4.35,0,36.2,50.1,False,True,False,False,False,False,False,True,False,False,False,False,True,False,False,False,True,False,False
6.09,1.76,0,14.0,4.28,1,79.5,29.53,False,True,False,False,False,False,False,False,False,False,True,False,False,False,False,False,False,False,True
4.34,0.48,0,4.3,4.83,1,86.3,28.54,False,False,False,False,False,False,False,False,False,False,False,False,False,True,False,False,False,False,True
3.4,3.04,0,1.3,4.23,0,10.7,47.25,False,False,True,False,True,False,False,True,False,False,False,False,True,False,False,False,True,False,True
4.36,3.87,1,2.0,5.0,0,41.9,25.8,False,True,False,False,False,False,False,True,False,False,False,False,False,False,True,False,False,True,False
6.61,4.34,0,3.3,4.23,0,44.4,45.32,False,False,True,False,False,False,True,False,False,False,False,False,False,False,True,False,True,True,False
3.06,3.37,0,2.5,4.12,0,37.9,34.02,False,False,True,False,False,False,False,True,False,False,False,False,True,False,False,False,True,False,False
5.67,0.81,1,1.5,4.14,1,76.2,32.41,False,True,False,False,False,False,True,False,False,False,False,False,True,False,False,False,False,False,True
1.48,2.07,1,14.4,3.75,0,98.3,11.34,False,True,False,False,False,False,False,True,False,False,False,False,True,False,False,True,False,True,False
2.7,0.98,0,3.4,4.87,0,28.2,13.67,True,False,False,False,False,False,False,False,True,False,False,False,False,False,True,False,True,True,False
3.54,0.25,1,0.2,4.34,0,15.7,22.83,True,False,False,False,False,False,False,True,False,False,False,True,False,False,False,True,False,False,True
4.25,0.76,1,3.7,4.31,0,62.8,36.51,False,False,False,False,False,False,False,False,False,False,False,False,False,True,False,True,False,False,True
4.87,0.77,1,0.0,4.49,0,11.6,33.02,True,False,False,False,False,True,False,True,False,True,False,False,False,False,False,True,False,True,False
3.22,0.64,1,0.9,3.99,0,33.7,27.21,False,False,False,False,False,False,False,False,True,False,False,True,False,False,False,False,True,False,False
6.25,1.83,1,3.2,4.6,0,12.6,33.03,False,True,False,False,False,False,True,False,False,False,True,False,False,False,False,True,False,True,False
1.39,1.44,0,2.6,3.94,1,16.1,22.76,True,False,False,True,False,False,True,False,False,False,False,False,False,False,False,False,True,True,False
3.07,3.94,0,7.3,4.26,0,95.7,14.14,True,False,False,False,False,False,False,False,False,False,False,False,False,True,False,True,False,False,True
1.46,8.73,1,4.1,4.7,0,23.3,24.85,False,True,False,False,True,False,False,False,False,False,False,False,True,False,False,False,True,True,False
3.06,5.89,2,0.8,4.78,0,72.6,36.14,False,False,False,False,False,True,True,False,False,True,False,False,False,False,False,False,True,False,True
3.25,0.34,0,7.0,4.33,0,81.2,19.39,False,True,False,False,False,False,False,True,False,False,False,False,False,False,False,True,False,True,False
8.33,0.95,1,0.5,4.5,1,98.9,48.56,False,True,False,True,False,False,False,False,False,False,False,False,False,True,False,False,True,False,True
3.67,3.52,0,0.9,4.25,0,70.0,33.31,False,False,False,True,False,False,False,True,False,False,False,False,False,False,False,False,True,False,True
1.3,1.5,0,0.4,4.68,1,92.4,24.52,False,False,False,False,False,False,False,False,False,False,False,False,False,False,True,True,False,True,False
0.93,3.84,1,3.0,4.36,0,72.5,19.87,False,True,False,False,False,False,True,False,False,False,False,False,False,False,True,False,True,True,False
6.28,2.07,1,2.6,4.58,0,88.9,36.68,False,True,False,False,False,False,False,False,True,False,False,False,False,True,False,False,True,True,False
3.67,3.05,1,1.6,4.88,0,62.3,29.0,True,False,False,False,False,True,False,True,False,True,False,False,False,False,False,False,True,True,False
1.89,3.96,0,0.5,4.2,0,28.5,28.28,False,False,False,True,False,False,False,False,False,True,False,False,False,False,False,False,True,True,False
4.23,3.39,0,1.6,3.84,1,89.5,20.94,False,True,False,False,False,False,True,False,False,False,False,False,True,False,False,False,False,True,False
2.61,1.3,1,2.8,4.5,0,65.4,26.61,False,True,False,False,False,False,False,True,False,False,False,False,False,False,False,False,False,False,True
1.03,3.25,0,8.5,4.12,0,50.8,12.94,False,True,False,False,False,True,False,True,False,False,False,False,False,True,False,False,False,True,False
3.07,0.22,1,3.1,4.64,0,22.7,25.41,False,True,False,False,False,False,False,True,False,False,False,False,False,False,False,True,False,False,True
5.86,0.8,1,1.4,4.21,1,82.8,42.01,False,False,False,False,False,False,True,False,False,False,True,False,False,False,False,False,True,True,False
4.99,0.2,0,0.9,4.26,0,84.2,34.92,False,False,True,False,False,False,False,False,True,False,False,False,True,False,False,True,False,True,False
4.26,1.02,0,3.2,4.05,1,45.4,28.59,True,False,False,False,False,False,True,False,False,False,False,False,False,False,False,False,True,False,True
3.1,0.39,1,1.4,4.41,0,96.2,29.13,False,False,False,False,False,False,False,False,True,False,False,False,False,True,False,False,True,True,False
4.32,0.79,1,3.7,3.91,0,88.9,42.1,False,False,False,True,False,False,True,False,False,False,True,False,False,False,False,True,False,True,False
4.22,2.48,0,4.9,3.89,0,58.9,23.74,True,False,False,False,False,True,True,False,False,False,False,True,False,False,False,True,False,False,True
4.17,2.89,1,6.2,5.0,0,62.6,33.19,False,False,False,False,False,False,False,True,False,False,False,False,False,True,False,False,True,True,False
6.14,0.64,1,2.6,4.04,1,76.5,32.5,True,False,False,False,False,False,True,False,False,False,False,False,False,False,False,True,False,False,True
3.05,2.74,1,4.7,4.53,1,89.9,29.0,False,False,False,False,False,False,True,False,False,False,True,False,False,False,False,True,False,False,True
13.39,3.83,1,1.1,4.6,0,52.0,62.51,True,False,False,False,False,True,False,True,False,False,True,False,False,False,False,False,True,True,False
1.74,3.07,0,5.7,4.06,0,84.8,9.99,True,False,False,False,False,False,False,False,False,False,False,False,True,False,False,False,False,True,False
5.41,3.06,0,0.3,5.0,0,15.7,22.85,True,False,False,False,False,False,False,True,False,False,False,False,False,True,False,False,True,False,False
3.24,0.7,0,4.0,4.67,0,21.8,33.67,False,False,False,False,True,False,False,False,True,True,False,False,False,False,False,False,True,True,False
5.16,2.97,1,2.2,4.91,1,82.5,38.28,False,True,False,False,False,False,False,False,False,True,False,False,False,False,False,False,True,False,False
2.61,2.34,1,2.8,4.47,1,32.7,25.9,True,False,False,False,True,False,False,False,False,False,False,False,False,False,True,False,True,True,False
5.77,0.7,1,1.2,3.85,0,38.1,39.03,False,False,False,False,False,True,False,True,False,False,True,False,False,False,False,False,True,False,False
1.53,0.6,1,0.5,4.29,0,85.6,36.56,False,False,False,False,True,False,False,True,False,False,False,False,True,False,False,False,False,False,True
5.33,0.44,0,4.2,3.84,1,39.5,28.49,False,True,False,False,False,False,True,False,False,True,False,False,False,False,False,True,False,False,False
10.91,2.35,1,0.9,4.91,0,77.4,51.86,False,True,False,False,False,False,False,True,False,False,False,False,True,False,False,False,True,True,False
2.12,2.55,0,3.3,4.37,0,77.7,23.93,False,True,False,False,False,True,False,True,False,False,False,False,False,False,True,False,False,False,True
7.96,2.62,0,3.1,4.25,0,20.4,33.05,True,False,False,False,False,False,False,False,False,True,False,False,False,False,False,True,False,False,True
5.86,5.51,0,4.7,4.1,1,87.8,33.49,False,True,False,False,False,False,True,False,False,False,True,False,False,False,False,True,False,True,False
1.29,11.49,0,0.8,4.04,0,98.5,31.39,False,False,True,False,False,False,True,False,False,False,False,False,True,False,False,False,False,True,False
2.68,0.46,1,3.1,3.79,0,59.1,29.53,False,True,False,False,False,True,False,True,False,False,True,False,False,False,False,True,False,True,False
9.38,1.33,0,0.8,4.39,0,19.1,55.58,False,False,True,False,False,False,False,True,False,False,False,False,False,False,True,True,False,True,False
4.0,2.5,0,0.0,3.84,1,90.1,25.71,True,False,False,False,False,False,False,False,False,True,False,False,False,False,False,False,True,False,True
6.36,0.39,2,1.9,4.75,0,98.2,47.8,False,False,False,False,False,True,True,False,False,True,False,False,False,False,False,True,False,True,False
4.38,0.3,1,3.8,3.52,1,56.9,27.97,True,False,False,False,False,False,False,False,False,True,False,False,False,False,False,True,False,True,False
3.15,0.83,0,3.4,4.7,0,59.3,21.41,False,True,False,False,False,True,False,False,True,False,False,False,False,False,True,False,True,True,False
4.36,0.87,1,1.3,4.12,0,52.2,30.39,False,False,False,False,False,False,True,False,False,False,True,False,False,False,False,False,True,False,True
2.87,3.99,1,1.8,4.11,0,27.9,38.32,False,False,False,False,True,False,False,True,False,False,False,False,True,False,False,False,True,True,False
3.47,4.63,2,10.6,4.38,0,40.7,18.2,True,False,False,False,False,False,False,False,True,False,False,False,False,False,True,False,True,False,False
3.41,2.06,0,4.6,4.15,0,36.9,18.84,True,False,False,False,False,True,False,False,True,False,False,False,False,True,False,False,True,False,True
6.1,2.04,0,0.9,4.3,0,46.1,37.97,False,True,False,False,False,True,True,False,False,False,False,False,False,False,True,False,True,True,False
1.14,2.59,0,1.3,4.39,0,33.9,12.06,False,True,False,False,False,False,False,False,False,False,False,False,False,False,True,True,False,False,True
4.12,1.69,0,3.5,3.99,0,82.7,23.32,True,False,False,False,False,False,False,False,True,False,False,True,False,False,False,False,True,False,True
7.9,1.79,0,1.0,4.21,0,74.1,26.31,True,False,False,False,False,False,False,False,False,False,False,False,False,True,False,True,False,False,True
4.55,0.81,1,5.4,4.54,0,19.2,34.89,False,True,False,False,False,True,False,False,True,False,False,False,True,False,False,True,False,True,False
3.81,0.31,0,2.8,4.62,1,22.1,30.41,False,True,False,False,False,False,False,False,False,False,False,False,False,True,False,False,True,True,False
3.86,4.01,1,9.3,4.42,1,55.3,32.77,False,False,False,True,False,False,False,False,False,False,False,False,False,True,False,False,True,False,False
3.05,0.39,3,3.1,4.3,0,11.1,36.8,False,False,False,False,False,False,False,True,False,False,False,False,False,False,True,False,False,False,True
8.28,0.78,2,5.1,4.11,0,11.7,37.79,True,False,False,False,False,False,False,True,False,True,False,False,False,False,False,True,False,True,False
2.95,2.28,0,0.4,4.79,0,36.7,12.33,True,False,False,False,False,False,False,False,True,False,False,False,False,True,False,False,True,False,False
3.73,0.29,2,3.9,4.3,0,29.3,37.24,False,True,False,False,True,False,True,False,False,False,False,False,True,False,False,True,False,False,True
2.66,2.14,1,0.1,4.32,1,41.3,32.84,False,False,False,False,False,False,True,False,False,False,False,False,True,False,False,False,True,False,True
4.2,0.6,0,2.9,4.1,0,95.3,26.05,False,True,False,False,False,True,False,False,True,False,False,False,True,False,False,False,True,False,True
3.83,1.27,0,0.8,3.75,1,36.2,21.63,True,False,False,True,False,False,False,False,False,False,False,False,True,False,False,True,False,False,True
10.8,1.74,0,0.8,3.21,1,75.4,38.27,True,False,False,False,False,False,False,False,False,False,False,False,False,False,True,False,False,False,True
2.14,1.9,0,1.6,4.79,0,22.3,13.88,True,False,False,False,False,True,False,False,False,False,False,True,False,False,False,False,True,False,True
1.15,0.35,0,1.8,4.81,0,59.9,20.82,False,False,False,False,False,False,False,True,False,False,True,False,False,False,False,False,False,False,True
5.18,1.59,2,2.2,4.39,0,51.1,46.59,False,True,False,False,True,False,False,True,False,False,False,False,False,True,False,False,True,True,False
8.11,2.4,0,3.0,4.09,0,67.5,35.64,True,False,False,False,True,False,False,False,True,False,True,False,False,False,False,True,False,False,True
4.05,6.07,1,0.4,4.19,1,78.4,38.88,False,True,False,False,False,True,False,False,False,False,False,False,False,False,False,False,True,False,True
6.73,1.33,0,3.2,3.9,0,21.7,35.99,False,True,False,False,False,False,False,False,False,False,False,False,False,True,False,True,False,False,False
7.51,0.83,1,3.0,4.44,0,35.2,43.58,True,False,False,False,False,True,True,False,False,False,False,False,False,False,False,False,True,False,True
3.38,0.7,0,2.7,4.09,0,96.9,9.9,True,False,False,False,False,False,True,False,False,False,False,False,False,False,False,True,False,False,True
3.71,0.34,0,5.6,3.72,1,47.7,34.02,False,False,False,False,False,True,True,False,False,False,False,False,False,True,False,False,False,False,True
2.72,0.84,1,0.9,3.67,0,24.3,35.88,False,False,False,False,False,True,False,True,False,True,False,False,False,False,False,False,True,False,True
8.35,2.19,0,0.2,4.06,0,43.7,38.49,True,False,False,True,False,False,False,True,False,False,False,False,True,False,False,False,True,False,True
3.21,1.75,1,0.6,3.85,0,30.9,28.88,False,False,False,False,False,False,False,False,True,False,False,True,False,False,False,False,True,False,True
10.4,2.53,1,2.5,4.11,0,58.2,39.27,True,False,False,False,False,False,False,False,False,False,False,False,False,False,False,True,False,True,False
5.1,4.67,2,0.8,4.08,0,55.3,40.74,True,False,False,False,True,False,False,False,False,False,False,False,False,False,True,True,False,False,False
2.98,0.27,0,1.6,4.33,1,90.5,26.2,False,True,False,False,False,False,False,False,False,False,False,False,True,False,False,False,True,True,False
2.68,3.47,1,1.6,3.73,0,18.7,28.82,False,False,False,False,False,False,False,False,True,False,False,False,False,False,True,True,False,False,True
3.51,0.68,0,10.2,3.51,0,34.4,29.25,False,False,False,False,False,False,False,False,False,False,False,False,False,False,False,False,True,False,True
5.87,0.76,0,0.1,4.51,0,12.8,39.09,False,True,False,False,False,False,False,True,False,False,False,False,False,False,False,False,True,True,False
4.48,2.32,3,0.4,4.68,0,77.2,34.19,False,True,False,True,False,False,False,False,True,False,True,False,False,False,False,True,False,False,True
4.25,3.54,0,6.0,4.29,0,44.1,23.9,False,True,False,False,False,False,False,True,False,False,False,True,False,False,False,False,True,False,False
4.12,1.45,0,1.5,4.98,0,42.9,21.26,True,False,False,False,False,False,False,False,True,False,False,True,False,False,False,False,True,True,False
3.65,3.72,2,1.4,4.14,1,15.3,40.62,True,False,False,False,True,False,False,False,False,False,False,False,False,False,True,False,True,False,True
2.42,0.72,0,3.5,3.91,1,70.9,23.51,False,False,False,False,False,False,True,False,False,True,False,False,False,False,False,True,False,False,True
4.0,5.06,0,8.6,3.68,1,74.2,20.9,True,False,False,False,False,False,False,False,False,False,False,False,False,False,True,False,True,False,True
3.31,0.7,1,8.3,4.97,0,65.4,31.84,False,False,True,False,False,False,False,True,False,False,False,False,False,True,False,True,False,True,False
4.93,1.01,2,0.5,3.91,1,27.5,33.31,False,True,False,False,False,False,True,False,False,False,False,True,False,False,False,False,False,True,False
6.45,9.83,0,1.4,4.33,0,76.5,29.79,True,False,False,True,False,False,False,True,False,False,False,False,True,False,False,True,False,False,True
8.19,0.3,0,5.6,4.52,0,67.8,32.99,True,False,False,False,False,False,False,False,False,False,True,False,False,False,False,True,False,False,True
2.06,2.18,0,0.9,4.24,0,29.4,23.89,True,False,False,False,False,True,False,False,True,False,False,False,False,True,False,False,True,False,True
2.88,0.29,0,0.9,4.83,0,25.9,30.62,False,True,False,False,True,False,False,True,False,True,False,False,False,False,False,False,True,False,True
2.56,1.13,0,2.3,3.3,1,48.8,27.22,False,True,False,False,False,False,False,False,False,False,False,False,True,False,False,False,True,False,False
6.41,2.76,0,0.1,4.24,0,54.8,36.58,False,False,False,False,False,False,True,False,False,False,False,False,False,False,False,False,True,False,False
3.14,1.57,0,0.7,3.87,1,70.2,26.43,True,False,False,False,False,False,True,False,False,False,True,False,False,False,False,False,True,False,True
2.09,6.16,1,1.1,4.01,0,92.0,35.48,False,False,True,False,True,False,False,True,False,False,True,False,False,False,False,False,False,False,True
3.18,0.47,1,4.8,4.19,0,79.6,26.45,False,False,False,True,False,False,False,False,True,False,False,False,False,False,True,True,False,False,False
2.69,0.43,0,0.7,4.39,0,56.0,20.23,False,True,False,True,False,False,False,True,False,False,False,True,False,False,False,True,False,False,True
4.19,0.84,0,1.4,5.0,1,59.2,21.97,False,True,False,False,False,False,False,False,False,False,False,False,False,False,True,True,False,False,True
4.71,3.78,0,3.5,4.7,0,89.2,34.63,False,False,False,False,False,True,False,True,False,False,False,False,False,False,True,False,True,False,True
2.97,2.56,1,9.7,4.52,0,15.0,20.61,True,False,False,False,False,False,False,True,False,False,False,False,False,True,False,True,False,False,True
1.88,1.62,0,0.3,4.2,0,72.0,12.01,True,False,False,False,False,False,False,True,False,False,False,False,False,False,True,True,False,False,True
6.31,0.65,0,0.6,4.25,1,12.9,46.65,False,False,True,False,False,False,True,False,False,False,False,False,False,False,False,True,False,False,True
2.97,3.1,2,6.2,4.14,1,50.8,32.37,False,False,False,False,False,False,False,False,False,False,True,False,False,False,False,True,False,False,False
4.89,12.37,1,2.5,4.48,0,27.9,27.46,False,True,False,False,False,False,False,False,False,False,False,False,False,True,False,True,False,False,True
7.31,0.9,0,3.2,3.7,1,10.6,46.95,False,False,False,False,False,False,False,False,False,False,False,False,True,False,False,True,False,False,False
2.3,0.83,2,0.2,4.25,0,60.1,21.92,False,True,False,False,False,False,False,False,False,False,False,False,False,False,False,True,False,False,True
9.35,4.03,1,1.7,4.79,0,35.7,59.91,False,False,True,False,False,False,False,True,False,False,False,True,False,False,False,False,True,False,True
4.09,0.22,0,0.3,4.49,1,65.9,38.1,False,False,True,False,False,False,True,False,False,True,False,False,False,False,False,False,True,False,False
4.23,3.67,0,1.4,4.25,0,93.4,29.38,False,False,False,False,False,False,True,False,False,False,False,False,True,False,False,False,True,True,False
3.02,0.97,1,1.2,4.92,0,76.0,21.89,False,True,False,False,False,False,False,True,False,False,False,True,False,False,False,False,True,False,True
6.86,2.4,1,2.0,4.8,0,95.6,38.65,False,False,False,False,False,False,False,True,False,False,False,False,False,False,False,True,False,True,False
5.42,3.93,0,0.5,4.52,0,20.0,31.57,True,False,False,False,False,True,True,False,False,False,False,False,False,False,False,False,True,False,True
2.29,1.61,0,1.7,4.11,0,33.9,16.76,True,False,False,False,False,False,True,False,False,False,True,False,False,False,False,False,True,False,False
12.18,0.42,0,7.7,4.92,1,56.1,54.87,False,True,False,False,True,False,False,False,False,False,False,False,True,False,False,True,False,True,False
5.21,2.33,0,8.9,4.78,0,60.2,29.03,False,True,False,False,False,True,False,True,False,False,False,False,True,False,False,False,True,False,True
5.73,0.98,2,1.3,4.31,1,19.5,43.44,False,True,False,False,False,False,True,False,False,False,False,True,False,False,False,False,True,True,False
6.47,1.21,0,1.7,4.32,0,15.9,30.69,False,True,False,False,False,False,False,True,False,False,True,False,False,False,False,True,False,False,True
2.28,0.38,0,0.3,3.49,1,26.1,20.47,False,True,False,False,False,False,False,False,False,False,False,True,False,False,False,False,False,True,False
3.96,2.78,2,0.8,4.79,0,87.2,43.05,False,False,False,False,False,True,False,True,False,True,False,False,False,False,False,True,False,False,True
4.23,1.19,0,1.6,4.49,0,55.6,36.53,False,True,False,False,True,False,True,False,False,False,False,False,True,False,False,False,True,False,True
7.84,0.98,0,3.4,3.91,0,53.7,51.51,False,False,True,False,True,False,False,False,False,False,False,False,False,False,False,False,False,True,False
10.04,2.64,1,0.7,4.24,1,84.6,60.61,False,False,False,False,False,False,True,False,False,False,False,False,True,False,False,False,True,False,True
1.45,2.84,0,0.8,3.74,0,53.5,10.48,False,True,False,False,False,False,False,True,False,False,True,False,False,False,False,False,True,True,False
8.42,3.71,1,0.0,3.89,0,27.6,32.94,True,False,False,False,False,False,False,False,False,False,False,False,True,False,False,True,False,True,False
1.2,0.81,0,1.7,4.18,0,98.0,6.58,True,False,False,False,False,False,True,False,False,False,False,True,False,False,False,False,True,True,False
2.1,0.49,0,2.5,4.8,0,54.1,16.21,True,False,False,False,False,False,False,False,False,False,True,False,False,False,False,False,True,False,True
2.48,5.19,0,1.5,4.38,0,27.1,24.4,False,True,False,False,False,True,False,True,False,False,False,False,False,False,True,False,True,False,False
5.96,0.56,0,8.2,4.84,1,42.9,34.53,True,False,False,False,False,False,True,False,False,False,False,False,False,True,False,False,False,True,False
3.17,0.61,0,2.3,4.14,0,49.4,23.91,False,False,False,False,False,False,False,False,False,False,False,False,False,False,True,False,True,False,True
6.04,0.54,2,4.4,4.31,0,85.1,49.84,False,False,False,False,True,False,False,False,False,False,False,False,True,False,False,False,True,False,False
9.22,1.68,0,0.4,4.32,0,41.0,46.73,False,True,False,True,False,False,False,False,False,False,False,False,False,False,False,False,True,False,False
2.25,3.16,2,0.8,4.46,1,74.1,22.68,True,False,False,False,False,False,True,False,False,False,False,False,False,True,False,False,False,True,False
9.0,5.09,0,2.8,4.08,0,47.6,38.01,False,True,False,False,False,False,False,True,False,False,False,False,False,False,False,False,False,True,False
4.75,0.26,1,3.9,5.0,0,99.0,28.18,True,False,False,False,False,False,False,False,False,False,True,False,False,False,False,False,True,True,False
6.21,2.76,0,5.0,4.28,1,80.9,35.12,True,False,False,False,False,True,True,False,False,False,False,True,False,False,False,False,True,False,True
2.8,1.19,0,3.9,3.98,1,59.5,21.76,False,True,False,False,False,False,True,False,False,False,True,False,False,False,False,False,True,False,False
5.49,1.44,1,0.1,4.29,0,58.4,40.72,False,True,False,False,False,True,True,False,False,True,False,False,False,False,False,False,False,True,False
3.9,0.49,2,0.0,4.79,1,15.5,39.85,False,True,False,False,False,False,True,False,False,False,False,True,False,False,False,False,True,True,False
3.27,1.72,0,0.5,4.42,1,60.9,25.25,False,True,False,True,False,False,True,False,False,False,False,True,False,False,False,True,False,False,True
2.54,1.54,1,1.1,4.45,1,66.7,34.41,False,False,True,False,False,False,False,False,False,False,False,False,False,False,False,False,False,False,True
1.84,2.25,0,0.7,4.27,0,20.5,22.34,True,False,False,False,False,True,False,True,False,False,False,False,False,False,True,False,True,True,False
4.32,3.76,0,1.5,4.1,1,42.8,28.75,True,False,False,False,False,True,True,False,False,False,False,False,False,False,False,False,True,True,False
2.56,6.41,0,0.4,4.45,1,18.2,34.56,False,True,False,False,True,False,False,False,False,True,False,False,False,False,False,False,True,False,False
5.35,4.47,0,3.1,4.95,0,11.0,33.64,False,True,False,False,True,False,True,False,False,True,False,False,False,False,False,False,False,False,True
3.69,1.05,1,0.9,3.84,1,75.7,37.29,False,False,False,False,False,False,False,False,False,False,False,True,False,False,False,True,False,False,True
8.68,0.95,1,2.5,4.61,1,88.2,51.17,False,True,False,False,True,False,True,False,False,False,False,False,False,False,True,False,True,False,True
4.84,0.76,0,6.3,4.09,1,71.4,31.36,False,True,False,True,False,False,True,False,False,False,False,False,False,False,True,True,False,True,False
1.91,2.17,1,4.6,4.23,1,38.8,27.08,False,False,False,False,False,False,False,False,False,False,False,False,False,False,False,False,True,True,False
4.46,1.54,2,2.7,4.52,0,29.1,42.75,False,False,False,False,False,True,True,False,False,False,False,True,False,False,False,True,False,False,False
4.82,0.98,1,2.5,3.68,0,39.6,32.81,False,True,False,False,False,True,False,False,False,False,True,False,False,False,False,False,True,False,False
14.13,1.46,0,5.6,4.09,0,15.2,59.74,True,False,False,False,False,False,False,False,False,False,True,False,False,False,False,False,True,False,False
3.69,1.54,1,1.6,5.0,0,98.6,27.75,True,False,False,False,False,True,False,True,False,False,False,False,False,False,False,False,True,True,False
6.05,1.5,3,0.4,3.75,0,57.7,49.03,False,False,True,False,False,False,False,False,False,False,False,False,False,True,False,True,False,False,True
1.6,3.36,0,4.2,4.32,0,24.9,13.6,False,True,False,False,False,False,False,False,True,False,False,False,False,False,True,True,False,False,True
14.17,1.3,0,0.1,4.53,0,59.4,61.08,False,False,False,False,False,True,False,False,False,False,False,False,True,False,False,True,False,False,False
8.17,0.21,0,1.7,4.74,0,25.9,37.06,False,True,False,False,False,False,True,False,False,False,False,False,False,False,False,True,False,False,True
2.19,0.45,1,0.1,4.14,0,27.5,15.33,True,False,False,False,False,False,False,False,False,False,True,False,False,False,False,False,True,False,False
0.73,0.69,1,0.3,4.03,1,10.3,19.39,False,True,False,False,False,False,True,False,False,False,False,False,False,True,False,False,True,False,False
8.11,2.39,1,0.5,4.41,1,88.4,42.04,True,False,False,True,False,False,False,False,False,False,False,False,False,False,True,True,False,False,True
4.92,0.91,2,2.0,4.02,0,86.1,37.79,False,True,False,False,False,False,False,False,True,True,False,False,False,False,False,True,False,True,False
1.02,2.39,0,1.3,4.73,0,37.6,23.97,False,False,False,False,False,True,False,False,True,False,False,False,True,False,False,True,False,False,True
4.29,1.02,0,2.9,5.0,0,84.3,26.12,True,False,False,False,False,True,False,True,False,False,True,False,False,False,False,False,True,False,True
2.46,2.14,1,9.5,4.72,0,87.1,25.03,False,False,False,False,False,False,False,True,False,False,True,False,False,False,False,True,False,False,True
3.6,0.96,0,2.2,4.72,0,40.5,36.83,False,False,True,False,False,True,False,True,False,False,False,True,False,False,False,False,True,True,False
10.63,2.37,2,0.1,3.64,1,60.3,57.33,False,True,False,True,False,False,False,False,False,True,False,False,False,False,False,False,True,False,False
4.67,0.41,2,11.3,4.57,0,73.9,32.29,False,True,False,True,False,False,False,True,False,False,False,False,False,True,False,False,True,True,False
5.61,7.09,0,3.0,4.68,0,90.5,33.97,False,False,False,False,False,False,False,True,False,False,True,False,False,False,False,True,False,True,False
2.78,4.57,1,3.8,4.63,0,40.6,17.03,True,False,False,False,False,False,False,False,True,False,False,True,False,False,False,True,False,False,True
4.64,1.38,1,0.6,4.08,1,17.8,38.11,False,False,False,False,False,False,True,False,False,False,False,False,True,False,False,True,False,False,True
6.6,11.15,0,0.2,4.24,0,78.5,27.79,True,False,False,False,False,False,False,True,False,False,False,True,False,False,False,True,False,True,False
3.44,3.21,1,5.9,4.24,1,75.2,43.91,False,False,False,False,True,False,False,False,False,False,False,True,False,False,False,True,False,False,True
4.08,0.58,1,8.2,4.4,0,29.1,30.68,False,True,False,False,False,True,False,False,True,False,False,False,True,False,False,False,True,False,False
4.79,1.23,1,7.1,4.0,1,76.2,45.4,False,False,True,False,False,False,False,False,False,False,False,True,False,False,False,False,True,False,True
8.02,0.86,0,1.3,4.52,0,59.6,33.84,False,True,False,False,False,False,False,True,False,False,False,False,True,False,False,False,True,False,True
5.55,4.09,1,0.7,4.74,0,77.4,30.61,True,False,False,False,False,False,False,False,False,False,False,False,False,False,True,False,True,False,True
4.22,1.01,0,1.9,4.16,1,69.4,30.5,True,False,False,False,True,False,False,False,False,False,False,False,False,False,False,True,False,False,False
1.82,5.69,0,0.2,4.14,0,23.7,9.3,True,False,False,False,False,False,False,False,True,False,False,True,False,False,False,True,False,False,True
1.73,2.5,0,1.9,3.89,0,15.4,12.8,True,False,False,False,False,False,False,True,False,False,True,False,False,False,False,False,True,False,False
6.72,0.47,0,0.6,3.72,0,53.0,29.94,False,True,False,False,False,False,False,False,True,False,False,False,False,False,True,False,True,True,False
2.58,2.07,3,1.9,3.48,0,25.6,27.91,False,False,False,False,False,False,False,False,False,False,False,False,True,False,False,False,True,True,False
5.84,0.72,0,3.8,3.43,0,95.5,30.32,False,True,False,False,False,False,False,True,False,False,True,False,False,False,False,False,True,False,True
0.91,0.85,1,7.7,4.04,1,11.0,30.41,False,False,False,False,False,False,True,False,False,False,True,False,False,False,False,False,False,False,True
2.89,5.14,2,2.8,3.23,1,50.7,35.24,False,False,False,False,False,False,False,False,False,True,False,False,False,False,False,True,False,True,False
5.44,4.3,0,0.3,3.99,1,55.5,30.92,False,True,False,False,False,False,True,False,False,False,False,False,True,False,False,False,True,True,False
5.71,2.76,1,3.8,4.42,0,46.6,25.92,True,False,False,False,False,False,False,True,False,False,False,False,False,False,False,False,True,False,True
3.1,0.27,0,0.5,3.52,0,57.1,24.29,False,True,False,False,False,False,True,False,False,False,True,False,False,False,False,False,True,False,False
2.42,4.13,0,0.2,4.62,1,57.1,18.46,True,False,False,False,False,False,False,False,False,False,False,True,False,False,False,False,True,True,False
3.37,1.96,0,3.0,4.55,1,37.3,24.58,False,True,False,False,False,False,False,False,False,False,False,False,False,True,False,False,False,False,False
0.97,1.09,0,2.9,4.24,1,35.9,16.34,False,True,False,False,False,False,False,False,False,False,False,False,False,False,False,False,True,False,True
6.12,1.84,0,0.3,4.57,1,65.1,44.65,False,False,False,False,False,True,True,False,False,False,False,False,False,False,False,True,False,True,False
6.12,2.05,0,3.8,4.2,0,66.3,38.82,False,False,False,False,False,True,False,False,False,False,False,False,False,True,False,True,False,False,True
2.74,1.78,2,1.0,4.39,0,49.6,33.83,False,False,False,False,False,False,False,False,True,False,False,False,False,False,False,False,True,False,True
8.4,2.07,0,7.2,3.72,0,97.5,37.16,False,True,False,False,False,False,True,False,False,False,False,False,False,True,False,False,True,True,False
14.43,1.42,0,3.2,4.68,0,41.0,64.61,False,True,False,False,False,False,False,True,False,False,False,False,True,False,False,False,True,True,False
3.28,0.29,0,1.8,4.09,1,24.2,35.53,False,True,False,False,False,True,False,False,False,False,False,True,False,False,False,False,False,False,False
12.81,0.88,0,0.5,4.3,1,87.5,57.36,False,False,False,False,False,False,False,False,False,False,False,False,False,False,False,True,False,False,True
1.89,0.96,0,0.1,4.84,1,10.1,25.03,False,False,False,False,False,False,False,False,False,False,False,False,False,True,False,False,False,True,False
1.28,1.2,1,1.5,4.23,0,38.8,18.35,False,True,False,False,False,False,False,True,False,False,True,False,False,False,False,True,False,False,False
7.07,0.33,0,3.2,4.43,0,56.1,35.25,False,True,False,False,False,False,False,True,False,False,False,True,False,False,False,False,True,True,False
1.27,0.93,1,1.7,4.6,1,23.1,21.8,True,False,False,False,True,False,True,False,False,False,True,False,False,False,False,True,False,True,False
7.18,5.92,1,2.5,3.91,0,40.7,30.13,True,False,False,False,False,False,True,False,False,True,False,False,False,False,False,False,False,False,True
4.97,0.43,1,0.9,4.4,0,21.5,35.59,False,True,False,False,False,False,False,False,False,True,False,False,False,False,False,True,False,False,True
4.82,6.34,3,8.8,4.17,0,44.9,40.16,False,False,False,False,False,False,False,False,True,False,False,False,False,False,True,True,False,False,True
12.67,6.14,1,2.6,4.02,1,83.6,68.85,False,False,False,True,False,False,True,False,False,True,False,False,False,False,False,False,True,False,True
3.78,0.53,0,0.1,4.11,0,11.6,27.04,False,True,False,False,False,False,False,True,False,False,True,False,False,False,False,True,False,True,False
2.96,1.18,0,0.4,4.29,0,67.1,14.23,True,False,False,True,False,False,False,False,True,False,False,False,True,False,False,True,False,True,False
2.99,1.95,1,1.8,4.63,1,81.5,32.76,True,False,False,False,True,False,False,False,False,False,False,False,False,True,False,True,False,False,True
6.24,0.91,0,0.9,5.0,0,57.0,43.04,False,False,True,False,False,False,False,False,True,False,False,False,False,False,True,False,True,True,False
4.21,1.66,0,5.8,4.06,0,63.5,38.22,False,False,True,False,False,False,False,False,True,False,False,False,True,False,False,False,True,False,True
4.15,4.94,0,0.1,4.5,0,96.6,27.42,False,True,False,False,False,False,False,False,False,False,False,False,False,True,False,False,True,False,True
5.55,0.73,0,2.2,4.41,1,34.9,25.52,True,False,False,False,False,False,False,False,False,False,True,False,False,False,False,False,False,False,True
1.06,4.82,2,0.9,4.29,0,81.7,21.79,False,True,False,True,False,False,True,False,False,False,False,False,True,False,False,False,True,True,False
4.37,1.11,1,0.2,3.94,0,43.4,27.47,False,True,False,False,False,False,True,False,False,False,False,False,False,False,False,False,False,False,False
15.25,1.16,1,0.7,4.55,0,39.9,72.21,False,True,False,False,False,True,False,False,True,False,True,False,False,False,False,False,True,True,False
1.0,0.38,0,0.5,3.72,0,80.7,13.46,False,False,False,False,False,False,False,True,False,False,False,False,False,False,False,False,True,False,False
6.28,1.51,0,2.4,3.47,1,82.6,38.98,False,False,False,False,False,False,True,False,False,False,False,False,True,False,False,True,False,True,False
1.8,2.2,0,6.7,4.09,0,76.5,29.79,False,False,True,False,False,True,False,True,False,False,False,True,False,False,False,True,False,False,False
2.33,3.91,1,5.6,4.06,0,100.0,23.5,True,False,False,False,False,False,False,False,True,False,False,False,False,False,False,False,True,False,False
3.02,3.66,0,2.8,4.67,0,39.0,17.9,True,False,False,False,False,False,False,False,False,True,False,False,False,False,False,False,True,True,False
8.33,0.97,1,0.7,4.51,1,88.6,46.97,False,False,False,False,False,False,True,False,False,False,False,False,True,False,False,True,False,False,True
6.0,2.45,0,0.3,3.19,0,78.8,46.18,False,False,True,False,False,False,False,True,False,True,False,False,False,False,False,True,False,False,True
3.16,3.01,0,11.1,3.9,0,85.1,30.51,False,False,True,False,True,False,False,True,False,False,False,True,False,False,False,True,False,True,False
8.14,3.65,0,6.1,4.3,0,57.1,41.52,True,False,False,False,False,False,False,True,False,False,False,False,False,False,True,True,False,True,False
3.36,1.1,0,5.3,4.28,1,60.6,27.47,False,True,False,False,False,False,False,False,False,False,False,False,False,False,False,True,False,True,False
8.89,0.78,1,0.6,4.12,0,81.5,44.91,False,False,False,False,False,False,True,False,False,False,False,False,False,False,True,True,False,True,False
3.42,0.78,1,1.3,4.51,1,61.3,32.52,False,False,False,False,False,False,True,False,False,False,False,False,False,False,False,True,False,True,False
6.52,5.57,0,0.7,4.39,1,19.5,41.36,False,False,False,True,False,False,True,False,False,True,False,False,False,False,False,False,True,True,False
3.67,1.6,1,0.2,4.99,0,39.4,36.36,False,True,False,False,True,False,False,True,False,False,False,False,False,True,False,False,True,False,True
7.33,1.95,2,0.3,4.83,0,56.0,59.37,False,False,False,False,False,True,False,False,True,True,False,False,False,False,False,False,True,False,True
9.85,0.69,0,0.6,4.62,0,42.4,42.4,True,False,False,False,False,False,False,True,False,False,False,False,False,True,False,False,True,False,True
1.92,2.44,0,3.9,3.62,0,82.0,26.02,False,True,False,False,False,True,False,False,False,False,False,False,True,False,False,False,True,True,False
3.86,5.69,0,0.7,4.15,0,94.1,23.77,False,True,False,False,False,False,False,True,False,False,False,False,True,False,False,False,False,False,True
1.51,2.95,1,6.1,4.13,0,36.4,13.52,False,True,False,False,False,False,True,False,False,False,False,False,True,False,False,False,True,True,False
5.65,0.74,2,1.0,4.55,1,57.1,42.46,False,False,False,False,False,False,False,False,False,False,False,False,False,False,True,True,False,False,True
6.14,1.3,0,3.8,4.53,0,42.9,26.14,False,True,False,True,False,False,False,True,False,False,False,False,False,False,False,True,False,False,True
1.96,1.54,0,3.8,4.09,0,86.9,11.13,True,False,False,False,False,True,False,False,True,False,False,False,True,False,False,True,False,False,False
3.23,0.23,0,7.4,4.77,0,92.7,16.57,False,True,False,True,False,False,False,False,True,False,False,False,False,False,True,True,False,False,True
6.35,4.45,0,0.5,4.03,0,91.7,25.87,True,False,False,False,False,False,False,True,False,False,False,True,False,False,False,True,False,False,False
8.12,5.7,0,1.8,4.36,1,19.1,45.92,False,True,False,False,False,False,False,False,False,True,False,False,False,False,False,False,True,True,False
5.8,0.68,0,3.8,4.39,1,27.0,36.48,False,True,False,True,False,False,True,False,False,False,False,False,False,False,False,False,True,False,True
6.64,2.12,0,4.0,4.21,0,25.7,36.48,False,False,False,False,False,True,True,False,False,False,True,False,False,False,False,False,False,True,False
10.38,1.27,1,5.8,4.44,1,88.6,56.36,False,True,False,False,False,False,False,False,False,False,False,False,False,False,True,False,True,True,False
2.32,2.54,1,1.9,4.6,1,21.0,32.4,False,False,False,False,False,True,False,False,False,False,False,False,True,False,False,True,False,False,True
13.08,0.42,0,1.3,4.04,0,22.7,64.79,False,True,False,False,True,False,False,True,False,False,False,False,False,False,True,False,True,False,True
2.17,0.86,0,2.1,4.0,1,52.7,17.62,True,False,False,True,False,False,False,False,False,False,False,False,False,False,True,False,True,True,False
2.35,5.78,1,1.3,3.45,1,21.8,25.04,True,False,False,False,False,False,False,False,False,False,False,True,False,False,False,False,True,False,True
5.05,0.64,0,6.2,4.01,0,94.8,24.2,True,False,False,False,False,True,False,True,False,False,False,False,False,False,False,False,True,False,False
2.11,5.86,0,3.2,3.99,0,39.9,36.7,False,False,False,False,True,False,False,False,False,False,True,False,False,False,False,False,True,False,False
6.15,1.49,2,5.4,4.76,0,50.2,44.88,False,True,False,False,False,True,False,True,False,True,False,False,False,False,False,False,True,False,True
3.94,1.93,1,14.6,4.45,1,79.2,28.53,False,True,False,False,False,False,False,False,False,False,False,False,False,False,False,True,False,False,False
4.78,4.58,0,5.9,4.75,0,70.7,32.64,False,True,False,True,False,False,False,False,True,False,False,False,False,True,False,False,True,False,False
2.37,1.06,0,3.0,4.18,1,68.0,34.95,False,False,True,True,False,False,True,False,False,False,False,False,False,False,False,True,False,False,True
2.11,6.19,4,0.9,4.06,0,57.4,46.32,False,False,False,False,False,True,True,False,False,False,False,True,False,False,False,True,False,False,False
3.2,1.2,3,0.1,4.36,0,79.3,36.75,False,False,False,False,False,False,False,True,False,False,False,False,True,False,False,False,True,True,False
1.54,4.1,0,1.8,4.55,1,94.4,22.7,True,False,False,False,False,True,False,False,False,False,False,True,False,False,False,False,True,False,True
2.88,4.82,0,2.0,3.97,0,32.6,23.6,False,False,False,False,False,False,True,False,False,False,False,False,True,False,False,True,False,False,True
3.95,0.26,0,0.3,4.56,0,93.1,27.71,False,True,False,False,False,False,False,True,False,False,True,False,False,False,False,False,True,False,False
3.06,1.5,0,15.0,4.06,0,34.1,10.67,True,False,False,False,False,False,False,False,True,False,False,False,True,False,False,False,True,False,True
12.37,2.65,0,0.8,3.26,0,45.2,62.2,False,False,False,False,False,True,True,False,False,False,False,False,True,False,False,True,False,False,True
3.7,2.78,2,3.9,4.51,1,72.7,45.84,False,False,False,False,True,False,True,False,False,False,True,False,False,False,False,True,False,True,False
5.27,2.72,1,3.3,4.43,0,57.2,30.32,True,False,False,False,False,False,False,True,False,False,False,False,True,False,False,False,True,True,False
3.92,2.01,0,1.3,4.34,1,36.5,38.07,False,True,False,False,False,False,False,False,False,False,True,False,False,False,False,False,True,False,True
3.23,0.51,0,1.4,4.38,0,14.6,26.25,False,True,False,False,False,False,False,True,False,False,False,False,False,False,True,False,False,True,False
1.49,0.3,1,2.0,4.4,1,45.8,26.97,False,True,False,False,False,False,False,False,False,False,False,False,False,True,False,False,True,False,True
8.26,0.89,0,3.3,4.58,0,31.9,42.37,False,False,False,False,False,False,False,False,True,False,True,False,False,False,False,False,True,False,True
7.46,0.69,0,2.1,4.56,0,87.4,31.02,True,False,False,False,False,False,True,False,False,True,False,False,False,False,False,False,True,True,False
2.59,0.42,1,1.4,4.2,0,29.6,24.15,False,False,False,False,False,False,True,False,False,False,False,False,False,False,False,True,False,False,True
3.27,1.45,0,1.1,4.16,0,98.7,32.66,False,True,False,False,False,True,False,False,True,False,False,False,False,True,False,False,True,False,True
1.19,1.54,0,1.7,4.44,0,70.7,23.04,False,True,False,False,False,True,False,False,False,False,False,True,False,False,False,False,True,False,False
3.02,1.96,0,1.1,4.17,1,85.6,31.88,False,True,False,True,False,False,True,False,False,True,False,False,False,False,False,False,True,False,True
1.66,3.31,2,4.2,4.09,1,74.9,40.89,False,False,False,False,True,False,True,False,False,False,False,False,False,True,False,False,True,True,False
6.5,2.19,0,2.5,4.23,0,35.4,36.37,False,True,False,False,True,False,False,False,False,False,True,False,False,False,False,False,True,False,True
3.38,2.41,0,0.5,4.0,1,72.9,28.24,False,False,False,False,False,False,True,False,False,False,False,False,False,False,False,False,True,True,False
3.64,2.34,0,4.3,4.5,1,72.0,23.86,False,False,False,False,False,False,False,False,False,False,False,False,False,True,False,False,False,True,False
5.73,0.72,2,2.6,5.0,0,12.3,38.01,False,False,False,False,False,False,False,False,False,False,False,False,True,False,False,False,True,True,False
3.22,5.98,0,5.8,4.22,0,88.3,16.83,False,True,False,False,False,False,False,False,True,False,True,False,False,False,False,False,True,False,True
4.96,0.84,0,3.1,4.95,0,16.8,33.68,False,False,False,True,False,False,False,True,False,True,False,False,False,False,False,True,False,False,True
11.98,1.38,0,5.2,4.81,1,31.4,60.29,False,False,False,False,False,False,False,False,False,False,False,False,False,True,False,True,False,True,False
3.39,3.11,2,2.4,4.07,0,50.1,23.62,True,False,False,False,False,False,False,False,False,False,False,False,True,False,False,False,True,False,True
6.75,0.38,1,4.9,4.95,1,34.1,34.28,True,False,False,False,False,False,True,False,False,False,False,True,False,False,False,False,True,False,True
5.77,4.14,0,6.8,4.44,1,96.7,29.04,True,False,False,False,False,False,True,False,False,False,False,False,False,False,False,True,False,False,True
4.12,1.22,2,0.9,3.84,1,92.8,35.7,False,True,False,False,False,False,True,False,False,False,False,False,False,False,False,False,True,True,False
6.22,1.32,1,0.7,4.12,0,71.2,42.65,False,False,True,False,False,False,False,True,False,False,False,False,False,True,False,False,True,False,False
3.84,5.92,2,4.2,4.07,0,77.9,44.19,False,False,False,False,True,False,True,False,False,False,True,False,False,False,False,False,True,False,True
2.77,0.77,2,2.6,4.64,0,49.9,30.74,False,False,False,False,False,False,True,False,False,True,False,False,False,False,False,False,True,True,False
3.34,1.33,0,3.9,4.73,0,66.7,18.22,False,True,False,False,False,False,False,True,False,False,False,False,False,True,False,True,False,True,False
5.3,0.24,0,1.8,4.75,1,67.0,42.53,True,False,False,False,True,False,True,False,False,False,True,False,False,False,False,False,True,True,False
4.3,1.83,2,3.4,4.51,1,54.7,44.19,False,False,False,False,False,False,False,False,False,True,False,False,False,False,False,True,False,False,True
6.8,1.97,1,1.5,4.22,0,69.3,35.26,False,True,False,False,False,False,False,False,True,False,False,False,False,True,False,True,False,True,False
4.38,3.69,1,4.0,4.3,0,39.6,22.98,False,False,False,False,False,False,False,False,True,False,True,False,False,False,False,False,False,False,True
1.35,0.77,0,3.6,3.77,1,49.1,30.74,False,False,True,False,False,False,True,False,False,False,False,False,False,True,False,False,True,False,True
2.64,1.89,0,0.4,4.82,0,59.9,19.13,False,True,False,False,False,True,True,False,False,False,False,False,False,False,False,True,False,True,False
5.49,0.74,0,4.1,3.96,0,94.3,37.7,False,False,False,True,False,False,False,True,False,False,False,True,False,False,False,False,True,False,True
3.93,1.16,0,3.3,3.7,1,57.7,30.87,False,True,False,True,False,False,True,False,False,False,False,False,True,False,False,False,True,True,False
5.82,0.64,0,0.1,4.87,0,83.2,35.52,False,False,False,False,False,False,True,False,False,False,False,False,False,False,False,False,True,True,False
4.65,0.43,0,2.5,3.82,0,80.3,25.32,False,True,False,False,False,False,False,False,False,True,False,False,False,False,False,False,True,False,False
6.0,3.32,2,0.8,3.94,0,52.0,30.57,True,False,False,False,False,False,False,False,True,False,False,False,False,True,False,False,True,False,False
6.73,5.33,1,5.4,4.14,0,31.2,28.64,True,False,False,True,False,False,True,False,False,True,False,False,False,False,False,True,False,True,False
4.01,0.3,1,0.1,4.22,0,72.9,18.61,True,False,False,False,False,False,False,False,False,False,False,True,False,False,False,False,False,True,False
2.64,0.68,0,1.1,4.73,1,12.1,29.09,True,False,False,False,True,False,True,False,False,False,True,False,False,False,False,True,False,False,True
5.05,1.5,0,3.1,4.33,0,67.7,20.79,True,False,False,False,False,False,False,True,False,False,False,False,False,False,True,True,False,False,True
5.86,4.78,0,3.3,3.96,0,86.9,25.44,False,True,False,False,False,False,False,True,False,True,False,False,False,False,False,True,False,False,True
6.5,3.04,1,0.2,4.23,0,62.1,30.96,True,False,False,False,False,False,False,True,False,False,True,False,False,False,False,True,False,False,True
9.85,0.21,1,6.3,4.29,0,86.6,46.03,False,False,False,False,False,False,True,False,False,False,True,False,False,False,False,True,False,False,True
9.35,1.48,1,1.9,4.2,0,50.0,51.27,True,False,False,False,True,False,False,False,True,False,False,False,False,False,True,False,True,False,True
4.95,3.02,1,14.3,4.3,0,45.6,39.86,False,False,True,False,False,False,False,False,False,False,False,False,False,False,True,True,False,True,False
1.76,1.18,1,1.8,4.01,0,19.7,23.69,False,False,False,False,False,False,True,False,False,True,False,False,False,False,False,True,False,False,True
2.37,0.45,0,0.0,4.01,1,75.4,15.37,True,False,False,False,False,False,False,False,False,False,False,True,False,False,False,True,False,False,True
0.59,3.94,2,0.1,3.98,0,77.6,27.2,False,False,False,False,False,False,False,True,False,False,True,False,False,False,False,False,True,False,False
1.59,2.65,0,4.9,4.83,1,26.5,21.01,False,False,False,False,False,False,False,False,False,True,False,False,False,False,False,False,True,True,False
2.49,0.79,1,1.1,4.99,0,15.4,21.59,True,False,False,False,False,True,False,False,True,False,False,True,False,False,False,False,True,True,False
3.4,5.71,1,1.5,4.35,0,89.7,43.49,False,False,False,False,True,False,False,False,False,False,False,False,False,False,True,True,False,True,False
3.22,4.37,0,2.9,4.71,1,14.1,27.64,False,False,False,False,False,False,False,False,False,False,False,False,True,False,False,False,True,True,False
1.58,0.85,0,0.6,3.68,1,10.2,18.94,True,False,False,False,False,False,False,False,False,False,False,False,False,False,False,True,False,False,True
1.93,0.25,1,6.1,4.54,1,56.4,29.04,False,False,False,False,False,True,False,False,False,False,False,True,False,False,False,False,True,True,False
3.05,2.95,0,3.8,4.5,0,39.0,15.33,True,False,False,True,False,False,False,False,False,True,False,False,False,False,False,False,True,True,False
5.79,3.09,0,2.1,4.63,0,99.9,32.61,True,False,False,False,False,True,False,False,True,False,False,False,True,False,False,False,True,False,True
2.85,1.07,0,1.0,4.85,0,91.0,25.55,False,False,False,False,False,False,True,False,False,False,False,False,False,False,False,True,False,False,True
4.03,1.36,0,0.8,3.85,0,21.2,33.23,False,False,False,False,False,False,False,False,True,True,False,False,False,False,False,False,True,True,False
2.63,0.54,0,4.1,4.06,0,21.5,23.14,True,False,False,False,False,True,True,False,False,True,False,False,False,False,False,True,False,False,True
3.53,1.32,1,7.3,4.7,0,57.9,19.91,False,True,False,False,False,False,True,False,False,False,False,True,False,False,False,False,True,True,False
2.09,1.7,0,0.4,4.43,0,75.8,17.36,True,False,False,True,False,False,False,True,False,False,False,False,False,False,False,False,True,False,True
4.65,0.46,0,5.3,5.0,0,36.9,22.63,False,True,False,False,False,False,False,True,False,False,False,False,True,False,False,True,False,False,False
5.36,2.04,1,0.6,4.81,0,76.5,23.82,True,False,False,False,False,False,False,False,True,True,False,False,False,False,False,True,False,True,False
0.94,1.12,0,0.5,4.4,0,91.7,17.35,False,False,False,False,False,False,True,False,False,False,True,False,False,False,False,False,True,True,False
5.85,1.68,1,3.8,4.83,0,44.1,37.97,False,False,True,False,False,False,False,True,False,False,False,False,True,False,False,True,False,False,True
3.73,1.25,1,4.5,4.66,0,46.3,26.04,True,False,False,False,False,False,False,False,False,False,True,False,False,False,False,True,False,False,True
10.1,0.44,0,15.0,4.25,0,91.2,39.32,True,False,False,False,True,False,False,False,False,False,True,False,False,False,False,False,True,True,False
5.69,1.75,1,7.7,4.06,0,72.8,43.5,False,False,True,False,False,False,True,False,False,False,False,False,False,True,False,False,True,True,False
7.1,0.37,0,0.1,4.66,0,59.0,43.82,False,False,False,False,False,False,False,True,False,False,False,False,False,True,False,False,True,True,False
7.34,0.87,0,1.5,3.38,0,16.0,42.45,False,False,False,True,False,False,False,False,False,False,True,False,False,False,False,False,False,True,False
2.0,0.92,0,2.8,4.53,1,96.0,14.72,True,False,False,False,False,False,False,False,False,True,False,False,False,False,False,True,False,False,True
4.66,0.5,1,1.8,4.56,0,96.5,36.55,False,False,False,True,False,False,False,False,True,False,False,False,False,False,True,False,True,True,False
1.71,0.31,0,2.4,4.08,0,38.1,13.45,False,False,False,False,False,False,False,True,False,False,False,False,False,False,True,False,True,False,False
6.35,2.13,0,6.2,3.38,0,35.0,36.8,False,False,False,False,False,False,False,False,True,False,True,False,False,False,False,False,True,False,True
2.05,1.92,0,0.6,4.14,0,12.0,29.49,False,False,True,False,False,False,False,True,False,False,False,False,True,False,False,False,True,True,False
3.56,0.32,0,3.0,4.02,0,74.7,14.11,True,False,False,False,False,False,False,False,True,True,False,False,False,False,False,False,True,True,False
6.56,1.61,0,0.5,4.39,0,35.3,34.25,False,True,False,False,False,False,False,False,True,False,False,False,False,True,False,False,True,False,True
2.73,0.41,0,2.8,4.46,1,78.2,15.38,True,False,False,False,False,False,True,False,False,False,False,False,False,True,False,False,True,False,True
3.97,1.46,0,2.2,4.07,0,26.2,24.33,True,False,False,False,False,True,True,False,False,False,False,False,False,False,True,False,True,False,False
3.46,4.18,0,3.8,5.0,0,35.3,20.42,True,False,False,False,False,True,True,False,False,False,True,False,False,False,False,False,False,False,True
2.98,1.02,0,1.1,3.99,0,75.7,22.33,True,False,False,False,False,True,False,False,False,False,False,False,True,False,False,False,True,True,False
2.46,0.27,0,0.8,3.95,0,25.8,17.67,True,False,False,False,False,True,False,True,False,False,False,True,False,False,False,False,True,False,False
3.61,0.79,1,2.2,4.03,0,92.6,31.38,True,False,False,False,False,True,False,False,True,False,False,True,False,False,False,True,False,False,True
2.08,2.46,1,2.6,4.45,1,52.9,23.18,False,True,False,False,False,False,False,False,False,False,False,False,False,True,False,False,True,False,False
3.77,6.33,0,0.2,5.0,0,74.4,18.52,True,False,False,True,False,False,False,False,True,False,True,False,False,False,False,False,True,False,True
3.84,3.2,2,1.1,4.33,1,58.2,36.92,False,False,False,False,False,False,False,False,False,False,False,False,True,False,False,True,False,False,True
2.3,4.41,2,2.8,3.99,1,39.9,22.51,True,False,False,False,False,False,False,False,False,False,False,False,False,True,False,False,True,True,False
5.49,2.32,0,0.4,4.78,1,85.1,26.73,True,False,False,False,False,False,True,False,False,False,False,False,False,True,False,False,True,True,False
1.65,5.29,1,2.3,4.25,0,75.4,24.84,False,False,False,False,False,False,False,False,False,True,False,False,False,False,False,False,True,False,True
3.87,4.51,3,1.2,4.62,0,32.1,38.72,False,False,False,False,False,False,False,True,False,False,False,False,False,False,True,True,False,False,True
3.67,1.97,1,1.1,4.41,0,86.6,29.15,False,True,False,False,False,False,False,False,True,False,False,False,True,False,False,False,True,False,True
10.33,1.31,1,2.0,4.21,0,32.5,49.63,False,False,True,False,False,False,False,False,False,False,False,False,True,False,False,False,False,False,False
4.82,1.7,0,0.1,4.36,0,65.7,27.29,False,False,False,False,False,False,False,False,False,False,False,False,True,False,False,True,False,True,False
3.7,5.64,2,1.1,4.48,0,13.1,28.63,True,False,False,True,False,False,False,True,False,False,False,False,False,False,False,False,True,False,True
3.89,5.86,1,3.0,4.29,0,52.6,35.34,False,False,False,True,False,False,False,False,False,False,False,False,False,False,False,True,False,False,True
10.76,3.27,0,0.5,4.26,1,49.5,56.48,False,False,False,False,False,False,False,False,False,False,False,True,False,False,False,False,True,False,True
15.22,2.59,0,1.6,4.7,0,57.7,63.99,False,True,False,True,False,False,True,False,False,False,False,True,False,False,False,True,False,True,False
4.06,3.97,0,1.8,4.65,0,31.9,32.97,False,False,False,False,False,True,False,True,False,False,False,False,False,False,False,False,True,True,False
4.99,9.59,0,0.9,3.65,0,52.6,25.56,False,True,False,False,False,False,False,False,True,False,False,False,False,False,True,False,True,False,True
3.56,0.49,0,0.1,4.6,0,24.9,21.22,True,False,False,True,False,False,False,True,False,False,True,False,False,False,False,True,False,False,True
6.76,2.57,0,3.1,4.3,1,73.7,36.26,False,True,False,False,False,False,False,False,False,False,False,False,True,False,False,True,False,False,True
1.72,0.75,0,0.4,4.37,0,21.4,18.64,False,False,False,False,False,False,True,False,False,False,False,False,False,True,False,False,True,True,False
1.34,1.66,2,0.2,4.16,0,37.0,22.83,False,False,False,False,False,False,False,False,True,False,False,False,False,True,False,False,True,False,False
2.75,0.2,1,1.4,4.92,0,99.7,26.75,False,True,False,True,False,False,False,True,False,False,False,False,False,False,False,False,False,False,True
1.31,1.98,0,2.7,4.41,0,26.0,14.5,False,True,False,False,False,False,True,False,False,False,False,False,True,False,False,True,False,True,False
3.91,1.26,0,1.3,4.38,0,98.9,36.74,False,False,False,False,True,False,False,True,False,False,True,False,False,False,False,False,True,False,True
4.35,0.51,0,1.5,4.55,0,46.3,28.78,False,False,True,False,False,False,True,False,False,False,False,True,False,False,False,True,False,False,True
6.22,0.28,0,0.7,3.84,0,48.4,37.85,False,True,False,False,True,False,False,False,False,True,False,False,False,False,False,True,False,False,False
10.15,2.18,0,1.7,4.41,0,75.1,57.71,False,False,False,True,False,False,False,False,False,False,False,False,False,False,True,False,True,False,True
4.76,3.57,0,2.3,4.52,0,73.9,28.21,False,True,False,True,False,False,False,True,False,False,True,False,False,False,False,False,True,False,True
1.75,0.97,0,0.3,3.69,0,55.4,18.78,False,True,False,False,False,False,False,True,False,False,False,True,False,False,False,False,False,False,True
5.36,0.77,0,13.3,4.27,1,39.0,31.8,False,False,False,False,False,False,False,False,False,False,False,False,True,False,False,False,True,False,True
4.52,1.76,1,2.2,4.49,1,81.9,37.4,False,False,False,False,False,False,True,False,False,False,False,False,True,False,False,False,True,True,False
2.13,9.46,0,0.1,4.69,0,39.2,15.0,True,False,False,False,False,False,False,False,False,False,False,False,False,False,True,True,False,False,True
2.01,1.38,1,0.8,4.42,0,74.5,29.18,False,False,False,False,False,False,False,False,False,False,True,False,False,False,False,False,True,False,True
2.23,1.8,1,1.6,4.28,0,87.0,26.02,False,False,False,False,False,True,False,False,False,False,False,False,True,False,False,False,False,True,False
4.42,0.94,0,2.3,4.18,0,43.1,23.56,False,False,False,False,False,False,False,True,False,False,False,False,False,True,False,False,False,True,False
6.04,0.99,0,0.8,4.42,0,95.8,41.21,False,True,False,False,False,True,False,True,False,True,False,False,False,False,False,False,True,True,False
1.47,7.03,1,0.0,3.53,0,14.9,11.07,True,False,False,False,False,False,False,True,False,False,False,True,False,False,False,False,False,False,True
1.44,1.8,0,0.2,4.27,1,49.4,32.75,False,False,True,False,False,False,False,False,False,True,False,False,False,False,False,False,True,False,True
8.58,4.52,0,0.1,5.0,0,91.7,49.07,False,False,False,False,False,False,False,False,True,True,False,False,False,False,False,False,True,False,True
1.89,8.79,0,2.7,3.24,0,68.2,30.37,False,False,True,False,False,False,False,True,False,True,False,False,False,False,False,False,True,False,True
5.26,0.85,0,5.0,4.78,0,64.0,24.41,False,True,False,False,False,False,False,False,False,True,False,False,False,False,False,False,True,False,True
3.51,1.87,1,0.5,3.76,1,42.5,33.46,False,True,False,False,False,True,False,False,False,False,False,False,False,True,False,False,True,False,True
15.09,10.23,0,2.7,4.12,0,47.8,83.24,False,False,True,False,False,False,False,False,True,False,False,False,False,False,False,False,True,False,False
2.28,0.67,0,0.8,4.72,0,94.8,12.39,False,True,False,False,False,False,False,True,False,False,False,False,False,False,False,False,True,True,False
7.51,0.98,0,0.8,3.61,0,79.2,37.38,False,True,False,False,False,False,False,True,False,False,True,False,False,False,False,False,True,False,True
1.48,0.4,1,0.2,4.04,0,49.8,16.33,True,False,False,False,False,False,False,False,True,False,False,False,False,True,False,False,True,False,True
4.4,2.95,1,2.0,3.91,0,23.0,40.06,False,False,False,False,False,False,True,False,False,False,False,False,True,False,False,False,True,True,False
2.12,1.96,0,7.7,3.64,0,29.7,5.0,False,True,False,False,False,False,False,False,False,False,False,False,True,False,False,True,False,False,True
2.21,1.53,0,0.7,3.52,0,36.1,23.48,False,False,False,True,False,False,False,True,False,False,False,False,False,False,True,True,False,True,False
6.76,1.2,1,1.3,4.36,0,98.1,47.31,False,False,False,False,False,False,True,False,False,False,False,False,False,False,True,False,True,True,False
3.76,4.38,0,0.1,4.14,1,22.7,32.44,False,False,False,False,False,False,False,False,False,False,False,False,True,False,False,False,True,True,False
2.42,0.64,2,0.9,3.72,1,15.3,36.08,False,False,False,False,False,False,False,False,False,False,False,False,False,True,False,False,True,True,False
5.12,1.41,0,1.3,4.63,0,42.4,33.4,False,True,False,False,False,True,False,True,False,False,False,False,False,False,True,False,False,False,False
3.03,0.54,1,0.8,3.4,1,81.4,39.28,False,True,False,False,True,False,False,False,False,False,False,False,False,True,False,False,True,True,False
6.17,0.44,0,1.0,3.96,1,43.4,33.3,True,False,False,True,False,False,True,False,False,False,False,True,False,False,False,True,False,True,False
6.25,1.24,0,0.4,3.33,0,93.6,29.58,True,False,False,False,True,False,False,False,False,False,False,False,False,False,False,True,False,False,True
4.25,3.01,0,4.8,4.62,0,26.6,31.35,False,False,False,False,False,False,False,True,False,False,False,False,True,False,False,False,True,False,True
2.22,5.01,0,2.1,4.42,0,68.8,8.67,True,False,False,False,False,False,False,True,False,True,False,False,False,False,False,False,False,False,False
2.69,3.28,0,1.2,4.07,0,53.8,19.51,False,True,False,False,False,False,False,True,False,False,False,False,False,False,True,True,False,False,True
6.05,3.41,1,10.0,4.56,0,51.7,27.31,True,False,False,False,False,False,False,False,True,False,False,True,False,False,False,True,False,True,False
1.61,1.56,0,2.8,4.22,1,75.9,11.84,True,False,False,False,False,False,False,False,False,False,False,False,False,True,False,False,True,False,True
1.49,1.57,0,3.0,3.23,0,22.2,18.31,False,True,False,False,False,False,False,False,True,True,False,False,False,False,False,True,False,True,False
8.48,3.04,0,1.5,4.3,1,81.2,37.52,True,False,False,True,False,False,False,False,False,True,False,False,False,False,False,True,False,False,True
4.6,1.12,0,4.8,4.21,0,19.4,38.57,False,False,True,False,True,False,False,True,False,False,False,False,False,True,False,False,True,False,False
11.71,0.86,1,4.8,4.07,0,61.4,58.44,False,False,False,False,True,False,False,True,False,False,False,False,False,True,False,True,False,False,True
1.84,1.66,0,1.0,4.61,1,38.9,37.54,False,False,True,False,False,True,False,False,False,False,False,False,True,False,False,False,True,True,False
4.73,1.84,0,1.6,4.05,0,69.0,30.25,False,False,False,False,False,False,False,False,True,False,True,False,False,False,False,False,True,True,False
5.87,3.97,0,1.8,4.41,1,76.9,35.5,False,True,False,False,False,False,True,False,False,False,True,False,False,False,False,True,False,True,False
2.89,11.09,0,8.7,4.52,1,68.9,21.47,True,False,False,False,False,False,True,False,False,False,False,False,True,False,False,False,False,True,False
2.34,0.64,0,1.8,3.5,1,68.0,22.15,True,False,False,False,False,False,True,False,False,False,False,False,True,False,False,False,True,False,True
1.11,6.26,0,7.2,4.38,0,65.6,8.67,False,True,False,False,False,False,False,True,False,False,False,False,False,False,False,False,True,True,False
18.06,0.88,0,3.7,4.72,0,41.8,75.33,False,True,False,False,False,False,False,True,False,False,False,False,False,True,False,False,True,True,False
4.36,6.08,0,1.0,4.85,1,12.6,33.97,True,False,False,False,False,True,False,False,False,True,False,False,False,False,False,False,True,True,False
1.57,0.8,0,1.3,3.86,0,29.8,22.06,False,True,False,False,False,False,False,False,True,False,False,False,False,False,False,False,True,False,True
4.15,3.14,1,0.3,4.18,1,86.2,36.18,False,True,False,False,False,False,True,False,False,False,True,False,False,False,False,False,True,True,False
4.2,1.6,2,1.7,4.16,0,55.5,29.53,False,True,False,False,False,False,False,False,False,False,False,False,False,False,False,False,True,False,False
6.07,0.54,4,1.1,3.88,0,12.6,49.59,True,False,False,False,True,False,True,False,False,True,False,False,False,False,False,False,False,False,True
3.51,1.51,1,1.0,4.39,0,14.9,34.36,False,False,False,False,False,True,False,True,False,False,False,False,False,False,False,False,True,False,False
8.22,0.43,0,0.2,4.44,1,94.8,44.24,False,True,False,False,False,False,False,False,False,False,False,False,True,False,False,False,True,True,False
4.07,2.77,1,4.1,4.56,0,95.1,32.03,False,False,False,False,False,False,False,False,True,True,False,False,False,False,False,False,True,False,True
2.29,0.23,0,6.1,4.37,1,21.3,18.36,True,False,False,False,False,False,False,False,False,False,False,False,False,False,False,True,False,False,False
7.0,1.91,1,0.2,4.34,0,89.0,38.29,False,True,False,False,False,False,False,False,True,False,False,True,False,False,False,True,False,False,False
1.29,0.55,1,0.7,4.72,0,70.2,19.82,False,True,False,False,False,False,False,False,True,True,False,False,False,False,False,False,True,False,True
5.3,3.68,1,4.8,4.2,0,50.3,24.94,True,False,False,False,False,False,True,False,False,True,False,False,False,False,False,False,True,False,True
4.88,1.44,0,9.1,3.6,1,79.6,36.73,False,True,False,False,False,True,True,False,False,False,False,False,False,False,False,True,False,False,False
1.9,0.51,3,0.9,4.39,0,57.1,26.46,False,True,False,True,False,False,False,True,False,False,False,False,False,False,False,False,True,False,True
3.91,1.48,0,3.0,4.15,0,46.2,37.52,False,False,True,False,False,False,False,False,False,False,False,True,False,False,False,False,True,False,True
3.82,1.18,0,0.3,4.14,0,69.7,27.68,False,False,False,False,False,False,False,True,False,True,False,False,False,False,False,False,True,False,True
2.23,0.75,0,1.2,3.69,0,64.2,25.12,False,False,False,False,False,False,False,False,False,False,False,True,False,False,False,False,True,False,True
3.84,0.81,2,5.6,3.91,1,51.7,39.95,False,False,False,False,False,True,True,False,False,False,False,False,False,False,True,True,False,True,False
2.68,0.76,1,1.0,4.71,1,30.9,29.4,True,False,False,False,False,True,False,False,False,True,False,False,False,False,False,False,False,False,True
1.3,4.6,1,2.2,4.58,0,37.6,19.79,False,False,False,False,False,False,False,True,False,False,False,False,True,False,False,True,False,False,True
4.79,0.47,0,3.1,3.98,0,38.8,25.44,True,False,False,True,False,False,False,False,True,True,False,False,False,False,False,False,True,False,False
2.05,1.11,0,0.1,4.21,1,63.9,25.75,False,True,False,False,False,True,False,False,False,False,True,False,False,False,False,False,True,False,True
4.39,1.06,2,0.4,4.56,1,29.3,43.93,False,True,False,False,True,False,False,False,False,False,False,False,False,True,False,False,True,False,True
2.96,2.02,0,1.9,4.56,0,37.7,24.4,False,True,False,False,False,False,False,True,False,True,False,False,False,False,False,False,True,False,True
2.71,2.37,3,0.1,4.39,0,31.4,32.34,False,True,False,False,False,False,False,True,False,True,False,False,False,False,False,False,False,False,True
3.2,2.37,0,0.1,4.62,0,40.3,17.02,True,False,False,False,False,False,False,True,False,False,False,False,False,False,False,False,True,True,False
3.8,1.09,1,1.0,4.15,1,42.4,27.46,True,False,False,False,False,False,False,False,False,False,False,True,False,False,False,True,False,False,True
4.95,3.53,0,5.0,4.87,1,26.1,25.28,True,False,False,False,False,False,True,False,False,False,False,False,True,False,False,True,False,False,True
6.68,5.03,1,0.0,3.96,0,82.8,39.57,False,True,False,False,False,False,False,False,True,False,False,True,False,False,False,True,False,False,True
5.34,1.35,0,8.4,4.0,0,23.7,30.49,True,False,False,False,True,False,False,False,True,False,False,True,False,False,False,True,False,False,False
2.97,2.28,1,1.4,4.32,0,89.9,26.54,False,True,False,False,False,True,True,False,False,False,True,False,False,False,False,False,True,False,True
3.87,2.42,1,0.6,4.92,0,51.3,19.29,True,False,False,False,False,False,False,False,False,False,False,False,False,False,False,False,True,True,False
6.43,3.8,0,2.3,3.76,0,62.3,39.95,False,False,False,True,False,False,False,False,True,False,False,False,False,False,True,False,True,True,False
2.49,4.16,0,1.8,4.2,0,43.5,24.65,False,False,False,False,False,False,True,False,False,False,False,False,False,True,False,False,True,True,False
6.17,8.29,0,2.7,5.0,1,21.9,44.05,False,True,False,False,False,True,False,False,False,False,False,False,True,False,False,True,False,True,False
5.06,7.5,0,2.0,3.83,0,56.5,28.31,False,True,False,False,False,False,False,True,False,False,False,True,False,False,False,False,True,False,False
2.44,0.57,0,0.5,4.08,1,53.8,25.88,False,False,False,False,False,True,False,False,False,False,False,False,False,False,False,False,True,True,False
5.17,0.54,0,1.1,5.0,0,47.7,28.68,False,True,False,False,False,False,True,False,False,True,False,False,False,False,False,True,False,True,False
4.57,4.04,0,0.0,5.0,0,67.8,30.97,False,False,False,False,False,True,False,True,False,True,False,False,False,False,False,False,True,True,False
5.86,0.48,1,3.9,4.27,0,70.5,38.41,False,True,False,False,False,False,False,True,False,False,True,False,False,False,False,False,True,False,False
10.92,0.93,0,1.5,3.79,0,67.2,43.85,True,False,False,True,False,False,False,False,True,False,False,False,False,True,False,True,False,True,False
3.15,1.47,1,9.4,4.88,1,45.7,27.01,True,False,False,False,False,False,False,False,False,False,False,False,False,False,False,False,True,False,True
5.98,1.58,3,2.5,4.15,0,12.7,51.4,False,False,False,False,False,False,False,False,True,False,False,False,False,True,False,False,True,False,False
5.19,2.95,0,1.5,4.31,0,59.3,31.03,False,True,False,False,False,False,True,False,False,False,True,False,False,False,False,True,False,True,False
6.51,0.64,3,1.6,4.16,1,91.8,46.23,True,False,False,False,False,False,True,False,False,False,False,False,False,True,False,True,False,False,True
3.15,3.44,1,5.7,4.3,0,73.4,22.86,True,False,False,False,False,True,False,True,False,False,False,False,False,False,True,True,False,True,False
4.4,0.45,0,1.2,3.82,0,15.6,23.16,True,False,False,False,False,False,True,False,False,False,False,False,True,False,False,True,False,False,True
2.8,4.5,0,11.6,3.82,0,76.5,10.66,True,False,False,False,False,False,False,True,False,True,False,False,False,False,False,True,False,False,False
10.8,0.57,0,5.7,4.37,0,58.8,45.1,False,False,False,False,False,False,True,False,False,False,False,True,False,False,False,True,False,True,False
4.0,1.92,0,0.3,4.12,0,90.0,24.91,False,True,False,True,False,False,False,False,True,False,False,False,True,False,False,False,True,True,False
3.68,1.63,3,6.1,4.34,0,42.7,42.09,False,False,False,False,False,True,False,True,False,True,False,False,False,False,False,False,True,True,False
6.95,0.86,2,0.5,4.09,1,59.2,58.04,False,False,False,False,True,False,False,False,False,False,False,False,True,False,False,False,True,False,True
5.14,5.72,3,4.8,4.43,1,53.1,52.86,False,False,True,False,False,False,False,False,False,False,True,False,False,False,False,True,False,False,True
4.04,1.16,0,1.2,5.0,0,43.6,26.85,True,False,False,False,False,True,False,False,True,False,True,False,False,False,False,True,False,True,False
5.17,0.25,0,2.2,4.54,0,36.9,22.8,True,False,False,False,False,False,False,True,False,False,False,True,False,False,False,True,False,False,False
1.59,4.65,0,6.2,4.59,0,17.2,13.3,False,False,False,False,False,False,False,False,True,True,False,False,False,False,False,True,False,False,False
3.68,1.08,2,8.6,4.72,1,27.9,40.8,False,False,False,False,False,True,False,False,False,False,False,False,False,False,False,True,False,False,False
1.11,6.05,1,1.3,4.31,0,25.9,14.89,False,True,False,False,False,False,False,False,True,False,False,False,False,False,True,True,False,True,False
3.46,2.43,0,2.7,4.61,1,96.7,30.4,False,True,False,False,False,False,False,False,False,True,False,False,False,False,False,False,True,True,False
3.53,3.3,0,0.5,4.42,1,62.7,24.3,True,False,False,False,False,False,True,False,False,False,False,True,False,False,False,False,True,False,False
5.73,4.51,2,0.2,3.68,0,89.4,38.55,True,False,False,False,False,False,False,True,False,False,False,True,False,False,False,False,True,True,False
4.48,0.47,0,5.2,4.5,1,81.9,45.26,False,False,False,False,False,True,True,False,False,False,False,False,False,True,False,False,True,False,True
0.94,1.96,1,2.6,4.98,1,35.3,9.72,True,False,False,False,False,False,True,False,False,False,False,False,False,False,False,False,True,False,False
4.03,1.54,2,8.2,4.31,0,75.0,29.86,False,False,False,False,False,False,False,True,False,False,False,False,False,True,False,False,True,True,False
7.89,1.13,2,3.2,4.22,1,10.8,46.1,False,True,False,False,False,False,True,False,False,False,False,False,False,False,False,False,True,False,True
2.25,0.79,1,0.6,4.66,0,85.9,13.87,True,False,False,False,False,False,True,False,False,False,True,False,False,False,False,True,False,False,False
6.93,0.31,0,1.6,4.49,0,98.9,52.69,False,False,False,False,True,False,False,False,False,False,False,False,False,False,True,False,True,False,True
3.98,1.11,0,6.2,4.63,0,95.1,16.95,True,False,False,False,False,False,False,False,True,False,False,False,True,False,False,False,True,False,True
1.65,2.48,2,10.6,3.75,1,46.1,19.29,True,False,False,False,False,False,False,False,False,False,True,False,False,False,False,True,False,False,True
2.28,2.16,0,0.5,4.73,0,20.7,24.13,False,False,False,True,False,False,False,True,False,False,True,False,False,False,False,True,False,True,False
3.72,0.76,0,1.0,4.0,0,36.1,20.52,False,True,False,False,False,False,True,False,False,False,False,False,False,True,False,False,True,False,True
10.24,1.19,1,1.2,4.3,0,78.1,51.19,False,False,False,False,False,False,False,False,True,False,True,False,False,False,False,False,True,False,True
4.31,4.76,1,5.0,4.74,0,37.3,42.76,False,False,True,False,False,False,False,False,False,False,False,False,False,True,False,False,True,True,False
2.5,1.28,0,4.6,4.56,1,57.6,29.34,False,False,False,False,False,False,False,False,False,False,False,False,False,False,False,False,True,False,True
8.63,1.68,0,1.9,4.7,0,99.1,40.76,False,False,False,False,True,False,True,False,False,False,False,False,True,False,False,False,False,False,True
1.61,0.46,0,0.5,4.48,0,87.6,15.97,False,True,False,True,False,False,False,True,False,False,False,True,False,False,False,True,False,True,False
3.88,0.74,0,4.6,4.71,0,97.2,24.98,True,False,False,False,True,False,False,True,False,True,False,False,False,False,False,True,False,False,False
2.01,2.46,1,0.8,4.0,0,10.3,20.22,False,True,False,True,False,False,False,False,True,False,False,False,True,False,False,True,False,False,True
8.44,1.72,0,0.8,4.27,0,10.4,42.96,False,True,False,False,False,False,False,True,False,False,False,True,False,False,False,False,True,False,True
15.34,0.79,0,9.4,4.04,0,65.1,51.33,True,False,False,False,False,True,False,False,True,False,False,False,False,False,False,True,False,False,False
13.94,0.4,1,2.7,3.74,0,11.7,63.47,False,True,False,False,False,False,True,False,False,False,False,False,False,False,False,True,False,True,False
2.22,4.52,1,1.1,4.62,0,95.9,19.67,False,True,False,False,False,True,True,False,False,True,False,False,False,False,False,False,True,True,False
3.14,0.56,0,7.8,4.21,0,56.0,23.12,False,False,False,False,False,False,False,True,False,False,True,False,False,False,False,False,False,True,False
8.03,0.76,0,4.5,4.6,0,77.9,39.94,True,False,False,False,True,False,False,False,False,False,False,False,True,False,False,False,True,False,True
2.12,0.89,1,2.3,4.11,1,93.0,18.39,True,False,False,False,False,False,True,False,False,False,False,False,True,False,False,True,False,False,True
6.7,1.12,1,6.0,4.03,1,22.5,39.19,False,True,False,False,False,True,False,False,False,False,False,False,True,False,False,True,False,True,False
1.07,1.33,0,3.4,4.37,0,36.2,14.07,False,True,False,False,False,False,True,False,False,False,False,False,False,True,False,False,True,False,True
3.73,1.71,1,15.0,3.31,1,57.9,32.89,True,False,False,False,True,False,False,False,False,False,True,False,False,False,False,False,True,False,True
2.52,3.21,0,3.8,4.03,0,86.6,7.46,True,False,False,False,False,False,True,False,False,False,True,False,False,False,False,True,False,False,False
2.58,0.65,0,1.0,3.79,0,55.8,16.88,True,False,False,False,False,False,True,False,False,True,False,False,False,False,False,False,True,False,False
5.1,2.02,1,1.4,3.81,0,58.3,30.22,False,False,True,False,False,False,False,False,True,False,False,False,False,True,False,False,False,True,False
3.86,10.85,0,2.5,4.36,0,23.9,34.56,False,False,False,False,False,False,False,True,False,False,False,True,False,False,False,False,True,False,True
4.64,1.57,2,3.8,3.97,0,21.2,36.05,False,False,False,False,False,False,False,True,False,False,False,True,False,False,False,True,False,False,True
4.38,3.19,1,0.5,3.99,1,18.1,34.61,True,False,False,False,False,False,True,False,False,False,False,False,False,False,False,False,True,True,False
4.31,1.91,0,1.8,3.87,1,90.2,19.41,True,False,False,False,False,False,True,False,False,False,True,False,False,False,False,True,False,True,False
11.2,1.36,0,7.1,4.79,0,77.8,62.53,False,False,True,False,True,False,False,False,False,False,False,False,False,True,False,False,True,False,True
5.3,1.06,0,1.3,4.26,1,56.1,31.24,False,True,False,False,False,False,True,False,False,False,False,False,True,False,False,False,False,True,False
7.31,1.95,1,0.1,4.09,1,54.2,39.58,True,False,False,False,False,False,True,False,False,False,False,False,False,True,False,False,True,False,True
6.7,0.81,0,2.8,4.63,0,63.9,32.2,False,True,False,False,False,False,False,False,False,False,False,False,False,False,True,True,False,False,True
5.21,2.42,0,0.8,3.83,1,14.4,33.1,False,True,False,False,False,False,False,False,False,False,False,False,True,False,False,True,False,False,False
4.48,0.25,1,9.4,4.14,0,21.5,26.09,True,False,False,False,False,False,False,True,False,False,False,False,True,False,False,True,False,False,True
2.91,1.77,0,0.1,4.61,0,15.0,21.17,False,True,False,False,False,False,False,False,False,False,False,False,False,True,False,True,False,False,True
2.02,1.67,0,3.1,4.89,0,73.7,24.78,False,True,False,False,False,True,False,False,True,False,False,False,False,True,False,False,False,True,False
2.16,0.47,0,7.9,4.2,1,50.2,13.26,True,False,False,False,False,False,True,False,False,False,False,True,False,False,False,False,True,False,True
2.95,1.85,0,7.1,3.44,1,84.2,24.89,False,True,False,False,True,False,True,False,False,False,False,True,False,False,False,True,False,True,False
3.87,2.08,0,1.2,4.4,0,19.7,32.45,False,False,False,False,False,False,False,True,False,False,False,True,False,False,False,False,True,False,True
4.24,1.14,0,1.9,4.97,0,33.6,20.31,True,False,False,False,False,False,True,False,False,False,False,False,True,False,False,True,False,True,False
4.22,6.26,1,0.1,4.58,0,91.9,36.77,False,True,False,False,False,True,True,False,False,False,False,False,True,False,False,False,True,False,True
5.27,6.39,1,0.0,4.26,0,78.3,26.53,True,False,False,False,False,False,False,False,False,False,True,False,False,False,False,False,False,True,False
3.69,3.31,0,0.5,4.59,1,32.4,31.98,True,False,False,False,False,True,False,False,False,False,False,True,False,False,False,False,True,True,False
4.35,0.94,0,7.2,4.1,0,48.4,31.36,False,False,False,False,False,True,False,False,False,False,False,False,False,False,True,True,False,False,True
4.92,1.44,0,4.8,3.99,0,23.2,24.82,False,True,False,False,False,False,True,False,False,False,False,False,True,False,False,True,False,True,False
3.76,1.91,0,3.6,3.94,0,57.4,24.63,False,False,False,False,False,False,False,False,True,False,False,False,False,False,False,True,False,False,True
4.47,0.29,1,0.4,4.38,1,25.1,32.94,False,True,False,True,False,False,False,False,False,False,False,False,False,False,False,True,False,True,False
7.48,6.25,1,1.2,3.83,0,94.2,45.55,False,True,False,True,False,False,False,True,False,True,False,False,False,False,False,True,False,True,False
4.2,0.34,0,0.6,3.83,0,65.3,37.08,False,False,False,False,False,True,False,False,False,True,False,False,False,False,False,True,False,False,True
6.27,6.06,0,2.7,4.65,0,92.0,47.08,False,False,False,False,True,False,False,False,True,False,False,False,False,False,False,False,True,False,False
1.86,0.33,0,0.2,4.57,1,81.5,18.29,False,True,False,False,False,False,False,False,False,True,False,False,False,False,False,True,False,False,False
2.97,0.39,0,0.8,4.68,0,37.4,23.46,False,False,False,False,False,False,True,False,False,False,False,False,False,True,False,False,True,True,False
8.55,5.35,0,3.9,4.43,0,40.2,47.52,True,False,False,False,True,False,False,False,False,False,False,False,False,False,False,False,True,False,False
2.29,1.68,2,1.6,4.23,0,59.7,37.58,False,False,True,False,False,False,False,True,False,True,False,False,False,False,False,True,False,False,True
3.66,1.47,0,1.0,3.84,0,84.1,29.87,False,False,False,False,False,False,False,False,False,False,False,True,False,False,False,True,False,False,True
8.82,0.38,1,0.1,4.99,0,10.5,53.86,False,False,False,False,False,False,False,False,True,False,False,True,False,False,False,False,True,True,False
5.61,0.54,0,2.5,4.51,0,30.3,46.29,False,False,True,False,True,False,False,False,False,False,False,False,False,False,True,False,True,False,True
7.65,5.63,1,1.3,4.27,0,53.0,42.14,False,True,False,False,False,False,True,False,False,False,False,False,False,False,False,False,True,False,False
6.27,2.07,0,9.2,4.49,1,16.6,47.75,False,False,True,False,False,True,False,False,False,False,False,False,False,False,False,False,False,False,True
3.58,1.84,0,4.4,4.36,0,89.7,9.72,True,False,False,False,False,False,True,False,False,True,False,False,False,False,False,False,False,True,False
2.42,1.52,0,5.2,4.94,0,81.2,20.37,False,True,False,False,False,True,False,True,False,False,False,True,False,False,False,True,False,False,False
4.15,2.91,2,2.9,4.78,1,47.7,37.76,False,True,False,False,False,False,True,False,False,False,False,False,False,False,False,False,True,False,True
3.6,4.19,0,1.4,4.92,0,57.6,19.91,True,False,False,False,False,False,False,False,False,False,False,False,False,True,False,False,True,False,True
1.4,4.76,0,0.9,4.52,1,98.4,24.05,False,False,False,False,False,False,False,False,False,False,True,False,False,False,False,False,True,False,True
3.85,0.96,0,2.1,4.67,1,61.3,37.83,False,False,False,False,False,False,True,False,False,False,False,False,True,False,False,True,False,False,True
4.42,1.4,1,0.2,4.24,1,86.5,37.82,False,False,False,False,False,False,False,False,False,False,True,False,False,False,False,False,True,False,True
7.39,0.94,0,0.4,4.33,1,75.2,42.56,False,True,False,False,False,True,False,False,False,False,True,False,False,False,False,False,True,True,False
1.14,2.37,0,0.2,4.26,0,90.0,10.41,True,False,False,False,False,False,True,False,False,False,False,False,False,True,False,False,True,True,False
8.48,0.93,0,2.0,4.4,0,84.0,45.36,False,False,True,False,False,False,True,False,False,False,True,False,False,False,False,True,False,False,True
3.11,0.61,2,1.3,4.71,1,83.2,37.49,False,True,False,False,False,False,False,False,False,False,False,False,False,False,False,False,True,False,True
5.66,1.51,0,1.5,3.7,0,12.2,28.32,True,False,False,False,False,False,False,False,False,False,True,False,False,False,False,False,True,True,False
4.76,0.82,1,2.7,4.11,0,79.3,30.85,True,False,False,False,False,False,False,True,False,True,False,False,False,False,False,False,True,False,True
3.32,18.44,1,4.6,3.78,0,78.6,42.57,False,True,False,False,False,True,False,False,False,False,False,False,True,False,False,False,True,False,True
7.34,0.7,0,4.0,4.04,1,45.3,44.9,False,True,False,False,False,False,False,False,False,True,False,False,False,False,False,False,True,True,False
6.85,0.26,1,1.2,3.75,1,71.4,40.37,True,False,False,False,False,False,False,False,False,False,False,False,False,True,False,False,True,False,False
3.21,1.64,0,0.4,4.41,0,74.2,11.84,True,False,False,False,False,False,False,False,True,False,False,False,False,True,False,False,True,False,False
4.41,2.35,0,0.6,4.71,0,12.8,27.88,False,False,False,False,False,False,False,False,False,False,True,False,False,False,False,False,True,True,False
4.64,0.91,1,2.7,4.44,1,63.4,32.42,False,True,False,False,False,False,False,False,False,True,False,False,False,False,False,False,True,True,False
5.81,0.28,1,5.3,4.08,0,71.0,29.85,True,False,False,False,False,False,False,True,False,False,False,False,False,False,True,False,False,False,True
3.22,1.5,3,11.4,4.24,0,71.1,33.2,False,True,False,True,False,False,False,False,True,False,False,False,False,False,False,False,True,False,False
11.39,1.66,3,0.8,3.72,0,83.2,51.85,True,False,False,False,False,False,True,False,False,False,False,False,True,False,False,False,True,False,True
2.2,1.65,0,2.0,4.75,0,69.5,25.61,False,False,False,False,False,False,False,True,False,False,False,False,True,False,False,True,False,True,False
4.77,3.45,0,3.9,3.87,1,12.8,46.57,False,False,False,True,False,False,False,False,False,False,False,True,False,False,False,False,True,False,True
3.65,0.44,0,6.5,4.01,0,18.3,20.0,True,False,False,False,False,True,False,True,False,False,False,False,True,False,False,False,True,False,True
2.1,0.56,0,1.6,3.95,1,72.0,20.48,False,True,False,False,False,False,False,False,False,False,True,False,False,False,False,False,True,True,False
6.07,3.1,0,0.6,4.69,1,92.9,33.02,True,False,False,False,False,False,False,False,False,True,False,False,False,False,False,True,False,True,False
1.66,4.91,0,1.6,3.98,0,53.0,18.14,False,True,False,False,False,False,False,True,False,False,True,False,False,False,False,True,False,False,True
2.83,1.11,3,3.5,4.68,0,85.4,34.7,False,False,False,True,False,False,False,False,False,False,False,True,False,False,False,False,True,False,True
4.56,1.83,1,8.1,4.23,1,68.8,24.42,True,False,False,False,False,False,False,False,False,False,False,True,False,False,False,False,True,True,False
1.48,1.86,0,2.3,4.27,0,52.4,25.25,False,True,False,False,False,True,False,True,False,False,False,True,False,False,False,False,True,False,True
3.17,2.78,2,5.1,4.08,1,90.2,31.22,True,False,False,False,False,False,False,False,False,False,False,True,False,False,False,False,True,False,True
5.77,1.2,0,0.3,4.54,0,84.1,49.37,False,False,True,False,False,True,True,False,False,False,False,False,False,False,True,False,True,True,False
1.86,0.58,1,1.4,4.65,0,19.8,29.46,True,False,False,False,False,True,False,True,False,False,False,True,False,False,False,False,True,True,False
2.6,2.4,1,0.5,4.9,0,64.7,36.89,False,False,True,False,False,False,True,False,False,False,True,False,False,False,False,False,True,True,False
6.97,0.9,0,2.6,4.48,0,46.2,36.74,False,True,False,True,False,False,True,False,False,False,False,True,False,False,False,False,True,True,False
4.95,0.48,0,3.2,3.94,0,50.3,28.37,False,True,False,False,False,False,False,False,False,False,True,False,False,False,False,True,False,True,False
2.68,4.27,0,0.8,4.25,0,56.7,22.11,False,False,False,False,False,False,True,False,False,False,False,False,False,True,False,True,False,True,False
1.99,2.36,0,0.8,5.0,1,86.2,29.72,False,False,False,False,False,False,True,False,False,False,False,False,False,False,True,False,True,True,False
2.12,1.49,1,2.4,3.89,0,94.1,13.01,True,False,False,False,False,False,False,True,False,False,False,True,False,False,False,False,True,False,False
7.53,2.0,1,0.5,4.74,1,79.8,46.37,False,True,False,False,True,False,False,False,False,False,False,True,False,False,False,False,False,True,False
1.54,1.35,1,1.4,4.1,1,22.7,23.27,False,True,False,True,False,False,False,False,False,False,False,False,False,True,False,False,True,False,True
6.32,1.58,0,1.9,4.96,0,37.7,35.96,False,True,False,False,False,True,False,False,False,False,False,False,True,False,False,False,True,False,True
4.51,0.66,1,1.5,3.99,1,39.1,35.26,False,True,False,False,False,False,True,False,False,True,False,False,False,False,False,True,False,True,False
0.99,0.73,0,3.3,4.27,1,17.4,12.7,True,False,False,False,False,False,False,False,False,False,False,False,False,False,True,False,True,False,False
6.86,2.3,0,0.2,4.52,0,65.4,33.41,False,True,False,False,False,False,False,False,False,False,False,False,False,False,True,False,True,True,False
2.7,0.72,1,2.3,3.9,1,80.3,32.89,False,False,False,False,False,False,True,False,False,False,False,False,False,True,False,True,False,False,True
2.33,0.98,2,1.5,4.31,0,46.8,24.53,False,True,False,False,False,False,False,False,False,False,True,False,False,False,False,True,False,True,False
2.16,0.22,1,3.2,3.45,0,62.9,23.8,False,False,False,False,False,False,True,False,False,False,False,False,True,False,False,False,True,True,False
1.3,9.2,1,3.2,4.8,1,58.0,30.32,False,False,False,False,False,False,False,False,False,True,False,False,False,False,False,False,True,True,False
1.24,0.36,2,4.0,4.92,0,29.9,21.97,False,True,False,False,True,False,True,False,False,False,False,False,False,False,True,True,False,False,True
2.06,0.38,0,2.6,4.38,0,31.1,17.06,False,False,False,False,False,False,True,False,False,True,False,False,False,False,False,True,False,True,False
9.43,6.39,0,1.3,3.96,0,81.0,43.34,False,True,False,False,False,False,False,False,True,False,False,False,False,False,True,False,True,True,False
0.98,0.88,0,1.9,4.49,0,90.8,19.1,False,False,False,False,False,True,False,True,False,False,False,False,False,True,False,True,False,True,False
3.52,3.21,0,1.2,4.8,0,45.3,26.04,False,False,False,False,False,False,True,False,False,False,False,False,True,False,False,False,True,False,True
8.48,4.04,0,3.5,4.37,0,87.4,43.77,False,False,True,False,False,False,False,True,False,False,False,True,False,False,False,False,False,False,True
3.44,0.42,0,1.3,4.71,0,88.4,16.33,True,False,False,True,False,False,True,False,False,False,False,True,False,False,False,True,False,True,False
4.39,0.56,0,2.1,4.16,0,97.7,23.2,False,True,False,False,False,False,False,True,False,True,False,False,False,False,False,True,False,True,False
5.14,1.42,1,4.4,3.99,1,93.0,41.05,False,True,False,False,False,True,False,False,False,False,False,False,True,False,False,True,False,False,True
1.47,4.51,1,5.4,4.33,0,24.1,27.23,False,False,True,False,False,False,True,False,False,False,False,False,False,False,True,True,False,True,False
2.43,1.87,1,4.6,3.81,0,73.9,28.01,False,False,False,False,False,True,True,False,False,False,False,True,False,False,False,False,True,True,False
4.35,1.75,0,1.3,4.05,0,48.3,14.88,True,False,False,False,False,False,False,False,True,False,False,False,True,False,False,False,True,True,False
1.64,1.97,1,7.9,4.15,1,36.6,20.15,False,True,False,False,False,False,False,False,False,False,False,False,False,False,True,False,False,True,False
5.4,5.08,1,3.2,4.44,1,63.0,40.25,False,False,False,False,False,False,False,False,False,True,False,False,False,False,False,True,False,True,False
3.55,3.07,1,0.2,3.98,0,32.0,29.37,False,True,False,False,False,False,False,True,False,False,False,False,False,False,True,True,False,True,False
3.98,2.09,2,0.8,4.59,1,66.2,44.67,False,False,False,False,False,False,False,False,False,False,False,False,False,False,False,False,True,True,False
3.85,4.57,0,1.3,5.0,1,16.9,47.17,False,False,True,False,True,False,False,False,False,False,False,False,True,False,False,False,True,False,False
3.02,1.3,0,3.6,3.87,0,16.5,27.71,False,False,False,False,False,False,False,False,True,True,False,False,False,False,False,False,True,False,True
3.98,3.54,0,2.2,4.77,1,45.5,27.12,False,False,False,False,False,False,True,False,False,False,True,False,False,False,False,False,True,False,False
1.47,2.09,0,1.4,3.66,0,89.6,14.11,False,False,False,False,False,False,False,False,False,False,True,False,False,False,False,True,False,False,True
3.98,3.88,1,1.4,3.84,0,85.7,33.94,True,False,False,False,True,False,False,False,False,False,True,False,False,False,False,True,False,False,False
7.6,2.9,0,2.0,4.46,0,27.1,32.75,False,True,False,False,False,False,False,False,True,False,False,True,False,False,False,True,False,True,False
1.95,3.83,0,9.1,5.0,0,84.9,10.5,True,False,False,False,False,False,False,False,True,False,False,False,False,False,False,False,True,False,True
9.37,6.48,2,1.7,4.26,1,26.5,52.92,True,False,False,False,False,True,False,False,False,False,True,False,False,False,False,False,False,True,False
4.21,2.01,1,0.7,4.49,0,53.5,32.3,False,False,True,False,False,False,True,False,False,False,False,False,False,True,False,True,False,False,True
6.87,0.78,2,1.7,4.35,0,57.3,40.33,False,True,False,False,False,False,False,True,False,False,False,True,False,False,False,False,True,False,False
2.6,0.49,0,0.1,4.47,0,82.0,20.96,False,False,False,False,False,False,False,True,False,True,False,False,False,False,False,False,True,True,False
3.86,5.48,1,10.2,4.24,0,99.5,24.47,True,False,False,False,False,False,True,False,False,False,False,False,False,True,False,False,True,False,True
2.72,0.52,0,0.5,3.39,0,24.8,15.36,True,False,False,False,False,False,True,False,False,False,False,False,False,False,False,True,False,False,False
7.81,3.06,1,1.1,4.76,1,56.6,48.57,True,False,False,False,False,True,True,False,False,False,False,False,False,True,False,False,True,False,True
3.5,4.19,0,2.9,4.25,1,57.8,36.1,False,False,False,True,False,False,True,False,False,False,False,False,False,False,False,False,True,False,False
5.27,4.46,1,0.8,3.76,1,75.1,46.35,False,False,False,False,False,False,False,False,False,False,False,False,False,True,False,False,True,False,False
2.3,1.63,1,1.0,4.34,0,22.7,38.76,False,False,False,False,False,True,True,False,False,False,False,False,True,False,False,True,False,True,False
14.74,0.64,3,7.2,3.98,1,86.0,78.27,False,True,False,False,False,False,True,False,False,False,False,False,False,False,False,False,True,False,False
4.95,0.73,0,1.2,4.12,0,20.5,28.44,False,True,False,False,False,False,False,True,False,False,True,False,False,False,False,False,True,False,True
3.57,3.57,0,1.1,5.0,0,15.0,22.26,False,True,False,True,False,False,True,False,False,True,False,False,False,False,False,False,True,False,True
3.85,0.42,1,0.7,4.02,0,19.5,27.28,False,True,False,False,False,True,False,False,True,False,False,True,False,False,False,True,False,False,True
1.89,0.55,0,2.4,2.98,0,48.9,13.28,False,True,False,False,False,False,False,True,False,False,False,False,False,False,False,False,False,False,True
3.85,2.77,0,2.0,3.44,1,28.0,23.49,True,False,False,False,False,False,True,False,False,True,False,False,False,False,False,True,False,False,True
8.2,1.04,2,0.1,4.53,1,53.3,55.57,False,True,False,False,False,False,False,False,False,True,False,False,False,False,False,False,True,False,True
6.45,0.98,0,0.5,4.43,0,93.6,20.4,True,False,False,False,False,False,True,False,False,False,False,False,False,True,False,False,False,True,False
3.13,1.39,3,2.8,3.94,0,46.6,25.33,False,True,False,False,False,False,False,False,True,False,False,False,False,False,True,False,True,True,False
1.17,1.75,1,3.3,3.62,0,87.0,26.6,False,False,False,False,False,True,False,False,True,False,False,False,True,False,False,False,True,True,False
7.11,1.97,0,1.1,4.42,0,76.3,34.42,False,True,False,False,False,False,False,True,False,False,False,False,True,False,False,False,True,False,False
1.8,2.36,0,4.0,3.88,0,45.8,31.38,False,False,False,True,False,False,False,True,False,False,True,False,False,False,False,False,True,False,False
7.11,1.55,1,4.2,4.56,0,59.5,37.29,False,False,False,False,False,False,False,False,True,True,False,False,False,False,False,False,False,False,True
1.55,1.34,0,2.4,4.78,0,68.0,12.78,False,True,False,False,False,False,False,False,True,False,False,False,True,False,False,False,False,True,False
1.95,0.8,0,0.3,4.52,0,11.8,10.57,True,False,False,False,False,False,False,True,False,False,False,True,False,False,False,False,False,False,True
4.35,10.75,0,0.9,4.06,0,14.0,47.15,False,False,True,False,False,True,False,False,True,False,False,False,True,False,False,True,False,True,False
4.28,5.98,0,0.7,4.53,1,89.5,32.26,False,True,False,False,False,False,False,False,False,False,False,True,False,False,False,False,True,True,False
1.37,0.29,0,0.4,3.5,1,79.4,19.74,False,True,False,False,False,False,True,False,False,False,False,False,False,False,False,True,False,True,False
0.76,1.21,3,0.1,4.52,0,99.3,35.0,False,False,False,False,False,False,False,False,True,False,False,False,True,False,False,False,True,False,True
7.56,1.79,1,1.5,4.89,1,77.7,40.46,False,True,False,False,False,False,True,False,False,False,False,True,False,False,False,True,False,True,False
6.07,0.34,0,3.7,4.08,0,21.1,23.43,True,False,False,False,False,False,False,True,False,False,True,False,False,False,False,True,False,False,True
3.35,0.25,1,12.5,4.96,0,65.4,25.15,False,True,False,True,False,False,False,False,False,False,False,True,False,False,False,True,False,True,False
2.79,0.5,0,0.8,4.2,0,39.0,27.32,False,False,True,False,False,False,False,False,True,False,False,False,True,False,False,False,True,True,False
4.4,0.79,1,1.2,4.75,1,45.8,41.88,False,False,False,False,False,False,True,False,False,False,True,False,False,False,False,False,True,True,False
4.38,0.28,0,1.9,4.27,0,68.7,32.32,False,False,False,False,False,False,False,False,True,False,False,False,True,False,False,False,True,True,False
10.14,1.47,0,6.4,4.0,0,50.0,52.71,False,False,True,False,False,False,False,True,False,False,False,False,False,True,False,True,False,True,False
0.88,1.6,1,0.8,4.19,0,30.8,19.35,False,True,False,False,False,False,False,True,False,False,False,True,False,False,False,False,True,False,False
3.37,1.45,0,0.3,4.81,0,83.8,18.89,False,True,False,False,False,False,False,False,True,False,False,False,False,True,False,True,False,True,False
0.95,7.68,1,0.8,3.94,0,16.3,22.09,False,True,False,True,False,False,False,False,False,False,False,False,False,False,False,True,False,False,True
2.44,1.56,1,4.3,4.15,0,99.6,29.78,False,False,False,False,False,True,False,False,True,False,False,False,False,False,False,False,True,False,False
7.38,4.85,1,4.8,3.83,1,21.7,47.85,False,True,False,False,False,False,True,False,False,False,False,False,True,False,False,False,True,True,False
1.49,1.28,1,4.5,4.12,0,91.9,29.44,False,False,False,False,True,False,False,True,False,False,False,False,False,True,False,True,False,True,False
3.71,4.69,0,10.6,3.91,0,46.9,21.99,False,False,False,False,False,True,False,True,False,False,False,False,False,False,False,False,False,False,False
6.09,1.31,0,3.2,4.28,0,61.8,44.37,False,False,True,False,False,False,False,False,True,False,False,False,False,False,True,False,True,True,False
6.7,1.14,2,0.1,3.82,0,83.9,48.92,False,False,False,False,False,True,False,False,False,False,False,False,False,False,False,False,True,False,True
4.58,0.44,1,6.4,4.47,1,53.1,26.33,True,False,False,False,False,False,False,False,False,True,False,False,False,False,False,False,True,False,False
3.55,3.13,1,2.5,4.4,1,80.8,22.36,True,False,False,False,False,False,False,False,False,False,False,False,False,False,False,False,True,False,True
1.13,3.28,1,5.9,4.08,0,26.7,19.69,False,False,False,False,False,False,False,True,False,False,True,False,False,False,False,True,False,False,True
3.37,1.8,0,5.4,4.27,1,38.3,27.25,True,False,False,True,False,False,False,False,False,False,False,False,False,False,True,False,True,True,False
3.44,1.87,0,0.1,4.59,0,54.3,24.49,False,False,False,False,False,False,False,False,True,True,False,False,False,False,False,False,True,False,True
3.88,1.35,2,0.5,4.56,0,69.3,38.36,False,False,False,False,False,False,True,False,False,False,False,False,False,False,True,False,True,False,False
2.67,11.0,0,6.6,5.0,0,92.7,20.81,True,False,False,False,True,False,False,True,False,False,False,False,True,False,False,False,False,True,False
4.89,0.5,0,1.0,4.64,0,36.9,40.83,False,False,False,False,True,False,False,False,True,False,False,True,False,False,False,False,True,False,True
6.51,0.99,1,1.2,4.32,1,21.1,42.23,False,True,False,True,False,False,False,False,False,False,False,False,False,False,False,False,True,False,True
3.05,4.13,0,12.3,4.67,0,88.7,19.66,False,False,False,False,False,False,False,True,False,False,False,False,True,False,False,False,True,False,True
6.74,0.3,0,2.1,4.45,1,87.4,44.16,False,False,False,False,False,False,False,False,False,False,False,False,True,False,False,False,True,False,True
7.11,9.52,0,2.1,3.87,1,55.4,46.35,False,False,False,False,False,False,True,False,False,False,False,True,False,False,False,True,False,False,False
2.03,0.24,0,2.4,3.57,1,52.2,24.98,True,False,False,False,False,True,True,False,False,False,False,False,False,False,True,False,True,True,False
1.9,0.44,0,6.3,4.5,1,47.9,16.78,True,False,False,False,False,False,True,False,False,False,True,False,False,False,False,False,True,False,True
6.14,3.32,0,4.9,4.57,0,58.0,34.44,False,True,False,False,False,True,False,True,False,False,False,True,False,False,False,False,True,True,False
4.72,2.26,1,1.2,4.17,0,13.5,27.45,True,False,False,False,False,False,False,False,False,True,False,False,False,False,False,True,False,True,False
6.05,0.52,2,5.1,4.4,1,40.0,41.44,False,True,False,False,False,False,True,False,False,False,False,False,False,True,False,False,True,True,False
1.06,2.07,0,4.7,4.25,1,57.5,21.45,False,True,False,False,False,False,False,False,False,False,False,False,False,False,True,True,False,False,True
4.95,5.56,0,0.4,4.37,0,83.4,24.98,True,False,False,False,False,False,False,True,False,False,True,False,False,False,False,False,True,True,False
2.37,0.38,2,0.0,4.13,0,97.6,25.05,False,False,False,False,False,False,False,False,True,False,False,False,False,True,False,True,False,False,False
4.41,0.53,1,0.3,4.05,0,25.8,33.85,True,False,False,False,False,True,False,True,False,False,False,False,False,True,False,False,True,False,True
2.22,3.58,1,0.7,4.65,1,49.4,44.83,False,False,True,False,False,True,True,False,False,True,False,False,False,False,False,False,True,False,True
2.15,1.04,0,4.6,4.8,0,30.0,20.56,False,False,False,False,False,False,True,False,False,True,False,False,False,False,False,False,False,False,True
3.38,0.72,2,2.9,3.94,1,47.7,46.8,False,False,True,False,False,True,True,False,False,True,False,False,False,False,False,False,True,True,False
2.34,0.39,0,2.9,3.41,1,93.1,23.66,False,True,False,True,False,False,False,False,False,False,False,True,False,False,False,True,False,True,False
1.98,2.76,0,0.0,4.44,1,90.0,23.16,False,True,False,False,False,False,True,False,False,False,False,True,False,False,False,False,True,True,False
2.31,3.56,0,4.3,4.76,1,38.9,22.25,False,True,False,False,False,False,False,False,False,False,False,False,False,False,True,True,False,True,False
5.63,0.45,0,0.3,4.14,0,90.0,37.23,False,False,True,False,False,False,False,False,True,False,False,False,False,False,False,False,False,True,False
9.06,2.42,0,1.3,4.54,0,31.9,55.86,False,False,False,True,False,False,False,False,True,False,False,False,False,False,True,False,True,False,True
6.96,0.5,1,2.2,4.37,1,26.9,46.35,False,False,False,False,False,False,False,False,False,False,False,False,False,False,False,False,True,False,True
7.5,2.81,0,1.8,3.9,1,95.6,32.84,False,True,False,False,False,False,True,False,False,False,True,False,False,False,False,False,False,False,False
2.8,3.91,0,6.1,4.03,1,34.5,24.59,False,True,False,False,False,False,False,False,False,False,True,False,False,False,False,True,False,True,False
3.93,2.0,0,2.4,4.3,1,96.0,29.81,False,True,False,False,False,True,True,False,False,False,False,False,False,False,True,False,True,True,False
4.03,1.35,2,0.0,4.16,0,22.1,31.8,False,True,False,False,False,True,False,True,False,False,False,False,False,False,False,True,False,False,False
1.59,0.96,3,7.2,4.5,1,25.6,28.28,True,False,False,False,False,False,False,False,False,False,False,False,True,False,False,False,True,True,False
4.17,0.7,1,0.2,4.9,0,53.4,34.42,False,True,False,True,False,False,False,True,False,False,False,False,True,False,False,False,True,False,False
1.36,2.01,2,1.1,4.17,0,14.1,41.73,False,False,False,False,False,True,True,False,False,False,True,False,False,False,False,False,True,True,False
7.07,3.36,0,0.1,4.61,1,72.1,44.65,False,False,False,False,False,False,True,False,False,False,False,False,False,False,False,False,True,False,True
2.66,1.05,1,3.2,4.61,1,32.5,33.34,False,True,False,False,False,True,True,False,False,True,False,False,False,False,False,True,False,True,False
5.01,7.94,1,1.9,3.91,0,29.3,47.75,False,False,True,False,False,True,False,False,True,False,False,False,False,True,False,False,True,False,True
1.77,2.36,0,2.5,4.24,0,34.3,16.32,False,True,False,False,False,True,False,True,False,False,False,False,False,False,True,True,False,False,True
8.47,1.15,0,3.1,4.12,1,77.6,42.19,False,True,False,False,False,True,False,False,False,False,False,True,False,False,False,True,False,True,False
1.37,0.68,0,0.6,4.46,0,39.4,20.99,False,False,False,False,False,False,False,False,False,False,False,False,False,False,False,False,True,False,True
3.63,3.49,1,0.7,3.67,0,87.5,32.22,False,False,False,False,False,False,True,False,False,True,False,False,False,False,False,False,True,False,False
3.3,1.52,1,0.5,3.84,1,19.7,30.1,False,True,False,False,False,False,False,False,False,False,True,False,False,False,False,False,True,False,True
3.0,3.46,0,2.1,4.32,0,37.1,22.44,False,False,False,False,False,False,False,True,False,False,False,False,True,False,False,False,True,True,False
8.85,0.4,0,1.2,3.73,0,35.6,59.27,False,False,True,False,False,True,True,False,False,False,False,False,False,False,True,False,True,False,True
2.46,0.68,1,0.0,4.18,1,97.2,30.22,False,True,False,False,False,True,True,False,False,False,False,False,False,True,False,False,True,False,True
3.92,3.1,1,0.1,4.2,0,43.3,32.0,False,False,False,False,False,False,False,False,True,False,False,True,False,False,False,False,True,True,False
3.68,0.47,0,0.4,3.97,0,26.9,19.3,True,False,False,False,False,False,False,True,False,False,False,False,False,True,False,False,True,False,True
5.9,2.43,0,1.8,3.63,0,93.8,31.23,False,True,False,False,False,True,True,False,False,False,False,False,False,False,True,False,True,False,False
7.17,0.92,0,2.6,4.05,0,18.7,35.02,True,False,False,False,True,False,False,False,False,True,False,False,False,False,False,True,False,True,False
6.34,1.01,1,1.9,4.92,0,21.5,37.9,False,True,False,True,False,False,True,False,False,False,False,False,False,True,False,False,True,True,False
7.71,0.93,2,1.1,4.39,0,45.7,43.87,True,False,False,False,False,True,False,False,False,False,False,False,False,True,False,True,False,True,False
7.1,5.27,0,2.6,4.3,1,87.5,52.6,False,False,False,False,False,False,True,False,False,False,False,True,False,False,False,False,True,False,False
9.44,2.22,1,1.4,4.24,0,82.7,41.52,True,False,False,False,False,False,False,False,True,False,False,False,False,False,True,False,True,False,True
7.04,1.87,0,3.8,5.0,0,20.1,47.74,False,False,False,False,False,True,False,False,True,False,False,False,True,False,False,False,True,False,True
1.65,0.32,0,2.3,4.39,1,87.2,19.29,False,True,False,False,False,False,False,False,False,False,True,False,False,False,False,False,True,False,True
10.99,3.25,2,2.5,4.07,0,41.3,76.38,False,False,True,False,False,True,False,False,False,False,False,False,False,False,False,False,True,True,False
5.0,0.84,0,6.5,3.99,0,25.8,41.6,False,False,True,False,False,False,False,False,True,False,False,False,False,False,False,False,True,False,True
4.57,0.3,0,1.3,4.48,1,28.0,38.52,False,False,False,False,False,False,False,False,False,True,False,False,False,False,False,False,True,True,False
7.52,1.25,1,0.5,4.02,0,94.1,45.1,False,False,True,False,False,False,False,False,True,False,False,False,False,False,True,False,False,False,True
0.9,0.46,1,1.2,5.0,0,99.1,22.73,True,False,False,False,False,True,True,False,False,True,False,False,False,False,False,False,True,True,False
3.64,5.47,1,0.1,4.47,0,63.4,25.11,False,True,False,False,False,False,False,True,False,False,False,False,False,False,False,False,True,False,True
3.62,1.98,1,0.6,4.58,0,91.6,29.88,False,True,False,False,False,True,False,True,False,True,False,False,False,False,False,False,True,False,True
3.72,0.85,0,10.4,4.19,0,63.5,38.95,False,False,True,False,False,True,False,True,False,False,False,False,False,True,False,False,True,False,True
4.05,2.84,0,0.2,4.26,0,12.6,33.52,False,True,False,False,False,True,True,False,False,False,False,False,False,False,False,False,True,False,True
4.47,7.82,2,10.7,4.6,1,54.1,44.16,False,False,False,False,False,True,False,False,False,False,False,False,True,False,False,False,True,False,True
4.46,0.24,1,7.2,4.19,0,10.2,35.32,False,False,True,False,False,False,False,False,True,False,False,True,False,False,False,True,False,True,False
5.2,1.68,0,0.3,4.79,0,68.7,26.48,True,False,False,False,False,False,False,True,False,False,False,False,False,False,True,False,True,False,True
5.57,5.96,1,0.7,3.79,1,82.1,42.32,False,True,False,False,False,False,True,False,False,False,False,False,False,True,False,True,False,False,True
4.99,1.05,0,1.6,4.52,0,79.5,25.34,True,False,False,False,False,True,False,True,False,False,False,False,False,False,False,False,False,True,False
2.71,2.27,0,2.1,4.53,0,97.8,31.87,False,False,False,False,False,False,True,False,False,False,False,True,False,False,False,False,True,False,True
4.57,2.01,1,0.3,4.43,1,66.6,34.69,False,False,False,False,False,False,True,False,False,False,False,False,False,False,True,True,False,False,True
3.88,6.94,0,1.4,4.41,0,55.6,29.31,False,False,False,False,False,False,True,False,False,False,False,False,False,False,True,True,False,True,False
3.12,4.76,1,2.5,4.97,0,98.8,21.81,False,True,False,False,False,False,False,True,False,False,True,False,False,False,False,True,False,True,False
3.28,0.39,2,0.7,3.64,0,42.0,35.32,False,True,False,False,False,True,False,True,False,True,False,False,False,False,False,False,True,False,True
2.25,8.49,0,4.1,3.48,0,70.6,19.95,False,True,False,True,False,False,True,False,False,True,False,False,False,False,False,True,False,True,False
5.94,2.25,1,0.8,3.97,0,23.6,43.35,False,False,True,False,False,False,False,True,False,False,False,False,True,False,False,False,True,True,False
1.95,1.64,0,6.0,3.89,1,98.9,23.32,False,False,False,False,False,False,True,False,False,False,False,True,False,False,False,False,True,True,False
7.26,2.22,1,4.1,4.01,0,69.8,40.85,False,False,False,False,False,False,False,True,False,False,True,False,False,False,False,False,True,False,True
6.88,1.64,0,7.0,4.61,0,23.7,48.95,False,False,True,False,False,True,False,True,False,False,False,True,False,False,False,False,False,True,False
2.84,6.59,0,0.8,4.21,0,13.5,18.27,True,False,False,False,False,True,False,True,False,False,False,False,False,False,False,False,False,True,False
7.28,1.13,1,9.2,4.14,0,72.0,45.92,False,False,False,False,False,True,True,False,False,False,False,True,False,False,False,False,True,True,False
4.62,3.26,0,0.1,4.21,0,69.1,28.02,True,False,False,False,False,True,False,False,True,False,False,False,False,False,False,False,True,False,False
3.54,2.04,1,4.6,4.22,0,49.4,40.32,False,False,True,False,False,True,False,False,False,False,False,False,True,False,False,True,False,False,True
1.5,4.96,0,9.5,4.66,0,15.1,22.13,False,False,False,False,False,True,False,True,False,True,False,False,False,False,False,False,True,True,False
4.76,1.75,1,3.7,4.75,0,80.5,21.5,True,False,False,False,False,False,False,True,False,False,True,False,False,False,False,False,True,False,True
4.63,5.01,0,0.2,4.72,0,77.4,30.86,False,False,False,False,False,False,False,False,True,False,False,False,False,True,False,False,True,True,False
7.22,0.59,0,2.9,4.39,0,85.6,29.41,False,True,False,False,False,False,False,True,False,False,False,True,False,False,False,False,True,False,True
9.13,1.97,3,0.1,4.9,0,37.0,52.76,False,True,False,True,False,False,False,True,False,False,False,False,False,True,False,True,False,True,False
3.42,2.78,0,0.3,3.66,1,70.0,18.27,True,False,False,False,False,False,True,False,False,True,False,False,False,False,False,False,False,False,True
13.78,4.39,0,7.1,3.71,0,62.0,68.64,False,False,True,False,True,False,True,False,False,False,True,False,False,False,False,True,False,False,False
6.46,2.78,1,0.7,4.43,0,92.7,42.81,False,False,True,False,False,False,False,True,False,False,False,True,False,False,False,False,False,True,False
4.51,1.96,2,0.0,3.98,1,35.8,41.91,False,False,False,False,False,False,True,False,False,False,False,False,True,False,False,True,False,True,False
3.0,0.43,0,0.2,3.97,0,63.0,20.91,False,True,False,False,False,False,False,False,True,False,False,True,False,False,False,False,True,True,False
2.19,3.0,1,0.6,4.34,1,94.9,31.7,False,True,False,False,False,True,False,False,False,False,True,False,False,False,False,False,True,False,True
4.07,1.51,1,3.6,3.54,1,90.3,32.0,False,True,False,False,False,False,False,False,False,False,False,False,False,False,False,False,True,True,False
6.61,1.49,2,6.9,4.62,0,97.6,61.9,False,False,True,False,True,False,False,True,False,False,True,False,False,False,False,False,True,False,True
5.13,1.45,0,0.9,4.06,0,73.7,34.87,False,False,True,False,False,False,False,True,False,False,False,False,False,False,True,True,False,False,False
10.28,0.4,0,0.5,3.95,1,24.4,56.16,False,True,False,False,False,True,False,False,False,False,False,True,False,False,False,False,True,True,False
9.62,0.22,1,2.6,4.53,0,38.4,43.55,False,True,False,False,False,False,False,True,False,False,False,False,False,False,False,False,False,True,False
6.1,2.87,0,0.7,4.48,0,16.6,31.52,True,False,False,False,False,False,False,False,True,False,True,False,False,False,False,True,False,True,False
2.57,3.27,0,3.5,4.23,0,13.1,41.2,False,False,True,False,True,False,False,True,False,False,True,False,False,False,False,False,False,True,False
5.34,1.05,3,1.2,3.85,0,53.4,55.89,False,False,True,False,False,False,True,False,False,False,True,False,False,False,False,False,True,False,True
8.27,0.65,4,1.5,4.39,0,92.7,60.95,False,True,False,False,True,False,False,False,False,False,False,False,False,False,False,True,False,False,True
4.5,3.15,0,0.7,3.88,0,19.6,23.97,False,True,False,False,False,False,False,True,False,True,False,False,False,False,False,False,True,False,True
2.35,1.18,2,1.9,4.03,1,47.1,21.37,True,False,False,False,False,False,True,False,False,False,False,True,False,False,False,False,False,False,False
3.7,1.11,2,0.3,4.41,0,29.1,47.06,False,False,True,False,False,True,True,False,False,False,False,False,False,True,False,False,False,True,False
1.9,1.78,2,2.5,5.0,1,41.5,29.09,False,True,False,False,False,False,True,False,False,True,False,False,False,False,False,False,True,False,False
3.78,0.48,0,0.6,4.66,0,76.5,34.05,False,False,True,False,False,False,False,False,True,False,False,True,False,False,False,False,True,True,False
1.89,3.29,0,2.1,4.56,0,45.3,12.11,True,False,False,False,False,False,True,False,False,False,False,False,False,False,True,True,False,False,True
3.31,0.86,0,1.2,4.47,0,27.5,22.06,False,False,False,False,False,False,True,False,False,False,False,False,False,False,False,False,True,False,True
5.72,0.53,2,0.2,4.1,0,77.3,43.07,False,True,False,False,False,True,False,True,False,False,True,False,False,False,False,True,False,False,True
7.47,0.43,1,0.4,4.38,1,79.8,45.62,False,True,False,False,False,False,False,False,False,False,False,False,False,False,False,False,True,True,False
2.59,1.65,1,1.7,3.74,0,88.3,15.53,True,False,False,False,False,False,True,False,False,False,True,False,False,False,False,True,False,True,False
1.68,0.54,1,2.4,4.07,0,95.0,25.17,False,False,False,False,False,False,False,False,False,False,False,False,False,False,False,True,False,True,False
3.35,4.22,0,1.4,4.03,0,36.8,17.14,True,False,False,False,False,False,False,False,True,False,False,False,False,True,False,True,False,False,True
6.21,1.01,3,1.6,4.73,0,23.3,50.42,False,True,False,False,False,False,False,True,False,False,False,False,False,True,False,False,True,False,True
6.95,3.27,1,3.6,4.71,1,75.0,36.62,True,False,False,False,False,False,False,False,False,True,False,False,False,False,False,True,False,False,True
1.91,1.27,0,2.2,4.46,1,32.1,19.08,True,False,False,False,False,False,True,False,False,False,False,False,False,False,True,False,True,True,False
2.39,4.41,1,0.0,3.87,0,25.4,17.06,False,False,False,False,False,False,False,False,False,False,False,False,False,False,True,True,False,False,True
1.84,14.25,1,4.3,4.1,0,28.9,42.12,False,False,True,False,False,False,False,True,False,False,False,True,False,False,False,False,True,True,False
3.1,1.37,3,13.5,4.97,1,50.7,27.94,False,True,False,False,False,False,True,False,False,False,False,False,False,True,False,False,True,True,False
1.62,1.17,0,0.7,3.85,0,76.1,14.78,True,False,False,False,False,False,False,False,False,True,False,False,False,False,False,False,True,False,True
3.01,1.54,0,4.3,4.14,1,78.7,25.52,False,False,False,False,False,False,True,False,False,False,False,False,True,False,False,False,False,False,True
17.95,1.16,1,0.3,3.92,1,95.0,91.84,False,False,True,False,False,False,True,False,False,False,False,False,False,False,True,False,True,False,False
4.01,8.87,0,1.0,4.7,1,93.9,32.18,False,True,False,False,False,False,False,False,False,True,False,False,False,False,False,True,False,False,True
3.92,0.32,0,4.9,4.19,1,89.0,31.71,False,True,False,False,False,False,False,False,False,False,False,False,False,False,False,True,False,True,False
3.65,3.34,0,7.1,5.0,0,73.2,13.04,True,False,False,False,False,False,False,True,False,False,True,False,False,False,False,True,False,True,False
4.3,3.96,0,1.8,4.34,0,57.7,44.91,False,False,True,False,False,True,False,True,False,False,False,True,False,False,False,False,True,True,False
8.01,0.34,1,1.3,4.6,0,94.1,45.36,False,False,False,False,False,False,False,False,True,False,False,False,True,False,False,False,True,False,True
6.06,4.59,1,3.2,4.24,0,75.3,38.06,False,True,False,False,True,False,False,False,False,False,False,False,False,False,False,True,False,False,False
2.12,0.79,1,1.7,4.64,0,25.3,31.22,False,False,True,False,False,False,False,False,False,False,False,False,False,True,False,False,True,False,True
2.16,3.84,2,2.5,4.03,0,98.0,19.69,False,True,False,False,False,False,True,False,False,False,False,True,False,False,False,True,False,False,True
2.22,4.63,4,0.4,3.65,1,65.4,29.83,True,False,False,False,False,False,True,False,False,False,False,False,False,True,False,False,True,False,True
1.32,4.38,0,6.1,4.48,0,89.7,13.3,True,False,False,False,True,False,False,False,True,False,False,True,False,False,False,False,False,False,True
1.5,0.22,0,1.0,4.38,0,70.3,8.54,False,True,False,False,False,False,False,True,False,False,False,False,True,False,False,False,True,False,True
5.92,2.33,0,2.5,4.22,0,85.6,28.46,False,True,False,False,False,False,False,True,False,False,False,False,False,True,False,True,False,False,True
1.57,1.0,0,1.2,4.26,0,79.2,18.05,False,False,False,False,False,False,True,False,False,False,False,False,True,False,False,False,True,False,True
3.91,4.07,0,8.3,3.77,0,86.6,29.58,False,False,False,False,False,False,False,True,False,False,False,False,False,False,False,False,False,False,True
4.45,1.05,0,4.3,4.62,1,54.4,24.83,False,True,False,False,False,False,True,False,False,False,False,False,False,False,True,False,True,False,True
1.47,6.39,0,1.8,3.8,0,27.3,18.21,False,True,False,False,False,True,False,False,False,True,False,False,False,False,False,False,True,True,False
1.11,4.56,0,2.9,3.92,1,17.7,27.26,False,True,False,False,False,True,False,False,False,False,False,False,False,False,False,False,True,True,False
1.84,6.78,1,2.1,3.75,0,87.3,27.86,False,False,False,False,False,True,False,False,True,False,False,False,False,False,True,True,False,False,True
1.71,0.73,2,1.7,4.12,0,97.7,16.84,False,True,False,False,False,False,False,True,False,False,False,False,False,False,True,False,True,False,True
1.49,0.76,0,3.4,4.43,1,70.2,29.17,False,True,False,False,False,True,True,False,False,False,False,False,True,False,False,False,True,True,False
4.36,3.84,1,4.9,5.0,1,98.6,33.61,True,False,False,False,False,True,True,False,False,False,False,False,False,True,False,False,True,True,False
11.83,0.32,0,9.1,4.31,0,88.2,48.66,False,True,False,False,False,False,False,False,False,True,False,False,False,False,False,True,False,False,True
5.24,0.24,2,0.0,4.59,0,34.7,47.78,False,False,False,False,False,True,True,False,False,False,False,False,False,True,False,False,True,True,False
6.59,1.53,0,4.7,4.63,0,90.5,21.82,True,False,False,False,True,False,False,True,False,False,True,False,False,False,False,False,False,False,True
5.36,0.32,0,2.4,5.0,0,50.5,27.54,False,True,False,False,False,False,False,True,False,False,False,False,False,False,False,True,False,False,False
3.6,4.17,0,0.3,4.99,0,82.1,17.22,True,False,False,False,False,False,False,False,True,False,False,False,False,True,False,True,False,True,False
2.67,3.15,0,7.4,4.62,0,92.6,10.63,True,False,False,False,False,False,False,True,False,True,False,False,False,False,False,False,True,True,False
5.33,1.3,0,0.2,4.73,0,75.9,35.1,False,False,True,False,False,False,False,False,True,False,False,True,False,False,False,False,False,True,False
2.45,0.89,0,1.0,4.05,0,35.4,18.61,True,False,False,False,False,False,False,False,False,False,False,True,False,False,False,True,False,False,True
8.25,4.23,0,10.0,4.3,0,75.1,50.13,False,False,True,False,False,True,False,False,True,False,False,False,False,False,True,False,True,False,True
4.52,3.48,0,4.3,4.38,0,74.0,23.5,False,True,False,True,False,False,False,True,False,False,False,False,False,False,False,False,True,False,True
3.81,1.67,1,3.5,4.13,0,16.5,29.73,False,True,False,False,False,False,False,True,False,False,False,True,False,False,False,False,True,False,True
5.35,6.44,1,4.8,4.18,0,37.5,48.31,False,False,True,False,False,False,True,False,False,False,False,False,True,False,False,True,False,False,True
1.63,1.84,0,2.8,3.92,0,76.5,19.33,False,False,False,False,False,False,False,False,True,False,True,False,False,False,False,False,True,True,False
1.54,1.1,1,4.4,3.55,1,19.0,30.45,False,False,False,False,False,False,True,False,False,False,False,True,False,False,False,False,False,False,True
6.55,7.34,0,8.2,4.29,0,86.7,35.92,False,True,False,False,False,False,True,False,False,False,True,False,False,False,False,False,True,True,False
9.68,0.35,0,0.6,5.0,0,35.4,52.83,False,False,False,True,False,False,False,False,False,False,False,True,False,False,False,False,True,False,True
3.91,1.9,0,0.4,4.23,1,37.0,33.9,True,False,False,False,True,False,True,False,False,True,False,False,False,False,False,False,True,True,False
1.59,2.83,2,2.9,4.51,0,90.9,10.88,True,False,False,False,False,False,False,True,False,False,True,False,False,False,False,False,True,True,False
6.78,2.77,2,5.2,3.96,0,20.5,49.84,False,True,False,False,False,True,True,False,False,False,False,False,False,False,False,False,True,False,True
2.29,1.49,2,0.7,3.79,0,78.1,26.4,True,False,False,True,False,False,True,False,False,False,True,False,False,False,False,False,True,False,True
4.31,3.79,1,2.9,4.17,1,13.2,34.51,False,True,False,False,True,False,False,False,False,False,False,False,False,True,False,True,False,True,False
2.91,1.51,0,0.7,3.46,0,34.6,20.73,True,False,False,False,False,True,False,False,True,False,False,False,False,True,False,False,True,False,False
6.72,5.6,0,2.1,4.15,0,65.3,38.47,False,False,True,False,False,False,False,True,False,False,False,False,False,True,False,False,False,False,True
4.06,0.21,2,7.1,4.72,0,39.3,45.61,False,False,True,False,False,True,False,False,True,False,True,False,False,False,False,False,True,False,True
5.87,0.24,1,3.6,4.1,1,44.3,37.51,False,True,False,False,False,False,True,False,False,False,False,False,False,True,False,True,False,True,False
8.42,3.57,2,1.1,4.03,0,85.6,50.09,False,True,False,False,False,False,False,False,True,False,False,False,False,False,True,False,True,False,False
2.54,0.84,1,1.3,4.45,1,47.8,34.85,False,True,False,False,True,False,True,False,False,False,True,False,False,False,False,False,True,False,True
3.0,5.47,0,4.7,4.64,0,17.4,20.0,True,False,False,False,False,False,False,False,False,False,False,True,False,False,False,True,False,False,False
4.15,0.62,0,5.0,4.59,1,92.6,31.39,True,False,False,True,False,False,False,False,False,True,False,False,False,False,False,False,True,True,False
3.34,0.46,3,2.7,4.57,0,19.0,26.36,True,False,False,False,False,False,True,False,False,False,False,False,False,False,True,True,False,False,True
2.0,0.46,0,0.7,4.65,0,94.6,21.33,False,False,False,False,False,False,False,False,False,False,True,False,False,False,False,False,False,True,False
9.98,1.67,0,3.5,3.79,1,94.2,50.81,False,False,False,False,False,False,False,False,False,False,False,False,False,False,True,False,True,True,False
5.64,5.13,0,2.7,4.41,0,82.2,29.23,False,False,False,False,False,False,True,False,False,False,False,True,False,False,False,True,False,False,False
4.58,1.63,0,2.0,4.46,1,20.0,30.28,True,False,False,False,False,False,False,False,False,True,False,False,False,False,False,False,True,False,True
3.34,3.19,0,0.0,3.97,0,79.3,31.14,False,False,False,False,False,False,False,True,False,False,False,False,False,False,False,False,True,True,False
5.84,1.26,1,3.1,4.3,0,66.3,27.77,False,True,False,False,False,False,False,False,False,True,False,False,False,False,False,True,False,False,False
1.67,2.89,1,1.6,4.78,0,82.7,26.83,False,False,False,False,False,False,False,False,True,False,False,False,False,False,True,False,True,False,True
1.49,0.82,0,9.6,4.3,0,46.2,10.04,True,False,False,False,False,True,False,True,False,False,True,False,False,False,False,False,False,False,False
2.14,2.86,0,1.9,3.75,1,50.1,35.83,False,False,True,False,False,False,False,False,False,False,False,False,False,False,False,True,False,True,False
5.7,1.46,0,1.5,3.97,0,63.9,39.45,False,True,False,False,False,False,False,False,True,True,False,False,False,False,False,False,True,False,False
6.44,8.33,2,1.5,4.83,0,69.5,38.19,True,False,False,False,False,False,False,False,True,False,False,True,False,False,False,False,True,True,False
2.41,0.25,0,1.3,4.52,0,57.6,18.06,True,False,False,True,False,False,False,False,True,False,False,True,False,False,False,True,False,False,False
2.96,1.4,2,1.3,4.91,0,15.5,28.39,False,True,False,False,False,False,False,False,False,False,False,False,True,False,False,False,True,False,True
1.69,2.42,0,0.5,4.21,0,57.2,23.02,False,False,False,False,False,False,False,True,False,False,False,False,True,False,False,True,False,True,False
5.55,2.84,0,1.2,4.5,0,28.2,24.62,False,True,False,False,False,False,False,False,True,False,False,True,False,False,False,False,False,True,False
9.76,0.96,1,2.0,3.68,0,68.0,54.99,False,False,True,False,False,False,True,False,False,False,False,False,False,True,False,False,True,False,True
3.54,5.67,0,9.6,5.0,0,30.8,19.07,False,False,False,False,False,False,False,True,False,False,False,False,True,False,False,True,False,True,False
4.69,0.37,0,1.2,4.05,0,13.5,42.38,False,False,True,False,False,False,False,False,True,False,False,False,True,False,False,False,True,True,False
3.74,0.53,1,2.7,4.56,1,18.2,37.4,False,False,False,True,False,False,True,False,False,False,False,False,True,False,False,True,False,True,False
3.98,2.3,1,1.1,4.11,1,35.2,29.37,True,False,False,False,False,False,False,False,False,False,False,True,False,False,False,False,True,True,False
2.7,3.71,2,0.5,5.0,0,72.6,24.64,False,True,False,False,False,False,False,False,False,False,False,True,False,False,False,False,True,False,True
1.51,3.07,1,3.0,5.0,0,74.7,22.4,False,True,False,False,False,True,False,True,False,False,False,True,False,False,False,False,True,True,False
1.63,0.62,1,3.5,4.85,1,26.6,22.67,False,True,False,False,True,False,False,False,False,False,False,False,True,False,False,False,True,False,True
5.04,0.74,0,0.6,3.8,1,36.3,23.72,True,False,False,False,False,False,True,False,False,False,False,False,False,True,False,True,False,True,False
4.53,0.75,0,0.2,4.53,1,15.7,29.83,False,False,False,False,False,False,False,False,False,False,True,False,False,False,False,False,True,True,False
1.31,1.64,1,0.7,5.0,0,30.7,19.92,False,False,False,False,False,False,False,True,False,False,False,False,False,False,True,False,True,False,True
3.09,0.44,1,1.7,4.37,0,84.6,27.23,False,True,False,False,False,True,False,False,True,False,False,False,False,False,True,True,False,False,False
2.35,0.66,0,0.5,4.43,1,42.1,22.83,False,True,False,False,False,False,False,False,False,False,False,False,True,False,False,False,True,False,True
7.18,3.47,2,0.7,4.23,1,32.0,64.98,False,False,True,False,True,False,False,False,False,False,True,False,False,False,False,True,False,False,True
2.16,3.01,0,7.7,3.65,0,85.1,16.76,True,False,False,True,False,False,False,False,False,False,False,False,False,False,True,False,True,False,True
2.58,1.72,0,2.6,4.5,0,80.6,40.08,False,False,True,False,True,False,True,False,False,False,False,True,False,False,False,False,True,True,False
3.4,1.67,0,1.1,4.24,0,72.8,37.51,False,False,True,True,False,False,False,False,True,False,False,False,False,False,True,False,True,False,True
6.03,2.06,1,0.2,4.44,1,94.9,40.05,False,True,False,False,False,False,True,False,False,False,True,False,False,False,False,True,False,False,True
5.21,3.56,0,4.6,3.78,0,95.6,34.14,False,False,False,False,False,False,False,True,False,False,False,True,False,False,False,False,True,False,True
0.74,2.08,0,5.9,3.82,0,27.7,16.35,False,False,False,False,False,False,False,True,False,True,False,False,False,False,False,False,True,True,False
6.59,0.63,0,1.4,4.39,0,58.4,33.84,False,False,False,False,False,False,False,True,False,False,False,False,False,True,False,False,True,True,False
3.16,0.32,0,3.6,4.43,0,63.8,27.82,False,True,False,False,True,False,False,True,False,False,False,False,False,False,True,True,False,False,True
0.76,2.87,0,0.4,4.99,0,99.3,15.56,True,False,False,False,False,True,False,False,False,True,False,False,False,False,False,True,False,False,True
0.75,3.23,2,6.0,3.65,1,75.0,15.07,True,False,False,False,False,False,True,False,False,False,False,False,False,True,False,False,False,True,False
5.4,0.61,1,1.5,3.96,0,83.1,27.63,True,False,False,True,False,False,False,True,False,False,True,False,False,False,False,False,True,False,True
7.49,1.9,1,0.1,4.41,0,32.6,37.64,False,True,False,False,False,False,True,False,False,False,False,False,False,True,False,False,True,False,True
3.1,0.75,1,1.9,5.0,0,48.1,31.35,False,True,False,False,False,False,False,True,False,False,False,False,False,False,False,False,True,True,False
2.93,6.01,0,2.1,3.91,0,32.7,10.81,False,True,False,False,False,False,False,False,True,False,True,False,False,False,False,False,False,False,True
3.5,8.63,0,2.2,4.18,0,73.1,20.21,False,True,False,False,False,False,False,False,True,False,False,False,True,False,False,True,False,False,True
2.92,1.22,0,1.2,4.63,1,99.1,28.58,False,True,False,True,False,False,False,False,False,False,False,True,False,False,False,True,False,False,True
9.36,0.7,0,3.2,4.76,0,25.5,34.85,True,False,False,False,False,False,False,True,False,False,False,False,True,False,False,False,True,True,False
2.17,0.24,1,0.6,3.26,0,59.8,15.3,True,False,False,True,False,False,False,False,False,False,False,False,False,False,False,True,False,False,False
4.49,0.7,0,0.1,4.37,1,91.3,33.23,False,False,False,False,False,False,True,False,False,False,True,False,False,False,False,True,False,False,True
2.42,1.14,1,0.3,4.24,1,11.3,44.82,False,False,False,False,True,False,False,False,False,False,False,True,False,False,False,False,True,True,False
2.22,1.51,0,0.8,4.42,0,38.9,19.14,True,False,False,False,True,False,False,False,False,False,False,False,True,False,False,False,True,False,True
4.55,1.34,0,0.1,4.86,1,38.4,31.07,False,True,False,False,False,False,False,False,False,False,False,False,False,True,False,False,True,False,True
2.41,0.41,0,5.1,4.44,0,71.1,27.12,False,False,False,False,False,False,False,True,False,False,False,False,True,False,False,False,True,False,True
2.01,5.26,1,1.4,4.09,1,25.6,24.55,False,True,False,False,False,False,False,False,False,False,False,True,False,False,False,False,False,False,True
12.71,2.5,0,2.0,5.0,0,84.9,55.72,True,False,False,False,False,False,False,True,False,True,False,False,False,False,False,False,True,False,True
1.31,0.93,0,3.7,3.97,1,22.7,27.61,False,False,False,False,False,False,False,False,False,False,False,False,True,False,False,True,False,True,False
1.91,6.47,0,2.9,3.98,1,42.5,31.91,False,False,True,False,False,False,False,False,False,True,False,False,False,False,False,False,True,False,True
3.39,1.06,0,3.8,4.58,0,54.4,22.94,False,False,False,False,False,True,False,False,True,True,False,False,False,False,False,True,False,True,False
1.67,1.98,0,1.2,4.2,0,87.3,16.85,False,True,False,False,False,False,False,False,False,True,False,False,False,False,False,True,False,False,True
4.93,1.4,2,2.5,4.31,0,68.2,43.09,False,False,False,False,False,True,False,False,True,False,False,True,False,False,False,False,True,True,False
1.36,0.81,0,10.5,3.4,0,13.1,7.13,True,False,False,False,False,False,False,True,False,False,True,False,False,False,False,True,False,True,False
3.72,2.19,0,3.4,4.12,0,83.4,20.15,False,False,False,False,False,False,False,False,True,False,False,True,False,False,False,True,False,False,True
4.8,3.09,3,2.5,3.88,1,37.4,33.08,True,False,False,False,False,False,True,False,False,True,False,False,False,False,False,True,False,True,False
4.37,3.99,0,1.7,4.9,1,65.1,37.91,False,False,False,False,True,False,True,False,False,False,False,False,True,False,False,True,False,False,False
4.85,4.29,0,0.9,4.33,1,96.2,36.82,False,True,False,True,False,False,False,False,False,False,False,False,False,False,False,False,False,False,True
6.38,2.33,0,1.2,4.15,1,77.2,36.08,False,True,False,False,False,False,False,False,False,False,False,True,False,False,False,True,False,False,True
8.7,1.0,0,4.0,4.35,0,68.8,38.54,False,False,False,False,False,False,False,True,False,False,True,False,False,False,False,False,True,False,True
4.28,3.75,0,0.8,4.34,0,80.7,33.67,False,False,True,False,False,False,False,False,True,True,False,False,False,False,False,True,False,False,False
3.54,0.75,0,11.6,4.8,0,71.1,27.34,False,False,True,False,False,True,False,False,False,False,False,True,False,False,False,False,True,True,False
8.9,0.75,2,5.9,4.04,0,61.1,41.35,False,True,False,False,False,False,False,False,False,True,False,False,False,False,False,False,False,True,False
9.61,1.24,0,3.3,4.45,0,83.9,44.94,False,True,False,False,False,True,False,False,False,False,False,False,False,False,False,True,False,False,True
6.93,3.04,1,1.1,4.09,1,17.3,45.32,False,True,False,False,False,False,False,False,False,False,True,False,False,False,False,False,True,True,False
6.17,0.48,0,2.0,4.39,0,77.2,31.58,False,True,False,False,False,False,False,False,False,False,False,False,False,True,False,False,False,True,False
2.06,3.27,3,2.2,4.28,1,22.8,30.88,True,False,False,False,False,True,False,False,False,False,False,False,False,True,False,True,False,False,False
1.99,1.14,0,4.4,5.0,0,85.0,27.63,False,False,False,True,False,False,False,False,False,False,False,False,False,False,True,False,True,True,False
5.71,4.08,0,0.6,4.49,0,94.6,28.71,False,False,False,False,False,False,False,False,False,False,False,False,False,False,False,False,False,False,False
4.3,1.01,0,8.6,4.34,0,82.5,19.16,True,False,False,True,False,False,False,True,False,False,False,False,True,False,False,False,False,False,False
3.43,1.32,1,4.5,4.77,1,71.5,27.63,False,True,False,False,False,False,True,False,False,False,True,False,False,False,False,True,False,False,True
7.69,0.22,0,0.3,3.72,0,47.4,42.29,True,False,False,False,True,False,False,True,False,False,False,False,False,False,False,True,False,False,True
2.61,2.79,0,1.8,4.74,0,14.2,32.97,False,False,False,False,False,True,False,True,False,False,False,False,False,False,False,False,False,False,False
1.92,1.5,0,3.6,3.45,0,75.0,12.21,True,False,False,False,False,False,False,True,False,False,False,False,False,False,False,False,True,True,False
1.16,0.84,2,1.0,4.56,1,82.7,21.72,True,False,False,False,False,False,True,False,False,False,False,False,True,False,False,False,True,False,True
1.35,0.3,1,4.8,4.3,0,49.2,15.12,True,False,False,False,False,False,True,False,False,False,False,False,False,False,False,False,True,False,True
5.91,6.93,1,1.3,3.58,1,28.2,40.3,True,False,False,False,False,False,True,False,False,False,False,False,False,False,False,False,True,True,False
4.51,2.8,0,0.4,4.52,0,50.8,32.38,False,False,False,True,False,False,False,False,False,True,False,False,False,False,False,True,False,True,False
10.22,2.34,1,0.8,4.65,1,83.7,48.11,True,False,False,False,False,False,True,False,False,False,False,False,True,False,False,False,True,False,True
4.31,0.45,0,3.3,4.3,0,22.9,34.01,False,False,True,False,False,True,True,False,False,False,False,True,False,False,False,True,False,False,True
6.84,5.52,1,1.6,4.67,0,43.2,36.41,True,False,False,False,False,False,False,True,False,False,False,False,False,False,True,True,False,True,False
1.45,1.9,0,0.2,4.48,0,98.9,22.14,False,False,True,False,False,False,False,True,False,False,False,False,False,True,False,False,False,False,True
6.93,3.04,0,4.9,4.48,0,18.0,36.99,False,False,False,False,False,False,False,False,False,False,False,True,False,False,False,True,False,False,True
2.56,1.36,0,2.7,4.54,1,82.3,31.96,False,False,False,False,False,False,False,False,False,True,False,False,False,False,False,False,True,False,True
1.52,0.45,0,2.1,4.55,0,11.6,19.22,True,False,False,False,False,True,False,False,True,True,False,False,False,False,False,False,True,False,False
7.86,4.04,0,0.3,3.8,0,62.9,55.32,False,False,True,False,True,False,False,True,False,False,False,False,False,False,True,True,False,True,False
7.14,1.26,0,0.7,4.04,0,59.4,44.49,False,False,False,False,True,False,False,False,False,False,False,False,False,False,True,True,False,False,True
7.92,0.22,0,3.9,4.03,0,37.3,37.2,False,True,False,True,False,False,True,False,False,False,False,False,False,False,True,False,True,True,False
5.62,0.74,1,5.7,3.79,0,33.6,32.34,True,False,False,False,False,False,True,False,False,False,True,False,False,False,False,False,True,False,True
3.79,0.31,2,0.9,3.91,1,80.8,50.44,False,False,False,False,False,True,False,False,False,False,False,False,False,False,True,True,False,False,False
1.49,1.47,0,1.3,3.59,1,54.1,22.58,False,False,False,False,False,False,True,False,False,False,False,True,False,False,False,False,True,True,False
3.75,1.74,1,3.7,4.06,0,82.0,40.37,False,False,True,False,False,True,False,True,False,False,False,False,True,False,False,False,True,False,False
2.62,1.44,0,10.1,3.55,1,46.1,26.76,False,True,False,True,False,False,False,False,False,False,False,False,True,False,False,False,True,False,True
3.13,0.7,0,0.5,4.93,1,33.2,30.93,False,False,False,False,False,False,True,False,False,True,False,False,False,False,False,True,False,False,True
6.42,3.63,0,5.1,4.69,1,32.1,34.81,True,False,False,False,False,False,True,False,False,True,False,False,False,False,False,True,False,False,True
5.5,1.41,1,0.1,4.37,0,24.8,33.54,False,True,False,False,False,True,True,False,False,False,False,True,False,False,False,False,False,True,False
5.22,1.94,1,1.9,4.52,0,15.7,41.3,False,False,False,False,False,False,False,False,True,False,True,False,False,False,False,False,True,False,False
4.55,1.11,0,5.3,4.92,1,83.8,23.73,True,False,False,False,False,False,True,False,False,False,True,False,False,False,False,False,True,False,True
7.37,0.31,3,1.3,3.73,0,76.1,56.49,False,True,False,False,True,False,False,False,True,False,False,False,False,True,False,False,True,False,True
2.38,0.32,1,0.5,4.66,0,21.0,16.76,False,True,False,False,False,False,False,False,False,False,False,False,False,False,True,True,False,False,True
2.9,1.21,0,2.6,4.5,0,21.8,20.98,True,False,False,False,False,False,False,False,True,False,False,False,True,False,False,False,True,True,False
1.12,0.38,0,5.3,5.0,1,53.1,25.08,True,False,False,False,True,False,True,False,False,False,False,False,False,True,False,False,True,False,True
5.76,3.26,0,2.8,4.32,0,24.8,32.34,False,True,False,False,False,False,False,True,False,False,False,False,True,False,False,False,True,False,True
3.89,0.61,0,1.0,4.08,1,31.9,29.31,False,True,False,False,False,False,True,False,False,False,False,False,True,False,False,True,False,False,True
4.38,12.7,1,0.6,4.42,0,96.2,37.06,False,False,False,False,False,False,False,False,True,False,False,False,False,False,False,False,True,True,False
3.64,1.78,1,2.7,4.32,1,73.1,31.69,True,False,False,False,False,True,False,False,False,False,False,False,False,False,False,True,False,False,True
2.57,1.88,0,0.2,3.94,1,10.2,27.6,False,False,False,False,False,False,True,False,False,False,False,False,False,True,False,False,True,False,True
3.74,0.51,0,0.2,4.14,1,46.6,27.97,True,False,False,False,True,False,True,False,False,False,False,False,False,False,False,False,True,False,True
2.38,0.37,0,5.0,4.49,1,28.4,19.23,True,False,False,False,False,False,True,False,False,False,False,False,False,False,False,False,True,True,False
2.83,1.23,0,2.6,3.83,0,71.3,12.91,True,False,False,False,False,False,False,False,False,False,False,False,True,False,False,False,True,False,True
4.11,0.35,1,1.6,4.85,0,46.1,37.04,False,False,False,False,False,False,False,True,False,False,False,True,False,False,False,False,True,False,True
4.74,2.28,0,0.9,3.93,0,55.6,42.07,False,False,True,False,False,False,False,True,False,True,False,False,False,False,False,True,False,False,True
4.78,1.14,2,2.5,4.89,1,92.4,48.19,False,False,False,False,False,True,False,False,False,False,False,True,False,False,False,False,True,True,False
2.82,5.26,0,2.3,3.88,0,77.3,14.9,False,True,False,False,False,False,False,True,False,False,False,False,False,False,False,True,False,True,False
5.59,1.11,1,2.7,4.37,1,30.5,35.96,True,False,False,False,False,False,True,False,False,False,False,False,False,False,True,False,True,True,False
1.36,1.3,0,0.3,4.92,0,83.6,14.05,False,False,False,False,False,False,True,False,False,False,False,True,False,False,False,False,True,False,False
6.73,0.32,0,3.1,4.93,0,77.3,26.59,False,True,False,False,False,False,True,False,False,False,False,True,False,False,False,True,False,False,False
5.74,1.98,0,5.5,4.62,0,68.5,43.52,False,False,True,False,False,False,True,False,False,False,False,False,False,True,False,True,False,False,True
7.01,4.79,1,0.3,4.33,1,79.1,42.23,False,True,False,False,False,False,False,False,False,True,False,False,False,False,False,False,True,True,False
4.48,0.93,0,2.4,4.33,0,33.2,34.56,False,False,False,False,True,False,False,False,True,False,True,False,False,False,False,False,True,False,True
2.87,3.36,1,1.1,4.3,0,30.1,18.58,True,False,False,False,False,False,False,False,False,True,False,False,False,False,False,False,False,False,True
3.05,0.32,1,3.7,4.7,0,48.6,16.34,True,False,False,False,False,False,False,True,False,False,False,True,False,False,False,True,False,False,True
6.12,3.12,0,0.7,4.12,0,46.5,54.98,False,False,True,False,False,True,False,True,False,True,False,False,False,False,False,False,True,True,False
5.58,5.02,0,5.8,5.0,0,70.5,20.93,True,False,False,False,False,False,False,True,False,False,False,True,False,False,False,True,False,False,True
2.17,1.05,0,0.9,4.16,0,66.8,9.46,True,False,False,False,False,False,False,False,False,False,True,False,False,False,False,True,False,True,False
4.66,1.98,0,1.9,3.79,0,12.0,33.1,True,False,False,False,True,False,False,False,True,False,False,True,False,False,False,False,True,True,False
4.0,2.15,0,5.4,4.13,1,69.0,35.45,False,True,False,False,False,True,True,False,False,True,False,False,False,False,False,False,True,False,True
7.08,0.79,1,1.0,4.56,1,43.1,50.41,False,False,False,False,False,False,False,False,False,False,False,False,False,False,True,False,True,False,True
2.33,3.84,0,1.7,4.49,0,83.2,19.59,False,False,False,False,False,False,False,True,False,False,False,True,False,False,False,False,True,True,False
10.62,6.14,1,0.8,3.65,0,29.6,55.73,False,True,False,False,False,False,False,False,True,False,False,False,False,False,True,False,True,True,False
7.62,4.0,0,3.7,4.15,1,46.8,35.25,True,False,False,False,False,False,False,False,False,True,False,False,False,False,False,True,False,True,False
4.94,10.59,0,1.3,4.15,0,29.6,40.32,False,False,False,False,False,True,False,False,False,False,False,False,True,False,False,True,False,True,False
2.58,3.47,0,4.1,4.2,0,20.5,19.93,False,True,False,False,False,False,False,True,False,False,False,False,False,False,True,False,False,False,True
1.59,1.85,1,0.7,4.12,0,83.2,12.71,True,False,False,False,False,True,False,True,False,False,False,False,False,False,True,False,True,True,False
1.97,1.82,1,1.9,4.88,1,99.2,26.04,False,True,False,False,False,False,False,False,False,False,False,True,False,False,False,False,True,False,True
9.78,0.22,1,0.4,4.28,0,96.4,46.06,False,False,False,False,False,False,False,False,False,False,False,False,False,True,False,False,False,False,True
4.5,2.59,0,0.8,3.7,0,53.0,36.99,False,True,False,False,True,False,True,False,False,False,True,False,False,False,False,True,False,True,False
1.42,0.25,0,0.6,4.66,0,49.5,19.17,False,True,False,True,False,False,False,False,False,False,False,False,False,False,True,True,False,False,True
6.11,1.19,1,1.4,4.6,0,99.0,38.21,True,False,False,False,False,True,False,False,False,False,True,False,False,False,False,False,True,False,False
4.14,0.29,0,0.4,4.35,0,84.2,23.22,True,False,False,False,False,False,False,False,False,False,False,False,False,False,False,False,True,True,False
3.13,2.99,1,2.6,4.02,1,69.4,37.12,False,True,False,False,False,True,True,False,False,False,False,False,False,True,False,False,True,False,True
5.9,2.77,0,5.9,4.67,1,98.2,44.26,False,False,True,False,False,False,False,False,False,False,False,True,False,False,False,False,True,False,True
5.79,2.37,0,5.4,3.97,0,33.7,28.13,False,True,False,False,False,False,False,False,False,False,False,False,False,False,False,False,True,False,True
5.56,1.17,1,4.3,4.3,1,23.8,30.39,True,False,False,False,False,False,False,False,False,False,False,False,False,True,False,True,False,True,False
5.24,1.86,0,0.2,3.59,1,80.9,40.4,False,True,False,False,False,False,True,False,False,False,False,False,False,False,False,False,True,True,False
2.99,3.12,0,1.4,5.0,0,48.6,17.5,False,True,False,False,False,False,True,False,False,False,False,True,False,False,False,False,True,False,True
2.35,0.35,1,0.9,3.92,0,80.6,25.9,False,True,False,False,False,False,True,False,False,False,False,True,False,False,False,False,True,False,False
7.35,2.64,0,4.0,4.35,0,40.2,42.72,False,False,True,False,False,False,False,False,True,False,False,False,False,False,True,True,False,True,False
3.15,2.28,1,1.6,4.93,0,37.0,25.94,False,True,False,False,False,False,False,True,False,False,False,False,True,False,False,False,True,True,False
3.0,0.51,1,7.8,4.44,1,63.0,31.79,False,False,True,False,False,False,False,False,False,False,True,False,False,False,False,False,False,True,False
2.8,1.67,1,1.2,4.82,0,99.8,18.94,True,False,False,False,False,False,False,True,False,False,False,False,False,False,True,False,True,False,True
1.45,0.22,0,5.3,4.15,1,31.1,11.65,True,False,False,False,False,False,True,False,False,False,False,False,False,True,False,False,True,False,True
2.5,5.66,1,3.1,3.5,0,58.7,23.41,True,False,False,True,False,False,False,True,False,False,False,False,True,False,False,True,False,False,True
1.19,5.85,1,4.7,5.0,1,68.0,16.92,False,True,False,False,False,False,False,False,False,False,False,False,True,False,False,False,True,False,True
3.3,1.0,0,5.9,4.31,0,55.0,26.94,True,False,False,False,True,False,False,True,False,False,False,False,False,False,True,False,False,True,False
7.81,3.01,0,1.2,4.88,0,57.0,35.58,False,True,False,False,False,False,True,False,False,True,False,False,False,False,False,False,False,False,True
1.12,1.18,0,2.8,3.46,1,37.7,9.07,True,False,False,False,False,False,True,False,False,False,False,False,False,False,False,False,True,False,True
3.52,0.42,0,9.5,5.0,0,88.0,28.89,False,False,False,False,False,True,False,True,False,False,False,False,False,False,True,True,False,False,True
5.93,0.8,0,1.8,4.12,0,19.0,40.8,False,False,True,False,False,False,True,False,False,False,False,False,True,False,False,True,False,True,False
2.01,1.0,1,3.9,4.56,1,29.4,27.76,False,True,False,False,False,True,False,False,False,True,False,False,False,False,False,True,False,True,False
8.11,1.65,1,1.5,4.63,0,72.3,35.17,True,False,False,False,False,False,True,False,False,False,False,False,False,True,False,False,True,False,True
3.14,3.77,0,3.7,3.66,0,15.3,25.46,True,False,False,False,False,True,False,False,False,False,False,False,False,True,False,False,False,True,False
5.29,3.16,0,5.6,4.58,1,70.6,52.01,False,False,True,False,False,False,False,False,False,True,False,False,False,False,False,False,True,True,False
1.77,1.16,0,6.5,3.68,1,88.6,19.5,False,True,False,False,False,False,False,False,False,False,False,False,True,False,False,False,True,False,True
2.07,4.77,0,0.1,3.23,1,35.4,19.65,False,True,False,False,False,False,True,False,False,False,False,False,False,False,True,False,True,False,True
2.51,1.75,0,0.9,3.83,0,65.0,14.87,False,True,False,False,False,False,True,False,False,False,False,False,False,False,True,True,False,True,False
2.74,0.75,1,2.1,4.43,1,93.8,29.21,False,True,False,False,True,False,False,False,False,False,False,False,False,False,False,False,False,False,True
6.03,0.82,0,9.9,4.15,1,28.7,44.23,False,False,False,False,True,False,False,False,False,False,False,False,True,False,False,False,True,False,True
4.11,0.39,2,0.5,4.64,1,51.2,41.89,False,True,False,False,True,False,True,False,False,False,False,True,False,False,False,False,True,True,False
4.17,0.84,1,4.5,4.45,0,64.5,27.82,False,False,False,False,False,False,False,False,True,False,False,False,False,True,False,True,False,False,True
0.96,0.28,0,1.9,3.78,0,44.9,18.95,False,True,False,False,False,True,False,False,True,False,False,False,False,False,True,True,False,False,True
7.18,0.89,3,2.7,4.26,0,77.9,51.65,False,False,False,False,False,False,True,False,False,False,False,False,True,False,False,True,False,True,False
1.25,0.31,0,0.2,4.49,0,97.6,7.1,True,False,False,False,False,False,False,True,False,False,False,False,True,False,False,True,False,False,True
2.39,2.72,0,0.4,4.41,0,32.5,10.4,True,False,False,False,False,False,False,True,False,True,False,False,False,False,False,True,False,False,True
2.28,1.26,1,2.6,4.58,0,24.9,22.77,False,True,False,False,False,False,True,False,False,False,False,False,False,False,False,False,True,True,False
3.4,1.85,1,1.6,4.58,0,49.5,21.07,True,False,False,True,False,False,False,False,False,False,False,False,False,False,False,False,True,True,False
6.76,3.64,1,0.3,4.32,0,76.4,32.71,False,True,False,False,False,True,False,False,True,False,False,False,True,False,False,False,False,True,False
10.58,0.76,0,0.3,3.72,0,73.1,38.47,True,False,False,False,False,False,True,False,False,False,False,True,False,False,False,True,False,True,False
2.34,2.17,1,1.2,4.23,1,59.8,39.08,False,False,False,False,False,False,False,False,False,False,False,False,False,False,True,False,True,True,False
7.65,0.88,0,6.5,4.02,0,95.7,38.51,True,False,False,False,True,False,False,False,True,False,False,False,True,False,False,False,True,True,False
4.8,1.69,0,0.8,3.72,1,52.9,24.69,False,True,False,False,False,False,False,False,False,False,False,False,False,False,True,False,False,True,False
0.75,1.82,0,6.1,4.25,0,83.2,18.71,False,True,False,False,False,True,False,True,False,False,False,False,False,False,True,False,True,True,False
8.37,4.32,1,0.4,4.22,0,30.4,39.0,False,True,False,False,False,False,False,True,False,False,False,True,False,False,False,True,False,True,False
5.97,4.4,1,0.6,4.13,0,81.6,30.31,False,True,False,False,False,False,False,True,False,False,False,True,False,False,False,True,False,False,True
1.37,1.1,1,1.4,4.74,0,62.5,24.45,False,False,False,True,False,False,False,False,True,True,False,False,False,False,False,False,False,False,True
5.44,2.75,0,0.8,4.35,0,23.1,39.1,False,False,False,True,False,False,False,True,False,False,False,False,False,True,False,False,True,False,True
4.15,2.31,0,1.7,4.37,0,62.3,39.62,False,False,True,False,False,True,True,False,False,True,False,False,False,False,False,True,False,False,True
3.93,0.37,2,3.7,4.47,0,18.0,34.43,False,True,False,False,False,False,True,False,False,False,False,False,False,True,False,False,True,False,False
2.14,1.43,0,0.5,4.55,1,16.5,19.3,True,False,False,False,False,False,False,False,False,False,False,False,False,False,True,False,True,False,False
0.7,0.52,1,1.1,3.77,0,19.8,12.6,True,False,False,False,False,False,False,False,True,False,False,False,False,False,True,False,True,False,True
9.83,2.63,2,0.4,4.24,0,40.6,57.17,False,False,False,False,False,True,False,False,False,False,False,True,False,False,False,True,False,False,True
1.76,0.24,0,2.1,4.37,0,88.2,19.27,False,True,False,False,False,True,True,False,False,False,False,False,True,False,False,True,False,True,False
10.99,6.62,0,3.3,4.81,1,77.7,54.62,False,False,False,False,False,False,False,False,False,False,False,True,False,False,False,True,False,False,True
6.18,1.91,0,6.1,4.33,0,88.1,40.32,True,False,False,False,True,False,False,False,True,False,False,False,True,False,False,False,True,True,False
1.4,5.17,2,4.9,4.2,0,77.3,22.61,False,True,False,False,False,False,True,False,False,False,False,True,False,False,False,False,True,True,False
2.5,5.36,1,2.6,4.17,1,40.0,34.02,False,True,False,False,False,True,True,False,False,True,False,False,False,False,False,False,True,False,True
4.16,2.13,0,0.1,4.64,1,67.9,27.32,True,False,False,False,False,False,False,False,False,False,True,False,False,False,False,True,False,False,True
4.02,1.1,2,2.3,4.04,0,40.7,42.12,False,False,False,True,False,False,False,False,True,True,False,False,False,False,False,False,True,False,False
3.55,1.83,0,4.5,3.75,0,28.6,30.44,False,False,False,False,False,False,False,False,False,False,False,False,False,True,False,False,True,False,True
1.15,8.04,1,2.1,4.87,0,43.1,14.72,True,False,False,False,False,True,True,False,False,True,False,False,False,False,False,False,True,True,False
3.2,1.31,2,3.1,3.54,1,31.6,46.36,False,False,False,False,False,False,False,False,False,False,False,False,False,False,False,False,True,False,True
5.79,0.26,0,3.5,4.69,0,90.5,28.49,False,False,False,False,False,False,False,True,False,False,False,False,False,True,False,False,False,False,True
4.41,0.51,0,2.9,4.22,1,92.6,29.15,False,True,False,False,False,False,True,False,False,False,False,False,False,False,False,True,False,True,False
1.71,0.26,0,0.5,4.67,0,55.0,23.7,False,True,False,False,True,False,False,True,False,False,False,True,False,False,False,False,True,False,False
8.97,5.49,0,1.6,4.43,1,44.7,43.87,False,True,False,False,False,False,True,False,False,False,False,True,False,False,False,True,False,False,True
5.81,2.26,0,2.7,4.33,1,73.7,35.86,False,False,False,False,False,False,True,False,False,False,True,False,False,False,False,True,False,False,True
4.33,3.32,0,4.0,4.36,0,39.6,28.19,False,False,False,False,False,True,True,False,False,False,True,False,False,False,False,True,False,False,True
5.49,5.74,2,1.0,5.0,0,57.2,39.36,True,False,False,False,False,True,False,True,False,False,True,False,False,False,False,False,True,True,False
3.72,2.31,3,12.6,4.36,1,29.4,27.23,True,False,False,False,False,False,False,False,False,False,False,True,False,False,False,True,False,False,True
2.56,2.9,0,2.4,4.01,0,54.8,16.52,False,False,False,False,False,False,True,False,False,False,False,False,False,False,True,False,False,False,True
5.23,1.39,1,0.0,4.05,0,87.4,27.28,False,True,False,False,False,False,True,False,False,False,False,False,False,True,False,True,False,False,True
1.86,0.7,1,2.2,4.15,0,89.5,32.94,False,False,False,False,True,False,False,True,False,False,False,True,False,False,False,False,True,True,False
6.37,1.14,2,0.1,4.87,1,49.4,42.04,True,False,False,False,True,False,False,False,False,False,False,False,False,True,False,False,True,True,False
1.75,1.14,2,3.9,4.93,0,74.1,22.76,True,False,False,False,False,True,False,False,False,False,False,False,False,False,False,False,True,True,False
3.93,2.96,0,0.4,4.1,1,49.7,26.66,False,True,False,False,False,False,False,False,False,False,False,False,False,True,False,True,False,False,True
8.24,0.28,1,5.4,4.64,0,67.1,39.63,False,True,False,False,False,False,False,False,False,False,True,False,False,False,False,False,True,True,False
1.25,5.14,0,1.3,4.61,0,87.0,20.31,True,False,False,False,True,False,False,False,True,False,True,False,False,False,False,False,True,False,False
3.12,4.81,1,5.8,4.62,0,61.3,21.03,True,False,False,False,False,False,False,False,True,False,False,False,False,True,False,True,False,False,True
2.17,1.97,1,8.8,5.0,1,64.2,31.87,False,False,False,False,True,False,False,False,False,False,True,False,False,False,False,False,True,False,True
3.93,9.55,1,1.5,4.63,0,42.9,21.17,True,False,False,False,False,False,False,False,False,False,False,False,False,True,False,False,False,True,False
9.58,1.53,1,1.6,4.73,0,63.6,40.63,False,True,False,False,False,False,False,False,True,False,False,True,False,False,False,False,True,True,False
4.7,2.83,0,4.4,3.63,0,31.1,22.55,True,False,False,False,False,False,False,False,True,False,False,True,False,False,False,False,True,True,False
8.86,0.36,2,0.5,4.59,1,25.3,63.51,False,False,False,False,False,True,False,False,False,True,False,False,False,False,False,True,False,False,False
0.91,7.21,0,1.4,5.0,0,83.6,8.79,True,False,False,True,False,False,True,False,False,False,False,False,False,False,False,False,True,True,False
5.12,0.39,0,2.9,4.11,1,14.3,42.66,False,False,False,False,False,False,False,False,False,False,False,False,False,False,True,False,True,False,True
5.36,1.2,1,7.5,4.57,0,95.7,34.15,False,False,False,False,False,False,False,True,False,False,False,False,False,False,False,False,True,False,True
3.4,0.84,2,7.8,4.05,0,10.8,38.36,False,False,True,True,False,False,False,False,True,False,False,False,False,False,True,False,True,True,False
5.04,3.11,1,1.3,4.83,1,60.2,40.07,False,True,False,True,False,False,True,False,False,False,False,False,False,True,False,False,True,False,True
2.39,1.89,1,2.1,5.0,0,31.9,25.96,False,False,False,False,False,False,False,True,False,False,False,False,False,False,True,True,False,False,False
2.04,1.62,1,3.6,4.72,0,96.3,28.37,False,False,False,False,False,True,False,True,False,False,False,False,False,False,False,False,True,True,False
5.63,2.28,1,0.4,4.88,0,14.8,32.8,True,False,False,False,False,False,False,False,False,False,False,False,False,False,False,False,False,False,True
1.96,0.6,1,3.6,4.38,0,53.2,31.16,False,False,False,False,True,False,False,False,True,False,False,False,False,False,True,True,False,False,False
8.97,3.4,0,1.3,4.02,1,30.3,57.05,False,False,False,False,False,True,True,False,False,False,False,False,False,True,False,False,True,False,True
3.39,1.72,0,2.0,4.3,0,18.3,25.83,True,False,False,False,True,False,False,False,True,False,False,False,False,False,True,False,True,False,True
1.66,0.28,0,0.7,4.26,1,16.9,19.59,True,False,False,False,False,False,True,False,False,False,False,False,False,False,True,True,False,True,False
8.79,2.46,1,3.0,4.46,1,12.5,49.38,False,True,False,False,False,False,True,False,False,False,False,False,False,True,False,False,True,True,False
3.33,2.07,1,2.4,4.53,1,83.9,24.92,True,False,False,False,False,False,True,False,False,False,False,False,False,False,False,True,False,True,False
7.29,1.61,1,0.1,4.31,0,95.2,40.0,False,True,False,False,False,True,False,False,True,False,False,True,False,False,False,True,False,False,True
4.84,0.67,0,2.1,3.99,0,10.1,27.13,True,False,False,False,False,False,False,False,True,False,False,False,False,False,False,False,True,True,False
4.15,1.08,0,3.3,4.3,0,84.4,22.82,True,False,False,False,False,False,False,False,False,False,False,False,False,False,False,False,True,False,False
1.1,0.79,0,0.6,4.02,0,94.4,17.87,True,False,False,False,False,True,False,False,True,False,False,False,False,False,False,False,True,False,True
2.95,1.1,0,0.9,4.66,1,58.0,24.19,False,True,False,False,False,False,True,False,False,True,False,False,False,False,False,False,True,True,False
4.6,0.54,0,4.9,4.51,0,57.9,24.76,False,True,False,False,False,False,False,True,False,False,False,False,False,True,False,False,True,True,False
5.17,0.66,0,0.3,3.59,0,74.1,24.99,True,False,False,False,False,False,False,True,False,False,False,True,False,False,False,False,True,False,True
4.9,2.97,0,3.6,3.54,0,31.0,27.62,False,False,False,True,False,False,False,True,False,False,False,True,False,False,False,True,False,False,True
1.47,3.75,1,1.0,4.45,0,54.0,18.8,False,True,False,False,False,True,False,False,True,True,False,False,False,False,False,False,False,True,False
0.72,1.29,1,3.6,4.29,0,46.5,12.59,True,False,False,False,False,False,True,False,False,False,False,False,False,False,True,False,True,False,True
4.14,0.52,1,1.0,4.83,0,23.5,24.38,False,True,False,False,False,False,False,True,False,False,False,True,False,False,False,True,False,True,False
5.73,1.78,0,2.1,4.59,0,42.3,30.84,False,False,False,False,False,False,False,False,True,False,False,False,True,False,False,True,False,True,False
4.78,0.82,0,2.3,4.16,0,77.1,28.93,True,False,False,False,True,False,False,False,True,False,True,False,False,False,False,True,False,False,True
3.81,2.11,0,0.9,3.39,1,82.8,32.34,False,True,False,False,False,True,False,False,False,False,False,True,False,False,False,False,True,True,False
3.22,0.22,0,2.2,3.82,0,89.7,19.3,True,False,False,False,False,False,True,False,False,True,False,False,False,False,False,False,True,True,False
2.98,0.53,0,1.5,4.73,0,35.8,31.41,False,True,False,False,True,False,True,False,False,False,False,False,True,False,False,False,True,False,False
5.33,0.68,0,2.7,4.66,1,74.0,35.98,False,True,False,False,False,True,True,False,False,False,False,False,False,False,False,True,False,False,True
3.97,4.06,0,0.4,3.65,0,25.3,25.98,False,True,False,False,False,False,False,True,False,False,False,False,True,False,False,False,True,False,True
2.29,0.28,0,2.1,4.75,0,45.8,23.37,False,False,False,False,False,False,False,False,False,True,False,False,False,False,False,False,True,True,False
6.34,1.81,1,12.0,4.53,0,13.7,44.0,False,False,False,False,True,False,False,True,False,False,True,False,False,False,False,False,False,False,True
2.16,5.35,1,5.2,4.18,0,36.4,21.34,False,True,False,False,False,False,True,False,False,False,False,False,False,True,False,False,True,False,True
5.64,5.21,0,3.1,4.06,1,56.3,30.07,True,False,False,False,False,True,True,False,False,False,False,False,False,False,True,True,False,False,False
2.89,11.34,0,1.9,4.15,0,30.6,23.46,True,False,False,False,False,False,False,True,False,False,False,True,False,False,False,False,True,False,True
1.61,3.38,0,0.5,3.89,1,25.7,24.72,False,True,False,False,False,False,False,False,False,False,False,True,False,False,False,False,True,False,True
8.82,1.26,0,2.8,3.8,0,13.5,61.76,False,False,True,False,False,True,False,True,False,False,False,False,False,False,True,False,True,True,False
6.34,0.47,0,8.3,3.91,0,24.6,22.9,True,False,False,False,False,False,False,True,False,False,False,False,False,True,False,False,True,False,True
3.66,0.79,0,2.3,4.77,1,44.6,27.31,True,False,False,False,False,False,False,False,False,False,True,False,False,False,False,False,True,False,True
3.27,0.56,1,0.9,4.59,0,74.2,31.28,False,True,False,False,True,False,False,False,False,True,False,False,False,False,False,True,False,True,False
1.69,4.81,1,10.2,4.94,0,12.7,21.8,False,True,False,False,True,False,True,False,False,False,False,False,False,False,True,True,False,True,False
7.34,1.43,0,1.1,4.35,1,29.0,42.47,False,True,False,True,False,False,False,False,False,False,False,False,True,False,False,False,True,False,True
3.67,8.54,1,0.9,5.0,0,58.7,30.45,False,True,False,False,False,False,False,True,False,False,False,True,False,False,False,True,False,False,True
2.03,0.36,1,2.4,4.57,1,55.6,24.0,True,False,False,False,False,False,False,False,False,False,False,False,True,False,False,False,True,False,True
2.96,0.8,1,0.2,3.94,1,30.9,25.53,False,True,False,False,False,False,True,False,False,False,False,True,False,False,False,False,True,True,False
6.86,0.27,0,6.2,4.72,0,67.7,35.27,False,False,False,False,False,False,False,True,False,False,False,False,False,False,True,False,True,False,False
3.49,2.06,0,1.8,4.73,0,56.9,14.78,True,False,False,False,False,False,False,True,False,True,False,False,False,False,False,False,True,False,True
5.19,1.0,0,4.7,3.76,1,55.2,39.87,False,False,False,False,False,False,False,False,False,False,False,False,False,False,False,False,True,False,False
2.54,0.83,1,0.4,4.47,0,78.3,27.94,False,True,False,False,False,False,False,False,False,False,False,False,True,False,False,True,False,False,True
2.29,1.79,0,0.6,3.98,0,84.1,14.13,False,True,False,False,False,False,False,True,False,False,False,False,False,False,False,True,False,True,False
3.99,2.52,0,1.0,4.45,0,86.5,22.57,True,False,False,False,True,False,True,False,False,True,False,False,False,False,False,True,False,False,True
4.3,2.0,0,2.1,4.63,0,91.4,28.24,False,False,False,False,False,False,False,True,False,False,False,False,True,False,False,False,True,False,True
1.49,1.31,1,1.1,4.18,0,84.6,16.1,False,True,False,False,False,False,False,True,False,False,False,False,False,False,False,False,True,False,True
6.16,0.47,1,0.5,3.95,0,43.5,33.2,False,False,False,False,False,False,False,True,False,False,False,False,False,False,True,False,False,True,False
5.21,0.99,0,5.6,4.97,1,66.5,33.97,False,True,False,False,False,False,True,False,False,False,True,False,False,False,False,False,True,True,False
10.56,1.15,1,4.1,4.68,0,51.6,57.94,False,True,False,False,False,True,True,False,False,False,False,True,False,False,False,False,True,False,True
1.7,2.52,1,1.1,4.83,0,58.2,17.7,False,True,False,False,False,False,False,True,False,False,False,False,False,False,True,False,True,False,True
2.64,0.45,2,0.0,4.27,0,28.0,19.99,False,True,False,False,False,False,True,False,False,False,False,False,False,True,False,False,False,True,False
2.74,1.22,1,0.6,4.04,0,73.7,17.86,False,True,False,False,False,False,False,False,False,False,False,False,True,False,False,False,True,True,False
4.81,2.64,1,7.6,4.49,0,45.9,24.56,False,True,False,False,False,False,False,False,False,False,False,True,False,False,False,True,False,True,False
5.15,1.36,1,3.9,3.78,1,87.1,29.49,False,True,False,False,False,False,False,False,False,False,False,False,False,True,False,False,True,False,True
2.71,0.94,2,4.1,4.36,0,82.7,24.8,False,True,False,False,False,False,False,False,True,False,False,False,True,False,False,False,True,True,False
4.2,0.36,0,1.3,4.81,1,34.5,28.74,True,False,False,False,False,False,True,False,False,False,False,False,False,False,False,False,True,True,False
1.63,2.13,1,0.4,3.81,1,89.7,28.1,False,True,False,False,True,False,False,False,False,False,True,False,False,False,False,False,True,True,False
9.1,1.41,1,0.7,4.29,1,54.0,51.96,False,True,False,False,False,False,False,False,False,False,False,False,True,False,False,False,True,True,False
1.7,3.03,1,0.2,3.76,0,21.7,25.57,True,False,False,False,True,False,True,False,False,False,False,False,False,True,False,False,False,False,True
3.59,5.42,0,3.2,4.0,0,54.8,26.07,False,True,False,False,False,False,True,False,False,False,False,False,False,False,True,False,True,False,True
2.94,7.58,0,1.6,4.37,0,70.9,22.84,False,True,False,False,False,False,False,False,False,False,True,False,False,False,False,False,True,False,True
5.73,0.75,0,1.7,4.66,1,33.6,24.17,False,True,False,False,False,False,False,False,False,True,False,False,False,False,False,False,False,True,False
2.03,0.61,0,4.3,5.0,1,60.7,28.67,False,True,False,False,False,True,True,False,False,False,False,False,True,False,False,False,True,True,False
7.11,2.1,0,1.3,4.98,0,89.2,44.66,False,False,False,False,True,False,False,False,False,False,False,False,False,True,False,False,True,True,False
3.45,0.75,0,0.0,4.35,1,12.7,32.92,False,False,False,True,False,False,False,False,False,False,False,False,True,False,False,False,True,False,False
5.61,1.48,1,0.5,4.63,1,41.1,44.38,False,True,False,False,False,True,False,False,False,False,True,False,False,False,False,False,True,False,True
5.26,0.27,0,3.2,4.86,0,14.3,33.35,False,True,False,False,False,False,False,False,False,False,False,False,True,False,False,False,True,False,True
0.57,2.32,0,1.4,4.07,1,83.7,17.5,False,False,False,False,False,False,False,False,False,False,False,False,False,True,False,False,True,False,True
8.2,10.23,2,4.4,4.97,0,76.8,48.65,False,True,False,False,False,True,True,False,False,False,False,False,True,False,False,True,False,False,False
5.34,0.59,2,0.9,4.01,0,31.6,44.49,False,False,True,True,False,False,True,False,False,False,False,False,False,True,False,False,True,False,True
5.23,4.26,0,0.2,4.63,0,79.0,45.58,False,False,False,False,True,False,True,False,False,False,False,False,True,False,False,False,True,False,True
2.58,0.25,0,0.9,4.63,0,14.3,24.95,True,False,False,False,False,True,False,True,False,False,True,False,False,False,False,True,False,False,True
5.49,1.25,0,0.2,5.0,1,16.6,50.78,False,False,False,False,True,False,False,False,False,False,False,True,False,False,False,False,True,True,False
2.16,1.16,2,3.9,4.55,1,53.2,41.74,False,False,False,False,False,True,True,False,False,True,False,False,False,False,False,False,True,False,False
4.41,0.83,0,1.9,3.78,0,13.1,23.03,True,False,False,False,False,False,False,True,False,False,False,False,False,True,False,False,True,False,True
6.17,2.98,0,0.5,4.04,1,89.5,31.11,True,False,False,False,False,False,True,False,False,False,False,False,True,False,False,False,True,True,False
1.49,1.98,1,4.7,3.84,0,69.2,25.05,False,False,False,False,False,False,True,False,False,False,False,False,True,False,False,False,True,False,True
2.23,0.31,3,0.1,4.6,1,30.9,31.98,True,False,False,False,False,False,False,False,False,False,False,True,False,False,False,False,True,False,True
5.67,1.35,0,7.9,4.91,0,11.6,41.72,False,False,False,False,True,False,False,True,False,False,True,False,False,False,False,False,True,False,True
2.68,0.47,0,1.4,4.65,1,93.3,22.51,False,True,False,False,False,False,False,False,False,False,False,False,False,False,False,False,True,False,True
1.57,0.21,0,0.3,3.63,0,80.0,7.43,True,False,False,False,False,False,False,True,False,False,False,True,False,False,False,False,True,False,False
4.36,1.93,0,1.4,4.6,1,99.6,34.96,False,False,False,False,False,False,False,False,False,False,True,False,False,False,False,True,False,False,True
2.68,1.59,0,0.4,4.12,1,71.0,19.94,True,False,False,False,False,False,True,False,False,False,False,False,True,False,False,True,False,True,False
4.25,3.76,0,1.2,4.35,0,65.8,22.78,True,False,False,False,False,False,False,False,False,False,False,False,False,True,False,True,False,True,False
4.26,3.67,0,0.9,5.0,0,25.0,23.04,True,False,False,False,False,False,False,False,True,False,False,True,False,False,False,False,True,True,False
2.72,2.22,1,0.2,3.8,0,35.4,27.21,True,False,False,False,False,False,False,True,False,False,False,True,False,False,False,False,True,False,True
2.21,2.53,0,9.8,3.91,0,51.5,10.72,False,True,False,False,False,False,False,False,False,False,False,False,False,False,False,False,True,False,True
3.0,2.26,0,1.4,4.0,0,61.2,21.87,False,True,False,True,False,False,False,False,False,False,True,False,False,False,False,False,True,False,True
1.72,0.34,1,4.1,4.39,1,54.1,23.48,True,False,False,False,False,True,False,False,False,False,False,False,True,False,False,False,True,False,False
3.43,0.62,2,4.7,5.0,0,94.7,30.33,False,False,False,False,False,False,False,True,False,False,False,False,False,False,False,True,False,False,False
1.13,4.03,0,1.6,3.71,0,21.4,15.85,True,False,False,False,True,False,False,True,False,True,False,False,False,False,False,False,True,True,False
3.89,0.63,1,4.4,3.77,1,98.7,39.03,False,True,False,False,False,False,True,False,False,False,True,False,False,False,False,False,True,True,False
3.12,1.95,1,0.8,4.08,1,20.1,24.4,True,False,False,False,False,False,False,False,False,False,True,False,False,False,False,False,True,False,True
2.83,0.66,1,0.9,4.33,1,14.4,25.7,False,True,False,False,False,False,False,False,False,False,True,False,False,False,False,False,True,True,False
10.91,1.36,0,7.2,3.69,0,24.7,48.24,False,True,False,False,True,False,False,True,False,True,False,False,False,False,False,False,False,False,True
4.77,1.86,0,3.7,3.83,0,99.0,34.62,False,False,False,False,False,False,False,False,False,False,False,False,False,False,True,False,True,True,False
3.33,1.26,1,0.7,3.98,0,46.8,23.93,True,False,False,True,False,False,False,True,False,False,True,False,False,False,False,False,True,True,False
1.6,2.15,2,6.8,4.01,0,59.4,23.77,True,False,False,False,True,False,False,True,False,False,True,False,False,False,False,False,True,True,False
2.97,3.07,0,1.3,3.91,1,64.3,30.53,True,False,False,False,False,True,False,False,False,False,False,False,False,False,False,True,False,False,True
1.74,0.61,1,0.5,4.08,0,50.8,17.06,False,True,False,True,False,False,False,True,False,False,False,False,False,True,False,False,True,True,False
1.82,2.96,0,2.4,4.41,0,43.6,7.93,True,False,False,False,False,False,True,False,False,False,False,True,False,False,False,False,True,False,True
1.82,1.87,0,3.1,4.61,0,55.7,31.14,False,False,True,False,False,False,True,False,False,False,False,False,False,False,False,False,True,False,True
2.54,1.15,0,0.7,3.78,0,56.4,21.44,False,False,False,False,False,False,False,True,False,False,False,False,False,True,False,True,False,False,True
6.74,2.79,0,9.6,4.87,0,98.0,37.67,False,False,True,False,False,False,True,False,False,True,False,False,False,False,False,False,False,True,False
2.43,3.88,0,0.9,4.01,0,15.9,13.98,False,True,False,False,False,False,False,False,False,False,True,False,False,False,False,False,True,True,False
4.18,7.31,1,3.3,4.27,0,70.3,22.16,True,False,False,False,False,False,False,True,False,False,False,False,True,False,False,True,False,True,False
7.44,5.24,2,9.0,4.24,1,80.8,43.59,False,True,False,False,False,False,True,False,False,False,False,False,True,False,False,True,False,True,False
5.02,9.85,0,6.6,4.77,1,41.5,34.77,False,False,False,False,False,False,False,False,False,False,False,False,False,False,True,False,True,False,True
2.46,0.78,1,3.1,4.36,1,41.2,24.31,False,True,False,False,False,False,False,False,False,False,False,False,False,True,False,False,False,False,False
2.8,3.0,0,1.6,4.49,0,13.0,18.84,True,False,False,True,False,False,False,False,False,False,False,False,True,False,False,False,True,False,True
6.22,1.84,0,3.5,3.89,0,83.2,25.51,False,True,False,False,False,False,False,False,True,False,False,False,False,True,False,False,True,False,True
6.44,1.69,2,1.2,3.92,1,26.5,43.82,False,True,False,False,False,False,False,False,False,False,False,False,False,False,False,False,True,False,True
5.81,2.5,0,2.8,4.32,0,46.5,41.96,False,False,True,False,False,False,False,True,False,False,False,False,False,False,True,False,True,True,False
2.01,2.02,0,2.0,4.38,1,37.4,19.55,False,True,False,False,False,False,True,False,False,True,False,False,False,False,False,False,False,True,False
1.15,3.82,0,1.5,4.44,0,65.2,27.01,False,True,False,False,True,False,False,True,False,False,True,False,False,False,False,True,False,False,False
5.39,1.26,1,0.9,3.7,0,13.4,26.53,True,False,False,False,False,False,False,True,False,False,False,False,False,True,False,False,True,False,True
3.19,0.21,0,5.3,4.53,0,43.7,21.3,False,True,False,False,True,False,False,False,True,False,True,False,False,False,False,False,False,True,False
6.1,3.65,0,3.1,4.29,0,18.8,36.65,False,False,False,False,False,False,False,False,True,True,False,False,False,False,False,False,True,False,True
3.88,0.91,1,1.0,3.73,0,34.8,31.97,False,True,False,False,False,False,False,False,True,False,False,True,False,False,False,True,False,False,True
2.29,0.23,0,2.4,5.0,1,24.5,25.31,False,False,False,False,False,False,True,False,False,False,False,False,False,True,False,False,True,False,True
4.11,3.79,1,0.1,4.67,0,26.0,19.78,True,False,False,False,False,False,False,True,False,False,False,False,True,False,False,False,True,False,True
3.92,7.59,0,0.3,4.88,1,53.8,30.05,True,False,False,True,False,False,True,False,False,False,False,False,True,False,False,False,True,True,False
2.75,0.98,0,8.7,3.83,1,39.3,30.87,False,False,False,False,False,False,True,False,False,False,False,False,False,True,False,False,True,True,False
2.95,0.68,0,1.2,4.33,0,84.6,19.68,False,True,False,False,False,False,False,True,False,False,False,True,False,False,False,True,False,True,False
6.28,2.55,0,1.3,4.52,0,86.2,35.92,False,False,False,False,False,False,False,True,False,False,False,False,False,False,False,False,True,False,True
4.81,0.89,1,0.8,4.63,0,43.7,35.65,True,False,False,False,False,True,False,True,False,False,False,False,False,False,True,False,True,False,True
3.14,2.15,0,2.0,3.97,0,12.5,27.34,False,False,False,False,False,False,True,False,False,False,True,False,False,False,False,False,False,False,True
5.18,1.22,1,0.1,5.0,0,60.7,41.24,False,False,True,False,False,False,False,False,False,False,True,False,False,False,False,False,True,True,False
5.56,0.95,1,0.5,4.71,0,22.9,32.33,True,False,False,False,False,False,False,True,False,False,True,False,False,False,False,False,True,True,False
3.71,2.73,1,1.3,4.34,1,74.2,44.7,False,False,False,False,False,True,True,False,False,False,False,False,False,True,False,True,False,False,True
2.94,1.82,1,2.1,4.64,0,73.2,18.32,True,False,False,True,False,False,False,False,False,False,False,False,False,False,False,True,False,False,True
0.98,3.99,0,1.2,4.09,1,91.5,16.94,True,False,False,False,False,True,True,False,False,False,True,False,False,False,False,True,False,True,False
2.58,2.65,0,4.7,4.62,0,23.1,21.46,False,False,False,False,False,False,False,False,True,False,False,False,False,False,False,False,True,True,False
7.69,0.46,1,1.3,4.02,0,74.1,29.36,True,False,False,False,False,False,False,False,True,False,False,False,True,False,False,True,False,False,True
1.84,0.23,1,10.1,4.08,1,48.9,21.66,False,True,False,False,False,False,False,False,False,False,False,False,False,False,True,True,False,True,False
6.05,10.3,2,3.7,4.16,1,86.5,48.09,False,True,False,False,False,False,True,False,False,False,False,False,False,False,True,False,True,True,False
7.22,3.13,0,7.9,4.44,0,54.7,32.66,False,True,False,False,False,False,False,False,True,False,False,False,False,False,False,False,True,False,True
9.86,1.68,0,0.8,4.54,1,80.1,51.51,True,False,False,False,False,True,True,False,False,False,False,False,False,False,True,True,False,False,False
4.73,0.92,1,5.5,4.19,0,75.0,28.51,False,True,False,True,False,False,False,True,False,False,False,False,False,False,False,True,False,True,False
2.01,1.33,2,0.6,3.89,1,77.5,31.55,False,False,False,False,False,False,False,False,False,False,False,False,False,True,False,False,True,True,False
3.32,0.54,0,3.6,4.85,1,60.4,35.35,False,True,False,False,True,False,False,False,False,False,False,False,False,False,False,True,False,True,False
4.41,0.82,1,2.4,4.48,1,61.3,28.8,True,False,False,False,False,False,True,False,False,False,True,False,False,False,False,False,True,False,False
4.78,2.16,0,0.4,4.74,0,80.6,18.74,True,False,False,False,False,False,True,False,False,False,False,False,False,True,False,True,False,False,True
7.98,0.99,0,2.5,4.14,0,85.7,32.62,True,False,False,False,False,False,False,False,True,True,False,False,False,False,False,False,True,False,True
1.48,2.61,1,0.8,4.01,1,35.7,29.96,False,False,False,True,False,False,True,False,False,True,False,False,False,False,False,False,True,False,False
2.48,1.33,0,1.1,4.24,0,42.6,19.31,False,False,False,False,False,False,False,False,False,False,False,False,False,True,False,False,True,True,False
3.01,0.54,1,3.3,3.95,0,99.4,19.48,False,True,False,False,False,False,False,False,True,False,True,False,False,False,False,True,False,False,True
9.3,5.09,0,1.3,4.52,1,29.0,50.68,False,True,False,False,False,False,False,False,False,False,False,False,False,True,False,False,True,False,True
4.39,0.88,1,1.2,3.84,0,47.5,33.21,True,False,False,False,True,False,False,False,False,False,True,False,False,False,False,True,False,False,False
2.72,1.52,1,0.3,4.72,0,77.1,35.7,False,False,True,False,False,False,False,True,False,False,False,True,False,False,False,True,False,False,True
3.26,2.26,1,1.3,5.0,0,29.3,14.33,True,False,False,False,False,False,True,False,False,False,False,False,False,False,True,True,False,False,True
10.58,5.12,0,4.3,4.11,0,10.4,46.05,True,False,False,False,False,False,False,False,False,False,True,False,False,False,False,False,True,False,True
6.46,0.38,0,0.9,4.2,0,32.5,31.47,False,True,False,False,False,False,False,True,False,False,False,True,False,False,False,False,False,True,False
5.29,1.35,0,0.2,4.52,0,85.0,22.01,False,True,False,False,False,False,True,False,False,False,False,True,False,False,False,True,False,False,True
8.43,1.77,2,9.6,4.43,0,28.5,45.53,False,False,False,False,False,False,False,False,True,True,False,False,False,False,False,False,True,False,True
