delivery_id,date,rider_id,vehicle_type,zone,time_of_day,weather,traffic_condition,distance_km,shipment_weight_kg,order_volume_parcels,sla_minutes,delivery_time_min,delayed,fuel_cost_inr,delivery_cost_inr,customer_rating
DEL-10694,2026-05-01,RDR-033,Scooter,Zone E - West,Evening (16-21),Clear,Medium,1.6,1.47,1,40,9.1,0,2.96,23.43,5.0
DEL-10470,2026-05-01,RDR-027,Scooter,Zone A - Central,Afternoon (11-16),Rain,Medium,3.03,3.54,2,30,20.6,0,5.76,33.05,4.7
DEL-11166,2026-05-01,RDR-037,E-Bike,Zone E - West,Night (21-2),Clear,High,2.59,2.83,4,40,24.4,0,1.55,24.97,4.7
DEL-11605,2026-05-01,RDR-007,Motorbike,Zone A - Central,Evening (16-21),Clear,Medium,3.98,2.7,4,30,16.5,0,9.41,34.76,4.8
DEL-10951,2026-05-01,RDR-040,Motorbike,Zone D - East,Evening (16-21),Clear,Medium,3.86,2.89,1,40,18.3,0,8.38,31.54,5.0
DEL-11491,2026-05-01,RDR-009,Scooter,Zone C - South,Morning (6-11),Cloudy,Medium,3.33,1.88,1,35,23.4,0,6.21,29.86,5.0
DEL-11616,2026-05-01,RDR-011,E-Bike,Zone C - South,Evening (16-21),Rain,Medium,4.59,1.9,1,35,27.9,0,2.64,25.24,4.4
DEL-11891,2026-05-01,RDR-059,Scooter,Zone C - South,Morning (6-11),Clear,Medium,4.17,3.66,1,35,16.2,0,7.1,36.57,4.7
DEL-11501,2026-05-01,RDR-011,Motorbike,Zone D - East,Evening (16-21),Clear,High,14.11,2.46,2,40,55.1,1,34.48,63.41,3.3
DEL-11504,2026-05-01,RDR-042,Scooter,Zone E - West,Afternoon (11-16),Clear,Medium,8.16,5.05,1,40,28.0,0,14.23,39.26,5.0
DEL-11707,2026-05-01,RDR-042,Scooter,Zone A - Central,Afternoon (11-16),Clear,High,3.35,0.4,1,30,19.1,0,5.88,29.57,5.0
DEL-10406,2026-05-01,RDR-013,Scooter,Zone B - North,Morning (6-11),Rain,Medium,0.89,1.18,1,35,6.5,0,1.68,29.04,4.8
DEL-11709,2026-05-01,RDR-052,Motorbike,Zone E - West,Evening (16-21),Rain,High,1.75,1.08,2,40,14.7,0,3.7,24.77,4.8
DEL-10875,2026-05-01,RDR-038,Scooter,Zone B - North,Morning (6-11),Cloudy,Medium,6.51,1.27,1,35,27.3,0,12.77,39.53,5.0
DEL-11978,2026-05-01,RDR-015,E-Bike,Zone A - Central,Night (21-2),Clear,Medium,5.03,2.08,1,30,26.0,0,3.16,29.84,5.0
DEL-11359,2026-05-01,RDR-014,Motorbike,Zone C - South,Evening (16-21),Clear,High,9.32,2.26,1,35,36.9,1,21.19,43.46,3.7
DEL-10190,2026-05-01,RDR-023,Scooter,Zone A - Central,Night (21-2),Cloudy,Medium,4.01,1.86,2,30,12.4,0,6.73,28.48,4.8
DEL-11367,2026-05-01,RDR-032,E-Bike,Zone A - Central,Evening (16-21),Clear,Medium,6.05,3.0,1,30,29.2,0,3.81,29.22,5.0
DEL-10979,2026-05-01,RDR-039,Motorbike,Zone E - West,Afternoon (11-16),Clear,Low,4.96,5.65,1,40,17.6,0,11.58,41.6,5.0
DEL-10280,2026-05-01,RDR-052,E-Bike,Zone A - Central,Afternoon (11-16),Clear,High,8.36,2.74,3,30,41.4,1,5.41,27.94,3.4
DEL-11662,2026-05-01,RDR-035,E-Bike,Zone A - Central,Afternoon (11-16),Cloudy,High,6.35,3.52,1,30,35.0,1,3.74,30.21,3.9
DEL-10825,2026-05-01,RDR-025,E-Bike,Zone E - West,Afternoon (11-16),Clear,High,3.22,3.25,1,40,18.6,0,1.96,25.56,5.0
DEL-10724,2026-05-01,RDR-017,Motorbike,Zone B - North,Night (21-2),Clear,Medium,2.4,2.53,1,35,10.9,0,5.75,27.1,5.0
DEL-10832,2026-05-01,RDR-056,Scooter,Zone A - Central,Evening (16-21),Cloudy,Medium,2.12,0.72,3,30,5.4,0,3.89,27.05,4.9
DEL-10634,2026-05-01,RDR-019,Scooter,Zone D - East,Afternoon (11-16),Clear,Medium,4.84,1.31,1,40,25.1,0,8.04,33.06,4.8
DEL-11141,2026-05-01,RDR-036,Scooter,Zone E - West,Morning (6-11),Clear,Low,1.71,2.21,1,40,12.8,0,3.14,34.85,5.0
DEL-11828,2026-05-01,RDR-058,Motorbike,Zone E - West,Evening (16-21),Clear,Medium,2.91,1.73,2,40,15.0,0,6.61,30.73,5.0
DEL-10383,2026-05-01,RDR-052,E-Bike,Zone B - North,Night (21-2),Clear,Low,1.49,3.42,2,35,7.5,0,0.85,20.91,5.0
DEL-11389,2026-05-01,RDR-034,Motorbike,Zone D - East,Evening (16-21),Rain,Medium,2.72,0.67,2,40,15.7,0,6.45,36.93,4.8
DEL-10204,2026-05-01,RDR-003,Motorbike,Zone D - East,Evening (16-21),Clear,Low,6.96,2.6,2,40,20.2,0,17.23,44.42,5.0
DEL-11855,2026-05-02,RDR-006,Scooter,Zone A - Central,Afternoon (11-16),Cloudy,Medium,5.36,3.37,1,30,22.1,0,9.91,37.39,5.0
DEL-11646,2026-05-02,RDR-016,Scooter,Zone C - South,Evening (16-21),Clear,Medium,4.1,4.88,1,35,17.0,0,7.82,34.12,4.7
DEL-10849,2026-05-02,RDR-030,Motorbike,Zone B - North,Morning (6-11),Clear,Low,4.18,1.52,4,35,14.6,0,8.96,34.88,4.5
DEL-11371,2026-05-02,RDR-001,Scooter,Zone C - South,Morning (6-11),Clear,Medium,12.13,2.23,2,35,42.9,1,21.85,46.69,3.7
DEL-10461,2026-05-02,RDR-036,Motorbike,Zone E - West,Night (21-2),Clear,Medium,11.06,4.03,1,40,37.2,0,23.79,51.29,4.5
DEL-11465,2026-05-02,RDR-031,Scooter,Zone D - East,Night (21-2),Clear,Medium,1.59,0.82,2,40,10.8,0,3.07,24.06,4.9
DEL-10528,2026-05-02,RDR-001,Scooter,Zone A - Central,Evening (16-21),Clear,Medium,1.88,1.94,1,30,9.7,0,3.53,27.35,5.0
DEL-11810,2026-05-02,RDR-059,Motorbike,Zone D - East,Morning (6-11),Clear,Low,3.49,2.0,1,40,14.0,0,8.47,31.57,4.6
DEL-10649,2026-05-02,RDR-030,Motorbike,Zone B - North,Morning (6-11),Clear,High,2.14,0.88,1,35,18.6,0,4.65,26.52,5.0
DEL-11756,2026-05-02,RDR-033,E-Bike,Zone A - Central,Afternoon (11-16),Cloudy,Low,4.86,0.84,2,30,15.7,0,2.83,25.55,5.0
DEL-10110,2026-05-02,RDR-017,Scooter,Zone A - Central,Afternoon (11-16),Clear,High,5.27,2.53,1,30,29.0,0,10.14,36.41,5.0
DEL-10346,2026-05-02,RDR-007,Motorbike,Zone D - East,Evening (16-21),Cloudy,Low,2.29,3.08,1,40,14.6,0,5.33,31.05,5.0
DEL-11053,2026-05-02,RDR-039,Motorbike,Zone B - North,Afternoon (11-16),Clear,Medium,2.16,2.67,1,35,11.8,0,5.15,27.19,4.7
DEL-10342,2026-05-02,RDR-039,Scooter,Zone A - Central,Morning (6-11),Cloudy,Medium,6.89,0.52,2,30,26.4,0,12.02,39.29,5.0
DEL-10066,2026-05-03,RDR-019,Scooter,Zone A - Central,Afternoon (11-16),Clear,Medium,0.99,1.15,2,30,5.4,0,1.78,28.86,5.0
DEL-10723,2026-05-03,RDR-002,Motorbike,Zone B - North,Afternoon (11-16),Clear,Medium,4.49,0.75,1,35,18.8,0,10.7,35.23,4.8
DEL-11327,2026-05-03,RDR-028,Motorbike,Zone C - South,Morning (6-11),Clear,Medium,1.59,1.61,1,35,11.7,0,3.88,29.52,4.8
DEL-10735,2026-05-03,RDR-021,E-Bike,Zone D - East,Night (21-2),Clear,Medium,2.9,2.73,1,40,12.8,0,1.8,30.28,4.5
DEL-10559,2026-05-03,RDR-002,Motorbike,Zone C - South,Evening (16-21),Rain,High,1.98,1.31,1,35,18.2,0,4.76,30.04,4.8
DEL-11278,2026-05-03,RDR-029,Scooter,Zone B - North,Morning (6-11),Rain,High,1.41,2.11,2,35,11.8,0,2.53,25.57,4.3
DEL-10035,2026-05-03,RDR-053,E-Bike,Zone B - North,Morning (6-11),Rain,Low,1.43,1.4,4,35,8.9,0,0.8,29.69,4.6
DEL-11380,2026-05-03,RDR-027,Scooter,Zone B - North,Morning (6-11),Clear,Medium,12.89,2.38,2,35,47.4,1,25.08,47.39,3.1
DEL-11581,2026-05-03,RDR-016,Scooter,Zone E - West,Evening (16-21),Clear,Medium,3.97,3.82,2,40,23.9,0,7.59,32.6,5.0
DEL-10230,2026-05-03,RDR-016,Motorbike,Zone D - East,Morning (6-11),Cloudy,Medium,3.45,2.27,1,40,18.6,0,7.42,26.71,5.0
DEL-11555,2026-05-03,RDR-018,Scooter,Zone C - South,Evening (16-21),Cloudy,Medium,0.98,5.48,1,35,8.1,0,1.91,24.8,5.0
DEL-10376,2026-05-03,RDR-023,E-Bike,Zone B - North,Morning (6-11),Clear,Medium,3.61,1.16,1,35,16.1,0,2.27,26.4,5.0
DEL-11995,2026-05-03,RDR-040,Motorbike,Zone B - North,Night (21-2),Cloudy,Low,4.79,5.43,1,35,19.6,0,10.67,40.68,5.0
DEL-10882,2026-05-03,RDR-037,Scooter,Zone A - Central,Morning (6-11),Cloudy,Medium,1.33,1.52,1,30,9.7,0,2.17,25.25,4.7
DEL-10785,2026-05-03,RDR-013,E-Bike,Zone A - Central,Afternoon (11-16),Clear,High,2.42,1.68,1,30,17.4,0,1.59,31.7,5.0
DEL-10433,2026-05-03,RDR-001,Scooter,Zone B - North,Night (21-2),Rain,Medium,8.58,1.31,2,35,41.0,1,15.42,40.45,3.3
DEL-10871,2026-05-03,RDR-046,Scooter,Zone E - West,Morning (6-11),Clear,Low,1.27,3.4,2,40,13.8,0,2.23,29.46,4.9
DEL-11653,2026-05-03,RDR-012,Scooter,Zone A - Central,Afternoon (11-16),Clear,High,1.86,2.0,1,30,13.6,0,3.31,25.02,5.0
DEL-11442,2026-05-03,RDR-021,Motorbike,Zone A - Central,Afternoon (11-16),Clear,Low,10.95,0.3,2,30,25.6,0,23.06,47.98,5.0
DEL-10102,2026-05-03,RDR-036,Scooter,Zone A - Central,Afternoon (11-16),Clear,Medium,2.18,2.62,3,30,7.3,0,3.97,23.44,5.0
DEL-11413,2026-05-03,RDR-040,Scooter,Zone B - North,Morning (6-11),Clear,High,3.74,2.87,1,35,16.7,0,6.89,29.26,5.0
DEL-11408,2026-05-03,RDR-042,Motorbike,Zone A - Central,Morning (6-11),Clear,Low,8.42,0.91,1,30,25.3,0,19.65,50.6,4.7
DEL-10519,2026-05-03,RDR-041,Scooter,Zone D - East,Evening (16-21),Clear,Low,3.9,0.87,2,40,20.6,0,7.41,26.15,4.8
DEL-10486,2026-05-03,RDR-056,Scooter,Zone C - South,Morning (6-11),Clear,High,6.05,2.97,1,35,34.6,0,10.62,33.02,5.0
DEL-11198,2026-05-03,RDR-047,Motorbike,Zone A - Central,Evening (16-21),Clear,High,2.35,0.46,1,30,18.7,0,5.05,31.87,4.6
DEL-11200,2026-05-04,RDR-037,Motorbike,Zone C - South,Night (21-2),Clear,Medium,4.79,1.08,2,35,18.2,0,11.34,34.63,4.9
DEL-10720,2026-05-04,RDR-026,E-Bike,Zone E - West,Afternoon (11-16),Clear,High,2.36,2.79,2,40,22.4,0,1.43,29.53,4.6
DEL-10611,2026-05-04,RDR-014,Motorbike,Zone A - Central,Night (21-2),Clear,High,1.67,0.99,2,30,9.8,0,4.17,27.5,5.0
DEL-10766,2026-05-04,RDR-056,Motorbike,Zone C - South,Evening (16-21),Rain,High,3.18,1.78,1,35,24.3,0,7.81,33.63,5.0
DEL-11174,2026-05-04,RDR-036,Motorbike,Zone A - Central,Afternoon (11-16),Clear,Low,7.11,4.01,2,30,15.5,0,16.58,39.39,5.0
DEL-11150,2026-05-04,RDR-015,Motorbike,Zone C - South,Evening (16-21),Clear,High,3.46,1.64,1,35,16.4,0,7.41,29.23,5.0
DEL-11703,2026-05-04,RDR-019,Motorbike,Zone E - West,Evening (16-21),Clear,Medium,6.39,5.24,2,40,28.7,0,15.54,41.4,4.8
DEL-11062,2026-05-04,RDR-031,Motorbike,Zone C - South,Evening (16-21),Clear,Medium,3.2,1.48,3,35,10.6,0,6.95,27.55,5.0
DEL-11761,2026-05-04,RDR-020,E-Bike,Zone D - East,Morning (6-11),Rain,Low,3.6,0.69,1,40,21.1,0,2.08,28.09,4.5
DEL-11184,2026-05-04,RDR-024,Scooter,Zone C - South,Evening (16-21),Cloudy,Low,2.03,1.53,2,35,9.6,0,3.37,30.15,4.9
DEL-11721,2026-05-04,RDR-011,Scooter,Zone E - West,Afternoon (11-16),Clear,High,5.95,2.03,2,40,33.0,0,10.16,32.37,5.0
DEL-11970,2026-05-04,RDR-034,Scooter,Zone E - West,Morning (6-11),Cloudy,High,3.71,1.35,2,40,21.6,0,6.71,36.53,5.0
DEL-10922,2026-05-04,RDR-055,E-Bike,Zone D - East,Evening (16-21),Clear,Low,1.14,1.8,2,40,16.8,0,0.74,26.37,5.0
DEL-11236,2026-05-04,RDR-039,E-Bike,Zone A - Central,Morning (6-11),Cloudy,Medium,4.44,1.21,1,30,28.4,0,2.87,28.91,5.0
DEL-10992,2026-05-04,RDR-015,Scooter,Zone C - South,Afternoon (11-16),Clear,Low,3.86,0.45,1,35,14.7,0,7.35,31.09,5.0
DEL-11607,2026-05-04,RDR-050,E-Bike,Zone B - North,Afternoon (11-16),Rain,Medium,2.16,2.42,4,35,16.4,0,1.35,26.86,4.9
DEL-10187,2026-05-04,RDR-017,Motorbike,Zone D - East,Night (21-2),Clear,Low,4.65,2.68,1,40,16.2,0,10.57,36.94,5.0
DEL-11631,2026-05-04,RDR-017,Scooter,Zone A - Central,Evening (16-21),Clear,Medium,1.35,2.17,2,30,10.0,0,2.56,27.1,4.7
DEL-10431,2026-05-04,RDR-050,Motorbike,Zone D - East,Evening (16-21),Clear,High,4.98,5.91,2,40,23.6,0,10.75,41.77,4.9
DEL-10419,2026-05-04,RDR-037,Motorbike,Zone B - North,Morning (6-11),Clear,Medium,5.84,2.72,3,35,24.6,0,13.85,37.47,5.0
DEL-11332,2026-05-04,RDR-036,Scooter,Zone A - Central,Afternoon (11-16),Clear,High,4.27,1.03,1,30,24.9,0,8.42,27.37,5.0
DEL-10385,2026-05-04,RDR-042,E-Bike,Zone C - South,Afternoon (11-16),Clear,Medium,6.68,0.94,1,35,30.7,0,4.1,32.11,4.9
DEL-10963,2026-05-04,RDR-009,Scooter,Zone E - West,Morning (6-11),Cloudy,Medium,4.36,0.79,2,40,15.5,0,8.41,37.11,4.9
DEL-10343,2026-05-04,RDR-010,Scooter,Zone B - North,Afternoon (11-16),Cloudy,High,2.99,1.0,2,35,20.9,0,5.05,30.73,4.8
DEL-11306,2026-05-04,RDR-049,Motorbike,Zone B - North,Afternoon (11-16),Clear,High,5.78,2.89,2,35,24.9,0,14.21,39.77,5.0
DEL-10681,2026-05-04,RDR-040,Scooter,Zone E - West,Evening (16-21),Clear,Low,7.05,1.8,4,40,17.9,0,13.65,40.82,5.0
DEL-11871,2026-05-05,RDR-006,Scooter,Zone A - Central,Evening (16-21),Clear,Low,2.45,0.95,3,30,14.5,0,4.29,26.46,4.9
DEL-11996,2026-05-05,RDR-005,E-Bike,Zone B - North,Night (21-2),Clear,Low,7.51,1.47,1,35,24.1,0,4.53,31.34,5.0
DEL-11547,2026-05-05,RDR-031,Motorbike,Zone C - South,Morning (6-11),Clear,Low,2.0,1.66,4,35,4.6,0,4.45,33.26,5.0
DEL-10261,2026-05-05,RDR-024,E-Bike,Zone C - South,Morning (6-11),Rain,High,4.19,1.1,1,35,36.9,1,2.73,29.47,4.0
DEL-10499,2026-05-05,RDR-045,E-Bike,Zone B - North,Afternoon (11-16),Clear,High,2.32,0.72,1,35,14.1,0,1.34,28.97,5.0
DEL-11590,2026-05-05,RDR-052,Motorbike,Zone E - West,Evening (16-21),Clear,Low,6.26,3.56,1,40,23.7,0,13.07,39.82,5.0
DEL-10202,2026-05-05,RDR-041,Scooter,Zone B - North,Night (21-2),Clear,High,2.85,2.21,3,35,18.1,0,5.59,33.23,5.0
DEL-11788,2026-05-05,RDR-002,Scooter,Zone A - Central,Evening (16-21),Rain,Low,3.68,1.33,1,30,22.1,0,6.15,32.61,4.6
DEL-11623,2026-05-05,RDR-054,E-Bike,Zone E - West,Evening (16-21),Cloudy,Medium,7.01,5.13,1,40,36.5,0,3.86,30.24,5.0
DEL-10194,2026-05-05,RDR-023,Scooter,Zone A - Central,Afternoon (11-16),Clear,Medium,1.19,3.7,1,30,19.6,0,2.0,24.91,5.0
DEL-11798,2026-05-05,RDR-031,Scooter,Zone A - Central,Afternoon (11-16),Rain,Low,2.12,1.76,1,30,10.2,0,3.76,29.14,4.4
DEL-11350,2026-05-05,RDR-039,E-Bike,Zone A - Central,Morning (6-11),Cloudy,Medium,3.62,2.7,4,30,22.5,0,2.34,28.68,4.7
DEL-11026,2026-05-05,RDR-055,E-Bike,Zone E - West,Evening (16-21),Clear,Low,4.5,1.81,1,40,15.8,0,2.64,31.74,5.0
DEL-11333,2026-05-05,RDR-050,E-Bike,Zone A - Central,Evening (16-21),Clear,Medium,3.01,4.47,3,30,15.3,0,1.73,27.4,5.0
DEL-11803,2026-05-05,RDR-020,Scooter,Zone E - West,Evening (16-21),Cloudy,Medium,4.96,1.25,1,40,22.8,0,8.7,34.15,4.5
DEL-11641,2026-05-05,RDR-018,E-Bike,Zone E - West,Evening (16-21),Cloudy,Medium,3.57,1.34,3,40,20.0,0,2.19,25.32,4.9
DEL-11280,2026-05-05,RDR-020,Motorbike,Zone B - North,Afternoon (11-16),Rain,Medium,3.11,1.67,3,35,16.1,0,7.47,28.87,4.9
DEL-10698,2026-05-05,RDR-057,Scooter,Zone D - East,Afternoon (11-16),Clear,High,1.98,0.77,2,40,14.6,0,3.26,25.16,4.7
DEL-11944,2026-05-05,RDR-007,Motorbike,Zone A - Central,Afternoon (11-16),Rain,Medium,2.41,2.52,1,30,21.5,0,5.71,31.67,4.9
DEL-10551,2026-05-05,RDR-023,E-Bike,Zone A - Central,Morning (6-11),Clear,Medium,5.38,1.68,1,30,29.0,0,3.22,33.25,5.0
DEL-11747,2026-05-06,RDR-044,Scooter,Zone B - North,Afternoon (11-16),Rain,Medium,7.93,3.98,1,35,40.7,1,14.28,45.7,3.5
DEL-10788,2026-05-06,RDR-052,Motorbike,Zone E - West,Morning (6-11),Clear,High,1.28,0.35,2,40,8.9,0,2.82,21.09,5.0
DEL-11764,2026-05-06,RDR-008,Scooter,Zone C - South,Night (21-2),Rain,Medium,8.17,1.01,2,35,42.8,1,15.21,44.01,3.6
DEL-10719,2026-05-06,RDR-004,Motorbike,Zone A - Central,Afternoon (11-16),Rain,Low,4.47,1.55,4,30,16.5,0,11.22,41.88,4.6
DEL-10701,2026-05-06,RDR-036,Scooter,Zone E - West,Evening (16-21),Clear,Medium,5.08,0.94,1,40,21.9,0,8.75,30.48,4.9
DEL-10592,2026-05-06,RDR-021,Scooter,Zone C - South,Afternoon (11-16),Clear,Medium,4.21,1.73,2,35,18.5,0,7.57,41.14,5.0
DEL-10527,2026-05-06,RDR-021,Scooter,Zone E - West,Evening (16-21),Rain,High,1.77,2.98,1,40,17.8,0,3.5,27.85,4.6
DEL-11886,2026-05-06,RDR-015,Scooter,Zone E - West,Night (21-2),Clear,Low,5.16,2.76,2,40,20.4,0,8.38,31.84,5.0
DEL-10236,2026-05-06,RDR-013,Scooter,Zone E - West,Evening (16-21),Clear,Medium,4.24,2.24,1,40,11.7,0,7.38,26.31,4.8
DEL-11967,2026-05-06,RDR-052,Scooter,Zone A - Central,Morning (6-11),Clear,Low,11.87,2.29,1,30,29.6,0,22.77,51.03,4.7
DEL-10952,2026-05-06,RDR-023,Scooter,Zone D - East,Morning (6-11),Clear,Medium,2.42,0.97,2,40,9.0,0,4.07,27.77,5.0
DEL-11001,2026-05-06,RDR-035,Motorbike,Zone D - East,Evening (16-21),Clear,Low,8.71,5.43,1,40,29.0,0,21.03,47.78,5.0
DEL-10058,2026-05-06,RDR-057,Scooter,Zone C - South,Afternoon (11-16),Rain,High,8.29,1.89,1,35,57.9,1,15.38,43.01,3.5
DEL-10061,2026-05-06,RDR-002,Scooter,Zone C - South,Afternoon (11-16),Clear,Medium,1.23,4.26,2,35,12.3,0,2.24,22.28,4.6
DEL-11474,2026-05-06,RDR-020,Scooter,Zone E - West,Night (21-2),Clear,Medium,1.18,5.4,1,40,18.8,0,1.99,28.07,4.8
DEL-11706,2026-05-06,RDR-041,Motorbike,Zone D - East,Morning (6-11),Rain,Medium,3.34,2.06,2,40,18.1,0,8.13,28.46,5.0
DEL-10105,2026-05-06,RDR-045,Scooter,Zone B - North,Evening (16-21),Cloudy,Low,4.34,1.75,1,35,19.7,0,7.48,34.37,5.0
DEL-10106,2026-05-06,RDR-048,Scooter,Zone E - West,Morning (6-11),Rain,Medium,2.48,1.52,1,40,18.9,0,4.46,26.05,4.7
DEL-11520,2026-05-06,RDR-010,Scooter,Zone A - Central,Afternoon (11-16),Cloudy,Medium,9.72,3.13,1,30,38.8,1,18.0,46.15,3.1
DEL-11124,2026-05-06,RDR-004,Motorbike,Zone D - East,Afternoon (11-16),Rain,Medium,3.81,3.52,1,40,22.5,0,9.38,26.71,4.9
DEL-11339,2026-05-06,RDR-005,Scooter,Zone C - South,Afternoon (11-16),Clear,Medium,6.62,3.16,2,35,28.7,0,11.11,36.07,4.8
DEL-11379,2026-05-06,RDR-028,Motorbike,Zone D - East,Afternoon (11-16),Clear,Low,3.6,1.28,2,40,13.9,0,8.79,34.64,4.9
DEL-11626,2026-05-06,RDR-015,Scooter,Zone A - Central,Evening (16-21),Clear,High,4.4,3.74,1,30,22.8,0,8.1,27.59,4.4
DEL-11445,2026-05-06,RDR-040,Scooter,Zone C - South,Morning (6-11),Clear,Medium,3.39,2.77,1,35,13.3,0,6.68,30.75,5.0
DEL-10096,2026-05-06,RDR-051,Motorbike,Zone C - South,Morning (6-11),Clear,Low,2.25,0.7,1,35,5.0,0,5.51,25.07,5.0
DEL-10258,2026-05-06,RDR-046,Motorbike,Zone B - North,Evening (16-21),Clear,High,2.96,2.88,3,35,19.8,0,6.39,31.22,5.0
DEL-10090,2026-05-06,RDR-051,Scooter,Zone D - East,Night (21-2),Cloudy,Medium,3.75,3.53,2,40,15.4,0,6.44,26.75,5.0
DEL-10501,2026-05-07,RDR-011,Motorbike,Zone D - East,Afternoon (11-16),Clear,Low,6.94,1.89,1,40,16.0,0,17.28,44.54,4.8
DEL-11650,2026-05-07,RDR-016,Scooter,Zone D - East,Afternoon (11-16),Cloudy,Low,1.18,2.53,1,40,9.8,0,2.25,27.34,5.0
DEL-11252,2026-05-07,RDR-026,Scooter,Zone C - South,Afternoon (11-16),Cloudy,Low,2.85,3.12,2,35,16.9,0,4.64,29.55,5.0
DEL-11510,2026-05-07,RDR-046,E-Bike,Zone B - North,Evening (16-21),Clear,High,1.09,3.6,2,35,11.4,0,0.65,21.99,4.8
DEL-10127,2026-05-07,RDR-020,E-Bike,Zone A - Central,Night (21-2),Rain,Medium,1.99,2.72,1,30,16.8,0,1.12,33.36,4.6
DEL-11330,2026-05-07,RDR-004,Motorbike,Zone C - South,Evening (16-21),Clear,Low,1.43,4.07,2,35,8.1,0,3.3,33.23,4.9
DEL-11201,2026-05-07,RDR-016,Scooter,Zone C - South,Afternoon (11-16),Rain,Low,6.78,0.43,2,35,29.7,0,12.97,41.46,4.8
DEL-11338,2026-05-07,RDR-048,Scooter,Zone C - South,Afternoon (11-16),Rain,Medium,4.05,0.87,1,35,19.1,0,7.26,32.17,5.0
DEL-11461,2026-05-07,RDR-048,Motorbike,Zone A - Central,Morning (6-11),Clear,Medium,4.8,5.4,1,30,18.5,0,11.55,38.85,5.0
DEL-11401,2026-05-07,RDR-051,Scooter,Zone A - Central,Afternoon (11-16),Rain,Medium,4.95,3.55,1,30,34.6,1,8.22,33.97,3.9
DEL-10515,2026-05-07,RDR-019,Scooter,Zone E - West,Afternoon (11-16),Clear,Low,9.51,0.73,1,40,33.0,0,16.44,41.56,4.8
DEL-11444,2026-05-07,RDR-041,E-Bike,Zone E - West,Afternoon (11-16),Clear,Medium,3.87,2.49,1,40,20.5,0,2.51,26.23,4.6
DEL-11827,2026-05-07,RDR-032,E-Bike,Zone C - South,Evening (16-21),Clear,Medium,1.54,2.17,1,35,4.8,0,0.91,26.18,4.9
DEL-10338,2026-05-07,RDR-040,Motorbike,Zone A - Central,Afternoon (11-16),Clear,Medium,5.87,1.03,1,30,23.8,0,13.96,42.45,4.9
DEL-10039,2026-05-07,RDR-010,Scooter,Zone A - Central,Night (21-2),Clear,High,1.16,0.45,2,30,6.8,0,2.26,26.29,4.6
DEL-11177,2026-05-07,RDR-025,Scooter,Zone E - West,Evening (16-21),Clear,High,3.03,0.8,2,40,18.9,0,5.07,25.5,5.0
DEL-10749,2026-05-07,RDR-044,Motorbike,Zone C - South,Morning (6-11),Cloudy,Medium,9.13,6.89,1,35,29.0,0,23.09,57.26,5.0
DEL-11580,2026-05-07,RDR-046,Scooter,Zone C - South,Afternoon (11-16),Clear,Medium,1.67,1.11,2,35,10.0,0,3.18,28.45,5.0
DEL-11106,2026-05-07,RDR-008,Scooter,Zone D - East,Morning (6-11),Clear,Low,3.92,1.53,2,40,15.6,0,7.48,32.07,5.0
DEL-11567,2026-05-07,RDR-059,Scooter,Zone D - East,Night (21-2),Cloudy,Low,3.06,1.26,2,40,18.0,0,5.59,29.63,5.0
DEL-11698,2026-05-07,RDR-010,E-Bike,Zone E - West,Evening (16-21),Rain,Medium,2.42,1.76,2,40,18.3,0,1.4,27.25,5.0
DEL-11792,2026-05-07,RDR-059,Motorbike,Zone C - South,Morning (6-11),Rain,Medium,3.42,1.21,3,35,13.5,0,7.51,30.22,4.3
DEL-10311,2026-05-07,RDR-059,Scooter,Zone E - West,Afternoon (11-16),Rain,Medium,8.08,2.51,1,40,40.8,1,15.38,39.57,3.8
DEL-11566,2026-05-07,RDR-041,Motorbike,Zone C - South,Evening (16-21),Cloudy,High,5.65,1.45,1,35,26.8,0,12.42,32.52,5.0
DEL-10442,2026-05-08,RDR-059,Scooter,Zone D - East,Evening (16-21),Clear,Medium,3.85,3.5,1,40,18.4,0,6.93,27.82,4.9
DEL-11075,2026-05-08,RDR-009,Scooter,Zone E - West,Evening (16-21),Clear,Low,5.25,1.6,3,40,17.2,0,9.44,33.26,4.4
DEL-10286,2026-05-08,RDR-053,Motorbike,Zone E - West,Afternoon (11-16),Rain,High,0.93,1.99,3,40,13.4,0,2.02,25.99,4.4
DEL-11113,2026-05-08,RDR-042,Motorbike,Zone A - Central,Afternoon (11-16),Cloudy,Low,1.58,0.52,2,30,7.6,0,3.55,27.04,4.6
DEL-10834,2026-05-08,RDR-059,Motorbike,Zone B - North,Night (21-2),Clear,High,2.57,2.43,1,35,16.5,0,6.48,28.76,5.0
DEL-11860,2026-05-08,RDR-030,Motorbike,Zone D - East,Evening (16-21),Clear,Low,2.16,1.31,2,40,12.6,0,4.95,27.32,5.0
DEL-10048,2026-05-08,RDR-034,Motorbike,Zone C - South,Night (21-2),Rain,High,5.45,2.17,3,35,36.5,1,11.34,36.62,3.4
DEL-10283,2026-05-08,RDR-018,Scooter,Zone A - Central,Afternoon (11-16),Clear,Medium,1.98,4.09,4,30,9.1,0,3.91,35.3,4.8
DEL-11569,2026-05-08,RDR-041,Motorbike,Zone E - West,Evening (16-21),Rain,Low,7.14,4.23,2,40,21.7,0,16.3,37.8,5.0
DEL-11024,2026-05-08,RDR-018,E-Bike,Zone A - Central,Evening (16-21),Rain,Medium,5.82,1.16,1,30,34.9,1,3.63,32.42,3.4
DEL-11606,2026-05-08,RDR-050,Scooter,Zone D - East,Evening (16-21),Rain,Low,1.6,3.42,1,40,5.8,0,2.95,29.33,4.7
DEL-10189,2026-05-08,RDR-052,Scooter,Zone D - East,Afternoon (11-16),Cloudy,Low,3.24,1.8,1,40,19.6,0,5.6,32.6,5.0
DEL-11243,2026-05-08,RDR-037,E-Bike,Zone D - East,Evening (16-21),Rain,Medium,1.46,5.78,1,40,13.9,0,0.89,27.55,4.6
DEL-10177,2026-05-08,RDR-009,Scooter,Zone C - South,Evening (16-21),Cloudy,Low,5.12,3.32,2,35,23.3,0,9.43,32.91,5.0
DEL-11493,2026-05-08,RDR-059,Scooter,Zone E - West,Morning (6-11),Clear,Medium,2.19,0.73,1,40,6.6,0,3.82,24.95,4.6
DEL-10175,2026-05-08,RDR-060,Scooter,Zone E - West,Afternoon (11-16),Rain,Medium,4.61,1.5,1,40,32.5,0,8.75,32.07,4.7
DEL-11639,2026-05-08,RDR-018,E-Bike,Zone A - Central,Morning (6-11),Clear,Low,2.13,9.0,2,30,17.1,0,1.26,43.26,4.8
DEL-11675,2026-05-08,RDR-024,Scooter,Zone B - North,Evening (16-21),Clear,Medium,1.8,2.4,2,35,9.5,0,3.42,22.5,5.0
DEL-11321,2026-05-08,RDR-053,Scooter,Zone A - Central,Night (21-2),Clear,Medium,2.24,1.0,1,30,10.5,0,3.74,28.91,5.0
DEL-10821,2026-05-08,RDR-036,Scooter,Zone A - Central,Night (21-2),Clear,Medium,1.39,2.93,1,30,10.0,0,2.61,30.27,5.0
DEL-10352,2026-05-08,RDR-051,Motorbike,Zone C - South,Night (21-2),Clear,Low,4.11,2.43,1,35,13.1,0,9.78,38.32,5.0
DEL-10677,2026-05-08,RDR-005,Scooter,Zone A - Central,Evening (16-21),Rain,Low,1.09,2.7,3,30,14.1,0,2.06,28.65,5.0
DEL-10391,2026-05-08,RDR-011,Scooter,Zone A - Central,Morning (6-11),Clear,Medium,1.07,3.97,1,30,12.6,0,1.86,24.47,5.0
DEL-11808,2026-05-08,RDR-028,Scooter,Zone A - Central,Night (21-2),Cloudy,Low,1.59,1.37,1,30,15.4,0,2.83,29.22,5.0
DEL-11790,2026-05-08,RDR-011,Scooter,Zone A - Central,Afternoon (11-16),Clear,Medium,1.63,0.96,4,30,16.1,0,2.72,26.56,5.0
DEL-11126,2026-05-08,RDR-037,Scooter,Zone D - East,Afternoon (11-16),Clear,Low,2.67,2.45,2,40,16.1,0,4.91,37.03,5.0
DEL-11538,2026-05-08,RDR-035,Scooter,Zone D - East,Morning (6-11),Clear,Medium,4.79,1.6,3,40,20.3,0,7.84,33.08,4.7
DEL-10358,2026-05-08,RDR-013,E-Bike,Zone C - South,Morning (6-11),Clear,High,3.74,3.04,3,35,22.3,0,2.04,30.61,4.8
DEL-10262,2026-05-09,RDR-007,Scooter,Zone E - West,Evening (16-21),Clear,Low,4.63,1.45,1,40,17.5,0,8.3,37.88,5.0
DEL-11451,2026-05-09,RDR-017,Motorbike,Zone D - East,Evening (16-21),Clear,Medium,5.8,0.8,1,40,18.9,0,13.31,39.38,4.8
DEL-10022,2026-05-09,RDR-004,Scooter,Zone E - West,Evening (16-21),Cloudy,High,3.1,0.53,1,40,18.2,0,5.8,35.54,4.9
DEL-10411,2026-05-09,RDR-020,E-Bike,Zone A - Central,Night (21-2),Clear,Medium,0.84,2.79,1,30,11.1,0,0.55,20.0,4.8
DEL-10337,2026-05-09,RDR-038,Motorbike,Zone B - North,Afternoon (11-16),Rain,Low,1.81,2.51,3,35,11.9,0,4.52,26.53,4.8
DEL-11473,2026-05-09,RDR-016,Scooter,Zone D - East,Morning (6-11),Cloudy,Medium,5.16,0.9,2,40,26.9,0,9.98,33.38,5.0
DEL-10032,2026-05-09,RDR-054,Scooter,Zone B - North,Afternoon (11-16),Clear,High,5.71,1.25,1,35,29.9,0,10.07,32.77,5.0
DEL-11546,2026-05-09,RDR-035,E-Bike,Zone A - Central,Morning (6-11),Clear,High,5.73,2.93,2,30,26.6,0,3.51,32.43,5.0
DEL-10570,2026-05-09,RDR-015,Motorbike,Zone B - North,Afternoon (11-16),Clear,Medium,5.06,4.02,3,35,21.0,0,10.87,39.07,4.8
DEL-10894,2026-05-09,RDR-032,Motorbike,Zone A - Central,Morning (6-11),Clear,Medium,4.38,7.07,4,30,16.4,0,10.09,35.98,5.0
DEL-11193,2026-05-09,RDR-054,Motorbike,Zone B - North,Evening (16-21),Rain,Low,3.12,0.85,1,35,12.4,0,7.52,30.34,4.7
DEL-11179,2026-05-09,RDR-004,Motorbike,Zone D - East,Morning (6-11),Rain,Medium,3.49,8.13,1,40,18.4,0,7.53,37.98,4.8
DEL-11645,2026-05-09,RDR-056,Motorbike,Zone A - Central,Evening (16-21),Clear,Medium,2.1,1.66,2,30,10.1,0,4.87,32.11,5.0
DEL-11033,2026-05-09,RDR-052,Scooter,Zone A - Central,Evening (16-21),Clear,Medium,7.98,0.83,1,30,28.7,0,15.11,42.68,5.0
DEL-10888,2026-05-09,RDR-003,Scooter,Zone D - East,Afternoon (11-16),Clear,Low,7.56,3.71,2,40,21.0,0,13.8,38.23,5.0
DEL-10705,2026-05-09,RDR-021,E-Bike,Zone D - East,Evening (16-21),Clear,High,7.65,3.51,1,40,41.5,1,4.71,32.86,3.3
DEL-10584,2026-05-09,RDR-031,Motorbike,Zone C - South,Afternoon (11-16),Cloudy,Medium,1.69,2.58,4,35,15.0,0,3.91,26.41,4.7
DEL-10709,2026-05-09,RDR-041,Motorbike,Zone B - North,Evening (16-21),Cloudy,High,1.98,2.32,1,35,17.7,0,4.89,26.93,4.6
DEL-11366,2026-05-09,RDR-015,Motorbike,Zone B - North,Evening (16-21),Clear,Medium,10.4,0.78,3,35,32.2,0,22.45,49.07,5.0
DEL-10905,2026-05-09,RDR-051,E-Bike,Zone A - Central,Evening (16-21),Clear,Low,8.01,1.91,2,30,25.1,0,5.09,27.46,4.8
DEL-11003,2026-05-09,RDR-012,Motorbike,Zone C - South,Afternoon (11-16),Clear,High,9.39,4.63,1,35,41.9,1,22.26,46.85,3.7
DEL-11368,2026-05-09,RDR-018,Scooter,Zone A - Central,Evening (16-21),Cloudy,Low,3.78,0.75,4,30,10.0,0,6.77,31.04,4.8
DEL-11865,2026-05-09,RDR-031,E-Bike,Zone B - North,Morning (6-11),Clear,High,8.53,3.12,2,35,46.0,1,5.46,26.51,4.0
DEL-11744,2026-05-09,RDR-030,Scooter,Zone A - Central,Afternoon (11-16),Clear,Medium,2.64,2.46,2,30,17.6,0,5.09,27.35,5.0
DEL-11025,2026-05-10,RDR-057,Motorbike,Zone B - North,Afternoon (11-16),Clear,Medium,3.73,3.29,3,35,17.4,0,9.16,32.84,4.5
DEL-10854,2026-05-10,RDR-056,Scooter,Zone A - Central,Afternoon (11-16),Cloudy,Low,3.91,2.39,2,30,13.8,0,7.02,31.31,4.8
DEL-10812,2026-05-10,RDR-029,Scooter,Zone D - East,Evening (16-21),Clear,Low,5.07,1.69,3,40,13.4,0,9.01,34.47,4.7
DEL-11734,2026-05-10,RDR-010,Scooter,Zone A - Central,Evening (16-21),Cloudy,Low,3.22,2.87,1,30,14.6,0,5.44,30.18,5.0
DEL-11548,2026-05-10,RDR-045,Scooter,Zone B - North,Afternoon (11-16),Clear,High,2.43,0.91,1,35,17.2,0,3.98,30.01,4.8
DEL-11542,2026-05-10,RDR-022,Motorbike,Zone A - Central,Afternoon (11-16),Rain,Medium,7.84,1.1,1,30,37.6,1,17.18,39.6,3.6
DEL-10504,2026-05-10,RDR-035,Motorbike,Zone A - Central,Morning (6-11),Clear,Low,8.53,2.76,2,30,21.7,0,18.52,42.73,5.0
DEL-11657,2026-05-10,RDR-021,Scooter,Zone C - South,Morning (6-11),Rain,Medium,7.71,2.33,2,35,42.7,1,13.02,40.55,3.8
DEL-11536,2026-05-10,RDR-058,Scooter,Zone A - Central,Evening (16-21),Clear,High,2.82,1.1,1,30,13.7,0,4.73,32.54,5.0
DEL-11420,2026-05-10,RDR-041,Scooter,Zone D - East,Night (21-2),Clear,Low,7.13,0.5,1,40,19.0,0,13.39,37.54,5.0
DEL-11281,2026-05-10,RDR-007,Motorbike,Zone A - Central,Night (21-2),Clear,Low,1.61,1.76,1,30,4.0,0,3.52,20.16,4.7
DEL-10398,2026-05-10,RDR-023,Motorbike,Zone C - South,Night (21-2),Clear,Medium,1.25,1.27,2,35,17.7,0,3.03,27.8,4.9
DEL-11516,2026-05-10,RDR-006,Motorbike,Zone A - Central,Afternoon (11-16),Cloudy,Low,3.6,1.86,2,30,16.5,0,7.9,31.15,5.0
DEL-10674,2026-05-10,RDR-060,Scooter,Zone E - West,Morning (6-11),Clear,Low,12.65,8.92,1,40,35.6,0,24.23,53.69,5.0
DEL-10624,2026-05-10,RDR-052,Motorbike,Zone B - North,Morning (6-11),Rain,High,3.82,2.71,1,35,28.5,0,8.74,40.02,4.4
DEL-10613,2026-05-10,RDR-049,Scooter,Zone D - East,Morning (6-11),Clear,Low,2.86,4.35,1,40,12.9,0,5.39,27.38,4.9
DEL-10590,2026-05-10,RDR-009,Scooter,Zone D - East,Evening (16-21),Clear,Medium,3.57,1.23,1,40,14.6,0,7.01,33.45,4.9
DEL-10446,2026-05-10,RDR-045,E-Bike,Zone A - Central,Evening (16-21),Clear,High,3.12,2.98,3,30,19.9,0,1.92,23.6,4.9
DEL-10464,2026-05-10,RDR-025,E-Bike,Zone C - South,Night (21-2),Cloudy,High,2.74,0.24,1,35,18.0,0,1.59,31.43,4.6
DEL-11859,2026-05-10,RDR-058,Motorbike,Zone E - West,Morning (6-11),Clear,Low,9.34,2.7,1,40,29.9,0,21.79,46.02,4.5
DEL-10522,2026-05-10,RDR-026,E-Bike,Zone B - North,Morning (6-11),Rain,High,3.21,3.51,1,35,23.2,0,1.95,25.49,5.0
DEL-11205,2026-05-10,RDR-028,Motorbike,Zone E - West,Morning (6-11),Clear,Low,3.01,1.7,2,40,18.6,0,6.76,31.7,5.0
DEL-10247,2026-05-10,RDR-041,E-Bike,Zone E - West,Evening (16-21),Clear,High,3.35,2.52,1,40,22.9,0,2.05,27.52,4.9
DEL-11578,2026-05-10,RDR-053,Motorbike,Zone D - East,Morning (6-11),Rain,High,2.97,1.35,1,40,20.0,0,6.28,32.1,4.9
DEL-10164,2026-05-10,RDR-014,Scooter,Zone B - North,Afternoon (11-16),Clear,Low,4.17,0.66,1,35,17.3,0,7.99,35.24,5.0
DEL-10114,2026-05-10,RDR-060,Motorbike,Zone C - South,Afternoon (11-16),Clear,Low,2.02,1.71,1,35,6.7,0,4.69,30.76,4.9
DEL-11951,2026-05-10,RDR-026,Scooter,Zone E - West,Evening (16-21),Clear,Low,2.64,2.3,1,40,14.0,0,4.56,22.39,4.8
DEL-10071,2026-05-10,RDR-030,Scooter,Zone C - South,Afternoon (11-16),Cloudy,Medium,7.75,2.48,1,35,28.8,0,13.28,39.7,5.0
DEL-11960,2026-05-10,RDR-044,Scooter,Zone C - South,Evening (16-21),Clear,High,7.58,1.64,1,35,43.9,1,13.29,36.25,3.7
DEL-11334,2026-05-11,RDR-003,E-Bike,Zone E - West,Afternoon (11-16),Rain,Medium,4.03,0.98,1,40,31.2,0,2.56,31.16,5.0
DEL-11052,2026-05-11,RDR-027,E-Bike,Zone A - Central,Morning (6-11),Clear,High,3.59,2.88,1,30,22.4,0,1.96,24.37,4.8
DEL-11308,2026-05-11,RDR-018,Scooter,Zone B - North,Morning (6-11),Rain,High,5.86,4.45,1,35,36.7,1,11.21,31.73,3.3
DEL-10138,2026-05-11,RDR-014,Scooter,Zone A - Central,Evening (16-21),Cloudy,Medium,2.66,0.34,1,30,12.7,0,5.13,33.55,4.5
DEL-10953,2026-05-11,RDR-059,E-Bike,Zone B - North,Evening (16-21),Cloudy,Low,2.64,1.59,1,35,14.9,0,1.56,23.0,5.0
DEL-11482,2026-05-11,RDR-003,Motorbike,Zone A - Central,Evening (16-21),Clear,Medium,1.31,4.83,1,30,4.0,0,3.14,27.58,4.9
DEL-11686,2026-05-11,RDR-045,E-Bike,Zone E - West,Afternoon (11-16),Clear,Medium,3.08,1.23,2,40,17.8,0,1.95,29.45,5.0
DEL-10255,2026-05-11,RDR-030,Motorbike,Zone C - South,Night (21-2),Cloudy,Medium,6.11,4.84,2,35,24.0,0,14.56,42.52,5.0
DEL-11847,2026-05-11,RDR-046,Scooter,Zone C - South,Afternoon (11-16),Cloudy,Medium,8.12,1.38,3,35,36.4,1,13.45,35.3,3.8
DEL-11954,2026-05-11,RDR-022,E-Bike,Zone A - Central,Morning (6-11),Clear,High,1.65,3.07,1,30,10.4,0,1.01,25.53,4.9
DEL-10166,2026-05-11,RDR-018,Scooter,Zone C - South,Morning (6-11),Clear,Medium,5.51,0.95,4,35,21.2,0,9.85,36.12,5.0
DEL-10693,2026-05-12,RDR-033,Scooter,Zone B - North,Morning (6-11),Clear,High,6.63,3.68,3,35,33.6,0,12.77,35.16,4.9
DEL-11453,2026-05-12,RDR-037,Motorbike,Zone B - North,Morning (6-11),Clear,Medium,2.39,4.34,1,35,12.6,0,4.99,28.07,5.0
DEL-10450,2026-05-12,RDR-056,Motorbike,Zone A - Central,Evening (16-21),Clear,High,1.95,3.15,4,30,12.2,0,4.57,26.88,4.6
DEL-11909,2026-05-12,RDR-020,Scooter,Zone B - North,Morning (6-11),Clear,Medium,3.0,2.96,2,35,8.6,0,5.08,28.79,5.0
DEL-10075,2026-05-12,RDR-017,Motorbike,Zone E - West,Afternoon (11-16),Clear,Low,2.06,3.92,1,40,15.2,0,5.05,26.89,5.0
DEL-11549,2026-05-12,RDR-053,Motorbike,Zone C - South,Night (21-2),Clear,Medium,6.8,2.42,1,35,29.2,0,15.23,38.38,5.0
DEL-11845,2026-05-12,RDR-056,Scooter,Zone C - South,Afternoon (11-16),Clear,Medium,2.21,2.15,1,35,13.3,0,3.62,33.86,5.0
DEL-11396,2026-05-12,RDR-051,Scooter,Zone D - East,Morning (6-11),Clear,Low,5.6,1.23,2,40,23.2,0,10.22,37.48,5.0
DEL-11228,2026-05-12,RDR-012,E-Bike,Zone A - Central,Afternoon (11-16),Clear,High,1.21,2.85,1,30,10.2,0,0.66,25.65,5.0
DEL-10402,2026-05-12,RDR-008,Motorbike,Zone B - North,Evening (16-21),Clear,Low,12.97,2.72,1,35,35.8,1,27.29,58.4,3.8
DEL-10217,2026-05-12,RDR-002,Motorbike,Zone B - North,Afternoon (11-16),Clear,Medium,3.25,3.69,1,35,22.1,0,7.89,36.69,4.9
DEL-10457,2026-05-12,RDR-029,Motorbike,Zone C - South,Afternoon (11-16),Clear,Medium,2.73,1.69,1,35,17.9,0,6.29,32.14,5.0
DEL-11979,2026-05-12,RDR-032,E-Bike,Zone B - North,Evening (16-21),Clear,Medium,1.55,4.41,3,35,11.3,0,0.96,26.39,4.8
DEL-11929,2026-05-12,RDR-031,Scooter,Zone A - Central,Night (21-2),Rain,Low,4.75,2.3,1,30,25.7,0,9.22,31.95,4.8
DEL-11726,2026-05-12,RDR-060,Motorbike,Zone A - Central,Evening (16-21),Clear,Low,3.63,1.74,1,30,11.3,0,8.21,35.65,4.8
DEL-11682,2026-05-12,RDR-033,Motorbike,Zone D - East,Afternoon (11-16),Rain,Medium,2.98,1.17,1,40,19.3,0,6.77,34.37,4.9
DEL-10409,2026-05-12,RDR-038,Scooter,Zone B - North,Afternoon (11-16),Clear,High,7.75,2.76,1,35,40.7,1,13.16,36.48,4.0
DEL-10517,2026-05-12,RDR-058,E-Bike,Zone B - North,Night (21-2),Rain,Medium,2.83,1.52,1,35,18.7,0,1.7,20.78,4.6
DEL-11441,2026-05-12,RDR-040,Scooter,Zone C - South,Morning (6-11),Clear,Low,5.83,1.89,1,35,12.5,0,11.3,43.07,5.0
DEL-11972,2026-05-13,RDR-041,Scooter,Zone A - Central,Night (21-2),Cloudy,Low,3.62,2.38,1,30,11.0,0,6.42,29.88,4.8
DEL-10028,2026-05-13,RDR-011,Motorbike,Zone A - Central,Evening (16-21),Cloudy,Medium,6.44,1.36,4,30,22.3,0,13.99,42.47,4.9
DEL-11090,2026-05-13,RDR-036,E-Bike,Zone B - North,Afternoon (11-16),Clear,Low,6.31,0.36,2,35,24.5,0,3.92,35.86,5.0
DEL-11253,2026-05-13,RDR-046,Scooter,Zone A - Central,Afternoon (11-16),Clear,High,0.97,2.0,2,30,9.9,0,1.78,25.55,5.0
DEL-10921,2026-05-13,RDR-029,Motorbike,Zone D - East,Morning (6-11),Cloudy,Low,2.44,0.33,3,40,9.3,0,5.63,32.26,4.5
DEL-10078,2026-05-13,RDR-003,Scooter,Zone E - West,Afternoon (11-16),Cloudy,Medium,4.1,0.6,1,40,21.8,0,8.05,30.12,5.0
DEL-10604,2026-05-13,RDR-033,Scooter,Zone A - Central,Afternoon (11-16),Cloudy,Medium,1.26,1.36,1,30,7.9,0,2.27,25.26,4.7
DEL-11111,2026-05-13,RDR-045,Scooter,Zone A - Central,Evening (16-21),Rain,High,3.92,5.39,2,30,29.6,0,6.73,35.98,4.9
DEL-11587,2026-05-13,RDR-006,Scooter,Zone D - East,Afternoon (11-16),Clear,Medium,4.94,1.04,1,40,13.0,0,8.68,32.83,4.7
DEL-11197,2026-05-13,RDR-046,E-Bike,Zone E - West,Night (21-2),Clear,High,2.89,1.94,1,40,23.2,0,1.7,31.65,5.0
DEL-10779,2026-05-13,RDR-040,Motorbike,Zone A - Central,Afternoon (11-16),Clear,Low,6.86,1.73,2,30,20.0,0,15.51,37.84,5.0
DEL-11032,2026-05-13,RDR-048,Scooter,Zone D - East,Afternoon (11-16),Clear,Medium,1.91,1.87,3,40,13.5,0,3.37,26.93,5.0
DEL-10302,2026-05-13,RDR-035,Motorbike,Zone C - South,Evening (16-21),Cloudy,Medium,3.39,1.63,2,35,20.8,0,7.95,36.48,5.0
DEL-11337,2026-05-13,RDR-007,Motorbike,Zone D - East,Night (21-2),Clear,Low,8.37,3.95,1,40,22.3,0,20.2,40.17,4.9
DEL-11132,2026-05-13,RDR-013,Scooter,Zone E - West,Evening (16-21),Clear,Medium,0.74,1.91,4,40,6.0,0,1.32,22.77,5.0
DEL-11237,2026-05-13,RDR-059,Motorbike,Zone E - West,Morning (6-11),Cloudy,High,0.9,1.23,1,40,5.5,0,2.23,22.75,4.5
DEL-11206,2026-05-13,RDR-057,Motorbike,Zone E - West,Evening (16-21),Cloudy,Low,6.71,3.06,1,40,25.4,0,16.42,39.28,4.7
DEL-11145,2026-05-13,RDR-050,E-Bike,Zone B - North,Afternoon (11-16),Rain,Medium,1.69,1.08,2,35,16.4,0,1.02,26.37,4.9
DEL-10453,2026-05-14,RDR-027,E-Bike,Zone B - North,Afternoon (11-16),Cloudy,Medium,1.2,2.57,1,35,11.6,0,0.75,24.27,5.0
DEL-10576,2026-05-14,RDR-006,Scooter,Zone E - West,Evening (16-21),Clear,High,1.16,2.26,1,40,6.4,0,1.92,30.05,4.9
DEL-10872,2026-05-14,RDR-013,Motorbike,Zone E - West,Evening (16-21),Clear,Medium,6.58,4.94,1,40,24.4,0,14.74,31.49,4.7
DEL-11748,2026-05-14,RDR-048,Motorbike,Zone B - North,Morning (6-11),Rain,Medium,3.92,0.55,1,35,16.6,0,8.4,36.1,4.6
DEL-10929,2026-05-14,RDR-058,Scooter,Zone B - North,Night (21-2),Rain,Medium,0.99,2.02,1,35,11.6,0,1.78,28.03,5.0
DEL-10348,2026-05-14,RDR-040,Scooter,Zone C - South,Afternoon (11-16),Cloudy,Medium,1.81,1.85,2,35,13.1,0,3.03,25.78,5.0
DEL-11492,2026-05-14,RDR-020,Scooter,Zone E - West,Afternoon (11-16),Clear,Medium,9.73,4.23,2,40,37.3,0,19.01,42.48,5.0
DEL-10879,2026-05-14,RDR-013,Scooter,Zone A - Central,Morning (6-11),Cloudy,Low,6.6,1.58,1,30,20.5,0,12.93,39.93,4.8
DEL-10016,2026-05-14,RDR-044,Scooter,Zone B - North,Afternoon (11-16),Rain,Low,6.33,0.45,2,35,36.3,1,12.26,35.5,3.8
DEL-11517,2026-05-14,RDR-032,E-Bike,Zone B - North,Evening (16-21),Cloudy,Low,3.52,2.63,1,35,11.4,0,2.09,30.14,5.0
DEL-11372,2026-05-14,RDR-042,E-Bike,Zone A - Central,Morning (6-11),Clear,Low,6.06,3.6,1,30,20.4,0,3.29,32.06,4.9
DEL-10152,2026-05-14,RDR-042,Scooter,Zone D - East,Morning (6-11),Cloudy,Low,1.27,3.11,1,40,7.6,0,2.48,30.61,4.8
DEL-11381,2026-05-14,RDR-040,Scooter,Zone B - North,Afternoon (11-16),Clear,Low,3.59,1.82,1,35,18.5,0,6.48,33.9,4.5
DEL-10754,2026-05-14,RDR-041,Scooter,Zone E - West,Night (21-2),Rain,Low,4.57,1.89,1,40,18.0,0,7.68,33.08,4.7
DEL-10743,2026-05-14,RDR-039,Motorbike,Zone A - Central,Morning (6-11),Rain,High,7.54,5.25,1,30,47.1,1,16.82,39.78,3.3
DEL-10707,2026-05-14,RDR-033,E-Bike,Zone A - Central,Evening (16-21),Clear,Medium,1.73,2.05,3,30,4.7,0,1.12,26.13,4.9
DEL-11912,2026-05-14,RDR-022,E-Bike,Zone A - Central,Morning (6-11),Cloudy,Medium,1.88,1.1,2,30,13.0,0,1.06,21.41,5.0
DEL-10571,2026-05-14,RDR-032,Motorbike,Zone E - West,Afternoon (11-16),Cloudy,Low,5.25,3.05,1,40,18.7,0,11.12,37.66,5.0
DEL-10041,2026-05-14,RDR-027,Motorbike,Zone C - South,Afternoon (11-16),Clear,Low,3.62,1.33,1,35,11.6,0,7.96,32.85,5.0
DEL-11700,2026-05-14,RDR-019,E-Bike,Zone C - South,Evening (16-21),Clear,High,3.08,2.14,2,35,22.7,0,2.03,31.0,4.9
DEL-11135,2026-05-14,RDR-028,Scooter,Zone C - South,Evening (16-21),Clear,Medium,4.12,3.5,1,35,21.4,0,8.03,39.83,4.9
DEL-11268,2026-05-14,RDR-056,Motorbike,Zone C - South,Morning (6-11),Rain,Medium,6.7,2.06,1,35,30.5,0,16.74,39.44,4.6
DEL-11582,2026-05-14,RDR-014,Motorbike,Zone B - North,Morning (6-11),Cloudy,Low,6.92,3.93,4,35,20.5,0,14.96,45.83,5.0
DEL-11045,2026-05-14,RDR-045,Motorbike,Zone D - East,Morning (6-11),Clear,Medium,7.46,3.27,1,40,26.6,0,18.61,37.81,5.0
DEL-10365,2026-05-15,RDR-008,Scooter,Zone A - Central,Evening (16-21),Cloudy,Medium,8.96,0.83,3,30,41.6,1,17.1,37.07,4.0
DEL-11167,2026-05-15,RDR-037,Motorbike,Zone A - Central,Morning (6-11),Clear,Medium,3.31,3.65,3,30,9.3,0,7.47,30.43,4.5
DEL-10920,2026-05-15,RDR-007,E-Bike,Zone B - North,Evening (16-21),Rain,High,2.94,1.18,1,35,38.8,1,1.83,21.32,4.4
DEL-10771,2026-05-15,RDR-011,E-Bike,Zone A - Central,Afternoon (11-16),Clear,High,6.3,0.92,1,30,37.2,1,4.0,29.55,3.5
DEL-11757,2026-05-15,RDR-038,Motorbike,Zone B - North,Night (21-2),Clear,High,4.13,1.24,1,35,21.2,0,9.68,32.77,4.9
DEL-11993,2026-05-15,RDR-033,Scooter,Zone A - Central,Evening (16-21),Clear,Medium,5.26,1.86,1,30,21.1,0,9.86,32.49,5.0
DEL-11964,2026-05-15,RDR-038,Motorbike,Zone A - Central,Afternoon (11-16),Clear,Medium,2.31,1.89,1,30,19.6,0,4.8,29.03,4.8
DEL-10856,2026-05-15,RDR-041,Scooter,Zone A - Central,Morning (6-11),Clear,Medium,3.97,2.54,3,30,19.0,0,7.22,27.72,5.0
DEL-10763,2026-05-15,RDR-038,Motorbike,Zone B - North,Night (21-2),Clear,Low,1.35,1.04,4,35,13.7,0,2.85,26.58,4.8
DEL-10146,2026-05-15,RDR-027,Motorbike,Zone B - North,Afternoon (11-16),Clear,Medium,2.39,2.72,1,35,10.0,0,5.27,31.5,5.0
DEL-11352,2026-05-15,RDR-041,Scooter,Zone E - West,Night (21-2),Clear,Medium,3.28,1.33,4,40,15.3,0,6.46,31.65,4.8
DEL-11335,2026-05-15,RDR-001,Motorbike,Zone D - East,Morning (6-11),Rain,Low,2.57,6.36,2,40,14.9,0,5.35,30.99,4.7
DEL-11780,2026-05-15,RDR-053,Scooter,Zone B - North,Afternoon (11-16),Cloudy,Medium,2.2,3.17,3,35,12.4,0,3.62,27.62,5.0
DEL-11123,2026-05-15,RDR-006,E-Bike,Zone B - North,Night (21-2),Clear,High,2.39,1.05,3,35,23.6,0,1.34,20.0,4.9
DEL-10017,2026-05-15,RDR-004,Motorbike,Zone E - West,Evening (16-21),Rain,Medium,1.35,2.63,1,40,14.8,0,3.36,26.77,4.7
DEL-11015,2026-05-15,RDR-052,E-Bike,Zone B - North,Morning (6-11),Clear,High,5.12,3.57,2,35,32.3,0,3.27,28.4,4.6
DEL-10608,2026-05-15,RDR-053,Motorbike,Zone D - East,Evening (16-21),Rain,High,11.49,3.53,1,40,78.4,1,29.0,53.9,3.2
DEL-10606,2026-05-15,RDR-013,Scooter,Zone A - Central,Evening (16-21),Cloudy,Low,2.0,2.44,2,30,10.6,0,3.44,31.08,5.0
DEL-10004,2026-05-15,RDR-037,Scooter,Zone A - Central,Evening (16-21),Clear,Low,4.71,1.08,2,30,22.2,0,8.68,34.18,5.0
DEL-11770,2026-05-15,RDR-002,Motorbike,Zone C - South,Evening (16-21),Cloudy,Medium,2.26,4.19,2,35,9.8,0,5.17,30.36,5.0
DEL-10710,2026-05-15,RDR-015,Motorbike,Zone D - East,Evening (16-21),Clear,Low,3.27,3.09,4,40,15.3,0,7.4,28.47,4.8
DEL-11885,2026-05-15,RDR-051,Motorbike,Zone E - West,Evening (16-21),Clear,High,2.03,2.22,2,40,16.9,0,4.63,31.27,4.8
DEL-11019,2026-05-15,RDR-060,Scooter,Zone D - East,Evening (16-21),Rain,Medium,5.17,0.56,3,40,27.6,0,10.24,35.88,4.8
DEL-10045,2026-05-15,RDR-060,Motorbike,Zone D - East,Morning (6-11),Clear,High,10.16,0.97,1,40,40.4,1,24.46,50.02,3.9
DEL-11867,2026-05-15,RDR-058,Scooter,Zone D - East,Morning (6-11),Clear,Medium,1.27,0.88,1,40,8.7,0,2.38,31.86,5.0
DEL-10635,2026-05-15,RDR-047,Scooter,Zone D - East,Evening (16-21),Rain,Medium,3.17,3.69,2,40,19.5,0,6.27,27.64,5.0
DEL-11391,2026-05-15,RDR-023,Scooter,Zone E - West,Night (21-2),Clear,Low,2.52,3.67,3,40,7.1,0,4.56,25.97,5.0
DEL-10496,2026-05-15,RDR-007,Motorbike,Zone C - South,Night (21-2),Clear,Medium,2.14,2.94,1,35,12.5,0,4.56,28.82,4.9
DEL-10669,2026-05-15,RDR-020,Scooter,Zone B - North,Evening (16-21),Cloudy,Low,9.63,2.07,2,35,30.8,0,18.58,42.6,5.0
DEL-10484,2026-05-15,RDR-002,Motorbike,Zone B - North,Evening (16-21),Clear,Low,7.73,1.51,1,35,24.9,0,18.14,45.37,5.0
DEL-10726,2026-05-15,RDR-010,Scooter,Zone A - Central,Afternoon (11-16),Rain,Medium,2.79,1.19,1,30,19.7,0,5.06,32.28,5.0
DEL-10043,2026-05-15,RDR-039,E-Bike,Zone A - Central,Evening (16-21),Clear,Low,3.83,2.2,1,30,14.7,0,2.16,30.85,5.0
DEL-10159,2026-05-15,RDR-031,Motorbike,Zone D - East,Evening (16-21),Clear,High,1.6,1.6,1,40,14.5,0,3.38,28.71,4.9
DEL-10003,2026-05-15,RDR-050,Motorbike,Zone A - Central,Night (21-2),Clear,Medium,2.19,0.96,1,30,14.2,0,4.62,28.44,5.0
DEL-10984,2026-05-15,RDR-009,Motorbike,Zone C - South,Morning (6-11),Clear,High,5.3,0.79,4,35,21.1,0,12.52,36.67,5.0
DEL-10401,2026-05-16,RDR-047,E-Bike,Zone A - Central,Night (21-2),Clear,High,6.59,2.17,1,30,39.7,1,3.78,29.1,3.7
DEL-10167,2026-05-16,RDR-020,Scooter,Zone A - Central,Evening (16-21),Clear,High,1.84,0.37,3,30,11.1,0,3.18,29.93,4.4
DEL-10082,2026-05-16,RDR-008,Scooter,Zone B - North,Morning (6-11),Cloudy,Medium,2.98,3.48,2,35,15.1,0,4.9,27.8,5.0
DEL-10818,2026-05-16,RDR-004,Scooter,Zone A - Central,Evening (16-21),Rain,High,2.6,0.49,1,30,22.2,0,4.34,29.3,4.6
DEL-10214,2026-05-16,RDR-059,Motorbike,Zone D - East,Afternoon (11-16),Cloudy,High,4.4,3.83,2,40,22.4,0,10.31,41.47,4.8
DEL-10819,2026-05-16,RDR-005,Scooter,Zone B - North,Afternoon (11-16),Clear,Medium,6.68,4.37,3,35,29.4,0,11.9,39.92,4.5
DEL-10660,2026-05-16,RDR-026,Scooter,Zone B - North,Afternoon (11-16),Clear,Medium,3.79,0.93,2,35,13.2,0,6.63,30.8,5.0
DEL-11158,2026-05-16,RDR-014,E-Bike,Zone D - East,Evening (16-21),Clear,Medium,4.02,0.64,1,40,19.8,0,2.61,28.84,5.0
DEL-11796,2026-05-16,RDR-043,Motorbike,Zone C - South,Night (21-2),Clear,High,3.89,1.72,2,35,20.9,0,8.62,34.63,4.9
DEL-10775,2026-05-16,RDR-060,Scooter,Zone B - North,Morning (6-11),Cloudy,Low,4.52,1.04,2,35,14.1,0,7.61,29.11,4.7
DEL-11377,2026-05-16,RDR-024,Motorbike,Zone A - Central,Afternoon (11-16),Clear,Medium,3.47,2.99,1,30,17.0,0,7.7,31.79,4.9
DEL-10055,2026-05-16,RDR-027,E-Bike,Zone D - East,Afternoon (11-16),Clear,Medium,4.05,2.62,1,40,21.3,0,2.46,30.02,5.0
DEL-10397,2026-05-16,RDR-052,Scooter,Zone A - Central,Afternoon (11-16),Clear,Medium,3.4,2.52,2,30,20.9,0,6.19,29.4,4.8
DEL-10129,2026-05-16,RDR-035,Motorbike,Zone B - North,Afternoon (11-16),Clear,Low,3.82,1.98,1,35,13.8,0,8.89,36.49,5.0
DEL-10359,2026-05-16,RDR-018,Motorbike,Zone A - Central,Morning (6-11),Clear,Medium,7.05,1.94,1,30,31.8,1,15.5,40.31,4.0
DEL-10303,2026-05-16,RDR-052,Motorbike,Zone B - North,Morning (6-11),Clear,High,1.58,4.82,1,35,8.2,0,3.44,25.86,5.0
DEL-11588,2026-05-16,RDR-021,Scooter,Zone A - Central,Afternoon (11-16),Rain,Medium,1.89,2.97,2,30,14.4,0,3.3,31.66,4.6
DEL-11699,2026-05-16,RDR-018,Motorbike,Zone A - Central,Evening (16-21),Clear,Low,2.69,3.12,1,30,12.3,0,5.66,36.36,4.8
DEL-11274,2026-05-16,RDR-048,Motorbike,Zone E - West,Evening (16-21),Clear,Medium,2.94,4.34,1,40,8.9,0,7.18,30.48,4.8
DEL-10899,2026-05-16,RDR-050,Scooter,Zone A - Central,Night (21-2),Rain,Medium,3.15,5.66,2,30,25.4,0,5.9,36.52,4.9
DEL-11975,2026-05-16,RDR-037,E-Bike,Zone E - West,Morning (6-11),Rain,Low,4.61,4.91,2,40,24.5,0,2.69,31.55,4.7
DEL-10586,2026-05-17,RDR-026,Scooter,Zone A - Central,Night (21-2),Clear,Medium,15.51,5.77,3,30,57.8,1,28.8,52.97,4.0
DEL-10463,2026-05-17,RDR-006,Motorbike,Zone C - South,Evening (16-21),Clear,Low,7.24,1.31,2,35,26.7,0,17.65,44.3,4.8
DEL-10231,2026-05-17,RDR-039,Motorbike,Zone A - Central,Afternoon (11-16),Clear,High,3.2,4.49,2,30,21.1,0,7.98,32.01,4.9
DEL-10512,2026-05-17,RDR-028,E-Bike,Zone B - North,Evening (16-21),Clear,High,1.61,1.42,2,35,10.4,0,1.0,29.62,4.9
DEL-11056,2026-05-17,RDR-055,Motorbike,Zone C - South,Night (21-2),Clear,High,2.35,2.96,4,35,21.0,0,5.66,32.31,5.0
DEL-11674,2026-05-17,RDR-020,Motorbike,Zone C - South,Afternoon (11-16),Rain,Medium,7.11,3.38,1,35,32.2,0,16.63,41.72,4.9
DEL-11561,2026-05-17,RDR-016,Scooter,Zone D - East,Morning (6-11),Rain,Medium,1.98,4.87,2,40,17.8,0,3.5,26.97,4.9
DEL-11044,2026-05-17,RDR-019,E-Bike,Zone D - East,Afternoon (11-16),Cloudy,High,2.97,0.77,1,40,23.0,0,1.91,26.67,5.0
DEL-10387,2026-05-17,RDR-005,Scooter,Zone C - South,Afternoon (11-16),Clear,Medium,2.98,1.24,1,35,17.2,0,5.1,29.65,5.0
DEL-11462,2026-05-17,RDR-054,Scooter,Zone C - South,Evening (16-21),Clear,High,2.59,1.87,3,35,12.3,0,4.3,33.26,4.8
DEL-10927,2026-05-17,RDR-043,Motorbike,Zone E - West,Morning (6-11),Clear,Medium,5.91,2.15,3,40,18.5,0,14.16,38.46,4.8
DEL-11194,2026-05-17,RDR-012,Scooter,Zone B - North,Evening (16-21),Clear,High,4.13,1.26,1,35,19.7,0,8.03,36.81,5.0
DEL-10225,2026-05-17,RDR-040,Scooter,Zone B - North,Evening (16-21),Cloudy,Medium,3.58,2.3,1,35,10.3,0,6.81,29.5,5.0
DEL-11012,2026-05-17,RDR-040,E-Bike,Zone B - North,Morning (6-11),Clear,Low,2.37,1.92,2,35,15.2,0,1.49,20.0,5.0
DEL-11771,2026-05-17,RDR-021,Motorbike,Zone E - West,Afternoon (11-16),Cloudy,Medium,2.98,3.18,3,40,18.1,0,6.77,32.03,5.0
DEL-11693,2026-05-17,RDR-048,Scooter,Zone A - Central,Evening (16-21),Clear,Medium,9.21,1.78,1,30,37.1,1,17.3,43.5,4.1
DEL-10377,2026-05-17,RDR-051,Scooter,Zone D - East,Afternoon (11-16),Cloudy,High,2.64,2.19,1,40,18.9,0,4.98,23.22,5.0
DEL-10877,2026-05-17,RDR-045,Motorbike,Zone A - Central,Afternoon (11-16),Cloudy,Low,6.27,1.19,1,30,15.5,0,13.77,43.41,5.0
DEL-11116,2026-05-17,RDR-053,Scooter,Zone D - East,Evening (16-21),Clear,High,6.29,2.67,1,40,34.7,0,11.37,42.92,5.0
DEL-11484,2026-05-17,RDR-011,Scooter,Zone C - South,Night (21-2),Cloudy,Medium,2.93,3.46,2,35,19.0,0,5.08,31.45,4.7
DEL-11309,2026-05-17,RDR-024,E-Bike,Zone B - North,Afternoon (11-16),Rain,Low,5.85,3.19,3,35,32.9,0,3.31,33.17,4.8
DEL-11488,2026-05-18,RDR-042,Scooter,Zone A - Central,Morning (6-11),Clear,Medium,3.69,0.39,1,30,21.6,0,6.41,30.82,4.1
DEL-10960,2026-05-18,RDR-023,Scooter,Zone A - Central,Afternoon (11-16),Clear,Medium,2.94,1.43,1,30,16.5,0,4.83,29.84,4.9
DEL-11439,2026-05-18,RDR-017,Motorbike,Zone E - West,Evening (16-21),Cloudy,Low,3.41,3.47,1,40,16.3,0,7.34,28.11,5.0
DEL-11490,2026-05-18,RDR-046,Scooter,Zone A - Central,Evening (16-21),Clear,Low,1.58,5.16,3,30,12.9,0,3.12,28.32,4.8
DEL-10198,2026-05-18,RDR-022,E-Bike,Zone C - South,Evening (16-21),Clear,Low,9.86,1.16,1,35,31.9,0,5.91,29.55,5.0
DEL-11417,2026-05-18,RDR-060,Scooter,Zone C - South,Afternoon (11-16),Clear,Low,1.9,2.35,1,35,13.2,0,3.28,25.29,4.8
DEL-10998,2026-05-18,RDR-021,E-Bike,Zone B - North,Morning (6-11),Cloudy,Medium,4.94,2.37,1,35,21.5,0,2.68,21.05,5.0
DEL-10492,2026-05-18,RDR-043,Scooter,Zone D - East,Afternoon (11-16),Clear,Medium,6.49,0.5,1,40,23.2,0,11.52,31.13,5.0
DEL-11735,2026-05-18,RDR-007,E-Bike,Zone B - North,Evening (16-21),Cloudy,Medium,2.14,0.85,1,35,14.4,0,1.17,28.34,4.9
DEL-11013,2026-05-18,RDR-015,Scooter,Zone B - North,Morning (6-11),Cloudy,Low,4.39,0.34,1,35,19.5,0,7.51,36.6,5.0
DEL-10465,2026-05-18,RDR-031,Scooter,Zone A - Central,Afternoon (11-16),Clear,Low,2.82,0.66,1,30,7.3,0,4.65,28.95,5.0
DEL-10362,2026-05-18,RDR-001,Motorbike,Zone B - North,Afternoon (11-16),Cloudy,Low,1.8,2.02,1,35,4.7,0,4.46,26.13,5.0
DEL-11100,2026-05-18,RDR-006,Scooter,Zone A - Central,Evening (16-21),Clear,Low,4.22,4.68,1,30,12.8,0,7.55,30.99,5.0
DEL-11941,2026-05-18,RDR-057,Scooter,Zone E - West,Morning (6-11),Clear,Medium,3.48,2.05,2,40,21.0,0,6.41,35.2,5.0
DEL-11101,2026-05-18,RDR-020,E-Bike,Zone D - East,Evening (16-21),Clear,Low,2.53,3.64,2,40,15.3,0,1.38,24.5,5.0
DEL-10394,2026-05-18,RDR-047,Scooter,Zone E - West,Evening (16-21),Rain,High,10.71,1.7,1,40,77.1,1,20.92,46.46,3.7
DEL-10768,2026-05-18,RDR-059,Scooter,Zone C - South,Afternoon (11-16),Cloudy,High,1.5,1.56,1,35,10.8,0,2.54,31.96,5.0
DEL-11772,2026-05-18,RDR-006,E-Bike,Zone B - North,Morning (6-11),Clear,Low,1.25,4.35,2,35,13.6,0,0.73,25.06,5.0
DEL-11110,2026-05-18,RDR-052,E-Bike,Zone C - South,Night (21-2),Rain,Medium,8.38,1.19,2,35,52.0,1,4.66,30.76,3.4
DEL-11224,2026-05-18,RDR-022,Scooter,Zone A - Central,Night (21-2),Clear,High,2.32,1.18,2,30,14.6,0,4.09,28.21,4.9
DEL-10945,2026-05-18,RDR-027,Scooter,Zone A - Central,Night (21-2),Rain,High,0.72,1.92,2,30,10.8,0,1.28,29.5,5.0
DEL-11246,2026-05-18,RDR-060,Scooter,Zone C - South,Afternoon (11-16),Cloudy,Medium,2.54,1.25,2,35,15.0,0,4.17,31.32,5.0
DEL-11364,2026-05-18,RDR-004,Motorbike,Zone E - West,Afternoon (11-16),Clear,Medium,1.58,2.7,1,40,10.0,0,3.27,29.58,5.0
DEL-10629,2026-05-18,RDR-058,Scooter,Zone B - North,Evening (16-21),Clear,Medium,2.17,5.58,1,35,8.5,0,3.77,30.34,4.6
DEL-10820,2026-05-18,RDR-004,E-Bike,Zone E - West,Morning (6-11),Clear,Medium,2.63,3.17,4,40,16.7,0,1.61,30.16,5.0
DEL-11817,2026-05-19,RDR-002,Motorbike,Zone D - East,Afternoon (11-16),Clear,High,2.73,2.05,2,40,22.1,0,6.71,29.71,4.7
DEL-10170,2026-05-19,RDR-016,Motorbike,Zone D - East,Evening (16-21),Clear,Low,4.21,1.03,1,40,12.8,0,10.11,36.63,5.0
DEL-10477,2026-05-19,RDR-024,Motorbike,Zone D - East,Evening (16-21),Clear,Low,1.8,1.03,1,40,13.0,0,4.16,24.29,5.0
DEL-11615,2026-05-19,RDR-005,Motorbike,Zone A - Central,Night (21-2),Cloudy,Medium,1.02,2.41,1,30,13.9,0,2.52,29.9,5.0
DEL-11848,2026-05-19,RDR-059,E-Bike,Zone D - East,Evening (16-21),Clear,Low,2.95,1.76,1,40,12.6,0,1.63,29.83,5.0
DEL-10036,2026-05-19,RDR-021,Scooter,Zone A - Central,Afternoon (11-16),Rain,Medium,4.48,2.78,2,30,29.0,0,8.02,28.95,4.6
DEL-11831,2026-05-19,RDR-055,Motorbike,Zone D - East,Night (21-2),Clear,Medium,15.68,1.39,2,40,46.8,1,39.64,69.2,3.8
DEL-10909,2026-05-19,RDR-017,Scooter,Zone B - North,Night (21-2),Clear,Medium,3.53,4.86,1,35,12.9,0,6.28,27.88,5.0
DEL-11925,2026-05-19,RDR-047,Scooter,Zone A - Central,Morning (6-11),Cloudy,Low,7.88,1.85,1,30,32.4,1,13.1,42.23,3.7
DEL-10287,2026-05-19,RDR-038,Motorbike,Zone B - North,Morning (6-11),Clear,Medium,2.36,2.96,2,35,8.1,0,5.45,29.29,4.9
DEL-11046,2026-05-19,RDR-055,Scooter,Zone B - North,Afternoon (11-16),Clear,Medium,1.13,2.25,1,35,13.1,0,2.12,28.86,4.9
DEL-10134,2026-05-19,RDR-037,E-Bike,Zone D - East,Evening (16-21),Clear,Low,11.38,3.53,1,40,33.2,0,6.34,29.4,5.0
DEL-11479,2026-05-19,RDR-031,Scooter,Zone B - North,Morning (6-11),Clear,Medium,2.11,1.18,2,35,9.2,0,3.6,30.18,4.9
DEL-11523,2026-05-19,RDR-055,Scooter,Zone A - Central,Evening (16-21),Clear,Medium,2.98,5.3,2,30,19.9,0,5.88,28.13,5.0
DEL-11209,2026-05-19,RDR-027,E-Bike,Zone C - South,Evening (16-21),Clear,High,2.46,2.54,1,35,21.8,0,1.52,22.75,4.5
DEL-11773,2026-05-19,RDR-028,E-Bike,Zone D - East,Afternoon (11-16),Cloudy,Medium,1.67,2.88,2,40,12.8,0,1.0,24.7,4.9
DEL-11922,2026-05-19,RDR-032,Motorbike,Zone D - East,Evening (16-21),Clear,Low,3.13,3.18,1,40,12.9,0,7.39,29.51,4.8
DEL-11211,2026-05-19,RDR-041,Motorbike,Zone D - East,Night (21-2),Clear,Low,3.37,3.37,2,40,15.4,0,7.08,27.76,5.0
DEL-11066,2026-05-19,RDR-040,Scooter,Zone A - Central,Afternoon (11-16),Clear,Low,9.61,2.17,1,30,29.2,0,15.58,45.04,5.0
DEL-10717,2026-05-19,RDR-002,E-Bike,Zone E - West,Evening (16-21),Rain,Medium,9.15,2.25,1,40,54.3,1,5.86,32.9,3.0
DEL-10243,2026-05-19,RDR-028,Scooter,Zone E - West,Afternoon (11-16),Clear,Medium,4.08,4.96,2,40,15.5,0,7.1,30.97,4.7
DEL-10962,2026-05-19,RDR-060,Scooter,Zone B - North,Afternoon (11-16),Clear,High,1.89,0.77,2,35,12.2,0,3.4,31.43,5.0
DEL-11863,2026-05-20,RDR-056,Motorbike,Zone A - Central,Evening (16-21),Clear,Medium,3.43,1.46,1,30,13.9,0,7.45,31.9,5.0
DEL-10574,2026-05-20,RDR-003,E-Bike,Zone A - Central,Night (21-2),Cloudy,Low,6.94,1.44,3,30,25.3,0,3.95,24.52,4.7
DEL-10547,2026-05-20,RDR-052,Motorbike,Zone B - North,Afternoon (11-16),Cloudy,Medium,4.62,3.68,1,35,18.1,0,9.84,31.05,5.0
DEL-11864,2026-05-20,RDR-004,E-Bike,Zone A - Central,Evening (16-21),Cloudy,Medium,8.19,1.83,3,30,44.0,1,5.22,25.21,3.5
DEL-11991,2026-05-20,RDR-010,Scooter,Zone A - Central,Afternoon (11-16),Clear,Low,4.63,0.7,3,30,16.7,0,7.79,34.29,4.6
DEL-11038,2026-05-20,RDR-058,Scooter,Zone A - Central,Evening (16-21),Cloudy,Medium,1.9,2.17,1,30,8.0,0,3.32,31.55,5.0
DEL-11034,2026-05-20,RDR-049,Scooter,Zone A - Central,Afternoon (11-16),Clear,Medium,1.65,0.75,2,30,9.4,0,2.9,29.21,5.0
DEL-10315,2026-05-20,RDR-015,Motorbike,Zone A - Central,Afternoon (11-16),Clear,High,5.05,3.7,1,30,23.7,0,12.21,38.12,4.9
DEL-10108,2026-05-20,RDR-034,Scooter,Zone A - Central,Evening (16-21),Rain,Low,2.6,1.9,2,30,12.2,0,4.65,30.72,5.0
DEL-11894,2026-05-20,RDR-028,Motorbike,Zone D - East,Evening (16-21),Clear,Medium,2.65,1.38,1,40,14.5,0,6.21,32.47,5.0
DEL-10322,2026-05-20,RDR-051,Motorbike,Zone C - South,Morning (6-11),Cloudy,Medium,5.11,4.95,2,35,14.4,0,12.06,42.71,4.6
DEL-11264,2026-05-20,RDR-009,Scooter,Zone D - East,Evening (16-21),Rain,High,1.95,0.55,2,40,18.7,0,3.66,27.79,4.6
DEL-10488,2026-05-20,RDR-022,E-Bike,Zone C - South,Afternoon (11-16),Cloudy,Medium,3.51,3.2,1,35,22.7,0,2.21,25.94,4.9
DEL-11157,2026-05-20,RDR-047,E-Bike,Zone A - Central,Evening (16-21),Cloudy,Medium,4.84,1.33,1,30,25.7,0,2.67,29.15,4.8
DEL-10675,2026-05-20,RDR-025,E-Bike,Zone B - North,Afternoon (11-16),Rain,High,2.15,2.12,2,35,19.9,0,1.26,26.21,4.2
DEL-11959,2026-05-20,RDR-030,Motorbike,Zone A - Central,Afternoon (11-16),Cloudy,Low,4.77,1.96,2,30,22.6,0,10.45,34.55,5.0
DEL-10018,2026-05-20,RDR-048,Scooter,Zone A - Central,Afternoon (11-16),Clear,Medium,1.91,2.25,2,30,13.4,0,3.46,29.15,4.7
DEL-10218,2026-05-20,RDR-039,Motorbike,Zone E - West,Afternoon (11-16),Cloudy,Medium,1.51,0.85,4,40,11.0,0,3.18,32.19,4.9
DEL-10349,2026-05-20,RDR-039,Motorbike,Zone A - Central,Evening (16-21),Cloudy,Medium,2.9,2.77,1,30,8.1,0,6.33,28.22,4.8
DEL-11319,2026-05-20,RDR-039,Scooter,Zone D - East,Evening (16-21),Clear,High,10.11,2.99,1,40,51.7,1,17.17,41.3,3.6
DEL-10910,2026-05-20,RDR-054,Motorbike,Zone A - Central,Evening (16-21),Rain,Medium,3.55,1.43,2,30,27.0,0,8.2,30.35,5.0
DEL-10130,2026-05-20,RDR-047,Scooter,Zone A - Central,Evening (16-21),Clear,Medium,3.5,1.2,1,30,12.1,0,5.83,31.6,5.0
DEL-11982,2026-05-20,RDR-018,Motorbike,Zone A - Central,Afternoon (11-16),Rain,Medium,8.36,3.33,1,30,43.4,1,18.66,39.88,3.1
DEL-10904,2026-05-20,RDR-019,Scooter,Zone C - South,Evening (16-21),Rain,Low,1.72,2.44,2,35,11.2,0,3.29,27.68,5.0
DEL-10089,2026-05-21,RDR-028,Motorbike,Zone B - North,Night (21-2),Clear,Low,1.18,1.44,2,35,11.7,0,2.9,32.3,5.0
DEL-11154,2026-05-21,RDR-031,Motorbike,Zone B - North,Morning (6-11),Cloudy,Low,2.3,1.03,4,35,16.0,0,5.78,30.45,5.0
DEL-10086,2026-05-21,RDR-008,Motorbike,Zone A - Central,Night (21-2),Clear,High,4.3,2.71,2,30,19.5,0,9.05,32.98,5.0
DEL-11195,2026-05-21,RDR-018,E-Bike,Zone C - South,Morning (6-11),Cloudy,Medium,1.51,1.68,2,35,11.4,0,0.85,25.48,5.0
DEL-11219,2026-05-21,RDR-008,Scooter,Zone D - East,Morning (6-11),Clear,High,3.27,5.6,1,40,27.6,0,6.37,33.9,5.0
DEL-11870,2026-05-21,RDR-005,E-Bike,Zone B - North,Afternoon (11-16),Clear,High,2.47,8.61,1,35,19.0,0,1.53,35.57,4.6
DEL-11809,2026-05-21,RDR-001,Scooter,Zone A - Central,Evening (16-21),Clear,Low,5.15,0.74,2,30,17.1,0,9.6,29.04,5.0
DEL-10109,2026-05-21,RDR-019,Scooter,Zone E - West,Evening (16-21),Clear,High,4.46,0.52,2,40,23.2,0,8.45,30.88,5.0
DEL-11715,2026-05-21,RDR-041,E-Bike,Zone B - North,Afternoon (11-16),Clear,High,3.27,1.61,1,35,23.3,0,2.05,22.61,5.0
DEL-10961,2026-05-21,RDR-047,Motorbike,Zone B - North,Evening (16-21),Clear,Medium,1.97,6.11,1,35,11.5,0,4.31,32.53,4.8
DEL-11745,2026-05-21,RDR-018,Motorbike,Zone A - Central,Evening (16-21),Cloudy,Medium,6.22,1.36,2,30,23.7,0,14.91,39.23,4.9
DEL-10128,2026-05-21,RDR-002,Scooter,Zone E - West,Night (21-2),Clear,Low,3.76,0.69,1,40,6.0,0,6.66,34.89,5.0
DEL-10890,2026-05-21,RDR-056,Motorbike,Zone B - North,Afternoon (11-16),Clear,Medium,7.34,5.45,2,35,30.1,0,15.73,41.62,4.6
DEL-10859,2026-05-21,RDR-022,Scooter,Zone A - Central,Evening (16-21),Rain,Medium,5.68,0.48,2,30,32.5,1,11.16,39.86,4.0
DEL-10622,2026-05-21,RDR-057,Scooter,Zone B - North,Evening (16-21),Clear,Medium,5.44,2.33,1,35,20.9,0,10.1,38.56,4.9
DEL-10787,2026-05-21,RDR-001,Scooter,Zone A - Central,Evening (16-21),Rain,High,4.13,2.56,1,30,37.1,1,7.47,35.76,3.6
DEL-10633,2026-05-21,RDR-002,Motorbike,Zone A - Central,Afternoon (11-16),Rain,Medium,2.86,1.65,1,30,14.3,0,7.21,28.4,4.6
DEL-10715,2026-05-21,RDR-035,E-Bike,Zone B - North,Evening (16-21),Clear,Medium,1.17,2.14,1,35,10.4,0,0.67,23.86,5.0
DEL-11958,2026-05-21,RDR-022,Motorbike,Zone A - Central,Evening (16-21),Cloudy,Low,7.21,3.36,3,30,15.7,0,16.17,44.76,5.0
DEL-11468,2026-05-21,RDR-030,E-Bike,Zone E - West,Evening (16-21),Cloudy,Medium,2.56,1.96,1,40,15.5,0,1.54,24.99,4.8
DEL-10982,2026-05-21,RDR-005,Scooter,Zone D - East,Evening (16-21),Cloudy,High,1.01,2.42,1,40,9.2,0,1.89,34.1,4.7
DEL-10083,2026-05-21,RDR-043,Scooter,Zone E - West,Morning (6-11),Cloudy,Low,4.64,2.35,1,40,20.4,0,8.81,33.36,5.0
DEL-11552,2026-05-21,RDR-042,E-Bike,Zone C - South,Evening (16-21),Rain,Medium,5.38,1.96,1,35,36.4,1,3.28,26.16,3.6
DEL-10268,2026-05-21,RDR-005,Scooter,Zone A - Central,Evening (16-21),Cloudy,Medium,1.64,2.57,1,30,12.1,0,2.66,20.97,5.0
DEL-11553,2026-05-21,RDR-034,E-Bike,Zone C - South,Evening (16-21),Clear,Medium,2.64,1.31,2,35,12.0,0,1.71,27.12,4.8
DEL-11881,2026-05-21,RDR-007,E-Bike,Zone D - East,Evening (16-21),Cloudy,Medium,1.61,1.89,3,40,7.8,0,0.91,29.88,4.6
DEL-11521,2026-05-21,RDR-047,E-Bike,Zone B - North,Evening (16-21),Clear,Medium,5.18,3.68,1,35,32.8,0,3.34,28.43,4.6
DEL-10279,2026-05-21,RDR-025,Motorbike,Zone A - Central,Morning (6-11),Clear,Low,5.1,1.72,1,30,20.7,0,11.94,33.87,5.0
DEL-10227,2026-05-21,RDR-027,Scooter,Zone C - South,Morning (6-11),Cloudy,High,4.61,0.88,3,35,27.8,0,8.82,34.43,5.0
DEL-11487,2026-05-21,RDR-022,Motorbike,Zone A - Central,Morning (6-11),Cloudy,High,5.38,1.0,4,30,25.6,0,13.25,39.2,4.9
DEL-11565,2026-05-21,RDR-004,Scooter,Zone D - East,Afternoon (11-16),Clear,High,1.78,2.34,1,40,14.0,0,3.46,27.69,5.0
DEL-10355,2026-05-21,RDR-031,Motorbike,Zone A - Central,Afternoon (11-16),Clear,High,1.89,2.23,1,30,13.4,0,4.31,28.54,5.0
DEL-10007,2026-05-21,RDR-027,E-Bike,Zone D - East,Afternoon (11-16),Clear,Low,0.95,3.31,1,40,7.7,0,0.58,24.62,5.0
DEL-10010,2026-05-21,RDR-031,Scooter,Zone A - Central,Evening (16-21),Clear,High,2.76,2.16,1,30,10.6,0,4.67,29.92,5.0
DEL-11360,2026-05-22,RDR-014,E-Bike,Zone D - East,Evening (16-21),Clear,Medium,0.55,1.34,2,40,5.8,0,0.35,24.52,4.8
DEL-11431,2026-05-22,RDR-017,Motorbike,Zone E - West,Morning (6-11),Clear,Medium,2.64,2.71,1,40,11.6,0,5.82,27.66,5.0
DEL-11987,2026-05-22,RDR-005,Motorbike,Zone B - North,Afternoon (11-16),Rain,Medium,7.68,1.2,1,35,34.9,0,18.75,43.3,4.8
DEL-10125,2026-05-22,RDR-020,Scooter,Zone D - East,Morning (6-11),Cloudy,High,8.69,2.47,1,40,43.4,1,15.46,35.59,3.5
DEL-11791,2026-05-22,RDR-050,Motorbike,Zone A - Central,Evening (16-21),Cloudy,Low,3.3,4.12,2,30,11.6,0,6.88,32.08,4.7
DEL-10328,2026-05-22,RDR-015,Scooter,Zone C - South,Night (21-2),Clear,Medium,2.36,0.48,4,35,13.9,0,4.33,30.44,4.9
DEL-10466,2026-05-22,RDR-009,Scooter,Zone B - North,Afternoon (11-16),Clear,Medium,7.43,1.98,2,35,26.9,0,12.75,40.31,4.8
DEL-11344,2026-05-22,RDR-035,Motorbike,Zone B - North,Morning (6-11),Rain,Medium,5.91,0.66,1,35,30.3,0,12.95,38.6,4.7
DEL-11740,2026-05-22,RDR-015,E-Bike,Zone E - West,Morning (6-11),Rain,Medium,13.51,4.22,1,40,66.8,1,8.41,33.59,3.5
DEL-10481,2026-05-22,RDR-034,Motorbike,Zone E - West,Afternoon (11-16),Clear,Medium,3.51,7.91,1,40,18.8,0,7.94,43.15,4.9
DEL-11793,2026-05-22,RDR-035,Motorbike,Zone D - East,Afternoon (11-16),Rain,Medium,2.67,0.6,1,40,18.5,0,6.63,34.23,4.7
DEL-10631,2026-05-22,RDR-024,E-Bike,Zone D - East,Afternoon (11-16),Clear,Low,3.49,1.94,1,40,15.6,0,2.3,23.7,5.0
DEL-11811,2026-05-22,RDR-005,Motorbike,Zone B - North,Evening (16-21),Rain,Low,6.59,0.83,1,35,31.9,0,14.46,41.89,5.0
DEL-11719,2026-05-22,RDR-053,Scooter,Zone A - Central,Evening (16-21),Clear,High,5.28,0.3,3,30,17.5,0,9.08,31.46,5.0
DEL-10432,2026-05-22,RDR-045,Motorbike,Zone E - West,Morning (6-11),Clear,High,3.27,3.42,2,40,21.0,0,7.37,34.25,4.9
DEL-11511,2026-05-22,RDR-005,Motorbike,Zone A - Central,Evening (16-21),Rain,High,6.14,2.74,1,30,46.2,1,14.28,38.7,3.8
DEL-10917,2026-05-22,RDR-019,E-Bike,Zone E - West,Evening (16-21),Clear,High,7.16,3.53,2,40,36.9,0,4.66,24.64,5.0
DEL-10400,2026-05-22,RDR-038,Scooter,Zone B - North,Afternoon (11-16),Clear,Medium,5.97,2.48,2,35,28.2,0,11.27,36.53,5.0
DEL-10761,2026-05-22,RDR-056,Scooter,Zone A - Central,Evening (16-21),Rain,Low,1.73,2.99,1,30,14.0,0,3.19,26.98,4.9
DEL-11095,2026-05-22,RDR-056,Scooter,Zone D - East,Night (21-2),Clear,Medium,7.39,5.23,3,40,33.0,0,12.99,42.91,4.8
DEL-11533,2026-05-22,RDR-052,Scooter,Zone B - North,Evening (16-21),Cloudy,Medium,3.45,2.45,2,35,21.4,0,6.73,33.52,5.0
DEL-10002,2026-05-22,RDR-036,Motorbike,Zone E - West,Morning (6-11),Cloudy,High,7.15,3.13,1,40,33.0,0,16.49,39.29,5.0
DEL-11628,2026-05-22,RDR-022,Scooter,Zone D - East,Morning (6-11),Clear,High,1.94,6.16,1,40,16.3,0,3.65,34.5,5.0
DEL-11005,2026-05-23,RDR-053,Motorbike,Zone E - West,Afternoon (11-16),Clear,Medium,8.94,1.66,1,40,27.7,0,19.72,48.73,4.9
DEL-11152,2026-05-23,RDR-034,Motorbike,Zone D - East,Morning (6-11),Rain,High,3.28,0.59,1,40,27.1,0,7.25,28.32,4.7
DEL-11622,2026-05-23,RDR-049,Motorbike,Zone A - Central,Afternoon (11-16),Cloudy,Low,5.65,2.51,1,30,22.1,0,14.18,35.03,4.7
DEL-11452,2026-05-23,RDR-001,E-Bike,Zone D - East,Morning (6-11),Clear,Low,6.86,3.56,2,40,24.0,0,4.24,28.59,4.9
DEL-11030,2026-05-23,RDR-012,Scooter,Zone A - Central,Afternoon (11-16),Clear,Medium,4.83,3.0,1,30,23.4,0,8.85,33.39,5.0
DEL-11804,2026-05-23,RDR-028,Scooter,Zone A - Central,Evening (16-21),Clear,Low,1.81,4.57,1,30,16.6,0,3.49,27.61,4.8
DEL-10117,2026-05-23,RDR-050,Scooter,Zone C - South,Afternoon (11-16),Clear,High,3.79,1.41,2,35,24.1,0,6.95,33.68,5.0
DEL-10038,2026-05-23,RDR-030,Motorbike,Zone A - Central,Afternoon (11-16),Cloudy,Low,2.32,3.24,3,30,4.0,0,5.41,31.29,4.8
DEL-11369,2026-05-23,RDR-014,Scooter,Zone D - East,Evening (16-21),Clear,High,2.48,3.22,1,40,15.0,0,4.16,29.47,4.9
DEL-10223,2026-05-23,RDR-032,Scooter,Zone A - Central,Night (21-2),Cloudy,Medium,2.47,0.92,1,30,13.8,0,4.75,26.61,5.0
DEL-10619,2026-05-23,RDR-026,Motorbike,Zone B - North,Morning (6-11),Rain,Medium,4.09,4.56,1,35,25.2,0,8.97,34.23,5.0
DEL-10646,2026-05-23,RDR-030,Motorbike,Zone E - West,Afternoon (11-16),Cloudy,High,7.11,1.96,1,40,32.0,0,17.53,39.81,4.9
DEL-11800,2026-05-23,RDR-028,E-Bike,Zone B - North,Evening (16-21),Clear,Low,4.59,2.09,1,35,15.2,0,2.7,31.65,4.9
DEL-10334,2026-05-23,RDR-058,Scooter,Zone A - Central,Evening (16-21),Clear,Low,6.72,1.84,2,30,19.0,0,12.81,34.27,4.6
DEL-11070,2026-05-23,RDR-031,Scooter,Zone D - East,Night (21-2),Clear,Medium,2.14,4.41,1,40,6.1,0,3.79,29.62,5.0
DEL-11971,2026-05-23,RDR-039,E-Bike,Zone C - South,Night (21-2),Clear,Medium,1.89,0.66,1,35,15.3,0,1.1,29.46,5.0
DEL-10925,2026-05-23,RDR-030,Scooter,Zone E - West,Evening (16-21),Clear,Low,7.55,2.93,2,40,24.2,0,13.07,34.83,5.0
DEL-10245,2026-05-23,RDR-018,E-Bike,Zone C - South,Evening (16-21),Rain,Medium,5.6,2.93,1,35,32.1,0,3.14,27.17,4.7
DEL-11164,2026-05-23,RDR-027,Scooter,Zone A - Central,Night (21-2),Clear,Medium,3.25,0.91,2,30,20.8,0,5.77,25.76,5.0
DEL-10482,2026-05-23,RDR-060,Motorbike,Zone E - West,Night (21-2),Clear,Medium,8.76,1.93,2,40,22.9,0,18.93,42.47,4.7
DEL-11133,2026-05-24,RDR-059,Scooter,Zone C - South,Afternoon (11-16),Clear,Low,1.62,3.08,1,35,15.9,0,3.14,26.43,5.0
DEL-10079,2026-05-24,RDR-046,Scooter,Zone D - East,Afternoon (11-16),Clear,Medium,1.14,1.6,3,40,11.6,0,2.01,28.51,5.0
DEL-11751,2026-05-24,RDR-049,Scooter,Zone E - West,Morning (6-11),Cloudy,Medium,4.32,0.43,1,40,14.6,0,7.35,31.31,4.6
DEL-11834,2026-05-24,RDR-022,E-Bike,Zone B - North,Morning (6-11),Cloudy,Low,4.67,1.77,2,35,17.0,0,3.08,28.15,5.0
DEL-10196,2026-05-24,RDR-054,Motorbike,Zone B - North,Evening (16-21),Clear,Low,3.1,0.99,1,35,11.0,0,7.65,36.43,5.0
DEL-10807,2026-05-24,RDR-010,E-Bike,Zone A - Central,Evening (16-21),Rain,Medium,8.45,4.21,2,30,50.8,1,4.9,29.41,3.8
DEL-10513,2026-05-24,RDR-027,E-Bike,Zone C - South,Evening (16-21),Cloudy,High,2.86,2.41,1,35,19.3,0,1.64,20.76,5.0
DEL-10508,2026-05-24,RDR-026,E-Bike,Zone E - West,Night (21-2),Clear,High,2.27,4.11,1,40,11.3,0,1.44,23.71,4.8
DEL-10057,2026-05-24,RDR-032,Scooter,Zone B - North,Afternoon (11-16),Clear,Medium,2.88,1.26,2,35,12.6,0,5.42,29.87,5.0
DEL-11777,2026-05-24,RDR-032,Scooter,Zone C - South,Night (21-2),Clear,High,4.99,3.52,1,35,29.6,0,8.47,34.8,4.6
DEL-10757,2026-05-24,RDR-040,Motorbike,Zone E - West,Afternoon (11-16),Cloudy,Medium,7.08,2.87,3,40,27.3,0,17.79,47.86,5.0
DEL-10902,2026-05-24,RDR-056,Scooter,Zone A - Central,Evening (16-21),Clear,Low,8.28,2.4,2,30,24.4,0,15.03,41.8,5.0
DEL-11204,2026-05-24,RDR-052,Motorbike,Zone D - East,Night (21-2),Rain,High,3.74,2.44,3,40,25.9,0,9.08,40.42,4.8
DEL-11955,2026-05-24,RDR-013,E-Bike,Zone E - West,Afternoon (11-16),Cloudy,Medium,2.64,3.6,1,40,7.8,0,1.52,26.31,5.0
DEL-10684,2026-05-24,RDR-004,E-Bike,Zone B - North,Afternoon (11-16),Cloudy,Medium,1.44,1.97,4,35,11.0,0,0.93,24.55,4.8
DEL-11529,2026-05-24,RDR-016,Motorbike,Zone B - North,Night (21-2),Clear,Low,1.33,2.64,2,35,4.0,0,3.15,28.35,5.0
DEL-11036,2026-05-24,RDR-009,Scooter,Zone B - North,Morning (6-11),Clear,Low,2.65,2.47,2,35,14.8,0,5.04,24.57,5.0
DEL-11251,2026-05-24,RDR-026,Motorbike,Zone A - Central,Evening (16-21),Rain,High,0.93,1.34,1,30,12.3,0,2.23,26.11,4.2
DEL-11946,2026-05-24,RDR-044,Scooter,Zone D - East,Afternoon (11-16),Clear,Medium,2.31,4.42,3,40,21.2,0,3.95,29.37,5.0
DEL-10176,2026-05-24,RDR-044,Motorbike,Zone A - Central,Afternoon (11-16),Clear,Medium,1.11,3.05,2,30,7.3,0,2.41,27.27,4.7
DEL-10558,2026-05-24,RDR-054,Motorbike,Zone A - Central,Evening (16-21),Rain,High,3.65,0.84,1,30,22.1,0,8.67,31.65,4.9
DEL-11464,2026-05-24,RDR-037,E-Bike,Zone A - Central,Evening (16-21),Clear,Medium,7.72,4.58,1,30,32.0,1,4.87,34.63,3.9
DEL-11149,2026-05-24,RDR-050,E-Bike,Zone B - North,Evening (16-21),Clear,Medium,2.23,0.43,2,35,11.2,0,1.31,24.96,5.0
DEL-10967,2026-05-25,RDR-046,Scooter,Zone C - South,Evening (16-21),Cloudy,Medium,7.56,3.23,1,35,29.2,0,13.08,35.64,4.4
DEL-11807,2026-05-25,RDR-019,Scooter,Zone B - North,Evening (16-21),Rain,High,2.3,1.28,1,35,22.4,0,4.38,35.32,4.5
DEL-11305,2026-05-25,RDR-008,E-Bike,Zone B - North,Morning (6-11),Clear,High,6.62,1.47,1,35,41.0,1,4.05,24.52,3.6
DEL-10696,2026-05-25,RDR-038,Scooter,Zone D - East,Night (21-2),Clear,Medium,11.22,4.08,1,40,42.0,1,18.28,41.28,3.9
DEL-10805,2026-05-25,RDR-035,Motorbike,Zone E - West,Evening (16-21),Clear,High,9.16,4.0,2,40,42.0,1,21.31,50.84,3.2
DEL-10688,2026-05-25,RDR-056,Motorbike,Zone C - South,Afternoon (11-16),Clear,Medium,6.39,1.98,3,35,20.8,0,14.47,42.12,5.0
DEL-11902,2026-05-25,RDR-043,Motorbike,Zone E - West,Morning (6-11),Clear,Low,4.35,1.24,1,40,13.1,0,9.29,31.62,5.0
DEL-10893,2026-05-25,RDR-033,Scooter,Zone C - South,Afternoon (11-16),Clear,Medium,10.92,2.35,1,35,34.7,0,19.2,45.61,4.5
DEL-10891,2026-05-25,RDR-047,E-Bike,Zone D - East,Evening (16-21),Clear,High,3.19,2.77,1,40,20.0,0,2.09,28.91,4.9
DEL-11112,2026-05-25,RDR-037,Scooter,Zone D - East,Evening (16-21),Clear,Medium,1.94,0.65,1,40,14.5,0,3.16,24.2,4.7
DEL-11481,2026-05-25,RDR-029,Scooter,Zone C - South,Afternoon (11-16),Clear,Low,1.08,3.01,1,35,12.4,0,1.87,29.4,5.0
DEL-11702,2026-05-25,RDR-057,Scooter,Zone B - North,Evening (16-21),Clear,Medium,3.02,1.23,1,35,18.6,0,5.42,35.03,5.0
DEL-10005,2026-05-25,RDR-048,Scooter,Zone D - East,Afternoon (11-16),Clear,High,2.96,0.96,1,40,16.9,0,5.05,23.87,5.0
DEL-11009,2026-05-25,RDR-021,Motorbike,Zone A - Central,Evening (16-21),Clear,Low,5.12,4.18,1,30,13.3,0,12.05,34.48,5.0
DEL-11345,2026-05-25,RDR-049,Scooter,Zone D - East,Night (21-2),Clear,Low,8.4,1.45,3,40,31.8,0,16.24,42.45,4.9
DEL-11234,2026-05-25,RDR-059,Motorbike,Zone B - North,Evening (16-21),Clear,Medium,5.31,1.33,1,35,25.6,0,12.88,38.98,4.6
DEL-11191,2026-05-25,RDR-022,Motorbike,Zone E - West,Morning (6-11),Cloudy,Medium,6.43,0.25,1,40,27.2,0,15.36,38.77,4.9
DEL-11163,2026-05-25,RDR-019,Motorbike,Zone C - South,Afternoon (11-16),Clear,Medium,4.84,0.79,2,35,17.3,0,10.18,34.65,4.7
DEL-10687,2026-05-26,RDR-030,Scooter,Zone B - North,Morning (6-11),Clear,Medium,4.12,1.04,1,35,19.8,0,6.85,32.5,4.8
DEL-11259,2026-05-26,RDR-014,Motorbike,Zone E - West,Morning (6-11),Rain,Medium,1.33,1.55,2,40,12.3,0,2.83,31.26,4.7
DEL-11028,2026-05-26,RDR-060,Scooter,Zone D - East,Night (21-2),Cloudy,Medium,9.07,1.74,3,40,35.0,0,15.32,39.05,5.0
DEL-10319,2026-05-26,RDR-022,Scooter,Zone B - North,Afternoon (11-16),Clear,Low,2.61,0.76,1,35,18.6,0,5.12,31.84,5.0
DEL-10441,2026-05-26,RDR-047,E-Bike,Zone C - South,Morning (6-11),Cloudy,Low,2.88,2.25,3,35,17.6,0,1.84,26.88,4.8
DEL-11363,2026-05-26,RDR-036,Motorbike,Zone A - Central,Morning (6-11),Cloudy,High,4.06,2.06,1,30,20.2,0,9.32,40.05,5.0
DEL-10485,2026-05-26,RDR-055,E-Bike,Zone E - West,Evening (16-21),Cloudy,Medium,7.66,1.67,1,40,31.8,0,4.59,27.56,5.0
DEL-10506,2026-05-26,RDR-037,E-Bike,Zone E - West,Morning (6-11),Cloudy,High,6.3,1.38,1,40,34.8,0,3.71,22.53,4.6
DEL-11104,2026-05-26,RDR-044,E-Bike,Zone A - Central,Morning (6-11),Clear,Low,2.85,1.66,4,30,10.1,0,1.75,24.35,4.6
DEL-10896,2026-05-26,RDR-019,Scooter,Zone C - South,Afternoon (11-16),Clear,High,3.99,0.99,3,35,15.5,0,7.45,36.71,5.0
DEL-10903,2026-05-26,RDR-057,Motorbike,Zone B - North,Evening (16-21),Clear,Medium,7.85,6.14,1,35,31.6,0,17.77,44.94,5.0
DEL-11428,2026-05-26,RDR-029,Motorbike,Zone E - West,Afternoon (11-16),Cloudy,Medium,2.61,4.49,1,40,12.2,0,6.41,33.94,4.6
DEL-10865,2026-05-26,RDR-039,Motorbike,Zone C - South,Evening (16-21),Cloudy,Medium,2.65,3.73,3,35,7.0,0,6.01,31.79,5.0
DEL-11432,2026-05-26,RDR-030,Motorbike,Zone D - East,Evening (16-21),Cloudy,Low,6.56,2.82,1,40,22.8,0,15.02,37.54,5.0
DEL-11202,2026-05-26,RDR-005,Scooter,Zone A - Central,Evening (16-21),Cloudy,Medium,4.94,1.68,3,30,25.1,0,8.54,32.91,5.0
DEL-10449,2026-05-26,RDR-018,Scooter,Zone B - North,Evening (16-21),Cloudy,Medium,4.45,3.47,1,35,23.0,0,7.67,34.18,4.8
DEL-10939,2026-05-26,RDR-052,Motorbike,Zone A - Central,Afternoon (11-16),Cloudy,Medium,3.53,2.25,1,30,18.3,0,8.15,30.0,4.7
DEL-10702,2026-05-26,RDR-038,Scooter,Zone A - Central,Afternoon (11-16),Cloudy,Medium,4.25,1.26,3,30,22.0,0,7.17,32.27,4.8
DEL-11742,2026-05-26,RDR-002,Motorbike,Zone D - East,Night (21-2),Cloudy,Medium,5.44,1.63,2,40,20.3,0,12.62,32.6,4.8
DEL-10361,2026-05-27,RDR-048,Motorbike,Zone B - North,Morning (6-11),Clear,Medium,2.69,1.04,2,35,9.8,0,5.61,25.27,4.8
DEL-10495,2026-05-27,RDR-013,Scooter,Zone C - South,Night (21-2),Clear,Low,2.18,2.86,1,35,11.9,0,3.79,29.77,5.0
DEL-10949,2026-05-27,RDR-045,Motorbike,Zone E - West,Evening (16-21),Cloudy,Low,4.43,6.22,1,40,15.7,0,10.51,36.25,5.0
DEL-11395,2026-05-27,RDR-057,E-Bike,Zone E - West,Morning (6-11),Clear,Low,8.91,3.96,1,40,30.8,0,4.93,30.08,5.0
DEL-11568,2026-05-27,RDR-045,Motorbike,Zone D - East,Afternoon (11-16),Cloudy,High,2.75,1.35,1,40,23.0,0,5.84,27.43,5.0
DEL-10778,2026-05-27,RDR-018,Motorbike,Zone B - North,Evening (16-21),Clear,High,2.96,2.44,1,35,19.2,0,6.34,31.83,5.0
DEL-10224,2026-05-27,RDR-021,Scooter,Zone A - Central,Afternoon (11-16),Clear,Low,4.73,1.26,1,30,16.5,0,8.54,34.26,5.0
DEL-11320,2026-05-27,RDR-053,Scooter,Zone C - South,Morning (6-11),Clear,Low,4.58,0.49,2,35,13.9,0,8.65,27.43,5.0
DEL-11289,2026-05-27,RDR-039,Scooter,Zone A - Central,Afternoon (11-16),Cloudy,High,7.19,0.53,1,30,37.1,1,13.64,37.13,3.4
DEL-10396,2026-05-27,RDR-021,E-Bike,Zone A - Central,Evening (16-21),Clear,Medium,5.68,3.29,2,30,25.4,0,3.16,27.84,5.0
DEL-11014,2026-05-27,RDR-018,Motorbike,Zone C - South,Afternoon (11-16),Clear,Medium,3.07,4.23,1,35,8.7,0,6.75,28.72,5.0
DEL-10306,2026-05-27,RDR-018,Motorbike,Zone A - Central,Morning (6-11),Clear,Medium,1.08,1.65,4,30,15.9,0,2.53,25.63,4.5
DEL-10780,2026-05-27,RDR-047,Motorbike,Zone A - Central,Morning (6-11),Clear,Medium,7.0,0.78,1,30,24.1,0,17.24,42.72,5.0
DEL-10855,2026-05-27,RDR-046,Scooter,Zone C - South,Morning (6-11),Clear,Medium,7.1,1.29,2,35,31.3,0,13.86,37.34,5.0
DEL-10514,2026-05-27,RDR-042,Scooter,Zone C - South,Afternoon (11-16),Clear,Medium,5.49,0.87,1,35,18.8,0,9.35,29.29,4.9
DEL-11393,2026-05-27,RDR-050,Motorbike,Zone B - North,Evening (16-21),Clear,Medium,2.62,7.17,1,35,17.7,0,6.45,37.42,5.0
DEL-10971,2026-05-27,RDR-056,E-Bike,Zone A - Central,Evening (16-21),Rain,Medium,3.44,3.76,1,30,19.2,0,1.99,23.84,5.0
DEL-10912,2026-05-27,RDR-019,Motorbike,Zone D - East,Night (21-2),Clear,Low,2.12,1.26,1,40,6.9,0,4.86,25.63,5.0
DEL-11783,2026-05-27,RDR-011,Motorbike,Zone D - East,Night (21-2),Clear,Low,3.89,3.72,2,40,17.2,0,9.48,38.06,5.0
DEL-10407,2026-05-27,RDR-023,Scooter,Zone A - Central,Afternoon (11-16),Clear,Medium,3.46,0.21,2,30,11.3,0,6.73,29.02,4.8
DEL-10295,2026-05-27,RDR-060,Motorbike,Zone A - Central,Evening (16-21),Clear,High,2.89,0.86,1,30,15.5,0,7.04,30.85,5.0
DEL-11429,2026-05-27,RDR-016,E-Bike,Zone C - South,Evening (16-21),Cloudy,Medium,3.86,1.52,2,35,15.0,0,2.12,24.37,5.0
DEL-11893,2026-05-28,RDR-057,Scooter,Zone B - North,Evening (16-21),Clear,Medium,3.18,2.14,1,35,19.3,0,6.3,29.38,5.0
DEL-10263,2026-05-28,RDR-026,Motorbike,Zone B - North,Morning (6-11),Clear,High,2.89,5.86,3,35,12.5,0,6.38,33.68,5.0
DEL-11642,2026-05-28,RDR-045,Motorbike,Zone B - North,Afternoon (11-16),Clear,Medium,1.21,1.7,1,35,8.7,0,2.71,28.58,5.0
DEL-10037,2026-05-28,RDR-046,Scooter,Zone A - Central,Night (21-2),Cloudy,High,5.76,1.37,2,30,35.2,1,10.74,30.71,3.6
DEL-11346,2026-05-28,RDR-016,Scooter,Zone A - Central,Evening (16-21),Clear,Medium,2.86,2.2,1,30,12.8,0,5.55,33.11,5.0
DEL-10067,2026-05-28,RDR-043,E-Bike,Zone A - Central,Afternoon (11-16),Rain,Medium,7.55,1.97,1,30,48.2,1,4.78,32.4,3.4
DEL-10817,2026-05-28,RDR-050,Scooter,Zone A - Central,Afternoon (11-16),Cloudy,High,2.14,1.84,2,30,16.4,0,3.76,31.38,5.0
DEL-10200,2026-05-28,RDR-052,Motorbike,Zone E - West,Morning (6-11),Cloudy,Medium,2.23,2.59,1,40,15.1,0,5.64,37.36,5.0
DEL-10213,2026-05-28,RDR-015,Scooter,Zone E - West,Evening (16-21),Clear,Medium,1.32,1.08,1,40,5.3,0,2.25,30.18,5.0
DEL-11541,2026-05-28,RDR-037,Scooter,Zone D - East,Afternoon (11-16),Cloudy,Low,10.05,5.59,1,40,32.7,0,19.32,48.51,5.0
DEL-10603,2026-05-28,RDR-053,Scooter,Zone B - North,Morning (6-11),Clear,High,1.04,1.43,1,35,16.1,0,1.71,27.39,5.0
DEL-10745,2026-05-28,RDR-053,E-Bike,Zone D - East,Evening (16-21),Clear,High,2.62,2.46,1,40,18.0,0,1.44,31.36,5.0
DEL-10388,2026-05-28,RDR-052,Motorbike,Zone D - East,Evening (16-21),Clear,Low,3.93,5.82,1,40,17.0,0,8.18,38.74,4.9
DEL-10310,2026-05-28,RDR-022,Scooter,Zone C - South,Afternoon (11-16),Clear,Medium,6.84,4.69,2,35,30.0,0,12.37,38.82,4.7
DEL-10580,2026-05-28,RDR-041,Motorbike,Zone A - Central,Afternoon (11-16),Rain,High,3.28,2.19,2,30,21.0,0,7.76,34.2,4.4
DEL-10928,2026-05-28,RDR-056,Motorbike,Zone D - East,Morning (6-11),Cloudy,Medium,1.13,3.27,1,40,7.5,0,2.53,24.84,5.0
DEL-10585,2026-05-28,RDR-013,Scooter,Zone C - South,Afternoon (11-16),Rain,Medium,3.96,2.23,1,35,21.4,0,6.87,30.98,4.4
DEL-10237,2026-05-28,RDR-056,Scooter,Zone A - Central,Evening (16-21),Cloudy,Medium,8.57,1.35,3,30,29.5,0,15.48,39.78,5.0
DEL-11571,2026-05-28,RDR-053,Scooter,Zone C - South,Morning (6-11),Clear,Medium,5.46,2.9,1,35,25.1,0,9.46,34.11,4.8
DEL-10575,2026-05-28,RDR-030,E-Bike,Zone C - South,Morning (6-11),Clear,Medium,4.41,2.78,2,35,17.3,0,2.45,28.68,5.0
DEL-11324,2026-05-28,RDR-032,E-Bike,Zone D - East,Morning (6-11),Clear,Low,10.53,1.73,1,40,31.3,0,6.46,30.54,5.0
DEL-10244,2026-05-29,RDR-007,Scooter,Zone E - West,Afternoon (11-16),Clear,High,2.08,1.56,1,40,21.9,0,4.1,29.36,5.0
DEL-11065,2026-05-29,RDR-020,Motorbike,Zone A - Central,Afternoon (11-16),Clear,Medium,6.2,1.69,4,30,26.2,0,13.43,41.46,4.9
DEL-10140,2026-05-29,RDR-022,E-Bike,Zone D - East,Morning (6-11),Clear,Medium,4.73,2.18,1,40,23.6,0,2.87,21.78,5.0
DEL-10739,2026-05-29,RDR-044,Scooter,Zone A - Central,Evening (16-21),Cloudy,High,3.99,1.39,2,30,21.0,0,6.53,37.27,5.0
DEL-10907,2026-05-29,RDR-059,Scooter,Zone A - Central,Evening (16-21),Clear,High,2.15,3.99,2,30,11.0,0,3.67,31.1,4.7
DEL-10759,2026-05-29,RDR-056,Motorbike,Zone A - Central,Afternoon (11-16),Rain,Low,1.16,2.22,1,30,19.8,0,2.9,30.74,4.6
DEL-11067,2026-05-29,RDR-035,Scooter,Zone E - West,Evening (16-21),Clear,Medium,4.82,2.59,1,40,22.3,0,9.17,30.68,4.4
DEL-11153,2026-05-29,RDR-043,Motorbike,Zone B - North,Afternoon (11-16),Cloudy,High,2.97,4.64,2,35,14.6,0,6.27,29.58,5.0
DEL-11283,2026-05-29,RDR-040,Scooter,Zone E - West,Morning (6-11),Rain,Medium,3.99,1.17,1,40,30.2,0,7.49,32.32,4.7
DEL-11315,2026-05-29,RDR-002,Motorbike,Zone D - East,Morning (6-11),Clear,High,2.03,1.14,2,40,12.1,0,4.62,36.6,5.0
DEL-10966,2026-05-29,RDR-041,Motorbike,Zone D - East,Evening (16-21),Rain,High,1.65,1.15,2,40,11.8,0,3.66,31.55,5.0
DEL-10618,2026-05-29,RDR-026,E-Bike,Zone E - West,Morning (6-11),Clear,Medium,9.95,3.72,1,40,43.9,1,5.92,34.41,3.7
DEL-10250,2026-05-29,RDR-041,Scooter,Zone A - Central,Night (21-2),Clear,Medium,4.67,1.14,1,30,15.4,0,8.32,27.49,4.4
DEL-10616,2026-05-29,RDR-060,Scooter,Zone B - North,Night (21-2),Cloudy,Low,2.25,0.95,1,35,12.6,0,4.18,25.43,5.0
DEL-10534,2026-05-29,RDR-015,Motorbike,Zone D - East,Evening (16-21),Clear,Low,3.22,1.65,1,40,11.7,0,7.93,29.85,4.6
DEL-10063,2026-05-29,RDR-033,Scooter,Zone B - North,Morning (6-11),Clear,Medium,12.85,1.9,3,35,44.2,1,24.74,56.08,3.5
DEL-10384,2026-05-29,RDR-051,Motorbike,Zone B - North,Afternoon (11-16),Rain,Medium,1.65,1.76,1,35,15.8,0,3.84,26.89,4.3
DEL-10852,2026-05-29,RDR-027,Scooter,Zone A - Central,Morning (6-11),Cloudy,High,3.7,1.77,1,30,22.9,0,6.28,33.52,5.0
DEL-11704,2026-05-29,RDR-024,Scooter,Zone E - West,Afternoon (11-16),Rain,Low,3.01,0.88,2,40,11.7,0,5.93,23.3,4.6
DEL-11617,2026-05-29,RDR-040,Motorbike,Zone E - West,Night (21-2),Clear,Medium,4.45,2.04,1,40,20.3,0,10.04,34.14,5.0
DEL-10656,2026-05-29,RDR-034,Scooter,Zone D - East,Evening (16-21),Cloudy,Low,4.63,2.57,3,40,16.0,0,9.06,34.89,4.9
DEL-10456,2026-05-29,RDR-042,Scooter,Zone B - North,Evening (16-21),Cloudy,Medium,7.97,1.09,2,35,34.9,0,13.07,37.79,5.0
DEL-10529,2026-05-29,RDR-054,E-Bike,Zone E - West,Evening (16-21),Clear,High,1.61,3.73,2,40,20.6,0,1.06,27.73,5.0
DEL-10565,2026-05-29,RDR-028,Motorbike,Zone B - North,Evening (16-21),Rain,Medium,2.04,5.48,3,35,13.9,0,4.59,27.43,5.0
DEL-10652,2026-05-29,RDR-057,Motorbike,Zone B - North,Afternoon (11-16),Clear,Medium,3.19,3.98,2,35,14.9,0,7.06,28.4,5.0
DEL-11779,2026-05-30,RDR-042,E-Bike,Zone E - West,Evening (16-21),Clear,Medium,2.44,1.53,1,40,16.5,0,1.37,30.21,5.0
DEL-11766,2026-05-30,RDR-059,Motorbike,Zone C - South,Evening (16-21),Clear,Low,3.87,1.56,3,35,16.5,0,9.26,35.46,5.0
DEL-10410,2026-05-30,RDR-037,Scooter,Zone D - East,Afternoon (11-16),Clear,Low,7.39,1.11,3,40,22.5,0,12.13,34.0,4.7
DEL-11398,2026-05-30,RDR-024,Motorbike,Zone A - Central,Afternoon (11-16),Clear,Medium,3.8,1.08,1,30,16.4,0,8.1,37.1,5.0
DEL-11042,2026-05-30,RDR-009,Scooter,Zone A - Central,Night (21-2),Clear,Medium,2.67,0.86,1,30,11.8,0,4.6,30.79,4.5
DEL-11216,2026-05-30,RDR-050,Scooter,Zone A - Central,Evening (16-21),Clear,Medium,8.23,0.82,1,30,32.0,1,15.8,36.63,4.3
DEL-10278,2026-05-30,RDR-056,Motorbike,Zone C - South,Afternoon (11-16),Clear,High,2.56,2.44,3,35,13.6,0,5.91,29.28,5.0
DEL-10300,2026-05-30,RDR-009,Scooter,Zone D - East,Evening (16-21),Clear,High,5.57,3.82,1,40,26.3,0,10.19,35.01,4.4
DEL-11716,2026-05-30,RDR-044,Scooter,Zone B - North,Morning (6-11),Clear,Low,6.0,2.52,1,35,22.1,0,10.83,36.52,5.0
DEL-11155,2026-05-30,RDR-014,Motorbike,Zone C - South,Morning (6-11),Clear,High,3.34,4.95,2,35,21.9,0,7.32,33.1,5.0
DEL-11509,2026-05-30,RDR-060,Motorbike,Zone A - Central,Morning (6-11),Clear,High,5.24,5.38,1,30,26.5,0,13.13,40.48,5.0
DEL-10180,2026-05-30,RDR-052,Scooter,Zone B - North,Morning (6-11),Clear,Medium,2.35,0.41,1,35,9.7,0,4.31,27.81,4.8
DEL-11795,2026-05-30,RDR-015,Scooter,Zone C - South,Evening (16-21),Cloudy,Low,2.77,1.9,2,35,14.8,0,4.82,26.01,5.0
DEL-10736,2026-05-30,RDR-021,Scooter,Zone E - West,Afternoon (11-16),Clear,High,3.83,1.15,1,40,21.7,0,6.65,31.16,5.0
DEL-10626,2026-05-30,RDR-018,Motorbike,Zone A - Central,Afternoon (11-16),Clear,High,5.35,0.85,1,30,25.5,0,12.67,42.14,4.9
DEL-10290,2026-05-30,RDR-024,Scooter,Zone C - South,Night (21-2),Clear,Low,4.41,2.48,2,35,21.7,0,7.76,35.35,5.0
DEL-11343,2026-05-30,RDR-034,Motorbike,Zone A - Central,Evening (16-21),Clear,Medium,2.14,1.04,1,30,9.5,0,5.16,32.04,5.0
DEL-10786,2026-05-30,RDR-045,Motorbike,Zone E - West,Afternoon (11-16),Rain,High,1.49,0.21,1,40,14.0,0,3.11,25.0,4.5
DEL-10118,2026-05-30,RDR-008,E-Bike,Zone A - Central,Morning (6-11),Clear,Low,3.69,3.42,3,30,15.6,0,2.33,28.4,5.0
DEL-10770,2026-05-30,RDR-034,Scooter,Zone A - Central,Afternoon (11-16),Clear,Low,0.7,1.83,2,30,6.7,0,1.26,26.3,4.7
DEL-11651,2026-05-30,RDR-017,Scooter,Zone B - North,Morning (6-11),Cloudy,Low,8.46,0.81,4,35,29.0,0,14.51,43.14,5.0
DEL-10024,2026-05-30,RDR-008,Motorbike,Zone B - North,Afternoon (11-16),Cloudy,Low,1.97,7.19,2,35,21.4,0,4.64,39.43,4.9
DEL-11099,2026-05-30,RDR-048,Scooter,Zone B - North,Afternoon (11-16),Clear,High,1.42,7.87,2,35,6.4,0,2.33,34.61,4.5
DEL-10203,2026-05-30,RDR-035,E-Bike,Zone A - Central,Afternoon (11-16),Rain,Medium,6.87,2.18,2,30,40.9,1,4.05,25.64,3.7
DEL-10285,2026-05-30,RDR-015,Scooter,Zone A - Central,Evening (16-21),Clear,Medium,6.77,2.4,1,30,27.9,0,12.76,31.75,4.7
DEL-10798,2026-05-30,RDR-015,Motorbike,Zone E - West,Morning (6-11),Clear,Low,7.31,3.7,1,40,21.4,0,15.65,37.34,4.6
DEL-10747,2026-05-30,RDR-021,Motorbike,Zone A - Central,Morning (6-11),Clear,Low,2.33,3.44,1,30,10.2,0,5.69,27.02,5.0
DEL-10126,2026-05-31,RDR-013,E-Bike,Zone C - South,Morning (6-11),Cloudy,Medium,4.61,2.27,3,35,17.1,0,2.96,30.36,5.0
DEL-10950,2026-05-31,RDR-022,Motorbike,Zone D - East,Afternoon (11-16),Clear,High,3.14,3.33,2,40,19.4,0,6.82,34.24,5.0
DEL-10060,2026-05-31,RDR-027,Scooter,Zone A - Central,Evening (16-21),Clear,Medium,3.53,2.8,2,30,11.8,0,6.94,34.04,4.8
DEL-11998,2026-05-31,RDR-024,Scooter,Zone C - South,Afternoon (11-16),Clear,High,4.32,4.22,1,35,23.1,0,8.05,29.41,5.0
DEL-10370,2026-05-31,RDR-052,Scooter,Zone C - South,Morning (6-11),Clear,Medium,5.76,0.7,1,35,27.5,0,9.48,30.06,5.0
DEL-10784,2026-05-31,RDR-020,Scooter,Zone E - West,Evening (16-21),Clear,Medium,4.91,0.82,1,40,24.4,0,8.19,33.42,4.8
DEL-10858,2026-05-31,RDR-025,Motorbike,Zone A - Central,Evening (16-21),Rain,High,6.67,2.31,2,30,44.8,1,14.79,38.24,4.3
DEL-11649,2026-05-31,RDR-018,Motorbike,Zone E - West,Morning (6-11),Clear,Medium,2.8,2.36,1,40,16.0,0,5.94,32.52,5.0
DEL-10800,2026-05-31,RDR-027,Motorbike,Zone D - East,Evening (16-21),Clear,Low,3.84,4.62,3,40,13.8,0,8.88,35.07,5.0
DEL-11386,2026-05-31,RDR-009,Motorbike,Zone A - Central,Night (21-2),Clear,Low,5.3,2.36,4,30,13.1,0,13.06,40.9,5.0
DEL-11284,2026-05-31,RDR-007,Scooter,Zone B - North,Evening (16-21),Clear,Low,1.5,1.17,1,35,10.1,0,2.91,28.27,5.0
DEL-11635,2026-05-31,RDR-017,Scooter,Zone C - South,Morning (6-11),Clear,Low,1.92,1.51,2,35,9.7,0,3.48,35.06,5.0
DEL-10474,2026-05-31,RDR-050,Motorbike,Zone C - South,Night (21-2),Cloudy,Medium,2.16,2.48,3,35,13.7,0,5.26,34.07,5.0
DEL-10661,2026-05-31,RDR-008,E-Bike,Zone E - West,Afternoon (11-16),Clear,Medium,2.75,3.71,1,40,21.8,0,1.63,20.0,5.0
DEL-11832,2026-05-31,RDR-028,Motorbike,Zone D - East,Morning (6-11),Cloudy,Low,5.04,2.12,2,40,12.0,0,12.57,43.34,5.0
DEL-10209,2026-05-31,RDR-045,Scooter,Zone E - West,Morning (6-11),Clear,Low,2.17,3.32,1,40,10.7,0,4.05,28.22,5.0
DEL-11081,2026-05-31,RDR-016,Scooter,Zone E - West,Afternoon (11-16),Clear,High,2.09,1.59,1,40,18.6,0,4.13,29.13,5.0
DEL-10171,2026-05-31,RDR-040,Scooter,Zone A - Central,Evening (16-21),Rain,Medium,8.43,4.18,1,30,44.8,1,15.32,40.81,3.9
DEL-11257,2026-05-31,RDR-017,Motorbike,Zone A - Central,Morning (6-11),Clear,Low,2.07,3.69,1,30,9.3,0,4.82,27.52,5.0
DEL-10427,2026-05-31,RDR-002,E-Bike,Zone E - West,Night (21-2),Clear,High,8.55,3.02,1,40,49.1,1,5.37,24.89,4.7
DEL-10475,2026-05-31,RDR-021,E-Bike,Zone E - West,Evening (16-21),Clear,High,3.01,4.36,2,40,20.6,0,1.88,24.31,5.0
DEL-10908,2026-05-31,RDR-026,Scooter,Zone B - North,Evening (16-21),Cloudy,High,0.99,0.78,1,35,5.1,0,1.95,28.57,4.9
DEL-11974,2026-05-31,RDR-044,Scooter,Zone A - Central,Afternoon (11-16),Clear,Medium,3.01,2.41,1,30,12.9,0,5.04,25.33,4.8
DEL-11853,2026-05-31,RDR-058,E-Bike,Zone E - West,Evening (16-21),Rain,Low,2.15,3.39,1,40,17.6,0,1.27,25.54,4.8
DEL-11115,2026-06-01,RDR-017,Motorbike,Zone E - West,Afternoon (11-16),Cloudy,High,7.24,1.6,4,40,33.9,0,18.14,42.95,4.8
DEL-10567,2026-06-01,RDR-022,Scooter,Zone B - North,Night (21-2),Clear,Medium,5.47,1.72,2,35,28.7,0,9.72,36.03,5.0
DEL-10282,2026-06-01,RDR-021,Scooter,Zone B - North,Night (21-2),Clear,High,4.24,2.89,1,35,27.0,0,8.13,32.11,4.8
DEL-10991,2026-06-01,RDR-040,Motorbike,Zone D - East,Morning (6-11),Clear,Low,9.07,1.57,1,40,31.0,0,20.22,44.0,5.0
DEL-11858,2026-06-01,RDR-012,E-Bike,Zone B - North,Afternoon (11-16),Clear,Low,3.2,1.74,4,35,13.8,0,2.09,22.42,4.8
DEL-11144,2026-06-01,RDR-042,Scooter,Zone A - Central,Evening (16-21),Clear,High,4.01,2.06,4,30,23.3,0,6.77,32.73,5.0
DEL-11262,2026-06-01,RDR-013,Scooter,Zone B - North,Evening (16-21),Clear,Medium,14.7,2.52,2,35,54.2,1,26.4,47.91,4.0
DEL-11410,2026-06-01,RDR-008,Scooter,Zone B - North,Morning (6-11),Cloudy,Medium,5.54,0.85,1,35,23.1,0,10.95,36.24,5.0
DEL-10357,2026-06-01,RDR-041,Motorbike,Zone A - Central,Evening (16-21),Cloudy,Medium,4.44,0.75,2,30,18.8,0,9.83,36.8,5.0
DEL-10793,2026-06-01,RDR-045,Motorbike,Zone A - Central,Evening (16-21),Clear,Medium,4.42,0.79,2,30,17.3,0,9.28,37.62,5.0
DEL-10318,2026-06-01,RDR-008,Scooter,Zone B - North,Night (21-2),Clear,Medium,1.43,0.52,1,35,8.0,0,2.4,25.74,4.8
DEL-10987,2026-06-01,RDR-028,Scooter,Zone C - South,Night (21-2),Clear,Medium,9.35,1.15,3,35,37.9,1,17.29,41.16,3.8
DEL-10640,2026-06-01,RDR-014,Scooter,Zone B - North,Evening (16-21),Rain,High,2.85,0.71,1,35,27.1,0,5.27,29.34,4.9
DEL-11842,2026-06-01,RDR-036,Scooter,Zone B - North,Afternoon (11-16),Clear,Low,2.33,0.86,1,35,15.1,0,4.19,25.02,4.9
DEL-11147,2026-06-01,RDR-001,Motorbike,Zone D - East,Afternoon (11-16),Rain,Low,1.77,0.88,1,40,15.6,0,4.45,29.79,4.8
DEL-11403,2026-06-01,RDR-037,Motorbike,Zone B - North,Afternoon (11-16),Clear,Medium,2.81,2.72,1,35,12.2,0,6.39,28.35,5.0
DEL-10246,2026-06-01,RDR-056,Scooter,Zone A - Central,Morning (6-11),Clear,Low,3.55,4.16,4,30,17.2,0,6.71,34.74,5.0
DEL-10815,2026-06-01,RDR-043,Motorbike,Zone D - East,Evening (16-21),Rain,Low,13.15,1.18,1,40,45.1,1,31.01,52.65,3.6
DEL-11051,2026-06-01,RDR-027,Motorbike,Zone C - South,Evening (16-21),Cloudy,Medium,2.38,1.05,2,35,11.8,0,5.41,31.07,4.7
DEL-11563,2026-06-01,RDR-038,Scooter,Zone B - North,Evening (16-21),Clear,Medium,4.2,1.42,3,35,21.8,0,7.7,36.52,4.6
DEL-11127,2026-06-01,RDR-035,Scooter,Zone A - Central,Evening (16-21),Clear,Low,6.93,1.51,1,30,26.0,0,13.35,43.35,5.0
DEL-10789,2026-06-01,RDR-004,E-Bike,Zone E - West,Evening (16-21),Clear,Medium,3.48,1.23,1,40,14.4,0,2.22,25.58,4.8
DEL-10345,2026-06-01,RDR-017,Motorbike,Zone D - East,Evening (16-21),Clear,Low,8.35,2.87,1,40,20.2,0,18.12,39.52,4.9
DEL-10833,2026-06-01,RDR-024,Scooter,Zone B - North,Evening (16-21),Clear,High,4.24,2.53,2,35,27.3,0,8.04,35.47,5.0
DEL-10583,2026-06-01,RDR-044,Scooter,Zone B - North,Afternoon (11-16),Cloudy,Low,6.93,1.0,1,35,22.2,0,12.38,38.72,5.0
DEL-11250,2026-06-01,RDR-024,Motorbike,Zone C - South,Morning (6-11),Clear,High,1.4,1.4,4,35,8.6,0,3.23,24.87,4.7
DEL-10009,2026-06-01,RDR-019,Motorbike,Zone C - South,Morning (6-11),Clear,Low,7.62,2.11,3,35,25.3,0,18.4,45.47,4.4
DEL-11291,2026-06-02,RDR-007,Scooter,Zone E - West,Evening (16-21),Clear,Low,4.23,0.67,1,40,16.6,0,8.3,35.33,4.9
DEL-10437,2026-06-02,RDR-021,E-Bike,Zone B - North,Morning (6-11),Cloudy,Low,3.58,3.01,2,35,16.1,0,2.06,33.99,5.0
DEL-10644,2026-06-02,RDR-023,Scooter,Zone A - Central,Evening (16-21),Cloudy,Low,1.44,2.77,1,30,10.0,0,2.67,30.58,5.0
DEL-11619,2026-06-02,RDR-029,Motorbike,Zone A - Central,Morning (6-11),Clear,Medium,3.32,0.66,2,30,5.5,0,7.85,33.73,4.7
DEL-11146,2026-06-02,RDR-009,Motorbike,Zone E - West,Afternoon (11-16),Cloudy,High,2.95,0.84,1,40,20.8,0,6.26,31.54,5.0
DEL-11749,2026-06-02,RDR-013,Scooter,Zone E - West,Night (21-2),Cloudy,Medium,3.9,3.39,1,40,19.0,0,6.78,33.7,4.9
DEL-11839,2026-06-02,RDR-019,Scooter,Zone D - East,Evening (16-21),Cloudy,High,8.65,1.31,2,40,47.2,1,14.16,40.82,3.5
DEL-11467,2026-06-02,RDR-035,Scooter,Zone D - East,Night (21-2),Rain,Medium,8.54,0.41,2,40,44.1,1,16.67,43.17,4.0
DEL-11037,2026-06-02,RDR-001,Motorbike,Zone E - West,Evening (16-21),Rain,Medium,1.51,4.77,1,40,11.1,0,3.21,29.65,5.0
DEL-11841,2026-06-02,RDR-024,Scooter,Zone A - Central,Night (21-2),Clear,Medium,3.8,2.47,2,30,15.3,0,7.26,35.74,5.0
DEL-11717,2026-06-02,RDR-023,Motorbike,Zone A - Central,Afternoon (11-16),Clear,High,5.75,2.14,2,30,27.0,0,12.53,35.25,4.9
DEL-11950,2026-06-02,RDR-045,Scooter,Zone A - Central,Evening (16-21),Clear,High,2.41,1.34,1,30,21.0,0,4.47,31.85,5.0
DEL-11579,2026-06-02,RDR-050,Motorbike,Zone C - South,Afternoon (11-16),Clear,Medium,3.54,2.49,3,35,19.4,0,8.28,33.01,5.0
DEL-10523,2026-06-02,RDR-027,E-Bike,Zone B - North,Afternoon (11-16),Clear,Low,4.93,2.96,1,35,21.2,0,3.01,32.5,4.7
DEL-10803,2026-06-02,RDR-039,Motorbike,Zone E - West,Night (21-2),Clear,Medium,1.14,2.09,1,40,11.9,0,2.42,27.42,5.0
DEL-11182,2026-06-02,RDR-026,Motorbike,Zone B - North,Morning (6-11),Clear,High,1.59,6.4,1,35,6.9,0,3.86,38.7,4.8
DEL-11387,2026-06-02,RDR-016,Scooter,Zone C - South,Afternoon (11-16),Rain,High,10.26,5.69,3,35,67.8,1,17.83,48.49,3.0
DEL-11181,2026-06-02,RDR-039,Scooter,Zone B - North,Afternoon (11-16),Cloudy,Medium,2.82,0.32,1,35,12.2,0,4.68,31.7,4.7
DEL-10628,2026-06-02,RDR-060,Scooter,Zone C - South,Afternoon (11-16),Cloudy,Medium,7.51,1.5,2,35,30.6,0,13.48,41.58,5.0
DEL-10072,2026-06-02,RDR-045,Scooter,Zone A - Central,Evening (16-21),Clear,Low,3.88,2.71,1,30,15.7,0,7.05,31.68,5.0
DEL-10373,2026-06-03,RDR-021,Motorbike,Zone B - North,Evening (16-21),Clear,High,2.19,3.06,3,35,11.3,0,4.67,33.4,4.9
DEL-10123,2026-06-03,RDR-016,Scooter,Zone B - North,Evening (16-21),Rain,High,9.12,4.26,1,35,61.9,1,15.74,41.16,3.8
DEL-11913,2026-06-03,RDR-050,Scooter,Zone E - West,Evening (16-21),Clear,Low,2.3,3.56,1,40,8.5,0,3.8,29.74,4.8
DEL-10954,2026-06-03,RDR-049,Scooter,Zone E - West,Afternoon (11-16),Clear,High,3.44,5.28,2,40,22.8,0,6.23,27.0,5.0
DEL-11939,2026-06-03,RDR-001,Scooter,Zone B - North,Evening (16-21),Clear,Medium,5.42,1.24,2,35,19.9,0,10.16,35.08,5.0
DEL-10099,2026-06-03,RDR-037,Scooter,Zone B - North,Evening (16-21),Clear,High,2.97,2.01,1,35,16.0,0,5.32,29.61,4.9
DEL-11884,2026-06-03,RDR-047,Scooter,Zone E - West,Morning (6-11),Clear,Low,3.47,1.41,2,40,12.2,0,5.96,34.42,4.8
DEL-11230,2026-06-03,RDR-025,E-Bike,Zone C - South,Afternoon (11-16),Cloudy,Low,8.6,2.95,2,35,31.5,0,5.24,23.43,5.0
DEL-10220,2026-06-03,RDR-018,Motorbike,Zone D - East,Night (21-2),Clear,High,2.91,1.93,1,40,10.9,0,6.65,32.79,5.0
DEL-11402,2026-06-03,RDR-017,Scooter,Zone E - West,Evening (16-21),Rain,Medium,5.52,1.49,3,40,29.0,0,10.74,41.32,4.5
DEL-10019,2026-06-03,RDR-057,Scooter,Zone D - East,Night (21-2),Clear,Low,7.05,2.94,1,40,18.4,0,12.79,33.87,4.5
DEL-11277,2026-06-03,RDR-024,E-Bike,Zone C - South,Evening (16-21),Clear,Low,2.59,1.29,1,35,11.3,0,1.57,25.94,4.8
DEL-11186,2026-06-03,RDR-020,Motorbike,Zone B - North,Evening (16-21),Cloudy,Medium,5.8,1.73,1,35,22.1,0,13.02,36.49,5.0
DEL-11532,2026-06-03,RDR-002,Motorbike,Zone B - North,Afternoon (11-16),Cloudy,Low,2.83,0.47,1,35,7.6,0,6.29,26.3,4.8
DEL-10777,2026-06-03,RDR-043,Motorbike,Zone A - Central,Afternoon (11-16),Clear,Medium,3.49,1.15,1,30,14.4,0,8.2,34.35,4.8
DEL-10679,2026-06-03,RDR-054,E-Bike,Zone C - South,Morning (6-11),Cloudy,Medium,1.22,1.25,2,35,18.2,0,0.73,27.9,4.6
DEL-11021,2026-06-03,RDR-017,Scooter,Zone B - North,Night (21-2),Clear,High,5.38,0.78,2,35,27.8,0,9.7,37.97,5.0
DEL-10662,2026-06-03,RDR-014,Motorbike,Zone A - Central,Morning (6-11),Clear,Medium,3.69,1.31,1,30,18.5,0,8.3,30.67,4.7
DEL-10886,2026-06-03,RDR-040,Motorbike,Zone C - South,Evening (16-21),Clear,Low,9.56,2.6,1,35,24.2,0,22.0,46.34,5.0
DEL-11498,2026-06-03,RDR-009,Scooter,Zone A - Central,Night (21-2),Clear,Low,3.48,2.13,1,30,17.9,0,5.77,34.12,4.7
DEL-10392,2026-06-03,RDR-016,Scooter,Zone B - North,Night (21-2),Cloudy,High,4.93,0.71,1,35,27.9,0,8.13,29.14,4.7
DEL-10552,2026-06-03,RDR-011,Motorbike,Zone D - East,Evening (16-21),Clear,Medium,4.1,1.81,1,40,18.3,0,8.55,32.91,5.0
DEL-10926,2026-06-03,RDR-049,Scooter,Zone D - East,Evening (16-21),Clear,Medium,3.55,3.17,2,40,21.0,0,6.29,31.82,4.7
DEL-10930,2026-06-03,RDR-008,Scooter,Zone C - South,Afternoon (11-16),Clear,Medium,2.45,0.96,1,35,18.5,0,4.54,30.39,5.0
DEL-10382,2026-06-04,RDR-040,Motorbike,Zone E - West,Evening (16-21),Clear,Low,6.46,2.59,1,40,14.9,0,15.84,44.09,5.0
DEL-11872,2026-06-04,RDR-005,Motorbike,Zone A - Central,Afternoon (11-16),Cloudy,High,5.73,3.8,1,30,26.4,0,14.18,41.05,4.6
DEL-11476,2026-06-04,RDR-044,E-Bike,Zone E - West,Night (21-2),Clear,Medium,1.37,2.68,1,40,6.8,0,0.77,26.28,5.0
DEL-11758,2026-06-04,RDR-035,Scooter,Zone B - North,Morning (6-11),Clear,High,2.34,4.24,1,35,24.2,0,4.29,26.89,4.9
DEL-11435,2026-06-04,RDR-046,Scooter,Zone B - North,Afternoon (11-16),Cloudy,High,2.86,0.85,4,35,23.9,0,4.82,27.07,4.7
DEL-10915,2026-06-04,RDR-052,Scooter,Zone D - East,Afternoon (11-16),Rain,Low,4.41,1.6,1,40,22.7,0,7.64,34.19,4.9
DEL-11275,2026-06-04,RDR-009,Scooter,Zone D - East,Afternoon (11-16),Clear,High,2.08,1.56,3,40,7.2,0,3.79,28.02,4.9
DEL-10308,2026-06-04,RDR-019,Motorbike,Zone A - Central,Afternoon (11-16),Cloudy,Medium,0.81,0.53,2,30,4.8,0,1.87,26.16,5.0
DEL-11879,2026-06-04,RDR-057,Motorbike,Zone A - Central,Evening (16-21),Clear,Low,6.85,3.1,1,30,20.2,0,15.65,41.8,4.9
DEL-11917,2026-06-04,RDR-010,Motorbike,Zone B - North,Morning (6-11),Cloudy,Low,10.28,2.2,2,35,26.3,0,23.29,51.72,4.9
DEL-10027,2026-06-04,RDR-034,Motorbike,Zone E - West,Afternoon (11-16),Clear,Low,6.3,1.2,1,40,18.4,0,14.83,39.26,5.0
DEL-10455,2026-06-04,RDR-044,Motorbike,Zone A - Central,Morning (6-11),Clear,Low,6.93,0.66,2,30,20.4,0,14.84,44.17,4.5
DEL-10752,2026-06-04,RDR-010,Motorbike,Zone A - Central,Afternoon (11-16),Cloudy,Medium,6.5,2.22,1,30,28.5,0,16.4,43.56,4.9
DEL-10363,2026-06-04,RDR-036,Motorbike,Zone C - South,Afternoon (11-16),Clear,Medium,5.3,2.96,2,35,23.0,0,13.04,40.77,5.0
DEL-11011,2026-06-04,RDR-038,E-Bike,Zone B - North,Afternoon (11-16),Cloudy,High,2.79,1.21,1,35,20.6,0,1.56,27.86,4.7
DEL-10737,2026-06-04,RDR-021,E-Bike,Zone C - South,Morning (6-11),Clear,Low,1.69,3.57,2,35,13.6,0,1.08,27.72,4.6
DEL-10744,2026-06-04,RDR-009,Scooter,Zone C - South,Evening (16-21),Clear,Medium,8.81,4.31,1,35,36.6,1,14.33,42.82,3.9
DEL-11068,2026-06-04,RDR-031,Scooter,Zone A - Central,Morning (6-11),Rain,Low,1.26,2.11,1,30,4.0,0,2.08,29.65,4.9
DEL-11247,2026-06-04,RDR-052,Scooter,Zone B - North,Afternoon (11-16),Rain,High,3.76,2.57,2,35,33.4,0,6.36,30.95,4.9
DEL-11696,2026-06-05,RDR-041,Scooter,Zone E - West,Afternoon (11-16),Clear,Medium,2.02,3.52,3,40,16.8,0,3.3,27.48,5.0
DEL-11933,2026-06-05,RDR-060,Motorbike,Zone A - Central,Morning (6-11),Rain,Medium,7.01,2.29,1,30,30.9,1,14.77,37.53,3.6
DEL-11485,2026-06-05,RDR-011,Scooter,Zone C - South,Evening (16-21),Rain,Medium,2.36,0.99,1,35,16.8,0,4.03,26.52,4.8
DEL-11992,2026-06-05,RDR-036,Motorbike,Zone D - East,Afternoon (11-16),Clear,Low,2.28,3.16,2,40,12.7,0,5.06,29.63,5.0
DEL-10143,2026-06-05,RDR-039,Scooter,Zone B - North,Afternoon (11-16),Cloudy,High,3.56,1.83,2,35,23.9,0,6.75,30.67,5.0
DEL-10034,2026-06-05,RDR-038,E-Bike,Zone C - South,Evening (16-21),Clear,Medium,4.08,2.55,2,35,18.1,0,2.5,26.51,5.0
DEL-10841,2026-06-05,RDR-058,Motorbike,Zone D - East,Night (21-2),Rain,Low,1.71,2.05,1,40,11.8,0,3.59,30.59,4.7
DEL-11984,2026-06-05,RDR-029,Scooter,Zone D - East,Night (21-2),Clear,Medium,4.41,0.69,3,40,20.3,0,7.67,30.03,5.0
DEL-10867,2026-06-05,RDR-010,Scooter,Zone D - East,Evening (16-21),Clear,Low,4.29,2.69,3,40,17.3,0,7.73,32.48,5.0
DEL-11759,2026-06-05,RDR-051,Motorbike,Zone E - West,Evening (16-21),Clear,Low,5.17,2.02,2,40,22.1,0,12.08,34.68,5.0
DEL-10292,2026-06-05,RDR-028,E-Bike,Zone A - Central,Morning (6-11),Clear,High,4.32,1.44,1,30,29.4,0,2.6,26.22,4.9
DEL-11499,2026-06-05,RDR-005,E-Bike,Zone D - East,Morning (6-11),Cloudy,Medium,3.46,1.31,3,40,17.8,0,2.13,28.69,5.0
DEL-10806,2026-06-05,RDR-036,E-Bike,Zone D - East,Afternoon (11-16),Clear,Medium,3.2,0.36,1,40,17.8,0,1.87,26.08,5.0
DEL-10020,2026-06-05,RDR-011,Motorbike,Zone E - West,Afternoon (11-16),Clear,Medium,4.52,4.62,1,40,19.0,0,11.13,36.85,5.0
DEL-10655,2026-06-05,RDR-049,Scooter,Zone B - North,Afternoon (11-16),Clear,Medium,4.96,0.89,1,35,28.4,0,9.47,33.72,5.0
DEL-10689,2026-06-05,RDR-019,Scooter,Zone B - North,Morning (6-11),Rain,Low,3.96,0.29,1,35,19.0,0,6.54,36.06,4.9
DEL-11920,2026-06-05,RDR-052,Motorbike,Zone E - West,Afternoon (11-16),Clear,Medium,7.81,3.43,1,40,30.2,0,19.69,44.65,5.0
DEL-10756,2026-06-05,RDR-024,Motorbike,Zone B - North,Afternoon (11-16),Clear,High,4.53,2.22,2,35,20.9,0,9.96,36.39,4.7
DEL-11586,2026-06-05,RDR-014,Motorbike,Zone B - North,Morning (6-11),Clear,Medium,10.69,4.33,1,35,32.7,0,25.37,51.65,5.0
DEL-10607,2026-06-05,RDR-054,Scooter,Zone A - Central,Afternoon (11-16),Clear,Medium,1.91,1.85,1,30,13.0,0,3.66,27.74,4.9
DEL-10816,2026-06-05,RDR-039,Motorbike,Zone C - South,Evening (16-21),Rain,Low,6.12,1.24,1,35,22.7,0,14.43,36.64,4.4
DEL-10636,2026-06-05,RDR-044,Motorbike,Zone E - West,Evening (16-21),Clear,High,3.34,0.8,2,40,16.4,0,7.07,29.46,5.0
DEL-11086,2026-06-05,RDR-059,Motorbike,Zone B - North,Afternoon (11-16),Cloudy,Medium,4.55,2.66,1,35,17.5,0,10.65,37.67,5.0
DEL-10548,2026-06-06,RDR-030,Motorbike,Zone B - North,Afternoon (11-16),Cloudy,Low,1.79,2.07,3,35,8.0,0,4.41,29.34,4.7
DEL-11952,2026-06-06,RDR-044,Motorbike,Zone E - West,Afternoon (11-16),Cloudy,Medium,6.54,0.87,2,40,20.5,0,14.11,36.62,4.3
DEL-10120,2026-06-06,RDR-015,E-Bike,Zone D - East,Afternoon (11-16),Clear,Low,2.33,2.29,4,40,14.3,0,1.38,23.57,5.0
DEL-11612,2026-06-06,RDR-050,Motorbike,Zone B - North,Night (21-2),Cloudy,High,2.69,6.01,3,35,20.4,0,6.07,36.59,5.0
DEL-10657,2026-06-06,RDR-016,Scooter,Zone E - West,Morning (6-11),Clear,Medium,2.06,2.62,1,40,13.0,0,3.39,28.58,5.0
DEL-10188,2026-06-06,RDR-018,Motorbike,Zone D - East,Evening (16-21),Cloudy,Low,2.91,1.2,1,40,14.5,0,6.32,29.98,5.0
DEL-11091,2026-06-06,RDR-021,Motorbike,Zone E - West,Morning (6-11),Clear,High,6.56,1.51,1,40,26.5,0,15.69,41.46,5.0
DEL-10711,2026-06-06,RDR-044,Motorbike,Zone C - South,Afternoon (11-16),Clear,Low,3.33,1.35,1,35,11.9,0,8.22,33.6,4.8
DEL-10936,2026-06-06,RDR-018,Scooter,Zone D - East,Morning (6-11),Rain,Medium,2.84,1.17,1,40,23.0,0,5.56,35.54,5.0
DEL-10497,2026-06-06,RDR-016,Scooter,Zone E - West,Evening (16-21),Clear,Low,1.77,1.84,2,40,17.8,0,3.22,29.2,5.0
DEL-10415,2026-06-06,RDR-015,Scooter,Zone E - West,Morning (6-11),Clear,Medium,2.39,1.3,1,40,9.8,0,4.07,28.68,4.6
DEL-10448,2026-06-06,RDR-019,Scooter,Zone A - Central,Morning (6-11),Clear,Low,1.49,1.27,1,30,13.7,0,2.54,25.97,4.9
DEL-10900,2026-06-06,RDR-047,Scooter,Zone A - Central,Afternoon (11-16),Clear,Low,1.96,1.44,2,30,11.5,0,3.64,29.16,4.8
DEL-11634,2026-06-06,RDR-056,E-Bike,Zone A - Central,Afternoon (11-16),Clear,Medium,12.33,3.28,2,30,56.7,1,7.61,33.25,3.4
DEL-11392,2026-06-06,RDR-043,Scooter,Zone E - West,Afternoon (11-16),Rain,High,2.51,3.0,1,40,22.2,0,4.56,30.11,4.3
DEL-10898,2026-06-06,RDR-014,Scooter,Zone B - North,Morning (6-11),Clear,Medium,4.42,3.62,4,35,17.0,0,7.99,35.05,4.9
DEL-11636,2026-06-06,RDR-010,Scooter,Zone E - West,Night (21-2),Clear,Medium,4.32,1.02,3,40,20.5,0,7.25,40.4,5.0
DEL-11288,2026-06-06,RDR-044,Scooter,Zone E - West,Afternoon (11-16),Clear,High,3.39,1.0,1,40,22.8,0,6.28,34.81,5.0
DEL-11085,2026-06-07,RDR-014,Motorbike,Zone D - East,Morning (6-11),Clear,Low,1.74,2.21,1,40,8.4,0,4.34,30.93,5.0
DEL-10266,2026-06-07,RDR-008,Motorbike,Zone C - South,Evening (16-21),Cloudy,High,2.08,1.05,3,35,10.2,0,5.09,30.62,5.0
DEL-11857,2026-06-07,RDR-021,Motorbike,Zone C - South,Evening (16-21),Clear,Low,5.05,7.68,1,35,21.9,0,10.58,43.99,5.0
DEL-11986,2026-06-07,RDR-033,Motorbike,Zone A - Central,Afternoon (11-16),Clear,High,3.02,1.72,1,30,19.4,0,7.18,29.51,4.9
DEL-10316,2026-06-07,RDR-001,Scooter,Zone A - Central,Night (21-2),Cloudy,Medium,5.82,1.48,1,30,24.6,0,9.57,28.72,4.7
DEL-11063,2026-06-07,RDR-032,Scooter,Zone C - South,Afternoon (11-16),Clear,High,5.85,2.01,1,35,28.7,0,9.49,35.02,4.9
DEL-11430,2026-06-07,RDR-001,Motorbike,Zone C - South,Evening (16-21),Clear,Low,1.79,1.3,1,35,6.2,0,3.84,24.85,4.9
DEL-10651,2026-06-07,RDR-030,Motorbike,Zone B - North,Afternoon (11-16),Cloudy,High,1.29,0.96,2,35,13.9,0,2.89,25.04,5.0
DEL-11539,2026-06-07,RDR-035,Motorbike,Zone A - Central,Evening (16-21),Clear,Medium,8.97,3.05,2,30,26.5,0,21.51,43.34,5.0
DEL-11949,2026-06-07,RDR-019,Scooter,Zone A - Central,Afternoon (11-16),Cloudy,Low,6.57,2.17,2,30,22.8,0,12.6,38.99,5.0
DEL-11664,2026-06-07,RDR-014,E-Bike,Zone C - South,Afternoon (11-16),Clear,Medium,4.0,1.62,2,35,22.1,0,2.53,29.37,4.9
DEL-11373,2026-06-07,RDR-020,Motorbike,Zone D - East,Night (21-2),Cloudy,Medium,0.8,0.71,1,40,6.8,0,1.81,30.27,4.9
DEL-10272,2026-06-07,RDR-020,E-Bike,Zone C - South,Morning (6-11),Clear,Low,4.22,1.28,2,35,11.5,0,2.55,20.21,5.0
DEL-10381,2026-06-07,RDR-035,Motorbike,Zone E - West,Morning (6-11),Clear,Medium,1.69,3.08,1,40,4.1,0,4.22,31.55,5.0
DEL-11592,2026-06-07,RDR-034,Scooter,Zone C - South,Evening (16-21),Clear,Medium,2.64,2.21,2,35,22.0,0,4.74,27.13,4.8
DEL-11691,2026-06-07,RDR-054,Motorbike,Zone C - South,Afternoon (11-16),Clear,High,2.96,0.64,4,35,15.8,0,6.38,31.08,4.8
DEL-10436,2026-06-07,RDR-052,Scooter,Zone B - North,Afternoon (11-16),Clear,Medium,4.85,1.96,3,35,18.9,0,9.11,29.74,5.0
DEL-10445,2026-06-07,RDR-060,E-Bike,Zone B - North,Evening (16-21),Rain,Medium,3.42,6.16,2,35,22.1,0,1.99,34.49,4.5
DEL-10976,2026-06-07,RDR-045,Motorbike,Zone E - West,Afternoon (11-16),Clear,Medium,3.88,4.91,1,40,15.1,0,8.18,30.81,4.8
DEL-11594,2026-06-07,RDR-001,Motorbike,Zone C - South,Afternoon (11-16),Clear,Low,3.27,6.7,2,35,11.1,0,7.33,37.82,4.6
DEL-10828,2026-06-07,RDR-029,Motorbike,Zone B - North,Afternoon (11-16),Clear,Medium,1.97,1.0,4,35,13.6,0,4.61,31.87,5.0
DEL-11208,2026-06-08,RDR-054,Scooter,Zone B - North,Evening (16-21),Rain,Medium,6.32,0.7,2,35,31.8,0,12.47,34.21,4.6
DEL-10809,2026-06-08,RDR-053,Scooter,Zone D - East,Morning (6-11),Rain,Medium,7.29,1.88,3,40,40.8,1,12.19,28.44,3.2
DEL-10645,2026-06-08,RDR-030,E-Bike,Zone B - North,Afternoon (11-16),Cloudy,Medium,11.67,1.01,1,35,48.0,1,6.36,35.59,4.0
DEL-11508,2026-06-08,RDR-039,Motorbike,Zone E - West,Afternoon (11-16),Clear,Medium,3.56,3.22,1,40,19.9,0,7.97,32.94,4.9
DEL-10276,2026-06-08,RDR-050,Motorbike,Zone D - East,Evening (16-21),Clear,Low,6.06,1.4,1,40,15.5,0,14.16,33.46,5.0
DEL-10704,2026-06-08,RDR-060,Scooter,Zone D - East,Afternoon (11-16),Clear,Medium,1.57,3.51,1,40,5.4,0,3.04,25.25,5.0
DEL-10301,2026-06-08,RDR-057,Motorbike,Zone C - South,Afternoon (11-16),Rain,Medium,4.6,1.17,3,35,26.1,0,11.45,38.99,4.9
DEL-11760,2026-06-08,RDR-036,Motorbike,Zone A - Central,Night (21-2),Cloudy,Medium,3.91,2.4,1,30,19.8,0,9.12,32.61,5.0
DEL-10490,2026-06-08,RDR-011,Motorbike,Zone B - North,Evening (16-21),Clear,Medium,6.35,4.81,2,35,27.5,0,14.48,40.48,4.9
DEL-11404,2026-06-08,RDR-013,Motorbike,Zone D - East,Morning (6-11),Clear,Medium,1.67,2.3,2,40,11.9,0,3.99,27.29,4.7
DEL-10734,2026-06-08,RDR-048,Scooter,Zone E - West,Afternoon (11-16),Clear,Low,2.03,3.56,2,40,13.9,0,3.64,27.89,5.0
DEL-10579,2026-06-08,RDR-014,Scooter,Zone C - South,Morning (6-11),Cloudy,Medium,1.7,1.46,3,35,12.2,0,3.32,26.69,5.0
DEL-10553,2026-06-08,RDR-031,Motorbike,Zone E - West,Afternoon (11-16),Rain,Low,5.14,5.7,2,40,19.4,0,12.23,42.74,5.0
DEL-11883,2026-06-08,RDR-008,Motorbike,Zone A - Central,Night (21-2),Rain,High,4.9,6.79,1,30,29.7,0,11.13,36.43,4.7
DEL-11096,2026-06-08,RDR-028,Scooter,Zone E - West,Afternoon (11-16),Cloudy,High,4.07,1.56,1,40,25.2,0,8.05,35.4,5.0
DEL-11449,2026-06-08,RDR-060,Motorbike,Zone A - Central,Afternoon (11-16),Clear,Low,3.89,1.83,1,30,11.4,0,8.73,33.73,5.0
DEL-10569,2026-06-08,RDR-007,Scooter,Zone E - West,Afternoon (11-16),Rain,Medium,1.82,1.37,3,40,11.4,0,3.14,33.92,4.5
DEL-11103,2026-06-08,RDR-033,E-Bike,Zone B - North,Evening (16-21),Clear,Medium,9.12,0.82,1,35,37.0,1,4.95,33.21,3.6
DEL-11708,2026-06-08,RDR-023,Motorbike,Zone B - North,Afternoon (11-16),Cloudy,Medium,4.23,2.7,1,35,19.3,0,8.88,39.61,5.0
DEL-10796,2026-06-08,RDR-026,E-Bike,Zone A - Central,Morning (6-11),Clear,High,4.75,2.58,1,30,29.7,0,2.73,23.67,5.0
DEL-10682,2026-06-08,RDR-038,Scooter,Zone A - Central,Morning (6-11),Rain,High,5.17,3.97,1,30,36.0,1,9.77,33.09,3.4
DEL-11830,2026-06-08,RDR-038,E-Bike,Zone B - North,Afternoon (11-16),Rain,Low,3.8,1.9,1,35,20.4,0,2.44,29.63,4.8
DEL-11926,2026-06-08,RDR-023,Motorbike,Zone C - South,Afternoon (11-16),Cloudy,High,4.39,2.44,2,35,26.6,0,10.56,32.43,5.0
DEL-10750,2026-06-08,RDR-052,Scooter,Zone B - North,Evening (16-21),Clear,Low,2.2,4.39,1,35,15.1,0,4.16,30.59,4.8
DEL-10321,2026-06-08,RDR-002,Motorbike,Zone D - East,Evening (16-21),Rain,Medium,3.22,3.55,2,40,16.9,0,7.79,34.2,4.8
DEL-11348,2026-06-08,RDR-050,E-Bike,Zone B - North,Evening (16-21),Clear,Medium,5.43,7.55,3,35,24.6,0,3.05,42.03,4.9
DEL-11677,2026-06-09,RDR-044,Scooter,Zone B - North,Morning (6-11),Clear,High,3.11,1.34,2,35,16.1,0,5.52,30.31,5.0
DEL-11058,2026-06-09,RDR-046,Motorbike,Zone A - Central,Afternoon (11-16),Clear,High,3.23,1.6,1,30,15.8,0,7.76,36.89,5.0
DEL-11079,2026-06-09,RDR-013,E-Bike,Zone E - West,Morning (6-11),Clear,Medium,10.25,3.78,1,40,43.1,1,6.16,32.12,3.7
DEL-10229,2026-06-09,RDR-033,Motorbike,Zone B - North,Evening (16-21),Clear,Medium,6.06,1.99,1,35,20.2,0,14.1,40.89,5.0
DEL-11134,2026-06-09,RDR-022,Motorbike,Zone A - Central,Evening (16-21),Rain,Medium,2.39,2.18,1,30,17.9,0,5.05,25.23,4.7
DEL-10980,2026-06-09,RDR-033,Scooter,Zone B - North,Evening (16-21),Rain,Low,3.94,2.21,2,35,24.1,0,7.37,32.76,5.0
DEL-11640,2026-06-09,RDR-051,Motorbike,Zone A - Central,Afternoon (11-16),Clear,Medium,5.66,1.87,2,30,21.1,0,13.46,34.72,4.9
DEL-11265,2026-06-09,RDR-007,Scooter,Zone A - Central,Morning (6-11),Clear,Low,3.47,0.91,2,30,11.1,0,6.75,29.5,4.3
DEL-11121,2026-06-09,RDR-039,E-Bike,Zone A - Central,Afternoon (11-16),Rain,Low,7.25,3.05,1,30,34.9,1,4.13,25.59,3.2
DEL-10489,2026-06-09,RDR-046,E-Bike,Zone B - North,Morning (6-11),Clear,Medium,4.25,4.11,1,35,24.5,0,2.3,21.23,5.0
DEL-10150,2026-06-09,RDR-033,E-Bike,Zone B - North,Evening (16-21),Clear,Medium,6.39,2.22,1,35,22.8,0,4.14,23.82,5.0
DEL-10835,2026-06-09,RDR-039,Scooter,Zone E - West,Morning (6-11),Clear,Low,4.29,1.64,1,40,10.8,0,8.36,34.58,4.8
DEL-10758,2026-06-09,RDR-024,E-Bike,Zone D - East,Morning (6-11),Clear,High,6.74,5.24,1,40,44.1,1,4.44,26.55,3.2
DEL-11374,2026-06-09,RDR-010,Scooter,Zone D - East,Morning (6-11),Clear,Low,10.43,0.37,2,40,31.6,0,19.44,40.89,5.0
DEL-10530,2026-06-09,RDR-028,E-Bike,Zone D - East,Night (21-2),Clear,Medium,1.89,0.84,1,40,10.4,0,1.12,28.29,5.0
DEL-11458,2026-06-09,RDR-059,Scooter,Zone D - East,Evening (16-21),Rain,Low,1.8,2.29,1,40,12.3,0,3.08,28.35,4.7
DEL-10802,2026-06-09,RDR-035,Motorbike,Zone E - West,Afternoon (11-16),Rain,Low,6.26,1.4,1,40,26.4,0,14.26,42.94,4.8
DEL-11355,2026-06-09,RDR-050,E-Bike,Zone A - Central,Evening (16-21),Clear,High,4.45,1.99,2,30,21.1,0,2.64,31.02,5.0
DEL-11416,2026-06-09,RDR-044,Scooter,Zone B - North,Evening (16-21),Clear,Medium,3.45,0.3,1,35,19.1,0,6.37,31.24,4.6
DEL-10883,2026-06-09,RDR-009,Scooter,Zone A - Central,Afternoon (11-16),Clear,Medium,14.54,7.15,1,30,51.7,1,26.8,55.52,4.2
DEL-10360,2026-06-09,RDR-021,Scooter,Zone A - Central,Evening (16-21),Clear,Low,3.11,2.19,3,30,12.0,0,5.44,30.92,4.4
DEL-11905,2026-06-10,RDR-003,Scooter,Zone C - South,Afternoon (11-16),Cloudy,High,5.47,1.2,2,35,36.3,1,10.13,31.7,2.9
DEL-11621,2026-06-10,RDR-005,Scooter,Zone A - Central,Morning (6-11),Rain,Medium,4.55,0.28,1,30,30.6,1,7.74,30.38,2.9
DEL-10339,2026-06-10,RDR-002,Scooter,Zone B - North,Evening (16-21),Clear,Low,5.06,2.51,1,35,20.1,0,9.69,32.25,5.0
DEL-10596,2026-06-10,RDR-056,Motorbike,Zone A - Central,Evening (16-21),Cloudy,Low,2.34,0.79,4,30,14.2,0,4.87,29.12,4.9
DEL-11844,2026-06-10,RDR-058,E-Bike,Zone A - Central,Morning (6-11),Rain,High,3.25,2.13,1,30,31.0,1,1.8,27.73,3.7
DEL-10862,2026-06-10,RDR-023,Motorbike,Zone E - West,Night (21-2),Clear,High,4.04,1.06,1,40,22.0,0,9.4,35.73,4.9
DEL-11976,2026-06-10,RDR-001,Scooter,Zone B - North,Afternoon (11-16),Clear,High,7.25,3.34,1,35,30.9,0,13.88,35.95,4.7
DEL-10538,2026-06-10,RDR-020,Motorbike,Zone D - East,Afternoon (11-16),Clear,Medium,2.99,1.61,1,40,11.6,0,7.38,29.77,5.0
DEL-11172,2026-06-10,RDR-024,Motorbike,Zone A - Central,Morning (6-11),Clear,Medium,1.36,0.78,1,30,12.0,0,3.41,27.95,5.0
DEL-11681,2026-06-10,RDR-004,E-Bike,Zone A - Central,Morning (6-11),Clear,Medium,3.87,4.27,2,30,16.2,0,2.17,22.22,5.0
DEL-10510,2026-06-10,RDR-012,Motorbike,Zone A - Central,Morning (6-11),Clear,Low,0.55,0.63,4,30,14.4,0,1.22,26.67,5.0
DEL-10502,2026-06-10,RDR-006,Scooter,Zone C - South,Afternoon (11-16),Clear,Medium,6.63,0.89,2,35,22.6,0,12.15,41.42,5.0
DEL-10493,2026-06-10,RDR-017,Scooter,Zone B - North,Night (21-2),Cloudy,Low,10.59,5.95,2,35,30.4,0,17.64,48.01,5.0
DEL-11786,2026-06-10,RDR-011,Motorbike,Zone C - South,Morning (6-11),Clear,Medium,4.21,3.63,2,35,15.0,0,9.17,36.03,4.4
DEL-10722,2026-06-11,RDR-012,Scooter,Zone D - East,Afternoon (11-16),Clear,High,1.33,3.96,3,40,8.1,0,2.29,32.03,5.0
DEL-10790,2026-06-11,RDR-024,Scooter,Zone D - East,Night (21-2),Clear,High,2.56,0.42,2,40,15.9,0,4.35,28.06,4.9
DEL-10769,2026-06-11,RDR-049,E-Bike,Zone D - East,Morning (6-11),Clear,Medium,7.27,2.57,4,40,32.8,0,3.99,28.67,5.0
DEL-10417,2026-06-11,RDR-042,Scooter,Zone A - Central,Evening (16-21),Clear,High,1.36,4.89,1,30,11.2,0,2.45,26.27,5.0
DEL-11020,2026-06-11,RDR-021,Motorbike,Zone B - North,Afternoon (11-16),Cloudy,Medium,2.97,2.22,4,35,15.5,0,7.07,33.75,5.0
DEL-10165,2026-06-11,RDR-017,E-Bike,Zone E - West,Afternoon (11-16),Clear,Medium,2.33,0.6,3,40,15.2,0,1.44,27.35,5.0
DEL-11503,2026-06-11,RDR-053,Scooter,Zone A - Central,Night (21-2),Clear,Low,3.24,1.73,2,30,11.3,0,6.29,36.69,4.8
DEL-11851,2026-06-11,RDR-028,E-Bike,Zone A - Central,Night (21-2),Rain,Medium,5.54,1.21,1,30,29.9,0,3.12,29.94,4.9
DEL-11238,2026-06-11,RDR-010,E-Bike,Zone C - South,Afternoon (11-16),Clear,Medium,5.41,1.83,1,35,22.7,0,3.27,29.35,5.0
DEL-11256,2026-06-11,RDR-010,Scooter,Zone D - East,Afternoon (11-16),Clear,Low,4.31,1.37,4,40,16.2,0,8.41,39.42,4.8
DEL-10600,2026-06-11,RDR-034,Scooter,Zone C - South,Afternoon (11-16),Clear,Medium,2.14,1.74,2,35,11.7,0,3.58,22.34,5.0
DEL-10447,2026-06-11,RDR-044,Motorbike,Zone A - Central,Night (21-2),Cloudy,Medium,3.86,1.33,1,30,19.9,0,8.43,34.43,5.0
DEL-10103,2026-06-11,RDR-034,Motorbike,Zone D - East,Morning (6-11),Clear,High,5.56,0.73,1,40,28.3,0,13.15,42.0,5.0
DEL-11923,2026-06-11,RDR-010,Scooter,Zone A - Central,Evening (16-21),Cloudy,Low,3.85,1.1,1,30,16.3,0,6.74,32.67,5.0
DEL-11406,2026-06-12,RDR-020,E-Bike,Zone E - West,Afternoon (11-16),Rain,Medium,1.7,2.7,1,40,15.6,0,0.92,25.25,4.4
DEL-10267,2026-06-12,RDR-055,Motorbike,Zone D - East,Afternoon (11-16),Clear,Low,8.65,1.89,1,40,26.7,0,18.03,41.2,5.0
DEL-11440,2026-06-12,RDR-046,E-Bike,Zone B - North,Morning (6-11),Clear,Medium,4.52,3.48,3,35,17.5,0,2.84,31.82,5.0
DEL-11006,2026-06-12,RDR-030,Motorbike,Zone E - West,Afternoon (11-16),Cloudy,Medium,5.86,2.66,2,40,23.7,0,12.76,35.22,5.0
DEL-10623,2026-06-12,RDR-015,Motorbike,Zone E - West,Evening (16-21),Cloudy,Medium,9.31,3.4,1,40,37.2,0,20.92,44.22,4.8
DEL-11900,2026-06-12,RDR-015,Motorbike,Zone B - North,Morning (6-11),Cloudy,Medium,5.53,7.68,3,35,19.0,0,12.78,46.45,5.0
DEL-10647,2026-06-12,RDR-038,Motorbike,Zone C - South,Morning (6-11),Clear,High,7.12,4.89,1,35,32.1,0,17.92,39.37,5.0
DEL-11411,2026-06-12,RDR-056,Scooter,Zone A - Central,Evening (16-21),Clear,Medium,1.18,1.64,1,30,7.2,0,2.12,30.35,5.0
DEL-11273,2026-06-12,RDR-007,Scooter,Zone C - South,Afternoon (11-16),Cloudy,Low,3.46,3.32,3,35,19.5,0,6.24,31.58,4.9
DEL-10667,2026-06-12,RDR-001,Scooter,Zone C - South,Morning (6-11),Cloudy,Medium,6.91,2.8,2,35,24.6,0,13.0,38.26,4.8
DEL-11405,2026-06-12,RDR-027,Motorbike,Zone D - East,Afternoon (11-16),Rain,Low,4.45,2.29,1,40,22.1,0,9.5,40.75,4.8
DEL-11938,2026-06-12,RDR-004,Motorbike,Zone A - Central,Night (21-2),Clear,Medium,4.59,2.63,1,30,22.3,0,11.11,32.89,4.8
DEL-11358,2026-06-12,RDR-056,Scooter,Zone D - East,Night (21-2),Rain,Low,2.4,2.99,3,40,10.7,0,4.66,28.76,4.5
DEL-10721,2026-06-12,RDR-051,Scooter,Zone D - East,Evening (16-21),Clear,Low,2.71,1.33,2,40,14.4,0,5.12,33.85,5.0
DEL-10131,2026-06-12,RDR-055,Scooter,Zone A - Central,Evening (16-21),Clear,High,6.14,1.07,1,30,33.1,1,11.25,35.79,3.1
DEL-10332,2026-06-12,RDR-050,Scooter,Zone C - South,Evening (16-21),Clear,Medium,4.22,1.4,4,35,23.9,0,8.21,37.27,4.9
DEL-11390,2026-06-13,RDR-060,Scooter,Zone B - North,Night (21-2),Clear,Medium,3.45,2.13,1,35,15.3,0,6.3,30.87,5.0
DEL-11162,2026-06-13,RDR-047,Scooter,Zone B - North,Evening (16-21),Clear,Medium,1.54,0.96,1,35,7.1,0,2.83,30.59,4.5
DEL-10077,2026-06-13,RDR-001,Scooter,Zone B - North,Evening (16-21),Clear,Medium,2.25,3.39,2,35,10.4,0,3.65,31.18,4.6
DEL-11297,2026-06-13,RDR-039,Scooter,Zone A - Central,Evening (16-21),Clear,Medium,10.46,1.08,3,30,36.6,1,19.78,44.5,4.2
DEL-10892,2026-06-13,RDR-040,E-Bike,Zone D - East,Night (21-2),Clear,High,1.07,2.14,1,40,11.5,0,0.61,30.79,5.0
DEL-11782,2026-06-13,RDR-009,Motorbike,Zone A - Central,Evening (16-21),Clear,High,7.33,1.9,1,30,35.9,1,18.05,43.62,4.5
DEL-11050,2026-06-13,RDR-023,E-Bike,Zone A - Central,Evening (16-21),Clear,High,2.04,11.44,1,30,8.5,0,1.29,47.38,4.9
DEL-11173,2026-06-13,RDR-028,Scooter,Zone A - Central,Morning (6-11),Clear,Medium,1.67,3.53,1,30,10.0,0,3.3,23.23,4.8
DEL-11724,2026-06-13,RDR-013,Motorbike,Zone B - North,Morning (6-11),Clear,High,3.97,3.46,2,35,26.7,0,9.39,35.96,4.9
DEL-10012,2026-06-13,RDR-009,E-Bike,Zone E - West,Evening (16-21),Cloudy,High,4.37,2.85,1,40,28.5,0,2.55,30.08,4.7
DEL-11826,2026-06-13,RDR-032,Scooter,Zone B - North,Afternoon (11-16),Cloudy,High,3.47,1.25,1,35,25.4,0,5.88,24.62,5.0
DEL-10124,2026-06-13,RDR-022,Scooter,Zone E - West,Afternoon (11-16),Cloudy,High,4.94,1.04,1,40,30.1,0,9.24,32.14,4.6
DEL-11601,2026-06-13,RDR-022,Scooter,Zone C - South,Evening (16-21),Clear,Low,3.14,0.61,1,35,13.5,0,5.68,33.94,4.8
DEL-10459,2026-06-13,RDR-044,Scooter,Zone B - North,Afternoon (11-16),Clear,Medium,5.97,1.34,1,35,22.5,0,10.45,35.73,5.0
DEL-10132,2026-06-13,RDR-019,Scooter,Zone C - South,Night (21-2),Cloudy,Medium,5.49,3.39,1,35,20.1,0,9.47,34.18,5.0
DEL-11965,2026-06-13,RDR-059,Motorbike,Zone D - East,Evening (16-21),Rain,Low,4.16,1.21,3,40,12.6,0,10.42,38.68,4.9
DEL-11072,2026-06-13,RDR-022,Scooter,Zone B - North,Afternoon (11-16),Clear,Medium,5.85,2.05,4,35,29.5,0,11.51,31.93,5.0
DEL-11583,2026-06-13,RDR-009,Motorbike,Zone E - West,Morning (6-11),Cloudy,Low,1.11,2.26,2,40,12.0,0,2.5,30.47,5.0
DEL-10577,2026-06-13,RDR-058,E-Bike,Zone C - South,Morning (6-11),Clear,Low,8.38,6.78,3,35,27.4,0,5.41,34.27,5.0
DEL-10147,2026-06-13,RDR-007,Motorbike,Zone B - North,Night (21-2),Clear,Medium,4.53,3.95,4,35,19.4,0,11.38,41.52,5.0
DEL-11269,2026-06-13,RDR-054,Scooter,Zone D - East,Afternoon (11-16),Clear,Medium,6.98,1.03,2,40,27.2,0,12.63,38.02,4.8
DEL-10304,2026-06-13,RDR-029,Motorbike,Zone E - West,Morning (6-11),Cloudy,Medium,3.76,4.28,1,40,14.1,0,8.34,33.46,4.9
DEL-10294,2026-06-13,RDR-016,Scooter,Zone A - Central,Evening (16-21),Clear,High,3.32,1.6,1,30,25.5,0,6.05,29.99,5.0
DEL-10080,2026-06-13,RDR-026,E-Bike,Zone A - Central,Afternoon (11-16),Cloudy,Medium,4.92,2.73,1,30,13.7,0,3.22,24.74,4.6
DEL-11207,2026-06-13,RDR-041,Scooter,Zone D - East,Evening (16-21),Clear,Medium,3.24,2.47,3,40,16.4,0,6.41,32.69,5.0
DEL-10914,2026-06-13,RDR-048,Motorbike,Zone A - Central,Morning (6-11),Clear,Low,2.54,4.32,2,30,10.7,0,5.82,28.94,5.0
DEL-10673,2026-06-13,RDR-025,Motorbike,Zone A - Central,Morning (6-11),Clear,Low,17.93,5.75,2,30,42.7,1,38.2,68.05,4.3
DEL-10307,2026-06-14,RDR-012,Scooter,Zone C - South,Afternoon (11-16),Cloudy,Medium,12.23,0.84,1,35,43.3,1,24.02,51.97,3.5
DEL-11128,2026-06-14,RDR-058,Scooter,Zone E - West,Evening (16-21),Clear,Medium,1.02,1.43,1,40,7.5,0,1.77,30.2,5.0
DEL-11447,2026-06-14,RDR-049,E-Bike,Zone D - East,Evening (16-21),Cloudy,Low,5.53,6.0,2,40,21.5,0,3.2,29.3,4.9
DEL-10864,2026-06-14,RDR-045,Scooter,Zone B - North,Morning (6-11),Clear,Medium,1.78,3.01,2,35,10.5,0,2.9,29.74,5.0
DEL-11513,2026-06-14,RDR-022,Scooter,Zone D - East,Evening (16-21),Cloudy,Low,2.09,3.67,2,40,10.3,0,4.05,26.52,4.8
DEL-10241,2026-06-14,RDR-038,E-Bike,Zone A - Central,Evening (16-21),Clear,Low,5.12,2.65,2,30,21.6,0,2.99,28.52,4.9
DEL-10706,2026-06-14,RDR-028,Scooter,Zone A - Central,Evening (16-21),Cloudy,High,2.03,1.43,2,30,9.9,0,3.77,20.57,5.0
DEL-10678,2026-06-14,RDR-038,E-Bike,Zone A - Central,Evening (16-21),Cloudy,Medium,0.85,1.99,2,30,5.1,0,0.49,27.4,4.7
DEL-10846,2026-06-14,RDR-034,Scooter,Zone D - East,Night (21-2),Rain,Medium,2.47,2.11,1,40,12.0,0,4.57,35.48,4.3
DEL-11472,2026-06-14,RDR-015,E-Bike,Zone C - South,Night (21-2),Clear,High,2.34,2.83,3,35,14.9,0,1.48,27.82,4.3
DEL-10252,2026-06-14,RDR-044,E-Bike,Zone D - East,Morning (6-11),Clear,Medium,1.23,1.62,2,40,10.1,0,0.76,26.9,5.0
DEL-11543,2026-06-14,RDR-055,Scooter,Zone B - North,Afternoon (11-16),Cloudy,High,3.79,1.1,2,35,22.5,0,6.18,32.46,5.0
DEL-11637,2026-06-14,RDR-028,Scooter,Zone A - Central,Morning (6-11),Cloudy,Medium,6.24,1.66,1,30,25.4,0,11.43,32.42,5.0
DEL-10141,2026-06-14,RDR-051,Scooter,Zone C - South,Evening (16-21),Clear,Medium,5.4,2.21,2,35,15.3,0,9.74,39.88,4.8
DEL-10659,2026-06-14,RDR-014,Motorbike,Zone C - South,Night (21-2),Cloudy,Low,2.1,1.65,1,35,4.0,0,4.59,33.88,4.7
DEL-10990,2026-06-14,RDR-028,Motorbike,Zone A - Central,Afternoon (11-16),Rain,High,3.64,3.09,1,30,22.4,0,8.02,34.59,4.5
DEL-10829,2026-06-14,RDR-034,Motorbike,Zone A - Central,Afternoon (11-16),Clear,Medium,1.45,2.26,2,30,10.9,0,3.23,27.2,5.0
DEL-10614,2026-06-14,RDR-038,E-Bike,Zone B - North,Afternoon (11-16),Clear,Low,4.31,1.86,1,35,13.9,0,2.54,31.68,5.0
DEL-11370,2026-06-14,RDR-058,E-Bike,Zone A - Central,Evening (16-21),Clear,Medium,2.89,1.98,1,30,13.8,0,1.65,27.34,5.0
DEL-10863,2026-06-15,RDR-051,Scooter,Zone C - South,Evening (16-21),Clear,Low,3.14,1.98,1,35,10.5,0,5.5,32.18,4.8
DEL-11423,2026-06-15,RDR-022,Scooter,Zone A - Central,Afternoon (11-16),Clear,Medium,3.96,1.16,1,30,20.1,0,7.67,31.67,4.8
DEL-10042,2026-06-15,RDR-008,Scooter,Zone C - South,Morning (6-11),Clear,Medium,1.85,1.7,1,35,10.2,0,3.04,28.84,5.0
DEL-11518,2026-06-15,RDR-048,Scooter,Zone A - Central,Evening (16-21),Clear,High,2.83,2.46,1,30,15.0,0,5.35,31.83,5.0
DEL-11109,2026-06-15,RDR-017,Scooter,Zone C - South,Evening (16-21),Rain,Medium,1.94,2.73,1,35,18.8,0,3.69,33.0,5.0
DEL-11060,2026-06-15,RDR-033,E-Bike,Zone B - North,Night (21-2),Rain,High,4.68,1.75,1,35,41.7,1,2.64,31.06,3.7
DEL-10729,2026-06-15,RDR-041,Scooter,Zone C - South,Afternoon (11-16),Clear,High,4.47,1.05,2,35,23.0,0,8.43,30.9,5.0
DEL-11425,2026-06-15,RDR-010,E-Bike,Zone C - South,Evening (16-21),Clear,Medium,3.9,1.77,1,35,19.6,0,2.55,29.12,5.0
DEL-11584,2026-06-15,RDR-047,E-Bike,Zone B - North,Night (21-2),Clear,Medium,2.65,4.98,1,35,14.7,0,1.63,28.96,4.5
DEL-11409,2026-06-15,RDR-032,E-Bike,Zone A - Central,Evening (16-21),Clear,Medium,4.3,1.58,1,30,21.8,0,2.33,24.42,5.0
DEL-10642,2026-06-15,RDR-012,Scooter,Zone D - East,Afternoon (11-16),Rain,Medium,1.65,1.56,1,40,13.0,0,3.27,28.11,4.6
DEL-11071,2026-06-15,RDR-038,Scooter,Zone C - South,Evening (16-21),Cloudy,Medium,3.2,4.27,2,35,16.7,0,5.39,32.49,4.7
DEL-11794,2026-06-15,RDR-058,Scooter,Zone A - Central,Evening (16-21),Clear,Medium,2.58,2.68,2,30,12.4,0,4.3,30.8,4.8
DEL-11217,2026-06-15,RDR-029,Motorbike,Zone A - Central,Night (21-2),Cloudy,Medium,3.67,2.77,3,30,21.0,0,7.77,39.16,4.8
DEL-10030,2026-06-15,RDR-011,Motorbike,Zone A - Central,Afternoon (11-16),Cloudy,Medium,1.71,0.33,1,30,8.4,0,4.22,32.45,4.8
DEL-11178,2026-06-15,RDR-035,Motorbike,Zone D - East,Evening (16-21),Clear,Low,8.16,2.43,1,40,20.6,0,17.48,46.77,4.6
DEL-11690,2026-06-15,RDR-051,Scooter,Zone D - East,Night (21-2),Clear,Low,5.45,4.69,1,40,17.2,0,10.68,32.85,5.0
DEL-10524,2026-06-15,RDR-052,E-Bike,Zone D - East,Evening (16-21),Cloudy,Low,7.54,1.27,4,40,30.5,0,4.13,27.43,5.0
DEL-10207,2026-06-15,RDR-046,Motorbike,Zone E - West,Morning (6-11),Clear,Medium,1.4,1.98,1,40,6.8,0,2.98,26.38,5.0
DEL-10810,2026-06-15,RDR-041,E-Bike,Zone A - Central,Morning (6-11),Clear,High,7.15,4.4,1,30,44.8,1,4.15,32.92,4.0
DEL-10354,2026-06-15,RDR-036,Scooter,Zone D - East,Morning (6-11),Clear,High,2.72,0.34,1,40,16.9,0,5.34,28.28,5.0
DEL-11471,2026-06-15,RDR-015,Motorbike,Zone D - East,Evening (16-21),Clear,Low,3.07,1.68,2,40,13.8,0,6.37,29.47,5.0
DEL-10270,2026-06-15,RDR-013,E-Bike,Zone A - Central,Afternoon (11-16),Cloudy,Medium,3.29,0.98,1,30,19.8,0,1.84,28.09,4.9
DEL-10454,2026-06-15,RDR-007,Scooter,Zone C - South,Night (21-2),Rain,High,7.63,1.77,3,35,54.3,1,14.19,39.08,3.7
DEL-10380,2026-06-15,RDR-043,Scooter,Zone D - East,Evening (16-21),Clear,Medium,3.27,2.45,1,40,16.0,0,5.32,30.58,5.0
DEL-10314,2026-06-15,RDR-052,E-Bike,Zone E - West,Afternoon (11-16),Rain,Low,2.42,0.99,2,40,18.1,0,1.41,27.99,4.8
DEL-11823,2026-06-16,RDR-002,Motorbike,Zone B - North,Morning (6-11),Cloudy,Medium,5.15,3.64,1,35,24.5,0,12.51,30.29,4.9
DEL-10197,2026-06-16,RDR-020,E-Bike,Zone E - West,Afternoon (11-16),Clear,High,4.96,0.44,1,40,29.4,0,2.95,26.56,5.0
DEL-11736,2026-06-16,RDR-060,Scooter,Zone D - East,Evening (16-21),Cloudy,High,2.88,0.85,2,40,14.9,0,4.71,32.5,5.0
DEL-11575,2026-06-16,RDR-015,Scooter,Zone B - North,Afternoon (11-16),Clear,Low,11.21,1.24,2,35,38.9,1,21.51,46.71,4.0
DEL-10133,2026-06-16,RDR-045,Scooter,Zone C - South,Afternoon (11-16),Cloudy,Low,4.1,5.01,4,35,10.9,0,6.98,31.69,5.0
DEL-11931,2026-06-16,RDR-052,Motorbike,Zone A - Central,Morning (6-11),Clear,High,6.34,1.81,3,30,29.9,0,15.75,42.09,4.9
DEL-11215,2026-06-16,RDR-001,Scooter,Zone A - Central,Afternoon (11-16),Clear,Medium,1.7,4.43,1,30,16.5,0,2.76,32.81,4.7
DEL-10192,2026-06-16,RDR-008,E-Bike,Zone D - East,Afternoon (11-16),Clear,High,0.62,2.13,2,40,7.5,0,0.34,25.4,4.9
DEL-11660,2026-06-16,RDR-045,Motorbike,Zone C - South,Evening (16-21),Clear,Low,2.67,3.25,3,35,10.7,0,6.52,33.57,5.0
DEL-11963,2026-06-16,RDR-027,Scooter,Zone C - South,Evening (16-21),Cloudy,Medium,4.13,0.84,1,35,17.5,0,6.86,32.16,4.6
DEL-11781,2026-06-16,RDR-046,E-Bike,Zone B - North,Afternoon (11-16),Clear,Low,1.68,1.09,4,35,9.4,0,0.95,27.63,4.9
DEL-11242,2026-06-16,RDR-060,Motorbike,Zone C - South,Evening (16-21),Clear,Low,1.85,5.07,1,35,11.7,0,4.02,28.88,5.0
DEL-11000,2026-06-16,RDR-018,Scooter,Zone D - East,Night (21-2),Clear,Low,1.4,1.08,1,40,11.1,0,2.32,30.67,4.8
DEL-10435,2026-06-16,RDR-020,Motorbike,Zone B - North,Afternoon (11-16),Clear,Medium,7.15,4.19,1,35,26.4,0,17.78,46.93,4.9
DEL-10637,2026-06-16,RDR-047,Scooter,Zone D - East,Afternoon (11-16),Cloudy,Medium,4.88,3.52,4,40,22.5,0,8.64,25.98,4.6
DEL-11507,2026-06-16,RDR-054,Motorbike,Zone B - North,Evening (16-21),Clear,Medium,2.57,2.46,2,35,11.7,0,5.62,34.0,5.0
DEL-11962,2026-06-16,RDR-044,E-Bike,Zone A - Central,Afternoon (11-16),Clear,Low,1.09,3.54,1,30,16.8,0,0.68,25.77,5.0
DEL-11092,2026-06-16,RDR-056,Motorbike,Zone B - North,Afternoon (11-16),Cloudy,Medium,4.66,1.57,1,35,15.4,0,10.63,35.57,5.0
DEL-10727,2026-06-16,RDR-048,Motorbike,Zone A - Central,Morning (6-11),Cloudy,Low,3.09,4.82,1,30,17.7,0,7.32,29.42,5.0
DEL-10593,2026-06-17,RDR-048,Scooter,Zone C - South,Night (21-2),Clear,High,3.13,1.06,3,35,19.9,0,6.04,27.02,4.9
DEL-11875,2026-06-17,RDR-008,Motorbike,Zone B - North,Morning (6-11),Clear,Medium,4.89,2.21,2,35,13.6,0,10.83,35.7,4.9
DEL-11119,2026-06-17,RDR-060,Scooter,Zone A - Central,Night (21-2),Clear,Medium,5.23,1.8,3,30,20.7,0,8.76,34.0,5.0
DEL-11073,2026-06-17,RDR-045,Scooter,Zone A - Central,Evening (16-21),Clear,Low,1.8,1.02,1,30,7.6,0,3.31,30.18,5.0
DEL-10135,2026-06-17,RDR-058,Scooter,Zone E - West,Morning (6-11),Clear,Low,4.68,5.53,1,40,19.1,0,8.17,29.8,5.0
DEL-10439,2026-06-17,RDR-008,Scooter,Zone A - Central,Afternoon (11-16),Clear,Medium,4.66,1.7,2,30,20.4,0,8.03,30.85,4.8
DEL-11597,2026-06-17,RDR-049,Scooter,Zone C - South,Afternoon (11-16),Cloudy,Low,2.01,2.78,3,35,6.4,0,3.42,28.11,5.0
DEL-10546,2026-06-17,RDR-023,Scooter,Zone A - Central,Evening (16-21),Clear,Medium,1.23,1.36,3,30,7.0,0,2.38,28.12,4.6
DEL-10186,2026-06-17,RDR-036,E-Bike,Zone E - West,Afternoon (11-16),Clear,High,4.45,7.41,3,40,24.5,0,2.68,33.1,4.7
DEL-11226,2026-06-17,RDR-022,Scooter,Zone A - Central,Afternoon (11-16),Clear,High,2.69,3.78,1,30,27.9,0,4.97,27.83,5.0
DEL-11221,2026-06-17,RDR-016,Scooter,Zone A - Central,Evening (16-21),Clear,Low,5.98,1.48,1,30,21.4,0,9.93,30.01,5.0
DEL-10670,2026-06-17,RDR-059,Scooter,Zone C - South,Night (21-2),Clear,Medium,5.56,3.65,1,35,26.1,0,10.26,41.75,5.0
DEL-10179,2026-06-17,RDR-046,Scooter,Zone C - South,Morning (6-11),Clear,Medium,2.37,1.82,4,35,17.0,0,3.96,31.11,5.0
DEL-11082,2026-06-17,RDR-032,Scooter,Zone A - Central,Afternoon (11-16),Cloudy,Medium,2.86,2.63,1,30,20.8,0,4.87,34.61,4.9
DEL-10226,2026-06-17,RDR-028,E-Bike,Zone B - North,Afternoon (11-16),Clear,Low,1.99,4.97,1,35,9.2,0,1.15,26.26,5.0
DEL-11272,2026-06-17,RDR-023,Motorbike,Zone D - East,Evening (16-21),Clear,Medium,4.11,1.8,2,40,21.8,0,10.38,37.84,4.8
DEL-10986,2026-06-17,RDR-006,Motorbike,Zone A - Central,Afternoon (11-16),Cloudy,Medium,1.21,0.98,1,30,7.6,0,2.66,27.82,4.5
DEL-10299,2026-06-17,RDR-017,Scooter,Zone B - North,Evening (16-21),Clear,Medium,2.49,1.42,1,35,22.6,0,4.1,31.73,5.0
DEL-11914,2026-06-17,RDR-057,Scooter,Zone E - West,Afternoon (11-16),Clear,Low,3.21,2.1,3,40,15.6,0,5.61,29.46,5.0
DEL-11040,2026-06-17,RDR-021,Motorbike,Zone A - Central,Morning (6-11),Cloudy,High,6.94,2.13,1,30,35.6,1,15.43,33.7,2.9
DEL-11365,2026-06-17,RDR-047,Scooter,Zone C - South,Evening (16-21),Rain,Medium,10.49,3.72,4,35,56.3,1,17.85,44.38,2.8
DEL-11895,2026-06-17,RDR-017,Motorbike,Zone D - East,Morning (6-11),Clear,High,4.14,3.47,1,40,21.8,0,9.77,36.41,4.7
DEL-11778,2026-06-17,RDR-045,Scooter,Zone C - South,Afternoon (11-16),Cloudy,High,0.73,2.46,1,35,6.6,0,1.27,21.72,5.0
DEL-11027,2026-06-17,RDR-037,E-Bike,Zone C - South,Morning (6-11),Clear,High,5.8,1.59,1,35,36.9,1,3.61,29.23,3.9
DEL-10069,2026-06-17,RDR-033,E-Bike,Zone B - North,Evening (16-21),Cloudy,Low,3.03,1.57,3,35,13.2,0,1.99,25.08,5.0
DEL-10144,2026-06-17,RDR-036,Scooter,Zone B - North,Night (21-2),Rain,High,3.21,1.21,2,35,21.4,0,6.34,26.31,5.0
DEL-11022,2026-06-17,RDR-041,E-Bike,Zone D - East,Afternoon (11-16),Rain,High,1.62,3.39,2,40,16.3,0,1.06,22.7,4.6
DEL-11718,2026-06-17,RDR-040,E-Bike,Zone B - North,Morning (6-11),Clear,Medium,2.83,2.91,1,35,25.5,0,1.84,30.06,5.0
DEL-11394,2026-06-17,RDR-025,Scooter,Zone E - West,Afternoon (11-16),Cloudy,Low,7.14,2.16,1,40,24.9,0,13.92,37.17,5.0
DEL-10418,2026-06-18,RDR-003,Motorbike,Zone A - Central,Evening (16-21),Clear,High,3.06,1.01,2,30,21.4,0,7.48,27.12,5.0
DEL-11627,2026-06-18,RDR-019,Motorbike,Zone E - West,Night (21-2),Clear,Medium,2.81,4.57,2,40,11.7,0,6.77,29.43,5.0
DEL-11901,2026-06-18,RDR-010,Scooter,Zone B - North,Afternoon (11-16),Clear,Low,11.94,1.49,2,35,38.7,1,23.23,51.3,3.7
DEL-11940,2026-06-18,RDR-015,Scooter,Zone D - East,Night (21-2),Clear,Medium,6.8,1.15,1,40,28.2,0,12.29,41.94,4.8
DEL-11160,2026-06-18,RDR-055,E-Bike,Zone B - North,Night (21-2),Clear,Medium,9.49,0.94,1,35,43.3,1,5.87,35.84,4.0
DEL-11239,2026-06-18,RDR-047,Scooter,Zone C - South,Evening (16-21),Clear,Medium,5.05,2.78,2,35,19.1,0,8.63,33.15,5.0
DEL-10273,2026-06-18,RDR-014,E-Bike,Zone C - South,Evening (16-21),Clear,Medium,3.05,3.57,1,35,18.7,0,1.95,33.18,5.0
DEL-10988,2026-06-18,RDR-045,Scooter,Zone D - East,Evening (16-21),Cloudy,Low,2.09,0.62,1,40,15.1,0,3.67,25.83,4.6
DEL-10452,2026-06-18,RDR-025,Scooter,Zone C - South,Evening (16-21),Cloudy,Medium,3.64,1.28,1,35,22.0,0,7.0,31.6,4.6
DEL-11559,2026-06-18,RDR-058,E-Bike,Zone B - North,Evening (16-21),Cloudy,High,2.28,3.05,1,35,15.8,0,1.3,27.85,4.8
DEL-11613,2026-06-18,RDR-041,Scooter,Zone D - East,Morning (6-11),Clear,Medium,1.55,0.52,1,40,13.3,0,2.93,25.03,4.8
DEL-10873,2026-06-18,RDR-054,Scooter,Zone B - North,Morning (6-11),Clear,Medium,7.77,4.58,1,35,32.1,0,12.6,39.25,5.0
DEL-11299,2026-06-18,RDR-022,Motorbike,Zone D - East,Morning (6-11),Clear,Medium,4.29,0.46,1,40,18.3,0,10.05,38.28,5.0
DEL-10122,2026-06-18,RDR-013,Scooter,Zone E - West,Morning (6-11),Cloudy,Low,5.27,7.59,1,40,18.3,0,9.42,41.26,5.0
DEL-10974,2026-06-18,RDR-026,Scooter,Zone B - North,Afternoon (11-16),Clear,Medium,1.31,2.28,2,35,14.8,0,2.55,27.27,5.0
DEL-11302,2026-06-18,RDR-048,Scooter,Zone C - South,Evening (16-21),Cloudy,Low,3.08,1.57,1,35,9.3,0,5.8,31.01,5.0
DEL-10248,2026-06-18,RDR-055,E-Bike,Zone C - South,Night (21-2),Clear,Medium,1.96,2.8,1,35,12.7,0,1.11,27.67,4.8
DEL-10671,2026-06-18,RDR-014,E-Bike,Zone B - North,Morning (6-11),Rain,High,9.76,1.72,1,35,77.4,1,6.29,32.71,3.6
DEL-11738,2026-06-18,RDR-044,Scooter,Zone D - East,Afternoon (11-16),Clear,Medium,1.87,1.03,1,40,12.5,0,3.36,27.47,5.0
DEL-11890,2026-06-18,RDR-006,Scooter,Zone D - East,Evening (16-21),Cloudy,Low,4.04,1.27,1,40,11.6,0,7.47,29.45,5.0
DEL-10351,2026-06-18,RDR-035,E-Bike,Zone E - West,Morning (6-11),Clear,Medium,3.62,1.97,1,40,27.2,0,2.3,26.43,5.0
DEL-10443,2026-06-19,RDR-035,Scooter,Zone E - West,Afternoon (11-16),Clear,Low,1.7,2.83,1,40,4.0,0,2.82,25.17,5.0
DEL-10878,2026-06-19,RDR-009,Scooter,Zone C - South,Afternoon (11-16),Clear,High,2.71,2.04,1,35,16.0,0,4.78,35.22,5.0
DEL-11463,2026-06-19,RDR-005,Motorbike,Zone C - South,Afternoon (11-16),Clear,Medium,1.98,2.4,4,35,11.3,0,4.69,26.43,5.0
DEL-10228,2026-06-19,RDR-002,E-Bike,Zone B - North,Evening (16-21),Clear,High,8.15,1.65,1,35,41.2,1,4.79,26.84,3.7
DEL-11512,2026-06-19,RDR-049,E-Bike,Zone E - West,Morning (6-11),Rain,Low,4.3,3.7,3,40,23.0,0,2.78,30.92,4.6
DEL-10389,2026-06-19,RDR-041,E-Bike,Zone D - East,Morning (6-11),Clear,Medium,3.17,2.69,1,40,24.5,0,2.04,24.66,4.9
DEL-10985,2026-06-19,RDR-044,Motorbike,Zone E - West,Evening (16-21),Clear,Medium,2.78,1.35,1,40,11.5,0,6.56,28.65,5.0
DEL-10195,2026-06-19,RDR-057,Scooter,Zone B - North,Afternoon (11-16),Clear,Low,1.83,2.04,2,35,4.0,0,3.55,24.64,5.0
DEL-11593,2026-06-19,RDR-040,Scooter,Zone C - South,Afternoon (11-16),Rain,High,5.44,0.71,1,35,39.2,1,9.92,38.33,3.9
DEL-11981,2026-06-19,RDR-033,E-Bike,Zone D - East,Evening (16-21),Clear,Low,3.96,1.61,1,40,16.3,0,2.15,25.42,5.0
DEL-10564,2026-06-19,RDR-017,Scooter,Zone B - North,Afternoon (11-16),Clear,Low,2.15,1.34,2,35,10.0,0,4.13,25.85,4.6
DEL-10740,2026-06-19,RDR-032,Motorbike,Zone B - North,Evening (16-21),Cloudy,Low,2.39,1.48,1,35,5.9,0,5.82,37.62,4.7
DEL-10324,2026-06-19,RDR-009,E-Bike,Zone D - East,Morning (6-11),Cloudy,Low,3.61,1.45,1,40,12.7,0,2.28,25.92,4.9
DEL-11342,2026-06-19,RDR-046,E-Bike,Zone C - South,Evening (16-21),Clear,Medium,8.47,0.39,2,35,37.1,1,5.52,29.72,3.8
DEL-10712,2026-06-19,RDR-003,Motorbike,Zone B - North,Evening (16-21),Clear,Medium,3.89,3.88,1,35,20.5,0,9.21,34.1,4.7
DEL-11989,2026-06-19,RDR-048,Motorbike,Zone E - West,Evening (16-21),Cloudy,High,4.19,0.96,1,40,21.9,0,9.79,35.45,4.9
DEL-10621,2026-06-19,RDR-032,Scooter,Zone E - West,Morning (6-11),Cloudy,Medium,15.27,2.17,2,40,56.0,1,26.25,47.94,4.4
DEL-10233,2026-06-19,RDR-056,Motorbike,Zone E - West,Evening (16-21),Rain,Low,2.28,2.25,2,40,13.4,0,5.62,29.65,5.0
DEL-10851,2026-06-19,RDR-007,Motorbike,Zone A - Central,Afternoon (11-16),Clear,High,2.99,1.18,1,30,10.8,0,7.31,32.01,5.0
DEL-11659,2026-06-19,RDR-019,Scooter,Zone E - West,Evening (16-21),Cloudy,Medium,0.93,1.3,1,40,11.6,0,1.71,20.74,5.0
DEL-10663,2026-06-19,RDR-031,Scooter,Zone D - East,Afternoon (11-16),Cloudy,Medium,6.22,1.18,1,40,29.7,0,12.21,37.53,5.0
DEL-10695,2026-06-19,RDR-014,Motorbike,Zone C - South,Evening (16-21),Rain,Medium,1.68,2.42,1,35,11.7,0,3.8,27.58,4.4
DEL-10627,2026-06-20,RDR-030,Motorbike,Zone D - East,Night (21-2),Clear,Medium,3.29,1.2,2,40,9.6,0,7.15,33.64,5.0
DEL-10088,2026-06-20,RDR-039,E-Bike,Zone D - East,Morning (6-11),Cloudy,Medium,4.0,1.52,2,40,20.4,0,2.25,22.46,5.0
DEL-10254,2026-06-20,RDR-057,Scooter,Zone E - West,Afternoon (11-16),Clear,Medium,1.69,0.68,3,40,16.2,0,3.25,32.12,4.9
DEL-11450,2026-06-20,RDR-007,Motorbike,Zone B - North,Afternoon (11-16),Clear,Medium,8.14,0.95,2,35,29.8,0,19.14,42.37,5.0
DEL-11007,2026-06-20,RDR-021,E-Bike,Zone A - Central,Evening (16-21),Cloudy,Low,3.21,4.82,2,30,19.4,0,1.84,27.53,5.0
DEL-10422,2026-06-20,RDR-045,Scooter,Zone D - East,Afternoon (11-16),Clear,Low,3.88,1.89,2,40,18.6,0,6.73,28.29,5.0
DEL-10051,2026-06-20,RDR-041,Motorbike,Zone C - South,Morning (6-11),Cloudy,High,11.0,4.83,1,35,49.7,1,23.66,45.71,3.9
DEL-11755,2026-06-20,RDR-042,E-Bike,Zone A - Central,Afternoon (11-16),Clear,Medium,2.35,3.62,2,30,9.4,0,1.36,28.02,5.0
DEL-11937,2026-06-20,RDR-002,E-Bike,Zone A - Central,Evening (16-21),Clear,Medium,6.8,0.32,1,30,31.5,1,4.04,26.2,3.9
DEL-10046,2026-06-20,RDR-008,Scooter,Zone A - Central,Evening (16-21),Clear,Low,2.42,0.93,1,30,9.3,0,4.24,34.16,5.0
DEL-10405,2026-06-20,RDR-030,E-Bike,Zone C - South,Morning (6-11),Cloudy,High,4.63,1.59,2,35,33.2,0,2.84,26.25,5.0
DEL-11648,2026-06-20,RDR-058,Motorbike,Zone C - South,Evening (16-21),Cloudy,Medium,1.74,1.62,3,35,6.0,0,3.89,30.49,5.0
DEL-10313,2026-06-20,RDR-049,E-Bike,Zone D - East,Evening (16-21),Rain,Low,3.98,3.04,1,40,17.5,0,2.3,26.25,4.8
DEL-10085,2026-06-20,RDR-046,Scooter,Zone C - South,Evening (16-21),Clear,Medium,2.53,3.39,2,35,13.5,0,4.55,32.16,5.0
DEL-11307,2026-06-20,RDR-045,E-Bike,Zone A - Central,Evening (16-21),Clear,Low,5.52,3.09,3,30,25.0,0,3.13,25.09,5.0
DEL-10870,2026-06-20,RDR-034,Scooter,Zone E - West,Night (21-2),Clear,Medium,1.73,1.51,1,40,13.8,0,3.22,24.29,5.0
DEL-11475,2026-06-20,RDR-013,Motorbike,Zone D - East,Evening (16-21),Clear,Medium,3.65,2.92,3,40,16.3,0,7.6,31.29,5.0
DEL-11438,2026-06-20,RDR-021,Scooter,Zone E - West,Morning (6-11),Clear,Low,6.56,2.41,2,40,22.8,0,11.48,38.94,4.4
DEL-11495,2026-06-20,RDR-010,Motorbike,Zone A - Central,Afternoon (11-16),Clear,Low,4.32,0.31,4,30,13.9,0,10.28,37.08,5.0
DEL-11654,2026-06-20,RDR-034,Scooter,Zone A - Central,Evening (16-21),Clear,High,7.08,0.36,3,30,36.0,1,13.35,41.64,3.7
DEL-10866,2026-06-20,RDR-025,Scooter,Zone C - South,Afternoon (11-16),Clear,Medium,3.37,3.8,1,35,24.2,0,6.4,34.94,5.0
DEL-10680,2026-06-20,RDR-026,E-Bike,Zone A - Central,Morning (6-11),Clear,Medium,8.3,1.38,1,30,36.7,1,5.37,31.26,3.9
DEL-11899,2026-06-20,RDR-011,Motorbike,Zone E - West,Morning (6-11),Clear,High,3.74,2.53,1,40,19.8,0,9.18,28.15,5.0
DEL-11210,2026-06-20,RDR-031,Scooter,Zone A - Central,Night (21-2),Rain,Medium,9.37,6.59,1,30,50.8,1,16.45,45.59,3.6
DEL-10156,2026-06-20,RDR-015,Motorbike,Zone A - Central,Evening (16-21),Clear,Medium,1.89,1.97,4,30,11.3,0,4.01,28.01,5.0
DEL-11213,2026-06-21,RDR-047,Motorbike,Zone D - East,Afternoon (11-16),Cloudy,Medium,1.1,2.82,1,40,9.2,0,2.77,23.83,4.9
DEL-10526,2026-06-21,RDR-042,Scooter,Zone A - Central,Afternoon (11-16),Cloudy,Low,3.28,4.32,1,30,13.3,0,5.88,29.29,5.0
DEL-11074,2026-06-21,RDR-041,E-Bike,Zone C - South,Afternoon (11-16),Rain,Medium,8.05,0.73,1,35,49.5,1,5.13,26.94,3.7
DEL-10978,2026-06-21,RDR-015,Motorbike,Zone D - East,Evening (16-21),Clear,High,3.86,1.37,4,40,17.4,0,8.43,39.77,5.0
DEL-11170,2026-06-21,RDR-052,Motorbike,Zone C - South,Afternoon (11-16),Clear,Medium,8.48,1.83,3,35,34.0,0,18.34,48.84,5.0
DEL-11084,2026-06-21,RDR-026,E-Bike,Zone D - East,Afternoon (11-16),Clear,Medium,1.22,3.51,1,40,10.0,0,0.68,29.38,4.7
DEL-10944,2026-06-21,RDR-003,Scooter,Zone D - East,Afternoon (11-16),Cloudy,Medium,5.05,3.76,1,40,22.6,0,8.77,32.79,4.9
DEL-10326,2026-06-21,RDR-006,Motorbike,Zone D - East,Morning (6-11),Clear,High,1.18,2.52,4,40,13.9,0,2.66,27.43,4.9
DEL-10612,2026-06-21,RDR-016,Motorbike,Zone A - Central,Night (21-2),Clear,Low,1.22,2.06,1,30,6.2,0,2.81,23.71,4.7
DEL-11263,2026-06-21,RDR-027,Motorbike,Zone A - Central,Evening (16-21),Clear,Low,6.27,8.22,1,30,20.3,0,13.93,47.68,4.8
DEL-11730,2026-06-21,RDR-051,Scooter,Zone A - Central,Morning (6-11),Cloudy,Medium,7.49,3.58,1,30,30.8,1,14.39,38.32,3.3
DEL-11282,2026-06-21,RDR-043,Motorbike,Zone E - West,Evening (16-21),Clear,Low,5.56,3.3,1,40,13.4,0,13.09,41.29,5.0
DEL-11854,2026-06-21,RDR-036,E-Bike,Zone D - East,Night (21-2),Clear,Medium,8.26,2.11,1,40,37.9,0,4.55,31.76,5.0
DEL-10868,2026-06-21,RDR-030,E-Bike,Zone B - North,Evening (16-21),Clear,Medium,4.9,1.92,1,35,19.8,0,3.02,29.68,5.0
DEL-11822,2026-06-21,RDR-020,Motorbike,Zone D - East,Evening (16-21),Cloudy,Medium,3.44,1.16,3,40,15.0,0,7.96,26.85,4.6
DEL-11421,2026-06-21,RDR-021,Motorbike,Zone C - South,Evening (16-21),Clear,Medium,6.69,3.61,1,35,23.8,0,14.29,34.04,4.6
DEL-11129,2026-06-21,RDR-057,Scooter,Zone E - West,Night (21-2),Rain,High,5.97,2.3,1,40,45.8,1,10.03,35.08,3.8
DEL-10753,2026-06-21,RDR-051,Scooter,Zone B - North,Morning (6-11),Clear,Low,6.56,2.37,2,35,27.7,0,11.37,35.49,4.9
DEL-10364,2026-06-21,RDR-050,E-Bike,Zone C - South,Evening (16-21),Clear,Medium,5.23,1.01,1,35,23.0,0,2.98,24.7,5.0
DEL-11928,2026-06-21,RDR-023,Motorbike,Zone D - East,Evening (16-21),Clear,High,4.62,3.35,1,40,29.9,0,10.27,33.79,5.0
DEL-11620,2026-06-21,RDR-011,Motorbike,Zone D - East,Afternoon (11-16),Clear,High,1.49,4.94,4,40,7.2,0,3.3,23.44,4.9
DEL-10742,2026-06-21,RDR-005,Motorbike,Zone A - Central,Afternoon (11-16),Clear,Medium,2.99,1.6,1,30,15.2,0,7.29,36.12,5.0
DEL-10367,2026-06-22,RDR-048,E-Bike,Zone C - South,Evening (16-21),Clear,Low,4.88,0.98,2,35,15.6,0,2.83,26.65,4.7
DEL-10412,2026-06-22,RDR-033,E-Bike,Zone C - South,Afternoon (11-16),Cloudy,High,8.67,1.04,2,35,50.6,1,5.7,31.92,3.6
DEL-11300,2026-06-22,RDR-049,Scooter,Zone B - North,Afternoon (11-16),Cloudy,Low,3.46,1.04,2,35,10.1,0,6.47,33.03,4.6
DEL-11789,2026-06-22,RDR-003,Motorbike,Zone E - West,Morning (6-11),Clear,Medium,3.36,1.08,1,40,18.5,0,8.24,36.33,4.8
DEL-11470,2026-06-22,RDR-006,Motorbike,Zone A - Central,Afternoon (11-16),Cloudy,High,4.26,1.14,1,30,23.1,0,9.54,30.05,5.0
DEL-10478,2026-06-22,RDR-053,E-Bike,Zone A - Central,Evening (16-21),Clear,Medium,8.4,3.4,1,30,30.9,1,4.7,28.55,4.3
DEL-10617,2026-06-22,RDR-039,Scooter,Zone A - Central,Morning (6-11),Rain,Medium,1.34,2.05,1,30,9.3,0,2.49,24.69,4.9
DEL-10006,2026-06-22,RDR-014,Scooter,Zone B - North,Evening (16-21),Clear,Medium,1.44,2.17,1,35,8.9,0,2.71,32.64,4.9
DEL-11820,2026-06-22,RDR-051,Scooter,Zone B - North,Evening (16-21),Cloudy,Medium,1.29,1.03,1,35,14.8,0,2.21,23.3,4.8
DEL-10469,2026-06-22,RDR-037,E-Bike,Zone C - South,Morning (6-11),Rain,High,2.82,1.92,1,35,27.7,0,1.56,33.74,5.0
DEL-10760,2026-06-22,RDR-032,Scooter,Zone A - Central,Morning (6-11),Clear,Low,6.09,5.19,2,30,27.0,0,11.94,34.69,4.5
DEL-11233,2026-06-22,RDR-005,Scooter,Zone A - Central,Afternoon (11-16),Clear,Medium,2.73,1.85,1,30,12.5,0,5.15,30.21,4.8
DEL-11276,2026-06-22,RDR-027,Scooter,Zone E - West,Afternoon (11-16),Clear,Medium,2.77,3.5,2,40,15.8,0,4.97,28.53,4.9
DEL-10221,2026-06-22,RDR-006,Motorbike,Zone C - South,Morning (6-11),Clear,Medium,2.27,2.27,3,35,13.2,0,5.63,32.73,5.0
DEL-10948,2026-06-22,RDR-034,E-Bike,Zone B - North,Afternoon (11-16),Cloudy,High,3.09,1.41,4,35,19.1,0,1.81,25.59,4.8
DEL-11478,2026-06-22,RDR-046,Motorbike,Zone C - South,Afternoon (11-16),Cloudy,High,12.64,3.24,2,35,52.3,1,27.88,52.09,3.9
DEL-11610,2026-06-22,RDR-014,E-Bike,Zone C - South,Evening (16-21),Clear,Medium,2.92,0.93,2,35,18.8,0,1.83,26.93,4.6
DEL-10173,2026-06-22,RDR-052,Scooter,Zone E - West,Afternoon (11-16),Clear,High,1.26,2.31,1,40,12.2,0,2.19,25.28,4.7
DEL-10946,2026-06-22,RDR-015,Scooter,Zone C - South,Evening (16-21),Cloudy,Low,14.0,4.88,1,35,45.3,1,24.07,47.34,3.7
DEL-10774,2026-06-22,RDR-023,Motorbike,Zone C - South,Night (21-2),Clear,Medium,6.33,2.17,3,35,22.1,0,15.49,38.94,4.6
DEL-10216,2026-06-22,RDR-014,Scooter,Zone D - East,Evening (16-21),Clear,Low,3.12,3.18,3,40,13.0,0,5.41,30.93,5.0
DEL-10957,2026-06-22,RDR-054,Scooter,Zone E - West,Night (21-2),Cloudy,Medium,6.88,3.17,2,40,26.8,0,12.42,40.17,4.9
DEL-11528,2026-06-22,RDR-044,E-Bike,Zone E - West,Night (21-2),Clear,Medium,3.02,2.92,1,40,17.2,0,1.85,24.24,4.9
DEL-10329,2026-06-22,RDR-051,Scooter,Zone A - Central,Afternoon (11-16),Cloudy,Low,3.03,3.64,1,30,16.4,0,5.92,27.52,5.0
DEL-11459,2026-06-23,RDR-032,Motorbike,Zone C - South,Afternoon (11-16),Rain,Low,5.95,1.18,3,35,28.0,0,14.93,40.55,5.0
DEL-11506,2026-06-23,RDR-058,Motorbike,Zone E - West,Morning (6-11),Clear,Medium,4.04,3.83,1,40,17.9,0,8.4,33.47,5.0
DEL-10999,2026-06-23,RDR-030,Scooter,Zone E - West,Night (21-2),Clear,Medium,6.63,1.21,4,40,26.7,0,11.07,38.03,4.5
DEL-10414,2026-06-23,RDR-050,Motorbike,Zone C - South,Morning (6-11),Clear,Low,1.22,2.63,1,35,4.0,0,3.02,27.21,5.0
DEL-10643,2026-06-23,RDR-020,Scooter,Zone C - South,Afternoon (11-16),Clear,High,1.39,2.76,1,35,13.6,0,2.56,30.34,5.0
DEL-10340,2026-06-23,RDR-051,Motorbike,Zone D - East,Evening (16-21),Clear,Low,1.16,0.89,1,40,12.2,0,2.46,27.4,5.0
DEL-11825,2026-06-23,RDR-030,Motorbike,Zone A - Central,Evening (16-21),Clear,High,4.39,2.3,1,30,26.7,0,9.75,34.91,5.0
DEL-10298,2026-06-23,RDR-035,Motorbike,Zone A - Central,Morning (6-11),Clear,Medium,1.86,3.11,2,30,11.1,0,3.86,31.81,4.9
DEL-11849,2026-06-23,RDR-052,Motorbike,Zone A - Central,Evening (16-21),Clear,Low,2.68,5.12,1,30,15.3,0,6.03,30.07,4.8
DEL-11720,2026-06-23,RDR-037,Scooter,Zone B - North,Evening (16-21),Clear,Medium,1.26,2.63,1,35,7.8,0,2.38,25.25,4.9
DEL-10638,2026-06-23,RDR-025,Scooter,Zone E - West,Evening (16-21),Cloudy,Low,1.77,1.83,1,40,4.0,0,3.02,25.67,5.0
DEL-11684,2026-06-23,RDR-013,Scooter,Zone D - East,Evening (16-21),Clear,Low,2.45,2.5,1,40,10.0,0,3.99,26.83,5.0
DEL-10215,2026-06-23,RDR-057,Scooter,Zone B - North,Evening (16-21),Cloudy,High,5.2,3.14,2,35,32.2,0,9.46,36.44,5.0
DEL-10589,2026-06-24,RDR-018,Scooter,Zone D - East,Evening (16-21),Cloudy,High,5.64,3.08,2,40,32.4,0,10.07,33.37,4.8
DEL-10289,2026-06-24,RDR-052,Motorbike,Zone A - Central,Evening (16-21),Cloudy,Medium,1.46,2.38,2,30,13.4,0,3.43,32.09,5.0
DEL-10183,2026-06-24,RDR-017,E-Bike,Zone B - North,Night (21-2),Clear,High,5.06,0.71,2,35,32.9,0,2.82,22.37,4.8
DEL-10293,2026-06-24,RDR-021,Scooter,Zone C - South,Morning (6-11),Rain,Medium,4.11,6.88,3,35,23.1,0,8.09,40.04,4.6
DEL-10374,2026-06-24,RDR-027,Scooter,Zone D - East,Evening (16-21),Clear,Low,2.05,1.7,1,40,9.1,0,3.68,28.28,4.6
DEL-10121,2026-06-24,RDR-045,E-Bike,Zone C - South,Evening (16-21),Clear,Low,1.74,2.86,3,35,21.7,0,0.97,26.41,5.0
DEL-11603,2026-06-24,RDR-016,Scooter,Zone A - Central,Morning (6-11),Cloudy,High,2.27,2.56,2,30,20.5,0,4.45,31.08,5.0
DEL-11604,2026-06-24,RDR-007,Scooter,Zone A - Central,Evening (16-21),Clear,Medium,0.93,0.9,3,30,8.4,0,1.69,25.17,4.9
DEL-11088,2026-06-24,RDR-034,E-Bike,Zone C - South,Afternoon (11-16),Clear,Medium,4.87,0.63,2,35,29.2,0,3.15,31.8,4.8
DEL-10934,2026-06-24,RDR-013,Scooter,Zone D - East,Evening (16-21),Clear,High,10.11,1.4,1,40,50.2,1,18.99,46.24,3.8
DEL-11244,2026-06-24,RDR-047,Motorbike,Zone D - East,Afternoon (11-16),Cloudy,Low,1.11,3.53,3,40,6.2,0,2.7,27.39,4.6
DEL-10648,2026-06-24,RDR-058,Motorbike,Zone B - North,Evening (16-21),Rain,Medium,7.43,1.64,1,35,35.6,1,18.66,43.31,4.2
DEL-11723,2026-06-24,RDR-011,Scooter,Zone A - Central,Evening (16-21),Clear,Medium,4.64,0.78,1,30,23.9,0,8.6,29.28,5.0
DEL-10773,2026-06-24,RDR-018,Scooter,Zone B - North,Afternoon (11-16),Cloudy,Low,3.9,1.47,2,35,12.9,0,7.3,33.73,4.8
DEL-10239,2026-06-24,RDR-014,Scooter,Zone A - Central,Morning (6-11),Clear,High,4.37,1.87,2,30,19.6,0,7.71,32.71,5.0
DEL-10686,2026-06-24,RDR-030,Motorbike,Zone A - Central,Afternoon (11-16),Clear,Medium,3.25,1.5,1,30,14.4,0,7.24,32.18,4.8
DEL-10703,2026-06-24,RDR-016,Scooter,Zone A - Central,Afternoon (11-16),Clear,Medium,1.11,0.45,2,30,11.0,0,2.02,29.93,5.0
DEL-11076,2026-06-24,RDR-052,Scooter,Zone E - West,Evening (16-21),Clear,Medium,4.55,1.91,2,40,23.0,0,8.55,36.13,4.4
DEL-10708,2026-06-24,RDR-006,Scooter,Zone A - Central,Morning (6-11),Cloudy,Medium,4.99,2.53,2,30,25.1,0,9.43,35.35,4.8
DEL-10162,2026-06-24,RDR-014,Motorbike,Zone B - North,Afternoon (11-16),Clear,Low,2.07,1.73,1,35,16.1,0,4.62,23.84,4.7
DEL-11424,2026-06-24,RDR-042,E-Bike,Zone E - West,Night (21-2),Clear,Medium,2.5,0.86,1,40,13.8,0,1.4,21.83,4.8
DEL-11192,2026-06-24,RDR-022,Scooter,Zone E - West,Night (21-2),Cloudy,Medium,3.56,1.59,2,40,22.1,0,6.29,23.93,5.0
DEL-10725,2026-06-24,RDR-035,E-Bike,Zone B - North,Evening (16-21),Clear,Low,3.99,1.45,3,35,17.2,0,2.56,22.21,4.9
DEL-11595,2026-06-25,RDR-032,Motorbike,Zone C - South,Afternoon (11-16),Clear,High,5.72,2.44,1,35,25.7,0,12.2,35.76,4.8
DEL-10100,2026-06-25,RDR-020,Scooter,Zone E - West,Evening (16-21),Cloudy,Medium,2.32,1.33,3,40,18.7,0,4.51,31.81,5.0
DEL-10113,2026-06-25,RDR-018,E-Bike,Zone E - West,Evening (16-21),Clear,Medium,2.58,0.57,1,40,18.3,0,1.39,30.92,4.8
DEL-11889,2026-06-25,RDR-039,E-Bike,Zone B - North,Afternoon (11-16),Clear,Medium,10.92,3.14,2,35,35.7,1,6.44,35.87,3.5
DEL-11705,2026-06-25,RDR-015,Scooter,Zone E - West,Morning (6-11),Clear,Low,5.12,0.97,3,40,20.8,0,10.05,34.37,5.0
DEL-10211,2026-06-25,RDR-030,Motorbike,Zone D - East,Evening (16-21),Clear,Low,8.27,0.38,1,40,23.7,0,18.82,43.88,5.0
DEL-11530,2026-06-25,RDR-038,Scooter,Zone A - Central,Morning (6-11),Clear,Low,6.12,1.74,1,30,26.4,0,10.5,37.76,5.0
DEL-10968,2026-06-25,RDR-055,Motorbike,Zone E - West,Evening (16-21),Rain,Medium,2.81,2.2,1,40,18.6,0,7.09,31.95,4.8
DEL-11980,2026-06-25,RDR-008,Scooter,Zone E - West,Afternoon (11-16),Cloudy,Low,4.59,2.56,2,40,18.9,0,7.53,33.62,5.0
DEL-11655,2026-06-25,RDR-010,E-Bike,Zone A - Central,Evening (16-21),Clear,High,2.12,3.4,1,30,18.5,0,1.35,25.5,4.9
DEL-10924,2026-06-25,RDR-005,Scooter,Zone B - North,Morning (6-11),Clear,Medium,4.93,8.2,1,35,21.4,0,9.43,41.18,4.9
DEL-11241,2026-06-25,RDR-007,Motorbike,Zone B - North,Evening (16-21),Clear,High,1.91,1.58,1,35,10.6,0,4.44,30.0,4.7
DEL-10031,2026-06-25,RDR-056,Scooter,Zone C - South,Evening (16-21),Clear,Medium,2.24,1.9,2,35,14.2,0,4.13,29.61,5.0
DEL-11997,2026-06-25,RDR-034,Scooter,Zone B - North,Night (21-2),Cloudy,Medium,4.09,1.83,1,35,20.7,0,7.01,31.46,4.8
DEL-10668,2026-06-25,RDR-055,Scooter,Zone D - East,Afternoon (11-16),Cloudy,Low,9.91,4.72,1,40,32.5,0,18.13,49.3,5.0
DEL-11340,2026-06-25,RDR-019,Scooter,Zone E - West,Evening (16-21),Cloudy,High,1.77,0.86,1,40,9.5,0,3.26,30.09,5.0
DEL-11148,2026-06-25,RDR-013,E-Bike,Zone D - East,Afternoon (11-16),Cloudy,Medium,3.85,4.06,1,40,21.3,0,2.31,26.72,5.0
DEL-11672,2026-06-25,RDR-038,E-Bike,Zone D - East,Afternoon (11-16),Cloudy,High,3.13,0.85,1,40,23.2,0,1.98,26.05,4.9
DEL-10836,2026-06-25,RDR-026,E-Bike,Zone E - West,Evening (16-21),Clear,Medium,2.03,0.29,1,40,13.3,0,1.22,22.59,5.0
DEL-10610,2026-06-25,RDR-014,Scooter,Zone E - West,Afternoon (11-16),Clear,High,3.35,1.3,1,40,23.7,0,5.82,33.61,5.0
DEL-11035,2026-06-26,RDR-020,Motorbike,Zone A - Central,Evening (16-21),Clear,High,5.25,1.4,1,30,25.1,0,12.29,36.27,5.0
DEL-11625,2026-06-26,RDR-036,Motorbike,Zone A - Central,Afternoon (11-16),Cloudy,Medium,5.48,0.31,1,30,19.3,0,13.04,39.23,4.9
DEL-10716,2026-06-26,RDR-014,E-Bike,Zone C - South,Evening (16-21),Clear,Low,4.0,4.34,3,35,16.7,0,2.34,31.09,5.0
DEL-10843,2026-06-26,RDR-059,E-Bike,Zone E - West,Night (21-2),Clear,Low,1.45,2.72,4,40,10.0,0,0.85,21.45,5.0
DEL-10932,2026-06-26,RDR-012,E-Bike,Zone A - Central,Morning (6-11),Rain,Medium,2.86,3.72,1,30,14.4,0,1.82,25.4,4.5
DEL-10876,2026-06-26,RDR-041,Motorbike,Zone C - South,Morning (6-11),Clear,Low,1.72,2.85,1,35,12.9,0,4.23,26.86,4.6
DEL-11765,2026-06-26,RDR-040,Scooter,Zone B - North,Morning (6-11),Cloudy,Medium,5.89,6.24,1,35,27.1,0,10.08,45.91,5.0
DEL-10059,2026-06-26,RDR-049,Scooter,Zone C - South,Evening (16-21),Rain,High,6.77,2.72,4,35,50.9,1,11.36,35.33,3.5
DEL-10897,2026-06-26,RDR-034,E-Bike,Zone B - North,Evening (16-21),Clear,Low,3.78,1.99,2,35,16.7,0,2.33,26.71,4.9
DEL-11943,2026-06-26,RDR-006,Motorbike,Zone B - North,Evening (16-21),Rain,Low,3.84,3.89,2,35,13.2,0,9.59,33.62,4.6
DEL-10620,2026-06-26,RDR-001,Scooter,Zone D - East,Night (21-2),Rain,Low,11.02,2.73,3,40,37.9,0,21.15,41.13,4.7
DEL-11850,2026-06-26,RDR-036,Scooter,Zone B - North,Evening (16-21),Clear,Medium,2.86,0.86,2,35,9.7,0,5.15,25.11,5.0
DEL-10738,2026-06-26,RDR-060,Scooter,Zone E - West,Morning (6-11),Clear,Low,3.59,1.82,2,40,14.7,0,6.3,30.66,4.5
DEL-11535,2026-06-26,RDR-011,Scooter,Zone A - Central,Afternoon (11-16),Clear,Medium,1.64,1.0,1,30,15.2,0,2.66,29.6,5.0
DEL-11711,2026-06-26,RDR-004,Scooter,Zone D - East,Night (21-2),Rain,Medium,1.24,1.13,2,40,8.1,0,2.01,26.71,5.0
DEL-10076,2026-06-26,RDR-044,Motorbike,Zone A - Central,Evening (16-21),Clear,Medium,3.29,1.1,1,30,13.4,0,7.06,37.81,4.8
DEL-11663,2026-06-26,RDR-006,Motorbike,Zone A - Central,Morning (6-11),Clear,Medium,2.05,4.23,1,30,11.5,0,4.63,29.39,5.0
DEL-10081,2026-06-26,RDR-031,Motorbike,Zone A - Central,Morning (6-11),Clear,High,4.53,1.53,1,30,27.1,0,9.96,29.51,4.9
DEL-10498,2026-06-27,RDR-033,E-Bike,Zone E - West,Morning (6-11),Clear,Low,1.44,1.28,2,40,6.1,0,0.78,26.13,4.7
DEL-10718,2026-06-27,RDR-029,Scooter,Zone E - West,Night (21-2),Clear,Low,2.7,2.15,2,40,18.7,0,5.09,30.67,4.9
DEL-10240,2026-06-27,RDR-056,E-Bike,Zone D - East,Evening (16-21),Cloudy,High,5.24,0.62,2,40,33.7,0,3.0,27.29,5.0
DEL-10468,2026-06-27,RDR-010,Scooter,Zone B - North,Afternoon (11-16),Rain,High,3.3,0.4,1,35,31.8,0,6.23,28.33,4.9
DEL-11098,2026-06-27,RDR-044,Motorbike,Zone A - Central,Night (21-2),Clear,Low,6.5,2.61,1,30,22.8,0,15.73,43.3,4.8
DEL-10320,2026-06-27,RDR-025,Motorbike,Zone E - West,Morning (6-11),Clear,Medium,1.75,3.39,4,40,9.5,0,3.7,31.14,4.9
DEL-11161,2026-06-27,RDR-029,Scooter,Zone A - Central,Evening (16-21),Clear,Medium,8.15,1.25,1,30,31.6,1,15.5,39.35,3.9
DEL-11171,2026-06-27,RDR-057,E-Bike,Zone A - Central,Night (21-2),Clear,High,0.97,2.9,1,30,8.1,0,0.64,22.02,4.9
DEL-10641,2026-06-27,RDR-006,Scooter,Zone A - Central,Afternoon (11-16),Clear,High,4.16,1.6,3,30,22.5,0,7.63,36.2,4.7
DEL-10808,2026-06-27,RDR-030,Motorbike,Zone B - North,Morning (6-11),Clear,Medium,6.6,0.42,1,35,25.1,0,14.22,38.56,5.0
DEL-11611,2026-06-27,RDR-031,Motorbike,Zone A - Central,Afternoon (11-16),Cloudy,Low,1.96,2.46,1,30,15.2,0,4.79,37.54,5.0
DEL-11551,2026-06-27,RDR-020,Motorbike,Zone A - Central,Night (21-2),Clear,Medium,6.61,7.85,1,30,23.9,0,13.72,46.74,4.8
DEL-10830,2026-06-27,RDR-022,Scooter,Zone C - South,Afternoon (11-16),Cloudy,High,6.64,3.06,1,35,31.0,0,12.29,37.43,4.7
DEL-10861,2026-06-27,RDR-012,Motorbike,Zone B - North,Evening (16-21),Cloudy,High,10.7,0.63,4,35,46.8,1,22.17,54.36,3.5
DEL-10094,2026-06-27,RDR-013,Motorbike,Zone B - North,Evening (16-21),Clear,Low,1.58,5.8,1,35,16.9,0,3.84,32.23,5.0
DEL-10692,2026-06-27,RDR-040,Motorbike,Zone A - Central,Afternoon (11-16),Clear,Medium,4.41,0.8,1,30,19.1,0,10.5,27.75,4.9
DEL-10429,2026-06-27,RDR-049,Scooter,Zone E - West,Morning (6-11),Cloudy,Medium,1.85,1.09,1,40,18.8,0,3.27,30.71,5.0
DEL-10181,2026-06-27,RDR-033,Scooter,Zone A - Central,Morning (6-11),Cloudy,Low,3.41,1.76,3,30,6.8,0,6.37,31.81,5.0
DEL-10158,2026-06-27,RDR-015,Scooter,Zone B - North,Afternoon (11-16),Rain,Low,2.08,1.72,2,35,6.6,0,3.46,26.22,4.7
DEL-10730,2026-06-27,RDR-043,Scooter,Zone D - East,Morning (6-11),Clear,Medium,6.77,2.7,3,40,26.1,0,13.01,34.97,5.0
DEL-10746,2026-06-27,RDR-018,Scooter,Zone C - South,Morning (6-11),Clear,Medium,2.82,1.09,1,35,18.8,0,4.68,26.79,4.8
DEL-11223,2026-06-27,RDR-028,E-Bike,Zone A - Central,Afternoon (11-16),Clear,Medium,5.7,5.95,1,30,34.1,1,3.6,30.93,3.8
DEL-11652,2026-06-27,RDR-007,Scooter,Zone D - East,Afternoon (11-16),Clear,Low,8.17,0.95,2,40,32.2,0,13.39,34.41,5.0
DEL-10375,2026-06-28,RDR-019,Scooter,Zone A - Central,Afternoon (11-16),Clear,Low,2.85,2.35,1,30,16.6,0,5.59,29.63,5.0
DEL-10393,2026-06-28,RDR-039,Motorbike,Zone A - Central,Evening (16-21),Clear,Medium,2.44,2.37,1,30,15.0,0,5.93,30.27,5.0
DEL-11266,2026-06-28,RDR-048,Scooter,Zone B - North,Afternoon (11-16),Clear,Low,1.65,1.72,3,35,13.5,0,3.04,30.67,4.6
DEL-10395,2026-06-28,RDR-024,E-Bike,Zone B - North,Evening (16-21),Cloudy,Low,1.73,4.13,1,35,6.5,0,1.05,22.92,4.9
DEL-10288,2026-06-28,RDR-048,Scooter,Zone C - South,Morning (6-11),Clear,High,3.13,2.18,2,35,25.2,0,5.87,28.03,4.7
DEL-11048,2026-06-28,RDR-052,E-Bike,Zone B - North,Night (21-2),Clear,Low,3.65,1.17,1,35,10.4,0,2.32,25.13,4.5
DEL-11919,2026-06-28,RDR-055,Scooter,Zone D - East,Afternoon (11-16),Clear,Medium,1.93,1.12,2,40,17.2,0,3.5,25.75,5.0
DEL-10251,2026-06-28,RDR-036,Scooter,Zone E - West,Night (21-2),Clear,Low,9.03,2.75,2,40,20.9,0,16.85,44.21,4.8
DEL-10525,2026-06-28,RDR-049,Motorbike,Zone A - Central,Morning (6-11),Clear,High,10.52,1.11,2,30,45.7,1,25.83,52.49,4.7
DEL-11948,2026-06-28,RDR-039,Scooter,Zone A - Central,Evening (16-21),Cloudy,High,3.49,0.67,2,30,23.7,0,6.45,31.61,4.8
DEL-11225,2026-06-28,RDR-018,Motorbike,Zone E - West,Night (21-2),Clear,High,1.77,0.73,1,40,17.6,0,4.01,29.16,5.0
DEL-11840,2026-06-28,RDR-017,Scooter,Zone C - South,Night (21-2),Clear,Medium,8.02,0.89,1,35,27.0,0,14.18,34.27,4.8
DEL-11599,2026-06-28,RDR-005,E-Bike,Zone D - East,Afternoon (11-16),Cloudy,Low,1.9,1.76,2,40,12.2,0,1.25,25.18,5.0
DEL-10462,2026-06-28,RDR-019,Motorbike,Zone C - South,Afternoon (11-16),Rain,High,1.72,1.58,2,35,17.3,0,3.65,24.57,4.8
DEL-11990,2026-06-28,RDR-058,Motorbike,Zone A - Central,Afternoon (11-16),Clear,Medium,5.18,2.89,2,30,27.7,0,10.87,33.47,5.0
DEL-11843,2026-06-28,RDR-032,Motorbike,Zone B - North,Evening (16-21),Clear,Medium,5.06,1.03,1,35,25.8,0,11.33,33.79,5.0
DEL-11293,2026-06-28,RDR-025,Motorbike,Zone C - South,Evening (16-21),Clear,Medium,5.41,1.66,2,35,24.0,0,11.97,36.42,4.9
DEL-10880,2026-06-28,RDR-037,Scooter,Zone B - North,Evening (16-21),Clear,High,2.95,2.72,1,35,21.6,0,5.04,35.6,4.9
DEL-11165,2026-06-28,RDR-009,E-Bike,Zone C - South,Evening (16-21),Rain,Low,4.26,1.2,1,35,19.0,0,2.43,29.42,4.8
DEL-11331,2026-06-29,RDR-026,Motorbike,Zone D - East,Evening (16-21),Clear,High,1.04,3.06,1,40,4.6,0,2.56,24.17,5.0
DEL-10860,2026-06-29,RDR-018,Motorbike,Zone E - West,Evening (16-21),Cloudy,Low,7.12,1.38,1,40,34.8,0,16.74,45.52,4.9
DEL-10598,2026-06-29,RDR-043,Scooter,Zone B - North,Evening (16-21),Clear,High,5.22,4.14,1,35,26.6,0,8.61,29.91,5.0
DEL-11039,2026-06-29,RDR-003,Scooter,Zone C - South,Morning (6-11),Rain,Medium,2.2,2.34,1,35,14.2,0,4.0,29.58,4.8
DEL-10857,2026-06-29,RDR-015,Motorbike,Zone A - Central,Morning (6-11),Rain,Low,4.59,1.77,2,30,12.3,0,10.73,38.53,5.0
DEL-11687,2026-06-29,RDR-030,Motorbike,Zone B - North,Afternoon (11-16),Rain,Medium,8.4,1.35,1,35,38.3,1,17.9,41.15,4.5
DEL-10536,2026-06-29,RDR-017,E-Bike,Zone D - East,Morning (6-11),Clear,Medium,5.06,2.29,1,40,23.6,0,3.04,28.12,5.0
DEL-10424,2026-06-29,RDR-022,Scooter,Zone B - North,Morning (6-11),Clear,Medium,1.71,2.47,3,35,11.6,0,2.85,32.56,5.0
DEL-11497,2026-06-29,RDR-029,Motorbike,Zone E - West,Afternoon (11-16),Rain,High,1.5,0.39,1,40,16.3,0,3.79,35.24,4.9
DEL-10087,2026-06-29,RDR-035,Motorbike,Zone C - South,Evening (16-21),Clear,Low,2.29,5.66,1,35,8.8,0,5.43,34.43,5.0
DEL-11427,2026-06-29,RDR-052,E-Bike,Zone C - South,Evening (16-21),Clear,Medium,1.27,5.45,1,35,9.5,0,0.79,24.99,4.8
DEL-11196,2026-06-29,RDR-056,E-Bike,Zone E - West,Evening (16-21),Cloudy,Low,5.5,0.42,1,40,14.2,0,3.1,31.17,5.0
DEL-11489,2026-06-29,RDR-058,Scooter,Zone B - North,Afternoon (11-16),Rain,High,4.88,2.48,2,35,35.7,1,8.03,35.95,3.7
DEL-11676,2026-06-29,RDR-035,Scooter,Zone A - Central,Night (21-2),Clear,Medium,2.91,2.7,1,30,13.9,0,5.11,31.97,5.0
DEL-10972,2026-06-29,RDR-055,Motorbike,Zone D - East,Afternoon (11-16),Clear,Low,4.24,1.27,2,40,12.8,0,9.62,36.18,5.0
DEL-11323,2026-06-30,RDR-012,Scooter,Zone C - South,Afternoon (11-16),Rain,Medium,1.66,1.88,1,35,20.2,0,2.93,30.15,4.6
DEL-11585,2026-06-30,RDR-007,Scooter,Zone B - North,Evening (16-21),Clear,Medium,8.26,1.45,1,35,21.3,0,14.32,40.73,5.0
DEL-11231,2026-06-30,RDR-050,Scooter,Zone C - South,Morning (6-11),Clear,Medium,7.62,1.5,2,35,22.6,0,14.52,40.65,4.7
DEL-11801,2026-06-30,RDR-032,Motorbike,Zone E - West,Morning (6-11),Clear,Low,6.66,0.69,1,40,20.4,0,15.48,38.51,4.8
DEL-10371,2026-06-30,RDR-053,Scooter,Zone E - West,Afternoon (11-16),Clear,Medium,10.49,3.21,2,40,40.4,1,18.9,42.56,4.0
DEL-11140,2026-06-30,RDR-058,E-Bike,Zone B - North,Afternoon (11-16),Clear,High,7.67,2.5,1,35,39.8,1,4.63,33.93,3.5
DEL-11658,2026-06-30,RDR-003,Scooter,Zone C - South,Evening (16-21),Rain,Medium,6.68,4.23,4,35,33.1,0,11.53,38.56,4.8
DEL-10472,2026-06-30,RDR-041,Scooter,Zone E - West,Afternoon (11-16),Clear,Medium,5.84,2.45,4,40,26.2,0,10.89,41.41,4.9
DEL-10317,2026-06-30,RDR-002,Scooter,Zone B - North,Evening (16-21),Clear,Medium,8.83,3.42,1,35,31.2,0,15.18,42.61,4.5
DEL-11942,2026-06-30,RDR-033,Motorbike,Zone A - Central,Morning (6-11),Clear,High,2.72,2.02,1,30,20.8,0,6.82,32.24,4.7
DEL-10413,2026-06-30,RDR-029,Motorbike,Zone A - Central,Afternoon (11-16),Cloudy,Medium,4.39,1.04,1,30,19.1,0,10.23,33.32,5.0
DEL-11915,2026-06-30,RDR-015,Motorbike,Zone B - North,Night (21-2),Clear,Low,3.86,1.28,1,35,10.9,0,8.23,36.51,4.6
DEL-11988,2026-06-30,RDR-018,Scooter,Zone B - North,Morning (6-11),Cloudy,High,12.64,0.95,2,35,61.2,1,20.93,51.08,3.5
DEL-10386,2026-06-30,RDR-048,Scooter,Zone B - North,Night (21-2),Rain,Medium,4.88,1.11,1,35,33.3,0,8.14,33.45,4.7
DEL-10940,2026-06-30,RDR-049,Scooter,Zone A - Central,Afternoon (11-16),Clear,High,10.09,0.9,1,30,46.5,1,16.68,41.22,4.1
DEL-11908,2026-06-30,RDR-043,Scooter,Zone C - South,Morning (6-11),Clear,Medium,4.96,4.92,1,35,16.5,0,9.44,36.35,4.7
DEL-10531,2026-06-30,RDR-048,E-Bike,Zone D - East,Morning (6-11),Clear,High,14.1,5.6,1,40,73.8,1,7.85,40.83,3.7
DEL-10232,2026-06-30,RDR-022,Motorbike,Zone E - West,Evening (16-21),Clear,Medium,3.46,0.82,3,40,17.3,0,8.28,28.68,5.0
DEL-11692,2026-06-30,RDR-024,Scooter,Zone D - East,Afternoon (11-16),Cloudy,Low,1.48,1.51,1,40,7.7,0,2.89,22.8,4.8
DEL-11083,2026-06-30,RDR-002,E-Bike,Zone C - South,Evening (16-21),Clear,Medium,4.23,1.04,1,35,19.7,0,2.63,26.62,5.0
DEL-10185,2026-07-01,RDR-049,Motorbike,Zone E - West,Morning (6-11),Cloudy,High,6.37,2.08,1,40,31.4,0,13.46,43.22,5.0
DEL-11419,2026-07-01,RDR-048,E-Bike,Zone A - Central,Evening (16-21),Clear,Medium,13.96,2.28,3,30,54.6,1,8.17,37.67,3.9
DEL-10050,2026-07-01,RDR-016,E-Bike,Zone B - North,Morning (6-11),Rain,Medium,5.28,1.05,2,35,30.7,0,3.47,27.66,5.0
DEL-10791,2026-07-01,RDR-036,Motorbike,Zone E - West,Morning (6-11),Rain,Medium,3.5,2.34,1,40,22.4,0,7.26,35.5,4.3
DEL-10260,2026-07-01,RDR-031,Motorbike,Zone D - East,Morning (6-11),Clear,Low,3.54,1.26,2,40,11.9,0,8.8,27.21,5.0
DEL-10666,2026-07-01,RDR-004,Scooter,Zone A - Central,Evening (16-21),Clear,Medium,6.21,2.44,1,30,24.1,0,11.73,35.2,5.0
DEL-11680,2026-07-01,RDR-056,Scooter,Zone D - East,Evening (16-21),Clear,High,11.97,1.87,1,40,52.5,1,21.51,44.64,3.7
DEL-10741,2026-07-01,RDR-055,Scooter,Zone A - Central,Afternoon (11-16),Clear,Low,5.63,1.56,2,30,14.0,0,10.43,31.86,5.0
DEL-11671,2026-07-01,RDR-052,E-Bike,Zone A - Central,Evening (16-21),Clear,Medium,5.78,3.58,1,30,27.8,0,3.6,31.48,5.0
DEL-11361,2026-07-01,RDR-014,Scooter,Zone A - Central,Evening (16-21),Clear,Medium,4.34,0.91,3,30,21.7,0,7.16,33.93,4.8
DEL-11994,2026-07-01,RDR-023,Motorbike,Zone C - South,Morning (6-11),Clear,Low,7.65,1.0,1,35,21.1,0,19.26,44.33,5.0
DEL-10312,2026-07-01,RDR-056,Scooter,Zone C - South,Morning (6-11),Clear,Medium,4.16,0.99,3,35,14.0,0,7.55,28.18,5.0
DEL-10104,2026-07-01,RDR-058,E-Bike,Zone D - East,Evening (16-21),Clear,Low,3.75,1.22,2,40,18.3,0,2.17,24.43,5.0
DEL-11878,2026-07-01,RDR-036,Scooter,Zone C - South,Evening (16-21),Clear,Medium,10.61,3.58,3,35,44.1,1,18.04,44.3,3.3
DEL-10505,2026-07-01,RDR-044,Scooter,Zone A - Central,Evening (16-21),Clear,High,3.91,6.74,1,30,16.9,0,7.18,39.09,5.0
DEL-11531,2026-07-01,RDR-003,Motorbike,Zone D - East,Night (21-2),Clear,Low,1.19,2.35,3,40,5.0,0,2.93,34.88,5.0
DEL-11031,2026-07-01,RDR-011,Motorbike,Zone B - North,Evening (16-21),Clear,Low,1.45,2.92,3,35,12.7,0,3.54,31.09,5.0
DEL-11222,2026-07-01,RDR-058,Scooter,Zone A - Central,Evening (16-21),Clear,Low,5.47,1.33,4,30,19.5,0,9.98,34.87,5.0
DEL-10535,2026-07-01,RDR-055,E-Bike,Zone E - West,Afternoon (11-16),Clear,Low,6.86,0.92,1,40,24.0,0,3.95,31.01,4.9
DEL-11665,2026-07-01,RDR-004,E-Bike,Zone B - North,Evening (16-21),Cloudy,Low,6.61,1.42,2,35,22.8,0,3.76,28.73,5.0
DEL-11540,2026-07-01,RDR-022,Motorbike,Zone A - Central,Morning (6-11),Clear,Low,4.12,1.07,3,30,11.3,0,8.89,30.93,5.0
DEL-11455,2026-07-01,RDR-006,E-Bike,Zone A - Central,Afternoon (11-16),Clear,High,6.71,1.37,3,30,35.6,1,4.41,29.36,4.2
DEL-11526,2026-07-01,RDR-012,Scooter,Zone E - West,Night (21-2),Cloudy,Medium,4.22,1.43,2,40,24.6,0,6.92,26.7,4.7
DEL-11522,2026-07-01,RDR-039,Scooter,Zone A - Central,Night (21-2),Cloudy,Medium,2.21,1.88,4,30,13.7,0,4.22,33.94,4.8
DEL-10556,2026-07-01,RDR-013,Scooter,Zone C - South,Morning (6-11),Cloudy,Medium,2.08,1.61,3,35,9.2,0,3.7,32.57,4.8
DEL-11138,2026-07-01,RDR-036,Motorbike,Zone C - South,Afternoon (11-16),Cloudy,Medium,4.04,0.78,3,35,20.6,0,10.04,34.8,4.9
DEL-11966,2026-07-01,RDR-042,Scooter,Zone B - North,Evening (16-21),Rain,Low,1.48,3.02,1,35,6.3,0,2.5,30.46,5.0
DEL-11235,2026-07-01,RDR-034,Scooter,Zone A - Central,Afternoon (11-16),Clear,Medium,3.45,4.17,1,30,10.1,0,5.64,36.59,4.8
DEL-10826,2026-07-01,RDR-014,Scooter,Zone D - East,Evening (16-21),Cloudy,Low,3.74,2.82,2,40,19.4,0,6.82,28.54,5.0
DEL-10269,2026-07-01,RDR-044,Scooter,Zone C - South,Evening (16-21),Rain,Medium,3.04,0.7,2,35,20.8,0,5.32,32.77,5.0
DEL-10895,2026-07-01,RDR-007,Scooter,Zone E - West,Morning (6-11),Clear,High,6.05,4.85,1,40,31.3,0,11.93,37.13,4.8
DEL-11500,2026-07-01,RDR-040,Motorbike,Zone B - North,Evening (16-21),Clear,Medium,2.87,3.08,3,35,7.4,0,6.39,32.31,4.9
DEL-10353,2026-07-02,RDR-047,Scooter,Zone E - West,Evening (16-21),Rain,Medium,3.48,0.68,2,40,27.8,0,6.79,34.27,4.8
DEL-11829,2026-07-02,RDR-050,Scooter,Zone A - Central,Evening (16-21),Clear,Low,4.86,0.98,4,30,20.5,0,7.94,28.37,4.9
DEL-11869,2026-07-02,RDR-025,Motorbike,Zone A - Central,Morning (6-11),Clear,Low,5.24,3.03,1,30,15.4,0,12.28,38.58,4.7
DEL-10026,2026-07-02,RDR-059,Scooter,Zone D - East,Evening (16-21),Clear,High,4.49,1.5,1,40,28.6,0,8.63,36.11,5.0
DEL-10545,2026-07-02,RDR-006,Scooter,Zone C - South,Evening (16-21),Cloudy,Low,2.8,2.13,1,35,12.5,0,5.22,33.09,4.5
DEL-11415,2026-07-02,RDR-006,E-Bike,Zone C - South,Morning (6-11),Clear,Medium,3.52,3.84,3,35,16.2,0,2.14,28.72,5.0
DEL-11596,2026-07-02,RDR-058,Scooter,Zone A - Central,Afternoon (11-16),Clear,Low,1.89,0.91,1,30,4.7,0,3.37,29.4,4.7
DEL-10366,2026-07-02,RDR-052,E-Bike,Zone A - Central,Afternoon (11-16),Clear,Medium,4.74,5.8,1,30,21.6,0,3.01,32.72,4.9
DEL-11934,2026-07-02,RDR-003,Motorbike,Zone B - North,Afternoon (11-16),Clear,Low,2.48,1.27,1,35,8.9,0,6.21,36.24,5.0
DEL-11304,2026-07-02,RDR-034,Motorbike,Zone A - Central,Evening (16-21),Clear,Low,2.51,2.08,2,30,6.1,0,6.25,29.34,5.0
DEL-11064,2026-07-02,RDR-050,Scooter,Zone C - South,Evening (16-21),Cloudy,Low,1.66,3.8,1,35,4.0,0,2.84,29.17,4.7
DEL-11647,2026-07-02,RDR-050,E-Bike,Zone B - North,Evening (16-21),Cloudy,Low,2.71,2.36,2,35,19.7,0,1.71,29.53,4.7
DEL-10970,2026-07-02,RDR-016,Motorbike,Zone B - North,Morning (6-11),Clear,Low,2.28,1.64,1,35,16.3,0,5.04,29.89,4.9
DEL-10956,2026-07-02,RDR-051,Motorbike,Zone D - East,Evening (16-21),Clear,Medium,3.91,3.07,1,40,19.7,0,9.59,34.29,4.8
DEL-11710,2026-07-02,RDR-052,Scooter,Zone A - Central,Morning (6-11),Clear,Low,3.38,1.71,1,30,14.9,0,5.48,26.46,5.0
DEL-10947,2026-07-02,RDR-058,E-Bike,Zone C - South,Night (21-2),Cloudy,Low,0.67,3.04,2,35,13.9,0,0.44,26.25,5.0
DEL-11746,2026-07-02,RDR-031,Scooter,Zone D - East,Evening (16-21),Cloudy,Low,2.8,3.01,2,40,9.6,0,4.81,28.94,5.0
DEL-10107,2026-07-02,RDR-054,Motorbike,Zone E - West,Afternoon (11-16),Clear,Low,2.81,5.31,4,40,12.2,0,6.06,31.44,4.7
DEL-11125,2026-07-02,RDR-051,Motorbike,Zone C - South,Night (21-2),Clear,Medium,3.56,0.52,1,35,10.8,0,8.63,32.59,5.0
DEL-10837,2026-07-02,RDR-043,Scooter,Zone A - Central,Evening (16-21),Clear,Medium,2.11,2.77,4,30,15.6,0,3.79,32.83,5.0
DEL-11227,2026-07-02,RDR-041,Scooter,Zone B - North,Night (21-2),Rain,Low,1.44,1.94,1,35,11.1,0,2.59,26.92,4.9
DEL-10804,2026-07-02,RDR-038,Scooter,Zone C - South,Evening (16-21),Cloudy,Medium,2.83,1.01,1,35,16.1,0,5.24,26.34,5.0
DEL-10052,2026-07-02,RDR-013,E-Bike,Zone A - Central,Night (21-2),Cloudy,Medium,1.57,1.12,1,30,10.1,0,0.93,24.61,5.0
DEL-10799,2026-07-02,RDR-036,E-Bike,Zone A - Central,Afternoon (11-16),Cloudy,Medium,2.71,1.01,1,30,14.3,0,1.51,24.29,5.0
DEL-11375,2026-07-02,RDR-010,E-Bike,Zone D - East,Afternoon (11-16),Cloudy,Low,1.1,4.14,1,40,11.1,0,0.66,28.57,4.8
DEL-11120,2026-07-02,RDR-047,E-Bike,Zone A - Central,Night (21-2),Clear,High,1.92,1.67,1,30,15.7,0,1.22,27.66,4.7
DEL-10755,2026-07-02,RDR-057,Motorbike,Zone B - North,Night (21-2),Rain,Medium,6.16,3.54,2,35,32.2,0,14.84,41.48,5.0
DEL-10153,2026-07-02,RDR-016,Motorbike,Zone D - East,Night (21-2),Clear,Low,2.47,1.29,2,40,15.6,0,6.15,29.96,4.4
DEL-11294,2026-07-03,RDR-041,E-Bike,Zone E - West,Night (21-2),Cloudy,Low,4.31,0.8,1,40,11.0,0,2.54,32.07,5.0
DEL-10581,2026-07-03,RDR-018,E-Bike,Zone E - West,Evening (16-21),Clear,High,4.03,1.15,2,40,18.3,0,2.58,29.39,4.3
DEL-10573,2026-07-03,RDR-024,Motorbike,Zone B - North,Afternoon (11-16),Cloudy,High,1.94,1.8,1,35,18.2,0,4.13,27.19,4.9
DEL-11341,2026-07-03,RDR-039,Motorbike,Zone C - South,Evening (16-21),Rain,Medium,1.69,1.59,1,35,7.9,0,4.2,27.7,4.9
DEL-11336,2026-07-03,RDR-017,Scooter,Zone E - West,Evening (16-21),Clear,Low,3.19,3.29,1,40,16.0,0,5.95,29.63,5.0
DEL-11762,2026-07-03,RDR-055,Scooter,Zone C - South,Night (21-2),Rain,Medium,1.48,0.79,1,35,17.7,0,2.63,30.82,4.8
DEL-10372,2026-07-03,RDR-053,Scooter,Zone D - East,Afternoon (11-16),Clear,High,6.26,3.32,2,40,37.7,0,11.13,35.71,5.0
DEL-10549,2026-07-03,RDR-014,Motorbike,Zone A - Central,Morning (6-11),Cloudy,Medium,3.19,4.66,3,30,15.1,0,7.67,39.24,4.6
DEL-11190,2026-07-03,RDR-017,Scooter,Zone B - North,Night (21-2),Clear,Medium,4.04,1.45,1,35,23.0,0,7.92,35.33,5.0
DEL-10543,2026-07-03,RDR-008,Motorbike,Zone C - South,Evening (16-21),Clear,Low,6.71,4.35,1,35,19.6,0,16.76,43.61,5.0
DEL-11816,2026-07-03,RDR-036,Scooter,Zone B - North,Evening (16-21),Clear,Low,2.38,3.89,1,35,8.6,0,4.67,30.43,4.9
DEL-10347,2026-07-03,RDR-054,Scooter,Zone B - North,Morning (6-11),Clear,High,1.17,6.52,1,35,12.4,0,1.93,31.76,5.0
DEL-11947,2026-07-03,RDR-001,Scooter,Zone C - South,Afternoon (11-16),Clear,Medium,5.32,1.14,2,35,22.4,0,10.21,35.35,5.0
DEL-10336,2026-07-03,RDR-040,E-Bike,Zone B - North,Night (21-2),Clear,Low,2.5,1.79,1,35,10.8,0,1.49,24.55,5.0
DEL-11907,2026-07-03,RDR-025,Scooter,Zone B - North,Morning (6-11),Cloudy,High,3.1,2.7,1,35,20.6,0,6.08,25.84,4.9
DEL-11558,2026-07-03,RDR-020,E-Bike,Zone A - Central,Evening (16-21),Clear,Medium,3.41,1.14,2,30,17.0,0,2.19,30.79,4.7
DEL-11041,2026-07-03,RDR-023,Motorbike,Zone E - West,Afternoon (11-16),Clear,Medium,2.21,2.15,1,40,14.2,0,4.89,33.31,5.0
DEL-10765,2026-07-03,RDR-057,Motorbike,Zone E - West,Evening (16-21),Rain,High,2.92,1.3,2,40,23.4,0,6.32,29.97,4.6
DEL-10222,2026-07-03,RDR-059,Scooter,Zone A - Central,Morning (6-11),Rain,Low,4.58,2.38,1,30,23.2,0,8.37,29.08,4.9
DEL-11633,2026-07-03,RDR-025,Motorbike,Zone B - North,Evening (16-21),Clear,High,6.96,0.69,2,35,27.9,0,15.89,38.57,5.0
DEL-10420,2026-07-03,RDR-056,Motorbike,Zone A - Central,Evening (16-21),Clear,High,5.53,0.79,3,30,33.4,1,13.07,42.56,4.4
DEL-10797,2026-07-03,RDR-023,Motorbike,Zone C - South,Evening (16-21),Cloudy,Medium,4.12,5.19,3,35,11.6,0,8.99,37.24,4.8
DEL-11785,2026-07-03,RDR-050,E-Bike,Zone A - Central,Evening (16-21),Rain,Medium,3.82,0.52,2,30,21.9,0,2.47,30.95,5.0
DEL-10632,2026-07-03,RDR-030,Motorbike,Zone A - Central,Morning (6-11),Cloudy,Medium,5.76,2.39,1,30,27.4,0,13.92,38.79,5.0
DEL-11185,2026-07-04,RDR-016,E-Bike,Zone C - South,Evening (16-21),Rain,High,2.34,3.51,1,35,16.2,0,1.39,23.26,4.4
DEL-11713,2026-07-04,RDR-004,Motorbike,Zone C - South,Afternoon (11-16),Rain,Medium,1.81,2.16,1,35,12.3,0,4.52,28.75,5.0
DEL-11733,2026-07-04,RDR-018,Scooter,Zone C - South,Evening (16-21),Clear,High,2.72,5.76,1,35,14.7,0,5.19,31.03,4.9
DEL-10975,2026-07-04,RDR-049,Scooter,Zone A - Central,Evening (16-21),Clear,Medium,5.68,6.97,4,30,22.7,0,9.61,41.11,4.9
DEL-10249,2026-07-04,RDR-036,E-Bike,Zone A - Central,Evening (16-21),Rain,Low,2.11,2.81,1,30,12.1,0,1.33,28.61,4.7
DEL-11897,2026-07-04,RDR-019,Scooter,Zone E - West,Evening (16-21),Clear,Medium,2.7,1.65,1,40,13.3,0,4.77,27.43,4.9
DEL-10542,2026-07-04,RDR-025,Scooter,Zone E - West,Evening (16-21),Clear,High,3.05,2.06,1,40,17.5,0,5.03,29.13,4.8
DEL-11544,2026-07-04,RDR-011,E-Bike,Zone E - West,Afternoon (11-16),Cloudy,Low,6.68,1.06,1,40,25.6,0,4.27,33.18,5.0
DEL-10160,2026-07-04,RDR-014,Scooter,Zone C - South,Night (21-2),Clear,Low,2.64,6.2,1,35,11.6,0,4.61,36.29,5.0
DEL-11108,2026-07-04,RDR-002,Motorbike,Zone C - South,Afternoon (11-16),Cloudy,High,5.07,3.14,1,35,26.5,0,12.65,38.36,5.0
DEL-10416,2026-07-04,RDR-023,Scooter,Zone B - North,Evening (16-21),Clear,Medium,12.7,1.68,3,35,41.4,1,21.08,41.68,3.3
DEL-10993,2026-07-04,RDR-006,Motorbike,Zone B - North,Afternoon (11-16),Cloudy,Low,2.61,3.55,1,35,5.6,0,5.7,30.74,4.9
DEL-10664,2026-07-04,RDR-002,Scooter,Zone C - South,Evening (16-21),Cloudy,High,6.12,3.19,1,35,35.8,1,10.88,35.56,4.4
DEL-11714,2026-07-04,RDR-005,Scooter,Zone E - West,Afternoon (11-16),Cloudy,Low,4.31,6.95,2,40,15.1,0,8.02,39.2,4.7
DEL-10097,2026-07-04,RDR-005,Scooter,Zone C - South,Morning (6-11),Clear,High,4.88,5.16,1,35,33.2,0,8.15,26.75,5.0
DEL-10440,2026-07-04,RDR-027,Scooter,Zone C - South,Afternoon (11-16),Rain,Low,10.07,1.29,2,35,44.1,1,18.57,41.97,3.6
DEL-11918,2026-07-04,RDR-021,Scooter,Zone D - East,Morning (6-11),Clear,Low,2.76,0.89,3,40,15.0,0,4.93,28.89,4.9
DEL-11670,2026-07-04,RDR-035,Scooter,Zone A - Central,Afternoon (11-16),Rain,High,6.15,1.47,1,30,46.9,1,10.0,36.32,3.6
DEL-10511,2026-07-04,RDR-030,Scooter,Zone E - West,Evening (16-21),Clear,High,1.44,1.31,2,40,12.9,0,2.36,31.16,4.6
DEL-11732,2026-07-04,RDR-044,Motorbike,Zone B - North,Afternoon (11-16),Cloudy,Low,4.16,5.91,3,35,19.5,0,9.26,30.76,4.9
DEL-11892,2026-07-04,RDR-019,E-Bike,Zone D - East,Evening (16-21),Clear,High,2.11,1.89,1,40,11.1,0,1.3,30.29,5.0
DEL-10092,2026-07-04,RDR-057,Motorbike,Zone A - Central,Evening (16-21),Clear,Medium,6.7,1.66,1,30,23.7,0,15.18,38.07,5.0
DEL-10996,2026-07-04,RDR-004,E-Bike,Zone A - Central,Morning (6-11),Clear,Medium,4.18,0.9,1,30,17.3,0,2.43,33.59,4.6
DEL-11554,2026-07-04,RDR-004,Scooter,Zone A - Central,Evening (16-21),Cloudy,Medium,8.25,1.08,1,30,28.2,0,14.01,36.38,4.5
DEL-11351,2026-07-04,RDR-027,Motorbike,Zone B - North,Afternoon (11-16),Rain,Low,3.34,2.58,3,35,19.5,0,7.07,31.16,4.7
DEL-10341,2026-07-04,RDR-048,Motorbike,Zone A - Central,Evening (16-21),Clear,Medium,4.47,2.39,1,30,25.9,0,9.65,33.03,4.8
DEL-11838,2026-07-04,RDR-043,E-Bike,Zone E - West,Evening (16-21),Clear,Medium,6.68,3.32,1,40,22.4,0,3.73,26.76,5.0
DEL-10369,2026-07-05,RDR-043,Scooter,Zone D - East,Morning (6-11),Clear,High,3.19,1.77,1,40,20.0,0,5.5,26.06,4.2
DEL-11737,2026-07-05,RDR-050,Scooter,Zone D - East,Morning (6-11),Clear,Low,2.72,4.34,1,40,17.3,0,4.44,32.8,4.8
DEL-11077,2026-07-05,RDR-009,Motorbike,Zone A - Central,Evening (16-21),Clear,Medium,1.67,3.1,2,30,11.1,0,4.2,28.25,5.0
DEL-10460,2026-07-05,RDR-043,Scooter,Zone E - West,Night (21-2),Clear,Low,5.74,4.73,1,40,17.9,0,9.35,38.0,5.0
DEL-11303,2026-07-05,RDR-022,Motorbike,Zone B - North,Evening (16-21),Rain,High,2.36,1.29,1,35,19.3,0,5.75,32.85,5.0
DEL-11285,2026-07-05,RDR-028,Motorbike,Zone A - Central,Evening (16-21),Cloudy,Medium,3.86,2.69,1,30,20.8,0,8.58,31.33,4.8
DEL-11494,2026-07-05,RDR-021,Motorbike,Zone C - South,Evening (16-21),Clear,High,4.16,4.33,1,35,21.1,0,9.85,30.58,5.0
DEL-11382,2026-07-05,RDR-001,E-Bike,Zone A - Central,Evening (16-21),Clear,High,1.86,3.71,4,30,13.9,0,1.07,25.81,5.0
DEL-10014,2026-07-05,RDR-017,Scooter,Zone C - South,Evening (16-21),Cloudy,Medium,2.53,2.86,1,35,20.0,0,4.62,26.25,5.0
DEL-11002,2026-07-05,RDR-003,E-Bike,Zone A - Central,Evening (16-21),Rain,High,14.53,0.63,1,30,109.7,1,8.36,28.53,3.7
DEL-11968,2026-07-05,RDR-056,Scooter,Zone C - South,Evening (16-21),Rain,Medium,1.87,2.87,1,35,20.9,0,3.68,25.72,4.5
DEL-10476,2026-07-05,RDR-033,Scooter,Zone A - Central,Morning (6-11),Clear,Medium,4.39,2.72,2,30,16.7,0,7.17,32.45,5.0
DEL-11887,2026-07-05,RDR-037,Scooter,Zone C - South,Evening (16-21),Rain,Medium,1.7,0.8,2,35,14.6,0,2.88,28.67,5.0
DEL-10331,2026-07-05,RDR-015,Motorbike,Zone A - Central,Evening (16-21),Clear,Medium,1.32,2.41,1,30,8.6,0,3.16,28.28,4.6
DEL-11694,2026-07-05,RDR-044,Scooter,Zone B - North,Afternoon (11-16),Cloudy,High,3.18,1.29,1,35,23.2,0,5.92,28.95,5.0
DEL-11310,2026-07-05,RDR-060,Scooter,Zone D - East,Afternoon (11-16),Clear,High,4.19,0.83,3,40,27.7,0,8.2,23.23,5.0
DEL-11573,2026-07-05,RDR-014,E-Bike,Zone E - West,Morning (6-11),Cloudy,Medium,4.19,0.65,1,40,20.7,0,2.73,28.95,5.0
DEL-10885,2026-07-05,RDR-039,Scooter,Zone E - West,Evening (16-21),Rain,High,2.71,1.29,3,40,23.9,0,5.25,20.83,4.8
DEL-10008,2026-07-05,RDR-059,Motorbike,Zone A - Central,Evening (16-21),Cloudy,Medium,2.68,1.55,3,30,12.2,0,6.47,30.27,5.0
DEL-11143,2026-07-05,RDR-045,Motorbike,Zone C - South,Evening (16-21),Cloudy,Low,3.99,2.03,4,35,13.0,0,8.49,35.72,5.0
DEL-11983,2026-07-05,RDR-045,Motorbike,Zone A - Central,Night (21-2),Clear,Low,12.98,1.16,1,30,34.0,1,31.0,56.65,3.9
DEL-10650,2026-07-05,RDR-041,Scooter,Zone A - Central,Morning (6-11),Clear,Low,8.9,7.69,2,30,27.6,0,15.14,47.52,5.0
DEL-10935,2026-07-05,RDR-026,Scooter,Zone A - Central,Evening (16-21),Clear,Medium,5.18,2.35,2,30,25.5,0,8.66,31.69,5.0
DEL-11537,2026-07-05,RDR-025,Motorbike,Zone B - North,Evening (16-21),Rain,Medium,6.5,0.34,2,35,24.0,0,13.76,40.01,5.0
DEL-11400,2026-07-05,RDR-052,Scooter,Zone A - Central,Evening (16-21),Clear,Low,5.4,1.74,1,30,18.6,0,8.92,35.2,4.7
DEL-11436,2026-07-05,RDR-019,Scooter,Zone A - Central,Evening (16-21),Clear,Low,8.79,0.89,1,30,27.6,0,16.4,39.38,5.0
DEL-10653,2026-07-06,RDR-058,Motorbike,Zone A - Central,Evening (16-21),Cloudy,Low,2.09,2.89,1,30,9.3,0,4.62,30.69,5.0
DEL-10408,2026-07-06,RDR-029,E-Bike,Zone E - West,Evening (16-21),Clear,Medium,6.64,1.08,1,40,23.8,0,4.27,28.27,5.0
DEL-10259,2026-07-06,RDR-056,Scooter,Zone B - North,Evening (16-21),Clear,Low,9.61,0.72,1,35,24.6,0,16.7,38.7,5.0
DEL-11418,2026-07-06,RDR-039,Motorbike,Zone A - Central,Evening (16-21),Clear,Low,4.61,3.33,2,30,15.9,0,11.08,37.52,5.0
DEL-10148,2026-07-06,RDR-003,Scooter,Zone C - South,Afternoon (11-16),Cloudy,Medium,1.7,1.68,3,35,13.2,0,3.36,30.91,4.8
DEL-10073,2026-07-06,RDR-008,E-Bike,Zone E - West,Evening (16-21),Clear,Medium,6.15,2.21,1,40,16.8,0,3.78,24.6,5.0
DEL-11159,2026-07-06,RDR-048,Scooter,Zone B - North,Afternoon (11-16),Clear,Medium,3.64,2.85,4,35,22.8,0,6.67,37.05,5.0
DEL-11354,2026-07-06,RDR-050,Motorbike,Zone A - Central,Morning (6-11),Clear,Low,4.04,1.89,3,30,19.4,0,10.21,33.35,5.0
DEL-10595,2026-07-06,RDR-053,Motorbike,Zone D - East,Evening (16-21),Cloudy,Low,1.49,5.07,1,40,4.5,0,3.13,28.27,5.0
DEL-11049,2026-07-06,RDR-019,Scooter,Zone A - Central,Evening (16-21),Clear,Medium,5.61,1.37,1,30,18.5,0,10.16,40.39,5.0
DEL-11673,2026-07-06,RDR-016,E-Bike,Zone A - Central,Morning (6-11),Clear,Medium,2.82,2.99,1,30,14.4,0,1.53,23.84,4.8
DEL-11397,2026-07-06,RDR-013,Scooter,Zone E - West,Afternoon (11-16),Clear,High,1.67,0.49,1,40,12.8,0,3.26,29.27,5.0
DEL-11614,2026-07-06,RDR-014,Scooter,Zone B - North,Night (21-2),Clear,Low,5.4,1.89,1,35,17.3,0,8.94,35.43,5.0
DEL-11799,2026-07-06,RDR-028,Scooter,Zone C - South,Night (21-2),Clear,Low,4.2,2.27,1,35,14.5,0,7.73,30.63,4.8
DEL-10941,2026-07-06,RDR-020,Motorbike,Zone C - South,Afternoon (11-16),Clear,High,4.18,3.59,1,35,28.8,0,9.77,32.02,4.6
DEL-10044,2026-07-06,RDR-008,Scooter,Zone E - West,Afternoon (11-16),Clear,Medium,7.01,1.83,1,40,30.4,0,11.67,31.11,4.6
DEL-10064,2026-07-06,RDR-026,Scooter,Zone A - Central,Night (21-2),Rain,Low,5.48,0.98,1,30,28.2,0,10.14,32.36,4.4
DEL-11349,2026-07-06,RDR-047,Scooter,Zone A - Central,Night (21-2),Cloudy,High,1.44,2.48,1,30,13.4,0,2.79,29.12,4.9
DEL-11385,2026-07-06,RDR-007,Scooter,Zone E - West,Night (21-2),Clear,Medium,1.75,0.43,1,40,16.5,0,3.27,30.68,5.0
DEL-10554,2026-07-06,RDR-006,E-Bike,Zone A - Central,Afternoon (11-16),Clear,High,5.91,2.19,1,30,33.6,1,3.46,32.39,3.4
DEL-11712,2026-07-06,RDR-038,Motorbike,Zone D - East,Afternoon (11-16),Clear,Low,4.51,0.32,1,40,16.9,0,11.28,33.83,5.0
DEL-11768,2026-07-06,RDR-029,Scooter,Zone A - Central,Night (21-2),Clear,Low,8.53,2.7,1,30,28.0,0,16.15,34.17,5.0
DEL-10562,2026-07-06,RDR-055,Scooter,Zone A - Central,Evening (16-21),Rain,Low,5.44,1.1,1,30,24.9,0,10.39,38.04,5.0
DEL-11545,2026-07-06,RDR-032,Motorbike,Zone A - Central,Morning (6-11),Clear,Low,10.74,4.85,1,30,26.0,0,24.53,45.64,4.6
DEL-10253,2026-07-06,RDR-004,Scooter,Zone D - East,Evening (16-21),Clear,Low,2.76,5.59,1,40,11.3,0,4.58,29.33,5.0
DEL-11176,2026-07-07,RDR-018,Motorbike,Zone D - East,Afternoon (11-16),Rain,High,1.78,2.64,2,40,7.9,0,4.41,30.96,4.7
DEL-11055,2026-07-07,RDR-012,Scooter,Zone E - West,Night (21-2),Cloudy,Low,1.19,2.22,1,40,11.2,0,2.3,21.31,5.0
DEL-11688,2026-07-07,RDR-034,Motorbike,Zone A - Central,Afternoon (11-16),Clear,Medium,5.82,0.53,1,30,18.5,0,12.77,40.66,5.0
DEL-10011,2026-07-07,RDR-046,E-Bike,Zone A - Central,Afternoon (11-16),Clear,High,3.58,1.46,3,30,25.3,0,1.93,27.42,5.0
DEL-11534,2026-07-07,RDR-005,Scooter,Zone A - Central,Afternoon (11-16),Clear,High,1.85,4.69,2,30,14.4,0,3.31,27.48,4.8
DEL-11199,2026-07-07,RDR-015,Scooter,Zone B - North,Evening (16-21),Clear,High,1.94,1.06,1,35,12.3,0,3.39,31.78,4.9
DEL-11279,2026-07-07,RDR-017,Motorbike,Zone D - East,Morning (6-11),Clear,Medium,2.92,0.98,1,40,10.4,0,6.61,32.13,5.0
DEL-10053,2026-07-07,RDR-023,E-Bike,Zone E - West,Evening (16-21),Clear,Medium,3.71,2.97,1,40,16.3,0,2.32,27.55,4.6
DEL-11787,2026-07-07,RDR-049,Motorbike,Zone B - North,Morning (6-11),Cloudy,High,4.7,3.72,1,35,23.5,0,10.99,35.14,4.9
DEL-10572,2026-07-07,RDR-011,Scooter,Zone B - North,Afternoon (11-16),Clear,Low,4.39,3.98,3,35,20.5,0,7.83,35.28,4.9
DEL-10142,2026-07-07,RDR-055,Motorbike,Zone D - East,Evening (16-21),Clear,Low,2.12,0.41,1,40,9.9,0,5.29,28.74,5.0
DEL-10850,2026-07-07,RDR-027,Scooter,Zone C - South,Night (21-2),Rain,Low,4.07,0.9,1,35,28.3,0,6.68,31.16,4.8
DEL-11815,2026-07-07,RDR-034,E-Bike,Zone C - South,Evening (16-21),Clear,Medium,7.37,1.84,1,35,32.4,0,4.22,26.46,4.6
DEL-10533,2026-07-07,RDR-058,Motorbike,Zone A - Central,Evening (16-21),Clear,Low,1.22,0.77,1,30,4.5,0,2.96,29.6,5.0
DEL-10532,2026-07-07,RDR-058,E-Bike,Zone B - North,Evening (16-21),Clear,High,1.73,1.37,1,35,10.9,0,1.09,26.13,4.9
DEL-10937,2026-07-07,RDR-042,E-Bike,Zone C - South,Night (21-2),Clear,High,2.22,1.53,2,35,14.7,0,1.28,25.75,5.0
DEL-10507,2026-07-07,RDR-041,E-Bike,Zone B - North,Evening (16-21),Clear,High,2.07,1.44,1,35,13.9,0,1.16,23.54,5.0
DEL-11874,2026-07-07,RDR-027,Motorbike,Zone A - Central,Evening (16-21),Clear,Medium,3.59,1.37,2,30,17.8,0,8.96,38.86,5.0
DEL-10700,2026-07-07,RDR-014,Motorbike,Zone C - South,Night (21-2),Clear,Medium,1.0,1.53,1,35,4.0,0,2.12,21.75,5.0
DEL-10989,2026-07-07,RDR-026,E-Bike,Zone E - West,Evening (16-21),Cloudy,Low,2.66,0.38,2,40,17.0,0,1.54,30.66,5.0
DEL-11004,2026-07-07,RDR-027,E-Bike,Zone C - South,Evening (16-21),Rain,Medium,2.28,1.98,2,35,13.7,0,1.24,24.71,4.6
DEL-11292,2026-07-07,RDR-006,Motorbike,Zone B - North,Evening (16-21),Clear,Low,2.2,0.95,1,35,12.4,0,5.23,33.64,5.0
DEL-10137,2026-07-08,RDR-006,Motorbike,Zone D - East,Night (21-2),Clear,High,2.04,9.61,2,40,13.7,0,4.25,42.24,4.9
DEL-10284,2026-07-08,RDR-039,Motorbike,Zone A - Central,Evening (16-21),Clear,Low,0.99,3.88,2,30,7.8,0,2.38,30.55,5.0
DEL-10751,2026-07-08,RDR-034,E-Bike,Zone D - East,Morning (6-11),Clear,Medium,3.82,3.07,1,40,26.7,0,2.34,26.6,4.9
DEL-11356,2026-07-08,RDR-025,E-Bike,Zone D - East,Evening (16-21),Clear,High,3.93,1.71,3,40,30.1,0,2.37,22.72,5.0
DEL-11835,2026-07-08,RDR-055,Motorbike,Zone B - North,Morning (6-11),Clear,Medium,6.97,2.95,2,35,25.6,0,17.34,47.66,5.0
DEL-11556,2026-07-08,RDR-051,Motorbike,Zone A - Central,Morning (6-11),Clear,Low,7.55,2.78,1,30,14.5,0,15.97,39.34,4.8
DEL-11434,2026-07-08,RDR-053,Scooter,Zone D - East,Afternoon (11-16),Clear,Low,1.37,3.19,2,40,9.4,0,2.47,29.14,5.0
DEL-11776,2026-07-08,RDR-036,Motorbike,Zone D - East,Evening (16-21),Cloudy,Medium,7.18,2.27,2,40,30.9,0,15.64,32.51,5.0
DEL-11480,2026-07-08,RDR-034,E-Bike,Zone A - Central,Morning (6-11),Cloudy,Medium,4.28,1.28,2,30,25.0,0,2.32,34.9,4.7
DEL-11017,2026-07-08,RDR-048,Motorbike,Zone B - North,Evening (16-21),Clear,Low,3.66,4.23,2,35,15.4,0,8.96,37.92,5.0
DEL-11287,2026-07-08,RDR-020,Scooter,Zone D - East,Evening (16-21),Clear,Low,2.89,2.95,1,40,14.1,0,5.67,27.47,5.0
DEL-10074,2026-07-08,RDR-038,Motorbike,Zone E - West,Evening (16-21),Cloudy,Medium,7.94,1.85,1,40,27.7,0,17.44,41.08,5.0
DEL-11927,2026-07-08,RDR-050,Motorbike,Zone C - South,Night (21-2),Cloudy,High,2.81,3.85,4,35,23.4,0,6.29,32.77,5.0
DEL-11328,2026-07-08,RDR-046,Motorbike,Zone A - Central,Afternoon (11-16),Clear,Low,5.51,3.13,1,30,19.9,0,12.49,43.39,4.7
DEL-10764,2026-07-08,RDR-044,Scooter,Zone A - Central,Morning (6-11),Clear,High,3.3,4.1,3,30,25.0,0,6.25,27.22,5.0
DEL-11107,2026-07-08,RDR-009,Motorbike,Zone A - Central,Evening (16-21),Clear,Low,6.03,0.63,1,30,20.0,0,14.1,36.03,4.8
DEL-10049,2026-07-08,RDR-059,Scooter,Zone A - Central,Morning (6-11),Clear,High,7.03,2.99,2,30,38.2,1,13.04,36.27,3.6
DEL-11911,2026-07-08,RDR-029,E-Bike,Zone A - Central,Night (21-2),Rain,Medium,2.42,1.84,1,30,12.5,0,1.53,27.05,5.0
DEL-10208,2026-07-08,RDR-017,Scooter,Zone B - North,Afternoon (11-16),Clear,Medium,2.89,0.69,1,35,18.2,0,5.34,34.01,5.0
DEL-11313,2026-07-08,RDR-042,E-Bike,Zone A - Central,Afternoon (11-16),Rain,Medium,2.96,2.24,2,30,22.9,0,1.65,24.24,4.9
DEL-10782,2026-07-08,RDR-047,Scooter,Zone E - West,Afternoon (11-16),Clear,Medium,6.01,3.65,2,40,31.5,0,11.18,36.79,4.8
DEL-11254,2026-07-08,RDR-026,Motorbike,Zone B - North,Evening (16-21),Rain,Medium,1.99,2.04,1,35,14.6,0,5.0,30.26,4.6
DEL-11924,2026-07-08,RDR-013,Motorbike,Zone E - West,Evening (16-21),Clear,High,2.5,1.17,3,40,12.6,0,5.21,31.34,5.0
DEL-10116,2026-07-09,RDR-053,E-Bike,Zone B - North,Evening (16-21),Rain,Medium,2.08,5.55,1,35,9.9,0,1.2,30.06,5.0
DEL-10271,2026-07-09,RDR-029,E-Bike,Zone B - North,Morning (6-11),Rain,High,3.95,1.55,3,35,36.7,1,2.51,30.29,3.7
DEL-11564,2026-07-09,RDR-025,E-Bike,Zone B - North,Afternoon (11-16),Rain,Medium,6.16,3.15,3,35,38.6,1,4.06,29.38,3.9
DEL-10772,2026-07-09,RDR-031,Scooter,Zone D - East,Evening (16-21),Clear,Medium,2.4,1.32,1,40,14.1,0,4.55,29.15,4.7
DEL-10676,2026-07-09,RDR-003,Scooter,Zone B - North,Morning (6-11),Clear,Medium,2.16,3.73,3,35,16.8,0,4.01,30.57,5.0
DEL-11069,2026-07-09,RDR-058,Scooter,Zone D - East,Morning (6-11),Clear,Low,2.23,1.03,1,40,11.1,0,3.97,22.24,5.0
DEL-11137,2026-07-09,RDR-052,Motorbike,Zone D - East,Afternoon (11-16),Clear,Medium,1.81,1.82,1,40,11.8,0,4.35,26.74,4.9
DEL-11668,2026-07-09,RDR-018,Scooter,Zone A - Central,Evening (16-21),Clear,High,5.46,0.56,2,30,28.3,0,9.4,30.36,5.0
DEL-10191,2026-07-09,RDR-034,E-Bike,Zone E - West,Afternoon (11-16),Rain,Medium,2.0,0.86,2,40,13.6,0,1.18,22.65,4.4
DEL-10210,2026-07-09,RDR-019,Motorbike,Zone D - East,Morning (6-11),Clear,Medium,4.32,0.73,2,40,21.1,0,10.25,39.52,5.0
DEL-11880,2026-07-09,RDR-041,Motorbike,Zone C - South,Afternoon (11-16),Clear,Low,2.38,3.23,1,35,16.4,0,5.82,28.88,5.0
DEL-11311,2026-07-09,RDR-054,E-Bike,Zone C - South,Afternoon (11-16),Clear,Medium,4.21,3.01,2,35,15.6,0,2.44,29.31,5.0
DEL-10494,2026-07-09,RDR-036,Motorbike,Zone C - South,Morning (6-11),Cloudy,High,5.39,1.27,1,35,27.6,0,13.09,36.89,5.0
DEL-10824,2026-07-09,RDR-016,Motorbike,Zone B - North,Night (21-2),Clear,Low,2.0,1.33,1,35,16.9,0,4.36,31.17,5.0
DEL-11326,2026-07-09,RDR-055,Scooter,Zone D - East,Evening (16-21),Clear,Low,2.27,2.06,2,40,12.6,0,3.8,29.86,4.6
DEL-11852,2026-07-10,RDR-014,E-Bike,Zone C - South,Morning (6-11),Rain,High,9.47,1.6,1,35,69.9,1,5.89,30.22,3.8
DEL-11750,2026-07-10,RDR-020,Motorbike,Zone E - West,Afternoon (11-16),Clear,Low,3.34,3.81,1,40,12.3,0,8.45,36.37,4.8
DEL-11906,2026-07-10,RDR-018,E-Bike,Zone C - South,Evening (16-21),Clear,Low,6.73,1.43,2,35,27.7,0,3.7,30.51,4.9
DEL-11957,2026-07-10,RDR-014,Scooter,Zone B - North,Evening (16-21),Clear,High,3.49,1.03,1,35,30.4,0,5.73,31.7,5.0
DEL-11624,2026-07-10,RDR-032,Scooter,Zone A - Central,Afternoon (11-16),Clear,Medium,2.85,2.74,1,30,15.9,0,4.62,28.6,5.0
DEL-10000,2026-07-10,RDR-055,Scooter,Zone A - Central,Evening (16-21),Clear,Medium,2.93,0.74,1,30,13.7,0,5.2,34.43,5.0
DEL-10690,2026-07-10,RDR-039,Scooter,Zone C - South,Afternoon (11-16),Clear,High,1.24,5.0,1,35,14.2,0,2.06,27.18,5.0
DEL-10654,2026-07-10,RDR-036,Scooter,Zone D - East,Afternoon (11-16),Clear,Low,10.27,1.65,2,40,28.9,0,18.88,49.48,5.0
DEL-10305,2026-07-10,RDR-039,E-Bike,Zone B - North,Morning (6-11),Clear,Medium,2.5,2.1,3,35,16.6,0,1.54,25.57,5.0
DEL-10277,2026-07-10,RDR-027,Motorbike,Zone C - South,Afternoon (11-16),Clear,Medium,6.18,1.88,2,35,21.6,0,13.76,36.44,5.0
DEL-11047,2026-07-10,RDR-046,Scooter,Zone B - North,Evening (16-21),Clear,Low,6.8,1.86,2,35,22.5,0,11.09,35.43,5.0
DEL-10916,2026-07-10,RDR-057,Scooter,Zone D - East,Evening (16-21),Clear,Medium,7.01,3.55,2,40,29.3,0,11.6,39.65,5.0
DEL-10560,2026-07-10,RDR-053,Motorbike,Zone D - East,Morning (6-11),Cloudy,Low,1.36,4.08,1,40,12.3,0,3.3,32.37,5.0
DEL-10731,2026-07-10,RDR-021,E-Bike,Zone B - North,Evening (16-21),Clear,Low,7.37,2.94,1,35,26.8,0,4.5,31.83,4.8
DEL-10994,2026-07-10,RDR-027,Scooter,Zone A - Central,Afternoon (11-16),Clear,High,16.76,2.16,1,30,72.1,1,31.27,54.81,3.2
DEL-10023,2026-07-10,RDR-017,Scooter,Zone A - Central,Afternoon (11-16),Cloudy,Low,3.32,1.3,2,30,8.4,0,6.1,33.32,5.0
DEL-10602,2026-07-10,RDR-044,Scooter,Zone D - East,Night (21-2),Rain,Medium,5.63,1.61,2,40,25.7,0,10.06,39.55,5.0
DEL-11105,2026-07-10,RDR-007,Scooter,Zone B - North,Afternoon (11-16),Clear,Low,4.37,1.05,1,35,18.3,0,8.0,30.97,5.0
DEL-11094,2026-07-10,RDR-043,Scooter,Zone A - Central,Evening (16-21),Clear,Medium,0.93,4.71,1,30,13.7,0,1.57,26.58,5.0
DEL-11574,2026-07-10,RDR-021,Scooter,Zone E - West,Afternoon (11-16),Cloudy,Low,2.26,1.05,2,40,8.9,0,4.07,28.54,4.9
DEL-10491,2026-07-11,RDR-055,Motorbike,Zone A - Central,Morning (6-11),Cloudy,Low,9.05,4.55,3,30,26.7,0,21.37,47.51,5.0
DEL-10238,2026-07-11,RDR-002,Motorbike,Zone A - Central,Evening (16-21),Cloudy,High,3.65,1.02,2,30,20.8,0,8.9,31.41,4.8
DEL-11866,2026-07-11,RDR-027,Scooter,Zone B - North,Afternoon (11-16),Cloudy,Low,1.97,3.18,1,35,11.3,0,3.23,27.58,5.0
DEL-11318,2026-07-11,RDR-048,Scooter,Zone D - East,Evening (16-21),Clear,Medium,1.86,1.34,4,40,17.7,0,3.27,28.13,4.7
DEL-10242,2026-07-11,RDR-041,E-Bike,Zone C - South,Morning (6-11),Cloudy,Medium,4.01,3.25,2,35,26.4,0,2.5,31.02,5.0
DEL-11695,2026-07-11,RDR-033,Scooter,Zone A - Central,Evening (16-21),Clear,Medium,9.89,1.67,2,30,38.4,1,18.6,40.43,3.6
DEL-11739,2026-07-11,RDR-014,Scooter,Zone C - South,Evening (16-21),Clear,Low,3.79,5.54,1,35,11.0,0,6.49,30.9,5.0
DEL-10423,2026-07-11,RDR-008,Motorbike,Zone B - North,Morning (6-11),Cloudy,Low,9.85,1.91,1,35,28.5,0,24.65,48.18,5.0
DEL-11814,2026-07-11,RDR-046,Scooter,Zone A - Central,Night (21-2),Clear,Low,6.82,3.21,1,30,21.1,0,11.4,34.39,4.9
DEL-11896,2026-07-11,RDR-042,Motorbike,Zone A - Central,Evening (16-21),Rain,Medium,2.56,1.08,2,30,18.2,0,5.43,39.37,4.5
DEL-11560,2026-07-11,RDR-009,Scooter,Zone B - North,Evening (16-21),Clear,Medium,1.26,1.83,1,35,9.8,0,2.48,24.9,5.0
DEL-10714,2026-07-11,RDR-047,Scooter,Zone A - Central,Night (21-2),Clear,High,3.06,1.65,1,30,25.0,0,5.0,29.13,5.0
DEL-11812,2026-07-11,RDR-010,Scooter,Zone A - Central,Afternoon (11-16),Cloudy,Low,2.19,1.26,2,30,9.4,0,3.6,28.08,5.0
DEL-10428,2026-07-11,RDR-041,Scooter,Zone B - North,Afternoon (11-16),Clear,Low,5.4,1.63,1,35,15.1,0,10.67,34.45,5.0
DEL-11632,2026-07-11,RDR-012,Motorbike,Zone B - North,Morning (6-11),Clear,Medium,5.54,0.82,1,35,25.3,0,12.06,34.55,4.8
DEL-11515,2026-07-11,RDR-053,Scooter,Zone E - West,Morning (6-11),Cloudy,High,1.18,0.94,2,40,8.9,0,1.96,26.84,5.0
DEL-10762,2026-07-11,RDR-033,Scooter,Zone C - South,Evening (16-21),Cloudy,Low,4.32,3.0,1,35,15.9,0,8.07,32.59,4.9
DEL-11008,2026-07-11,RDR-038,Scooter,Zone D - East,Afternoon (11-16),Clear,Low,7.78,2.36,1,40,24.5,0,13.14,39.93,5.0
DEL-11656,2026-07-12,RDR-005,Motorbike,Zone B - North,Night (21-2),Cloudy,Medium,6.91,1.72,3,35,24.5,0,17.43,39.71,5.0
DEL-11043,2026-07-12,RDR-054,Motorbike,Zone B - North,Afternoon (11-16),Cloudy,Low,2.99,5.63,2,35,9.0,0,6.5,35.24,5.0
DEL-10995,2026-07-12,RDR-038,Scooter,Zone E - West,Evening (16-21),Rain,Medium,4.78,2.21,1,40,26.2,0,9.29,32.57,4.6
DEL-11312,2026-07-12,RDR-060,Motorbike,Zone D - East,Evening (16-21),Rain,Medium,2.46,1.31,1,40,12.7,0,5.29,27.07,4.6
DEL-10516,2026-07-12,RDR-005,Scooter,Zone A - Central,Night (21-2),Clear,High,4.79,1.46,1,30,31.2,1,9.27,29.63,3.2
DEL-11846,2026-07-12,RDR-058,Scooter,Zone E - West,Evening (16-21),Clear,High,2.17,1.24,1,40,15.2,0,3.83,28.02,5.0
DEL-10500,2026-07-12,RDR-001,Motorbike,Zone D - East,Afternoon (11-16),Clear,Low,4.35,2.11,1,40,15.2,0,10.51,35.52,5.0
DEL-10184,2026-07-12,RDR-049,Scooter,Zone C - South,Afternoon (11-16),Clear,Low,1.33,3.57,3,35,16.8,0,2.55,32.74,5.0
DEL-10172,2026-07-12,RDR-039,Motorbike,Zone A - Central,Afternoon (11-16),Clear,Low,15.08,1.53,2,30,39.7,1,36.22,62.47,4.5
DEL-11329,2026-07-12,RDR-025,Motorbike,Zone D - East,Evening (16-21),Clear,Medium,7.89,2.96,1,40,21.2,0,19.91,45.81,4.5
DEL-11752,2026-07-12,RDR-050,Scooter,Zone B - North,Afternoon (11-16),Clear,Low,7.18,1.79,4,35,28.7,0,13.44,34.71,4.7
DEL-10168,2026-07-12,RDR-051,Scooter,Zone D - East,Afternoon (11-16),Clear,Low,1.21,1.01,1,40,6.0,0,2.01,28.18,5.0
DEL-11317,2026-07-12,RDR-014,Motorbike,Zone A - Central,Afternoon (11-16),Rain,Medium,2.58,1.48,2,30,15.6,0,6.43,28.37,4.4
DEL-11570,2026-07-12,RDR-038,Motorbike,Zone B - North,Afternoon (11-16),Rain,Medium,9.9,1.68,1,35,47.3,1,22.88,51.58,4.0
DEL-11562,2026-07-12,RDR-026,Motorbike,Zone A - Central,Evening (16-21),Clear,Low,1.64,0.66,4,30,4.0,0,3.5,30.78,5.0
DEL-11437,2026-07-12,RDR-053,Motorbike,Zone C - South,Afternoon (11-16),Cloudy,Low,6.98,1.01,1,35,19.3,0,14.63,44.94,5.0
DEL-10091,2026-07-12,RDR-004,Motorbike,Zone E - West,Afternoon (11-16),Clear,High,3.28,0.91,2,40,23.9,0,8.07,31.59,4.9
DEL-10776,2026-07-12,RDR-022,Scooter,Zone A - Central,Night (21-2),Clear,Medium,2.96,1.3,4,30,10.3,0,5.49,30.27,4.7
DEL-11456,2026-07-12,RDR-026,Motorbike,Zone C - South,Afternoon (11-16),Clear,Medium,1.83,1.57,3,35,13.8,0,4.63,28.2,4.9
DEL-11422,2026-07-12,RDR-057,Scooter,Zone D - East,Evening (16-21),Rain,Medium,7.14,3.3,1,40,29.9,0,13.92,36.81,4.7
DEL-10781,2026-07-12,RDR-041,Motorbike,Zone E - West,Night (21-2),Clear,Medium,2.06,1.35,4,40,7.7,0,5.19,32.23,4.9
DEL-10844,2026-07-13,RDR-032,Scooter,Zone C - South,Morning (6-11),Clear,High,3.51,2.57,1,35,20.2,0,5.77,31.1,5.0
DEL-10918,2026-07-13,RDR-033,Motorbike,Zone B - North,Afternoon (11-16),Cloudy,Medium,7.71,2.9,1,35,29.3,0,19.05,42.18,4.9
DEL-11258,2026-07-13,RDR-053,Scooter,Zone B - North,Evening (16-21),Clear,Medium,4.7,2.23,3,35,25.0,0,9.04,30.56,4.5
DEL-10149,2026-07-13,RDR-047,Scooter,Zone D - East,Afternoon (11-16),Cloudy,High,2.09,1.25,2,40,21.9,0,3.48,26.97,5.0
DEL-10943,2026-07-13,RDR-037,E-Bike,Zone D - East,Night (21-2),Clear,Low,4.4,1.51,4,40,16.1,0,2.46,27.33,4.7
DEL-11469,2026-07-13,RDR-048,Motorbike,Zone A - Central,Afternoon (11-16),Clear,Medium,1.63,1.19,1,30,9.9,0,3.88,21.62,4.8
DEL-11483,2026-07-13,RDR-009,Scooter,Zone E - West,Evening (16-21),Cloudy,Medium,2.56,0.79,1,40,6.8,0,5.03,28.11,4.9
DEL-10068,2026-07-13,RDR-005,Scooter,Zone A - Central,Afternoon (11-16),Cloudy,Low,5.71,1.24,3,30,15.8,0,10.69,37.7,5.0
DEL-11729,2026-07-13,RDR-018,Motorbike,Zone C - South,Morning (6-11),Rain,Medium,3.3,1.9,1,35,18.3,0,8.17,32.4,4.7
DEL-11514,2026-07-13,RDR-026,Scooter,Zone E - West,Evening (16-21),Clear,Medium,2.34,1.23,1,40,10.5,0,4.24,29.16,4.7
DEL-11802,2026-07-13,RDR-025,Scooter,Zone D - East,Morning (6-11),Clear,High,13.21,2.03,1,40,62.6,1,21.7,53.08,3.5
DEL-11903,2026-07-13,RDR-023,Scooter,Zone A - Central,Evening (16-21),Clear,High,10.28,2.76,3,30,41.5,1,19.09,43.52,3.9
DEL-10691,2026-07-13,RDR-035,Scooter,Zone C - South,Evening (16-21),Clear,Low,2.96,0.5,1,35,12.1,0,5.81,31.46,4.5
DEL-11697,2026-07-13,RDR-049,Scooter,Zone D - East,Evening (16-21),Clear,Medium,1.06,2.16,1,40,7.7,0,1.75,25.36,5.0
DEL-11114,2026-07-13,RDR-044,Motorbike,Zone A - Central,Afternoon (11-16),Clear,Medium,5.49,1.83,1,30,17.4,0,12.65,31.96,5.0
DEL-10480,2026-07-13,RDR-042,Motorbike,Zone A - Central,Morning (6-11),Clear,Medium,8.0,1.23,2,30,24.4,0,17.5,40.97,4.9
DEL-10566,2026-07-13,RDR-028,Scooter,Zone A - Central,Night (21-2),Clear,Medium,1.9,2.54,1,30,7.6,0,3.44,27.6,5.0
DEL-11102,2026-07-13,RDR-031,E-Bike,Zone E - West,Afternoon (11-16),Clear,High,3.87,1.7,1,40,24.0,0,2.31,30.27,4.9
DEL-11414,2026-07-13,RDR-019,Motorbike,Zone D - East,Afternoon (11-16),Clear,Medium,5.62,2.61,1,40,23.2,0,11.65,43.81,5.0
DEL-10839,2026-07-13,RDR-039,Motorbike,Zone B - North,Morning (6-11),Clear,High,1.77,2.58,1,35,7.8,0,3.69,34.72,5.0
DEL-11301,2026-07-13,RDR-017,E-Bike,Zone E - West,Afternoon (11-16),Clear,Medium,15.36,2.67,1,40,56.7,1,9.88,35.66,4.7
DEL-10840,2026-07-13,RDR-016,Scooter,Zone B - North,Evening (16-21),Rain,High,4.08,3.44,4,35,30.6,0,6.85,29.05,4.4
DEL-11767,2026-07-13,RDR-032,Motorbike,Zone B - North,Evening (16-21),Clear,Medium,11.64,1.75,1,35,39.7,1,29.04,53.86,3.6
DEL-11763,2026-07-13,RDR-003,Motorbike,Zone B - North,Night (21-2),Clear,Medium,3.27,2.48,1,35,15.2,0,7.66,32.59,5.0
DEL-10931,2026-07-14,RDR-042,E-Bike,Zone D - East,Afternoon (11-16),Clear,Low,3.98,4.25,1,40,15.1,0,2.36,24.45,4.8
DEL-10823,2026-07-14,RDR-045,Scooter,Zone A - Central,Morning (6-11),Clear,High,6.62,5.13,3,30,29.0,0,11.33,34.58,4.7
DEL-10193,2026-07-14,RDR-013,Motorbike,Zone C - South,Morning (6-11),Cloudy,High,2.7,0.51,1,35,14.9,0,6.69,32.84,5.0
DEL-11203,2026-07-14,RDR-002,Scooter,Zone E - West,Afternoon (11-16),Cloudy,Low,3.59,3.04,1,40,15.8,0,6.18,28.88,5.0
DEL-10767,2026-07-14,RDR-051,E-Bike,Zone A - Central,Morning (6-11),Clear,Low,3.8,4.47,2,30,16.1,0,2.49,27.09,4.7
DEL-11220,2026-07-14,RDR-057,E-Bike,Zone C - South,Morning (6-11),Clear,High,4.79,3.9,2,35,30.3,0,2.63,23.06,5.0
DEL-11426,2026-07-14,RDR-010,Scooter,Zone C - South,Afternoon (11-16),Rain,Low,1.53,4.15,1,35,11.1,0,2.79,29.99,4.7
DEL-11519,2026-07-14,RDR-011,E-Bike,Zone A - Central,Afternoon (11-16),Cloudy,Low,2.47,3.1,1,30,14.3,0,1.54,29.25,5.0
DEL-11862,2026-07-14,RDR-040,Scooter,Zone B - North,Night (21-2),Clear,Low,1.5,3.97,1,35,15.3,0,2.94,26.71,5.0
DEL-11136,2026-07-14,RDR-030,E-Bike,Zone D - East,Evening (16-21),Clear,High,6.54,1.98,3,40,44.8,1,4.26,30.89,3.5
DEL-10609,2026-07-14,RDR-049,Motorbike,Zone A - Central,Night (21-2),Clear,Medium,3.89,4.08,2,30,17.3,0,8.88,35.75,5.0
DEL-11753,2026-07-14,RDR-035,Scooter,Zone D - East,Evening (16-21),Cloudy,Medium,3.21,1.65,2,40,12.0,0,5.48,24.0,5.0
DEL-10274,2026-07-14,RDR-032,Motorbike,Zone E - West,Evening (16-21),Clear,Medium,2.65,2.69,3,40,21.0,0,5.7,28.33,4.8
DEL-11378,2026-07-14,RDR-034,Scooter,Zone A - Central,Night (21-2),Cloudy,Medium,7.45,2.22,4,30,33.3,1,12.56,39.69,3.6
DEL-11383,2026-07-14,RDR-033,Scooter,Zone A - Central,Afternoon (11-16),Clear,Medium,5.67,1.76,1,30,21.5,0,10.23,37.6,4.5
DEL-10403,2026-07-14,RDR-007,E-Bike,Zone B - North,Evening (16-21),Clear,High,2.82,5.77,1,35,17.9,0,1.57,27.36,4.9
DEL-10594,2026-07-14,RDR-049,E-Bike,Zone A - Central,Evening (16-21),Clear,Medium,2.85,0.88,2,30,11.4,0,1.54,28.45,4.8
DEL-10101,2026-07-14,RDR-024,Motorbike,Zone C - South,Night (21-2),Clear,Medium,1.44,2.3,1,35,10.2,0,3.0,26.56,4.9
DEL-10065,2026-07-14,RDR-028,Motorbike,Zone D - East,Morning (6-11),Clear,High,5.3,1.29,1,40,26.8,0,11.15,40.45,4.9
DEL-11630,2026-07-15,RDR-056,Motorbike,Zone D - East,Morning (6-11),Cloudy,Medium,2.91,3.61,3,40,18.8,0,7.26,35.33,5.0
DEL-10040,2026-07-15,RDR-026,Scooter,Zone E - West,Night (21-2),Rain,Medium,2.85,1.81,1,40,16.4,0,4.66,26.22,5.0
DEL-11904,2026-07-15,RDR-003,Motorbike,Zone E - West,Night (21-2),Clear,Low,3.83,1.72,1,40,12.6,0,8.37,32.04,5.0
DEL-11774,2026-07-15,RDR-048,Motorbike,Zone C - South,Evening (16-21),Clear,Medium,1.97,3.23,2,35,5.8,0,4.48,26.48,5.0
DEL-10163,2026-07-15,RDR-006,Motorbike,Zone E - West,Afternoon (11-16),Clear,Medium,2.75,3.75,1,40,8.0,0,6.6,36.25,5.0
DEL-10399,2026-07-15,RDR-049,Motorbike,Zone C - South,Night (21-2),Clear,High,7.65,2.73,1,35,36.7,1,18.36,47.69,4.0
DEL-11731,2026-07-15,RDR-044,Motorbike,Zone E - West,Evening (16-21),Clear,Low,3.92,1.09,1,40,10.6,0,9.0,35.77,4.8
DEL-11935,2026-07-15,RDR-021,E-Bike,Zone C - South,Morning (6-11),Cloudy,Low,7.36,0.75,1,35,25.3,0,4.04,27.82,5.0
DEL-11286,2026-07-15,RDR-019,Scooter,Zone B - North,Evening (16-21),Rain,Medium,2.44,2.5,1,35,17.6,0,4.71,28.42,4.7
DEL-11212,2026-07-15,RDR-036,Scooter,Zone A - Central,Morning (6-11),Clear,Low,4.84,1.32,1,30,17.5,0,9.13,32.71,5.0
DEL-10084,2026-07-15,RDR-059,Scooter,Zone C - South,Evening (16-21),Clear,Low,3.8,2.75,2,35,17.6,0,7.3,33.45,4.7
DEL-11218,2026-07-15,RDR-001,Motorbike,Zone D - East,Evening (16-21),Clear,High,1.76,2.1,1,40,9.9,0,3.71,30.99,4.9
DEL-11932,2026-07-15,RDR-049,Motorbike,Zone C - South,Afternoon (11-16),Clear,Medium,1.52,3.64,2,35,4.7,0,3.77,33.38,5.0
DEL-10827,2026-07-15,RDR-011,Scooter,Zone A - Central,Afternoon (11-16),Clear,Low,4.3,1.2,1,30,23.6,0,7.3,33.68,5.0
DEL-10093,2026-07-15,RDR-016,Motorbike,Zone C - South,Night (21-2),Rain,Medium,3.54,0.6,1,35,19.7,0,8.3,28.99,4.7
DEL-10938,2026-07-15,RDR-051,Scooter,Zone E - West,Afternoon (11-16),Cloudy,Medium,1.39,2.78,3,40,18.0,0,2.65,30.02,4.8
DEL-10479,2026-07-15,RDR-044,Motorbike,Zone D - East,Night (21-2),Clear,Low,1.07,1.67,2,40,7.5,0,2.69,31.66,5.0
DEL-11261,2026-07-15,RDR-048,Motorbike,Zone C - South,Evening (16-21),Cloudy,Low,1.09,1.78,2,35,5.3,0,2.32,27.93,4.8
DEL-10625,2026-07-15,RDR-021,Scooter,Zone E - West,Evening (16-21),Cloudy,Low,1.89,1.04,2,40,15.3,0,3.21,33.96,4.7
DEL-10901,2026-07-15,RDR-046,Scooter,Zone D - East,Night (21-2),Clear,Low,5.16,2.01,2,40,18.8,0,10.04,36.12,4.5
DEL-11969,2026-07-15,RDR-041,Scooter,Zone B - North,Morning (6-11),Cloudy,High,5.68,2.7,3,35,32.0,0,10.29,37.46,4.9
DEL-10588,2026-07-16,RDR-012,Scooter,Zone A - Central,Evening (16-21),Cloudy,Low,2.18,1.19,2,30,8.6,0,4.15,25.8,4.8
DEL-11833,2026-07-16,RDR-010,Motorbike,Zone B - North,Night (21-2),Clear,High,1.98,1.01,1,35,6.6,0,4.88,30.86,4.9
DEL-10933,2026-07-16,RDR-042,Motorbike,Zone C - South,Evening (16-21),Clear,Low,5.97,2.81,4,35,9.8,0,12.68,40.26,4.8
DEL-10578,2026-07-16,RDR-002,Motorbike,Zone B - North,Afternoon (11-16),Rain,Medium,6.8,1.74,1,35,39.5,1,16.18,38.35,3.6
DEL-10874,2026-07-16,RDR-029,Scooter,Zone D - East,Night (21-2),Clear,High,5.65,2.27,1,40,26.7,0,9.47,37.73,4.9
DEL-10599,2026-07-16,RDR-024,Scooter,Zone A - Central,Evening (16-21),Clear,Medium,5.66,1.21,2,30,23.7,0,9.2,39.2,5.0
DEL-10969,2026-07-16,RDR-053,Motorbike,Zone C - South,Morning (6-11),Clear,Medium,4.09,2.89,4,35,15.2,0,9.75,28.44,5.0
DEL-11078,2026-07-16,RDR-015,Scooter,Zone A - Central,Evening (16-21),Clear,Medium,10.17,3.51,1,30,37.8,1,17.75,41.75,3.9
DEL-10964,2026-07-16,RDR-024,Scooter,Zone E - West,Evening (16-21),Clear,Low,1.58,1.42,1,40,8.0,0,3.07,22.88,5.0
DEL-10811,2026-07-16,RDR-038,E-Bike,Zone C - South,Afternoon (11-16),Rain,Low,3.11,4.34,2,35,19.5,0,1.69,26.77,4.8
DEL-10201,2026-07-16,RDR-023,Scooter,Zone A - Central,Afternoon (11-16),Clear,Medium,1.22,4.52,1,30,6.7,0,2.27,28.25,5.0
DEL-10296,2026-07-16,RDR-054,Motorbike,Zone A - Central,Evening (16-21),Clear,Medium,6.75,2.44,1,30,19.9,0,16.28,43.71,5.0
DEL-11629,2026-07-16,RDR-034,Motorbike,Zone C - South,Afternoon (11-16),Clear,High,2.49,2.97,1,35,14.2,0,6.14,27.69,5.0
DEL-11175,2026-07-16,RDR-052,Motorbike,Zone A - Central,Morning (6-11),Cloudy,Medium,3.51,0.78,1,30,21.4,0,7.45,28.51,4.8
DEL-11457,2026-07-16,RDR-002,Motorbike,Zone D - East,Night (21-2),Clear,Medium,5.61,2.31,1,40,24.6,0,13.54,36.09,4.9
DEL-10335,2026-07-16,RDR-011,Scooter,Zone B - North,Afternoon (11-16),Clear,Medium,2.46,1.81,1,35,15.4,0,4.35,32.59,5.0
DEL-11600,2026-07-16,RDR-030,Scooter,Zone A - Central,Morning (6-11),Clear,Medium,3.4,2.72,1,30,14.7,0,6.6,32.94,4.7
DEL-10025,2026-07-16,RDR-046,Motorbike,Zone A - Central,Afternoon (11-16),Cloudy,Low,1.81,1.55,1,30,4.0,0,4.05,27.13,4.5
DEL-11267,2026-07-16,RDR-010,Motorbike,Zone C - South,Afternoon (11-16),Clear,Medium,4.8,1.52,1,35,17.3,0,10.41,39.66,4.5
DEL-11357,2026-07-16,RDR-026,Scooter,Zone B - North,Morning (6-11),Rain,High,3.67,3.59,2,35,32.6,0,6.3,35.49,4.7
DEL-10265,2026-07-16,RDR-054,Motorbike,Zone C - South,Morning (6-11),Clear,Medium,5.64,3.9,1,35,23.4,0,13.66,42.69,5.0
DEL-10095,2026-07-17,RDR-020,Motorbike,Zone D - East,Night (21-2),Clear,Medium,6.64,2.11,1,40,27.6,0,13.87,43.99,5.0
DEL-10169,2026-07-17,RDR-017,Motorbike,Zone B - North,Morning (6-11),Clear,Low,4.01,2.61,1,35,11.0,0,9.21,31.33,4.8
DEL-10119,2026-07-17,RDR-027,Motorbike,Zone E - West,Evening (16-21),Cloudy,Medium,2.63,1.64,1,40,17.8,0,6.18,34.9,5.0
DEL-10344,2026-07-17,RDR-044,Scooter,Zone E - West,Night (21-2),Clear,Medium,1.41,4.03,1,40,7.5,0,2.74,30.47,5.0
DEL-10297,2026-07-17,RDR-016,Scooter,Zone A - Central,Evening (16-21),Clear,Low,6.25,0.85,1,30,15.9,0,11.61,43.21,4.9
DEL-10630,2026-07-17,RDR-013,Motorbike,Zone C - South,Evening (16-21),Clear,Medium,3.73,4.45,2,35,13.9,0,9.37,34.28,5.0
DEL-11240,2026-07-17,RDR-057,E-Bike,Zone B - North,Afternoon (11-16),Rain,High,0.92,1.5,2,35,12.0,0,0.56,23.71,4.6
DEL-10509,2026-07-17,RDR-058,Motorbike,Zone E - West,Afternoon (11-16),Rain,Medium,2.68,2.18,1,40,21.8,0,5.79,32.45,4.6
DEL-10054,2026-07-17,RDR-012,Motorbike,Zone E - West,Evening (16-21),Cloudy,High,2.05,0.92,1,40,20.7,0,4.84,31.25,5.0
DEL-10438,2026-07-17,RDR-037,Motorbike,Zone C - South,Evening (16-21),Rain,Low,1.15,1.31,2,35,13.4,0,2.45,25.15,4.7
DEL-11689,2026-07-17,RDR-030,Motorbike,Zone A - Central,Evening (16-21),Cloudy,High,3.92,1.15,1,30,20.1,0,8.93,35.68,5.0
DEL-11407,2026-07-17,RDR-033,E-Bike,Zone E - West,Evening (16-21),Clear,High,4.49,2.5,2,40,25.9,0,2.9,23.18,5.0
DEL-10378,2026-07-17,RDR-050,E-Bike,Zone B - North,Evening (16-21),Clear,High,4.48,3.13,1,35,27.1,0,2.83,26.36,5.0
DEL-10379,2026-07-17,RDR-051,Scooter,Zone D - East,Afternoon (11-16),Clear,High,1.83,3.45,2,40,15.6,0,3.46,30.36,4.9
DEL-11666,2026-07-18,RDR-045,Scooter,Zone E - West,Morning (6-11),Cloudy,Medium,6.57,3.38,3,40,19.7,0,12.93,34.19,4.9
DEL-10309,2026-07-18,RDR-048,Scooter,Zone B - North,Evening (16-21),Cloudy,High,1.8,0.9,1,35,13.9,0,3.15,29.57,5.0
DEL-11362,2026-07-18,RDR-025,Motorbike,Zone D - East,Afternoon (11-16),Clear,Medium,2.4,2.71,1,40,10.5,0,5.84,31.1,5.0
DEL-10520,2026-07-18,RDR-027,Motorbike,Zone D - East,Afternoon (11-16),Rain,Low,1.33,3.6,1,40,9.2,0,2.88,24.8,5.0
DEL-10563,2026-07-18,RDR-036,Scooter,Zone A - Central,Night (21-2),Clear,Medium,0.75,1.7,2,30,6.6,0,1.25,24.84,4.7
DEL-10847,2026-07-18,RDR-056,E-Bike,Zone A - Central,Evening (16-21),Clear,Medium,3.12,0.86,1,30,13.0,0,1.95,25.44,5.0
DEL-10157,2026-07-18,RDR-024,Motorbike,Zone B - North,Afternoon (11-16),Rain,Medium,3.19,0.81,2,35,18.9,0,6.81,30.44,4.6
DEL-11921,2026-07-18,RDR-029,Scooter,Zone B - North,Night (21-2),Rain,Medium,6.27,3.67,4,35,30.5,0,11.95,39.15,4.6
DEL-10597,2026-07-18,RDR-040,Scooter,Zone C - South,Afternoon (11-16),Clear,Low,1.99,2.34,2,35,9.7,0,3.78,27.93,5.0
DEL-10544,2026-07-18,RDR-005,Motorbike,Zone A - Central,Afternoon (11-16),Clear,Medium,1.4,1.56,1,30,10.7,0,3.18,21.14,4.9
DEL-10291,2026-07-18,RDR-008,Scooter,Zone B - North,Evening (16-21),Clear,Medium,5.17,4.62,1,35,21.1,0,10.13,41.6,4.8
DEL-11117,2026-07-18,RDR-038,E-Bike,Zone A - Central,Night (21-2),Clear,Low,3.25,4.14,1,30,12.4,0,2.06,32.37,5.0
DEL-10139,2026-07-18,RDR-004,E-Bike,Zone E - West,Afternoon (11-16),Clear,High,7.25,6.01,1,40,41.7,1,4.26,34.51,4.3
DEL-11118,2026-07-18,RDR-035,Scooter,Zone A - Central,Night (21-2),Cloudy,Medium,3.39,4.43,1,30,25.4,0,5.82,31.98,5.0
DEL-10421,2026-07-18,RDR-029,Motorbike,Zone A - Central,Afternoon (11-16),Rain,Medium,6.54,2.05,4,30,25.9,0,13.59,36.98,4.5
DEL-11130,2026-07-18,RDR-009,Motorbike,Zone D - East,Afternoon (11-16),Clear,Low,6.81,2.8,2,40,21.5,0,14.59,44.27,4.9
DEL-10426,2026-07-18,RDR-029,Scooter,Zone A - Central,Morning (6-11),Clear,High,2.15,1.9,2,30,15.4,0,4.07,24.42,4.8
DEL-11572,2026-07-18,RDR-019,Motorbike,Zone E - West,Morning (6-11),Cloudy,Low,1.37,3.1,1,40,9.5,0,3.14,28.56,5.0
DEL-10434,2026-07-18,RDR-044,Scooter,Zone E - West,Night (21-2),Clear,High,2.32,0.6,1,40,12.1,0,3.94,21.02,5.0
DEL-10029,2026-07-18,RDR-031,Scooter,Zone C - South,Evening (16-21),Clear,Low,3.48,1.96,1,35,12.2,0,5.94,31.25,5.0
DEL-11189,2026-07-18,RDR-058,Motorbike,Zone D - East,Evening (16-21),Clear,Medium,5.4,1.25,2,40,21.7,0,11.65,40.07,5.0
DEL-11805,2026-07-18,RDR-025,Motorbike,Zone E - West,Evening (16-21),Clear,Low,6.7,1.63,2,40,18.8,0,16.0,42.35,5.0
DEL-11985,2026-07-18,RDR-032,Scooter,Zone E - West,Evening (16-21),Clear,High,11.38,2.6,1,40,52.2,1,21.17,47.73,4.3
DEL-10062,2026-07-18,RDR-045,E-Bike,Zone D - East,Night (21-2),Cloudy,Medium,3.47,0.67,1,40,22.2,0,2.09,28.49,4.6
DEL-11797,2026-07-18,RDR-011,Scooter,Zone A - Central,Evening (16-21),Rain,Low,1.56,0.39,3,30,7.0,0,2.98,27.39,4.7
DEL-11496,2026-07-18,RDR-022,Motorbike,Zone E - West,Afternoon (11-16),Clear,Low,1.97,1.52,4,40,9.0,0,4.87,34.31,5.0
DEL-11728,2026-07-18,RDR-025,E-Bike,Zone A - Central,Morning (6-11),Clear,High,3.98,2.61,4,30,20.6,0,2.29,32.43,4.8
DEL-10325,2026-07-18,RDR-013,Motorbike,Zone E - West,Evening (16-21),Rain,Low,1.55,1.66,3,40,6.9,0,3.49,27.44,4.6
DEL-10136,2026-07-18,RDR-054,Motorbike,Zone A - Central,Afternoon (11-16),Cloudy,Medium,1.03,1.67,3,30,11.3,0,2.57,28.17,4.7
DEL-10070,2026-07-19,RDR-020,Motorbike,Zone D - East,Afternoon (11-16),Clear,High,2.99,1.74,1,40,18.7,0,6.22,27.31,4.5
DEL-10848,2026-07-19,RDR-008,Motorbike,Zone C - South,Afternoon (11-16),Cloudy,Medium,1.58,3.67,1,35,6.0,0,3.71,30.13,5.0
DEL-10591,2026-07-19,RDR-049,Motorbike,Zone D - East,Morning (6-11),Clear,Medium,4.12,2.87,1,40,18.0,0,10.4,40.19,5.0
DEL-11589,2026-07-19,RDR-015,Motorbike,Zone A - Central,Evening (16-21),Cloudy,Low,5.68,3.16,2,30,18.0,0,12.04,38.03,5.0
DEL-10822,2026-07-19,RDR-059,Scooter,Zone C - South,Morning (6-11),Clear,High,4.28,1.99,1,35,21.8,0,8.21,36.98,5.0
DEL-10697,2026-07-19,RDR-010,Motorbike,Zone B - North,Evening (16-21),Clear,Medium,1.97,0.87,1,35,8.3,0,4.94,27.57,5.0
DEL-11010,2026-07-19,RDR-060,Scooter,Zone C - South,Afternoon (11-16),Clear,Low,3.93,2.38,2,35,14.4,0,7.3,30.52,4.5
DEL-11876,2026-07-19,RDR-009,Motorbike,Zone A - Central,Morning (6-11),Rain,Medium,2.28,1.6,1,30,16.1,0,4.74,35.78,4.9
DEL-10444,2026-07-19,RDR-006,E-Bike,Zone B - North,Morning (6-11),Clear,Medium,1.49,3.18,1,35,10.7,0,0.85,28.65,4.9
DEL-11018,2026-07-19,RDR-038,E-Bike,Zone A - Central,Morning (6-11),Clear,Medium,2.64,4.2,1,30,12.3,0,1.47,26.47,4.9
DEL-11701,2026-07-19,RDR-007,Scooter,Zone D - East,Morning (6-11),Clear,High,3.47,3.74,1,40,19.9,0,6.35,27.77,5.0
DEL-10997,2026-07-19,RDR-011,Scooter,Zone B - North,Night (21-2),Clear,High,1.29,1.48,1,35,10.4,0,2.1,24.36,4.7
DEL-11882,2026-07-19,RDR-032,Motorbike,Zone E - West,Afternoon (11-16),Clear,Medium,2.58,2.52,1,40,10.4,0,5.71,29.57,4.9
DEL-11910,2026-07-20,RDR-058,Scooter,Zone A - Central,Afternoon (11-16),Clear,High,4.71,0.54,1,30,25.4,0,8.71,36.66,4.9
DEL-11460,2026-07-20,RDR-057,Scooter,Zone A - Central,Evening (16-21),Cloudy,Medium,2.76,0.59,4,30,13.2,0,4.68,30.88,5.0
DEL-11169,2026-07-20,RDR-028,Scooter,Zone B - North,Afternoon (11-16),Cloudy,Low,1.55,1.78,2,35,13.4,0,2.65,25.39,5.0
DEL-11727,2026-07-20,RDR-008,E-Bike,Zone A - Central,Morning (6-11),Clear,Medium,7.35,1.92,1,30,38.3,1,4.43,29.61,3.7
DEL-10881,2026-07-20,RDR-014,Motorbike,Zone E - West,Afternoon (11-16),Clear,Low,1.91,2.27,1,40,14.1,0,4.42,35.78,5.0
DEL-11643,2026-07-20,RDR-032,Motorbike,Zone B - North,Morning (6-11),Clear,Low,6.79,2.05,2,35,17.5,0,15.82,40.94,4.7
DEL-10672,2026-07-20,RDR-040,Scooter,Zone D - East,Afternoon (11-16),Cloudy,Low,2.69,4.51,4,40,16.3,0,4.65,27.64,4.5
DEL-11016,2026-07-20,RDR-029,Scooter,Zone D - East,Morning (6-11),Clear,Low,7.81,1.48,1,40,25.5,0,15.19,36.13,4.8
DEL-10732,2026-07-20,RDR-015,Motorbike,Zone A - Central,Afternoon (11-16),Cloudy,High,3.03,0.6,1,30,12.3,0,6.43,33.83,4.9
DEL-10368,2026-07-20,RDR-021,Scooter,Zone B - North,Evening (16-21),Clear,Medium,6.94,1.95,4,35,30.4,0,12.98,35.6,4.9
DEL-11057,2026-07-20,RDR-027,Scooter,Zone A - Central,Afternoon (11-16),Clear,Low,3.31,3.63,3,30,12.2,0,5.79,32.63,5.0
DEL-10001,2026-07-20,RDR-032,E-Bike,Zone A - Central,Evening (16-21),Cloudy,Low,8.32,5.15,1,30,30.2,1,4.66,38.22,4.2
DEL-11168,2026-07-20,RDR-043,Scooter,Zone D - East,Afternoon (11-16),Clear,Low,2.53,1.95,1,40,5.1,0,4.85,28.1,5.0
DEL-10981,2026-07-20,RDR-001,Motorbike,Zone A - Central,Evening (16-21),Clear,Medium,8.25,1.56,1,30,33.6,1,18.26,42.62,3.3
DEL-10605,2026-07-20,RDR-023,Motorbike,Zone C - South,Afternoon (11-16),Rain,Low,4.05,3.62,1,35,20.9,0,8.85,31.96,4.8
DEL-11973,2026-07-20,RDR-057,Motorbike,Zone D - East,Morning (6-11),Rain,High,7.79,2.52,4,40,54.8,1,17.85,41.85,3.8
DEL-11916,2026-07-20,RDR-039,E-Bike,Zone D - East,Morning (6-11),Rain,Medium,6.66,2.45,1,40,35.6,0,4.05,31.23,5.0
DEL-10831,2026-07-20,RDR-014,Motorbike,Zone D - East,Afternoon (11-16),Cloudy,Low,2.36,1.64,1,40,15.9,0,5.2,32.31,4.8
DEL-10601,2026-07-20,RDR-008,Scooter,Zone A - Central,Evening (16-21),Cloudy,Medium,1.64,5.18,2,30,15.0,0,2.84,27.94,5.0
DEL-11678,2026-07-20,RDR-051,Scooter,Zone D - East,Evening (16-21),Cloudy,Low,4.7,5.68,1,40,18.4,0,8.23,35.49,5.0
DEL-11412,2026-07-20,RDR-029,Scooter,Zone A - Central,Evening (16-21),Cloudy,Low,3.07,1.71,1,30,9.8,0,5.5,33.2,5.0
DEL-10154,2026-07-20,RDR-025,E-Bike,Zone A - Central,Evening (16-21),Clear,Low,4.89,3.6,2,30,21.9,0,3.16,24.88,4.9
DEL-10869,2026-07-20,RDR-010,E-Bike,Zone B - North,Afternoon (11-16),Cloudy,High,2.63,2.11,1,35,23.6,0,1.62,26.29,5.0
DEL-11249,2026-07-20,RDR-042,Motorbike,Zone C - South,Afternoon (11-16),Clear,High,7.3,0.35,3,35,34.7,0,18.0,40.4,5.0
DEL-10853,2026-07-20,RDR-025,E-Bike,Zone E - West,Evening (16-21),Clear,High,1.66,3.27,1,40,12.8,0,1.0,25.7,4.9
DEL-10275,2026-07-20,RDR-060,Motorbike,Zone C - South,Evening (16-21),Clear,Medium,1.77,0.62,1,35,5.7,0,4.17,32.45,4.9
DEL-10555,2026-07-20,RDR-011,Scooter,Zone E - West,Evening (16-21),Clear,Medium,1.06,1.19,2,40,6.7,0,1.87,23.74,5.0
DEL-10430,2026-07-21,RDR-059,Scooter,Zone C - South,Morning (6-11),Cloudy,Medium,3.07,1.01,1,35,26.7,0,5.73,32.05,4.5
DEL-10206,2026-07-21,RDR-033,Scooter,Zone B - North,Morning (6-11),Clear,Low,5.38,1.04,2,35,15.5,0,10.39,32.52,5.0
DEL-10219,2026-07-21,RDR-049,E-Bike,Zone A - Central,Evening (16-21),Clear,Low,4.46,5.77,2,30,16.9,0,2.5,31.41,4.8
DEL-11936,2026-07-21,RDR-053,Scooter,Zone B - North,Afternoon (11-16),Cloudy,Medium,1.28,3.45,2,35,12.7,0,2.52,29.91,5.0
DEL-10458,2026-07-21,RDR-031,Scooter,Zone C - South,Night (21-2),Clear,Low,1.84,0.86,2,35,8.7,0,3.03,28.3,5.0
DEL-10333,2026-07-21,RDR-007,Scooter,Zone D - East,Afternoon (11-16),Cloudy,Medium,4.68,1.31,2,40,19.9,0,9.2,30.65,5.0
DEL-10540,2026-07-21,RDR-013,E-Bike,Zone C - South,Evening (16-21),Clear,Low,1.81,2.74,3,35,5.6,0,1.12,23.9,5.0
DEL-10323,2026-07-21,RDR-009,Scooter,Zone B - North,Afternoon (11-16),Clear,Medium,3.98,2.56,2,35,14.8,0,7.35,35.35,5.0
DEL-10665,2026-07-21,RDR-048,Scooter,Zone B - North,Evening (16-21),Cloudy,High,5.42,1.7,1,35,28.7,0,9.86,34.17,4.9
DEL-11824,2026-07-21,RDR-011,Motorbike,Zone A - Central,Afternoon (11-16),Clear,Medium,4.5,3.27,1,30,19.9,0,11.24,38.11,4.5
DEL-11819,2026-07-21,RDR-013,Scooter,Zone B - North,Afternoon (11-16),Clear,Medium,1.96,2.13,3,35,6.3,0,3.46,25.97,5.0
DEL-10257,2026-07-21,RDR-020,Motorbike,Zone B - North,Night (21-2),Clear,Medium,2.07,1.75,1,35,16.5,0,4.71,23.5,5.0
DEL-11576,2026-07-21,RDR-003,Scooter,Zone A - Central,Evening (16-21),Cloudy,Medium,5.78,1.76,1,30,25.4,0,10.02,35.08,4.8
DEL-11131,2026-07-21,RDR-006,Motorbike,Zone D - East,Evening (16-21),Clear,Medium,3.81,0.77,2,40,18.7,0,8.36,31.82,4.7
DEL-10814,2026-07-21,RDR-059,E-Bike,Zone C - South,Evening (16-21),Cloudy,Medium,5.08,1.36,1,35,27.6,0,3.32,27.44,5.0
DEL-11477,2026-07-21,RDR-042,Motorbike,Zone C - South,Night (21-2),Cloudy,Low,7.54,1.65,3,35,27.4,0,18.71,39.56,5.0
DEL-10965,2026-07-21,RDR-021,Scooter,Zone D - East,Evening (16-21),Clear,Low,7.95,1.89,2,40,20.7,0,15.26,43.56,5.0
DEL-11525,2026-07-21,RDR-031,Scooter,Zone A - Central,Afternoon (11-16),Clear,Medium,2.3,2.06,2,30,9.6,0,3.89,29.34,5.0
DEL-11271,2026-07-21,RDR-022,E-Bike,Zone A - Central,Evening (16-21),Clear,High,6.14,0.86,1,30,36.8,1,3.97,29.29,3.5
DEL-11550,2026-07-21,RDR-008,E-Bike,Zone D - East,Morning (6-11),Clear,High,1.62,3.15,2,40,11.1,0,0.98,27.58,5.0
DEL-11669,2026-07-21,RDR-029,E-Bike,Zone B - North,Evening (16-21),Cloudy,Medium,6.37,4.1,2,35,27.9,0,3.66,25.32,5.0
DEL-11376,2026-07-21,RDR-059,Scooter,Zone D - East,Evening (16-21),Clear,Medium,4.27,4.84,2,40,23.4,0,7.84,32.78,5.0
DEL-11446,2026-07-21,RDR-045,Motorbike,Zone D - East,Night (21-2),Clear,Medium,3.12,0.73,2,40,17.7,0,7.29,34.6,4.7
DEL-11806,2026-07-21,RDR-011,Motorbike,Zone B - North,Evening (16-21),Clear,Medium,2.41,1.38,2,35,9.4,0,6.08,32.01,4.7
DEL-11443,2026-07-21,RDR-053,Scooter,Zone E - West,Afternoon (11-16),Rain,Medium,2.38,2.13,1,40,13.1,0,4.53,28.62,4.8
DEL-10923,2026-07-21,RDR-043,Motorbike,Zone A - Central,Evening (16-21),Rain,Medium,3.87,3.44,1,30,23.1,0,9.42,32.72,4.4
DEL-10264,2026-07-22,RDR-013,E-Bike,Zone C - South,Evening (16-21),Cloudy,High,1.01,0.56,2,35,6.4,0,0.63,26.41,5.0
DEL-10845,2026-07-22,RDR-006,Scooter,Zone B - North,Evening (16-21),Clear,Low,0.89,0.75,4,35,7.5,0,1.66,28.37,4.9
DEL-11837,2026-07-22,RDR-022,Scooter,Zone A - Central,Afternoon (11-16),Clear,Medium,9.03,2.95,1,30,35.4,1,15.17,39.15,3.9
DEL-11466,2026-07-22,RDR-012,E-Bike,Zone B - North,Night (21-2),Cloudy,High,2.11,1.33,2,35,19.7,0,1.33,30.07,5.0
DEL-11856,2026-07-22,RDR-009,Motorbike,Zone B - North,Morning (6-11),Clear,Medium,2.11,3.16,2,35,16.4,0,4.71,27.46,5.0
DEL-10467,2026-07-22,RDR-020,E-Bike,Zone A - Central,Evening (16-21),Clear,Low,6.73,2.13,2,30,20.6,0,4.19,20.89,5.0
DEL-11930,2026-07-22,RDR-004,Motorbike,Zone E - West,Evening (16-21),Clear,High,8.57,3.43,1,40,34.1,0,19.65,50.48,5.0
DEL-10178,2026-07-22,RDR-027,E-Bike,Zone D - East,Morning (6-11),Clear,Low,8.69,6.74,3,40,31.4,0,5.53,32.76,5.0
DEL-10699,2026-07-22,RDR-028,Motorbike,Zone D - East,Evening (16-21),Rain,Low,6.06,1.96,1,40,23.5,0,14.25,40.83,4.9
DEL-11023,2026-07-22,RDR-051,E-Bike,Zone B - North,Afternoon (11-16),Cloudy,High,6.2,2.29,3,35,40.0,1,3.96,28.15,3.8
DEL-10973,2026-07-22,RDR-025,Scooter,Zone D - East,Morning (6-11),Cloudy,Medium,3.56,3.15,2,40,15.0,0,6.56,32.8,4.5
DEL-11527,2026-07-22,RDR-051,Scooter,Zone D - East,Morning (6-11),Clear,Medium,4.79,2.6,1,40,20.9,0,8.47,37.71,4.6
DEL-10733,2026-07-22,RDR-035,Motorbike,Zone E - West,Afternoon (11-16),Rain,Medium,5.62,2.53,1,40,23.3,0,12.44,42.83,4.6
DEL-10021,2026-07-22,RDR-022,Scooter,Zone C - South,Evening (16-21),Clear,High,4.06,2.19,1,35,21.0,0,7.76,35.6,5.0
DEL-10013,2026-07-22,RDR-038,Scooter,Zone A - Central,Afternoon (11-16),Clear,Medium,7.21,2.16,1,30,23.5,0,14.07,38.69,5.0
DEL-10977,2026-07-22,RDR-009,Scooter,Zone A - Central,Evening (16-21),Clear,High,1.9,3.47,2,30,15.9,0,3.36,24.97,5.0
DEL-10537,2026-07-23,RDR-026,Scooter,Zone A - Central,Night (21-2),Clear,High,3.0,1.63,1,30,27.3,0,5.79,22.8,5.0
DEL-10503,2026-07-23,RDR-020,E-Bike,Zone E - West,Night (21-2),Clear,Low,9.02,1.99,2,40,26.9,0,5.11,29.86,4.7
DEL-11347,2026-07-23,RDR-040,Scooter,Zone A - Central,Night (21-2),Clear,Medium,5.94,1.93,3,30,20.3,0,10.41,37.61,4.5
DEL-10199,2026-07-23,RDR-047,Motorbike,Zone B - North,Morning (6-11),Clear,Low,6.12,1.76,1,35,20.8,0,13.52,42.22,5.0
DEL-10451,2026-07-23,RDR-001,Motorbike,Zone E - West,Morning (6-11),Clear,High,4.14,5.48,1,40,18.0,0,9.51,38.14,4.9
DEL-10942,2026-07-23,RDR-016,Motorbike,Zone B - North,Night (21-2),Cloudy,Medium,3.46,6.3,3,35,12.6,0,8.61,32.55,4.8
DEL-10955,2026-07-23,RDR-004,Scooter,Zone D - East,Afternoon (11-16),Cloudy,Medium,5.68,2.68,1,40,26.2,0,9.22,35.58,5.0
DEL-11183,2026-07-23,RDR-008,E-Bike,Zone A - Central,Evening (16-21),Rain,High,4.21,1.57,1,30,30.8,1,2.3,25.99,3.4
DEL-10404,2026-07-23,RDR-002,Scooter,Zone D - East,Afternoon (11-16),Rain,Low,5.1,3.02,1,40,19.7,0,10.02,36.86,5.0
DEL-10615,2026-07-23,RDR-058,E-Bike,Zone A - Central,Night (21-2),Clear,Medium,4.66,2.93,2,30,23.5,0,2.63,27.84,5.0
DEL-10056,2026-07-23,RDR-022,Scooter,Zone B - North,Afternoon (11-16),Cloudy,Medium,6.88,4.39,3,35,31.8,0,11.95,36.62,5.0
DEL-11784,2026-07-23,RDR-023,Motorbike,Zone D - East,Evening (16-21),Clear,High,1.86,7.03,4,40,13.6,0,4.23,40.85,5.0
DEL-11505,2026-07-23,RDR-001,Scooter,Zone C - South,Afternoon (11-16),Clear,High,1.36,0.74,3,35,17.9,0,2.29,28.07,4.6
DEL-10889,2026-07-23,RDR-055,Scooter,Zone E - West,Morning (6-11),Cloudy,Medium,1.44,0.92,1,40,10.3,0,2.37,23.69,4.8
DEL-11122,2026-07-23,RDR-030,E-Bike,Zone A - Central,Evening (16-21),Clear,Medium,5.65,1.05,2,30,26.4,0,3.64,29.37,5.0
DEL-10713,2026-07-23,RDR-043,Scooter,Zone B - North,Afternoon (11-16),Cloudy,High,6.42,3.68,1,35,31.6,0,10.71,33.28,5.0
DEL-11314,2026-07-23,RDR-002,Motorbike,Zone A - Central,Evening (16-21),Clear,Low,5.95,2.55,3,30,16.5,0,12.83,39.13,5.0
DEL-10683,2026-07-23,RDR-038,Motorbike,Zone B - North,Evening (16-21),Clear,Medium,0.95,1.03,1,35,17.9,0,2.3,30.83,4.9
DEL-11322,2026-07-24,RDR-056,E-Bike,Zone D - East,Evening (16-21),Clear,Medium,12.13,3.23,1,40,42.9,1,7.85,30.83,3.6
DEL-10728,2026-07-24,RDR-022,Scooter,Zone A - Central,Afternoon (11-16),Cloudy,High,4.45,3.72,1,30,22.8,0,7.53,42.51,4.7
DEL-11187,2026-07-24,RDR-015,Scooter,Zone B - North,Morning (6-11),Clear,Medium,6.39,0.57,1,35,28.5,0,12.63,37.3,5.0
DEL-11873,2026-07-24,RDR-051,E-Bike,Zone D - East,Morning (6-11),Cloudy,High,1.61,2.61,1,40,17.5,0,1.02,22.53,5.0
DEL-10959,2026-07-24,RDR-041,Motorbike,Zone D - East,Night (21-2),Cloudy,High,6.94,1.25,1,40,27.6,0,14.58,35.85,4.9
DEL-11316,2026-07-24,RDR-027,Motorbike,Zone C - South,Evening (16-21),Clear,Low,3.62,1.61,1,35,17.2,0,8.36,35.46,4.8
DEL-11295,2026-07-24,RDR-059,Scooter,Zone A - Central,Night (21-2),Clear,High,3.04,1.83,1,30,19.4,0,5.6,31.48,4.6
DEL-10958,2026-07-24,RDR-057,Scooter,Zone A - Central,Evening (16-21),Clear,Medium,5.46,2.14,1,30,19.5,0,9.15,35.68,5.0
DEL-10518,2026-07-24,RDR-005,E-Bike,Zone D - East,Afternoon (11-16),Clear,High,5.0,0.99,3,40,25.7,0,2.79,25.58,4.5
DEL-10521,2026-07-24,RDR-028,Scooter,Zone A - Central,Afternoon (11-16),Clear,Low,3.96,1.61,1,30,16.4,0,7.0,34.13,4.6
DEL-11502,2026-07-24,RDR-001,Scooter,Zone E - West,Evening (16-21),Clear,Low,1.85,2.64,1,40,7.6,0,3.5,27.39,5.0
DEL-10330,2026-07-24,RDR-053,Scooter,Zone A - Central,Evening (16-21),Clear,Low,2.45,4.47,1,30,7.4,0,4.78,33.93,4.4
DEL-11608,2026-07-24,RDR-002,Scooter,Zone E - West,Morning (6-11),Clear,Medium,4.89,1.74,1,40,19.5,0,9.05,38.5,4.9
DEL-11080,2026-07-24,RDR-022,Motorbike,Zone D - East,Afternoon (11-16),Clear,Medium,2.29,1.65,1,40,9.3,0,5.28,32.67,5.0
DEL-10155,2026-07-24,RDR-060,Scooter,Zone A - Central,Morning (6-11),Clear,Low,3.52,0.49,2,30,15.0,0,6.82,32.33,5.0
DEL-10913,2026-07-24,RDR-027,Scooter,Zone E - West,Morning (6-11),Clear,Low,3.46,1.37,2,40,21.1,0,6.53,32.3,4.7
DEL-11089,2026-07-24,RDR-008,Scooter,Zone A - Central,Evening (16-21),Clear,Low,5.98,0.86,2,30,20.2,0,10.89,36.25,5.0
DEL-11029,2026-07-25,RDR-038,E-Bike,Zone C - South,Afternoon (11-16),Clear,Low,1.98,0.97,2,35,12.4,0,1.3,28.38,5.0
DEL-11214,2026-07-25,RDR-043,Motorbike,Zone A - Central,Morning (6-11),Clear,Low,5.87,5.69,4,30,15.0,0,12.33,42.34,4.9
DEL-11260,2026-07-25,RDR-002,Scooter,Zone A - Central,Afternoon (11-16),Clear,Low,4.07,1.73,1,30,8.9,0,6.77,28.28,4.7
DEL-10327,2026-07-25,RDR-030,Motorbike,Zone A - Central,Night (21-2),Rain,Medium,4.89,0.61,1,30,25.6,0,10.77,34.72,4.5
DEL-10256,2026-07-25,RDR-024,E-Bike,Zone C - South,Afternoon (11-16),Rain,Medium,1.67,2.1,1,35,15.0,0,1.06,25.49,5.0
DEL-11270,2026-07-25,RDR-009,Motorbike,Zone A - Central,Afternoon (11-16),Clear,Medium,6.71,2.72,1,30,20.4,0,16.11,37.15,5.0
DEL-11999,2026-07-25,RDR-017,Scooter,Zone A - Central,Morning (6-11),Clear,Low,1.24,1.33,1,30,10.1,0,2.17,29.37,4.7
DEL-10205,2026-07-25,RDR-034,Scooter,Zone E - West,Afternoon (11-16),Clear,High,8.01,0.78,1,40,38.7,0,14.27,41.83,4.6
DEL-10783,2026-07-25,RDR-039,Scooter,Zone D - East,Evening (16-21),Clear,Medium,9.06,2.29,4,40,31.7,0,17.68,40.55,5.0
DEL-10794,2026-07-25,RDR-002,Scooter,Zone B - North,Afternoon (11-16),Clear,Medium,6.74,3.4,4,35,20.1,0,11.62,38.15,4.9
DEL-10639,2026-07-25,RDR-050,Scooter,Zone D - East,Evening (16-21),Cloudy,Medium,2.57,1.25,1,40,14.1,0,5.05,27.89,4.6
DEL-11577,2026-07-25,RDR-037,Motorbike,Zone C - South,Evening (16-21),Rain,Medium,2.02,1.2,3,35,14.2,0,5.08,28.8,5.0
DEL-11609,2026-07-25,RDR-047,Motorbike,Zone E - West,Evening (16-21),Clear,Low,8.39,2.73,1,40,18.5,0,19.96,44.46,5.0
DEL-10098,2026-07-25,RDR-055,Scooter,Zone D - East,Afternoon (11-16),Clear,Low,2.76,7.2,1,40,11.2,0,4.83,33.81,4.9
DEL-11448,2026-07-25,RDR-019,E-Bike,Zone C - South,Afternoon (11-16),Clear,Medium,5.48,0.69,4,35,23.6,0,3.17,30.47,5.0
DEL-10151,2026-07-25,RDR-002,Scooter,Zone A - Central,Evening (16-21),Clear,Medium,2.8,1.32,1,30,16.1,0,5.21,28.48,5.0
DEL-11433,2026-07-25,RDR-026,Motorbike,Zone B - North,Afternoon (11-16),Clear,Low,8.91,3.65,1,35,29.4,0,19.86,47.23,5.0
DEL-10983,2026-07-25,RDR-056,Scooter,Zone D - East,Evening (16-21),Cloudy,High,2.16,6.52,2,40,17.0,0,3.77,38.35,5.0
DEL-10182,2026-07-25,RDR-010,E-Bike,Zone A - Central,Morning (6-11),Cloudy,Low,3.74,0.35,2,30,19.7,0,2.35,23.18,5.0
DEL-11741,2026-07-25,RDR-016,Motorbike,Zone D - East,Morning (6-11),Clear,Low,4.22,1.03,3,40,17.2,0,10.0,34.2,4.9
DEL-11384,2026-07-25,RDR-004,Motorbike,Zone A - Central,Evening (16-21),Cloudy,Medium,1.47,2.52,1,30,12.0,0,3.64,28.6,5.0
DEL-10550,2026-07-25,RDR-054,Motorbike,Zone B - North,Night (21-2),Rain,Medium,7.16,2.37,3,35,33.4,0,17.59,46.99,4.4
DEL-11399,2026-07-26,RDR-011,Motorbike,Zone C - South,Morning (6-11),Rain,Low,3.32,1.33,2,35,11.8,0,7.5,32.14,4.8
DEL-10033,2026-07-26,RDR-056,E-Bike,Zone E - West,Morning (6-11),Rain,Low,1.0,1.43,4,40,12.6,0,0.56,25.68,4.7
DEL-11229,2026-07-26,RDR-019,Scooter,Zone A - Central,Evening (16-21),Clear,Medium,2.44,2.31,1,30,13.0,0,4.05,36.76,5.0
DEL-10235,2026-07-26,RDR-047,Motorbike,Zone C - South,Evening (16-21),Clear,High,3.08,3.86,2,35,21.0,0,6.47,29.24,5.0
DEL-11325,2026-07-26,RDR-028,Scooter,Zone D - East,Night (21-2),Clear,Low,4.04,4.31,2,40,20.1,0,6.82,36.46,4.8
DEL-11290,2026-07-26,RDR-040,Scooter,Zone A - Central,Evening (16-21),Clear,Medium,2.48,2.63,2,30,10.3,0,4.38,24.75,5.0
DEL-10115,2026-07-26,RDR-055,E-Bike,Zone A - Central,Afternoon (11-16),Clear,Medium,10.84,2.34,1,30,39.4,1,7.12,33.59,3.3
DEL-11644,2026-07-26,RDR-014,Scooter,Zone D - East,Afternoon (11-16),Clear,Low,5.02,2.95,3,40,19.2,0,8.51,29.36,5.0
DEL-11618,2026-07-26,RDR-005,Motorbike,Zone D - East,Evening (16-21),Clear,High,7.48,3.63,1,40,34.2,0,18.25,39.68,4.9
DEL-10145,2026-07-26,RDR-034,Scooter,Zone D - East,Morning (6-11),Cloudy,Low,9.87,0.72,1,40,29.1,0,18.81,44.61,4.9
DEL-11232,2026-07-26,RDR-059,Scooter,Zone A - Central,Night (21-2),Cloudy,Low,1.48,1.95,1,30,16.1,0,2.8,28.05,5.0
DEL-11953,2026-07-26,RDR-012,Motorbike,Zone A - Central,Afternoon (11-16),Clear,Low,2.05,1.46,2,30,8.8,0,4.32,27.35,5.0
DEL-11813,2026-07-26,RDR-042,Scooter,Zone C - South,Evening (16-21),Clear,Medium,1.52,2.98,1,35,8.4,0,2.68,26.17,5.0
DEL-10658,2026-07-26,RDR-024,Motorbike,Zone A - Central,Morning (6-11),Clear,Low,2.39,3.08,1,30,7.2,0,5.25,30.15,4.7
DEL-11722,2026-07-26,RDR-055,Scooter,Zone E - West,Evening (16-21),Cloudy,Low,1.26,2.37,1,40,13.4,0,2.44,26.2,5.0
DEL-10487,2026-07-26,RDR-030,Scooter,Zone E - West,Evening (16-21),Clear,Medium,4.42,2.6,3,40,14.9,0,7.3,31.09,4.7
DEL-10539,2026-07-26,RDR-025,Scooter,Zone D - East,Night (21-2),Clear,Medium,5.47,6.2,1,40,24.0,0,8.91,31.29,4.7
DEL-11059,2026-07-26,RDR-034,Motorbike,Zone E - West,Morning (6-11),Clear,High,3.82,3.01,2,40,21.5,0,8.78,36.73,5.0
DEL-11180,2026-07-26,RDR-014,E-Bike,Zone A - Central,Afternoon (11-16),Clear,Low,3.18,0.67,1,30,13.7,0,1.97,23.85,5.0
DEL-10425,2026-07-26,RDR-053,Motorbike,Zone E - West,Afternoon (11-16),Clear,Low,1.89,7.7,3,40,6.9,0,4.54,36.29,4.8
DEL-11087,2026-07-26,RDR-038,Scooter,Zone A - Central,Night (21-2),Clear,Medium,6.34,0.38,1,30,26.0,0,12.23,33.75,5.0
DEL-11821,2026-07-26,RDR-005,Scooter,Zone B - North,Evening (16-21),Clear,Medium,3.07,6.6,2,35,24.7,0,5.6,35.34,5.0
DEL-11818,2026-07-26,RDR-018,Motorbike,Zone D - East,Afternoon (11-16),Rain,High,4.66,4.41,1,40,28.5,0,10.92,39.95,4.7
DEL-11097,2026-07-26,RDR-046,Scooter,Zone A - Central,Morning (6-11),Clear,Low,4.04,1.94,2,30,13.6,0,6.94,32.82,4.7
DEL-10483,2026-07-26,RDR-009,Motorbike,Zone A - Central,Night (21-2),Clear,Low,2.26,1.1,1,30,6.8,0,4.82,31.11,5.0
DEL-11754,2026-07-26,RDR-023,E-Bike,Zone A - Central,Afternoon (11-16),Rain,Low,5.31,1.12,1,30,22.8,0,3.47,30.09,4.6
DEL-11836,2026-07-26,RDR-017,Scooter,Zone E - West,Night (21-2),Rain,Medium,1.38,1.96,2,40,15.0,0,2.58,28.34,4.9
DEL-10813,2026-07-26,RDR-052,E-Bike,Zone A - Central,Afternoon (11-16),Clear,High,1.26,3.27,2,30,16.0,0,0.77,27.81,5.0
DEL-10911,2026-07-26,RDR-028,Scooter,Zone A - Central,Evening (16-21),Clear,High,4.42,2.1,2,30,19.8,0,7.65,30.9,5.0
DEL-10906,2026-07-26,RDR-054,E-Bike,Zone E - West,Evening (16-21),Rain,Low,2.51,2.2,1,40,9.9,0,1.41,24.95,4.8
DEL-10568,2026-07-26,RDR-038,E-Bike,Zone D - East,Afternoon (11-16),Clear,Medium,2.06,1.79,2,40,16.1,0,1.23,20.96,5.0
DEL-10801,2026-07-26,RDR-006,Scooter,Zone E - West,Afternoon (11-16),Clear,Low,3.83,2.71,1,40,16.5,0,7.14,28.43,4.9
DEL-10587,2026-07-26,RDR-044,Scooter,Zone D - East,Evening (16-21),Clear,Low,5.9,2.47,2,40,25.9,0,11.46,39.78,4.9
DEL-10919,2026-07-26,RDR-051,Scooter,Zone B - North,Evening (16-21),Clear,Medium,1.54,3.77,2,35,6.2,0,2.93,23.29,4.8
DEL-10356,2026-07-26,RDR-025,Scooter,Zone E - West,Afternoon (11-16),Clear,Medium,2.1,1.37,1,40,11.7,0,3.65,30.29,4.9
DEL-11524,2026-07-27,RDR-034,Motorbike,Zone A - Central,Morning (6-11),Clear,Medium,2.78,0.81,1,30,7.1,0,6.89,31.44,5.0
DEL-11775,2026-07-27,RDR-042,Scooter,Zone E - West,Afternoon (11-16),Clear,Low,7.1,1.4,1,40,21.5,0,11.52,38.94,5.0
DEL-11454,2026-07-27,RDR-057,Scooter,Zone E - West,Night (21-2),Cloudy,High,3.99,3.98,2,40,26.4,0,6.62,31.53,4.9
DEL-11868,2026-07-27,RDR-057,Scooter,Zone C - South,Night (21-2),Cloudy,Medium,3.18,0.76,3,35,12.1,0,5.22,32.42,5.0
DEL-10161,2026-07-27,RDR-054,Motorbike,Zone C - South,Morning (6-11),Clear,Medium,2.32,1.4,1,35,9.2,0,5.53,32.07,5.0
DEL-10795,2026-07-27,RDR-028,E-Bike,Zone C - South,Afternoon (11-16),Clear,Low,14.49,1.17,1,35,38.3,1,8.94,37.13,3.6
DEL-10557,2026-07-27,RDR-012,Scooter,Zone B - North,Evening (16-21),Cloudy,Low,2.76,5.49,3,35,16.1,0,4.96,34.62,5.0
DEL-11388,2026-07-27,RDR-005,E-Bike,Zone A - Central,Afternoon (11-16),Clear,Low,8.18,1.47,4,30,30.7,1,5.12,28.29,4.5
DEL-10047,2026-07-27,RDR-055,Motorbike,Zone D - East,Morning (6-11),Clear,Medium,8.07,0.88,1,40,29.6,0,20.14,49.92,4.9
DEL-11956,2026-07-27,RDR-028,Motorbike,Zone E - West,Evening (16-21),Clear,Medium,5.38,4.11,1,40,17.9,0,12.7,39.6,5.0
DEL-10838,2026-07-27,RDR-036,Motorbike,Zone D - East,Night (21-2),Clear,Low,3.89,2.38,1,40,13.2,0,8.84,35.89,5.0
DEL-11245,2026-07-27,RDR-052,Motorbike,Zone A - Central,Night (21-2),Clear,Low,1.58,1.78,1,30,13.9,0,3.86,25.34,5.0
DEL-10471,2026-07-27,RDR-013,E-Bike,Zone E - West,Afternoon (11-16),Rain,High,6.61,2.41,1,40,52.7,1,3.86,29.51,3.4
DEL-11151,2026-07-27,RDR-032,E-Bike,Zone A - Central,Afternoon (11-16),Clear,Low,4.45,4.64,2,30,22.5,0,2.63,26.93,5.0
DEL-11888,2026-07-27,RDR-019,Motorbike,Zone C - South,Morning (6-11),Cloudy,Medium,4.53,2.29,1,35,25.0,0,11.11,36.21,4.9
DEL-11298,2026-07-27,RDR-040,Motorbike,Zone B - North,Night (21-2),Clear,Medium,3.05,3.9,2,35,14.6,0,6.63,33.13,5.0
DEL-10685,2026-07-27,RDR-007,Motorbike,Zone A - Central,Evening (16-21),Clear,Low,13.37,1.94,1,30,31.2,1,32.2,60.67,4.2
DEL-11296,2026-07-27,RDR-013,Scooter,Zone C - South,Night (21-2),Clear,Low,6.57,1.67,1,35,17.5,0,11.2,35.82,5.0
DEL-11061,2026-07-27,RDR-028,E-Bike,Zone A - Central,Night (21-2),Rain,Medium,4.78,0.8,1,30,32.2,1,2.82,26.03,3.3
DEL-11188,2026-07-27,RDR-007,Scooter,Zone D - East,Night (21-2),Rain,Medium,1.01,1.38,1,40,12.2,0,1.99,24.51,5.0
DEL-11139,2026-07-28,RDR-002,Motorbike,Zone A - Central,Evening (16-21),Rain,Low,1.19,8.33,1,30,7.9,0,2.88,37.54,4.5
DEL-11142,2026-07-28,RDR-008,Motorbike,Zone C - South,Night (21-2),Clear,High,3.59,3.39,4,35,14.9,0,8.47,36.73,4.8
DEL-10582,2026-07-28,RDR-051,Motorbike,Zone C - South,Night (21-2),Cloudy,Medium,2.92,2.8,1,35,14.3,0,6.79,37.22,5.0
DEL-11679,2026-07-28,RDR-019,Motorbike,Zone B - North,Afternoon (11-16),Clear,Low,4.5,3.27,1,35,8.7,0,9.97,33.36,5.0
DEL-10884,2026-07-28,RDR-008,Motorbike,Zone A - Central,Evening (16-21),Clear,High,4.92,0.77,1,30,21.2,0,12.29,39.52,5.0
DEL-10350,2026-07-28,RDR-004,Motorbike,Zone C - South,Evening (16-21),Cloudy,Low,2.47,1.45,1,35,11.3,0,6.23,30.97,4.9
DEL-11685,2026-07-28,RDR-058,E-Bike,Zone C - South,Afternoon (11-16),Cloudy,High,2.03,3.32,2,35,21.4,0,1.14,23.3,4.8
DEL-10842,2026-07-28,RDR-038,Scooter,Zone E - West,Afternoon (11-16),Clear,Low,4.91,0.94,1,40,18.5,0,9.19,34.13,4.8
DEL-11557,2026-07-28,RDR-004,Scooter,Zone C - South,Evening (16-21),Cloudy,Medium,7.78,1.3,1,35,31.0,0,14.92,34.76,5.0
DEL-10561,2026-07-28,RDR-035,Scooter,Zone D - East,Night (21-2),Clear,Medium,2.12,3.1,1,40,9.8,0,3.95,28.78,5.0
DEL-11945,2026-07-28,RDR-019,Motorbike,Zone A - Central,Afternoon (11-16),Clear,Low,3.72,1.65,2,30,10.6,0,8.83,30.67,4.8
DEL-10473,2026-07-28,RDR-002,E-Bike,Zone D - East,Morning (6-11),Clear,High,4.49,1.95,2,40,24.4,0,2.79,24.46,4.9
DEL-11961,2026-07-28,RDR-020,Scooter,Zone B - North,Evening (16-21),Rain,Medium,5.16,2.83,1,35,28.6,0,8.46,33.04,4.9
DEL-10281,2026-07-28,RDR-004,Scooter,Zone B - North,Night (21-2),Cloudy,Medium,3.07,1.31,1,35,12.8,0,5.03,34.89,5.0
DEL-11248,2026-07-28,RDR-015,E-Bike,Zone E - West,Morning (6-11),Clear,Low,2.87,0.64,2,40,10.4,0,1.78,27.57,5.0
DEL-10541,2026-07-28,RDR-033,Motorbike,Zone D - East,Evening (16-21),Clear,High,2.36,1.21,1,40,6.7,0,5.54,31.46,4.8
DEL-11591,2026-07-28,RDR-008,E-Bike,Zone A - Central,Morning (6-11),Clear,High,4.11,3.47,1,30,25.3,0,2.63,26.75,5.0
DEL-10792,2026-07-28,RDR-036,Motorbike,Zone C - South,Morning (6-11),Clear,Medium,6.07,4.37,2,35,17.0,0,13.72,44.04,5.0
DEL-10212,2026-07-28,RDR-023,Motorbike,Zone A - Central,Morning (6-11),Clear,Medium,8.0,5.29,1,30,26.8,0,19.08,44.86,5.0
DEL-11725,2026-07-28,RDR-014,Scooter,Zone E - West,Night (21-2),Cloudy,Low,0.65,1.06,2,40,4.7,0,1.08,24.5,5.0
DEL-11667,2026-07-28,RDR-051,E-Bike,Zone A - Central,Morning (6-11),Cloudy,Medium,6.93,1.43,2,30,30.2,1,4.17,24.34,4.1
DEL-11683,2026-07-28,RDR-002,E-Bike,Zone A - Central,Evening (16-21),Clear,Medium,3.67,1.23,1,30,13.8,0,2.4,23.62,4.8
DEL-10015,2026-07-29,RDR-019,Scooter,Zone B - North,Evening (16-21),Clear,High,4.37,3.33,1,35,21.0,0,8.22,36.89,5.0
DEL-10748,2026-07-29,RDR-008,E-Bike,Zone D - East,Morning (6-11),Clear,High,1.56,1.0,1,40,11.7,0,0.9,24.41,4.8
DEL-11598,2026-07-29,RDR-051,Scooter,Zone B - North,Afternoon (11-16),Cloudy,High,5.5,1.89,1,35,32.0,0,10.57,40.22,5.0
DEL-11486,2026-07-29,RDR-025,Scooter,Zone B - North,Morning (6-11),Clear,Medium,3.32,1.57,2,35,14.1,0,6.44,31.87,4.9
DEL-11602,2026-07-29,RDR-020,Scooter,Zone A - Central,Morning (6-11),Clear,Medium,1.72,2.21,3,30,9.9,0,3.18,30.15,5.0
DEL-11353,2026-07-29,RDR-038,Motorbike,Zone C - South,Morning (6-11),Clear,Medium,3.07,1.22,2,35,12.3,0,7.11,28.26,4.9
DEL-11769,2026-07-29,RDR-007,Scooter,Zone A - Central,Morning (6-11),Rain,Medium,12.06,1.91,2,30,61.0,1,19.9,46.71,3.4
DEL-10390,2026-07-29,RDR-008,E-Bike,Zone B - North,Evening (16-21),Clear,Low,4.98,2.89,2,35,26.7,0,2.7,25.51,5.0
DEL-11661,2026-07-29,RDR-044,Motorbike,Zone C - South,Afternoon (11-16),Clear,Medium,6.74,1.51,2,35,27.9,0,14.68,37.79,4.7
DEL-11255,2026-07-29,RDR-058,Scooter,Zone A - Central,Afternoon (11-16),Clear,Medium,3.84,0.77,2,30,18.6,0,7.13,25.67,5.0
DEL-11898,2026-07-29,RDR-031,Scooter,Zone C - South,Evening (16-21),Rain,Low,6.61,1.62,1,35,29.0,0,12.76,31.98,4.6
DEL-11093,2026-07-29,RDR-046,Motorbike,Zone E - West,Evening (16-21),Clear,Low,2.59,1.19,1,40,12.3,0,5.88,29.34,4.7
DEL-11054,2026-07-29,RDR-036,E-Bike,Zone C - South,Evening (16-21),Clear,Medium,1.86,1.68,2,35,16.1,0,1.1,27.61,5.0
DEL-10234,2026-07-29,RDR-043,Scooter,Zone D - East,Morning (6-11),Clear,Medium,5.78,3.0,1,40,23.2,0,9.8,37.67,4.9
DEL-11877,2026-07-29,RDR-015,Motorbike,Zone E - West,Afternoon (11-16),Cloudy,Medium,2.26,1.99,3,40,12.3,0,5.52,35.63,5.0
DEL-11638,2026-07-29,RDR-057,E-Bike,Zone B - North,Afternoon (11-16),Clear,Low,8.65,0.6,2,35,33.5,0,5.59,32.61,5.0
DEL-10174,2026-07-29,RDR-032,Motorbike,Zone A - Central,Evening (16-21),Rain,Medium,2.14,3.2,1,30,9.1,0,4.5,32.78,5.0
DEL-11743,2026-07-29,RDR-030,Scooter,Zone A - Central,Evening (16-21),Rain,Medium,4.72,4.02,1,30,20.5,0,8.25,33.74,4.6
DEL-11861,2026-07-29,RDR-031,Motorbike,Zone C - South,Evening (16-21),Clear,Low,5.34,4.0,2,35,16.0,0,13.16,37.53,4.6
DEL-10887,2026-07-29,RDR-054,Scooter,Zone B - North,Evening (16-21),Cloudy,Medium,5.38,4.14,1,35,26.3,0,9.97,32.99,5.0
DEL-10112,2026-07-29,RDR-025,E-Bike,Zone A - Central,Night (21-2),Clear,High,3.99,1.76,1,30,22.7,0,2.45,26.08,5.0
DEL-10111,2026-07-29,RDR-005,Scooter,Zone A - Central,Afternoon (11-16),Clear,Medium,2.46,2.03,2,30,11.7,0,4.33,28.25,4.8
DEL-11977,2026-07-29,RDR-054,Scooter,Zone C - South,Evening (16-21),Clear,High,4.9,2.3,2,35,27.2,0,8.26,31.82,5.0
DEL-11156,2026-07-29,RDR-054,Scooter,Zone E - West,Night (21-2),Clear,Medium,1.91,4.5,3,40,5.7,0,3.57,29.3,5.0
