EmployeeID,Age,Gender,Department,JobRole,EducationField,MaritalStatus,BusinessTravel,MonthlyIncome,YearsAtCompany,YearsInCurrentRole,DistanceFromHome,OverTime,JobSatisfaction,WorkLifeBalance,PerformanceRating,NumCompaniesWorked,TrainingTimesLastYear,Attrition
1,41,Male,Research & Development,Research Scientist,Technical Degree,Single,Travel_Rarely,4945.0,4,2,1.0,No,2,2.0,3,0,2,Yes
2,32,Male,Sales,Manager,Medical,Married,Travel_Rarely,8188.0,14,6,1.0,No,3,3.0,3,3,3,No
3,26,Male,Sales,Sales Representative,Human Resources,Single,Travel_Frequently,6118.0,7,4,1.0,No,1,4.0,3,4,7,No
4,42,Female,Research & Development,Research Director,Marketing,Single,Travel_Rarely,4376.0,7,5,20.0,No,4,4.0,3,1,4,No
5,35,Female,Research & Development,Manufacturing Director,Technical Degree,Divorced,Travel_Rarely,3270.0,1,0,5.0,No,4,2.0,3,3,4,Yes
6,43,Male,Research & Development,Research Director,Life Sciences,Married,Non-Travel,5754.0,1,0,1.0,No,2,2.0,3,3,1,Yes
7,27,Female,Research & Development,Manufacturing Director,Other,Married,Travel_Rarely,3025.0,0,0,5.0,Yes,2,4.0,3,1,4,Yes
8,37,Male,Sales,Sales Executive,Other,Married,Travel_Rarely,3060.0,5,4,3.0,Yes,4,4.0,3,2,4,No
9,34,Male,Research & Development,Research Scientist,Other,Divorced,Travel_Frequently,7429.0,11,10,8.0,No,2,3.0,4,3,3,No
10,26,Female,Research & Development,Manufacturing Director,Life Sciences,Divorced,Travel_Rarely,9697.0,6,2,3.0,No,3,4.0,3,1,2,No
11,34,Male,Research & Development,Research Scientist,Life Sciences,Single,Travel_Rarely,16170.0,1,0,2.0,Yes,3,2.0,4,3,6,No
12,26,Male,Research & Development,Research Director,Life Sciences,Married,Travel_Rarely,11513.0,1,0,3.0,No,1,3.0,3,2,1,Yes
13,26,Male,Sales,Manager,Other,Single,Travel_Rarely,1247.0,0,0,1.0,No,3,2.0,3,0,0,No
14,47,Female,Sales,Sales Executive,Medical,Divorced,Travel_Frequently,6120.0,1,0,9.0,Yes,1,4.0,3,0,3,Yes
15,23,Male,Sales,Sales Executive,Human Resources,Single,Non-Travel,5299.0,0,0,21.0,No,3,3.0,3,1,2,No
16,32,Male,Research & Development,Research Director,Human Resources,Married,Travel_Frequently,10788.0,3,2,1.0,No,4,2.0,1,8,3,No
17,29,Male,Human Resources,HR Manager,Life Sciences,Divorced,Travel_Rarely,4352.0,2,0,7.0,No,4,3.0,3,2,3,No
18,31,Female,Research & Development,Research Scientist,Marketing,Married,Non-Travel,7989.0,1,0,16.0,No,2,3.0,3,2,2,Yes
19,35,Male,Sales,Sales Representative,Marketing,Divorced,Travel_Rarely,14036.0,3,1,1.0,No,3,2.0,4,3,1,Yes
20,37,Male,Research & Development,Research Director,Marketing,Single,Travel_Rarely,7010.0,2,0,5.0,No,1,3.0,3,5,3,Yes
21,39,Female,Research & Development,Laboratory Technician,Human Resources,Single,Travel_Frequently,4504.0,6,4,26.0,No,2,4.0,3,1,1,Yes
22,57,Male,Research & Development,Research Scientist,Medical,Single,Travel_Rarely,8671.0,5,3,7.0,No,4,1.0,3,4,2,No
23,45,Female,Sales,Sales Executive,Life Sciences,Married,Travel_Rarely,5230.0,5,2,19.0,No,4,3.0,3,3,0,No
24,35,Male,Research & Development,Research Scientist,Life Sciences,Married,Non-Travel,11132.0,2,0,1.0,No,4,4.0,4,5,3,Yes
25,38,Male,Research & Development,Laboratory Technician,Other,Married,Travel_Rarely,13279.0,9,6,6.0,No,3,2.0,2,3,1,Yes
26,50,Male,Research & Development,Research Scientist,Marketing,Married,Travel_Rarely,7059.0,2,1,15.0,No,1,4.0,3,3,2,No
27,32,Male,Research & Development,Research Director,Life Sciences,Married,Travel_Frequently,4442.0,11,6,8.0,Yes,2,1.0,2,1,1,Yes
28,41,Male,Sales,Sales Representative,Medical,Married,Non-Travel,10716.0,0,0,20.0,Yes,2,4.0,3,1,3,Yes
29,33,Female,Research & Development,Laboratory Technician,Technical Degree,Married,Travel_Rarely,9956.0,2,0,10.0,Yes,3,3.0,2,2,3,No
30,43,Male,Sales,Sales Executive,Life Sciences,Single,Travel_Rarely,6087.0,4,1,5.0,No,4,1.0,3,3,1,No
31,44,Male,Sales,Sales Representative,Life Sciences,Married,Travel_Rarely,7008.0,0,0,5.0,No,4,3.0,3,2,4,Yes
32,21,Female,Research & Development,Manufacturing Director,Other,Married,Travel_Rarely,11295.0,3,2,6.0,Yes,4,1.0,2,0,1,No
33,32,Male,Human Resources,HR Manager,Other,Divorced,Travel_Rarely,4103.0,13,10,1.0,No,4,3.0,3,2,5,No
34,34,Male,Research & Development,Research Scientist,Life Sciences,Married,Travel_Rarely,9830.0,3,2,7.0,Yes,4,3.0,3,2,3,Yes
35,33,Male,Research & Development,Research Scientist,Marketing,Divorced,Travel_Rarely,10601.0,8,3,14.0,Yes,3,3.0,2,3,3,No
36,39,Female,Sales,Manager,Human Resources,Single,Travel_Rarely,3010.0,3,2,1.0,No,4,3.0,3,3,6,No
37,21,Male,Sales,Manager,Marketing,Single,Travel_Rarely,11853.0,0,0,12.0,Yes,2,3.0,3,3,2,Yes
38,53,Female,Sales,Sales Executive,Human Resources,Married,Travel_Rarely,10442.0,0,0,1.0,No,1,3.0,2,3,3,No
39,49,Male,Sales,Manager,Technical Degree,Divorced,Travel_Frequently,1000.0,2,1,6.0,Yes,2,4.0,4,2,1,Yes
40,37,Male,Sales,Manager,Life Sciences,Single,Non-Travel,6043.0,0,0,2.0,Yes,2,3.0,4,3,2,Yes
41,39,Male,Research & Development,Laboratory Technician,Marketing,Divorced,Travel_Rarely,9417.0,2,1,3.0,Yes,4,3.0,3,2,3,Yes
42,24,Male,Sales,Sales Representative,Medical,Single,Travel_Rarely,9101.0,0,0,30.0,No,2,2.0,1,2,4,Yes
43,27,Male,Sales,Sales Executive,Technical Degree,Married,Travel_Rarely,9636.0,9,5,3.0,No,1,2.0,3,1,2,Yes
44,36,Male,Research & Development,Laboratory Technician,Medical,Divorced,Travel_Rarely,2733.0,1,0,1.0,No,4,4.0,2,3,4,No
45,42,Female,Research & Development,Research Director,Life Sciences,Single,Travel_Rarely,10485.0,3,1,25.0,No,3,3.0,3,5,1,Yes
46,35,Female,Research & Development,Research Scientist,Life Sciences,Married,Travel_Rarely,6260.0,2,1,10.0,Yes,3,3.0,3,3,4,No
47,37,Female,Research & Development,Research Director,Other,Single,Travel_Frequently,12179.0,13,11,30.0,No,4,3.0,3,5,2,No
48,36,Male,Sales,Sales Executive,Medical,Single,Travel_Rarely,7619.0,2,1,1.0,No,4,1.0,3,4,5,No
49,49,Male,Research & Development,Research Scientist,Life Sciences,Single,Travel_Frequently,5252.0,5,2,13.0,Yes,2,3.0,3,1,2,Yes
50,35,Female,Human Resources,Human Resources,Medical,Married,Travel_Frequently,4005.0,2,0,10.0,No,1,2.0,3,0,5,No
51,44,Male,Research & Development,Research Director,Other,Divorced,Non-Travel,9025.0,5,3,7.0,No,2,4.0,4,0,2,No
52,44,Female,Sales,Sales Representative,Marketing,Single,Travel_Rarely,4137.0,19,14,2.0,No,3,3.0,2,5,3,No
53,31,Female,Sales,Manager,Life Sciences,Single,Travel_Rarely,16404.0,5,3,3.0,Yes,4,3.0,3,1,3,Yes
54,32,Male,Sales,Sales Representative,Technical Degree,Married,Travel_Frequently,6758.0,10,9,1.0,No,4,4.0,4,3,5,No
55,51,Male,Research & Development,Manufacturing Director,Life Sciences,Single,Travel_Rarely,1000.0,0,0,2.0,No,4,2.0,3,0,3,Yes
56,34,Male,Research & Development,Research Director,Life Sciences,Single,Travel_Rarely,6411.0,0,0,5.0,No,2,3.0,4,1,1,No
57,35,Female,Sales,Sales Executive,Life Sciences,Divorced,Travel_Rarely,6744.0,1,0,1.0,No,1,1.0,3,1,3,Yes
58,53,Male,Research & Development,Manufacturing Director,Other,Married,Travel_Rarely,9252.0,10,7,12.0,No,4,1.0,4,4,1,No
59,27,Female,Sales,Sales Representative,Life Sciences,Divorced,Travel_Rarely,5697.0,7,5,5.0,No,4,2.0,4,4,0,No
60,25,Female,Research & Development,Research Scientist,Marketing,Married,Travel_Rarely,2424.0,7,2,16.0,No,3,3.0,3,4,4,No
61,39,Male,Research & Development,Laboratory Technician,Technical Degree,Single,Travel_Frequently,5929.0,3,1,16.0,No,3,3.0,3,1,3,No
62,31,Male,Sales,Sales Representative,Technical Degree,Single,Non-Travel,1000.0,5,2,4.0,No,4,2.0,3,2,6,No
63,31,Male,Sales,Manager,Marketing,Married,Travel_Rarely,4621.0,0,0,7.0,No,3,3.0,3,0,3,Yes
64,42,Male,Sales,Sales Representative,Human Resources,Married,Travel_Rarely,5363.0,17,6,8.0,No,4,2.0,3,7,5,No
65,46,Female,Sales,Sales Executive,Life Sciences,Married,Travel_Rarely,6666.0,7,4,10.0,No,3,2.0,3,5,1,No
66,18,Female,Research & Development,Research Scientist,Technical Degree,Married,Travel_Rarely,12689.0,0,0,1.0,No,4,3.0,3,4,2,No
67,34,Male,Human Resources,Human Resources,Other,Married,Travel_Rarely,16404.0,11,3,24.0,No,3,2.0,3,1,6,Yes
68,39,Male,Sales,Manager,Other,Divorced,Travel_Frequently,8031.0,1,0,12.0,Yes,4,3.0,2,3,0,Yes
69,43,Male,Research & Development,Laboratory Technician,Technical Degree,Divorced,Travel_Rarely,6661.0,7,4,2.0,No,4,4.0,3,3,1,Yes
70,42,Female,Research & Development,Research Director,Human Resources,Single,Non-Travel,2485.0,1,0,1.0,Yes,2,3.0,3,3,3,Yes
71,47,Female,Sales,Manager,Technical Degree,Married,Travel_Rarely,1369.0,2,1,8.0,Yes,3,3.0,3,2,1,Yes
72,28,Male,Sales,Sales Representative,Life Sciences,Married,Travel_Rarely,9152.0,3,1,4.0,No,2,3.0,3,3,6,Yes
73,29,Female,Sales,Manager,Life Sciences,Divorced,Travel_Frequently,1840.0,0,0,6.0,No,3,3.0,3,5,3,Yes
74,43,Male,Sales,Sales Executive,Human Resources,Married,Travel_Frequently,7520.0,4,2,3.0,No,1,4.0,3,4,2,No
75,43,Male,Research & Development,Laboratory Technician,Human Resources,Single,Travel_Rarely,4893.0,0,0,7.0,No,3,3.0,3,2,3,No
76,30,Male,Sales,Manager,Other,Married,Non-Travel,4048.0,1,0,8.0,No,4,3.0,3,3,3,No
77,23,Male,Sales,Manager,Medical,Married,Travel_Rarely,10865.0,5,3,1.0,Yes,1,3.0,3,3,2,Yes
78,41,Male,Research & Development,Research Scientist,Technical Degree,Married,Travel_Rarely,8283.0,8,2,2.0,No,2,3.0,3,3,3,Yes
79,35,Female,Research & Development,Research Scientist,Medical,Single,Non-Travel,6829.0,0,0,3.0,No,4,4.0,4,3,1,No
80,35,Male,Research & Development,Research Scientist,Life Sciences,Divorced,Travel_Rarely,8489.0,16,10,18.0,No,1,3.0,2,4,0,No
81,32,Male,Research & Development,Research Scientist,Marketing,Married,Travel_Rarely,5788.0,13,10,5.0,Yes,4,3.0,3,3,4,No
82,40,Male,Research & Development,Laboratory Technician,Life Sciences,Married,Travel_Frequently,5420.0,8,3,5.0,No,4,3.0,3,3,4,No
83,39,Male,Research & Development,Laboratory Technician,Marketing,Married,Travel_Frequently,2498.0,6,4,1.0,No,4,3.0,1,1,3,No
84,52,Female,Sales,Manager,Medical,Married,Travel_Rarely,6601.0,10,7,3.0,No,4,1.0,3,2,3,No
85,28,Female,Research & Development,Manufacturing Director,Technical Degree,Married,Travel_Frequently,8600.0,5,4,30.0,Yes,4,3.0,3,2,1,No
86,25,Female,Research & Development,Research Director,Marketing,Married,Travel_Frequently,7194.0,5,4,11.0,No,4,2.0,3,3,4,Yes
87,38,Male,Research & Development,Laboratory Technician,Technical Degree,Single,Non-Travel,8261.0,4,1,18.0,No,4,1.0,2,1,3,Yes
88,45,Female,Research & Development,Laboratory Technician,Marketing,Divorced,Travel_Rarely,3988.0,2,1,1.0,No,1,1.0,4,1,3,Yes
89,36,Male,Research & Development,Research Director,Other,Married,Travel_Rarely,16404.0,18,7,10.0,Yes,2,2.0,4,2,2,No
90,39,Female,Research & Development,Research Scientist,Marketing,Married,Non-Travel,12102.0,4,1,15.0,No,1,3.0,3,2,3,Yes
91,47,Male,Sales,Sales Representative,Technical Degree,Married,Travel_Rarely,4260.0,3,1,16.0,No,4,2.0,3,2,1,No
92,35,Male,Research & Development,Laboratory Technician,Marketing,Married,Travel_Frequently,3579.0,1,0,1.0,No,4,2.0,3,3,2,No
93,28,Female,Research & Development,Manufacturing Director,Life Sciences,Single,Non-Travel,8282.0,2,1,1.0,No,4,3.0,4,4,3,No
94,40,Female,Research & Development,Manufacturing Director,Human Resources,Married,Travel_Frequently,6666.0,8,5,9.0,No,3,4.0,3,3,3,No
95,23,Male,Research & Development,Manufacturing Director,Marketing,Married,Travel_Rarely,11603.0,5,3,30.0,No,1,3.0,3,1,2,Yes
96,50,Male,Sales,Sales Executive,Other,Divorced,Travel_Rarely,6345.0,11,5,13.0,Yes,4,3.0,4,0,2,No
97,35,Male,Sales,Sales Executive,Life Sciences,Single,Non-Travel,9325.0,9,4,19.0,No,4,3.0,4,3,3,Yes
98,43,Male,Research & Development,Manufacturing Director,Human Resources,Single,Travel_Frequently,3999.0,4,1,16.0,No,2,2.0,4,3,3,Yes
99,26,Female,Sales,Sales Executive,Marketing,Married,Travel_Rarely,6415.0,2,0,1.0,No,3,3.0,3,2,3,Yes
100,37,Male,Sales,Sales Executive,Marketing,Divorced,Travel_Rarely,6506.0,11,5,5.0,No,3,3.0,3,3,1,No
101,40,Male,Sales,Sales Representative,Life Sciences,Divorced,Travel_Rarely,6168.0,2,0,7.0,Yes,2,3.0,4,3,2,No
102,38,Male,Sales,Sales Representative,Medical,Married,Travel_Rarely,5098.0,5,1,3.0,No,3,2.0,3,1,1,No
103,34,Female,Sales,Sales Representative,Life Sciences,Single,Travel_Rarely,6139.0,5,4,6.0,No,4,4.0,3,2,4,No
104,46,Female,Sales,Sales Executive,Technical Degree,Single,Travel_Rarely,4452.0,2,1,13.0,No,4,3.0,3,4,2,No
105,24,Male,Research & Development,Laboratory Technician,Marketing,Married,Travel_Rarely,10746.0,0,0,2.0,No,3,3.0,3,3,1,Yes
106,34,Male,Human Resources,Human Resources,Life Sciences,Married,Travel_Rarely,12245.0,1,0,1.0,No,2,4.0,3,5,2,No
107,29,Male,Research & Development,Laboratory Technician,Medical,Married,Travel_Rarely,4327.0,0,0,2.0,No,3,2.0,3,1,6,No
108,39,Female,Research & Development,Laboratory Technician,Life Sciences,Married,Travel_Rarely,8586.0,3,2,1.0,No,1,3.0,3,3,5,No
109,47,Female,Research & Development,Research Scientist,Other,Married,Travel_Rarely,6370.0,7,4,24.0,Yes,1,4.0,3,2,5,Yes
110,47,Female,Sales,Sales Representative,Human Resources,Married,Travel_Rarely,3912.0,3,2,30.0,Yes,4,1.0,1,0,2,No
111,34,Female,Research & Development,Laboratory Technician,Life Sciences,Married,Travel_Rarely,4346.0,6,2,9.0,Yes,2,3.0,3,2,2,Yes
112,27,Male,Sales,Sales Executive,Other,Married,Travel_Frequently,10077.0,9,5,2.0,Yes,2,1.0,3,3,3,Yes
113,44,Male,Research & Development,Laboratory Technician,Technical Degree,Married,Travel_Rarely,9658.0,8,5,5.0,Yes,4,2.0,3,1,1,No
114,34,Female,Research & Development,Laboratory Technician,Medical,Single,Travel_Rarely,8393.0,9,2,2.0,No,2,2.0,3,2,6,No
115,41,Male,Research & Development,Manufacturing Director,Medical,Married,Travel_Rarely,4392.0,5,4,5.0,No,4,2.0,2,2,4,No
116,39,Male,Sales,Sales Executive,Other,Single,Travel_Frequently,7701.0,1,0,5.0,No,2,3.0,3,1,4,Yes
117,39,Male,Sales,Sales Representative,Human Resources,Married,Travel_Frequently,11679.0,0,0,2.0,No,4,3.0,4,0,3,No
118,33,Male,Sales,Manager,Marketing,Divorced,Travel_Rarely,6673.0,9,6,1.0,No,3,2.0,3,3,6,Yes
119,39,Male,Sales,Manager,Human Resources,Divorced,Travel_Rarely,7624.0,4,2,1.0,No,3,4.0,3,5,5,No
120,35,Male,Sales,Sales Executive,Life Sciences,Married,Non-Travel,8857.0,6,4,1.0,No,4,4.0,3,1,3,No
121,35,Male,Research & Development,Laboratory Technician,Human Resources,Married,Travel_Rarely,2500.0,4,3,5.0,No,4,2.0,4,3,5,No
122,41,Male,Human Resources,HR Manager,Technical Degree,Single,Travel_Rarely,9457.0,2,1,4.0,No,4,3.0,4,2,8,No
123,31,Male,Research & Development,Research Director,Marketing,Divorced,Travel_Rarely,9312.0,1,0,18.0,Yes,4,2.0,4,4,1,Yes
124,49,Male,Sales,Sales Executive,Human Resources,Married,Travel_Rarely,2293.0,1,0,20.0,Yes,3,2.0,2,0,2,Yes
125,28,Female,Sales,Manager,Life Sciences,Married,Travel_Rarely,3343.0,10,9,17.0,No,4,3.0,3,2,2,Yes
126,32,Female,Sales,Manager,Life Sciences,Single,Travel_Rarely,10602.0,5,4,8.0,Yes,4,3.0,3,1,2,Yes
127,27,Male,Sales,Sales Executive,Marketing,Divorced,Travel_Rarely,3878.0,0,0,27.0,Yes,4,3.0,3,2,3,No
128,31,Female,Research & Development,Research Director,Life Sciences,Married,Travel_Rarely,7750.0,3,2,1.0,No,3,4.0,2,2,2,No
129,34,Female,Sales,Manager,Technical Degree,Married,Non-Travel,14583.0,12,9,10.0,No,2,4.0,3,4,5,Yes
130,37,Female,Research & Development,Laboratory Technician,Other,Married,Travel_Rarely,16404.0,6,4,6.0,No,2,3.0,2,6,4,No
131,21,Female,Sales,Sales Executive,Technical Degree,Divorced,Travel_Rarely,8080.0,1,0,7.0,No,4,3.0,2,3,1,Yes
132,33,Female,Research & Development,Research Director,Marketing,Married,Travel_Rarely,7560.0,1,0,4.0,No,1,3.0,3,2,4,No
133,37,Male,Research & Development,Laboratory Technician,Technical Degree,Single,Non-Travel,7885.0,0,0,24.0,No,1,3.0,3,2,5,Yes
134,35,Male,Research & Development,Research Scientist,Other,Married,Travel_Frequently,8068.0,4,3,9.0,No,1,3.0,3,4,3,No
135,52,Male,Research & Development,Research Director,Human Resources,Single,Travel_Frequently,4776.0,0,0,7.0,No,2,3.0,2,3,1,Yes
136,31,Male,Sales,Sales Executive,Technical Degree,Divorced,Travel_Frequently,9287.0,13,11,13.0,No,4,3.0,3,4,4,No
137,44,Male,Research & Development,Laboratory Technician,Other,Single,Travel_Rarely,3239.0,2,1,8.0,No,1,4.0,3,1,2,No
138,30,Female,Sales,Sales Executive,Life Sciences,Married,Travel_Rarely,4776.0,0,0,5.0,No,4,4.0,3,1,2,No
139,35,Male,Sales,Manager,Human Resources,Married,Travel_Rarely,7947.0,2,1,22.0,No,1,3.0,3,3,5,No
140,38,Female,Research & Development,Manufacturing Director,Other,Single,Travel_Rarely,12606.0,0,0,1.0,Yes,4,2.0,3,1,3,Yes
141,22,Female,Human Resources,Human Resources,Medical,Married,Travel_Rarely,1000.0,3,2,9.0,Yes,3,3.0,4,2,2,No
142,34,Female,Research & Development,Manufacturing Director,Life Sciences,Married,Travel_Rarely,7374.0,7,2,5.0,No,3,3.0,3,0,6,No
143,35,Male,Research & Development,Manufacturing Director,Medical,Married,Travel_Frequently,5256.0,8,7,1.0,Yes,4,3.0,3,1,1,No
144,31,Male,Sales,Manager,Life Sciences,Single,Travel_Rarely,2636.0,2,0,3.0,No,4,3.0,3,0,3,No
145,43,Male,Research & Development,Laboratory Technician,Medical,Married,Travel_Rarely,10461.0,8,5,1.0,No,3,3.0,2,5,4,No
146,33,Female,Sales,Sales Executive,Technical Degree,Married,Travel_Rarely,3230.0,11,7,5.0,Yes,4,3.0,3,4,3,No
147,41,Male,Sales,Sales Executive,Medical,Divorced,Travel_Rarely,9739.0,7,3,1.0,No,3,3.0,2,1,3,No
148,32,Male,Research & Development,Manufacturing Director,Technical Degree,Divorced,Travel_Frequently,9356.0,4,1,1.0,No,2,3.0,3,3,1,Yes
149,42,Male,Sales,Sales Executive,Marketing,Divorced,Travel_Rarely,12201.0,7,2,14.0,No,3,3.0,4,5,2,No
150,47,Male,Human Resources,HR Manager,Marketing,Married,Travel_Rarely,6885.0,3,2,5.0,No,4,3.0,4,2,0,No
151,24,Male,Research & Development,Research Director,Life Sciences,Married,Travel_Rarely,5137.0,0,0,4.0,No,1,3.0,2,1,8,Yes
152,38,Male,Sales,Sales Representative,Technical Degree,Married,Travel_Rarely,7306.0,10,9,8.0,Yes,4,4.0,3,4,5,No
153,35,Male,Research & Development,Research Scientist,Other,Single,Travel_Frequently,3886.0,0,0,2.0,No,2,2.0,2,4,3,Yes
154,44,Female,Sales,Sales Executive,Medical,Married,Travel_Rarely,11751.0,0,0,12.0,No,2,1.0,3,5,2,Yes
155,50,Female,Research & Development,Manufacturing Director,Other,Divorced,Travel_Frequently,9852.0,14,4,5.0,No,4,3.0,3,1,3,No
156,56,Male,Research & Development,Research Director,Human Resources,Married,Travel_Rarely,6093.0,1,0,3.0,No,1,3.0,3,1,2,No
157,30,Female,Sales,Sales Representative,Medical,Divorced,Travel_Rarely,6293.0,4,3,12.0,Yes,4,2.0,3,2,0,Yes
158,31,Male,Research & Development,Manufacturing Director,Other,Divorced,Travel_Rarely,3402.0,1,0,23.0,No,4,3.0,3,0,7,Yes
159,43,Male,Sales,Manager,Life Sciences,Married,Travel_Frequently,7703.0,3,1,1.0,Yes,3,3.0,3,1,2,No
160,32,Male,Research & Development,Manufacturing Director,Marketing,Married,Travel_Rarely,11800.0,6,2,11.0,Yes,4,3.0,4,1,0,No
161,47,Male,Sales,Manager,Other,Single,Travel_Rarely,13209.0,5,2,2.0,No,3,3.0,3,4,3,No
162,24,Male,Research & Development,Manufacturing Director,Life Sciences,Married,Travel_Rarely,5739.0,0,0,9.0,Yes,2,3.0,4,1,0,No
163,46,Male,Research & Development,Laboratory Technician,Human Resources,Married,Travel_Rarely,6250.0,1,0,15.0,No,4,2.0,3,1,5,Yes
164,47,Male,Research & Development,Laboratory Technician,Human Resources,Single,Non-Travel,13177.0,2,1,1.0,Yes,1,3.0,2,4,2,Yes
165,38,Male,Research & Development,Research Scientist,Technical Degree,Single,Travel_Rarely,5021.0,6,1,8.0,No,1,2.0,3,4,3,No
166,20,Female,Research & Development,Research Scientist,Human Resources,Married,Travel_Rarely,10400.0,2,1,5.0,No,3,4.0,3,1,3,No
167,32,Male,Sales,Sales Representative,Marketing,Single,Travel_Rarely,7589.0,2,1,5.0,No,2,3.0,3,3,3,No
168,31,Male,Research & Development,Research Director,Other,Single,Travel_Rarely,1647.0,11,10,4.0,No,3,3.0,3,1,1,No
169,40,Male,Sales,Manager,Medical,Divorced,Travel_Rarely,7554.0,13,12,8.0,No,3,3.0,3,4,5,No
170,38,Female,Research & Development,Research Director,Other,Married,Travel_Rarely,11167.0,8,6,9.0,No,2,2.0,4,2,5,Yes
171,36,Female,Research & Development,Manufacturing Director,Life Sciences,Single,Non-Travel,1000.0,12,10,1.0,No,3,3.0,3,3,1,No
172,31,Male,Sales,Sales Representative,Marketing,Married,Travel_Rarely,7306.0,0,0,3.0,Yes,3,1.0,3,1,4,Yes
173,40,Male,Sales,Sales Executive,Technical Degree,Married,Travel_Rarely,8295.0,1,0,13.0,No,1,3.0,3,1,2,No
174,48,Male,Research & Development,Research Scientist,Human Resources,Married,Travel_Frequently,8646.0,7,2,1.0,Yes,3,3.0,3,0,0,No
175,27,Male,Sales,Manager,Medical,Married,Travel_Rarely,4166.0,2,0,8.0,No,4,4.0,3,2,2,No
176,46,Male,Research & Development,Manufacturing Director,Medical,Single,Travel_Rarely,7433.0,1,0,7.0,No,3,2.0,3,5,1,Yes
177,30,Female,Research & Development,Research Scientist,Life Sciences,Divorced,Travel_Rarely,10905.0,10,3,1.0,No,4,4.0,3,5,2,No
178,39,Female,Sales,Sales Representative,Technical Degree,Married,Travel_Rarely,4392.0,9,2,10.0,No,3,4.0,3,1,1,No
179,38,Female,Research & Development,Laboratory Technician,Life Sciences,Divorced,Travel_Frequently,6770.0,0,0,6.0,No,3,1.0,2,3,2,Yes
180,35,Male,Research & Development,Research Director,Life Sciences,Married,Travel_Rarely,7384.0,0,0,1.0,No,3,3.0,1,4,1,No
181,33,Male,Research & Development,Research Director,Life Sciences,Married,Travel_Rarely,7468.0,0,0,3.0,Yes,1,3.0,4,3,3,Yes
182,49,Female,Research & Development,Laboratory Technician,Technical Degree,Married,Travel_Rarely,1000.0,10,9,6.0,No,2,2.0,3,3,2,Yes
183,26,Male,Human Resources,Human Resources,Marketing,Divorced,Travel_Frequently,8073.0,0,0,4.0,No,4,2.0,2,2,2,Yes
184,54,Male,Sales,Sales Representative,Life Sciences,Divorced,Travel_Frequently,6581.0,1,0,7.0,No,4,3.0,3,3,4,No
185,34,Male,Research & Development,Research Director,Other,Married,Travel_Rarely,12367.0,2,1,2.0,Yes,3,4.0,3,0,2,No
186,35,Male,Research & Development,Laboratory Technician,Life Sciences,Single,Travel_Rarely,10159.0,2,1,4.0,No,1,4.0,4,3,3,No
187,56,Male,Research & Development,Research Director,Life Sciences,Married,Travel_Rarely,12166.0,10,7,3.0,No,3,1.0,3,3,2,No
188,57,Male,Sales,Sales Representative,Human Resources,Divorced,Travel_Rarely,6284.0,8,6,2.0,No,1,4.0,4,2,5,No
189,30,Male,Sales,Sales Executive,Other,Married,Travel_Rarely,5389.0,2,1,3.0,Yes,3,3.0,3,2,6,Yes
190,24,Male,Research & Development,Manufacturing Director,Life Sciences,Single,Travel_Rarely,8868.0,4,2,5.0,Yes,3,3.0,3,2,2,No
191,46,Male,Human Resources,Human Resources,Life Sciences,Divorced,Travel_Rarely,5182.0,0,0,1.0,Yes,3,3.0,4,2,1,Yes
192,32,Male,Research & Development,Research Director,Technical Degree,Single,Non-Travel,5734.0,0,0,1.0,No,2,3.0,4,3,1,No
193,37,Male,Research & Development,Research Director,Other,Divorced,Travel_Rarely,9175.0,6,3,3.0,Yes,1,2.0,3,4,4,Yes
194,41,Female,Research & Development,Laboratory Technician,Other,Married,Travel_Rarely,4932.0,2,1,4.0,No,4,4.0,4,0,2,No
195,41,Male,Research & Development,Research Director,Technical Degree,Single,Travel_Rarely,12507.0,2,0,4.0,No,2,3.0,3,3,2,No
196,27,Female,Research & Development,Research Director,Life Sciences,Married,Travel_Rarely,11692.0,6,3,1.0,No,1,3.0,3,1,2,Yes
197,38,Male,Research & Development,Research Director,Other,Divorced,Travel_Rarely,2880.0,0,0,10.0,No,1,2.0,3,2,4,Yes
198,26,Male,Sales,Manager,Medical,Divorced,Non-Travel,1000.0,4,2,1.0,No,2,3.0,3,2,4,No
199,38,Male,Research & Development,Research Director,Human Resources,Single,Travel_Frequently,8196.0,8,2,10.0,Yes,1,3.0,3,0,1,No
200,29,Male,Sales,Sales Executive,Other,Married,Travel_Rarely,10586.0,2,0,30.0,No,4,2.0,3,4,3,Yes
201,23,Male,Research & Development,Laboratory Technician,Other,Single,Travel_Rarely,4435.0,1,0,19.0,No,4,4.0,3,2,1,No
202,30,Male,Research & Development,Manufacturing Director,Human Resources,Single,Travel_Frequently,11389.0,12,4,15.0,No,1,3.0,3,1,1,No
203,33,Male,Research & Development,Research Director,Marketing,Divorced,Travel_Rarely,9972.0,7,6,30.0,No,1,3.0,3,4,1,No
204,50,Female,Research & Development,Manufacturing Director,Medical,Single,Travel_Frequently,8954.0,19,18,21.0,No,3,3.0,4,1,2,No
205,45,Male,Sales,Manager,Human Resources,Married,Non-Travel,7696.0,0,0,6.0,No,4,2.0,2,2,2,No
206,23,Male,Research & Development,Research Scientist,Life Sciences,Married,Travel_Rarely,12910.0,2,1,1.0,No,3,3.0,3,3,5,No
207,41,Male,Research & Development,Laboratory Technician,Medical,Single,Travel_Rarely,9859.0,6,5,10.0,Yes,4,2.0,3,0,5,Yes
208,44,Male,Research & Development,Research Scientist,Life Sciences,Single,Travel_Rarely,11603.0,8,7,11.0,No,1,3.0,2,3,5,No
209,29,Male,Sales,Manager,Medical,Single,Travel_Rarely,3841.0,0,0,6.0,No,3,3.0,4,3,1,No
210,38,Male,Sales,Manager,Technical Degree,Married,Travel_Rarely,11061.0,0,0,5.0,No,2,4.0,1,6,2,No
211,50,Female,Sales,Sales Executive,Human Resources,Divorced,Travel_Rarely,7457.0,6,4,1.0,No,1,3.0,3,0,4,No
212,36,Male,Research & Development,Research Director,Medical,Married,Travel_Frequently,8188.0,7,3,7.0,Yes,1,4.0,4,3,3,Yes
213,44,Female,Sales,Manager,Medical,Single,Non-Travel,15174.0,13,9,5.0,No,4,2.0,3,3,2,No
214,24,Male,Research & Development,Research Scientist,Human Resources,Married,Travel_Rarely,7726.0,3,1,15.0,No,2,4.0,3,1,3,Yes
215,38,Male,Human Resources,HR Manager,Human Resources,Single,Travel_Frequently,5941.0,0,0,5.0,No,3,1.0,3,3,3,Yes
216,29,Male,Research & Development,Research Director,Technical Degree,Single,Travel_Rarely,1171.0,9,4,12.0,No,3,3.0,3,2,4,Yes
217,36,Female,Sales,Sales Representative,Medical,Divorced,Travel_Rarely,5441.0,0,0,4.0,No,4,2.0,4,4,1,No
218,54,Male,Research & Development,Research Director,Marketing,Married,Travel_Frequently,7596.0,9,5,2.0,No,3,3.0,3,2,2,No
219,44,Male,Research & Development,Manufacturing Director,Medical,Single,Travel_Rarely,5502.0,6,5,1.0,Yes,2,3.0,3,5,2,Yes
220,46,Female,Research & Development,Research Director,Technical Degree,Married,Travel_Rarely,11691.0,11,7,1.0,Yes,4,2.0,3,1,2,Yes
221,30,Male,Sales,Sales Executive,Life Sciences,Married,Non-Travel,13413.0,1,0,3.0,No,4,3.0,3,1,3,No
222,24,Female,Sales,Sales Representative,Technical Degree,Married,Travel_Rarely,9023.0,3,1,1.0,Yes,4,2.0,3,2,2,Yes
223,32,Male,Human Resources,HR Manager,Human Resources,Single,Travel_Rarely,1000.0,0,0,6.0,No,2,2.0,2,1,7,Yes
224,36,Female,Sales,Sales Representative,Technical Degree,Married,Travel_Frequently,5888.0,12,8,6.0,Yes,2,4.0,3,1,0,Yes
225,27,Male,Research & Development,Laboratory Technician,Technical Degree,Married,Travel_Rarely,7822.0,4,3,4.0,No,3,4.0,3,1,4,No
226,22,Male,Sales,Sales Executive,Life Sciences,Married,Travel_Frequently,5659.0,2,1,1.0,No,2,4.0,3,2,2,No
227,34,Female,Sales,Sales Representative,Other,Single,Travel_Rarely,2308.0,3,2,1.0,No,3,2.0,3,2,2,No
228,24,Male,Research & Development,Research Scientist,Medical,Married,Travel_Rarely,5266.0,4,2,15.0,No,3,3.0,3,2,3,No
229,53,Female,Sales,Manager,Medical,Married,Travel_Rarely,9289.0,0,0,12.0,Yes,2,3.0,3,3,4,Yes
230,51,Female,Research & Development,Research Director,Human Resources,Married,Travel_Rarely,6708.0,5,4,30.0,No,1,1.0,3,2,1,No
231,33,Male,Research & Development,Laboratory Technician,Life Sciences,Married,Travel_Rarely,5026.0,7,4,2.0,Yes,2,4.0,3,3,3,Yes
232,43,Male,Sales,Sales Executive,Other,Married,Travel_Rarely,6485.0,3,1,6.0,Yes,3,3.0,3,5,1,No
233,39,Female,Sales,Sales Representative,Medical,Single,Travel_Frequently,7258.0,8,6,7.0,No,3,3.0,3,1,1,No
234,41,Male,Research & Development,Manufacturing Director,Technical Degree,Divorced,Travel_Frequently,12756.0,13,10,6.0,No,4,3.0,2,3,4,No
235,34,Male,Sales,Manager,Technical Degree,Divorced,Travel_Rarely,4395.0,0,0,1.0,No,4,1.0,4,0,1,No
236,29,Male,Sales,Sales Executive,Marketing,Married,Travel_Frequently,9215.0,0,0,1.0,No,4,1.0,3,3,3,No
237,54,Male,Human Resources,Human Resources,Medical,Married,Travel_Rarely,8353.0,9,4,17.0,Yes,2,2.0,2,1,3,No
238,56,Male,Research & Development,Laboratory Technician,Marketing,Single,Travel_Rarely,8784.0,7,4,1.0,No,3,3.0,1,3,5,No
239,39,Male,Research & Development,Research Director,Human Resources,Divorced,Travel_Frequently,4943.0,1,0,10.0,Yes,3,2.0,4,3,3,Yes
240,30,Female,Sales,Manager,Human Resources,Divorced,Travel_Rarely,8979.0,0,0,4.0,Yes,4,4.0,4,2,1,No
241,38,Male,Sales,Manager,Life Sciences,Married,Travel_Rarely,1420.0,6,2,6.0,No,3,1.0,3,2,1,Yes
242,42,Male,Sales,Sales Representative,Other,Married,Travel_Rarely,9586.0,7,2,8.0,No,3,3.0,3,1,1,No
243,18,Female,Human Resources,Human Resources,Human Resources,Single,Travel_Rarely,13647.0,0,0,16.0,No,3,1.0,2,0,1,No
244,39,Male,Research & Development,Research Director,Marketing,Married,Travel_Frequently,4785.0,1,0,3.0,No,2,2.0,4,0,5,Yes
245,35,Female,Sales,Sales Executive,Medical,Married,Travel_Frequently,9464.0,0,0,14.0,No,3,1.0,3,4,2,No
246,30,Male,Sales,Sales Representative,Other,Divorced,Travel_Rarely,5939.0,5,1,7.0,No,4,3.0,3,0,3,No
247,34,Female,Sales,Manager,Other,Single,Travel_Rarely,7624.0,6,3,7.0,No,3,3.0,3,4,2,No
248,22,Female,Sales,Manager,Other,Married,Travel_Rarely,5687.0,4,3,9.0,No,4,2.0,3,3,2,No
249,36,Female,Research & Development,Research Director,Medical,Married,Travel_Rarely,15963.0,15,7,1.0,No,1,4.0,3,4,1,No
250,38,Female,Research & Development,Laboratory Technician,Medical,Divorced,Travel_Rarely,10014.0,2,1,5.0,No,4,2.0,1,2,4,No
251,18,Male,Human Resources,HR Manager,Medical,Married,Travel_Rarely,12808.0,0,0,3.0,No,3,3.0,2,4,1,No
252,34,Female,Research & Development,Manufacturing Director,Marketing,Divorced,Travel_Rarely,7306.0,3,1,4.0,No,2,1.0,3,2,2,Yes
253,29,Male,Research & Development,Manufacturing Director,Other,Married,Non-Travel,7366.0,2,1,24.0,Yes,3,3.0,4,1,1,No
254,43,Male,Sales,Manager,Human Resources,Divorced,Travel_Rarely,2541.0,2,1,1.0,Yes,4,2.0,3,2,5,Yes
255,31,Male,Sales,Manager,Other,Single,Travel_Rarely,3659.0,0,0,4.0,No,4,4.0,2,0,0,No
256,30,Male,Research & Development,Laboratory Technician,Technical Degree,Married,Travel_Rarely,7001.0,4,3,5.0,No,3,2.0,3,1,5,Yes
257,24,Male,Sales,Sales Representative,Human Resources,Married,Travel_Rarely,9821.0,2,1,1.0,No,4,4.0,3,3,5,No
258,26,Male,Sales,Manager,Medical,Married,Travel_Frequently,16404.0,2,1,1.0,No,3,3.0,2,1,1,No
259,44,Female,Research & Development,Research Scientist,Life Sciences,Single,Travel_Rarely,11633.0,0,0,2.0,No,3,3.0,4,3,3,No
260,34,Female,Research & Development,Laboratory Technician,Life Sciences,Married,Travel_Rarely,7566.0,9,4,7.0,No,3,2.0,4,4,1,No
261,41,Male,Research & Development,Manufacturing Director,Human Resources,Married,Travel_Rarely,8610.0,5,1,1.0,No,3,2.0,3,1,6,No
262,36,Female,Research & Development,Research Scientist,Life Sciences,Single,Travel_Rarely,7209.0,3,0,1.0,No,4,2.0,3,4,3,No
263,37,Male,Research & Development,Research Scientist,Life Sciences,Married,Travel_Frequently,16404.0,13,9,13.0,Yes,3,3.0,3,0,4,No
264,29,Female,Sales,Manager,Technical Degree,Single,Non-Travel,7219.0,4,1,13.0,No,4,3.0,3,2,1,No
265,32,Male,Research & Development,Research Director,Medical,Married,Travel_Rarely,8132.0,4,2,12.0,Yes,3,2.0,3,3,1,Yes
266,18,Female,Research & Development,Research Scientist,Life Sciences,Single,Travel_Rarely,5075.0,0,0,7.0,No,2,4.0,3,0,7,Yes
267,24,Female,Sales,Sales Executive,Human Resources,Single,Travel_Rarely,6338.0,5,4,2.0,Yes,2,3.0,3,1,3,Yes
268,38,Male,Research & Development,Laboratory Technician,Human Resources,Married,Travel_Rarely,9710.0,3,2,9.0,Yes,4,3.0,3,1,2,Yes
269,46,Female,Sales,Sales Executive,Medical,Single,Travel_Rarely,14287.0,22,10,8.0,Yes,1,1.0,4,4,3,No
270,35,Male,Sales,Manager,Life Sciences,Married,Travel_Rarely,11712.0,2,0,16.0,No,2,3.0,3,4,1,No
271,41,Male,Sales,Sales Representative,Technical Degree,Single,Travel_Rarely,7636.0,0,0,1.0,No,3,2.0,3,2,1,No
272,34,Male,Sales,Manager,Marketing,Single,Travel_Rarely,3562.0,1,0,3.0,Yes,2,1.0,2,2,3,No
273,19,Male,Research & Development,Manufacturing Director,Human Resources,Divorced,Travel_Rarely,6035.0,1,0,17.0,No,2,4.0,2,2,0,Yes
274,35,Female,Sales,Sales Representative,Marketing,Married,Travel_Rarely,4876.0,3,1,1.0,No,3,4.0,2,2,2,No
275,38,Female,Research & Development,Research Director,Other,Single,Travel_Rarely,5109.0,11,5,3.0,Yes,3,1.0,4,5,2,Yes
276,48,Male,Human Resources,HR Manager,Life Sciences,Married,Travel_Frequently,8291.0,16,13,7.0,No,4,3.0,3,1,2,No
277,27,Male,Research & Development,Manufacturing Director,Medical,Married,Travel_Frequently,10875.0,5,3,3.0,Yes,4,1.0,3,2,0,Yes
278,27,Male,Research & Development,Research Director,Marketing,Married,Non-Travel,2129.0,1,0,3.0,Yes,4,3.0,3,0,3,Yes
279,29,Female,Research & Development,Manufacturing Director,Marketing,Married,Travel_Frequently,7306.0,0,0,11.0,No,4,2.0,3,6,2,Yes
280,27,Female,Research & Development,Research Scientist,Life Sciences,Single,Travel_Rarely,5545.0,9,8,6.0,No,2,4.0,3,1,4,No
281,41,Female,Research & Development,Research Scientist,Marketing,Divorced,Travel_Rarely,4046.0,5,4,10.0,No,4,2.0,3,4,5,No
282,38,Female,Research & Development,Research Director,Other,Married,Travel_Rarely,1650.0,14,4,3.0,No,3,2.0,3,5,0,No
283,51,Male,Research & Development,Laboratory Technician,Marketing,Married,Travel_Rarely,10879.0,14,12,5.0,No,3,3.0,2,1,1,No
284,37,Female,Research & Development,Research Scientist,Medical,Married,Travel_Rarely,5352.0,9,8,4.0,No,4,2.0,3,1,3,No
285,43,Male,Sales,Sales Executive,Other,Single,Travel_Rarely,11867.0,8,6,27.0,No,4,3.0,2,1,3,No
286,22,Male,Sales,Sales Executive,Technical Degree,Married,Travel_Rarely,7306.0,2,0,27.0,Yes,3,1.0,3,2,1,Yes
287,40,Female,Sales,Sales Executive,Marketing,Single,Travel_Rarely,8537.0,3,1,14.0,No,4,2.0,3,2,2,No
288,44,Male,Sales,Sales Representative,Technical Degree,Married,Travel_Rarely,3881.0,10,6,7.0,Yes,4,4.0,3,1,2,Yes
289,29,Female,Sales,Sales Executive,Technical Degree,Married,Travel_Rarely,11414.0,0,0,24.0,Yes,2,2.0,3,1,4,No
290,29,Male,Research & Development,Research Director,Marketing,Divorced,Travel_Rarely,2219.0,4,3,22.0,No,1,3.0,3,1,3,Yes
291,35,Male,Sales,Sales Executive,Life Sciences,Single,Travel_Rarely,10276.0,4,3,5.0,No,3,2.0,3,3,1,No
292,39,Male,Research & Development,Manufacturing Director,Medical,Married,Travel_Rarely,1000.0,5,4,11.0,No,2,1.0,3,6,3,No
293,45,Male,Sales,Manager,Life Sciences,Married,Travel_Rarely,3329.0,1,0,4.0,Yes,3,3.0,3,2,1,No
294,48,Male,Research & Development,Research Director,Human Resources,Married,Non-Travel,5015.0,1,0,16.0,Yes,4,3.0,3,2,3,Yes
295,42,Female,Research & Development,Research Director,Marketing,Single,Travel_Rarely,8772.0,2,0,2.0,No,4,3.0,3,2,0,No
296,30,Male,Research & Development,Research Director,Medical,Divorced,Non-Travel,7306.0,3,1,1.0,Yes,1,2.0,3,2,3,Yes
297,28,Male,Research & Development,Research Director,Technical Degree,Married,Travel_Frequently,5520.0,4,3,1.0,Yes,4,2.0,2,5,4,No
298,51,Male,Sales,Sales Executive,Medical,Married,Travel_Rarely,11959.0,0,0,6.0,No,3,3.0,3,3,3,No
299,42,Female,Research & Development,Research Director,Life Sciences,Single,Travel_Rarely,9764.0,13,11,15.0,No,4,2.0,3,2,2,No
300,42,Male,Research & Development,Research Director,Marketing,Married,Travel_Rarely,9614.0,2,1,3.0,No,1,1.0,3,1,5,Yes
301,28,Male,Research & Development,Research Director,Life Sciences,Married,Travel_Frequently,13895.0,10,3,5.0,No,4,2.0,3,4,1,No
302,37,Male,Research & Development,Research Director,Life Sciences,Divorced,Travel_Rarely,7306.0,0,0,7.0,Yes,4,3.0,2,2,3,No
303,24,Female,Sales,Manager,Marketing,Married,Travel_Frequently,5656.0,1,0,2.0,No,2,2.0,3,3,2,Yes
304,38,Male,Sales,Sales Representative,Technical Degree,Single,Travel_Rarely,11881.0,3,2,15.0,No,4,3.0,3,3,1,No
305,35,Female,Human Resources,HR Manager,Life Sciences,Married,Travel_Rarely,8537.0,9,8,6.0,No,3,2.0,3,3,0,No
306,45,Male,Sales,Sales Representative,Other,Divorced,Travel_Rarely,14721.0,0,0,2.0,No,1,3.0,4,3,4,No
307,52,Female,Research & Development,Manufacturing Director,Life Sciences,Single,Travel_Rarely,5661.0,11,9,4.0,Yes,1,3.0,3,2,2,No
308,32,Female,Research & Development,Manufacturing Director,Marketing,Divorced,Travel_Rarely,11968.0,9,7,3.0,No,2,4.0,3,3,4,Yes
309,29,Male,Sales,Sales Executive,Life Sciences,Single,Travel_Rarely,4809.0,3,2,2.0,Yes,3,3.0,3,5,2,Yes
310,33,Male,Research & Development,Laboratory Technician,Other,Single,Travel_Frequently,9352.0,4,2,1.0,No,1,3.0,3,2,3,No
311,54,Male,Human Resources,HR Manager,Life Sciences,Married,Travel_Rarely,3492.0,2,1,3.0,Yes,4,3.0,1,0,3,No
312,43,Female,Research & Development,Research Director,Medical,Married,Travel_Rarely,15410.0,1,0,30.0,No,4,3.0,2,3,5,No
313,25,Female,Sales,Manager,Life Sciences,Married,Travel_Rarely,5624.0,3,2,13.0,Yes,4,3.0,4,1,3,No
314,36,Female,Research & Development,Laboratory Technician,Human Resources,Divorced,Travel_Rarely,3024.0,6,5,7.0,No,1,4.0,2,5,3,Yes
315,46,Male,Research & Development,Research Director,Human Resources,Divorced,Travel_Rarely,3360.0,0,0,5.0,No,3,3.0,2,4,2,No
316,43,Female,Sales,Sales Executive,Marketing,Married,Travel_Rarely,9158.0,1,0,7.0,No,3,3.0,3,2,2,No
317,31,Female,Research & Development,Laboratory Technician,Human Resources,Divorced,Travel_Rarely,7306.0,2,1,12.0,No,2,2.0,3,2,5,No
318,35,Male,Research & Development,Research Director,Marketing,Married,Travel_Rarely,6711.0,2,0,6.0,No,3,3.0,4,4,2,No
319,41,Female,Research & Development,Manufacturing Director,Medical,Married,Travel_Rarely,5733.0,1,0,1.0,Yes,4,3.0,3,2,2,Yes
320,29,Male,Sales,Manager,Medical,Divorced,Travel_Rarely,14163.0,7,6,8.0,Yes,1,4.0,3,7,1,Yes
321,24,Male,Research & Development,Research Director,Human Resources,Divorced,Travel_Rarely,9953.0,2,1,1.0,Yes,4,3.0,3,1,2,Yes
322,22,Male,Research & Development,Research Director,Marketing,Single,Travel_Frequently,7306.0,4,1,1.0,Yes,4,2.0,3,4,1,Yes
323,60,Female,Research & Development,Manufacturing Director,Technical Degree,Married,Travel_Rarely,1000.0,1,0,5.0,No,4,2.0,2,2,6,Yes
324,46,Male,Research & Development,Manufacturing Director,Life Sciences,Divorced,Non-Travel,11546.0,0,0,1.0,Yes,3,3.0,3,1,4,No
325,49,Male,Sales,Sales Representative,Life Sciences,Married,Travel_Rarely,14602.0,6,5,1.0,Yes,4,2.0,3,1,4,Yes
326,44,Male,Research & Development,Research Scientist,Medical,Married,Travel_Rarely,8084.0,1,0,1.0,No,3,2.0,3,2,1,Yes
327,35,Male,Sales,Sales Executive,Life Sciences,Married,Travel_Rarely,7411.0,1,0,1.0,No,1,2.0,3,3,2,Yes
328,24,Male,Sales,Manager,Medical,Married,Non-Travel,4961.0,1,0,3.0,No,3,3.0,3,5,4,Yes
329,18,Male,Research & Development,Manufacturing Director,Technical Degree,Married,Travel_Frequently,6157.0,0,0,26.0,No,4,2.0,3,3,2,No
330,21,Female,Sales,Sales Executive,Marketing,Married,Travel_Rarely,3937.0,3,2,5.0,No,1,2.0,3,2,1,No
331,48,Female,Research & Development,Laboratory Technician,Other,Married,Travel_Rarely,15060.0,5,2,1.0,Yes,2,3.0,3,3,2,Yes
332,29,Female,Sales,Sales Representative,Life Sciences,Divorced,Non-Travel,7901.0,4,2,15.0,No,2,3.0,3,3,3,Yes
333,50,Female,Research & Development,Research Director,Technical Degree,Single,Travel_Frequently,9702.0,1,0,2.0,No,3,3.0,3,4,3,No
334,32,Female,Sales,Manager,Human Resources,Married,Travel_Rarely,10757.0,1,0,2.0,Yes,4,2.0,4,6,3,Yes
335,39,Male,Research & Development,Research Scientist,Human Resources,Single,Non-Travel,5228.0,2,1,3.0,Yes,3,2.0,3,0,5,Yes
336,43,Female,Research & Development,Research Director,Other,Single,Travel_Rarely,4574.0,5,1,5.0,No,4,1.0,4,3,2,No
337,34,Female,Research & Development,Research Scientist,Marketing,Single,Travel_Rarely,11662.0,7,2,3.0,No,4,3.0,4,2,3,No
338,51,Male,Sales,Sales Executive,Other,Married,Travel_Rarely,8139.0,0,0,6.0,Yes,3,4.0,4,2,0,Yes
339,25,Female,Research & Development,Manufacturing Director,Marketing,Married,Travel_Rarely,4499.0,2,0,5.0,Yes,4,3.0,4,2,3,Yes
340,43,Male,Human Resources,Human Resources,Life Sciences,Divorced,Travel_Frequently,7447.0,1,0,1.0,No,2,3.0,3,2,3,No
341,41,Female,Research & Development,Research Scientist,Medical,Single,Travel_Rarely,2185.0,0,0,9.0,No,3,2.0,3,1,3,No
342,32,Male,Research & Development,Laboratory Technician,Other,Divorced,Travel_Rarely,7839.0,10,3,23.0,No,2,4.0,2,2,3,Yes
343,43,Female,Research & Development,Research Scientist,Medical,Married,Travel_Frequently,8219.0,1,0,2.0,Yes,1,3.0,3,4,2,Yes
344,24,Male,Research & Development,Research Director,Technical Degree,Single,Travel_Rarely,6015.0,6,2,4.0,No,4,3.0,4,2,5,No
345,20,Female,Research & Development,Research Scientist,Marketing,Married,Travel_Rarely,1108.0,1,0,1.0,Yes,2,1.0,3,2,2,Yes
346,33,Female,Sales,Sales Representative,Technical Degree,Married,Travel_Rarely,6952.0,0,0,6.0,No,1,4.0,3,2,2,No
347,38,Male,Research & Development,Research Scientist,Life Sciences,Married,Travel_Rarely,10026.0,1,0,5.0,Yes,4,2.0,3,3,1,Yes
348,48,Male,Research & Development,Laboratory Technician,Human Resources,Married,Travel_Rarely,9751.0,0,0,22.0,Yes,4,4.0,3,3,2,Yes
349,32,Male,Research & Development,Research Scientist,Technical Degree,Divorced,Travel_Frequently,6846.0,11,10,30.0,No,4,2.0,3,0,8,Yes
350,45,Female,Research & Development,Research Scientist,Technical Degree,Married,Travel_Rarely,8857.0,20,14,1.0,No,3,2.0,4,3,2,No
351,26,Female,Research & Development,Manufacturing Director,Life Sciences,Married,Non-Travel,9025.0,1,0,1.0,Yes,2,3.0,4,1,2,Yes
352,35,Male,Research & Development,Laboratory Technician,Other,Single,Travel_Rarely,11492.0,5,2,9.0,No,3,3.0,3,5,3,No
353,34,Male,Research & Development,Research Scientist,Technical Degree,Single,Travel_Rarely,6131.0,9,4,28.0,No,2,1.0,3,1,1,No
354,31,Male,Research & Development,Research Scientist,Medical,Single,Travel_Rarely,10973.0,1,0,3.0,No,1,3.0,3,2,2,Yes
355,49,Male,Sales,Sales Representative,Human Resources,Married,Travel_Rarely,13055.0,2,1,3.0,Yes,2,2.0,3,3,7,No
356,25,Male,Research & Development,Research Scientist,Human Resources,Married,Travel_Frequently,8485.0,3,2,11.0,No,2,4.0,3,3,2,Yes
357,43,Male,Sales,Manager,Marketing,Divorced,Travel_Rarely,4629.0,4,3,3.0,No,1,3.0,4,2,4,No
358,36,Male,Research & Development,Research Director,Technical Degree,Divorced,Travel_Rarely,14581.0,10,3,9.0,No,3,3.0,3,2,3,No
359,33,Male,Sales,Sales Executive,Other,Single,Travel_Frequently,6366.0,13,8,3.0,No,3,2.0,3,2,2,No
360,29,Male,Research & Development,Research Scientist,Marketing,Married,Travel_Rarely,4809.0,0,0,1.0,No,3,3.0,3,2,2,No
361,24,Male,Research & Development,Manufacturing Director,Human Resources,Married,Travel_Rarely,7374.0,3,2,7.0,Yes,3,3.0,3,2,1,No
362,25,Female,Sales,Manager,Technical Degree,Married,Travel_Rarely,13803.0,7,3,30.0,No,4,1.0,3,1,1,Yes
363,27,Female,Sales,Manager,Human Resources,Married,Travel_Frequently,8070.0,0,0,7.0,Yes,2,1.0,3,3,5,Yes
364,36,Male,Sales,Sales Executive,Technical Degree,Single,Travel_Rarely,5542.0,3,1,1.0,No,4,4.0,3,8,1,No
365,47,Female,Sales,Manager,Human Resources,Single,Travel_Rarely,10673.0,4,3,1.0,Yes,3,3.0,3,2,3,No
366,41,Female,Research & Development,Research Director,Human Resources,Married,Travel_Rarely,7449.0,8,5,11.0,No,2,4.0,3,4,6,No
367,37,Female,Research & Development,Laboratory Technician,Technical Degree,Married,Travel_Rarely,1000.0,0,0,3.0,No,1,4.0,3,3,5,No
368,38,Male,Research & Development,Laboratory Technician,Technical Degree,Single,Travel_Rarely,7417.0,2,1,15.0,No,1,1.0,3,6,2,Yes
369,36,Female,Sales,Manager,Other,Divorced,Travel_Rarely,1000.0,2,0,3.0,No,4,1.0,3,0,3,No
370,40,Male,Sales,Manager,Technical Degree,Single,Travel_Rarely,9026.0,12,9,1.0,No,2,3.0,3,4,3,No
371,50,Female,Research & Development,Laboratory Technician,Human Resources,Divorced,Travel_Rarely,6921.0,0,0,5.0,Yes,3,2.0,2,2,3,No
372,56,Male,Research & Development,Manufacturing Director,Marketing,Married,Travel_Frequently,12161.0,13,9,9.0,No,1,3.0,4,4,2,No
373,36,Male,Sales,Sales Representative,Human Resources,Married,Travel_Frequently,3805.0,5,3,3.0,No,4,1.0,3,2,1,No
374,21,Male,Research & Development,Manufacturing Director,Technical Degree,Married,Travel_Frequently,10386.0,3,2,14.0,Yes,4,4.0,3,0,3,No
375,30,Female,Research & Development,Research Director,Life Sciences,Single,Travel_Rarely,9797.0,0,0,3.0,Yes,4,3.0,3,1,3,No
376,33,Female,Sales,Sales Executive,Life Sciences,Married,Travel_Rarely,8607.0,7,6,6.0,No,1,3.0,3,1,2,No
377,52,Male,Sales,Sales Executive,Human Resources,Single,Travel_Frequently,3768.0,1,0,16.0,No,4,4.0,2,3,0,No
378,23,Male,Research & Development,Research Director,Human Resources,Married,Travel_Rarely,9749.0,5,2,9.0,No,2,1.0,3,4,3,No
379,31,Male,Research & Development,Laboratory Technician,Technical Degree,Divorced,Travel_Frequently,4750.0,2,0,7.0,No,3,3.0,3,2,1,No
380,36,Male,Research & Development,Laboratory Technician,Technical Degree,Married,Travel_Rarely,2707.0,1,0,5.0,Yes,4,3.0,2,0,3,Yes
381,25,Male,Research & Development,Laboratory Technician,Other,Single,Travel_Rarely,9427.0,0,0,7.0,No,3,3.0,3,3,3,No
382,54,Male,Research & Development,Manufacturing Director,Medical,Single,Travel_Rarely,8898.0,10,6,3.0,No,2,3.0,4,2,2,No
383,35,Male,Research & Development,Research Scientist,Other,Married,Travel_Rarely,3160.0,1,0,2.0,Yes,4,1.0,3,5,3,Yes
384,29,Male,Research & Development,Research Director,Other,Married,Travel_Rarely,4193.0,4,1,1.0,Yes,3,4.0,3,1,3,No
385,22,Male,Sales,Sales Executive,Technical Degree,Married,Travel_Rarely,1000.0,0,0,1.0,Yes,2,4.0,3,2,0,Yes
386,34,Female,Sales,Manager,Other,Single,Travel_Frequently,11576.0,7,2,1.0,Yes,3,4.0,3,4,1,Yes
387,27,Female,Research & Development,Research Director,Medical,Single,Travel_Rarely,1031.0,1,0,4.0,No,3,4.0,2,3,4,No
388,32,Male,Sales,Sales Executive,Marketing,Married,Travel_Rarely,7144.0,5,3,1.0,Yes,1,3.0,3,4,4,No
389,34,Female,Research & Development,Manufacturing Director,Life Sciences,Married,Non-Travel,7306.0,2,0,7.0,No,1,2.0,3,4,4,No
390,37,Female,Sales,Sales Representative,Life Sciences,Single,Travel_Rarely,7819.0,7,5,7.0,No,3,3.0,4,4,4,No
391,46,Female,Research & Development,Manufacturing Director,Other,Divorced,Travel_Rarely,7833.0,2,0,4.0,No,1,2.0,2,1,4,No
392,21,Female,Human Resources,HR Manager,Life Sciences,Married,Travel_Rarely,8335.0,2,0,11.0,No,4,1.0,3,1,4,No
393,45,Male,Sales,Sales Executive,Marketing,Single,Travel_Rarely,12405.0,2,0,1.0,No,3,3.0,3,3,5,No
394,37,Female,Sales,Sales Executive,Human Resources,Single,Travel_Rarely,10428.0,6,3,7.0,No,2,3.0,3,2,1,No
395,42,Female,Sales,Sales Representative,Life Sciences,Married,Travel_Rarely,5593.0,3,1,5.0,No,3,2.0,4,3,3,Yes
396,34,Female,Research & Development,Laboratory Technician,Other,Single,Travel_Rarely,1000.0,0,0,6.0,No,3,4.0,3,0,4,No
397,18,Female,Research & Development,Research Director,Medical,Married,Travel_Rarely,7884.0,0,0,1.0,Yes,4,3.0,3,5,2,Yes
398,41,Female,Research & Development,Research Director,Medical,Single,Travel_Rarely,2111.0,2,0,5.0,No,3,4.0,3,1,3,No
399,38,Male,Research & Development,Research Scientist,Human Resources,Married,Travel_Rarely,7296.0,3,2,4.0,No,3,3.0,4,6,5,No
400,35,Female,Research & Development,Manufacturing Director,Life Sciences,Married,Travel_Rarely,1000.0,4,2,1.0,No,3,3.0,3,2,3,Yes
401,28,Male,Sales,Sales Executive,Other,Single,Travel_Rarely,8486.0,10,5,1.0,No,2,3.0,3,1,1,Yes
402,32,Male,Research & Development,Research Director,Medical,Divorced,Travel_Rarely,5016.0,0,0,4.0,No,2,2.0,4,5,3,Yes
403,41,Male,Human Resources,Human Resources,Technical Degree,Divorced,Travel_Frequently,5499.0,13,7,2.0,No,4,1.0,3,3,4,No
404,30,Male,Research & Development,Research Scientist,Other,Divorced,Travel_Rarely,9025.0,0,0,1.0,No,2,2.0,3,0,2,Yes
405,29,Female,Sales,Manager,Life Sciences,Single,Travel_Rarely,3844.0,7,3,2.0,Yes,4,2.0,3,4,2,Yes
406,37,Male,Sales,Sales Executive,Other,Divorced,Travel_Frequently,7076.0,1,0,17.0,No,4,4.0,4,5,5,Yes
407,32,Male,Research & Development,Manufacturing Director,Medical,Divorced,Travel_Rarely,5844.0,0,0,5.0,No,3,2.0,3,6,2,No
408,46,Male,Research & Development,Laboratory Technician,Marketing,Married,Travel_Frequently,5306.0,5,4,4.0,No,3,2.0,3,4,2,No
409,44,Male,Research & Development,Manufacturing Director,Technical Degree,Divorced,Travel_Rarely,5452.0,1,0,12.0,No,2,4.0,3,3,4,No
410,54,Female,Sales,Sales Representative,Other,Divorced,Travel_Rarely,11120.0,12,4,1.0,Yes,4,3.0,3,0,4,No
411,27,Male,Sales,Manager,Other,Single,Travel_Rarely,7352.0,3,1,1.0,No,1,2.0,1,1,0,Yes
412,48,Female,Sales,Sales Executive,Human Resources,Divorced,Travel_Rarely,8783.0,0,0,1.0,Yes,3,3.0,4,0,3,Yes
413,52,Female,Sales,Sales Executive,Other,Single,Travel_Rarely,8850.0,0,0,4.0,No,4,1.0,4,0,2,Yes
414,30,Male,Sales,Sales Executive,Human Resources,Married,Travel_Rarely,3092.0,10,7,3.0,No,1,3.0,3,6,7,Yes
415,37,Male,Research & Development,Laboratory Technician,Medical,Single,Travel_Rarely,1000.0,0,0,1.0,No,3,3.0,3,3,4,No
416,45,Female,Sales,Sales Representative,Human Resources,Married,Travel_Rarely,11828.0,1,0,10.0,No,3,2.0,3,2,2,Yes
417,23,Female,Sales,Manager,Medical,Divorced,Non-Travel,1000.0,5,4,1.0,No,2,2.0,3,2,1,Yes
418,46,Male,Sales,Sales Representative,Medical,Single,Travel_Rarely,8146.0,0,0,9.0,No,4,1.0,3,2,5,No
419,40,Male,Sales,Sales Representative,Medical,Single,Non-Travel,1000.0,0,0,23.0,No,2,3.0,3,2,3,No
420,47,Male,Research & Development,Research Director,Marketing,Married,Travel_Rarely,10035.0,8,5,1.0,No,4,2.0,4,3,3,No
421,26,Male,Research & Development,Laboratory Technician,Marketing,Married,Travel_Rarely,11321.0,8,3,12.0,No,3,4.0,3,2,2,No
422,54,Female,Sales,Sales Representative,Technical Degree,Single,Travel_Rarely,7583.0,12,6,5.0,No,4,2.0,3,3,0,No
423,28,Male,Research & Development,Research Scientist,Marketing,Married,Travel_Rarely,13327.0,2,0,5.0,No,3,2.0,3,0,1,No
424,39,Male,Research & Development,Research Scientist,Other,Divorced,Travel_Rarely,3982.0,1,0,1.0,No,3,2.0,3,1,8,No
425,34,Female,Research & Development,Research Scientist,Human Resources,Married,Travel_Rarely,7659.0,4,3,1.0,No,4,2.0,2,3,3,Yes
426,33,Female,Sales,Sales Representative,Life Sciences,Single,Travel_Rarely,12108.0,3,1,14.0,No,2,3.0,3,5,2,Yes
427,29,Male,Human Resources,Human Resources,Technical Degree,Married,Travel_Rarely,12314.0,8,2,11.0,Yes,3,4.0,3,2,2,No
428,39,Female,Human Resources,HR Manager,Life Sciences,Divorced,Travel_Rarely,4809.0,5,1,1.0,Yes,4,3.0,2,5,4,No
429,35,Male,Research & Development,Research Director,Technical Degree,Single,Travel_Frequently,6729.0,0,0,16.0,No,1,3.0,3,8,1,Yes
430,29,Male,Research & Development,Manufacturing Director,Technical Degree,Married,Travel_Frequently,7046.0,11,9,4.0,No,4,3.0,3,1,0,No
431,36,Male,Research & Development,Laboratory Technician,Life Sciences,Single,Travel_Rarely,10641.0,2,0,4.0,No,3,3.0,4,3,2,Yes
432,43,Female,Sales,Sales Representative,Medical,Divorced,Travel_Rarely,10116.0,4,3,6.0,No,2,3.0,3,1,2,No
433,36,Male,Research & Development,Laboratory Technician,Marketing,Married,Travel_Rarely,5726.0,0,0,19.0,No,4,1.0,2,0,2,No
434,21,Female,Research & Development,Manufacturing Director,Medical,Married,Travel_Rarely,5200.0,3,2,7.0,No,1,3.0,4,3,1,No
435,27,Male,Human Resources,Human Resources,Technical Degree,Married,Travel_Rarely,7109.0,9,5,6.0,No,3,3.0,3,3,5,No
436,48,Male,Sales,Manager,Other,Married,Travel_Rarely,9326.0,13,10,14.0,No,3,3.0,3,1,4,No
437,35,Female,Human Resources,Human Resources,Life Sciences,Married,Non-Travel,8408.0,9,8,23.0,No,2,3.0,3,2,1,No
438,37,Female,Research & Development,Laboratory Technician,Other,Single,Travel_Rarely,1000.0,0,0,2.0,Yes,2,2.0,2,1,4,Yes
439,43,Female,Human Resources,HR Manager,Medical,Married,Travel_Rarely,5601.0,1,0,1.0,No,1,2.0,3,3,6,No
440,37,Male,Research & Development,Laboratory Technician,Life Sciences,Divorced,Non-Travel,4926.0,1,0,8.0,No,4,3.0,4,5,2,No
441,50,Male,Research & Development,Laboratory Technician,Other,Married,Travel_Rarely,9536.0,2,1,2.0,Yes,2,3.0,3,4,4,No
442,36,Male,Research & Development,Laboratory Technician,Life Sciences,Married,Travel_Rarely,13112.0,0,0,1.0,No,1,3.0,2,3,6,No
443,51,Male,Research & Development,Laboratory Technician,Technical Degree,Married,Travel_Rarely,13772.0,0,0,20.0,No,3,3.0,3,4,1,No
444,41,Male,Research & Development,Research Director,Marketing,Single,Travel_Rarely,8333.0,2,1,1.0,No,3,3.0,4,1,2,No
445,46,Female,Research & Development,Manufacturing Director,Human Resources,Divorced,Travel_Rarely,1000.0,1,0,3.0,Yes,1,1.0,3,1,2,Yes
446,24,Male,Sales,Manager,Medical,Married,Travel_Frequently,8986.0,6,3,26.0,No,3,3.0,3,7,2,Yes
447,46,Male,Research & Development,Research Scientist,Technical Degree,Single,Travel_Rarely,12444.0,2,1,3.0,No,3,3.0,4,1,1,No
448,40,Female,Research & Development,Research Scientist,Technical Degree,Single,Travel_Rarely,7676.0,20,6,9.0,Yes,1,3.0,4,0,3,No
449,47,Male,Sales,Manager,Other,Divorced,Travel_Rarely,5348.0,4,3,10.0,No,1,3.0,2,6,5,No
450,33,Male,Research & Development,Research Scientist,Marketing,Married,Travel_Rarely,7306.0,9,8,13.0,Yes,4,2.0,3,3,3,No
451,32,Female,Research & Development,Research Scientist,Other,Divorced,Travel_Rarely,1463.0,1,0,16.0,No,3,1.0,3,2,3,No
452,37,Male,Research & Development,Laboratory Technician,Other,Married,Travel_Rarely,9708.0,3,2,9.0,Yes,4,3.0,2,2,5,No
453,37,Female,Sales,Manager,Medical,Married,Travel_Frequently,10172.0,3,2,5.0,Yes,3,4.0,3,5,5,Yes
454,18,Male,Research & Development,Research Director,Technical Degree,Divorced,Travel_Rarely,10828.0,0,0,1.0,Yes,4,2.0,3,2,3,Yes
455,35,Female,Research & Development,Manufacturing Director,Medical,Married,Travel_Frequently,1190.0,6,2,2.0,No,4,4.0,3,7,2,Yes
456,42,Female,Research & Development,Manufacturing Director,Human Resources,Married,Travel_Frequently,7004.0,0,0,7.0,No,4,2.0,3,1,2,Yes
457,36,Female,Research & Development,Manufacturing Director,Life Sciences,Divorced,Non-Travel,4909.0,4,3,9.0,Yes,3,4.0,3,4,1,No
458,51,Male,Sales,Sales Representative,Life Sciences,Married,Travel_Rarely,9269.0,1,0,11.0,No,3,3.0,3,0,1,No
459,32,Female,Sales,Manager,Marketing,Divorced,Non-Travel,8735.0,5,4,3.0,No,3,4.0,3,3,3,No
460,45,Male,Human Resources,HR Manager,Other,Married,Travel_Rarely,4529.0,2,0,25.0,No,4,4.0,2,1,4,No
461,20,Female,Research & Development,Manufacturing Director,Technical Degree,Divorced,Travel_Frequently,9258.0,0,0,22.0,No,4,3.0,3,2,2,No
462,37,Male,Sales,Manager,Technical Degree,Married,Non-Travel,6893.0,3,2,6.0,No,1,4.0,3,2,4,Yes
463,35,Male,Human Resources,Human Resources,Life Sciences,Married,Non-Travel,9449.0,1,0,16.0,No,4,3.0,3,1,4,No
464,45,Male,Sales,Manager,Medical,Married,Travel_Rarely,8528.0,3,1,5.0,No,4,2.0,3,5,4,No
465,39,Male,Research & Development,Manufacturing Director,Medical,Single,Travel_Rarely,8193.0,4,2,21.0,No,3,3.0,3,1,3,No
466,33,Female,Sales,Sales Executive,Technical Degree,Married,Non-Travel,12946.0,6,4,24.0,No,1,3.0,2,2,2,Yes
467,31,Male,Research & Development,Research Scientist,Life Sciences,Divorced,Non-Travel,7879.0,0,0,1.0,Yes,1,3.0,3,2,3,Yes
468,27,Male,Sales,Sales Representative,Human Resources,Married,Travel_Rarely,9512.0,3,2,9.0,No,3,3.0,3,5,3,No
469,37,Male,Sales,Manager,Technical Degree,Married,Travel_Rarely,2071.0,1,0,3.0,No,2,3.0,2,2,4,Yes
470,51,Male,Research & Development,Research Scientist,Life Sciences,Single,Travel_Rarely,6414.0,0,0,2.0,No,4,2.0,3,2,3,No
471,46,Female,Sales,Sales Executive,Marketing,Married,Travel_Rarely,10892.0,1,0,2.0,Yes,4,3.0,3,4,1,Yes
472,38,Female,Research & Development,Laboratory Technician,Marketing,Divorced,Travel_Rarely,8199.0,0,0,10.0,No,1,3.0,2,4,2,Yes
473,33,Male,Research & Development,Laboratory Technician,Marketing,Single,Travel_Rarely,15369.0,9,5,16.0,No,1,4.0,3,2,4,No
474,30,Female,Research & Development,Research Director,Marketing,Divorced,Travel_Rarely,5868.0,3,1,27.0,Yes,4,3.0,3,0,4,Yes
475,50,Female,Research & Development,Manufacturing Director,Life Sciences,Married,Travel_Rarely,1222.0,3,2,1.0,No,4,1.0,4,1,2,No
476,42,Female,Research & Development,Laboratory Technician,Medical,Married,Travel_Rarely,11082.0,4,2,5.0,No,4,2.0,1,4,1,No
477,28,Male,Sales,Sales Executive,Human Resources,Married,Travel_Rarely,7306.0,10,8,2.0,Yes,1,2.0,3,2,3,Yes
478,43,Female,Research & Development,Laboratory Technician,Medical,Divorced,Non-Travel,8582.0,20,10,2.0,No,2,1.0,4,2,6,Yes
479,44,Female,Research & Development,Manufacturing Director,Marketing,Married,Travel_Rarely,3290.0,6,3,22.0,No,3,3.0,3,3,1,Yes
480,46,Female,Research & Development,Manufacturing Director,Medical,Married,Travel_Rarely,6596.0,2,1,9.0,Yes,3,3.0,2,2,6,No
481,38,Male,Sales,Sales Representative,Human Resources,Divorced,Travel_Rarely,5143.0,0,0,1.0,No,3,1.0,3,2,1,No
482,34,Male,Research & Development,Manufacturing Director,Medical,Married,Travel_Rarely,8305.0,0,0,4.0,No,3,3.0,2,4,3,No
483,26,Female,Research & Development,Research Scientist,Marketing,Married,Travel_Rarely,8754.0,0,0,2.0,No,3,4.0,4,2,3,No
484,33,Female,Research & Development,Research Director,Technical Degree,Single,Travel_Frequently,8388.0,7,5,10.0,No,3,2.0,3,2,0,No
485,52,Female,Research & Development,Manufacturing Director,Human Resources,Married,Non-Travel,2349.0,0,0,5.0,No,4,4.0,3,2,4,No
486,18,Male,Research & Development,Laboratory Technician,Other,Single,Travel_Rarely,7351.0,0,0,23.0,No,3,3.0,3,3,1,Yes
487,33,Male,Research & Development,Manufacturing Director,Medical,Married,Travel_Rarely,8768.0,6,3,2.0,No,2,3.0,2,1,2,Yes
488,53,Male,Research & Development,Research Director,Marketing,Single,Travel_Rarely,2312.0,1,0,6.0,No,3,2.0,3,1,3,No
489,32,Female,Research & Development,Research Director,Technical Degree,Married,Travel_Rarely,6464.0,4,1,6.0,No,4,2.0,3,4,2,No
490,34,Female,Sales,Manager,Medical,Single,Travel_Rarely,6053.0,0,0,21.0,No,3,2.0,3,2,1,No
491,46,Male,Sales,Sales Executive,Marketing,Divorced,Travel_Rarely,7236.0,3,1,2.0,No,2,3.0,3,3,7,No
492,42,Male,Research & Development,Manufacturing Director,Technical Degree,Divorced,Travel_Rarely,1448.0,1,0,8.0,No,3,3.0,3,3,0,Yes
493,25,Male,Human Resources,HR Manager,Medical,Married,Travel_Rarely,8612.0,0,0,1.0,No,2,4.0,3,2,3,Yes
494,33,Male,Sales,Sales Executive,Life Sciences,Married,Travel_Rarely,7118.0,0,0,5.0,No,4,3.0,3,4,1,No
495,35,Male,Sales,Sales Representative,Human Resources,Married,Travel_Rarely,8646.0,10,8,1.0,No,2,2.0,4,2,5,No
496,33,Male,Research & Development,Manufacturing Director,Medical,Married,Travel_Rarely,7538.0,0,0,11.0,No,4,3.0,3,2,5,Yes
497,36,Male,Research & Development,Research Director,Technical Degree,Single,Travel_Rarely,4650.0,2,1,7.0,No,2,3.0,2,3,3,No
498,46,Male,Research & Development,Manufacturing Director,Life Sciences,Single,Travel_Rarely,6356.0,2,1,7.0,Yes,3,3.0,3,1,1,No
499,27,Female,Sales,Manager,Marketing,Single,Travel_Frequently,10933.0,9,6,14.0,No,1,3.0,1,2,8,No
500,34,Female,Research & Development,Manufacturing Director,Life Sciences,Single,Travel_Frequently,7674.0,9,3,7.0,Yes,3,4.0,2,4,1,Yes
501,52,Female,Research & Development,Laboratory Technician,Human Resources,Divorced,Travel_Rarely,4629.0,1,0,10.0,No,4,3.0,3,2,2,No
502,55,Male,Research & Development,Manufacturing Director,Medical,Divorced,Travel_Rarely,13472.0,0,0,2.0,No,2,4.0,3,4,2,Yes
503,40,Female,Research & Development,Manufacturing Director,Human Resources,Single,Travel_Rarely,5248.0,9,7,1.0,Yes,1,3.0,3,2,2,No
504,29,Male,Research & Development,Research Director,Human Resources,Married,Travel_Rarely,11234.0,3,1,1.0,No,2,3.0,2,2,5,Yes
505,48,Male,Sales,Manager,Other,Married,Travel_Rarely,5628.0,1,0,5.0,Yes,4,2.0,3,1,4,Yes
506,28,Male,Research & Development,Laboratory Technician,Life Sciences,Divorced,Travel_Frequently,12684.0,0,0,9.0,No,4,2.0,3,3,2,No
507,38,Female,Research & Development,Laboratory Technician,Life Sciences,Married,Travel_Rarely,8356.0,8,6,3.0,Yes,4,2.0,3,3,4,No
508,40,Male,Research & Development,Manufacturing Director,Life Sciences,Married,Travel_Rarely,10354.0,7,6,1.0,No,3,4.0,4,0,3,No
509,49,Female,Research & Development,Laboratory Technician,Human Resources,Single,Travel_Rarely,6142.0,2,1,17.0,No,2,1.0,3,2,0,Yes
510,38,Male,Sales,Manager,Human Resources,Married,Travel_Frequently,7306.0,2,0,17.0,Yes,4,3.0,3,2,2,Yes
511,23,Male,Research & Development,Research Director,Technical Degree,Married,Travel_Rarely,15899.0,5,3,8.0,No,3,3.0,2,1,0,No
512,51,Male,Sales,Sales Representative,Technical Degree,Married,Travel_Rarely,6882.0,0,0,11.0,Yes,1,4.0,3,3,5,Yes
513,40,Male,Research & Development,Research Scientist,Marketing,Married,Travel_Rarely,8634.0,0,0,11.0,No,4,4.0,3,1,1,No
514,30,Male,Sales,Manager,Other,Married,Travel_Rarely,5814.0,12,6,1.0,No,4,3.0,3,7,2,No
515,34,Female,Sales,Sales Representative,Technical Degree,Divorced,Travel_Rarely,3009.0,0,0,3.0,No,4,2.0,3,0,0,Yes
516,60,Female,Research & Development,Manufacturing Director,Medical,Divorced,Travel_Rarely,8775.0,1,0,2.0,No,4,3.0,3,2,2,No
517,49,Male,Research & Development,Manufacturing Director,Human Resources,Married,Travel_Rarely,8057.0,0,0,1.0,No,4,3.0,4,0,5,No
518,44,Male,Research & Development,Laboratory Technician,Technical Degree,Single,Travel_Frequently,2752.0,8,6,5.0,No,4,3.0,3,4,1,Yes
519,31,Male,Sales,Sales Executive,Technical Degree,Married,Travel_Rarely,4801.0,0,0,1.0,Yes,2,3.0,3,1,2,No
520,52,Male,Research & Development,Manufacturing Director,Technical Degree,Single,Travel_Rarely,5134.0,7,5,5.0,No,1,4.0,3,6,3,Yes
521,43,Male,Research & Development,Manufacturing Director,Life Sciences,Single,Travel_Rarely,3356.0,4,1,1.0,No,2,3.0,3,1,1,Yes
522,52,Female,Sales,Sales Representative,Life Sciences,Married,Travel_Rarely,11594.0,25,9,1.0,No,4,4.0,3,6,3,No
523,38,Male,Research & Development,Manufacturing Director,Technical Degree,Divorced,Travel_Rarely,6420.0,2,1,5.0,Yes,1,1.0,3,1,2,No
524,40,Male,Sales,Manager,Marketing,Divorced,Travel_Frequently,6067.0,1,0,1.0,Yes,4,3.0,4,5,4,No
525,36,Male,Research & Development,Research Scientist,Marketing,Married,Travel_Rarely,7969.0,0,0,6.0,No,2,3.0,3,4,4,Yes
526,33,Male,Human Resources,Human Resources,Marketing,Married,Travel_Frequently,6350.0,5,3,18.0,No,3,3.0,3,1,2,No
527,39,Male,Human Resources,HR Manager,Marketing,Single,Travel_Rarely,6748.0,0,0,2.0,No,4,3.0,3,2,3,No
528,48,Female,Research & Development,Research Scientist,Other,Divorced,Travel_Rarely,8832.0,1,0,15.0,No,2,4.0,2,1,0,No
529,42,Male,Sales,Sales Executive,Other,Married,Travel_Rarely,7742.0,1,0,11.0,No,4,4.0,3,2,3,Yes
530,41,Male,Sales,Manager,Medical,Single,Travel_Rarely,10784.0,0,0,4.0,No,2,3.0,2,6,2,Yes
531,43,Male,Research & Development,Manufacturing Director,Human Resources,Divorced,Travel_Rarely,4921.0,4,2,1.0,No,2,2.0,2,3,4,Yes
532,46,Female,Research & Development,Research Scientist,Medical,Divorced,Travel_Frequently,8165.0,0,0,1.0,Yes,1,4.0,4,6,8,Yes
533,41,Female,Research & Development,Manufacturing Director,Human Resources,Single,Travel_Rarely,13525.0,2,0,5.0,Yes,2,3.0,3,3,1,No
534,29,Male,Research & Development,Research Scientist,Life Sciences,Married,Travel_Rarely,7306.0,10,6,1.0,No,1,3.0,3,1,0,No
535,25,Female,Research & Development,Research Director,Other,Married,Travel_Rarely,9163.0,2,1,4.0,Yes,2,3.0,3,2,1,Yes
536,43,Female,Research & Development,Manufacturing Director,Marketing,Married,Travel_Rarely,4185.0,5,4,1.0,No,4,2.0,3,4,5,No
537,53,Female,Sales,Sales Executive,Other,Married,Travel_Rarely,3618.0,0,0,16.0,No,3,3.0,1,6,1,Yes
538,30,Male,Sales,Manager,Life Sciences,Divorced,Travel_Frequently,5601.0,1,0,12.0,Yes,4,2.0,3,3,1,Yes
539,42,Male,Human Resources,Human Resources,Human Resources,Divorced,Travel_Rarely,5621.0,7,2,4.0,No,2,3.0,2,2,3,No
540,39,Male,Research & Development,Research Director,Other,Single,Travel_Rarely,14504.0,11,5,6.0,No,3,3.0,3,4,6,No
541,34,Male,Sales,Manager,Marketing,Married,Travel_Rarely,10148.0,16,6,1.0,Yes,3,3.0,3,2,5,No
542,18,Male,Sales,Manager,Human Resources,Divorced,Travel_Rarely,5782.0,0,0,14.0,No,4,3.0,2,0,6,Yes
543,29,Female,Research & Development,Laboratory Technician,Other,Single,Non-Travel,5659.0,7,6,12.0,No,2,2.0,2,4,3,No
544,32,Female,Sales,Manager,Human Resources,Married,Travel_Rarely,1922.0,0,0,12.0,No,2,2.0,2,0,6,Yes
545,35,Female,Human Resources,Human Resources,Other,Single,Travel_Rarely,4169.0,2,0,2.0,No,4,3.0,2,4,5,Yes
546,25,Female,Sales,Sales Executive,Technical Degree,Single,Travel_Rarely,5470.0,3,2,1.0,No,4,3.0,3,3,1,No
547,49,Male,Research & Development,Manufacturing Director,Human Resources,Married,Non-Travel,8036.0,1,0,3.0,No,4,3.0,3,3,3,No
548,35,Male,Sales,Sales Executive,Medical,Single,Travel_Rarely,5260.0,9,8,1.0,No,4,3.0,3,2,1,No
549,59,Male,Research & Development,Research Director,Life Sciences,Married,Non-Travel,3116.0,2,0,3.0,No,3,4.0,3,1,2,Yes
550,45,Female,Research & Development,Research Director,Human Resources,Single,Travel_Rarely,14254.0,6,3,1.0,Yes,3,3.0,2,2,1,No
551,44,Female,Research & Development,Laboratory Technician,Other,Married,Travel_Frequently,2658.0,0,0,15.0,No,1,1.0,2,5,4,Yes
552,47,Female,Sales,Sales Executive,Other,Married,Travel_Rarely,14101.0,2,1,8.0,No,2,4.0,2,1,3,No
553,37,Male,Research & Development,Research Director,Other,Single,Travel_Frequently,8187.0,5,1,2.0,Yes,3,2.0,3,1,0,No
554,21,Female,Research & Development,Laboratory Technician,Life Sciences,Married,Travel_Frequently,3961.0,3,1,1.0,No,4,1.0,3,1,2,No
555,32,Female,Research & Development,Laboratory Technician,Other,Married,Travel_Rarely,2464.0,4,3,26.0,No,3,3.0,4,1,0,Yes
556,37,Male,Sales,Sales Representative,Life Sciences,Single,Travel_Frequently,7432.0,8,6,10.0,No,4,3.0,3,3,4,No
557,18,Male,Research & Development,Laboratory Technician,Life Sciences,Single,Travel_Rarely,3067.0,0,0,11.0,No,4,4.0,2,3,3,Yes
558,55,Male,Research & Development,Research Scientist,Technical Degree,Single,Non-Travel,6023.0,2,1,1.0,No,1,4.0,3,1,3,No
559,33,Female,Human Resources,Human Resources,Technical Degree,Married,Travel_Rarely,2474.0,4,1,2.0,No,4,2.0,2,2,2,No
560,39,Female,Research & Development,Laboratory Technician,Marketing,Single,Travel_Rarely,10862.0,3,1,4.0,Yes,4,4.0,2,2,3,No
561,41,Female,Human Resources,HR Manager,Technical Degree,Married,Travel_Frequently,1000.0,7,3,1.0,No,4,3.0,4,1,5,No
562,25,Male,Sales,Manager,Human Resources,Single,Travel_Frequently,3758.0,7,5,8.0,No,2,4.0,3,1,2,No
563,48,Male,Sales,Sales Executive,Medical,Single,Travel_Rarely,8624.0,7,6,5.0,No,4,2.0,3,3,3,Yes
564,48,Female,Sales,Sales Executive,Other,Single,Travel_Rarely,6255.0,3,1,8.0,No,3,1.0,2,1,1,No
565,35,Male,Research & Development,Research Director,Human Resources,Single,Non-Travel,4920.0,9,6,2.0,No,4,4.0,4,2,0,No
566,39,Male,Research & Development,Research Scientist,Technical Degree,Divorced,Travel_Rarely,4183.0,6,2,8.0,Yes,2,4.0,3,0,2,No
567,42,Male,Research & Development,Laboratory Technician,Human Resources,Divorced,Travel_Rarely,6702.0,5,4,3.0,Yes,4,1.0,4,1,4,Yes
568,18,Male,Research & Development,Manufacturing Director,Life Sciences,Married,Travel_Rarely,10324.0,0,0,16.0,No,4,3.0,1,0,1,Yes
569,40,Male,Sales,Manager,Life Sciences,Married,Travel_Rarely,13757.0,2,1,14.0,No,3,4.0,3,2,7,No
570,28,Male,Research & Development,Laboratory Technician,Marketing,Divorced,Travel_Frequently,5830.0,10,5,7.0,No,3,4.0,3,2,7,No
571,25,Male,Research & Development,Laboratory Technician,Life Sciences,Married,Travel_Rarely,5385.0,2,0,1.0,No,4,2.0,2,2,1,No
572,31,Male,Human Resources,Human Resources,Technical Degree,Single,Travel_Rarely,6071.0,3,2,6.0,Yes,4,3.0,4,3,2,No
573,45,Male,Research & Development,Manufacturing Director,Life Sciences,Married,Travel_Rarely,10926.0,2,1,2.0,No,3,2.0,4,3,4,Yes
574,38,Male,Sales,Manager,Human Resources,Divorced,Travel_Rarely,3138.0,4,2,1.0,No,1,3.0,3,4,4,No
575,47,Male,Research & Development,Research Scientist,Life Sciences,Single,Travel_Rarely,6700.0,1,0,24.0,No,4,3.0,2,5,1,Yes
576,35,Male,Research & Development,Laboratory Technician,Technical Degree,Married,Travel_Rarely,8562.0,9,6,1.0,Yes,4,1.0,3,3,5,No
577,41,Male,Research & Development,Laboratory Technician,Medical,Single,Travel_Rarely,7340.0,1,0,29.0,No,2,2.0,2,4,4,Yes
578,29,Female,Sales,Sales Executive,Medical,Married,Travel_Rarely,11304.0,5,4,6.0,No,1,3.0,4,2,3,Yes
579,24,Male,Research & Development,Research Scientist,Medical,Married,Travel_Frequently,9242.0,4,3,16.0,No,2,2.0,3,1,0,No
580,23,Female,Sales,Sales Representative,Marketing,Single,Travel_Rarely,7255.0,3,2,7.0,No,3,4.0,4,2,2,No
581,41,Male,Research & Development,Research Scientist,Medical,Divorced,Non-Travel,7544.0,2,1,6.0,Yes,4,4.0,3,2,5,No
582,20,Male,Research & Development,Manufacturing Director,Human Resources,Married,Travel_Rarely,8331.0,1,0,8.0,No,4,4.0,2,2,3,No
583,45,Female,Sales,Sales Representative,Other,Married,Travel_Frequently,15839.0,7,4,15.0,Yes,4,2.0,3,4,6,No
584,32,Male,Research & Development,Research Director,Human Resources,Married,Travel_Rarely,1000.0,1,0,8.0,No,2,4.0,2,1,2,Yes
585,41,Male,Sales,Sales Executive,Medical,Single,Travel_Rarely,11095.0,10,8,3.0,No,2,2.0,2,3,5,No
586,47,Female,Research & Development,Laboratory Technician,Marketing,Single,Non-Travel,7624.0,1,0,7.0,No,2,3.0,3,0,2,Yes
587,47,Female,Sales,Sales Representative,Marketing,Divorced,Non-Travel,7020.0,1,0,1.0,No,2,2.0,3,0,2,No
588,37,Male,Research & Development,Research Scientist,Life Sciences,Single,Non-Travel,8109.0,5,2,4.0,No,2,2.0,3,3,2,No
589,26,Male,Research & Development,Manufacturing Director,Technical Degree,Single,Travel_Rarely,10742.0,1,0,1.0,Yes,2,3.0,2,3,5,No
590,39,Female,Research & Development,Research Director,Technical Degree,Divorced,Travel_Rarely,5894.0,2,1,2.0,Yes,2,1.0,4,3,3,Yes
591,33,Male,Sales,Sales Executive,Technical Degree,Divorced,Travel_Rarely,7137.0,2,1,10.0,No,3,4.0,4,1,4,No
592,35,Male,Research & Development,Research Director,Other,Married,Travel_Rarely,10913.0,7,6,3.0,No,4,2.0,2,3,1,No
593,41,Male,Sales,Sales Executive,Medical,Divorced,Travel_Rarely,8240.0,4,1,5.0,No,2,3.0,4,5,1,No
594,50,Male,Research & Development,Research Director,Life Sciences,Married,Travel_Rarely,1000.0,0,0,18.0,No,3,3.0,3,2,3,No
595,33,Male,Research & Development,Research Director,Medical,Married,Travel_Frequently,7306.0,4,2,6.0,No,3,2.0,4,1,0,No
596,41,Male,Research & Development,Research Director,Medical,Divorced,Travel_Rarely,10863.0,0,0,1.0,No,3,3.0,2,2,1,No
597,28,Male,Research & Development,Laboratory Technician,Life Sciences,Single,Travel_Rarely,3904.0,0,0,9.0,No,3,3.0,2,4,2,No
598,51,Male,Research & Development,Research Director,Technical Degree,Single,Travel_Rarely,5826.0,1,0,23.0,No,4,4.0,3,1,4,No
599,48,Male,Research & Development,Manufacturing Director,Medical,Married,Travel_Frequently,11032.0,0,0,30.0,No,4,2.0,2,1,1,Yes
600,24,Female,Sales,Manager,Technical Degree,Divorced,Travel_Rarely,4519.0,6,3,1.0,No,3,3.0,4,1,2,Yes
601,33,Female,Research & Development,Laboratory Technician,Other,Divorced,Travel_Frequently,12876.0,8,6,21.0,No,1,4.0,4,2,1,Yes
602,21,Male,Human Resources,Human Resources,Technical Degree,Divorced,Travel_Rarely,12034.0,3,1,4.0,No,2,4.0,3,4,3,Yes
603,60,Male,Research & Development,Laboratory Technician,Marketing,Single,Travel_Rarely,10033.0,5,3,1.0,Yes,4,2.0,2,3,3,No
604,33,Female,Sales,Manager,Marketing,Married,Travel_Rarely,4853.0,1,0,5.0,No,4,4.0,3,2,0,No
605,23,Female,Research & Development,Laboratory Technician,Technical Degree,Married,Travel_Rarely,7201.0,1,0,2.0,No,3,2.0,3,3,1,Yes
606,24,Female,Human Resources,HR Manager,Life Sciences,Married,Travel_Rarely,4019.0,2,0,1.0,No,4,3.0,3,3,3,No
607,34,Female,Human Resources,HR Manager,Medical,Single,Travel_Rarely,6194.0,2,1,7.0,No,4,3.0,2,1,3,No
608,49,Female,Research & Development,Manufacturing Director,Other,Single,Travel_Rarely,2914.0,6,1,25.0,No,2,4.0,3,1,1,Yes
609,24,Female,Sales,Sales Executive,Human Resources,Single,Travel_Rarely,14128.0,1,0,9.0,No,1,4.0,3,5,2,Yes
610,40,Male,Sales,Manager,Life Sciences,Divorced,Travel_Rarely,4078.0,4,1,1.0,Yes,1,3.0,2,2,4,Yes
611,38,Male,Human Resources,Human Resources,Other,Single,Non-Travel,7306.0,5,2,1.0,No,3,4.0,3,2,4,No
612,29,Male,Research & Development,Laboratory Technician,Life Sciences,Married,Travel_Rarely,1000.0,4,3,1.0,Yes,3,3.0,3,2,3,Yes
613,55,Female,Research & Development,Manufacturing Director,Human Resources,Single,Travel_Rarely,4886.0,0,0,1.0,No,3,3.0,4,1,2,Yes
614,27,Female,Research & Development,Research Director,Life Sciences,Married,Travel_Frequently,1701.0,4,2,7.0,Yes,4,3.0,3,2,1,No
615,36,Male,Research & Development,Research Director,Other,Single,Travel_Rarely,8389.0,2,1,14.0,Yes,2,3.0,1,2,3,Yes
616,45,Male,Human Resources,HR Manager,Other,Single,Travel_Rarely,1000.0,0,0,2.0,No,2,3.0,3,2,2,Yes
617,37,Male,Research & Development,Laboratory Technician,Technical Degree,Single,Travel_Rarely,1553.0,3,2,1.0,No,3,4.0,1,1,6,No
618,32,Female,Research & Development,Manufacturing Director,Life Sciences,Married,Travel_Rarely,5660.0,3,2,1.0,No,3,4.0,3,3,2,Yes
619,44,Female,Research & Development,Research Director,Marketing,Single,Travel_Frequently,10334.0,4,2,17.0,No,4,4.0,3,3,0,No
620,32,Male,Sales,Manager,Other,Married,Travel_Rarely,4667.0,3,2,30.0,No,3,3.0,3,1,0,No
621,37,Female,Sales,Sales Executive,Medical,Married,Travel_Frequently,1000.0,0,0,17.0,No,3,3.0,2,0,3,No
622,48,Female,Sales,Sales Representative,Other,Single,Travel_Rarely,6047.0,3,2,10.0,Yes,4,1.0,4,2,2,No
623,51,Female,Research & Development,Manufacturing Director,Life Sciences,Single,Travel_Rarely,8612.0,3,1,30.0,No,4,1.0,3,1,1,Yes
624,20,Female,Research & Development,Laboratory Technician,Human Resources,Single,Non-Travel,1000.0,2,1,13.0,No,4,3.0,3,3,3,No
625,45,Male,Human Resources,HR Manager,Technical Degree,Single,Travel_Rarely,1013.0,3,2,10.0,No,4,4.0,3,1,5,Yes
626,43,Female,Research & Development,Manufacturing Director,Marketing,Divorced,Travel_Rarely,8762.0,0,0,12.0,Yes,3,3.0,2,0,4,No
627,32,Male,Research & Development,Research Director,Technical Degree,Married,Travel_Rarely,10065.0,0,0,4.0,No,2,3.0,3,1,7,No
628,30,Male,Sales,Manager,Life Sciences,Single,Travel_Rarely,7162.0,7,4,1.0,Yes,3,4.0,3,3,5,No
629,37,Female,Sales,Sales Executive,Other,Married,Travel_Rarely,4547.0,0,0,18.0,Yes,4,4.0,3,3,2,No
630,36,Male,Human Resources,Human Resources,Other,Married,Travel_Rarely,4579.0,17,9,3.0,Yes,1,3.0,3,3,4,No
631,44,Male,Research & Development,Manufacturing Director,Life Sciences,Single,Travel_Rarely,9374.0,18,8,1.0,Yes,3,1.0,3,0,1,No
632,38,Female,Sales,Sales Representative,Life Sciences,Divorced,Travel_Rarely,7306.0,2,1,4.0,No,3,3.0,4,0,1,No
633,45,Female,Human Resources,Human Resources,Life Sciences,Single,Travel_Rarely,5467.0,1,0,19.0,No,1,3.0,3,2,5,Yes
634,24,Female,Research & Development,Research Scientist,Life Sciences,Married,Travel_Frequently,11588.0,6,4,2.0,No,4,2.0,3,3,7,No
635,48,Male,Sales,Sales Representative,Marketing,Single,Travel_Rarely,2726.0,1,0,3.0,No,4,3.0,3,1,1,No
636,46,Male,Research & Development,Laboratory Technician,Life Sciences,Single,Non-Travel,5686.0,0,0,5.0,No,4,3.0,3,1,2,No
637,43,Male,Research & Development,Research Director,Marketing,Married,Travel_Rarely,15565.0,0,0,14.0,Yes,3,1.0,4,0,4,Yes
638,28,Male,Research & Development,Research Scientist,Medical,Married,Travel_Rarely,5172.0,5,3,3.0,No,2,4.0,3,2,4,No
639,39,Male,Sales,Manager,Technical Degree,Married,Travel_Rarely,8326.0,0,0,5.0,No,3,2.0,4,2,1,No
640,37,Male,Sales,Sales Executive,Technical Degree,Married,Travel_Rarely,5339.0,7,2,4.0,Yes,4,2.0,3,2,4,Yes
641,53,Male,Research & Development,Laboratory Technician,Human Resources,Married,Non-Travel,12406.0,2,1,8.0,No,2,3.0,3,6,2,Yes
642,29,Male,Human Resources,Human Resources,Life Sciences,Married,Travel_Frequently,8142.0,0,0,6.0,Yes,4,3.0,2,3,1,Yes
643,39,Male,Research & Development,Research Scientist,Marketing,Married,Travel_Frequently,10757.0,2,1,16.0,No,2,2.0,3,3,0,Yes
644,23,Female,Human Resources,Human Resources,Life Sciences,Married,Travel_Rarely,6647.0,3,2,4.0,No,4,4.0,3,6,5,Yes
645,36,Male,Research & Development,Manufacturing Director,Technical Degree,Single,Travel_Rarely,9415.0,12,5,1.0,No,4,3.0,3,0,2,No
646,18,Female,Research & Development,Research Director,Human Resources,Married,Travel_Rarely,3699.0,0,0,3.0,Yes,2,2.0,3,1,6,Yes
647,31,Male,Research & Development,Manufacturing Director,Other,Single,Travel_Rarely,2335.0,1,0,12.0,No,3,4.0,3,4,6,Yes
648,28,Male,Human Resources,Human Resources,Life Sciences,Single,Travel_Rarely,6009.0,2,0,4.0,No,4,3.0,3,0,2,No
649,33,Female,Research & Development,Research Director,Other,Single,Travel_Rarely,8982.0,1,0,6.0,Yes,3,4.0,3,2,2,No
650,40,Male,Research & Development,Research Director,Other,Married,Non-Travel,1000.0,0,0,2.0,No,2,3.0,3,3,2,Yes
651,37,Male,Sales,Manager,Other,Divorced,Travel_Frequently,3310.0,4,2,1.0,No,4,4.0,3,2,1,No
652,26,Female,Research & Development,Research Director,Marketing,Divorced,Travel_Rarely,8360.0,7,3,7.0,No,4,4.0,3,4,3,No
653,37,Male,Research & Development,Laboratory Technician,Other,Divorced,Travel_Rarely,4982.0,3,1,9.0,No,2,2.0,4,4,5,No
654,52,Female,Research & Development,Manufacturing Director,Marketing,Divorced,Travel_Rarely,7092.0,4,1,1.0,Yes,2,3.0,3,1,4,No
655,37,Male,Research & Development,Manufacturing Director,Life Sciences,Single,Travel_Rarely,6119.0,0,0,2.0,No,3,3.0,3,1,6,Yes
656,35,Male,Research & Development,Research Scientist,Marketing,Married,Travel_Rarely,2848.0,2,1,16.0,No,1,4.0,3,2,2,No
657,27,Female,Research & Development,Research Scientist,Human Resources,Divorced,Travel_Rarely,9002.0,9,8,2.0,No,1,4.0,3,0,1,No
658,39,Male,Human Resources,HR Manager,Life Sciences,Single,Travel_Frequently,3201.0,2,0,8.0,No,3,3.0,3,3,1,No
659,27,Male,Sales,Manager,Technical Degree,Married,Travel_Rarely,8458.0,7,5,18.0,Yes,2,4.0,3,1,2,Yes
660,33,Female,Human Resources,Human Resources,Human Resources,Married,Travel_Frequently,7306.0,1,0,19.0,Yes,4,2.0,2,1,9,Yes
661,19,Male,Research & Development,Manufacturing Director,Marketing,Single,Travel_Rarely,1576.0,1,0,9.0,No,4,2.0,2,4,6,Yes
662,20,Male,Sales,Manager,Other,Married,Travel_Rarely,7248.0,1,0,1.0,No,4,1.0,3,5,2,Yes
663,27,Female,Research & Development,Research Scientist,Other,Married,Travel_Frequently,7306.0,9,4,16.0,No,4,2.0,3,1,6,Yes
664,49,Female,Research & Development,Research Scientist,Medical,Divorced,Travel_Rarely,6869.0,12,9,4.0,Yes,4,4.0,3,1,5,No
665,35,Male,Research & Development,Laboratory Technician,Medical,Divorced,Travel_Frequently,8017.0,0,0,10.0,No,3,3.0,4,4,2,No
666,32,Male,Research & Development,Research Scientist,Life Sciences,Married,Travel_Rarely,1000.0,14,7,8.0,No,4,4.0,3,1,4,No
667,25,Female,Human Resources,HR Manager,Marketing,Single,Travel_Rarely,2608.0,3,1,6.0,Yes,2,3.0,2,2,2,Yes
668,47,Female,Human Resources,Human Resources,Technical Degree,Single,Travel_Rarely,1740.0,1,0,5.0,No,4,1.0,3,2,0,Yes
669,29,Male,Research & Development,Manufacturing Director,Human Resources,Single,Travel_Rarely,13925.0,0,0,1.0,No,4,3.0,3,3,5,No
670,40,Male,Research & Development,Manufacturing Director,Medical,Married,Travel_Rarely,10384.0,2,1,20.0,Yes,4,3.0,4,5,3,Yes
671,45,Male,Research & Development,Manufacturing Director,Technical Degree,Married,Travel_Rarely,11755.0,0,0,1.0,No,2,3.0,3,2,5,No
672,40,Male,Research & Development,Laboratory Technician,Life Sciences,Married,Travel_Rarely,7667.0,4,2,1.0,No,2,3.0,4,3,1,No
673,33,Female,Research & Development,Manufacturing Director,Medical,Divorced,Travel_Rarely,1000.0,1,0,3.0,No,2,4.0,3,2,0,Yes
674,41,Female,Human Resources,Human Resources,Technical Degree,Married,Travel_Rarely,11905.0,11,8,10.0,No,1,3.0,3,0,1,No
675,50,Male,Sales,Sales Representative,Human Resources,Married,Travel_Frequently,10055.0,6,5,15.0,Yes,2,3.0,3,2,3,Yes
676,45,Female,Research & Development,Laboratory Technician,Life Sciences,Divorced,Travel_Rarely,9110.0,7,3,5.0,Yes,2,3.0,4,2,0,No
677,38,Male,Research & Development,Research Scientist,Other,Married,Travel_Rarely,10662.0,0,0,9.0,No,3,1.0,3,2,4,No
678,25,Female,Research & Development,Research Scientist,Other,Single,Travel_Rarely,8995.0,0,0,5.0,No,1,1.0,3,6,2,Yes
679,46,Male,Research & Development,Manufacturing Director,Human Resources,Married,Non-Travel,7306.0,1,0,6.0,No,4,3.0,3,2,2,No
680,45,Male,Sales,Sales Representative,Life Sciences,Divorced,Travel_Frequently,10946.0,0,0,1.0,No,4,2.0,3,4,6,No
681,19,Male,Research & Development,Laboratory Technician,Technical Degree,Married,Travel_Rarely,1000.0,1,0,10.0,No,2,3.0,4,2,4,No
682,33,Male,Sales,Sales Executive,Technical Degree,Divorced,Travel_Rarely,2252.0,3,2,7.0,No,2,3.0,2,3,0,Yes
683,50,Female,Research & Development,Research Director,Marketing,Married,Travel_Rarely,4436.0,8,5,1.0,No,1,3.0,3,4,4,No
684,45,Male,Sales,Sales Executive,Medical,Single,Travel_Rarely,15117.0,7,3,8.0,No,3,3.0,2,1,2,No
685,43,Male,Sales,Manager,Technical Degree,Married,Travel_Rarely,6430.0,1,0,12.0,No,3,1.0,3,3,4,No
686,32,Female,Research & Development,Research Director,Technical Degree,Married,Travel_Rarely,1000.0,4,2,1.0,No,4,2.0,3,4,3,Yes
687,31,Male,Human Resources,HR Manager,Life Sciences,Married,Travel_Frequently,5298.0,0,0,2.0,No,1,2.0,3,3,1,Yes
688,39,Male,Sales,Manager,Marketing,Divorced,Travel_Rarely,4386.0,1,0,8.0,No,2,2.0,3,3,2,No
689,23,Female,Research & Development,Research Scientist,Marketing,Single,Travel_Rarely,14444.0,2,0,1.0,No,4,2.0,2,0,6,No
690,40,Male,Sales,Manager,Human Resources,Married,Travel_Rarely,11981.0,7,2,1.0,No,3,2.0,3,4,1,No
691,39,Female,Research & Development,Laboratory Technician,Technical Degree,Single,Travel_Rarely,1000.0,4,2,4.0,Yes,3,2.0,2,4,2,No
692,35,Female,Sales,Sales Representative,Medical,Married,Travel_Rarely,10219.0,0,0,3.0,No,4,3.0,3,3,2,Yes
693,52,Female,Research & Development,Laboratory Technician,Medical,Single,Travel_Rarely,7053.0,6,3,1.0,No,3,2.0,4,3,0,No
694,21,Male,Sales,Sales Executive,Life Sciences,Married,Non-Travel,9534.0,0,0,1.0,No,3,3.0,3,2,2,No
695,46,Male,Sales,Sales Executive,Human Resources,Single,Travel_Rarely,1000.0,6,4,9.0,No,1,2.0,3,1,2,Yes
696,31,Male,Research & Development,Laboratory Technician,Technical Degree,Married,Travel_Frequently,12504.0,1,0,4.0,No,2,2.0,3,2,0,No
697,44,Female,Sales,Sales Executive,Marketing,Married,Travel_Frequently,9428.0,11,8,5.0,No,4,2.0,3,4,1,No
698,32,Female,Human Resources,HR Manager,Other,Divorced,Travel_Rarely,8500.0,14,6,5.0,Yes,3,3.0,2,3,7,No
699,35,Female,Sales,Sales Executive,Marketing,Married,Travel_Rarely,5493.0,10,8,13.0,No,3,2.0,2,2,1,No
700,49,Male,Research & Development,Research Scientist,Life Sciences,Married,Travel_Frequently,10129.0,9,7,3.0,No,3,1.0,3,1,1,No
701,41,Female,Sales,Manager,Other,Married,Travel_Rarely,8265.0,10,9,1.0,Yes,1,3.0,2,2,7,No
702,37,Male,Research & Development,Manufacturing Director,Human Resources,Married,Travel_Rarely,2913.0,4,2,1.0,No,2,3.0,3,5,3,No
703,35,Male,Research & Development,Laboratory Technician,Life Sciences,Single,Travel_Rarely,8244.0,6,4,6.0,No,2,2.0,3,3,2,No
704,41,Female,Human Resources,HR Manager,Marketing,Divorced,Travel_Rarely,7306.0,0,0,20.0,No,2,3.0,2,4,1,Yes
705,27,Male,Research & Development,Research Scientist,Medical,Married,Travel_Rarely,3463.0,1,0,6.0,No,4,4.0,3,2,4,Yes
706,42,Female,Human Resources,Human Resources,Marketing,Married,Travel_Rarely,8576.0,7,4,1.0,No,3,4.0,3,1,2,No
707,28,Female,Research & Development,Research Director,Life Sciences,Married,Travel_Rarely,7866.0,3,2,5.0,No,3,2.0,3,2,6,No
708,47,Female,Research & Development,Laboratory Technician,Human Resources,Single,Non-Travel,11766.0,20,11,1.0,No,2,3.0,3,3,0,No
709,46,Female,Research & Development,Research Director,Human Resources,Divorced,Travel_Frequently,12581.0,2,1,6.0,Yes,4,4.0,3,4,7,No
710,41,Female,Sales,Sales Representative,Life Sciences,Married,Travel_Rarely,6052.0,9,4,3.0,Yes,4,3.0,3,3,3,Yes
711,24,Female,Sales,Sales Representative,Marketing,Married,Travel_Rarely,10444.0,0,0,1.0,No,4,2.0,3,5,0,No
712,39,Male,Human Resources,HR Manager,Life Sciences,Single,Travel_Rarely,8212.0,2,0,1.0,No,3,3.0,4,2,0,No
713,35,Male,Research & Development,Research Director,Technical Degree,Married,Travel_Rarely,9376.0,1,0,12.0,No,1,3.0,3,4,0,Yes
714,38,Male,Sales,Sales Executive,Other,Married,Travel_Rarely,7134.0,1,0,1.0,No,1,3.0,3,2,2,No
715,35,Male,Research & Development,Research Scientist,Medical,Married,Travel_Rarely,9689.0,2,1,1.0,No,2,4.0,3,2,1,No
716,32,Female,Human Resources,Human Resources,Human Resources,Single,Travel_Rarely,12399.0,6,5,5.0,No,1,4.0,3,0,5,No
717,32,Male,Research & Development,Manufacturing Director,Life Sciences,Married,Travel_Rarely,6235.0,3,2,3.0,Yes,1,3.0,2,3,2,No
718,21,Male,Sales,Manager,Marketing,Married,Travel_Frequently,11386.0,2,1,16.0,No,3,4.0,3,1,2,No
719,36,Male,Research & Development,Laboratory Technician,Human Resources,Married,Travel_Rarely,4954.0,2,1,27.0,No,4,2.0,2,1,1,No
720,44,Male,Research & Development,Manufacturing Director,Human Resources,Married,Travel_Rarely,12089.0,2,0,3.0,No,3,2.0,2,5,3,No
721,30,Male,Research & Development,Research Director,Human Resources,Married,Travel_Rarely,9427.0,12,9,7.0,No,2,3.0,3,4,6,Yes
722,35,Male,Research & Development,Manufacturing Director,Other,Single,Travel_Rarely,8710.0,5,3,13.0,No,1,3.0,3,6,1,Yes
723,37,Female,Research & Development,Manufacturing Director,Marketing,Single,Travel_Rarely,5023.0,5,3,8.0,No,3,4.0,2,1,4,No
724,32,Female,Research & Development,Manufacturing Director,Medical,Married,Travel_Rarely,1574.0,1,0,1.0,Yes,3,4.0,3,2,2,Yes
725,60,Male,Sales,Manager,Other,Divorced,Travel_Rarely,4834.0,3,2,6.0,Yes,1,3.0,3,1,2,No
726,46,Female,Research & Development,Research Scientist,Marketing,Single,Travel_Frequently,7622.0,1,0,2.0,No,4,3.0,3,2,3,No
727,48,Male,Sales,Manager,Human Resources,Single,Travel_Rarely,5307.0,3,2,7.0,No,4,3.0,3,3,4,No
728,27,Female,Research & Development,Laboratory Technician,Marketing,Single,Travel_Frequently,7382.0,1,0,1.0,Yes,1,4.0,3,1,2,Yes
729,44,Male,Research & Development,Research Scientist,Technical Degree,Divorced,Travel_Rarely,9483.0,5,2,20.0,No,2,3.0,3,2,4,Yes
730,23,Female,Sales,Manager,Human Resources,Divorced,Travel_Rarely,5869.0,1,0,1.0,No,3,4.0,3,1,2,No
731,26,Male,Sales,Sales Representative,Marketing,Married,Travel_Rarely,6519.0,1,0,1.0,No,3,3.0,3,3,4,No
732,41,Male,Research & Development,Laboratory Technician,Medical,Single,Travel_Rarely,6488.0,2,1,9.0,Yes,3,2.0,3,2,2,Yes
733,37,Female,Sales,Sales Representative,Life Sciences,Married,Travel_Rarely,10611.0,6,5,12.0,No,4,3.0,4,1,5,No
734,36,Female,Sales,Sales Representative,Human Resources,Divorced,Travel_Frequently,8605.0,0,0,11.0,Yes,4,2.0,4,4,2,Yes
735,42,Female,Research & Development,Research Director,Medical,Single,Travel_Rarely,6803.0,1,0,9.0,No,3,4.0,2,2,5,No
736,39,Male,Human Resources,Human Resources,Technical Degree,Married,Non-Travel,13147.0,13,11,1.0,No,4,4.0,4,4,7,No
737,47,Male,Research & Development,Research Scientist,Medical,Married,Travel_Rarely,1000.0,1,0,2.0,No,4,1.0,3,1,1,No
738,39,Female,Research & Development,Research Director,Life Sciences,Single,Travel_Rarely,7594.0,3,2,5.0,No,4,2.0,2,1,3,No
739,42,Female,Research & Development,Research Director,Life Sciences,Married,Travel_Rarely,6219.0,0,0,7.0,No,3,4.0,3,4,3,No
740,27,Male,Research & Development,Research Director,Medical,Single,Travel_Rarely,9646.0,4,2,28.0,Yes,1,3.0,3,0,3,Yes
741,27,Male,Research & Development,Laboratory Technician,Technical Degree,Divorced,Travel_Rarely,7306.0,9,8,1.0,No,3,1.0,3,3,4,No
742,29,Female,Research & Development,Research Scientist,Medical,Divorced,Travel_Frequently,7583.0,11,7,7.0,No,3,3.0,4,3,1,No
743,44,Male,Research & Development,Research Director,Life Sciences,Divorced,Travel_Rarely,5740.0,7,2,2.0,No,4,4.0,3,1,3,No
744,32,Female,Sales,Sales Representative,Technical Degree,Married,Travel_Frequently,16404.0,2,1,1.0,No,3,1.0,3,1,1,No
745,41,Male,Research & Development,Research Director,Human Resources,Married,Travel_Frequently,9450.0,2,1,6.0,No,3,1.0,4,4,2,No
746,36,Female,Human Resources,HR Manager,Medical,Divorced,Travel_Rarely,14885.0,4,1,1.0,Yes,2,2.0,3,1,0,Yes
747,28,Female,Human Resources,Human Resources,Life Sciences,Single,Travel_Frequently,9462.0,0,0,1.0,Yes,4,2.0,4,3,4,Yes
748,45,Male,Sales,Sales Executive,Other,Single,Travel_Rarely,12485.0,15,10,8.0,No,4,3.0,3,1,5,No
749,44,Female,Research & Development,Laboratory Technician,Human Resources,Divorced,Travel_Rarely,8743.0,11,10,8.0,No,4,2.0,3,1,1,No
750,31,Female,Research & Development,Manufacturing Director,Other,Single,Non-Travel,14122.0,1,0,5.0,No,4,1.0,3,2,2,No
751,20,Male,Sales,Sales Representative,Technical Degree,Married,Travel_Rarely,2072.0,0,0,5.0,No,4,4.0,3,2,2,Yes
752,40,Male,Sales,Sales Representative,Human Resources,Single,Travel_Rarely,6772.0,0,0,12.0,No,1,3.0,3,4,3,No
753,42,Male,Sales,Manager,Human Resources,Single,Travel_Rarely,10756.0,16,6,7.0,No,2,3.0,3,0,6,No
754,47,Female,Research & Development,Research Director,Other,Married,Travel_Rarely,8109.0,4,2,1.0,No,2,4.0,3,2,2,No
755,35,Male,Research & Development,Laboratory Technician,Other,Divorced,Non-Travel,1078.0,1,0,2.0,Yes,4,2.0,3,4,0,Yes
756,27,Female,Research & Development,Research Director,Technical Degree,Married,Travel_Rarely,13339.0,4,2,7.0,Yes,4,2.0,1,1,6,Yes
757,32,Male,Human Resources,Human Resources,Marketing,Single,Travel_Rarely,4056.0,0,0,5.0,No,2,3.0,3,3,3,Yes
758,18,Female,Research & Development,Research Scientist,Human Resources,Divorced,Travel_Rarely,5968.0,0,0,1.0,Yes,1,3.0,3,2,3,Yes
759,40,Female,Sales,Sales Representative,Technical Degree,Divorced,Travel_Rarely,4584.0,1,0,1.0,No,2,3.0,2,1,2,Yes
760,30,Male,Research & Development,Research Director,Technical Degree,Divorced,Travel_Rarely,6490.0,0,0,4.0,No,3,3.0,3,1,3,No
761,26,Male,Research & Development,Manufacturing Director,Technical Degree,Married,Travel_Rarely,7449.0,6,2,11.0,No,2,4.0,4,5,4,Yes
762,34,Male,Research & Development,Manufacturing Director,Marketing,Divorced,Travel_Rarely,4675.0,3,2,3.0,Yes,3,2.0,3,1,3,Yes
763,44,Male,Research & Development,Manufacturing Director,Technical Degree,Single,Travel_Rarely,6220.0,5,2,7.0,No,4,2.0,4,2,3,No
764,48,Female,Research & Development,Manufacturing Director,Human Resources,Married,Travel_Rarely,8280.0,10,8,13.0,Yes,3,3.0,3,1,2,No
765,34,Male,Research & Development,Research Scientist,Human Resources,Married,Travel_Rarely,3827.0,6,2,3.0,No,4,2.0,3,5,5,No
766,31,Female,Research & Development,Laboratory Technician,Other,Divorced,Travel_Rarely,7285.0,1,0,3.0,No,3,3.0,3,0,1,No
767,42,Male,Sales,Manager,Marketing,Divorced,Travel_Frequently,9140.0,11,3,7.0,Yes,1,3.0,2,4,4,No
768,43,Male,Research & Development,Research Scientist,Technical Degree,Married,Travel_Rarely,10007.0,1,0,14.0,No,2,3.0,2,1,1,No
769,29,Male,Research & Development,Laboratory Technician,Life Sciences,Married,Non-Travel,11758.0,2,1,24.0,Yes,1,3.0,4,4,5,No
770,18,Male,Sales,Sales Executive,Other,Married,Non-Travel,7589.0,0,0,15.0,Yes,4,2.0,4,1,4,No
771,37,Female,Sales,Sales Executive,Medical,Divorced,Travel_Frequently,3160.0,3,1,6.0,Yes,4,3.0,2,3,4,Yes
772,28,Female,Sales,Sales Executive,Life Sciences,Single,Travel_Rarely,4462.0,10,5,1.0,No,1,3.0,3,2,5,Yes
773,28,Female,Research & Development,Laboratory Technician,Life Sciences,Married,Travel_Rarely,2147.0,2,1,2.0,No,4,2.0,3,4,4,Yes
774,43,Female,Sales,Sales Representative,Marketing,Single,Travel_Rarely,10118.0,1,0,18.0,No,4,3.0,3,4,3,No
775,36,Male,Research & Development,Research Director,Marketing,Single,Travel_Rarely,14075.0,15,6,5.0,Yes,1,3.0,3,3,4,Yes
776,36,Female,Research & Development,Research Director,Life Sciences,Married,Travel_Rarely,2488.0,9,3,28.0,Yes,2,2.0,3,3,2,Yes
777,43,Female,Sales,Sales Representative,Medical,Married,Travel_Rarely,1278.0,0,0,7.0,No,2,4.0,3,2,2,Yes
778,23,Male,Sales,Sales Representative,Medical,Divorced,Travel_Rarely,5100.0,0,0,12.0,No,4,1.0,4,3,5,Yes
779,43,Female,Research & Development,Laboratory Technician,Life Sciences,Single,Travel_Rarely,6755.0,0,0,1.0,No,1,1.0,3,2,5,No
780,27,Female,Research & Development,Manufacturing Director,Medical,Married,Travel_Rarely,8835.0,3,1,5.0,No,4,3.0,3,3,2,No
781,35,Male,Sales,Sales Executive,Life Sciences,Divorced,Travel_Rarely,9148.0,2,1,4.0,Yes,1,3.0,4,1,4,Yes
782,35,Male,Sales,Sales Representative,Life Sciences,Divorced,Travel_Frequently,5959.0,9,7,5.0,No,1,4.0,3,5,3,No
783,35,Male,Research & Development,Research Director,Medical,Divorced,Travel_Rarely,5871.0,10,8,3.0,No,1,4.0,3,0,4,Yes
784,39,Male,Sales,Sales Executive,Life Sciences,Divorced,Non-Travel,12614.0,1,0,1.0,No,4,3.0,2,3,3,No
785,30,Female,Research & Development,Research Scientist,Technical Degree,Single,Travel_Rarely,5046.0,4,2,5.0,Yes,3,4.0,3,2,4,Yes
786,21,Female,Research & Development,Research Scientist,Technical Degree,Divorced,Travel_Frequently,6312.0,3,2,9.0,No,3,3.0,3,4,7,Yes
787,38,Male,Sales,Sales Representative,Other,Married,Travel_Rarely,9876.0,3,1,14.0,No,1,2.0,3,2,1,No
788,51,Male,Research & Development,Research Scientist,Human Resources,Divorced,Travel_Rarely,5946.0,11,4,2.0,No,4,3.0,3,3,4,No
789,31,Male,Research & Development,Research Director,Marketing,Single,Non-Travel,1000.0,1,0,5.0,Yes,4,3.0,4,4,0,Yes
790,45,Male,Sales,Sales Representative,Life Sciences,Divorced,Travel_Frequently,6413.0,8,2,6.0,No,1,4.0,3,2,5,No
791,28,Female,Sales,Sales Representative,Medical,Married,Travel_Rarely,7306.0,0,0,10.0,No,3,3.0,3,2,3,No
792,31,Male,Sales,Sales Representative,Medical,Divorced,Non-Travel,14952.0,13,9,1.0,No,4,4.0,3,1,4,No
793,50,Female,Research & Development,Research Scientist,Life Sciences,Married,Travel_Rarely,2722.0,1,0,6.0,No,4,3.0,3,5,4,Yes
794,32,Male,Sales,Manager,Life Sciences,Single,Non-Travel,6983.0,0,0,3.0,No,4,4.0,3,4,3,No
795,21,Female,Research & Development,Manufacturing Director,Marketing,Single,Travel_Rarely,10490.0,0,0,2.0,No,1,3.0,2,1,1,Yes
796,29,Male,Research & Development,Manufacturing Director,Other,Single,Non-Travel,1000.0,1,0,22.0,No,4,3.0,3,1,2,No
797,33,Male,Sales,Sales Representative,Technical Degree,Single,Travel_Rarely,6162.0,3,2,6.0,Yes,4,4.0,2,3,2,No
798,34,Female,Research & Development,Manufacturing Director,Life Sciences,Married,Travel_Rarely,10852.0,5,3,10.0,No,2,3.0,4,3,0,No
799,29,Female,Sales,Sales Executive,Other,Married,Travel_Rarely,3671.0,1,0,1.0,Yes,4,3.0,3,2,3,Yes
800,40,Female,Human Resources,HR Manager,Other,Married,Travel_Rarely,9692.0,7,6,2.0,Yes,4,3.0,4,0,2,No
801,28,Male,Human Resources,Human Resources,Life Sciences,Single,Travel_Rarely,6232.0,10,5,3.0,No,3,3.0,3,5,1,Yes
802,36,Female,Sales,Sales Executive,Marketing,Single,Non-Travel,1000.0,1,0,6.0,No,1,1.0,3,3,2,No
803,41,Female,Sales,Manager,Human Resources,Married,Non-Travel,8559.0,14,13,16.0,No,2,4.0,3,2,3,No
804,48,Female,Research & Development,Manufacturing Director,Other,Single,Travel_Rarely,1301.0,3,2,5.0,Yes,4,2.0,3,1,2,No
805,43,Female,Sales,Manager,Marketing,Married,Travel_Rarely,2897.0,3,1,1.0,No,3,2.0,3,2,2,Yes
806,42,Male,Human Resources,Human Resources,Human Resources,Single,Travel_Rarely,1962.0,4,2,30.0,No,4,3.0,3,1,3,Yes
807,27,Male,Research & Development,Research Director,Life Sciences,Married,Travel_Frequently,12568.0,6,3,7.0,No,3,3.0,2,5,3,No
808,35,Female,Research & Development,Research Director,Medical,Single,Travel_Frequently,7306.0,1,0,8.0,Yes,2,3.0,3,2,6,Yes
809,18,Male,Sales,Sales Representative,Marketing,Divorced,Travel_Rarely,13892.0,0,0,1.0,No,4,4.0,3,1,1,No
810,29,Female,Research & Development,Research Director,Technical Degree,Single,Travel_Rarely,6004.0,6,2,9.0,No,3,2.0,3,2,4,Yes
811,39,Female,Research & Development,Manufacturing Director,Medical,Single,Travel_Rarely,7044.0,0,0,9.0,Yes,2,3.0,2,4,4,Yes
812,41,Male,Human Resources,HR Manager,Medical,Married,Travel_Frequently,2435.0,4,2,5.0,No,4,2.0,3,6,7,Yes
813,27,Female,Sales,Manager,Medical,Divorced,Travel_Frequently,11047.0,1,0,12.0,No,3,4.0,3,4,2,No
814,25,Male,Human Resources,HR Manager,Marketing,Married,Travel_Rarely,10751.0,7,2,11.0,No,4,3.0,3,5,3,No
815,23,Female,Research & Development,Research Director,Human Resources,Divorced,Non-Travel,8380.0,5,3,9.0,No,3,2.0,3,2,2,No
816,47,Male,Sales,Sales Representative,Other,Single,Travel_Frequently,4196.0,2,1,11.0,No,4,2.0,2,2,5,No
817,27,Female,Sales,Sales Executive,Human Resources,Married,Travel_Rarely,6016.0,7,2,6.0,No,1,3.0,3,1,2,No
818,46,Female,Research & Development,Research Scientist,Marketing,Married,Travel_Frequently,5427.0,7,6,5.0,Yes,4,3.0,4,1,1,Yes
819,33,Female,Human Resources,Human Resources,Medical,Married,Travel_Rarely,4265.0,10,3,6.0,Yes,3,2.0,2,1,2,No
820,60,Female,Sales,Sales Representative,Other,Married,Travel_Frequently,6680.0,11,10,4.0,No,2,2.0,4,2,2,No
821,46,Female,Research & Development,Research Scientist,Human Resources,Married,Travel_Rarely,10148.0,2,1,2.0,No,1,2.0,3,1,2,No
822,26,Male,Human Resources,Human Resources,Life Sciences,Divorced,Non-Travel,7306.0,4,3,1.0,No,2,4.0,3,0,4,Yes
823,36,Male,Sales,Sales Executive,Other,Divorced,Non-Travel,7306.0,1,0,7.0,No,4,2.0,3,2,2,No
824,20,Female,Research & Development,Manufacturing Director,Medical,Single,Travel_Rarely,11067.0,2,1,11.0,No,4,3.0,3,1,2,No
825,36,Female,Research & Development,Laboratory Technician,Marketing,Married,Travel_Rarely,13596.0,2,1,5.0,No,3,3.0,3,0,3,No
826,39,Female,Research & Development,Manufacturing Director,Other,Single,Travel_Frequently,8283.0,7,6,19.0,No,1,3.0,1,3,2,Yes
827,31,Male,Human Resources,Human Resources,Marketing,Single,Travel_Rarely,8086.0,10,5,15.0,No,4,2.0,3,1,4,No
828,35,Female,Research & Development,Laboratory Technician,Human Resources,Divorced,Travel_Rarely,7211.0,2,1,8.0,No,1,3.0,2,1,3,No
829,34,Male,Research & Development,Laboratory Technician,Other,Single,Travel_Rarely,12842.0,6,4,1.0,Yes,4,3.0,3,0,0,Yes
830,37,Male,Sales,Sales Executive,Medical,Married,Travel_Frequently,5730.0,3,1,8.0,No,3,3.0,3,1,2,No
831,33,Male,Research & Development,Research Scientist,Human Resources,Married,Non-Travel,2204.0,2,1,1.0,Yes,4,4.0,3,2,3,Yes
832,26,Female,Sales,Sales Representative,Technical Degree,Married,Non-Travel,12366.0,6,4,1.0,No,3,3.0,4,3,6,Yes
833,28,Male,Sales,Sales Executive,Technical Degree,Married,Travel_Rarely,3432.0,5,4,3.0,No,4,3.0,4,3,1,No
834,44,Male,Research & Development,Laboratory Technician,Technical Degree,Single,Travel_Rarely,9938.0,3,0,1.0,No,4,3.0,3,3,4,Yes
835,43,Male,Human Resources,HR Manager,Human Resources,Single,Travel_Rarely,7535.0,5,2,1.0,No,3,4.0,3,4,4,No
836,33,Female,Sales,Manager,Other,Divorced,Travel_Frequently,5772.0,8,5,23.0,Yes,4,3.0,3,4,3,No
837,48,Female,Research & Development,Laboratory Technician,Technical Degree,Divorced,Travel_Rarely,1000.0,4,3,14.0,No,3,3.0,2,4,3,Yes
838,49,Female,Research & Development,Research Scientist,Medical,Married,Travel_Frequently,6190.0,3,1,3.0,No,3,3.0,2,3,3,Yes
839,26,Male,Human Resources,Human Resources,Other,Married,Travel_Frequently,7981.0,8,7,9.0,Yes,3,3.0,4,2,5,Yes
840,34,Male,Research & Development,Research Scientist,Human Resources,Married,Travel_Rarely,7393.0,12,11,1.0,No,4,3.0,3,1,2,No
841,52,Female,Research & Development,Manufacturing Director,Life Sciences,Married,Travel_Frequently,11714.0,6,5,8.0,Yes,4,3.0,3,5,6,No
842,52,Male,Sales,Sales Executive,Life Sciences,Single,Travel_Frequently,7629.0,18,15,6.0,Yes,4,2.0,2,2,1,No
843,39,Male,Sales,Sales Executive,Human Resources,Single,Non-Travel,11858.0,11,8,28.0,No,3,3.0,3,4,3,No
844,41,Female,Research & Development,Research Director,Marketing,Married,Travel_Rarely,7514.0,12,5,1.0,No,3,4.0,2,2,3,No
845,31,Male,Research & Development,Research Scientist,Technical Degree,Married,Travel_Rarely,9279.0,8,5,14.0,Yes,4,1.0,4,2,6,No
846,34,Female,Research & Development,Research Scientist,Technical Degree,Married,Travel_Rarely,1356.0,3,1,16.0,No,4,2.0,3,0,1,Yes
847,27,Male,Research & Development,Research Director,Human Resources,Divorced,Travel_Rarely,6810.0,0,0,15.0,No,4,2.0,3,4,3,Yes
848,31,Male,Sales,Sales Representative,Medical,Single,Travel_Frequently,5471.0,8,7,5.0,No,4,3.0,2,5,4,No
849,36,Male,Research & Development,Manufacturing Director,Human Resources,Single,Travel_Rarely,7724.0,0,0,5.0,No,4,4.0,3,4,1,No
850,38,Male,Human Resources,HR Manager,Other,Single,Travel_Frequently,9560.0,1,0,6.0,Yes,3,4.0,3,4,3,No
851,26,Male,Research & Development,Research Director,Medical,Divorced,Non-Travel,9240.0,8,4,1.0,Yes,4,2.0,2,5,0,Yes
852,28,Male,Research & Development,Manufacturing Director,Other,Married,Travel_Rarely,6181.0,2,1,1.0,Yes,3,1.0,2,2,3,No
853,44,Female,Sales,Manager,Medical,Married,Travel_Rarely,8599.0,8,5,2.0,Yes,3,3.0,4,3,3,No
854,34,Male,Research & Development,Research Scientist,Marketing,Single,Non-Travel,7306.0,1,0,3.0,No,4,2.0,4,2,3,No
855,25,Female,Human Resources,Human Resources,Technical Degree,Single,Travel_Rarely,6193.0,0,0,6.0,No,2,2.0,3,3,3,Yes
856,18,Male,Research & Development,Manufacturing Director,Marketing,Divorced,Travel_Rarely,1839.0,0,0,2.0,No,4,2.0,3,2,5,Yes
857,36,Male,Sales,Sales Representative,Life Sciences,Single,Non-Travel,13018.0,18,6,1.0,No,3,3.0,3,1,5,No
858,41,Male,Sales,Sales Executive,Other,Single,Travel_Rarely,10131.0,3,2,1.0,No,4,3.0,4,4,1,No
859,19,Male,Research & Development,Research Director,Medical,Single,Travel_Rarely,2109.0,1,0,6.0,No,1,3.0,1,1,0,Yes
860,38,Male,Research & Development,Manufacturing Director,Life Sciences,Married,Travel_Rarely,6256.0,0,0,4.0,No,4,2.0,3,2,3,No
861,24,Female,Research & Development,Manufacturing Director,Medical,Married,Travel_Rarely,2482.0,0,0,7.0,No,2,3.0,3,3,2,No
862,39,Female,Sales,Sales Executive,Technical Degree,Married,Non-Travel,5765.0,1,0,9.0,No,3,3.0,3,2,5,No
863,26,Male,Research & Development,Manufacturing Director,Life Sciences,Single,Travel_Rarely,8270.0,1,0,10.0,No,2,3.0,3,2,2,No
864,49,Female,Human Resources,HR Manager,Marketing,Married,Travel_Rarely,1550.0,0,0,17.0,No,3,3.0,4,2,5,Yes
865,40,Male,Research & Development,Research Scientist,Medical,Married,Travel_Rarely,9196.0,0,0,1.0,Yes,2,3.0,3,0,3,Yes
866,29,Male,Research & Development,Laboratory Technician,Medical,Divorced,Travel_Rarely,11694.0,3,2,7.0,No,1,3.0,3,1,1,Yes
867,43,Female,Research & Development,Laboratory Technician,Other,Married,Travel_Rarely,16404.0,20,16,6.0,No,2,1.0,3,1,4,No
868,47,Female,Human Resources,HR Manager,Medical,Single,Travel_Rarely,4436.0,10,8,6.0,Yes,4,3.0,2,2,4,Yes
869,44,Male,Human Resources,HR Manager,Human Resources,Single,Travel_Rarely,6004.0,11,8,1.0,No,3,2.0,4,1,1,No
870,39,Female,Human Resources,Human Resources,Technical Degree,Single,Non-Travel,4117.0,8,5,5.0,No,4,2.0,3,0,0,No
871,24,Male,Research & Development,Research Director,Other,Married,Travel_Rarely,3894.0,6,4,1.0,No,4,4.0,2,1,4,No
872,40,Male,Research & Development,Research Director,Medical,Single,Travel_Rarely,5231.0,0,0,1.0,No,3,1.0,4,3,5,Yes
873,29,Male,Research & Development,Research Director,Other,Single,Travel_Rarely,4376.0,0,0,9.0,No,4,2.0,2,1,1,Yes
874,41,Female,Research & Development,Research Director,Medical,Single,Travel_Rarely,2308.0,3,1,2.0,No,1,3.0,3,1,7,No
875,35,Male,Research & Development,Manufacturing Director,Other,Married,Travel_Rarely,4696.0,0,0,3.0,No,3,2.0,3,2,2,No
876,31,Female,Research & Development,Research Scientist,Marketing,Married,Travel_Rarely,10762.0,3,1,1.0,No,3,3.0,4,1,1,No
877,36,Male,Human Resources,Human Resources,Marketing,Married,Travel_Frequently,15083.0,4,3,17.0,No,3,4.0,4,1,3,No
878,56,Female,Human Resources,HR Manager,Human Resources,Divorced,Travel_Rarely,10519.0,1,0,1.0,No,4,2.0,2,2,1,No
879,46,Female,Research & Development,Laboratory Technician,Medical,Married,Travel_Frequently,11740.0,4,3,2.0,No,4,3.0,2,2,2,No
880,24,Male,Research & Development,Research Scientist,Marketing,Married,Travel_Rarely,4124.0,3,2,4.0,No,4,1.0,2,1,2,No
881,30,Female,Research & Development,Research Director,Marketing,Married,Travel_Rarely,4549.0,1,0,1.0,Yes,3,3.0,3,3,2,Yes
882,37,Female,Research & Development,Manufacturing Director,Marketing,Married,Travel_Frequently,7306.0,4,1,2.0,No,3,3.0,3,2,1,No
883,33,Male,Sales,Sales Representative,Human Resources,Single,Travel_Rarely,8326.0,2,0,14.0,No,3,2.0,3,4,2,No
884,27,Male,Research & Development,Research Scientist,Technical Degree,Married,Travel_Rarely,4756.0,5,4,8.0,Yes,4,3.0,3,6,2,Yes
885,29,Male,Sales,Manager,Marketing,Married,Travel_Frequently,3572.0,9,2,2.0,No,3,2.0,3,4,5,No
886,33,Female,Sales,Sales Executive,Life Sciences,Married,Travel_Rarely,16404.0,15,9,19.0,No,2,3.0,3,1,4,No
887,28,Female,Sales,Sales Executive,Medical,Married,Travel_Rarely,2564.0,2,1,10.0,No,3,1.0,3,3,4,Yes
888,43,Male,Sales,Sales Executive,Marketing,Married,Travel_Rarely,3137.0,13,11,4.0,No,3,2.0,4,3,3,Yes
889,55,Female,Sales,Manager,Marketing,Single,Travel_Rarely,12927.0,9,4,13.0,No,2,2.0,3,3,1,Yes
890,36,Female,Research & Development,Research Director,Other,Married,Travel_Rarely,7109.0,7,4,11.0,Yes,4,3.0,3,1,3,Yes
891,18,Male,Research & Development,Laboratory Technician,Technical Degree,Single,Travel_Frequently,2501.0,0,0,30.0,Yes,4,3.0,3,4,3,Yes
892,27,Female,Sales,Sales Representative,Medical,Married,Travel_Frequently,9586.0,5,1,1.0,No,4,4.0,4,4,3,No
893,36,Male,Research & Development,Research Scientist,Technical Degree,Single,Travel_Rarely,9955.0,0,0,1.0,Yes,1,3.0,3,2,2,Yes
894,30,Female,Sales,Sales Representative,Medical,Married,Travel_Rarely,10794.0,12,4,1.0,No,4,4.0,3,0,3,No
895,18,Male,Sales,Sales Representative,Technical Degree,Married,Travel_Rarely,13239.0,0,0,11.0,No,2,3.0,4,3,4,Yes
896,34,Male,Sales,Sales Representative,Marketing,Married,Travel_Rarely,3948.0,3,2,9.0,No,2,3.0,3,0,2,No
897,49,Female,Human Resources,HR Manager,Other,Married,Travel_Rarely,5158.0,2,1,1.0,Yes,1,3.0,3,4,3,Yes
898,53,Male,Research & Development,Laboratory Technician,Human Resources,Married,Travel_Frequently,7625.0,8,3,3.0,Yes,3,4.0,3,4,2,Yes
899,37,Female,Research & Development,Research Scientist,Human Resources,Single,Travel_Rarely,7155.0,5,2,9.0,Yes,1,4.0,3,4,1,Yes
900,33,Male,Sales,Sales Representative,Marketing,Single,Travel_Frequently,8158.0,13,12,23.0,No,4,3.0,3,1,4,No
901,35,Male,Research & Development,Manufacturing Director,Life Sciences,Single,Travel_Rarely,5241.0,0,0,7.0,No,3,2.0,3,2,1,Yes
902,36,Female,Research & Development,Manufacturing Director,Life Sciences,Married,Travel_Rarely,10711.0,4,2,1.0,No,3,2.0,3,1,1,No
903,19,Male,Research & Development,Manufacturing Director,Human Resources,Married,Travel_Frequently,6992.0,1,0,3.0,No,4,4.0,3,2,6,Yes
904,33,Male,Research & Development,Research Scientist,Technical Degree,Married,Travel_Rarely,1361.0,3,1,10.0,Yes,3,4.0,3,3,0,Yes
905,18,Female,Research & Development,Manufacturing Director,Life Sciences,Married,Travel_Rarely,8584.0,0,0,6.0,No,1,2.0,3,6,2,Yes
906,33,Female,Sales,Sales Representative,Technical Degree,Single,Travel_Frequently,6228.0,1,0,16.0,No,3,3.0,2,5,0,Yes
907,22,Female,Research & Development,Research Scientist,Marketing,Married,Travel_Rarely,9603.0,4,2,1.0,No,4,1.0,3,1,2,No
908,18,Female,Research & Development,Manufacturing Director,Other,Married,Travel_Rarely,9262.0,0,0,5.0,Yes,3,3.0,3,1,1,Yes
909,26,Female,Sales,Sales Executive,Marketing,Married,Travel_Rarely,9838.0,0,0,2.0,No,3,4.0,3,2,0,No
910,41,Male,Sales,Sales Executive,Human Resources,Single,Travel_Frequently,11669.0,0,0,2.0,No,4,4.0,3,2,2,No
911,26,Male,Research & Development,Research Director,Marketing,Married,Travel_Rarely,10133.0,2,1,25.0,Yes,1,4.0,4,4,1,Yes
912,48,Female,Research & Development,Research Director,Marketing,Divorced,Travel_Rarely,9215.0,3,2,1.0,No,2,4.0,3,4,2,Yes
913,42,Male,Sales,Manager,Marketing,Married,Travel_Rarely,10875.0,2,0,9.0,No,4,1.0,3,4,3,No
914,47,Male,Research & Development,Research Director,Life Sciences,Divorced,Travel_Frequently,13610.0,5,4,1.0,Yes,3,2.0,2,6,2,Yes
915,35,Female,Research & Development,Laboratory Technician,Technical Degree,Married,Travel_Rarely,8070.0,2,1,1.0,No,3,4.0,3,5,3,No
916,40,Male,Sales,Manager,Human Resources,Single,Travel_Frequently,6458.0,12,4,13.0,No,4,3.0,3,0,1,No
917,44,Male,Research & Development,Laboratory Technician,Life Sciences,Married,Travel_Frequently,8737.0,1,0,1.0,No,2,2.0,3,4,3,Yes
918,33,Female,Research & Development,Research Scientist,Life Sciences,Married,Travel_Frequently,11314.0,4,1,9.0,No,4,2.0,1,1,3,No
919,50,Male,Research & Development,Research Scientist,Human Resources,Single,Travel_Rarely,13166.0,10,7,4.0,No,2,2.0,2,2,4,Yes
920,30,Male,Sales,Sales Representative,Medical,Single,Travel_Rarely,9180.0,12,5,7.0,No,4,3.0,3,2,2,No
921,25,Male,Sales,Manager,Life Sciences,Married,Travel_Rarely,9041.0,6,3,5.0,No,3,3.0,4,3,3,No
922,24,Male,Sales,Manager,Marketing,Married,Travel_Frequently,5260.0,3,2,14.0,No,2,3.0,3,2,3,No
923,39,Male,Sales,Sales Representative,Medical,Married,Travel_Rarely,3283.0,4,3,4.0,No,4,2.0,3,4,3,No
924,23,Male,Research & Development,Laboratory Technician,Medical,Single,Travel_Rarely,6477.0,5,3,23.0,No,1,2.0,4,1,3,Yes
925,30,Male,Research & Development,Manufacturing Director,Human Resources,Married,Travel_Rarely,11467.0,12,9,7.0,No,2,2.0,3,0,2,No
926,21,Male,Research & Development,Research Director,Life Sciences,Married,Travel_Rarely,7425.0,2,1,3.0,No,2,4.0,3,2,1,No
927,37,Male,Research & Development,Manufacturing Director,Life Sciences,Single,Travel_Rarely,7220.0,3,2,2.0,Yes,4,3.0,3,4,3,Yes
928,43,Male,Research & Development,Laboratory Technician,Human Resources,Married,Non-Travel,8839.0,0,0,5.0,No,3,3.0,2,2,3,No
929,42,Male,Sales,Manager,Other,Single,Travel_Rarely,9938.0,7,3,17.0,Yes,2,3.0,2,3,3,Yes
930,38,Female,Sales,Sales Executive,Life Sciences,Divorced,Travel_Rarely,5343.0,0,0,19.0,No,4,3.0,3,2,5,No
931,37,Male,Sales,Sales Representative,Human Resources,Married,Travel_Rarely,14674.0,5,3,1.0,Yes,3,2.0,3,3,5,Yes
932,19,Male,Sales,Sales Representative,Human Resources,Married,Travel_Rarely,8945.0,1,0,4.0,No,3,3.0,3,3,1,Yes
933,34,Female,Research & Development,Laboratory Technician,Human Resources,Single,Travel_Rarely,7701.0,4,2,3.0,No,1,3.0,3,1,4,No
934,20,Male,Sales,Manager,Technical Degree,Single,Travel_Rarely,7685.0,2,1,10.0,No,2,4.0,3,2,1,Yes
935,27,Male,Research & Development,Research Scientist,Technical Degree,Divorced,Travel_Rarely,8777.0,7,3,1.0,No,3,4.0,4,2,3,No
936,42,Female,Research & Development,Laboratory Technician,Medical,Divorced,Travel_Rarely,5507.0,0,0,3.0,No,4,2.0,3,1,2,No
937,49,Male,Research & Development,Laboratory Technician,Life Sciences,Single,Travel_Frequently,3990.0,2,0,1.0,No,4,3.0,3,1,0,No
938,38,Male,Research & Development,Laboratory Technician,Human Resources,Married,Travel_Rarely,8636.0,0,0,1.0,No,4,3.0,4,4,2,No
939,26,Male,Sales,Sales Representative,Life Sciences,Single,Travel_Rarely,11511.0,0,0,1.0,No,3,3.0,3,1,1,No
940,32,Female,Research & Development,Laboratory Technician,Human Resources,Married,Travel_Frequently,10943.0,0,0,20.0,Yes,4,3.0,2,5,7,Yes
941,33,Male,Human Resources,Human Resources,Other,Married,Travel_Frequently,7306.0,6,2,4.0,Yes,1,3.0,3,3,0,Yes
942,29,Female,Research & Development,Research Scientist,Medical,Divorced,Travel_Rarely,8678.0,11,8,1.0,No,1,1.0,3,2,1,Yes
943,33,Male,Research & Development,Research Director,Technical Degree,Single,Travel_Rarely,7137.0,0,0,5.0,No,2,3.0,3,1,4,No
944,26,Male,Research & Development,Research Director,Life Sciences,Married,Travel_Rarely,9409.0,8,7,5.0,No,4,3.0,3,1,1,No
945,23,Female,Human Resources,Human Resources,Life Sciences,Divorced,Travel_Rarely,7195.0,5,4,1.0,No,4,1.0,3,3,1,No
946,38,Male,Research & Development,Manufacturing Director,Other,Married,Travel_Rarely,8086.0,1,0,5.0,No,4,3.0,3,1,2,No
947,37,Male,Sales,Sales Executive,Human Resources,Married,Travel_Rarely,7735.0,1,0,10.0,No,3,2.0,4,4,6,Yes
948,42,Male,Sales,Sales Representative,Technical Degree,Married,Travel_Rarely,5578.0,13,3,10.0,No,4,3.0,4,2,5,No
949,29,Male,Research & Development,Laboratory Technician,Life Sciences,Single,Travel_Frequently,1622.0,4,2,30.0,No,3,2.0,3,0,3,Yes
950,42,Male,Research & Development,Manufacturing Director,Other,Married,Travel_Rarely,1000.0,2,1,30.0,No,4,3.0,3,4,3,Yes
951,55,Female,Research & Development,Research Director,Medical,Married,Travel_Rarely,11630.0,3,2,4.0,No,1,2.0,3,2,5,No
952,30,Female,Sales,Sales Executive,Marketing,Married,Travel_Rarely,2513.0,0,0,6.0,Yes,3,4.0,4,0,2,Yes
953,35,Male,Sales,Manager,Technical Degree,Single,Travel_Rarely,6222.0,4,2,1.0,No,3,4.0,3,4,1,Yes
954,51,Male,Research & Development,Research Director,Technical Degree,Single,Travel_Rarely,2268.0,1,0,1.0,Yes,3,4.0,2,3,3,Yes
955,60,Female,Research & Development,Manufacturing Director,Human Resources,Married,Travel_Rarely,5416.0,0,0,24.0,No,2,3.0,2,4,2,Yes
956,31,Female,Research & Development,Research Director,Human Resources,Divorced,Travel_Frequently,4858.0,1,0,21.0,No,2,3.0,3,0,2,Yes
957,35,Male,Human Resources,Human Resources,Other,Divorced,Travel_Rarely,7915.0,11,7,2.0,No,4,1.0,3,2,2,No
958,56,Female,Sales,Sales Representative,Marketing,Divorced,Travel_Rarely,10383.0,5,3,15.0,No,4,3.0,3,4,3,No
959,40,Female,Sales,Manager,Life Sciences,Divorced,Travel_Frequently,9948.0,21,15,5.0,Yes,2,4.0,2,1,5,Yes
960,40,Male,Sales,Sales Representative,Technical Degree,Single,Travel_Rarely,2606.0,2,1,4.0,No,1,3.0,3,5,1,No
961,42,Male,Research & Development,Manufacturing Director,Life Sciences,Married,Non-Travel,6738.0,1,0,6.0,No,3,2.0,3,2,6,No
962,30,Male,Human Resources,Human Resources,Technical Degree,Single,Travel_Frequently,8043.0,0,0,17.0,Yes,4,2.0,3,3,4,Yes
963,34,Male,Sales,Sales Representative,Technical Degree,Single,Travel_Rarely,8763.0,4,3,10.0,Yes,3,1.0,4,2,1,No
964,31,Female,Research & Development,Research Scientist,Human Resources,Divorced,Travel_Rarely,2580.0,10,8,15.0,No,2,3.0,3,1,5,No
965,26,Male,Human Resources,Human Resources,Life Sciences,Single,Travel_Rarely,7650.0,8,5,11.0,No,2,1.0,3,1,2,Yes
966,28,Male,Sales,Sales Representative,Life Sciences,Single,Travel_Frequently,5673.0,0,0,10.0,No,1,3.0,3,1,4,No
967,26,Female,Research & Development,Manufacturing Director,Human Resources,Divorced,Travel_Rarely,16404.0,0,0,2.0,Yes,3,4.0,3,2,3,No
968,42,Male,Sales,Sales Executive,Technical Degree,Married,Travel_Rarely,8056.0,2,1,4.0,No,4,2.0,3,1,2,Yes
969,24,Female,Sales,Sales Representative,Technical Degree,Married,Travel_Rarely,1000.0,6,3,11.0,No,4,2.0,3,2,3,No
970,37,Female,Research & Development,Research Scientist,Other,Divorced,Non-Travel,1751.0,5,1,10.0,No,2,2.0,3,4,4,Yes
971,29,Female,Research & Development,Research Scientist,Human Resources,Married,Travel_Rarely,7529.0,3,1,2.0,No,3,4.0,4,1,5,No
972,37,Female,Research & Development,Laboratory Technician,Marketing,Married,Travel_Rarely,3490.0,19,16,10.0,No,2,4.0,3,5,4,Yes
973,30,Male,Research & Development,Manufacturing Director,Medical,Married,Travel_Frequently,6262.0,4,1,13.0,No,3,3.0,3,3,3,No
974,34,Female,Research & Development,Laboratory Technician,Human Resources,Married,Travel_Rarely,4329.0,6,5,1.0,No,3,4.0,3,2,1,No
975,39,Male,Sales,Sales Executive,Other,Married,Travel_Rarely,7059.0,10,3,19.0,Yes,3,1.0,3,3,2,No
976,36,Male,Research & Development,Research Scientist,Marketing,Divorced,Travel_Rarely,3103.0,1,0,3.0,No,4,4.0,3,0,1,No
977,31,Male,Sales,Manager,Life Sciences,Married,Travel_Rarely,8907.0,7,3,5.0,No,2,2.0,2,1,1,Yes
978,37,Female,Research & Development,Research Scientist,Human Resources,Married,Travel_Rarely,6554.0,0,0,5.0,No,3,3.0,3,2,2,No
979,39,Female,Human Resources,Human Resources,Life Sciences,Married,Travel_Frequently,1000.0,3,0,2.0,Yes,4,3.0,4,3,3,Yes
980,33,Female,Research & Development,Laboratory Technician,Medical,Married,Travel_Rarely,7306.0,2,1,1.0,Yes,1,3.0,2,2,3,No
981,36,Male,Research & Development,Research Scientist,Life Sciences,Divorced,Travel_Frequently,11437.0,5,4,6.0,Yes,3,2.0,3,5,6,Yes
982,43,Male,Sales,Manager,Marketing,Single,Travel_Rarely,9536.0,1,0,5.0,No,4,3.0,2,1,3,Yes
983,33,Male,Sales,Manager,Technical Degree,Married,Travel_Rarely,7306.0,0,0,7.0,No,3,3.0,4,5,5,No
984,49,Male,Research & Development,Research Director,Other,Single,Travel_Rarely,9545.0,16,14,5.0,No,2,3.0,4,1,3,No
985,24,Female,Research & Development,Manufacturing Director,Technical Degree,Divorced,Travel_Rarely,6243.0,6,5,13.0,No,4,2.0,3,2,2,No
986,44,Male,Sales,Manager,Medical,Married,Travel_Rarely,10322.0,0,0,2.0,Yes,3,2.0,4,0,2,No
987,19,Male,Research & Development,Research Scientist,Human Resources,Single,Travel_Rarely,7306.0,1,0,2.0,No,4,3.0,2,1,0,Yes
988,49,Male,Sales,Sales Executive,Technical Degree,Married,Non-Travel,6478.0,0,0,30.0,Yes,4,2.0,3,2,8,Yes
989,30,Female,Sales,Sales Executive,Marketing,Married,Travel_Rarely,4476.0,5,1,6.0,No,4,2.0,4,1,3,No
990,39,Female,Research & Development,Research Scientist,Life Sciences,Married,Travel_Frequently,5429.0,1,0,18.0,No,2,2.0,3,6,3,Yes
991,34,Male,Research & Development,Research Director,Other,Divorced,Travel_Rarely,6432.0,8,5,9.0,No,1,3.0,2,3,3,Yes
992,35,Female,Research & Development,Manufacturing Director,Technical Degree,Divorced,Travel_Frequently,2428.0,1,0,1.0,No,2,1.0,4,1,5,Yes
993,40,Female,Human Resources,HR Manager,Technical Degree,Married,Travel_Rarely,8677.0,10,8,23.0,No,1,1.0,3,2,5,Yes
994,27,Male,Research & Development,Manufacturing Director,Medical,Married,Travel_Frequently,4137.0,5,4,9.0,No,4,3.0,3,4,2,No
995,27,Female,Human Resources,HR Manager,Life Sciences,Single,Travel_Frequently,3719.0,7,4,1.0,Yes,3,3.0,3,1,3,No
996,38,Female,Sales,Manager,Marketing,Divorced,Travel_Rarely,4512.0,1,0,1.0,No,1,3.0,3,1,2,Yes
997,30,Female,Research & Development,Laboratory Technician,Life Sciences,Single,Travel_Rarely,5614.0,1,0,13.0,Yes,1,3.0,3,1,1,Yes
998,35,Female,Research & Development,Manufacturing Director,Human Resources,Married,Travel_Rarely,3451.0,4,3,9.0,No,4,1.0,3,8,1,Yes
999,38,Male,Research & Development,Research Director,Life Sciences,Divorced,Travel_Frequently,5157.0,15,14,6.0,Yes,2,3.0,3,4,3,No
1000,30,Male,Research & Development,Manufacturing Director,Technical Degree,Single,Travel_Frequently,7208.0,0,0,5.0,Yes,4,2.0,3,3,3,No
263,37,Male,Research & Development,Research Scientist,Life Sciences,Married,Travel_Frequently,7492.0,13,9,13.0,Yes,3,3.0,3,0,4,No
