order_id,pickup_time,drop_time,distance_km,delivery_time_min,vehicle_type,rider_age,rider_rating,traffic_level,weather,zone,order_weight_kg,on_time_flag
TW100363,2026-07-14 22:47:00,2026-07-14 23:10:48.000000,6.8,23.8,Motorcycle,23,4.1,Medium,Rain,Vashi,1.42,True
TW101056,2026-07-21 00:17:00,2026-07-21 00:45:12.000000,9.39,28.2,Motorcycle,31,4.5,Low,Clear,Vashi,0.72,False
TW104780,2026-07-13 16:30:00,2026-07-13 16:53:12.000000,7.28,23.2,Scooter,43,4.4,High,Clear,Kalyan,3.12,True
TW103718,2026-07-29 19:04:00,2026-07-29 19:23:24.000000,7.37,19.4,Motorcycle,43,4.7,Medium,Clear,Dombivli,2.76,True
TW104581,2026-07-21 11:46:00,2026-07-21 12:16:48.000000,9.95,30.8,2-Wheeler,41,4.5,Medium,Clear,Navi Mumbai,0.56,False
TW104133,2026-07-14 07:26:00,2026-07-14 07:38:42.000000,3.51,12.7,Scooter,39,4.7,High,Clear,Navi Mumbai,0.44,True
TW104299,2026-07-01 21:40:00,2026-07-01 21:47:54.000000,1.66,7.9,Motorcycle,27,4.2,Low,Clear,Mulund,1.1,True
TW104373,2026-07-16 14:31:00,2026-07-16 14:43:48.000000,4.65,12.8,Motorcycle,25,4.8,Medium,Clear,Mulund,1.54,True
TW103100,2026-07-04 10:15:00,2026-07-04 10:20:24.000000,2.06,5.4,Scooter,38,3.9,Low,Clear,Thane West,6.01,True
TW104372,2026-07-07 11:09:00,2026-07-07 11:13:36.000000,2.27,4.6,Motorcycle,25,3.5,Low,Clear,Kalyan,7.24,True
TW103920,2026-07-13 17:05:00,2026-07-13 16:35:31.575202,4.38,12.4,Scooter,38,4.4,Low,Overcast,Dombivli,8.39,True
TW100640,2026-07-13 02:16:00,2026-07-13 02:21:18.000000,1.54,5.3,Motorcycle,26,4.2,Medium,Overcast,Dombivli,3.21,True
TW103917,2026-07-10 07:12:00,2026-07-10 07:31:06.000000,5.33,19.1,Scooter,44,4.7,High,Clear,Thane West,0.93,True
TW104826,2026-07-19 01:09:00,2026-07-19 01:18:48.000000,2.5,9.8,Motorcycle,27,4.7,Medium,Clear,Bhandup,2.75,True
TW104131,2026-07-03 05:58:00,2026-07-03 06:13:06.000000,5.24,15.1,Electric Scooter,28,5.0,Low,Rain,Mulund,0.8,True
TW102545,2026-07-17 09:13:00,2026-07-17 09:26:48.000000,5.67,13.8,Motorcycle,25,4.8,Low,Clear,Bhandup,0.44,True
TW102827,2026-07-01 09:27:00,2026-07-01 09:33:18.000000,1.86,6.3,Electric Scooter,38,4.8,Low,Clear,Thane West,2.0,True
TW104403,2026-07-22 06:16:00,2026-07-22 06:30:12.000000,4.56,14.2,Scooter,33,3.8,High,Clear,Dombivli,0.2,True
TW104937,2026-07-25 03:58:00,2026-07-25 04:07:18.000000,3.31,-4.277079645988692,Scooter,21,4.1,Medium,Rain,Navi Mumbai,,True
TW101551,2026-07-18 04:10:00,2026-07-18 04:16:06.000000,1.73,6.1,Motorcycle,36,4.5,Low,Overcast,Ghodbunder Road,0.26,True
TW102265,2026-07-08 23:36:00,2026-07-08 23:58:06.000000,9.24,22.1,Electric Scooter,24,3.9,Medium,Clear,Bhandup,2.04,True
TW101223,2026-07-30 03:56:00,2026-07-30 04:17:18.000000,6.27,21.3,Scooter,20,4.4,High,Clear,Thane West,0.67,True
TW104184,2026-07-02 10:29:00,2026-07-02 10:44:54.000000,4.06,15.9,Motorcycle,42,3.8,High,Clear,Mulund,5.6,True
TW102663,2026-07-08 09:10:00,2026-07-08 09:33:30.000000,8.26,23.5,Motorcycle,33,4.2,Medium,Overcast,Thane West,4.76,True
TW102898,2026-07-18 14:48:00,2026-07-18 14:58:18.000000,2.25,10.3,Scooter,42,4.6,High,Clear,Dombivli,1.33,True
TW101822,2026-07-11 22:37:00,2026-07-11 22:52:00.000000,7.85,15.0,Motorcycle,21,4.7,High,Clear,Vashi,0.2,True
TW100250,2026-07-14 09:14:00,2026-07-14 09:37:48.000000,10.63,23.8,Motorcycle,21,4.3,Medium,Rain,Kalyan,1.16,True
TW104587,2026-07-22 15:42:00,2026-07-22 15:55:42.000000,2.63,13.7,bike,36,4.2,Low,Clear,Mulund,1.32,True
TW102003,2026-07-08 15:38:00,2026-07-08 15:48:00.000000,4.82,10.0,Motorcycle,30,4.9,Medium,Clear,Vashi,7.33,True
TW101499,2026-07-15 15:26:00,2026-07-15 15:42:42.000000,6.92,16.7,Motorcycle,44,4.5,Medium,Clear,Ghodbunder Road,2.78,True
TW101196,2026-07-30 01:35:00,2026-07-30 01:48:18.000000,3.97,13.3,Scooter,22,4.3,Low,Overcast,Bhandup,1.18,True
TW102626,2026-07-13 15:27:00,2026-07-13 15:47:54.000000,0.0,20.9,Scooter,42,4.4,Medium,Clear,Navi Mumbai,0.86,True
TW104283,2026-07-14 23:06:00,2026-07-14 23:15:36.000000,4.42,9.6,Motorcycle,26,4.2,Low,Clear,Bhandup,1.63,True
TW100100,2026-07-19 01:40:00,2026-07-19 01:51:00.000000,3.4,11.0,Motorcycle,30,3.7,Low,Clear,Ghodbunder Road,0.83,True
TW100893,2026-07-20 05:47:00,2026-07-20 06:03:36.000000,3.54,16.6,Motorcycle,40,4.6,Medium,Rain,Bhandup,1.47,True
TW100077,2026-07-20 09:05:00,2026-07-20 09:15:18.000000,3.48,10.3,Motorcycle,30,4.1,High,Rain,Ghodbunder Road,0.72,True
TW100321,2026-07-18 17:20:00,2026-07-18 17:41:36.000000,5.58,21.6,Motorcycle,29,4.5,Low,Rain,Vashi,0.9,True
TW100690,2026-07-09 14:01:00,2026-07-09 14:05:00.000000,2.23,4.0,Scooter,20,4.7,Medium,Clear,Kalyan,2.61,True
TW101207,2026-07-17 15:09:00,2026-07-17 15:33:54.000000,7.24,24.9,Scooter,20,3.8,Medium,Clear,Airoli,4.4,True
TW103808,2026-07-30 11:29:00,2026-07-30 11:54:54.000000,6.77,25.9,Scooter,44,4.0,,Overcast,Vashi,1.72,False
TW102013,2026-07-02 10:07:00,2026-07-02 10:11:00.000000,2.87,4.0,Motorcycle,42,4.7,High,Clear,Navi Mumbai,1.87,True
TW104947,2026-07-28 17:00:00,2026-07-28 17:08:18.000000,3.71,8.3,2-Wheeler,23,4.3,Medium,Rain,Vashi,0.28,True
TW102759,2026-07-04 22:05:00,2026-07-04 22:23:12.000000,5.17,18.2,Motorcycle,33,3.6,Medium,Rain,Thane West,0.37,True
TW102505,2026-07-17 13:23:00,2026-07-17 13:27:00.000000,1.87,4.0,Motorcycle,33,4.7,Medium,Clear,Kalyan,3.66,True
TW100700,2026-07-23 16:27:00,2026-07-23 16:33:54.000000,3.17,6.9,Scooter,41,4.0,Low,Clear,Kalyan,1.7,True
TW100360,2026-07-20 06:00:00,2026-07-20 06:12:36.000000,6.45,12.6,Scooter,29,4.6,High,Overcast,Mulund,4.2,True
TW103503,2026-07-01 11:49:00,2026-07-01 11:54:30.000000,2.31,5.5,Motorcycle,42,3.7,Medium,Clear,Airoli,4.4,True
TW101370,2026-07-30 14:53:00,2026-07-30 15:07:18.000000,3.54,14.3,Electric Scooter,42,4.7,High,Rain,Navi Mumbai,1.27,True
TW102849,2026-07-04 01:52:00,2026-07-04 02:00:18.000000,1.27,8.3,Scooter,22,4.3,Medium,Clear,Ghodbunder Road,5.81,True
TW100488,2026-07-02 13:47:00,2026-07-02 14:16:54.000000,11.59,29.9,Scooter,19,4.4,Low,Rain,Dombivli,0.89,False
TW100648,2026-07-03 05:19:00,2026-07-03 05:35:06.000000,6.5,16.1,Scooter,32,4.7,High,Clear,Dombivli,2.17,True
TW100494,2026-07-15 04:37:00,2026-07-15 04:41:18.000000,3.14,4.3,Motorcycle,20,4.5,Low,Clear,Vashi,5.35,True
TW103073,2026-07-26 05:12:00,2026-07-26 05:19:00.000000,1.49,7.0,Scooter,35,4.9,Low,Rain,Ghodbunder Road,0.95,True
TW104440,2026-07-01 21:53:00,2026-07-01 22:26:54.000000,12.32,33.9,Motorcycle,44,4.7,Medium,Clear,Kalyan,0.96,False
TW102420,2026-07-15 07:05:00,2026-07-15 07:26:30.000000,6.95,21.5,Scooter,38,4.1,High,Clear,Mulund,2.65,True
TW104838,2026-07-20 08:06:00,2026-07-20 08:27:54.000000,5.07,21.9,Scooter,27,4.6,Low,Overcast,Ghodbunder Road,0.2,True
TW100846,2026-07-11 13:38:00,2026-07-11 13:57:00.000000,7.44,19.0,Scooter,25,4.8,Medium,Clear,Dombivli,1.01,True
TW103208,2026-07-16 04:02:00,2026-07-16 04:13:12.000000,5.26,11.2,Motorcycle,19,4.2,Medium,Overcast,Vashi,0.25,True
TW100625,2026-07-27 04:43:00,2026-07-27 04:52:00.000000,2.77,9.0,Scooter,29,4.1,Medium,Clear,Airoli,0.2,True
TW100286,2026-07-08 13:16:00,2026-07-08 13:22:36.000000,1.53,6.6,Scooter,33,4.5,High,Overcast,Ghodbunder Road,1.6,True
TW102270,2026-07-18 01:51:00,2026-07-18 02:08:06.000000,6.94,17.1,Scooter,32,5.0,High,Clear,Navi Mumbai,5.63,True
TW100272,2026-07-12 06:05:00,2026-07-12 06:16:30.000000,2.35,11.5,Motorcycle,42,4.1,High,Clear,Mulund,7.58,True
TW104164,2026-07-16 09:03:00,2026-07-16 09:08:00.000000,1.89,5.0,Motorcycle,33,4.6,Medium,Rain,Bhandup,3.08,True
TW101211,2026-07-20 10:22:00,2026-07-20 10:32:48.000000,4.05,10.8,Motorcycle,35,4.0,Low,Clear,Mulund,1.99,True
TW103405,2026-07-09 18:08:00,2026-07-09 18:21:12.000000,5.01,13.2,Scooter,42,4.0,Medium,Clear,Mumbra,1.85,True
TW101665,2026-07-01 15:23:00,2026-07-01 15:36:48.000000,3.78,-2.88713854783677,Motorcycle,23,4.6,Medium,Rain,Mulund,3.46,True
TW104946,2026-07-22 13:46:00,2026-07-22 13:52:54.000000,2.26,6.9,Motorcycle,43,4.5,Low,Clear,Navi Mumbai,0.44,True
TW101236,2026-07-23 08:51:00,2026-07-23 08:55:00.000000,2.23,4.0,Scooter,25,4.5,Low,Rain,Mumbra,2.86,True
TW100972,2026-07-28 14:40:00,2026-07-28 15:00:00.000000,5.22,20.0,Motorcycle,34,4.9,Low,Rain,Mulund,0.2,True
TW103991,2026-07-16 22:55:00,2026-07-16 23:27:54.000000,8.95,32.9,Electric Scooter,30,3.9,Low,Overcast,Vashi,0.98,False
TW101317,2026-07-18 20:44:00,2026-07-18 20:49:54.000000,2.33,5.9,Electric Scooter,40,4.1,High,Overcast,Vashi,3.08,True
TW101895,2026-07-20 13:20:00,2026-07-20 13:37:42.000000,6.4,17.7,motorbike,25,4.2,Medium,Clear,Thane West,1.29,True
TW100471,2026-07-13 03:43:00,2026-07-13 03:57:48.000000,3.33,14.8,Electric Scooter,22,4.9,High,Overcast,Mumbra,9.05,True
TW103600,2026-07-27 00:51:00,2026-07-27 01:14:06.000000,5.02,23.1,Scooter,26,4.5,Medium,Clear,Navi Mumbai,2.65,True
TW103009,2026-07-21 04:38:00,2026-07-21 04:49:48.000000,2.8,11.8,Motorcycle,30,4.8,Low,Rain,Vashi,0.84,True
TW102320,2026-07-17 12:34:00,2026-07-17 12:41:24.000000,2.38,7.4,Motorcycle,24,4.9,High,Clear,Navi Mumbai,0.99,True
TW101491,2026-07-02 16:43:00,2026-07-02 16:47:06.000000,1.47,4.1,Motorcycle,36,4.0,Low,Clear,Vashi,0.2,True
TW102825,2026-07-21 02:06:00,2026-07-21 02:25:18.000000,5.54,19.3,Motorcycle,29,4.3,Medium,Overcast,Dombivli,4.83,True
TW100668,2026-07-04 14:28:00,2026-07-04 14:02:54.586713,1.3,4.0,Scooter,28,4.0,Medium,Clear,Dombivli,2.76,True
TW102392,2026-07-02 10:37:00,2026-07-02 10:49:06.000000,2.2,12.1,Electric Scooter,22,4.1,High,Rain,Airoli,1.05,True
TW104415,2026-07-16 10:20:00,2026-07-16 10:54:06.000000,11.39,34.1,Motorcycle,19,3.5,Medium,Clear,Mulund,1.18,False
TW103059,2026-07-08 00:27:00,2026-07-08 00:32:00.000000,3.08,5.0,Scooter,41,4.6,Low,Clear,Thane West,4.45,True
TW104706,2026-07-05 00:46:00,2026-07-05 00:51:42.000000,2.96,5.7,Motorcycle,34,3.7,High,Rain,Airoli,0.2,True
TW100201,2026-07-26 01:27:00,2026-07-26 01:31:00.000000,1.85,4.0,Scooter,26,4.2,Low,Clear,Dombivli,5.98,True
TW104869,2026-07-14 13:05:00,2026-07-14 13:36:54.000000,9.29,31.9,Scooter,43,3.9,Medium,,Vashi,4.87,False
TW102281,2026-07-05 14:43:00,2026-07-05 14:51:54.000000,3.4,8.9,Electric Scooter,34,4.6,High,Rain,Bhandup,2.63,True
TW103793,2026-07-04 18:52:00,2026-07-04 19:00:00.000000,3.17,8.0,Motorcycle,44,4.7,Low,Clear,Airoli,0.2,True
TW104933,2026-07-11 03:11:00,2026-07-11 03:23:42.000000,6.36,12.7,Motorcycle,30,4.0,Low,Clear,Dombivli,0.3,True
TW104700,2026-07-06 00:36:00,2026-07-06 00:43:18.000000,4.07,7.3,Scooter,20,4.4,Medium,Rain,Thane West,0.85,True
TW102047,2026-07-21 09:39:00,2026-07-21 09:43:00.000000,1.31,4.0,Scooter,44,3.8,High,Clear,Mulund,0.61,True
TW104962,2026-07-29 09:59:00,2026-07-29 10:14:00.000000,4.14,15.0,Electric Scooter,38,3.8,Low,Overcast,Ghodbunder Road,1.04,True
TW102293,2026-07-23 12:53:00,2026-07-23 12:28:19.422518,4.99,9.1,Motorcycle,42,4.7,Low,Rain,Vashi,0.55,True
TW103151,2026-07-23 01:45:00,2026-07-23 01:49:00.000000,0.54,4.0,Scooter,30,4.3,Medium,Clear,Bhandup,0.37,True
TW102167,2026-07-05 01:51:00,2026-07-05 01:57:30.000000,2.61,446.7889670975581,Electric Scooter,36,5.0,Medium,Rain,Navi Mumbai,0.83,True
TW101840,2026-07-23 23:18:00,2026-07-23 23:22:00.000000,1.76,4.0,motorbike,36,4.6,High,Clear,Ghodbunder Road,0.2,True
TW103061,2026-07-07 22:35:00,2026-07-07 22:39:00.000000,0.94,4.0,Motorcycle,40,3.8,Medium,Clear,Dombivli,4.01,True
TW102377,2026-07-25 05:58:00,2026-07-25 06:35:54.000000,13.86,37.9,Motorcycle,28,4.4,Medium,Clear,Airoli,5.06,False
TW103119,2026-07-18 23:32:00,2026-07-18 23:36:00.000000,1.41,4.0,Motorcycle,20,4.7,Medium,Overcast,Thane West,1.2,True
TW100209,2026-07-13 11:57:00,2026-07-13 12:17:36.000000,7.81,20.6,Scooter,21,4.6,Medium,Clear,Dombivli,0.37,True
TW101683,2026-07-18 08:19:00,2026-07-18 08:26:30.000000,1.07,7.5,Electric Scooter,21,3.7,Medium,Clear,Thane West,0.58,True
TW101041,2026-07-24 02:08:00,2026-07-24 02:23:30.000000,6.46,15.5,Scooter,39,4.2,Medium,Clear,Ghodbunder Road,0.2,True
TW102618,2026-07-26 07:17:00,2026-07-26 07:29:12.000000,3.68,12.2,Scooter,40,3.8,Medium,Clear,Kalyan,0.2,True
TW101586,2026-07-29 06:22:00,2026-07-29 06:57:36.000000,15.45,35.6,Motorcycle,22,4.6,Medium,Clear,Kalyan,2.76,False
TW102060,2026-07-12 16:20:00,2026-07-12 16:32:48.000000,5.44,12.8,Motorcycle,39,3.4,High,,Navi Mumbai,8.55,True
TW103042,2026-07-17 05:12:00,2026-07-17 05:19:00.000000,1.34,7.0,Scooter,27,3.8,Medium,Clear,Bhandup,1.18,True
TW102438,2026-07-16 23:45:00,2026-07-16 23:52:24.000000,3.61,7.4,Scooter,35,4.7,Medium,Clear,Bhandup,0.98,True
TW104671,2026-07-19 12:08:00,2026-07-19 12:15:48.000000,3.28,7.8,Motorcycle,27,4.1,Low,Clear,Ghodbunder Road,5.06,True
TW100157,2026-07-12 17:51:00,2026-07-12 18:04:36.000000,4.38,13.6,Scooter,19,4.1,Low,Clear,Navi Mumbai,0.61,True
TW101738,2026-07-08 23:54:00,2026-07-09 00:03:30.000000,3.39,9.5,Motorcycle,36,4.8,Medium,Clear,Navi Mumbai,0.28,True
TW102180,2026-07-20 05:54:00,2026-07-20 06:16:18.000000,7.67,22.3,Scooter,30,4.7,Medium,Overcast,Bhandup,0.33,True
TW100014,2026-07-10 02:36:00,2026-07-10 02:48:36.000000,2.7,12.6,Motorcycle,27,4.1,Low,Clear,Ghodbunder Road,0.89,True
TW104053,2026-07-15 21:13:00,2026-07-15 21:31:54.000000,6.72,18.9,Scooter,37,4.2,High,Rain,Mumbra,2.87,True
TW104966,2026-07-07 06:41:00,2026-07-07 06:57:36.000000,5.87,16.6,Electric Scooter,37,4.7,Medium,Clear,Dombivli,0.22,True
TW101733,2026-07-09 21:10:00,2026-07-09 21:14:00.000000,1.45,4.0,electric scooter,38,4.6,Low,Clear,Mulund,2.81,True
TW100104,2026-07-03 00:50:00,2026-07-03 00:59:36.000000,3.14,9.6,Electric Scooter,25,4.2,High,Clear,Navi Mumbai,3.1,True
TW104739,2026-07-16 19:20:00,2026-07-16 19:38:18.000000,4.95,18.3,Motorcycle,41,4.3,High,Overcast,Mumbra,1.98,True
TW103182,2026-07-08 20:53:00,2026-07-08 21:01:18.000000,4.34,8.3,Scooter,39,4.7,High,Clear,Airoli,1.57,True
TW104705,2026-07-06 10:22:00,2026-07-06 10:36:42.000000,3.47,14.7,Scooter,20,5.0,Low,Clear,Vashi,0.67,True
TW100411,2026-07-03 12:08:00,2026-07-03 12:18:18.000000,4.94,10.3,Motorcycle,44,4.5,Low,Overcast,Airoli,2.16,True
TW100465,2026-07-21 10:37:00,2026-07-21 10:59:12.000000,7.82,22.2,Scooter,40,3.9,Low,Clear,Ghodbunder Road,0.22,True
TW100766,2026-07-01 17:44:00,2026-07-01 18:19:00.000000,12.86,35.0,Scooter,20,4.3,Low,Overcast,Ghodbunder Road,0.26,False
TW103844,2026-07-30 21:43:00,2026-07-30 21:55:42.000000,4.51,12.7,Scooter,35,5.0,High,Rain,Vashi,2.49,True
TW100599,2026-07-18 10:49:00,2026-07-18 11:05:42.000000,5.49,16.7,Scooter,37,3.4,Medium,Clear,Mulund,0.85,True
TW104007,2026-07-01 03:10:00,2026-07-01 03:24:00.000000,7.14,14.0,Motorcycle,40,4.9,Medium,Rain,Dombivli,0.45,True
TW100167,2026-07-11 06:00:00,2026-07-11 06:12:48.000000,4.2,12.8,motorbike,27,3.5,High,Clear,Dombivli,2.2,True
TW103115,2026-07-01 09:07:00,2026-07-01 09:14:36.000000,2.68,7.6,bike,33,4.3,Medium,Clear,Bhandup,0.2,True
TW104551,2026-07-29 16:16:00,2026-07-29 16:20:00.000000,0.48,4.0,Scooter,41,4.7,Low,Clear,Ghodbunder Road,2.25,True
TW104010,2026-07-27 11:52:00,2026-07-27 11:56:00.000000,2.25,4.0,Motorcycle,34,4.3,Low,Clear,Kalyan,4.06,True
TW103365,2026-07-20 06:53:00,2026-07-20 06:57:00.000000,1.91,4.0,Electric Scooter,22,4.1,High,Clear,Airoli,0.24,True
TW100894,2026-07-03 10:42:00,2026-07-03 10:46:42.000000,1.51,4.7,Electric Scooter,35,4.2,Medium,Clear,Thane West,0.25,True
TW102394,2026-07-27 06:30:00,2026-07-27 06:42:42.000000,4.75,12.7,Scooter,20,4.8,Low,Clear,Airoli,2.38,True
TW104961,2026-07-01 09:23:00,2026-07-01 09:27:00.000000,2.26,4.0,Scooter,27,4.2,Medium,Clear,Ghodbunder Road,3.22,True
TW100433,2026-07-25 02:57:00,2026-07-25 03:03:36.000000,1.99,6.6,Scooter,26,3.9,Low,Rain,Mulund,0.41,True
TW100948,2026-07-21 15:05:00,2026-07-21 15:15:42.000000,2.97,10.7,Electric Scooter,31,4.2,Medium,Clear,Kalyan,1.82,True
TW104954,2026-07-22 08:36:00,2026-07-22 08:55:06.000000,6.13,19.1,Scooter,34,4.4,Medium,Clear,Kalyan,0.72,True
TW102146,2026-07-20 04:45:00,2026-07-20 04:49:00.000000,1.23,4.0,Motorcycle,25,4.3,High,Overcast,Navi Mumbai,3.56,True
TW101036,2026-07-20 08:43:00,2026-07-20 09:00:48.000000,6.11,17.8,Motorcycle,28,3.9,Medium,Clear,Ghodbunder Road,1.59,True
TW103893,2026-07-11 00:03:00,2026-07-11 00:12:24.000000,3.91,9.4,Scooter,29,4.8,Low,Clear,Ghodbunder Road,0.62,True
TW100852,2026-07-05 22:57:00,2026-07-05 23:08:24.000000,4.94,11.4,Motorcycle,36,4.2,Low,Clear,Thane West,1.74,True
TW104254,2026-07-30 04:43:00,2026-07-30 04:47:06.000000,1.23,4.1,Scooter,24,3.8,Medium,Clear,Kalyan,4.22,True
TW101191,2026-07-18 14:56:00,2026-07-18 15:09:24.000000,4.33,13.4,Motorcycle,40,4.3,Low,Clear,Mumbra,3.21,True
TW104660,2026-07-05 15:11:00,2026-07-05 15:33:12.000000,4.65,306.1873567000471,motorbike,31,4.4,Low,Clear,Navi Mumbai,0.83,True
TW103107,2026-07-25 06:13:00,2026-07-25 06:18:18.000000,1.84,5.3,Scooter,20,4.3,Low,Clear,Kalyan,0.37,True
TW101605,2026-07-28 12:54:00,2026-07-28 13:03:48.000000,3.86,9.8,Motorcycle,35,4.3,Low,Clear,Navi Mumbai,7.11,True
TW104787,2026-07-01 06:37:00,2026-07-01 06:41:00.000000,2.03,4.0,Scooter,28,4.2,Low,Clear,Dombivli,0.2,True
,2026-07-01 21:48:00,2026-07-01 21:56:18.000000,3.48,8.3,Motorcycle,40,3.7,Low,Rain,Airoli,0.2,True
TW103708,2026-07-25 01:25:00,2026-07-25 01:44:36.000000,8.07,19.6,Motorcycle,42,4.4,Low,Clear,Dombivli,2.42,True
TW102773,2026-07-09 10:15:00,2026-07-09 10:19:00.000000,0.72,4.0,Motorcycle,35,4.7,Low,Clear,Vashi,1.04,True
TW103329,2026-07-25 13:43:00,2026-07-25 13:59:12.000000,5.01,16.2,Electric Scooter,38,3.6,Medium,Clear,Thane West,2.59,True
TW103979,2026-07-13 14:29:00,2026-07-13 14:35:06.000000,3.24,6.1,Motorcycle,26,4.1,Medium,Rain,Ghodbunder Road,2.4,True
TW102409,2026-07-26 19:24:00,2026-07-26 19:31:36.000000,2.82,7.6,Motorcycle,31,4.5,Low,Clear,Thane West,1.33,True
TW100562,2026-07-12 17:27:00,2026-07-12 17:44:00.000000,0.0,17.0,Motorcycle,37,4.4,Low,Rain,Vashi,3.42,True
TW102704,2026-07-24 14:52:00,2026-07-24 14:58:06.000000,2.38,6.1,Scooter,23,4.0,Medium,Overcast,Ghodbunder Road,1.85,True
TW100383,2026-07-22 20:41:00,2026-07-22 20:45:00.000000,2.65,4.0,Scooter,34,4.3,Medium,Clear,Airoli,0.97,True
TW100072,2026-07-04 21:21:00,2026-07-04 21:45:24.000000,8.3,24.4,Scooter,39,3.8,Low,,Kalyan,3.9,True
TW101852,2026-07-11 07:43:00,2026-07-11 07:47:00.000000,2.19,4.0,Scooter,40,4.1,High,Overcast,Ghodbunder Road,0.6,True
TW104470,2026-07-05 23:01:00,2026-07-05 23:05:00.000000,1.51,4.0,Motorcycle,43,4.7,High,Clear,Dombivli,2.32,True
TW102090,2026-07-06 19:59:00,2026-07-06 20:29:30.000000,10.23,30.5,Motorcycle,26,3.9,Low,Clear,Ghodbunder Road,0.69,False
TW101290,2026-07-25 06:48:00,2026-07-25 07:02:12.000000,6.04,14.2,Scooter,38,3.7,Low,Clear,Airoli,0.97,True
TW100906,2026-07-24 02:28:00,2026-07-24 02:39:00.000000,4.32,11.0,Scooter,41,4.3,Low,Overcast,Mumbra,5.33,True
TW102929,2026-07-23 23:15:00,2026-07-23 23:43:00.000000,9.38,28.0,Electric Scooter,24,4.8,High,Clear,Kalyan,1.17,False
TW102969,2026-07-26 21:33:00,2026-07-26 22:00:54.000000,9.21,27.9,Motorcycle,25,4.4,Low,Rain,Thane West,0.2,False
TW100878,2026-07-10 19:32:00,2026-07-10 19:36:00.000000,2.35,4.0,Motorcycle,20,4.8,Medium,Clear,Dombivli,7.27,True
TW103004,2026-07-24 02:53:00,2026-07-24 03:07:12.000000,7.25,14.2,Scooter,41,3.7,Low,Clear,Kalyan,5.38,True
TW103521,2026-07-10 14:48:00,2026-07-10 15:16:42.000000,9.59,28.7,Motorcycle,25,,Medium,Rain,Mumbra,2.84,False
TW100156,2026-07-07 17:54:00,2026-07-07 18:04:30.000000,4.22,10.5,Scooter,39,4.4,High,Rain,Vashi,3.98,True
TW103508,2026-07-24 19:12:00,2026-07-24 19:33:24.000000,5.11,21.4,Motorcycle,43,4.6,Medium,,Thane West,1.92,True
TW101040,2026-07-30 02:42:00,2026-07-30 02:47:30.000000,1.54,5.5,Motorcycle,35,4.1,Medium,Clear,Bhandup,2.49,True
TW102752,2026-07-20 23:39:00,2026-07-20 23:45:12.000000,1.74,6.2,Motorcycle,33,3.9,High,Overcast,Thane West,0.32,True
TW103850,2026-07-11 06:33:00,2026-07-11 06:47:54.000000,5.22,14.9,Motorcycle,25,4.9,High,Rain,Ghodbunder Road,0.83,True
TW100937,2026-07-02 07:17:00,2026-07-02 07:30:00.000000,3.63,13.0,Scooter,37,5.0,Low,Clear,Navi Mumbai,3.16,True
TW103830,2026-07-22 06:25:00,2026-07-22 06:33:30.000000,3.58,8.5,Scooter,30,4.8,Low,Overcast,Vashi,0.2,True
TW102729,2026-07-01 16:16:00,2026-07-01 16:27:48.000000,3.34,11.8,Electric Scooter,43,4.5,High,Overcast,Navi Mumbai,2.61,True
TW100102,2026-07-07 01:14:00,2026-07-07 01:23:18.000000,5.21,9.3,Motorcycle,43,4.6,Medium,Rain,Bhandup,0.7,True
TW100199,2026-07-11 07:33:00,2026-07-11 07:37:00.000000,2.07,4.0,Electric Scooter,41,4.5,Low,Clear,Vashi,1.03,True
TW104158,2026-07-08 23:07:00,2026-07-08 23:21:18.000000,4.86,14.3,Motorcycle,24,5.0,Medium,Clear,Navi Mumbai,3.89,True
TW100671,2026-07-12 06:20:00,2026-07-12 06:00:20.266847,3.65,-5.941538285132945,Electric Scooter,25,4.0,High,Rain,Airoli,0.83,True
TW102629,2026-07-26 11:04:00,2026-07-26 11:08:00.000000,3.19,4.0,Electric Scooter,42,4.0,Low,Overcast,Navi Mumbai,1.4,True
TW100378,2026-07-06 23:25:00,2026-07-06 23:44:48.000000,4.72,19.8,Scooter,40,3.9,Medium,Clear,Vashi,,True
TW102900,2026-07-18 23:07:00,2026-07-18 23:11:00.000000,2.38,4.0,Electric Scooter,30,5.0,High,Clear,Navi Mumbai,1.21,True
TW104821,2026-07-17 00:49:00,2026-07-17 00:56:36.000000,1.71,7.6,Motorcycle,42,4.8,Medium,Clear,Mulund,0.2,True
TW102241,2026-07-08 03:52:00,2026-07-08 04:06:54.000000,4.84,14.9,Scooter,41,4.2,Medium,Rain,Dombivli,0.2,True
TW101850,2026-07-22 14:58:00,2026-07-22 15:02:00.000000,0.65,4.0,Scooter,28,4.5,High,Clear,Bhandup,1.26,True
TW100129,2026-07-25 05:14:00,2026-07-25 05:25:30.000000,3.33,11.5,Scooter,28,4.1,Low,Clear,Ghodbunder Road,1.81,True
TW104633,2026-07-02 15:51:00,2026-07-02 16:28:42.000000,13.17,37.7,Motorcycle,22,3.9,Low,Clear,Dombivli,0.33,False
TW101043,2026-07-16 08:17:00,2026-07-16 08:21:00.000000,1.65,-5.8128707047405275,Scooter,43,4.1,Medium,Rain,Mumbra,1.02,True
TW103885,2026-07-12 17:00:00,2026-07-12 17:15:18.000000,5.18,15.3,Motorcycle,23,3.8,Low,Overcast,Kalyan,6.58,True
TW104642,2026-07-07 23:17:00,2026-07-07 23:21:00.000000,1.36,4.0,Motorcycle,39,4.3,Low,Clear,Kalyan,0.52,True
TW103909,2026-07-29 03:04:00,2026-07-29 03:41:48.000000,11.41,37.8,Motorcycle,23,4.5,Medium,Overcast,Airoli,1.6,False
TW102046,2026-07-06 17:20:00,2026-07-06 17:29:48.000000,1.98,9.8,Motorcycle,37,4.2,High,Rain,Vashi,0.47,True
TW100743,2026-07-02 14:14:00,2026-07-02 14:27:00.000000,3.3,13.0,Scooter,29,4.8,Low,Rain,Mumbra,3.36,True
TW100757,2026-07-20 18:48:00,2026-07-20 18:56:42.000000,3.08,8.7,Motorcycle,36,3.9,Medium,Overcast,Mulund,0.2,True
TW101828,2026-07-10 02:54:00,2026-07-10 03:04:00.000000,2.81,10.0,Scooter,23,4.9,Medium,Clear,Vashi,4.14,True
TW104097,2026-07-27 05:05:00,2026-07-27 05:21:30.000000,5.78,16.5,Scooter,37,4.9,Medium,Clear,Thane West,0.94,True
TW102193,2026-07-20 04:25:00,2026-07-20 04:32:06.000000,1.83,7.1,Scooter,36,4.2,Low,Overcast,Mulund,0.64,True
TW104607,2026-07-29 14:41:00,2026-07-29 15:00:48.000000,6.41,19.8,Scooter,33,4.5,High,Clear,Airoli,8.01,True
TW103379,2026-07-19 16:31:00,2026-07-19 16:43:18.000000,4.42,12.3,Scooter,40,4.1,Low,Overcast,Bhandup,7.15,True
TW104867,2026-07-09 09:06:00,2026-07-09 09:16:12.000000,2.8,10.2,Scooter,21,4.5,Low,Overcast,Kalyan,0.7,True
TW104111,2026-07-08 08:46:00,2026-07-08 08:57:24.000000,2.68,11.4,Motorcycle,19,3.9,Medium,Clear,Ghodbunder Road,1.92,True
TW104222,2026-07-01 01:29:00,2026-07-01 01:40:00.000000,4.79,11.0,electric scooter,30,4.6,High,Overcast,Mumbra,0.38,True
TW101280,2026-07-22 01:50:00,2026-07-22 01:59:24.000000,2.05,9.4,Motorcycle,24,4.4,High,Overcast,Kalyan,4.53,True
TW103241,2026-07-10 08:44:00,2026-07-10 09:04:18.000000,7.33,20.3,Scooter,20,4.3,Low,Clear,Vashi,5.57,True
TW100213,2026-07-02 03:35:00,2026-07-02 03:40:24.000000,0.72,5.4,Motorcycle,21,4.4,Low,Clear,Vashi,4.23,True
TW102191,2026-07-20 07:55:00,2026-07-20 08:14:36.000000,7.11,19.6,Electric Scooter,21,4.3,High,Clear,Dombivli,6.38,True
TW104208,2026-07-01 13:45:00,2026-07-01 13:56:00.000000,2.65,11.0,Electric Scooter,27,3.9,Medium,Rain,Bhandup,0.54,True
TW103539,2026-07-07 09:26:00,2026-07-07 09:41:18.000000,8.52,-6.705190935993189,Scooter,36,3.6,High,Rain,Navi Mumbai,1.23,True
TW104350,2026-07-12 14:13:00,2026-07-12 14:21:06.000000,2.85,8.1,Scooter,43,4.3,Medium,Clear,Bhandup,4.79,True
TW101244,2026-07-19 02:59:00,2026-07-19 03:05:24.000000,1.61,6.4,Scooter,29,4.4,High,Clear,Bhandup,2.8,True
TW102809,2026-07-27 09:27:00,2026-07-27 09:40:24.000000,5.96,13.4,Motorcycle,21,3.9,Medium,Clear,Mumbra,2.13,True
TW104945,2026-07-11 05:13:00,2026-07-11 05:36:54.000000,6.4,23.9,Motorcycle,43,4.2,,Clear,Thane West,0.21,True
TW104434,2026-07-18 14:28:00,2026-07-18 14:34:54.000000,2.54,6.9,Motorcycle,27,3.7,High,Overcast,Airoli,1.53,True
TW104857,2026-07-30 11:19:00,2026-07-30 11:32:36.000000,2.88,13.6,Scooter,38,5.0,Low,Clear,Dombivli,3.58,True
TW102641,2026-07-07 22:48:00,2026-07-07 23:23:00.000000,10.47,35.0,Scooter,33,3.9,High,Overcast,Dombivli,4.85,False
TW104129,2026-07-01 22:52:00,2026-07-01 23:22:00.000000,10.5,30.0,Motorcycle,23,4.9,Low,Clear,Bhandup,1.58,False
TW101874,2026-07-22 21:31:00,2026-07-22 21:50:00.000000,4.72,19.0,Scooter,43,4.3,Medium,Clear,Airoli,0.53,True
TW104865,2026-07-09 02:53:00,2026-07-09 03:00:12.000000,3.04,7.2,Scooter,19,4.7,Medium,Clear,Vashi,1.62,True
TW100024,2026-07-28 22:06:00,2026-07-28 22:18:18.000000,4.95,12.3,Scooter,37,4.4,Low,Clear,Thane West,0.71,True
TW100369,2026-07-27 14:08:00,2026-07-27 14:12:00.000000,1.22,4.0,Motorcycle,34,4.4,High,Clear,Navi Mumbai,9.02,True
TW100061,2026-07-11 04:50:00,2026-07-11 05:06:06.000000,4.61,16.1,Scooter,42,4.3,Medium,Clear,Mumbra,2.32,True
TW100353,2026-07-24 02:14:00,2026-07-24 02:18:00.000000,2.13,4.0,Scooter,24,3.6,Low,Overcast,Navi Mumbai,2.35,True
TW102876,2026-07-19 03:13:00,2026-07-19 03:18:24.000000,2.48,5.4,Scooter,23,4.7,Low,Clear,Ghodbunder Road,2.3,True
TW100945,2026-07-21 12:13:00,2026-07-21 12:36:12.000000,8.01,23.2,Scooter,44,4.7,High,Clear,Mulund,1.9,True
TW100541,2026-07-06 06:49:00,2026-07-06 07:17:42.000000,9.79,28.7,Motorcycle,40,4.1,Medium,,Mumbra,0.2,False
TW103765,2026-07-10 14:25:00,2026-07-10 14:38:42.000000,7.23,13.7,Scooter,34,4.2,High,Clear,Airoli,8.12,True
TW103278,2026-07-17 22:13:00,2026-07-17 22:18:48.000000,1.22,5.8,Scooter,23,3.8,Low,Overcast,Kalyan,0.2,True
TW101462,2026-07-25 03:49:00,2026-07-25 04:00:12.000000,2.68,11.2,Motorcycle,42,4.6,High,Rain,Bhandup,0.81,True
TW101594,2026-07-02 12:11:00,2026-07-02 12:25:12.000000,5.32,14.2,Scooter,35,4.2,Medium,Overcast,Kalyan,0.43,True
TW103829,2026-07-26 02:07:00,2026-07-26 02:11:18.000000,3.04,-5.552859038358941,Scooter,24,3.3,Medium,Clear,Thane West,1.17,True
TW104077,2026-07-10 15:22:00,2026-07-10 15:26:36.000000,1.16,4.6,Scooter,34,4.2,Medium,Rain,Bhandup,1.46,True
TW101867,2026-07-08 07:37:00,2026-07-08 07:41:00.000000,2.21,4.0,Scooter,37,4.3,High,Clear,Mumbra,0.32,True
TW103608,2026-07-12 06:45:00,2026-07-12 06:54:18.000000,2.91,9.3,Motorcycle,37,4.3,Medium,Clear,Vashi,4.62,True
TW102070,2026-07-09 14:03:00,2026-07-09 14:14:18.000000,21.80526837277685,11.3,Scooter,21,4.8,High,Clear,Kalyan,2.07,True
TW103141,2026-07-14 13:59:00,2026-07-14 14:09:06.000000,2.06,10.1,Scooter,29,4.3,Medium,Rain,Thane West,0.94,True
TW104108,2026-07-21 03:11:00,2026-07-21 03:22:48.000000,5.08,11.8,Scooter,28,4.0,Low,Rain,Dombivli,0.36,True
TW103313,2026-07-24 09:03:00,2026-07-24 09:17:54.000000,4.11,14.9,Motorcycle,31,4.9,Low,Clear,Airoli,1.81,True
TW103622,2026-07-01 16:46:00,2026-07-01 17:13:00.000000,7.16,27.0,Scooter,36,4.2,High,Clear,Dombivli,0.43,False
TW101974,2026-07-25 03:19:00,2026-07-25 03:32:30.000000,3.32,13.5,Motorcycle,29,4.7,Medium,Clear,Thane West,1.99,True
TW102610,2026-07-10 09:41:00,2026-07-10 09:51:30.000000,3.18,10.5,Electric Scooter,43,4.7,Low,Clear,Ghodbunder Road,2.07,True
TW102509,2026-07-23 19:46:00,2026-07-23 20:02:00.000000,5.7,16.0,Electric Scooter,23,3.6,Medium,Clear,Dombivli,2.17,True
TW100402,2026-07-10 18:37:00,2026-07-10 18:42:42.000000,2.33,5.7,Electric Scooter,24,4.9,Low,Clear,Mumbra,2.19,True
TW102068,2026-07-28 03:54:00,2026-07-28 04:07:54.000000,5.94,13.9,Scooter,22,4.9,Medium,Clear,Bhandup,2.42,True
TW103572,2026-07-30 08:40:00,2026-07-30 08:47:18.000000,2.3,7.3,Electric Scooter,32,4.3,Medium,,Mulund,1.25,True
TW104698,2026-07-17 07:10:00,2026-07-17 07:32:00.000000,5.66,22.0,Scooter,28,3.9,Medium,Clear,Airoli,1.9,True
TW104716,2026-07-04 15:02:00,2026-07-04 15:11:18.000000,3.56,9.3,Scooter,33,4.5,Low,Overcast,Mumbra,0.81,True
TW104998,2026-07-13 21:01:00,2026-07-13 21:11:30.000000,4.47,10.5,Electric Scooter,23,4.1,High,Clear,Kalyan,0.32,True
TW102375,2026-07-13 12:54:00,2026-07-13 13:11:30.000000,5.6,17.5,Scooter,32,4.1,Low,Rain,Navi Mumbai,4.72,True
TW101181,2026-07-21 04:56:00,2026-07-21 05:14:12.000000,5.86,18.2,Scooter,32,3.4,Low,Overcast,Mulund,0.29,True
TW101080,2026-07-22 17:20:00,2026-07-22 17:26:06.000000,3.34,320.0883098393923,Scooter,35,4.0,Medium,Clear,Ghodbunder Road,0.52,True
TW100141,2026-07-18 11:27:00,2026-07-18 11:45:18.000000,5.52,18.3,Motorcycle,44,3.9,High,Rain,Ghodbunder Road,2.84,True
TW101897,2026-07-21 03:35:00,2026-07-21 03:53:54.000000,6.54,18.9,Electric Scooter,28,4.5,High,Clear,Mumbra,0.43,True
TW102658,2026-07-25 06:45:00,2026-07-25 06:49:00.000000,1.57,4.0,Motorcycle,44,4.4,Medium,Rain,Navi Mumbai,11.68,True
TW103471,2026-07-03 05:59:00,2026-07-03 06:17:18.000000,4.86,18.3,Scooter,34,3.9,High,Clear,Mulund,0.63,True
TW103205,2026-07-04 14:21:00,2026-07-04 14:39:18.000000,5.15,18.3,Electric Scooter,22,4.5,High,Rain,Kalyan,5.73,True
TW102100,2026-07-21 10:09:00,2026-07-21 10:13:54.000000,1.51,4.9,Scooter,30,4.4,Medium,Clear,Vashi,0.53,True
TW103833,2026-07-13 04:04:00,2026-07-13 04:22:30.000000,7.1,18.5,Electric Scooter,40,4.3,Low,Overcast,Ghodbunder Road,0.3,True
TW102824,2026-07-12 00:53:00,2026-07-12 00:58:00.000000,2.53,5.0,Motorcycle,29,4.5,High,Clear,Mumbra,1.26,True
TW102088,2026-07-07 08:43:00,2026-07-07 09:20:24.000000,12.03,37.4,Motorcycle,22,4.7,Low,Clear,Bhandup,5.51,False
TW104438,2026-07-05 03:55:00,2026-07-05 04:15:36.000000,8.16,20.6,Scooter,42,5.0,Medium,Clear,Vashi,0.2,True
TW104192,2026-07-01 04:43:00,2026-07-01 05:02:12.000000,6.39,19.2,Electric Scooter,32,3.7,High,Clear,Mulund,1.79,True
TW104427,2026-07-12 02:02:00,2026-07-12 02:06:00.000000,1.97,4.0,Scooter,39,4.0,Low,Clear,Kalyan,2.67,True
TW100699,2026-07-26 15:14:00,2026-07-26 15:18:00.000000,1.63,4.0,Scooter,44,4.1,Medium,Clear,Ghodbunder Road,0.51,True
TW103306,2026-07-22 14:42:00,2026-07-22 14:46:00.000000,0.69,4.0,Scooter,27,4.8,High,Rain,Ghodbunder Road,1.88,True
TW101193,2026-07-29 06:09:00,2026-07-29 06:13:00.000000,1.37,4.0,Motorcycle,31,4.9,High,Clear,Navi Mumbai,0.41,True
TW101884,2026-07-07 12:04:00,2026-07-07 12:22:12.000000,7.59,18.2,Motorcycle,42,4.4,High,Rain,Mulund,1.15,True
TW100361,2026-07-21 15:54:00,2026-07-21 16:20:12.000000,27.74320488360317,26.2,Motorcycle,24,4.0,Low,Rain,Kalyan,3.52,False
TW100772,2026-07-26 12:52:00,2026-07-26 13:00:00.000000,2.36,8.0,Scooter,44,4.1,Low,Clear,Vashi,1.45,True
TW103010,2026-07-14 03:44:00,2026-07-14 03:55:00.000000,4.04,11.0,Scooter,23,5.0,High,Clear,Bhandup,0.2,True
TW103827,2026-07-06 12:05:00,2026-07-06 11:36:04.680804,2.77,5.5,Electric Scooter,22,3.7,Medium,Clear,Airoli,1.16,True
TW101751,2026-07-02 20:03:00,2026-07-02 20:14:54.000000,6.32,11.9,Motorcycle,36,3.8,Medium,Rain,Mumbra,1.55,True
TW100033,2026-07-28 18:35:00,2026-07-28 18:50:54.000000,6.18,15.9,Scooter,39,4.2,Low,Clear,Mulund,6.21,True
TW104673,2026-07-04 11:54:00,2026-07-04 12:17:48.000000,10.09,23.8,Scooter,20,4.9,Medium,Clear,Ghodbunder Road,1.94,True
TW104676,2026-07-03 12:02:00,2026-07-03 12:09:30.000000,3.85,7.5,Motorcycle,35,4.2,Low,Clear,Airoli,2.4,True
TW104568,2026-07-10 06:58:00,2026-07-10 07:22:36.000000,6.56,24.6,Scooter,32,3.9,Medium,Clear,Dombivli,0.72,True
TW103265,2026-07-08 20:36:00,2026-07-08 20:52:18.000000,5.66,16.3,Electric Scooter,33,4.2,Low,Clear,Thane West,2.34,True
TW100735,2026-07-02 02:44:00,2026-07-02 03:01:42.000000,4.92,17.7,Scooter,43,4.4,High,Clear,Vashi,4.65,True
TW103200,2026-07-23 18:41:00,2026-07-23 18:45:12.000000,1.84,4.2,Scooter,20,4.6,Medium,Overcast,Airoli,0.76,True
TW104991,2026-07-03 12:39:00,2026-07-03 12:47:54.000000,2.3,8.9,Motorcycle,36,5.0,High,Clear,Mulund,0.54,True
TW103039,2026-07-22 13:13:00,2026-07-22 13:23:24.000000,2.86,10.4,Motorcycle,22,3.9,Medium,Clear,Dombivli,2.82,True
TW101470,2026-07-03 11:01:00,2026-07-03 11:06:42.000000,2.12,5.7,Motorcycle,43,4.2,Medium,Overcast,Navi Mumbai,0.5,True
TW101646,2026-07-14 06:14:00,2026-07-14 06:36:42.000000,7.78,22.7,Motorcycle,20,3.8,Low,Clear,Mulund,1.92,True
TW102661,2026-07-01 05:14:00,2026-07-01 05:21:42.000000,3.82,7.7,Scooter,41,4.8,Medium,Rain,Airoli,1.48,True
TW100298,2026-07-03 20:22:00,2026-07-03 20:29:42.000000,3.65,7.7,Scooter,21,5.0,Medium,Clear,Vashi,3.37,True
TW101156,2026-07-02 07:44:00,2026-07-02 08:12:18.000000,8.25,28.3,Motorcycle,24,3.4,Medium,Clear,Vashi,2.15,False
TW103189,2026-07-03 08:37:00,2026-07-03 08:48:12.000000,3.36,11.2,Scooter,35,5.0,Medium,Rain,Mumbra,5.34,True
TW104534,2026-07-16 19:56:00,2026-07-16 20:19:42.000000,7.82,23.7,Motorcycle,36,4.7,Medium,Clear,Thane West,0.9,True
TW102764,2026-07-12 00:46:00,2026-07-12 00:50:36.000000,2.69,4.6,Scooter,20,4.9,High,Clear,Ghodbunder Road,0.93,True
TW102782,2026-07-16 19:37:00,2026-07-16 19:46:54.000000,2.96,9.9,Scooter,30,4.2,High,Clear,Airoli,2.08,True
TW102768,2026-07-28 19:40:00,2026-07-28 19:44:00.000000,2.17,4.0,Motorcycle,20,3.6,High,Rain,Bhandup,2.43,True
TW101347,2026-07-29 21:26:00,2026-07-29 21:31:54.000000,3.48,5.9,Electric Scooter,21,4.2,Medium,Rain,Mumbra,1.8,True
TW104315,2026-07-17 08:59:00,2026-07-17 09:07:54.000000,1.47,8.9,Scooter,38,3.4,High,Clear,Thane West,1.27,True
TW101212,2026-07-05 03:13:00,2026-07-05 03:23:36.000000,5.68,10.6,Scooter,28,4.3,Low,Overcast,Airoli,1.09,True
TW100401,2026-07-04 15:42:00,2026-07-04 15:46:00.000000,1.67,4.0,Bike,41,,Low,Overcast,Dombivli,1.02,True
TW101652,2026-07-27 17:52:00,2026-07-27 18:06:12.000000,2.38,14.2,Motorcycle,44,4.1,Low,Clear,Mulund,2.74,True
TW100402,2026-07-10 18:37:00,2026-07-10 18:42:42.000000,2.33,5.7,Electric Scooter,24,4.9,Low,Clear,Mumbra,2.19,True
TW104876,2026-07-19 00:33:00,2026-07-19 00:55:18.000000,9.48,22.3,motorbike,40,3.9,Medium,Clear,Mumbra,1.58,True
TW100521,2026-07-08 07:12:00,2026-07-08 07:17:06.000000,2.62,5.1,Motorcycle,31,4.9,Medium,Clear,Airoli,6.64,True
TW101670,2026-07-13 22:07:00,2026-07-13 22:24:00.000000,3.48,17.0,Scooter,42,4.6,High,Overcast,Airoli,2.54,True
TW102625,2026-07-07 02:20:00,2026-07-07 02:24:00.000000,1.09,4.0,Electric Scooter,34,5.0,High,Rain,Mulund,0.87,True
TW104055,2026-07-19 02:27:00,2026-07-19 02:45:18.000000,6.19,18.3,Scooter,38,3.8,Medium,Clear,Bhandup,3.64,True
TW101679,2026-07-26 10:02:00,2026-07-26 10:08:18.000000,2.21,6.3,Scooter,36,4.1,Low,Overcast,Bhandup,2.11,True
TW104909,2026-07-29 04:03:00,2026-07-29 04:07:24.000000,2.19,4.4,Motorcycle,20,3.8,High,Clear,Bhandup,1.79,True
TW102804,2026-07-20 02:28:00,2026-07-20 02:32:12.000000,2.6,247.1769780729375,Motorcycle,21,4.3,Medium,Overcast,Navi Mumbai,1.62,True
TW104850,2026-07-16 12:17:00,2026-07-16 12:31:12.000000,4.87,14.2,Scooter,24,4.7,Medium,Clear,Bhandup,1.54,True
TW101431,2026-07-06 13:40:00,2026-07-06 13:47:30.000000,1.76,7.5,Electric Scooter,25,4.1,Low,Clear,Airoli,1.0,True
TW104824,2026-07-07 14:51:00,2026-07-07 14:55:00.000000,1.87,4.0,Motorcycle,19,3.6,Medium,Overcast,Mumbra,0.6,True
TW100131,2026-07-19 22:41:00,2026-07-19 22:52:54.000000,3.83,11.9,Scooter,23,3.9,Medium,Clear,Dombivli,1.43,True
TW104478,2026-07-25 05:44:00,2026-07-25 05:48:00.000000,1.34,4.0,Motorcycle,22,4.0,Medium,Overcast,Airoli,0.55,True
TW101870,2026-07-10 03:59:00,2026-07-10 04:18:54.000000,8.3,19.9,Motorcycle,31,3.8,Medium,Clear,Navi Mumbai,0.74,True
TW104755,2026-07-19 14:37:00,2026-07-19 14:56:48.000000,5.28,325.35393075821577,bike,42,4.3,Medium,Rain,Dombivli,2.22,True
TW104674,2026-07-05 06:34:00,2026-07-05 06:38:00.000000,2.64,4.0,Motorcycle,22,3.8,Medium,Overcast,Dombivli,0.99,True
TW100435,2026-07-25 12:07:00,2026-07-25 12:18:24.000000,3.57,11.4,Scooter,34,3.6,Medium,Clear,Vashi,0.89,True
TW104142,2026-07-09 22:09:00,2026-07-09 22:19:30.000000,2.89,10.5,Motorcycle,22,3.8,Low,Clear,Navi Mumbai,1.57,True
TW101206,2026-07-10 07:50:00,2026-07-10 08:06:36.000000,6.14,16.6,Scooter,20,4.3,High,Clear,Mumbra,0.43,True
TW100027,2026-07-19 15:25:00,2026-07-19 15:34:12.000000,3.09,9.2,Electric Scooter,40,4.2,Medium,Clear,Bhandup,0.46,True
TW103258,2026-07-09 05:26:00,2026-07-09 05:36:54.000000,2.73,10.9,Electric Scooter,28,4.6,High,Clear,Bhandup,1.72,True
TW103091,2026-07-16 20:48:00,2026-07-16 20:52:00.000000,1.86,4.0,Scooter,38,5.0,Low,Clear,Airoli,0.31,True
TW100897,2026-07-15 08:19:00,2026-07-15 08:23:06.000000,0.45,4.1,Scooter,37,3.3,Medium,Rain,Ghodbunder Road,4.42,True
TW104223,2026-07-12 22:47:00,2026-07-12 22:51:00.000000,1.89,4.0,2-Wheeler,39,,Medium,Clear,Dombivli,1.6,True
TW102055,2026-07-08 07:53:00,2026-07-08 08:20:54.000000,9.71,27.9,Scooter,32,4.8,Low,Clear,Mulund,2.43,False
TW100590,2026-07-23 16:37:00,2026-07-23 16:48:06.000000,6.73,11.1,Scooter,42,3.9,Medium,Clear,Vashi,0.26,True
TW101049,2026-07-13 15:44:00,2026-07-13 15:51:30.000000,2.08,7.5,Scooter,32,4.6,Medium,Rain,Navi Mumbai,1.53,True
TW103821,2026-07-16 12:39:00,2026-07-16 12:54:12.000000,5.35,15.2,Motorcycle,21,4.1,Low,Clear,Thane West,6.21,True
TW101090,2026-07-27 04:43:00,2026-07-27 04:52:00.000000,3.09,9.0,Motorcycle,35,5.0,High,Rain,Airoli,0.36,True
TW102707,2026-07-12 17:57:00,2026-07-12 18:04:36.000000,2.31,7.6,Motorcycle,43,3.8,High,Clear,Dombivli,6.26,True
TW102560,2026-07-10 18:10:00,2026-07-10 18:20:00.000000,1.63,10.0,Electric Scooter,33,4.9,Low,Clear,Thane West,2.08,True
TW103613,2026-07-18 01:11:00,2026-07-18 01:18:54.000000,3.67,7.9,Motorcycle,44,4.2,Low,Rain,Kalyan,0.2,True
TW104189,2026-07-07 15:17:00,2026-07-07 15:21:00.000000,2.47,4.0,Scooter,23,4.5,High,Overcast,Ghodbunder Road,0.93,True
TW102728,2026-07-08 09:56:00,2026-07-08 10:03:12.000000,2.81,7.2,Motorcycle,43,4.4,High,Clear,Thane West,0.54,True
TW103013,2026-07-17 12:57:00,2026-07-17 13:06:06.000000,4.28,9.1,Motorcycle,40,4.6,Low,Overcast,Bhandup,0.3,True
TW104641,2026-07-16 05:25:00,2026-07-16 05:33:36.000000,3.4,8.6,Motorcycle,43,4.0,Low,Clear,Navi Mumbai,1.73,True
TW102590,2026-07-28 02:41:00,2026-07-28 02:59:12.000000,4.02,18.2,Scooter,41,4.0,Medium,Clear,Airoli,1.19,True
TW100403,2026-07-01 11:51:00,2026-07-01 11:55:24.000000,1.64,4.4,Motorcycle,39,4.3,Medium,Clear,Bhandup,0.79,True
TW103187,2026-07-21 18:36:00,2026-07-21 18:50:42.000000,4.12,14.7,Scooter,21,4.6,High,Clear,Vashi,0.38,True
TW102955,2026-07-19 14:24:00,2026-07-19 14:34:42.000000,2.82,10.7,Motorcycle,30,3.4,Low,Overcast,Thane West,0.2,True
TW100151,2026-07-30 17:52:00,2026-07-30 18:10:06.000000,5.16,18.1,Scooter,27,4.3,Medium,Clear,Kalyan,9.26,True
TW102425,2026-07-03 07:01:00,2026-07-03 07:05:00.000000,2.05,4.0,Motorcycle,33,4.9,Low,Clear,Airoli,0.5,True
TW103497,2026-07-28 06:51:00,2026-07-28 06:55:00.000000,2.73,4.0,Electric Scooter,31,4.6,Low,Clear,Dombivli,3.3,True
TW104736,2026-07-16 22:07:00,2026-07-16 22:11:00.000000,2.21,4.0,Motorcycle,42,4.1,High,Overcast,Mulund,1.89,True
TW103557,2026-07-11 10:49:00,2026-07-11 10:55:30.000000,3.02,6.5,Motorcycle,40,4.8,High,Rain,Vashi,2.56,True
TW100311,2026-07-16 10:43:00,2026-07-16 10:57:24.000000,5.41,14.4,Motorcycle,30,4.5,Medium,Clear,Mumbra,4.38,True
TW101832,2026-07-07 02:34:00,2026-07-07 02:43:48.000000,2.06,9.8,Motorcycle,20,4.6,High,Clear,Mumbra,2.45,True
TW101506,2026-07-15 13:27:00,2026-07-15 13:31:00.000000,1.17,4.0,Motorcycle,34,4.5,Medium,Rain,Kalyan,1.74,True
TW103126,2026-07-11 16:21:00,2026-07-11 16:29:36.000000,2.78,8.6,Electric Scooter,19,4.4,Medium,Clear,Navi Mumbai,1.69,True
TW103874,2026-07-02 05:25:00,2026-07-02 05:41:18.000000,5.26,16.3,Scooter,20,4.2,High,Clear,Ghodbunder Road,3.01,True
TW101569,2026-07-20 22:15:00,2026-07-20 22:28:42.000000,4.83,13.7,Motorcycle,29,4.7,High,Clear,Airoli,1.29,True
TW101310,2026-07-06 22:13:00,2026-07-06 22:25:30.000000,4.35,12.5,Motorcycle,38,4.3,Low,Clear,Mumbra,0.99,True
TW102978,2026-07-07 11:49:00,2026-07-07 12:04:12.000000,4.17,15.2,Motorcycle,22,4.7,Medium,Clear,Dombivli,1.5,True
TW101704,2026-07-24 02:55:00,2026-07-24 02:59:00.000000,2.02,4.0,Scooter,25,5.0,Low,Clear,Navi Mumbai,2.5,True
TW103522,2026-07-07 15:36:00,2026-07-07 15:42:54.000000,3.53,6.9,Scooter,41,3.2,High,Clear,Kalyan,4.93,True
TW102347,2026-07-22 04:54:00,2026-07-22 05:11:36.000000,5.41,17.6,Scooter,19,4.1,Medium,Clear,Bhandup,0.25,True
TW104611,2026-07-06 11:55:00,2026-07-06 12:10:48.000000,4.77,15.8,Scooter,19,3.9,Medium,Clear,Kalyan,2.39,True
TW104401,2026-07-12 12:42:00,2026-07-12 13:02:00.000000,8.82,20.0,Scooter,28,4.1,Low,Clear,Mumbra,0.64,True
TW100595,2026-07-01 01:43:00,2026-07-01 01:51:48.000000,3.19,8.8,Electric Scooter,35,4.1,Medium,Clear,Dombivli,1.62,True
TW100704,2026-07-02 16:52:00,2026-07-02 17:02:00.000000,2.45,10.0,Scooter,39,4.7,Low,Rain,Airoli,2.71,True
TW104001,2026-07-26 23:51:00,2026-07-27 00:04:00.000000,4.57,13.0,Motorcycle,25,,Medium,Clear,Ghodbunder Road,0.47,True
TW101338,2026-07-11 09:40:00,2026-07-11 09:44:00.000000,2.55,4.0,Motorcycle,35,3.6,High,Clear,Bhandup,0.2,True
TW101114,2026-07-28 07:05:00,2026-07-28 07:17:54.000000,4.3,12.9,Scooter,42,4.2,High,Clear,Dombivli,0.97,True
TW101780,2026-07-10 04:28:00,2026-07-10 04:37:24.000000,4.15,9.4,Motorcycle,30,4.6,Medium,Clear,Airoli,2.15,True
TW104975,2026-07-11 11:31:00,2026-07-11 12:09:30.000000,15.94,38.5,Motorcycle,33,4.2,Low,Clear,Airoli,1.14,False
TW102546,2026-07-19 08:09:00,2026-07-19 08:14:30.000000,2.25,5.5,Motorcycle,22,4.2,Medium,Clear,Airoli,0.2,True
TW101625,2026-07-10 09:08:00,2026-07-10 09:34:12.000000,6.73,26.2,Motorcycle,35,4.9,High,Rain,Navi Mumbai,0.27,False
TW102668,2026-07-09 12:23:00,2026-07-09 12:31:00.000000,3.63,8.0,Motorcycle,41,5.0,Medium,Overcast,Mumbra,4.32,True
TW101902,2026-07-26 16:32:00,2026-07-26 16:41:42.000000,1.81,9.7,Scooter,44,4.0,Medium,Clear,Navi Mumbai,0.2,True
TW104433,2026-07-29 11:50:00,2026-07-29 11:55:24.000000,2.21,5.4,Scooter,43,3.8,Medium,Clear,Bhandup,0.4,True
TW100050,2026-07-06 07:00:00,2026-07-06 07:05:06.000000,2.6,5.1,Scooter,40,4.4,Medium,Rain,Navi Mumbai,1.19,True
TW100063,2026-07-11 20:59:00,2026-07-11 21:10:48.000000,4.8,11.8,Scooter,41,4.8,Medium,Rain,Bhandup,10.23,True
TW104912,2026-07-13 17:49:00,2026-07-13 18:07:06.000000,6.18,18.1,Electric Scooter,31,3.6,Medium,Rain,Vashi,6.52,True
TW100330,2026-07-30 10:13:00,2026-07-30 10:23:42.000000,1.01,10.7,Electric Scooter,34,4.3,Low,Clear,Dombivli,0.22,True
TW101789,2026-07-19 23:53:00,2026-07-20 00:07:18.000000,3.16,14.3,Electric Scooter,23,4.6,Medium,Clear,Bhandup,0.65,True
TW100575,2026-07-21 16:04:00,2026-07-21 16:11:18.000000,3.03,7.3,Scooter,22,4.3,Medium,Clear,Bhandup,1.28,True
TW104180,2026-07-10 18:56:00,2026-07-10 19:12:06.000000,3.34,16.1,Electric Scooter,30,4.3,Medium,Clear,Kalyan,2.95,True
TW100798,2026-07-08 14:21:00,2026-07-08 14:36:18.000000,4.33,15.3,Motorcycle,24,4.4,Low,Clear,Vashi,0.81,True
TW100051,2026-07-19 01:23:00,2026-07-19 01:29:48.000000,1.84,6.8,Motorcycle,32,5.0,Medium,Overcast,Airoli,2.61,True
TW100265,2026-07-06 08:04:00,2026-07-06 08:17:42.000000,4.91,13.7,Motorcycle,36,3.8,Medium,Clear,Mumbra,0.99,True
TW104460,2026-07-23 22:38:00,2026-07-23 22:52:18.000000,6.28,14.3,Motorcycle,38,4.5,High,Clear,Mulund,0.26,True
TW102698,2026-07-07 01:52:00,2026-07-07 01:56:00.000000,0.67,4.0,Motorcycle,34,4.3,Low,Clear,Airoli,0.61,True
TW103637,2026-07-29 06:52:00,2026-07-29 06:59:24.000000,2.98,7.4,Motorcycle,23,3.9,Medium,Rain,Vashi,0.43,True
TW104629,2026-07-14 15:58:00,2026-07-14 16:14:06.000000,5.77,16.1,Scooter,34,4.8,Low,Clear,Dombivli,0.2,True
TW102433,2026-07-24 14:35:00,2026-07-24 14:42:06.000000,2.27,7.1,Motorcycle,36,4.1,Low,Clear,Kalyan,0.2,True
TW101517,2026-07-07 10:32:00,2026-07-07 10:38:12.000000,3.46,6.2,Scooter,31,4.2,High,Clear,Bhandup,1.06,True
TW101757,2026-07-08 11:15:00,2026-07-08 11:19:00.000000,0.82,4.0,Electric Scooter,34,5.0,High,Overcast,Navi Mumbai,0.35,True
TW104614,2026-07-30 20:48:00,2026-07-30 20:56:00.000000,4.53,8.0,Motorcycle,35,3.7,Medium,Overcast,Vashi,4.0,True
TW101540,2026-07-21 19:06:00,2026-07-21 19:14:54.000000,3.52,8.9,Motorcycle,34,5.0,Medium,Clear,Ghodbunder Road,1.25,True
TW104859,2026-07-02 16:21:00,2026-07-02 16:39:06.000000,5.72,18.1,Motorcycle,28,4.4,Low,Rain,Navi Mumbai,0.62,True
TW100732,2026-07-08 08:16:00,2026-07-08 08:31:24.000000,3.33,15.4,Scooter,29,4.2,High,Clear,Dombivli,0.51,True
TW102386,2026-07-15 07:19:00,2026-07-15 07:41:06.000000,8.93,22.1,Motorcycle,39,4.5,Medium,Clear,Airoli,0.31,True
TW104878,2026-07-02 09:44:00,2026-07-02 09:49:36.000000,2.11,5.6,Scooter,35,4.7,Medium,Overcast,Kalyan,0.21,True
TW103611,2026-07-01 10:57:00,2026-07-01 11:03:30.000000,1.5,6.5,Motorcycle,31,4.3,Low,Clear,Mumbra,1.58,True
TW103529,2026-07-09 03:19:00,2026-07-09 03:23:48.000000,1.82,4.8,Motorcycle,32,4.4,Low,Clear,Navi Mumbai,,True
TW100432,2026-07-26 04:17:00,2026-07-26 04:33:24.000000,5.31,16.4,Scooter,20,5.0,Low,Rain,Dombivli,0.2,True
TW102959,2026-07-20 06:07:00,2026-07-20 06:11:00.000000,0.0,4.0,Motorcycle,44,4.2,Medium,Overcast,Vashi,,True
TW101091,2026-07-04 23:32:00,2026-07-04 23:37:00.000000,3.03,5.0,Scooter,31,4.8,High,Clear,Thane West,1.66,True
TW104322,2026-07-20 05:22:00,2026-07-20 05:26:00.000000,0.89,4.0,Scooter,26,3.9,Low,Clear,Mulund,1.76,True
TW104701,2026-07-02 05:18:00,2026-07-02 05:25:30.000000,2.66,7.5,Scooter,35,4.8,Medium,Rain,Dombivli,3.44,True
TW104026,2026-07-14 11:07:00,2026-07-14 11:18:00.000000,3.25,11.0,Electric Scooter,36,3.9,Low,Clear,Mumbra,0.2,True
TW100010,2026-07-04 10:56:00,2026-07-04 11:00:00.000000,1.05,4.0,Electric Scooter,19,4.1,Medium,Clear,Airoli,2.38,True
TW104647,2026-07-07 00:50:00,2026-07-07 01:13:24.000000,6.37,23.4,Electric Scooter,37,3.6,High,Overcast,Dombivli,0.49,True
TW103307,2026-07-23 02:02:00,2026-07-23 02:10:48.000000,2.14,8.8,Scooter,25,4.4,High,Rain,Navi Mumbai,1.89,True
TW100969,2026-07-12 13:25:00,2026-07-12 13:38:06.000000,6.98,13.1,Scooter,39,3.8,Low,Clear,Vashi,1.22,True
TW103786,2026-07-01 19:14:00,2026-07-01 19:25:36.000000,4.35,11.6,Scooter,19,4.3,Medium,,Airoli,0.2,True
TW102855,2026-07-09 05:52:00,2026-07-09 06:02:30.000000,3.34,10.5,Motorcycle,20,4.7,Medium,Clear,Navi Mumbai,4.17,True
TW102821,2026-07-04 20:08:00,2026-07-04 20:12:00.000000,2.51,4.0,Scooter,29,3.3,,Clear,Bhandup,1.0,True
TW100724,2026-07-06 12:48:00,2026-07-06 12:55:42.000000,2.13,7.7,Scooter,39,3.8,High,Clear,Vashi,1.8,True
TW103532,2026-07-24 19:06:00,2026-07-24 19:10:30.000000,1.57,-1.1728180360232883,Motorcycle,41,3.6,Medium,Overcast,Airoli,4.3,True
TW102057,2026-07-08 08:36:00,2026-07-08 08:50:30.000000,4.44,-11.255161359864282,Electric Scooter,25,4.8,Low,Overcast,Ghodbunder Road,0.2,True
TW103072,2026-07-13 21:25:00,2026-07-13 21:29:00.000000,2.51,4.0,Motorcycle,25,4.0,High,Clear,Dombivli,3.83,True
TW104048,2026-07-22 10:56:00,2026-07-22 11:01:54.000000,1.32,5.9,Scooter,38,4.0,Medium,Clear,Bhandup,0.2,True
TW104327,2026-07-08 08:53:00,2026-07-08 08:57:00.000000,1.02,4.0,Motorcycle,20,3.8,Low,Clear,Mumbra,4.59,True
TW102844,2026-07-19 01:39:00,2026-07-19 02:00:18.000000,6.64,21.3,scooter ,42,4.3,High,Clear,Thane West,0.76,True
TW103681,2026-07-10 16:22:00,2026-07-10 16:33:36.000000,1.14,11.6,Motorcycle,30,5.0,Low,Overcast,Vashi,1.02,True
TW100618,2026-07-13 08:38:00,2026-07-13 08:50:36.000000,3.52,12.6,Motorcycle,25,4.7,High,Clear,Airoli,2.16,True
TW104381,2026-07-27 10:46:00,2026-07-27 10:57:00.000000,3.05,11.0,Scooter,21,,High,Overcast,Mulund,2.07,True
TW102476,2026-07-14 19:53:00,2026-07-14 20:04:12.000000,4.27,11.2,Motorcycle,29,3.9,Medium,Rain,Mulund,2.18,True
TW103866,2026-07-14 00:43:00,2026-07-14 01:09:12.000000,7.15,26.2,Scooter,41,3.9,Medium,Clear,Thane West,2.8,False
TW104439,2026-07-05 09:16:00,2026-07-05 09:26:06.000000,5.2,10.1,Motorcycle,40,4.1,High,Clear,Dombivli,,True
TW104041,2026-07-11 03:04:00,2026-07-11 03:31:00.000000,9.84,27.0,Motorcycle,28,4.4,Low,Clear,Ghodbunder Road,1.32,False
TW103346,2026-07-28 22:28:00,2026-07-28 22:49:00.000000,10.373719960321203,21.0,Motorcycle,37,4.8,Low,Clear,Mumbra,0.7,True
TW100290,2026-07-22 07:43:00,2026-07-22 07:51:42.000000,4.67,8.7,Scooter,41,4.6,High,Overcast,Kalyan,0.2,True
TW102532,2026-07-29 07:42:00,2026-07-29 07:51:48.000000,3.67,9.8,Electric Scooter,38,4.8,Low,Rain,Kalyan,0.2,True
TW103591,2026-07-24 19:18:00,2026-07-24 19:29:24.000000,3.22,11.4,Motorcycle,43,4.0,Medium,Clear,Airoli,4.57,True
TW104121,2026-07-30 21:23:00,2026-07-30 21:40:18.000000,5.92,17.3,Motorcycle,29,4.2,Medium,Clear,Navi Mumbai,2.17,True
TW103157,2026-07-27 18:53:00,2026-07-27 19:22:24.000000,11.57,29.4,Scooter,44,4.1,Medium,Clear,Vashi,0.23,False
TW101220,2026-07-30 07:46:00,2026-07-30 07:57:42.000000,3.1,11.7,Scooter,44,3.7,Low,Rain,Bhandup,0.2,True
TW100862,2026-07-30 09:24:00,2026-07-30 09:29:42.000000,2.33,5.7,Electric Scooter,24,4.7,Medium,Clear,Mulund,0.98,True
TW102435,2026-07-09 17:11:00,2026-07-09 17:37:06.000000,7.16,26.1,Motorcycle,42,3.9,Medium,Rain,Airoli,0.45,False
TW101941,2026-07-01 02:11:00,2026-07-01 02:16:06.000000,1.17,5.1,Electric Scooter,40,3.7,Low,Clear,Kalyan,2.75,True
TW100219,2026-07-21 12:56:00,2026-07-21 13:02:30.000000,2.02,201.0970674788389,Motorcycle,38,4.1,Medium,Clear,Kalyan,8.67,True
TW104714,2026-07-17 21:40:00,2026-07-17 21:54:54.000000,4.84,14.9,Scooter,37,3.8,High,Rain,Bhandup,0.2,True
TW103163,2026-07-29 22:03:00,2026-07-29 22:11:12.000000,2.83,8.2,Scooter,31,,Low,Clear,Dombivli,0.2,True
TW104099,2026-07-11 17:45:00,2026-07-11 17:58:48.000000,5.9,13.8,Scooter,25,4.2,Low,Clear,Navi Mumbai,1.28,True
TW100052,2026-07-04 20:24:00,2026-07-04 20:28:00.000000,1.53,4.0,Scooter,44,4.3,Low,Clear,Mumbra,1.15,True
TW100973,2026-07-29 17:23:00,2026-07-29 17:34:06.000000,3.02,11.1,Scooter,34,4.0,Low,Rain,Mumbra,1.68,True
,2026-07-04 07:00:00,2026-07-04 07:04:00.000000,2.07,4.0,Scooter,23,3.7,Medium,Overcast,Mumbra,0.89,True
TW102650,2026-07-04 08:33:00,2026-07-04 08:43:42.000000,4.34,10.7,Motorcycle,22,4.5,Medium,Clear,Bhandup,1.33,True
TW100096,2026-07-29 14:38:00,2026-07-29 14:42:00.000000,2.57,4.0,Motorcycle,37,4.3,Low,Clear,Bhandup,4.47,True
TW101334,2026-07-16 13:01:00,2026-07-16 13:10:18.000000,2.53,9.3,Motorcycle,24,3.8,High,Clear,Bhandup,0.82,True
TW104083,2026-07-19 09:07:00,2026-07-19 09:25:00.000000,6.42,18.0,Motorcycle,33,3.8,Low,Clear,Mumbra,0.2,True
TW101507,2026-07-18 13:22:00,2026-07-18 13:40:36.000000,7.23,18.6,Scooter,42,4.0,Low,Overcast,Vashi,1.43,True
TW103162,2026-07-06 19:43:00,2026-07-06 20:05:18.000000,5.15,22.3,Scooter,37,4.3,High,Rain,Thane West,0.2,True
TW103426,2026-07-13 09:48:00,2026-07-13 10:00:48.000000,6.37,12.8,Motorcycle,33,3.8,Low,Clear,Dombivli,1.89,True
TW103647,2026-07-09 09:25:00,2026-07-09 09:30:42.000000,4.14,5.7,Scooter,39,4.7,High,Overcast,Dombivli,1.45,True
TW103054,2026-07-28 07:25:00,2026-07-28 07:49:18.000000,7.19,24.3,Motorcycle,20,3.6,Medium,Clear,Mulund,5.02,True
TW103276,2026-07-23 04:25:00,2026-07-23 04:36:54.000000,2.93,11.9,Motorcycle,25,4.2,Low,Rain,Bhandup,0.75,True
TW104016,2026-07-14 17:53:00,2026-07-14 18:16:24.000000,7.11,23.4,Scooter,24,4.3,Medium,,Mumbra,1.17,True
TW100709,2026-07-16 22:54:00,2026-07-16 22:58:00.000000,1.64,4.0,Scooter,43,4.4,Medium,Overcast,Mumbra,4.28,True
TW103333,2026-07-20 21:45:00,2026-07-20 22:07:36.000000,7.89,22.6,Scooter,23,5.0,High,Clear,Dombivli,5.95,True
TW100037,2026-07-19 02:10:00,2026-07-19 02:23:24.000000,4.36,13.4,Motorcycle,40,4.1,Medium,Clear,Ghodbunder Road,0.2,True
TW100744,2026-07-04 11:01:00,2026-07-04 11:12:12.000000,4.01,11.2,Scooter,43,5.0,Medium,Clear,Thane West,0.65,True
TW101601,2026-07-14 11:49:00,2026-07-14 12:21:00.000000,11.08,32.0,Motorcycle,44,4.0,High,Clear,Airoli,0.9,False
TW100026,2026-07-09 01:10:00,2026-07-09 01:17:24.000000,0.0,7.4,Scooter,40,4.5,High,Rain,Navi Mumbai,2.76,True
TW100148,2026-07-06 19:06:00,2026-07-06 19:15:30.000000,3.25,9.5,Scooter,26,4.0,Medium,Clear,Ghodbunder Road,9.96,True
TW100907,2026-07-13 22:28:00,2026-07-13 22:33:18.000000,2.17,5.3,Electric Scooter,31,3.9,Medium,Clear,Navi Mumbai,0.36,True
TW103336,2026-07-14 18:04:00,2026-07-14 18:34:24.000000,9.39,30.4,Scooter,19,3.9,Medium,Overcast,Vashi,0.2,False
TW102839,2026-07-16 01:41:00,2026-07-16 02:11:42.000000,8.99,30.7,Scooter,25,3.6,Low,Clear,Mulund,0.41,False
TW103340,2026-07-29 09:59:00,2026-07-29 10:36:24.000000,15.21,37.4,Electric Scooter,20,4.3,Low,Rain,Bhandup,2.22,False
TW101081,2026-07-18 16:52:00,2026-07-18 17:02:18.000000,3.54,10.3,Electric Scooter,38,3.8,High,Clear,Kalyan,2.81,True
TW101323,2026-07-23 08:35:00,2026-07-23 08:39:00.000000,1.76,4.0,Scooter,35,4.3,High,Rain,Mulund,2.08,True
TW104842,2026-07-25 07:04:00,2026-07-25 07:16:36.000000,5.02,12.6,Scooter,35,4.4,Low,Clear,Mumbra,2.16,True
TW103957,2026-07-05 10:00:00,2026-07-05 10:24:24.000000,6.97,24.4,Scooter,43,4.2,High,Clear,Ghodbunder Road,1.08,True
TW104848,2026-07-23 16:49:00,2026-07-23 17:12:18.000000,7.36,23.3,motorbike,42,3.8,High,Clear,Ghodbunder Road,,True
TW101583,2026-07-21 17:58:00,2026-07-21 18:09:00.000000,4.69,11.0,Scooter,30,4.0,Medium,Rain,Kalyan,0.2,True
TW101077,2026-07-09 23:46:00,2026-07-09 23:51:00.000000,1.87,5.0,Motorcycle,21,4.9,Low,Overcast,Bhandup,0.27,True
TW101982,2026-07-29 11:17:00,2026-07-29 11:21:00.000000,2.28,4.0,Motorcycle,27,4.2,Medium,Clear,Ghodbunder Road,0.73,True
TW102980,2026-07-24 02:41:00,2026-07-24 02:58:36.000000,6.75,17.6,Scooter,31,4.2,Medium,Clear,Ghodbunder Road,0.95,True
TW104123,2026-07-10 18:41:00,2026-07-10 19:06:18.000000,8.67,25.3,Scooter,19,4.5,Low,Clear,Dombivli,2.83,False
TW103987,2026-07-21 08:16:00,2026-07-21 08:28:06.000000,4.15,12.1,Electric Scooter,35,4.9,Medium,Overcast,Airoli,0.2,True
TW103710,2026-07-30 06:27:00,2026-07-30 06:49:48.000000,8.28,22.8,Motorcycle,30,4.4,Medium,Overcast,Vashi,0.37,True
TW100788,2026-07-05 19:09:00,2026-07-05 19:13:00.000000,0.87,4.0,Electric Scooter,22,5.0,Low,Clear,Vashi,1.35,True
TW101871,2026-07-03 15:46:00,2026-07-03 15:58:18.000000,2.98,-4.842717427370186,Scooter,44,4.3,High,Rain,Vashi,3.47,True
TW100489,2026-07-02 02:32:00,2026-07-02 02:49:00.000000,6.47,17.0,Scooter,43,3.5,,Clear,Kalyan,2.99,True
TW100982,2026-07-04 15:49:00,2026-07-04 16:02:06.000000,5.76,13.1,Electric Scooter,35,4.1,Medium,Clear,Mumbra,1.62,True
TW100115,2026-07-21 09:48:00,2026-07-21 09:59:48.000000,7.04,11.8,Scooter,39,4.7,Medium,Clear,Mulund,3.78,True
TW103993,2026-07-01 07:35:00,2026-07-01 07:44:36.000000,6.4,9.6,Motorcycle,40,4.2,Medium,Clear,Dombivli,1.0,True
TW102744,2026-07-25 11:04:00,2026-07-25 11:18:48.000000,5.06,14.8,Motorcycle,22,4.6,Medium,Clear,Dombivli,0.4,True
TW100183,2026-07-30 14:25:00,2026-07-30 14:34:54.000000,3.98,9.9,Electric Scooter,44,4.1,Medium,Clear,Mumbra,0.89,True
TW103761,2026-07-28 14:03:00,2026-07-28 14:11:42.000000,3.91,8.7,Scooter,26,4.7,Medium,Clear,Thane West,4.27,True
TW102622,2026-07-27 00:08:00,2026-07-27 00:15:12.000000,2.87,7.2,Motorcycle,39,4.8,High,,Airoli,1.02,True
TW103660,2026-07-23 14:19:00,2026-07-23 14:13:36.072250,2.04,5.5,Motorcycle,31,3.7,Medium,Clear,Mulund,1.89,True
TW103555,2026-07-10 18:05:00,2026-07-10 18:12:00.000000,1.94,7.0,Scooter,26,4.3,Low,Clear,Navi Mumbai,2.21,True
TW102815,2026-07-12 14:08:00,2026-07-12 14:35:12.000000,7.57,27.2,Motorcycle,26,4.1,Medium,,Dombivli,0.48,False
TW100644,2026-07-20 07:47:00,2026-07-20 07:54:30.000000,2.48,7.5,Motorcycle,20,4.5,High,Clear,Bhandup,3.4,True
TW100767,2026-07-16 12:06:00,2026-07-16 12:12:54.000000,1.56,6.9,Motorcycle,28,4.0,Medium,Rain,Dombivli,0.25,True
TW100524,2026-07-29 18:50:00,2026-07-29 19:42:30.000000,14.87,52.5,Scooter,35,4.5,Medium,Clear,Navi Mumbai,0.87,False
TW101171,2026-07-09 19:56:00,2026-07-09 20:01:24.000000,3.47,5.4,Scooter,24,4.2,Medium,Clear,Kalyan,7.48,True
TW103079,2026-07-12 21:33:00,2026-07-12 21:40:30.000000,2.39,7.5,Motorcycle,32,4.5,Low,Overcast,Kalyan,2.18,True
TW103394,2026-07-04 13:20:00,2026-07-04 12:50:25.839022,1.77,4.0,bike,34,4.2,Medium,Clear,Navi Mumbai,3.19,True
TW100849,2026-07-02 03:18:00,2026-07-02 03:26:30.000000,2.24,8.5,Electric Scooter,27,4.2,Low,Overcast,Thane West,0.61,True
TW100173,2026-07-23 05:23:00,2026-07-23 05:38:48.000000,5.88,15.8,Scooter,33,3.9,,Rain,Dombivli,3.92,True
TW101951,2026-07-18 20:49:00,2026-07-18 21:13:00.000000,6.87,24.0,Electric Scooter,21,4.0,Low,Rain,Bhandup,2.33,True
TW104920,2026-07-09 23:28:00,2026-07-09 23:33:18.000000,3.54,5.3,Scooter,41,4.4,Medium,Clear,Mulund,1.49,True
TW102301,2026-07-04 09:59:00,2026-07-04 10:03:42.000000,2.19,4.7,Electric Scooter,34,4.0,Medium,Overcast,Mulund,2.49,True
TW104059,2026-07-23 16:10:00,2026-07-23 16:24:06.000000,3.76,14.1,Motorcycle,42,4.2,Medium,Rain,Ghodbunder Road,0.29,True
TW101417,2026-07-28 09:22:00,2026-07-28 09:38:12.000000,6.14,16.2,Electric Scooter,35,3.9,Medium,Overcast,Airoli,0.77,True
TW103316,2026-07-01 01:40:00,2026-07-01 01:53:36.000000,3.59,13.6,Electric Scooter,40,4.2,Low,Clear,Mumbra,5.03,True
TW101640,2026-07-11 03:55:00,2026-07-11 04:02:36.000000,2.79,7.6,Scooter,42,4.2,Low,Rain,Vashi,0.44,True
TW104769,2026-07-22 15:37:00,2026-07-22 15:41:00.000000,2.43,4.0,Motorcycle,26,4.3,Medium,,Vashi,0.82,True
TW103964,2026-07-23 02:57:00,2026-07-23 03:14:18.000000,7.46,17.3,Scooter,35,4.4,Medium,Clear,Thane West,0.49,True
TW100322,2026-07-08 01:03:00,2026-07-08 01:21:48.000000,7.16,18.8,Scooter,36,4.3,Medium,Clear,Vashi,4.41,True
TW104623,2026-07-29 10:58:00,2026-07-29 11:12:30.000000,5.38,14.5,Electric Scooter,28,4.2,High,Clear,Vashi,1.19,True
TW104622,2026-07-09 19:33:00,2026-07-09 19:51:00.000000,6.96,18.0,Scooter,41,4.5,High,Clear,Mumbra,1.3,True
TW104340,2026-07-26 15:48:00,2026-07-26 16:15:48.000000,10.98,27.8,Scooter,26,3.7,Low,Rain,Thane West,1.18,False
TW101909,2026-07-28 06:47:00,2026-07-28 06:51:00.000000,2.2,4.0,Scooter,24,4.7,Low,Clear,Navi Mumbai,3.85,True
TW103380,2026-07-18 01:22:00,2026-07-18 01:26:12.000000,1.02,4.2,Scooter,39,4.9,Medium,Clear,Mumbra,1.03,True
TW103327,2026-07-17 11:04:00,2026-07-17 11:36:48.000000,9.33,32.8,Motorcycle,33,3.8,Low,Clear,Airoli,1.12,False
TW101241,2026-07-30 10:15:00,2026-07-30 10:19:00.000000,1.54,4.0,Scooter,21,4.3,Low,Clear,Kalyan,2.42,True
TW104950,2026-07-27 11:30:00,2026-07-27 11:34:00.000000,1.93,4.0,Motorcycle,38,4.4,High,Overcast,Thane West,1.36,True
TW100438,2026-07-21 16:36:00,2026-07-21 16:42:00.000000,2.07,6.0,Motorcycle,37,4.0,Low,Overcast,Bhandup,1.27,True
TW104127,2026-07-27 02:30:00,2026-07-27 02:42:18.000000,5.35,12.3,Motorcycle,40,3.8,High,Rain,Dombivli,1.4,True
TW103493,2026-07-10 22:50:00,2026-07-10 23:05:18.000000,3.41,15.3,Scooter,44,4.1,Medium,Rain,Thane West,1.78,True
TW104751,2026-07-21 09:11:00,2026-07-21 09:16:06.000000,3.78,5.1,Scooter,35,3.9,High,Clear,Dombivli,1.43,True
TW104819,2026-07-06 03:18:00,2026-07-06 03:26:00.000000,3.27,8.0,Electric Scooter,25,4.3,Low,Clear,Bhandup,2.16,True
TW102076,2026-07-24 02:21:00,2026-07-24 03:02:12.000000,12.18,41.2,Scooter,38,4.1,High,Rain,Vashi,2.28,False
TW104505,2026-07-29 17:39:00,2026-07-29 17:45:06.000000,1.05,6.1,2-Wheeler,22,4.3,Low,Overcast,Kalyan,2.72,True
TW100384,2026-07-02 21:31:00,2026-07-02 21:53:00.000000,4.84,22.0,Motorcycle,24,4.5,Low,Clear,Thane West,2.47,True
TW101381,2026-07-25 23:03:00,2026-07-25 23:11:00.000000,3.26,8.0,Motorcycle,26,4.4,Low,Clear,Kalyan,1.15,True
TW100802,2026-07-26 06:45:00,2026-07-26 06:56:36.000000,3.02,11.6,Scooter,41,3.8,High,Clear,Thane West,0.41,True
TW103256,2026-07-08 14:36:00,2026-07-08 14:42:00.000000,0.0,6.0,Scooter,43,4.9,Medium,Clear,Ghodbunder Road,0.32,True
TW104051,2026-07-03 16:44:00,2026-07-03 17:01:54.000000,5.83,17.9,Scooter,38,4.4,Medium,Overcast,Kalyan,0.28,True
TW104484,2026-07-17 17:44:00,2026-07-17 18:13:00.000000,7.21,29.0,Electric Scooter,44,4.4,Medium,Clear,Kalyan,1.34,False
TW104589,2026-07-28 11:08:00,2026-07-28 11:13:06.000000,3.14,5.1,electric scooter,27,4.0,Low,Clear,Airoli,1.38,True
TW100162,2026-07-05 14:57:00,2026-07-05 15:05:36.000000,3.94,8.6,2-Wheeler,38,4.2,Low,Clear,Bhandup,2.14,True
TW101926,2026-07-20 17:22:00,2026-07-20 17:48:36.000000,6.1,26.6,Motorcycle,22,4.0,Low,Clear,Mulund,5.4,False
TW104971,2026-07-07 02:58:00,2026-07-07 03:04:00.000000,2.99,6.0,Motorcycle,33,4.4,Low,Clear,Mulund,1.05,True
TW102903,2026-07-13 20:59:00,2026-07-13 21:04:06.000000,1.5,5.1,Electric Scooter,21,4.5,Medium,Rain,Ghodbunder Road,0.92,True
TW102313,2026-07-27 23:33:00,2026-07-27 23:45:24.000000,4.23,12.4,Motorcycle,40,3.9,Low,Overcast,Vashi,0.46,True
TW103598,2026-07-21 13:11:00,2026-07-21 13:18:30.000000,1.28,7.5,2-Wheeler,35,4.7,High,Clear,Mulund,0.94,True
TW100731,2026-07-05 19:49:00,2026-07-05 19:54:06.000000,1.1,5.1,Electric Scooter,24,3.7,High,Clear,Dombivli,0.54,True
TW102163,2026-07-23 16:20:00,2026-07-23 16:31:06.000000,4.28,11.1,Scooter,37,4.6,Low,Clear,Airoli,2.52,True
TW100098,2026-07-10 06:11:00,2026-07-10 06:25:42.000000,4.98,14.7,Electric Scooter,33,4.3,Low,Rain,Ghodbunder Road,3.34,True
TW104061,2026-07-29 08:08:00,2026-07-29 08:28:06.000000,7.72,20.1,Scooter,34,4.7,High,,Ghodbunder Road,0.52,True
TW103630,2026-07-14 14:53:00,2026-07-14 15:07:00.000000,6.6,14.0,Scooter,25,4.1,Low,Clear,Mumbra,3.17,True
TW103743,2026-07-12 02:19:00,2026-07-12 02:46:48.000000,7.9,27.8,Electric Scooter,33,4.2,Low,Clear,Kalyan,3.53,False
TW101764,2026-07-06 10:18:00,2026-07-06 10:34:12.000000,3.86,16.2,Electric Scooter,23,4.0,,Clear,Kalyan,2.1,True
TW100285,2026-07-23 06:10:00,2026-07-23 06:18:48.000000,1.48,8.8,Motorcycle,22,4.4,Low,Clear,Navi Mumbai,0.2,True
TW100552,2026-07-01 13:29:00,2026-07-01 13:33:00.000000,0.0,4.0,Motorcycle,38,3.8,Medium,Overcast,Bhandup,0.25,True
TW100748,2026-07-09 19:52:00,2026-07-09 20:08:36.000000,5.71,16.6,Bike,27,4.7,High,Clear,Dombivli,7.7,True
TW102488,2026-07-26 09:21:00,2026-07-26 09:32:54.000000,4.67,11.9,Scooter,23,4.4,Medium,Rain,Navi Mumbai,4.88,True
TW102447,2026-07-15 16:29:00,2026-07-15 16:47:06.000000,4.84,18.1,Scooter,30,4.7,Medium,Rain,Airoli,4.34,True
TW102710,2026-07-16 00:50:00,2026-07-16 01:13:18.000000,7.46,23.3,Motorcycle,26,4.3,Low,,Mulund,3.98,True
TW101134,2026-07-20 13:39:00,2026-07-20 13:47:24.000000,3.13,8.4,Electric Scooter,35,4.5,Low,Clear,Ghodbunder Road,0.34,True
TW102819,2026-07-03 13:21:00,2026-07-03 13:25:00.000000,2.67,4.0,Motorcycle,42,4.8,High,Rain,Vashi,2.38,True
TW103561,2026-07-14 23:15:00,2026-07-14 23:24:24.000000,3.87,9.4,Electric Scooter,22,4.3,High,Clear,Mulund,1.45,True
TW102530,2026-07-09 08:55:00,2026-07-09 09:43:54.000000,14.24,48.9,Motorcycle,31,4.4,High,Rain,Dombivli,0.2,False
TW104779,2026-07-19 19:13:00,2026-07-19 19:33:12.000000,10.19,20.2,2-Wheeler,33,4.1,Low,Rain,Mumbra,0.2,True
TW104880,2026-07-21 05:53:00,2026-07-21 06:14:06.000000,7.35,21.1,Motorcycle,27,4.6,Medium,Rain,Thane West,3.89,True
TW102607,2026-07-10 15:38:00,2026-07-10 16:27:30.000000,16.72,49.5,Scooter,29,5.0,Medium,Clear,Mulund,2.99,False
TW100520,2026-07-11 17:26:00,2026-07-11 17:44:12.000000,5.22,18.2,Motorcycle,39,4.1,Medium,Clear,Thane West,1.54,True
TW104138,2026-07-28 18:53:00,2026-07-28 19:01:18.000000,2.77,8.3,Scooter,33,4.9,High,Rain,Navi Mumbai,2.89,True
TW104296,2026-07-17 02:49:00,2026-07-17 03:05:24.000000,7.29,16.4,Electric Scooter,24,4.6,Low,Clear,Kalyan,1.45,True
TW101439,2026-07-16 11:47:00,2026-07-16 12:04:06.000000,6.53,17.1,Motorcycle,25,4.4,High,Rain,Mulund,3.64,True
TW103585,2026-07-24 15:32:00,2026-07-24 15:48:00.000000,6.03,16.0,Motorcycle,34,4.5,Medium,Clear,Vashi,1.39,True
TW100279,2026-07-15 15:10:00,2026-07-15 15:15:12.000000,2.01,5.2,Scooter,42,4.7,Medium,Clear,Mulund,1.83,True
TW100613,2026-07-24 01:54:00,2026-07-24 02:44:48.000000,14.01,50.8,Electric Scooter,40,3.7,Medium,Clear,Mulund,4.14,False
TW102329,2026-07-04 06:37:00,2026-07-04 06:53:42.000000,4.29,16.7,Motorcycle,37,4.6,Low,Rain,Dombivli,0.93,True
TW102981,2026-07-10 19:58:00,2026-07-10 20:11:00.000000,3.96,13.0,Motorcycle,38,4.1,Low,Clear,Dombivli,0.26,True
TW101784,2026-07-12 05:45:00,2026-07-12 05:49:00.000000,1.37,4.0,Scooter,33,4.0,Low,Clear,Dombivli,0.38,True
TW102846,2026-07-22 15:26:00,2026-07-22 15:30:00.000000,2.61,4.0,Electric Scooter,29,4.5,Low,Clear,Vashi,,True
TW101710,2026-07-14 06:52:00,2026-07-14 06:56:00.000000,2.05,4.0,Motorcycle,42,4.2,Medium,Rain,Bhandup,0.2,True
TW102206,2026-07-12 18:17:00,2026-07-12 18:22:42.000000,3.87,5.7,Scooter,32,5.0,Low,Clear,Thane West,3.8,True
TW102036,2026-07-24 08:30:00,2026-07-24 08:39:48.000000,2.5,-1.8550389827548321,Scooter,32,4.4,Medium,Overcast,Bhandup,0.74,True
TW102557,2026-07-11 09:35:00,2026-07-11 09:39:00.000000,2.0,4.0,Scooter,35,3.6,High,Clear,Mulund,5.38,True
TW101614,2026-07-14 13:10:00,2026-07-14 13:16:42.000000,3.1,6.7,scooter ,41,3.8,High,Clear,Vashi,0.78,True
TW100792,2026-07-03 09:36:00,2026-07-03 09:44:36.000000,3.44,8.6,Motorcycle,32,4.2,High,Clear,Mumbra,3.52,True
TW102472,2026-07-09 12:35:00,2026-07-09 12:52:36.000000,8.72,17.6,Scooter,35,5.0,Medium,Clear,Airoli,0.41,True
TW100706,2026-07-30 01:02:00,2026-07-30 01:07:12.000000,3.47,5.2,Motorcycle,20,4.4,High,Clear,Airoli,0.2,True
TW102026,2026-07-26 01:15:00,2026-07-26 01:25:06.000000,5.53,10.1,Motorcycle,43,4.3,Medium,Rain,Mulund,3.97,True
TW104264,2026-07-25 08:32:00,2026-07-25 08:39:36.000000,2.38,7.6,Scooter,26,4.7,Medium,Clear,Ghodbunder Road,2.2,True
TW103734,2026-07-25 01:12:00,2026-07-25 01:31:06.000000,5.86,19.1,Motorcycle,25,3.6,Low,Rain,Mumbra,3.55,True
TW104376,2026-07-29 12:32:00,2026-07-29 12:56:48.000000,8.94,24.8,Electric Scooter,26,4.0,Low,Overcast,Mumbra,2.11,True
TW103577,2026-07-17 12:36:00,2026-07-17 12:58:00.000000,5.63,22.0,Scooter,23,,High,Rain,Bhandup,0.24,True
TW101146,2026-07-08 00:40:00,2026-07-08 00:56:06.000000,4.96,16.1,Motorcycle,35,4.7,Medium,Clear,Airoli,,True
TW103780,2026-07-30 11:49:00,2026-07-30 12:01:54.000000,3.93,12.9,Motorcycle,22,3.9,High,Overcast,Bhandup,1.75,True
TW100770,2026-07-09 14:55:00,2026-07-09 15:03:48.000000,3.36,8.8,Scooter,32,,Low,Clear,Navi Mumbai,0.62,True
TW103398,2026-07-11 16:21:00,2026-07-11 16:38:12.000000,7.49,17.2,Scooter,30,4.7,High,Overcast,Kalyan,1.11,True
TW100146,2026-07-11 17:55:00,2026-07-11 17:59:00.000000,0.66,4.0,motorbike,38,4.2,Medium,Overcast,Navi Mumbai,0.92,True
TW101693,2026-07-30 23:03:00,2026-07-30 23:07:00.000000,1.01,4.0,Electric Scooter,44,4.4,Low,Clear,Navi Mumbai,3.96,True
TW100019,2026-07-09 12:09:00,2026-07-09 12:14:48.000000,2.08,5.8,Motorcycle,21,4.3,Low,Overcast,Airoli,2.09,True
TW101904,2026-07-01 00:45:00,2026-07-01 00:55:54.000000,3.71,10.9,Motorcycle,21,4.0,Low,Clear,Bhandup,2.01,True
TW100163,2026-07-25 17:49:00,2026-07-25 18:02:06.000000,2.77,13.1,Motorcycle,37,3.8,Medium,Clear,Mumbra,0.59,True
TW102517,2026-07-24 12:02:00,2026-07-24 12:46:54.000000,14.82,44.9,Electric Scooter,27,4.2,Medium,Clear,Ghodbunder Road,2.22,False
TW104275,2026-07-15 15:15:00,2026-07-15 15:20:24.000000,1.73,5.4,Scooter,33,5.0,Low,Overcast,Thane West,0.21,True
TW104543,2026-07-25 03:48:00,2026-07-25 04:02:24.000000,5.25,14.4,Electric Scooter,22,4.6,Low,Clear,Bhandup,1.03,True
TW101012,2026-07-16 03:02:00,2026-07-16 03:16:48.000000,3.35,14.8,Motorcycle,36,5.0,Low,Overcast,Thane West,3.91,True
TW101952,2026-07-04 22:09:00,2026-07-04 22:21:24.000000,4.31,12.4,Electric Scooter,43,4.3,Low,Rain,Bhandup,1.69,True
TW103668,2026-07-05 15:45:00,2026-07-05 15:54:48.000000,2.12,9.8,Electric Scooter,40,4.6,Low,Clear,Kalyan,,True
TW103952,2026-07-14 03:27:00,2026-07-14 03:40:24.000000,3.88,13.4,Electric Scooter,23,5.0,High,Overcast,Airoli,2.63,True
TW104829,2026-07-17 16:18:00,2026-07-17 16:42:06.000000,6.77,24.1,Scooter,42,4.3,Medium,Clear,Airoli,4.5,True
TW104860,2026-07-22 02:00:00,2026-07-22 02:04:00.000000,1.61,4.0,Electric Scooter,34,4.4,Medium,Rain,Bhandup,0.96,True
TW100771,2026-07-29 15:17:00,2026-07-29 15:29:54.000000,4.64,12.9,Scooter,27,4.0,Medium,Clear,Airoli,1.58,True
TW100427,2026-07-17 17:01:00,2026-07-17 17:08:18.000000,2.77,7.3,Scooter,39,3.9,Low,Clear,Thane West,1.63,True
TW104814,2026-07-17 09:20:00,2026-07-17 09:33:42.000000,2.36,13.7,Scooter,20,4.6,Medium,Clear,Airoli,2.42,True
TW101372,2026-07-16 02:37:00,2026-07-16 03:00:36.000000,9.23,23.6,Motorcycle,36,5.0,Medium,Clear,Vashi,1.15,True
TW100110,2026-07-03 11:16:00,2026-07-03 11:45:42.000000,6.9,29.7,motorbike,31,3.9,Low,Clear,Ghodbunder Road,0.35,False
TW102137,2026-07-18 07:04:00,2026-07-18 07:08:00.000000,1.61,4.0,Scooter,28,4.6,Medium,Clear,Mulund,3.05,True
TW104538,2026-07-17 20:59:00,2026-07-17 21:03:00.000000,1.15,4.0,Motorcycle,42,4.4,Low,Clear,Dombivli,,True
TW101243,2026-07-16 04:27:00,2026-07-16 04:34:54.000000,2.65,7.9,Electric Scooter,21,4.7,Medium,Clear,Bhandup,1.46,True
TW103322,2026-07-01 12:24:00,2026-07-01 12:32:36.000000,2.77,8.6,Scooter,31,4.6,Medium,Clear,Navi Mumbai,3.74,True
TW103448,2026-07-02 12:11:00,2026-07-02 12:25:18.000000,5.24,14.3,e-scooter,31,3.9,Medium,Clear,Mumbra,4.23,True
TW103286,2026-07-02 18:32:00,2026-07-02 18:45:06.000000,5.65,13.1,Motorcycle,25,5.0,Low,Clear,Bhandup,0.94,True
TW100356,2026-07-30 12:31:00,2026-07-30 12:56:24.000000,8.54,25.4,Scooter,36,4.1,Low,Clear,Bhandup,0.97,False
TW100983,2026-07-30 22:31:00,2026-07-30 22:49:18.000000,5.24,18.3,Electric Scooter,34,3.9,High,Clear,Kalyan,0.52,True
TW100840,2026-07-08 16:27:00,2026-07-08 16:48:24.000000,6.73,21.4,Scooter,38,3.9,Medium,Clear,Vashi,0.29,True
TW103795,2026-07-28 15:37:00,2026-07-28 16:17:00.000000,15.92,40.0,Scooter,39,4.3,High,Clear,Vashi,0.69,False
TW100987,2026-07-02 19:52:00,2026-07-02 19:57:12.000000,1.59,5.2,Motorcycle,33,4.3,High,Rain,Thane West,0.35,True
TW104970,2026-07-18 10:04:00,2026-07-18 10:09:36.000000,1.08,5.6,Motorcycle,38,4.7,High,Clear,Kalyan,3.17,True
TW102755,2026-07-16 09:36:00,2026-07-16 10:06:18.000000,9.67,30.3,Motorcycle,21,4.0,High,Clear,Navi Mumbai,0.37,False
TW104204,2026-07-29 13:41:00,2026-07-29 13:45:00.000000,0.77,4.0,Scooter,38,4.8,High,Clear,Airoli,,True
TW101617,2026-07-27 14:21:00,2026-07-27 14:27:54.000000,2.16,6.9,Electric Scooter,34,4.8,Medium,Rain,Navi Mumbai,3.15,True
TW104645,2026-07-09 13:38:00,2026-07-09 13:51:24.000000,4.97,13.4,Scooter,38,4.0,High,Clear,Ghodbunder Road,1.47,True
TW100780,2026-07-03 19:48:00,2026-07-03 20:01:00.000000,3.97,13.0,Motorcycle,34,4.4,Medium,Clear,Bhandup,0.2,True
TW102171,2026-07-26 23:38:00,2026-07-26 23:45:30.000000,2.62,7.5,Scooter,19,4.2,High,Clear,Mumbra,3.85,True
TW103603,2026-07-25 04:14:00,2026-07-25 04:32:00.000000,5.22,18.0,scooter ,36,4.2,Medium,Clear,Ghodbunder Road,0.2,True
TW102812,2026-07-10 04:12:00,2026-07-10 04:32:00.000000,5.47,20.0,Electric Scooter,39,4.7,Low,Clear,Dombivli,1.78,True
TW102224,2026-07-17 01:25:00,2026-07-17 01:29:00.000000,1.57,4.0,Motorcycle,44,4.1,High,Clear,Ghodbunder Road,2.16,True
TW100153,2026-07-12 08:26:00,2026-07-12 08:32:18.000000,3.51,6.3,Scooter,35,4.4,High,Clear,Navi Mumbai,1.65,True
TW101025,2026-07-30 17:19:00,2026-07-30 17:38:30.000000,6.61,19.5,Motorcycle,26,4.2,Low,Overcast,Navi Mumbai,0.27,True
TW101343,2026-07-22 19:10:00,2026-07-22 19:30:06.000000,6.93,20.1,bike,40,4.8,Medium,Overcast,Thane West,2.61,True
TW102933,2026-07-06 00:21:00,2026-07-06 00:35:18.000000,3.88,14.3,Electric Scooter,40,4.0,Medium,Clear,Thane West,4.86,True
TW102757,2026-07-27 02:43:00,2026-07-27 02:57:54.000000,3.72,14.9,Motorcycle,33,4.4,Low,Clear,Ghodbunder Road,5.75,True
TW100413,2026-07-22 02:33:00,2026-07-22 02:37:06.000000,0.0,4.1,Motorcycle,40,4.2,Low,Clear,Mulund,2.04,True
TW103641,2026-07-29 18:32:00,2026-07-29 18:47:36.000000,2.87,15.6,Motorcycle,31,4.6,Low,Clear,Mulund,0.65,True
TW104749,2026-07-07 22:29:00,2026-07-07 22:37:12.000000,4.24,8.2,Motorcycle,39,4.0,High,Clear,Mumbra,0.59,True
TW102496,2026-07-13 13:19:00,2026-07-13 13:26:24.000000,2.29,-14.365523091918943,2-Wheeler,39,3.7,Medium,Clear,Dombivli,2.5,True
TW103077,2026-07-06 15:10:00,2026-07-06 15:25:18.000000,3.2,15.3,Motorcycle,32,5.0,Low,Clear,Airoli,3.23,True
TW100320,2026-07-07 07:22:00,2026-07-07 07:32:06.000000,1.92,10.1,Scooter,37,4.7,High,Rain,Airoli,3.19,True
TW103411,2026-07-16 23:31:00,2026-07-16 23:35:00.000000,0.83,4.0,Motorcycle,25,4.5,Medium,Clear,Thane West,0.65,True
TW100751,2026-07-10 02:48:00,2026-07-10 02:56:12.000000,2.85,8.2,Motorcycle,33,3.8,High,Clear,Kalyan,3.09,True
TW101910,2026-07-21 13:33:00,2026-07-21 13:39:42.000000,2.37,6.7,Scooter,22,4.5,Low,Clear,Airoli,3.19,True
TW102690,2026-07-13 16:11:00,2026-07-13 16:21:00.000000,2.72,10.0,Electric Scooter,23,4.6,Low,Rain,Kalyan,5.2,True
TW100171,2026-07-01 20:22:00,2026-07-01 20:32:48.000000,4.82,10.8,Scooter,30,4.4,Low,Clear,Navi Mumbai,1.03,True
TW102897,2026-07-04 00:50:00,2026-07-04 01:02:48.000000,4.44,12.8,Motorcycle,40,4.2,High,Rain,Mumbra,0.3,True
TW102688,2026-07-09 17:26:00,2026-07-09 17:35:36.000000,5.1,9.6,Scooter,30,4.2,High,Clear,Airoli,0.2,True
TW100134,2026-07-25 19:43:00,2026-07-25 19:53:00.000000,3.51,10.0,Electric Scooter,39,5.0,Medium,Rain,Dombivli,2.64,True
TW103334,2026-07-04 00:30:00,2026-07-04 00:40:18.000000,5.21,10.3,Motorcycle,33,3.5,Low,Clear,Mulund,0.74,True
TW100942,2026-07-24 20:51:00,2026-07-24 21:09:06.000000,6.91,18.1,Scooter,37,4.0,Medium,Rain,Thane West,1.06,True
TW100439,2026-07-30 13:43:00,2026-07-30 13:47:54.000000,3.79,4.9,Scooter,24,4.3,High,Clear,Bhandup,2.76,True
TW101116,2026-07-14 10:21:00,2026-07-14 10:25:00.000000,0.95,4.0,Motorcycle,32,3.8,Low,Rain,Navi Mumbai,1.88,True
TW100034,2026-07-17 10:30:00,2026-07-17 10:37:12.000000,3.46,7.2,Motorcycle,34,4.3,High,Rain,Bhandup,0.65,True
TW104091,2026-07-01 07:56:00,2026-07-01 08:01:30.000000,1.3,5.5,Scooter,39,4.0,Medium,Rain,Thane West,1.17,True
TW101995,2026-07-17 15:11:00,2026-07-17 15:18:24.000000,2.58,7.4,Scooter,41,4.2,High,Rain,Airoli,2.33,True
TW104479,2026-07-30 02:04:00,2026-07-30 02:18:12.000000,4.34,14.2,Motorcycle,40,4.6,Low,Clear,Airoli,0.88,True
TW104840,2026-07-07 00:09:00,2026-07-07 00:25:36.000000,4.71,16.6,Motorcycle,26,4.3,High,Overcast,Dombivli,0.82,True
TW100057,2026-07-12 02:37:00,2026-07-12 02:45:48.000000,4.37,8.8,Motorcycle,29,4.4,Low,Clear,Navi Mumbai,2.24,True
TW104756,2026-07-23 18:47:00,2026-07-23 19:15:00.000000,9.01,28.0,Scooter,43,4.2,Medium,Rain,Mumbra,0.2,False
TW103674,2026-07-12 09:17:00,2026-07-12 09:26:12.000000,3.05,268.01522704933416,Scooter,41,4.5,High,Clear,Airoli,1.39,True
TW102075,2026-07-19 08:00:00,2026-07-19 08:04:30.000000,1.42,4.5,Electric Scooter,32,3.3,Low,Overcast,Navi Mumbai,1.23,True
TW100794,2026-07-27 14:22:00,2026-07-27 14:38:24.000000,4.42,16.4,Motorcycle,23,4.5,Low,Clear,Mumbra,2.03,True
TW102228,2026-07-19 06:20:00,2026-07-19 06:38:24.000000,4.76,332.9155598643663,Scooter,42,5.0,Low,Rain,Mumbra,1.11,True
TW100338,2026-07-20 22:33:00,2026-07-20 22:38:48.000000,1.78,5.8,Motorcycle,31,4.6,High,Overcast,Airoli,0.2,True
TW104302,2026-07-04 09:32:00,2026-07-04 09:36:18.000000,1.28,4.3,Motorcycle,30,4.8,Medium,Clear,Mulund,1.15,True
TW102686,2026-07-22 18:31:00,2026-07-22 18:37:42.000000,3.67,6.7,Motorcycle,42,4.5,Low,Clear,Thane West,1.05,True
TW103483,2026-07-30 01:08:00,2026-07-30 01:12:00.000000,3.55,4.0,Motorcycle,23,4.4,High,Clear,Thane West,0.99,True
TW101459,2026-07-04 01:02:00,2026-07-04 01:18:42.000000,6.95,16.7,Motorcycle,20,3.4,High,Clear,Navi Mumbai,4.46,True
TW101894,2026-07-27 04:04:00,2026-07-27 04:23:54.000000,7.09,19.9,Motorcycle,36,4.1,Medium,Clear,Vashi,4.5,True
TW104022,2026-07-09 20:10:00,2026-07-09 20:18:48.000000,1.89,8.8,Motorcycle,23,4.0,Medium,Clear,Mumbra,1.18,True
TW102331,2026-07-18 16:27:00,2026-07-18 16:36:30.000000,2.38,9.5,Electric Scooter,29,3.8,High,Overcast,Ghodbunder Road,3.05,True
TW102946,2026-07-22 21:24:00,2026-07-22 21:40:36.000000,5.49,16.6,Motorcycle,26,4.9,Low,Clear,Navi Mumbai,0.9,True
TW102934,2026-07-27 11:54:00,2026-07-27 12:08:00.000000,0.0,14.0,Motorcycle,22,3.9,Medium,Clear,Kalyan,0.24,True
TW103842,2026-07-23 12:43:00,2026-07-23 13:10:48.000000,9.3,27.8,Scooter,44,4.3,Medium,Overcast,Bhandup,2.94,False
TW101633,2026-07-29 02:24:00,2026-07-29 02:28:24.000000,1.73,4.4,Scooter,30,4.8,Low,Rain,Thane West,1.14,True
TW100094,2026-07-23 05:55:00,2026-07-23 05:59:42.000000,1.82,4.7,scooter ,26,4.4,Low,Clear,Dombivli,3.74,True
TW100762,2026-07-11 04:58:00,2026-07-11 05:08:36.000000,2.4,10.6,Motorcycle,19,4.5,Medium,Clear,Ghodbunder Road,0.2,True
TW104268,2026-07-11 23:20:00,2026-07-11 23:51:30.000000,11.67,31.5,Scooter,22,3.3,Low,Rain,Airoli,0.42,False
TW103315,2026-07-05 18:36:00,2026-07-05 18:49:30.000000,4.4,13.5,Scooter,38,4.2,Medium,Clear,Mulund,0.44,True
TW100981,2026-07-25 08:38:00,2026-07-25 08:48:18.000000,4.01,10.3,Scooter,42,4.1,Medium,Clear,Ghodbunder Road,2.22,True
TW103728,2026-07-17 12:25:00,2026-07-17 12:32:06.000000,3.97,7.1,Motorcycle,26,3.5,Low,Clear,Mulund,2.2,True
TW102061,2026-07-22 14:17:00,2026-07-22 14:21:54.000000,1.13,4.9,Motorcycle,27,4.5,Low,Clear,Thane West,2.67,True
TW100736,2026-07-28 07:12:00,2026-07-28 07:16:00.000000,1.09,4.0,Electric Scooter,37,4.8,Medium,Clear,Bhandup,0.2,True
TW101078,2026-07-16 09:23:00,2026-07-16 09:42:54.000000,5.95,19.9,Scooter,34,4.4,Medium,Clear,Mulund,0.53,True
TW103326,2026-07-14 21:20:00,2026-07-14 21:34:42.000000,4.39,14.7,Scooter,31,4.0,Medium,Clear,Vashi,1.35,True
TW100048,2026-07-28 15:22:00,2026-07-28 15:34:00.000000,3.55,12.0,2-Wheeler,29,5.0,Medium,Rain,Navi Mumbai,0.71,True
TW103354,2026-07-02 00:14:00,2026-07-02 00:18:00.000000,2.25,4.0,Motorcycle,25,4.5,High,Clear,Ghodbunder Road,1.3,True
TW100145,2026-07-23 20:02:00,2026-07-23 20:06:00.000000,1.51,4.0,Scooter,24,4.2,High,Clear,Vashi,1.71,True
TW101718,2026-07-26 17:56:00,2026-07-26 18:10:18.000000,3.27,14.3,Motorcycle,35,4.0,Medium,Overcast,Thane West,0.2,True
TW104281,2026-07-13 00:38:00,2026-07-13 01:00:18.000000,6.54,22.3,Scooter,21,4.8,Medium,Clear,Airoli,5.61,True
TW101661,2026-07-05 19:02:00,2026-07-05 19:06:00.000000,0.92,4.0,Motorcycle,26,4.2,High,Clear,Mulund,1.8,True
TW100581,2026-07-20 15:57:00,2026-07-20 16:14:54.000000,6.93,17.9,Scooter,25,3.7,Medium,Overcast,Bhandup,1.68,True
TW101060,2026-07-27 22:23:00,2026-07-27 22:03:35.145016,8.16,22.4,Scooter,42,4.0,High,Clear,Thane West,2.08,True
TW100898,2026-07-17 04:51:00,2026-07-17 05:00:42.000000,2.72,9.7,Electric Scooter,26,3.6,Medium,Clear,Ghodbunder Road,0.32,True
TW102411,2026-07-21 08:13:00,2026-07-21 08:18:12.000000,2.31,5.2,Scooter,30,4.6,Low,Overcast,Vashi,1.92,True
,2026-07-19 18:34:00,2026-07-19 18:38:48.000000,2.95,4.8,Scooter,34,3.6,Medium,Overcast,Kalyan,2.7,True
TW102493,2026-07-28 13:56:00,2026-07-28 14:19:30.000000,7.62,23.5,Motorcycle,36,4.7,Low,Clear,Airoli,0.2,True
TW104209,2026-07-27 07:15:00,2026-07-27 07:19:06.000000,0.88,4.1,Scooter,37,4.2,Low,Clear,Dombivli,0.82,True
TW103251,2026-07-21 23:58:00,2026-07-22 00:09:30.000000,3.95,11.5,Electric Scooter,39,4.1,Low,Clear,Mulund,6.76,True
TW101362,2026-07-11 23:28:00,2026-07-11 23:00:57.574021,7.41,14.8,Scooter,25,4.0,Low,Clear,Thane West,,True
TW102512,2026-07-23 00:17:00,2026-07-23 00:38:00.000000,6.81,21.0,Motorcycle,22,4.6,Medium,Rain,Mumbra,2.58,True
TW100437,2026-07-23 14:27:00,2026-07-23 14:34:24.000000,4.75,7.4,Motorcycle,40,3.2,Low,Clear,Mulund,1.28,True
TW100592,2026-07-05 02:40:00,2026-07-05 03:12:36.000000,9.54,32.6,Scooter,19,4.2,Low,Clear,Vashi,0.67,False
TW100349,2026-07-29 14:52:00,2026-07-29 15:00:12.000000,2.1,8.2,Scooter,38,4.1,Medium,Clear,Navi Mumbai,5.46,True
TW104335,2026-07-06 13:21:00,2026-07-06 13:43:00.000000,7.2,22.0,Motorcycle,42,4.0,Low,Clear,Kalyan,8.03,True
TW102361,2026-07-22 20:38:00,2026-07-22 21:05:42.000000,7.02,27.7,Scooter,28,4.2,Low,Clear,Bhandup,1.5,False
TW102098,2026-07-17 23:08:00,2026-07-17 23:31:06.000000,5.32,23.1,Motorcycle,26,4.6,Medium,Clear,Bhandup,4.3,True
TW100399,2026-07-27 15:51:00,2026-07-27 15:57:30.000000,3.29,6.5,Scooter,37,4.6,Medium,Clear,Navi Mumbai,2.45,True
TW104336,2026-07-21 04:31:00,2026-07-21 05:01:00.000000,10.89,30.0,Motorcycle,44,4.3,High,Rain,Dombivli,1.18,False
TW103760,2026-07-09 08:57:00,2026-07-09 09:13:18.000000,4.89,16.3,Scooter,42,3.9,Low,Clear,Thane West,1.21,True
TW103215,2026-07-27 03:52:00,2026-07-27 04:09:12.000000,0.0,17.2,Scooter,44,5.0,Medium,Clear,Bhandup,4.83,True
TW101978,2026-07-23 08:39:00,2026-07-23 09:03:00.000000,6.45,24.0,Bike,26,4.5,High,Clear,Navi Mumbai,1.59,True
TW101384,2026-07-29 15:55:00,2026-07-29 16:17:42.000000,6.97,22.7,Scooter,21,,Medium,Clear,Kalyan,2.29,True
TW103469,2026-07-22 23:13:00,2026-07-22 23:22:30.000000,3.88,9.5,Motorcycle,39,4.6,Medium,Rain,Bhandup,11.16,True
TW100111,2026-07-04 10:08:00,2026-07-04 10:18:12.000000,4.9,10.2,Scooter,25,5.0,Low,Clear,Thane West,0.55,True
TW103932,2026-07-11 07:05:00,2026-07-11 07:11:18.000000,3.57,6.3,Motorcycle,20,4.2,High,Clear,Airoli,0.74,True
TW103226,2026-07-26 17:42:00,2026-07-26 18:06:36.000000,8.05,24.6,Motorcycle,28,4.2,High,Clear,Bhandup,0.29,True
TW100038,2026-07-05 01:14:00,2026-07-05 01:18:00.000000,0.86,4.0,Scooter,36,4.2,High,Rain,Navi Mumbai,3.29,True
TW102875,2026-07-30 22:39:00,2026-07-30 22:57:30.000000,4.72,18.5,Scooter,37,4.3,Low,Overcast,Mumbra,2.22,True
TW100876,2026-07-02 12:35:00,2026-07-02 12:45:12.000000,3.35,10.2,Motorcycle,43,4.0,Medium,Clear,Vashi,2.15,True
TW103218,2026-07-30 03:59:00,2026-07-30 04:20:00.000000,8.39,21.0,Scooter,42,3.9,Low,Clear,Thane West,0.21,True
TW104694,2026-07-27 17:22:00,2026-07-27 17:26:00.000000,1.1,4.0,Scooter,27,4.7,High,Clear,Mulund,1.49,True
TW101257,2026-07-28 23:01:00,2026-07-28 23:14:54.000000,4.01,401.6876870628405,Electric Scooter,37,4.2,Medium,Clear,Airoli,1.33,True
TW101353,2026-07-17 13:07:00,2026-07-17 13:26:00.000000,5.33,19.0,Scooter,29,4.1,Medium,Clear,Airoli,5.0,True
TW101668,2026-07-19 21:50:00,2026-07-19 22:01:54.000000,5.83,11.9,Electric Scooter,24,4.7,Low,Clear,Bhandup,0.82,True
TW102263,2026-07-18 14:59:00,2026-07-18 15:25:42.000000,9.51,26.7,e-scooter,29,4.8,High,Clear,Kalyan,1.42,False
TW101906,2026-07-30 12:29:00,2026-07-30 12:47:24.000000,5.62,18.4,Scooter,26,4.6,Medium,Clear,Kalyan,1.2,True
TW102521,2026-07-09 11:13:00,2026-07-09 11:23:54.000000,3.97,10.9,Scooter,32,3.8,Low,Clear,Navi Mumbai,4.68,True
TW103373,2026-07-25 20:05:00,2026-07-25 20:12:48.000000,1.57,7.8,Motorcycle,29,4.2,Medium,Clear,Mumbra,1.53,True
TW101195,2026-07-29 07:58:00,2026-07-29 08:11:54.000000,4.1,13.9,Motorcycle,35,4.5,Medium,Overcast,Mumbra,0.2,True
TW104873,2026-07-19 19:48:00,2026-07-19 19:55:12.000000,0.87,7.2,Scooter,39,4.1,Medium,Clear,Navi Mumbai,0.68,True
TW102494,2026-07-16 04:51:00,2026-07-16 05:00:36.000000,3.24,9.6,Scooter,37,4.6,Low,Clear,Navi Mumbai,2.08,True
TW104775,2026-07-10 01:31:00,2026-07-10 02:09:18.000000,11.04,38.3,Electric Scooter,31,3.8,Medium,Clear,Mumbra,1.17,False
TW103545,2026-07-10 20:53:00,2026-07-10 21:00:36.000000,1.33,7.6,Motorcycle,27,4.1,Medium,Clear,Dombivli,0.2,True
TW101058,2026-07-14 17:11:00,2026-07-14 17:20:54.000000,3.74,9.9,Motorcycle,27,4.8,Low,Clear,Bhandup,2.67,True
TW102322,2026-07-20 06:45:00,2026-07-20 06:51:36.000000,4.68,6.6,Scooter,30,4.0,Medium,Overcast,Mulund,2.12,True
TW102958,2026-07-16 14:15:00,2026-07-16 14:30:36.000000,7.13,15.6,Motorcycle,42,4.6,Medium,,Navi Mumbai,5.71,True
TW102335,2026-07-20 23:30:00,2026-07-20 23:37:18.000000,1.89,7.3,Electric Scooter,34,4.5,High,Rain,Vashi,0.2,True
TW103928,2026-07-25 01:50:00,2026-07-25 02:19:12.000000,7.73,29.2,Scooter,43,3.7,Medium,Overcast,Mumbra,5.72,False
TW103220,2026-07-29 12:38:00,2026-07-29 12:45:06.000000,1.68,7.1,Scooter,35,4.4,Medium,Clear,Mumbra,0.59,True
TW102443,2026-07-15 02:23:00,2026-07-15 02:33:42.000000,5.18,10.7,Scooter,36,4.0,Medium,Overcast,Bhandup,1.5,True
TW100500,2026-07-23 17:12:00,2026-07-23 17:16:00.000000,1.81,4.0,Motorcycle,29,4.7,Medium,Clear,Bhandup,0.96,True
TW100336,2026-07-23 07:25:00,2026-07-23 07:29:00.000000,2.81,4.0,Motorcycle,35,3.6,Low,Clear,Bhandup,0.54,True
TW102312,2026-07-17 04:42:00,2026-07-17 04:50:00.000000,3.64,8.0,Scooter,40,3.9,Low,Overcast,Dombivli,0.2,True
TW101448,2026-07-29 04:47:00,2026-07-29 04:52:30.000000,1.29,5.5,Scooter,34,4.8,Low,Clear,Vashi,6.57,True
TW104943,2026-07-17 02:00:00,2026-07-17 02:16:24.000000,4.17,16.4,Scooter,36,,Medium,Clear,Airoli,5.43,True
TW101083,2026-07-22 03:47:00,2026-07-22 03:51:00.000000,1.07,4.0,Scooter,26,4.3,Medium,Overcast,Mumbra,4.1,True
TW103889,2026-07-08 09:14:00,2026-07-08 09:33:54.000000,5.71,19.9,Motorcycle,35,4.5,Medium,Overcast,Bhandup,4.44,True
TW101202,2026-07-03 01:33:00,2026-07-03 01:52:42.000000,4.69,19.7,Scooter,19,4.8,Medium,Rain,Vashi,0.2,True
TW103197,2026-07-19 19:26:00,2026-07-19 19:34:48.000000,2.05,8.8,Motorcycle,43,4.5,High,Rain,Navi Mumbai,2.88,True
TW101872,2026-07-29 16:07:00,2026-07-29 16:20:12.000000,3.78,13.2,Scooter,43,4.5,Low,Clear,Mulund,0.71,True
TW104631,2026-07-14 02:21:00,2026-07-14 02:35:00.000000,5.62,14.0,Scooter,20,4.3,Medium,Clear,Bhandup,3.23,True
TW102822,2026-07-01 04:05:00,2026-07-01 04:24:18.000000,6.87,19.3,Electric Scooter,29,,Low,Clear,Bhandup,3.09,True
TW104351,2026-07-30 22:44:00,2026-07-30 22:49:12.000000,2.31,5.2,Motorcycle,35,4.6,Medium,Overcast,Kalyan,0.68,True
TW101419,2026-07-14 11:32:00,2026-07-14 11:43:36.000000,4.63,11.6,Scooter,30,4.6,Medium,Clear,Kalyan,,True
TW101302,2026-07-05 15:29:00,2026-07-05 15:37:24.000000,3.43,8.4,Scooter,27,4.9,Low,Clear,Dombivli,,True
TW100833,2026-07-28 22:06:00,2026-07-28 22:31:48.000000,6.47,25.8,Scooter,29,4.7,High,Overcast,Mulund,3.79,False
TW103293,2026-07-01 00:55:00,2026-07-01 01:14:54.000000,6.04,19.9,Electric Scooter,25,4.0,Low,Clear,Kalyan,0.26,True
TW100231,2026-07-25 20:36:00,2026-07-25 20:49:18.000000,3.26,13.3,Scooter,34,4.7,Low,Clear,Bhandup,1.01,True
TW101911,2026-07-06 11:19:00,2026-07-06 11:31:36.000000,3.58,12.6,Scooter,41,3.9,Low,Clear,Vashi,0.83,True
TW102692,2026-07-11 11:57:00,2026-07-11 12:06:00.000000,2.65,9.0,bike,37,4.0,Low,Clear,Ghodbunder Road,0.74,True
TW101785,2026-07-06 07:42:00,2026-07-06 07:46:00.000000,1.57,4.0,Scooter,24,4.3,High,Clear,Kalyan,1.81,True
TW102745,2026-07-14 21:42:00,2026-07-14 21:46:00.000000,1.68,4.0,Motorcycle,37,4.0,Low,,Vashi,6.5,True
TW100207,2026-07-17 10:20:00,2026-07-17 10:34:48.000000,7.2,14.8,Scooter,19,4.5,Low,Clear,Ghodbunder Road,7.72,True
TW104406,2026-07-10 01:14:00,2026-07-10 01:27:54.000000,4.77,13.9,Scooter,40,4.6,Medium,Rain,Mulund,1.94,True
TW103550,2026-07-03 07:44:00,2026-07-03 08:00:42.000000,5.09,16.7,Scooter,20,4.5,Medium,Clear,Dombivli,1.08,True
TW101086,2026-07-06 14:36:00,2026-07-06 14:45:06.000000,3.12,9.1,Scooter,39,4.5,Medium,Clear,Bhandup,6.38,True
TW101193,2026-07-29 06:09:00,2026-07-29 06:13:00.000000,1.37,4.0,Motorcycle,31,4.9,High,Clear,Navi Mumbai,0.41,True
TW103900,2026-07-10 13:13:00,2026-07-10 13:20:12.000000,3.96,7.2,Electric Scooter,28,3.8,High,Clear,Ghodbunder Road,0.55,True
TW104193,2026-07-12 18:37:00,2026-07-12 18:49:06.000000,3.91,12.1,Scooter,27,4.5,High,Clear,Ghodbunder Road,1.19,True
TW102160,2026-07-05 00:34:00,2026-07-05 01:02:24.000000,6.88,28.4,Scooter,25,3.8,Medium,Clear,Vashi,1.12,False
TW104104,2026-07-26 16:48:00,2026-07-26 16:58:24.000000,4.54,10.4,Motorcycle,38,3.7,Low,Clear,Dombivli,0.2,True
TW101034,2026-07-30 20:39:00,2026-07-30 20:45:18.000000,3.04,6.3,Motorcycle,42,4.8,Medium,Clear,Airoli,0.2,True
TW103499,2026-07-30 20:09:00,2026-07-30 20:27:36.000000,6.77,18.6,Scooter,25,4.9,Low,Clear,Bhandup,1.47,True
TW104446,2026-07-12 17:09:00,2026-07-12 17:16:00.000000,3.09,7.0,Electric Scooter,36,4.5,Medium,Overcast,Dombivli,5.38,True
TW100848,2026-07-15 17:03:00,2026-07-15 17:16:54.000000,2.83,13.9,Scooter,24,4.3,High,Rain,Mumbra,1.4,True
TW100086,2026-07-10 12:25:00,2026-07-10 12:54:48.000000,10.84,29.8,Scooter,28,4.5,Medium,Overcast,Ghodbunder Road,0.33,False
TW101425,2026-07-16 16:15:00,2026-07-16 16:41:00.000000,6.85,26.0,Scooter,44,4.3,Low,Rain,Mulund,7.07,False
TW101712,2026-07-08 13:10:00,2026-07-08 13:19:24.000000,4.14,9.4,Electric Scooter,20,3.7,Low,Clear,Mumbra,0.33,True
TW102113,2026-07-19 21:10:00,2026-07-19 21:24:30.000000,4.11,14.5,bike,29,,High,Rain,Mumbra,2.39,True
TW100692,2026-07-07 19:56:00,2026-07-07 20:10:30.000000,3.04,14.5,Scooter,33,5.0,Medium,Clear,Mulund,1.26,True
TW104294,2026-07-24 16:37:00,2026-07-24 16:52:12.000000,4.61,15.2,Electric Scooter,20,4.3,High,Rain,Kalyan,1.36,True
TW102510,2026-07-14 07:40:00,2026-07-14 07:59:54.000000,6.52,19.9,Scooter,34,3.5,Low,Clear,Vashi,5.0,True
TW100261,2026-07-27 03:34:00,2026-07-27 03:40:42.000000,2.45,6.7,Scooter,25,4.4,Medium,Overcast,Navi Mumbai,0.2,True
TW104677,2026-07-23 05:43:00,2026-07-23 05:33:50.586372,3.18,10.0,Motorcycle,27,4.3,High,Clear,Mulund,2.73,True
TW103882,2026-07-20 04:40:00,2026-07-20 05:09:24.000000,9.35,339.9761700057944,Scooter,24,4.3,High,Clear,Dombivli,1.04,False
TW103567,2026-07-29 21:54:00,2026-07-29 22:15:42.000000,7.48,21.7,Scooter,26,4.5,High,Clear,Airoli,5.21,True
TW103944,2026-07-02 18:02:00,2026-07-02 18:07:54.000000,3.33,5.9,Motorcycle,28,4.0,Medium,Overcast,Vashi,5.09,True
TW102035,2026-07-13 20:53:00,2026-07-13 20:59:12.000000,2.61,6.2,Scooter,32,4.2,Medium,Clear,Bhandup,1.34,True
TW103445,2026-07-24 16:49:00,2026-07-24 17:04:06.000000,5.04,15.1,Scooter,27,3.9,High,Clear,Ghodbunder Road,0.2,True
TW101341,2026-07-08 00:18:00,2026-07-08 00:48:54.000000,10.39,30.9,Motorcycle,21,4.0,Medium,Clear,Bhandup,0.6,False
TW103097,2026-07-11 03:42:00,2026-07-11 03:47:48.000000,2.79,5.8,Electric Scooter,24,4.3,Low,Overcast,Dombivli,1.14,True
TW102364,2026-07-28 11:21:00,2026-07-28 11:29:12.000000,1.81,8.2,Motorcycle,38,3.9,Medium,Rain,Mumbra,1.48,True
TW100041,2026-07-12 23:31:00,2026-07-12 23:38:30.000000,2.39,7.5,Scooter,25,4.2,Medium,Rain,Mumbra,1.05,True
TW104069,2026-07-21 00:32:00,2026-07-21 00:36:30.000000,2.52,4.5,Scooter,29,4.9,,Clear,Mumbra,0.74,True
TW103093,2026-07-17 23:25:00,2026-07-17 23:42:12.000000,4.3,17.2,Motorcycle,33,4.0,Medium,Rain,Kalyan,1.89,True
TW104767,2026-07-22 06:33:00,2026-07-22 06:52:54.000000,4.76,19.9,Scooter,25,4.9,Medium,Overcast,Bhandup,1.21,True
TW102790,2026-07-07 06:30:00,2026-07-07 06:37:30.000000,2.52,7.5,Scooter,26,3.9,Low,Rain,Navi Mumbai,0.2,True
TW103015,2026-07-24 02:25:00,2026-07-24 02:34:12.000000,2.28,9.2,Motorcycle,44,3.7,Low,Rain,Airoli,2.23,True
TW101729,2026-07-26 00:06:00,2026-07-26 00:14:42.000000,2.31,8.7,Motorcycle,41,4.4,Low,Clear,Kalyan,1.53,True
TW104151,2026-07-01 03:35:00,2026-07-01 03:43:12.000000,2.22,8.2,Motorcycle,39,4.4,Medium,Clear,Airoli,0.2,True
TW103030,2026-07-29 12:07:00,2026-07-29 12:28:00.000000,6.74,21.0,Scooter,34,4.6,High,Overcast,Navi Mumbai,0.96,True
TW100551,2026-07-23 19:18:00,2026-07-23 19:25:00.000000,1.85,7.0,Scooter,33,4.6,Low,Overcast,Bhandup,6.97,True
TW104326,2026-07-10 23:47:00,2026-07-10 23:51:24.000000,1.93,4.4,Electric Scooter,28,4.9,Low,Clear,Kalyan,3.74,True
TW101744,2026-07-11 20:47:00,2026-07-11 21:06:30.000000,6.24,19.5,Scooter,41,4.3,,Overcast,Navi Mumbai,2.39,True
TW104809,2026-07-15 07:25:00,2026-07-15 07:39:24.000000,4.51,14.4,Scooter,38,4.1,Low,Clear,Kalyan,4.15,True
TW101724,2026-07-19 17:56:00,2026-07-19 18:09:00.000000,5.01,13.0,Motorcycle,23,4.5,Low,Overcast,Thane West,0.49,True
TW100130,2026-07-08 12:53:00,2026-07-08 13:09:12.000000,3.74,16.2,Electric Scooter,35,4.8,Low,Clear,Mumbra,1.73,True
TW101933,2026-07-28 07:42:00,2026-07-28 07:55:36.000000,4.47,13.6,scooter ,28,3.7,Low,Clear,Thane West,0.27,True
TW103008,2026-07-17 14:58:00,2026-07-17 15:12:36.000000,4.35,14.6,Scooter,34,4.4,High,Clear,Airoli,1.06,True
TW102920,2026-07-02 03:12:00,2026-07-02 03:16:00.000000,2.73,4.0,Motorcycle,19,4.8,High,Overcast,Navi Mumbai,1.02,True
TW102552,2026-07-07 13:26:00,2026-07-07 13:39:06.000000,4.49,13.1,Motorcycle,20,4.3,Low,Clear,Bhandup,1.07,True
TW102716,2026-07-26 12:34:00,2026-07-26 12:54:24.000000,6.88,20.4,Motorcycle,43,4.2,Low,Clear,Mulund,1.82,True
TW100819,2026-07-30 14:50:00,2026-07-30 14:54:00.000000,2.68,4.0,Scooter,22,4.7,Low,Clear,Navi Mumbai,0.29,True
TW103439,2026-07-14 02:29:00,2026-07-14 02:45:24.000000,3.8,16.4,Scooter,26,4.7,High,Clear,Kalyan,0.2,True
TW100756,2026-07-05 08:13:00,2026-07-05 08:29:48.000000,6.52,16.8,Motorcycle,23,4.5,High,Clear,Thane West,0.21,True
TW103367,2026-07-30 15:28:00,2026-07-30 15:39:48.000000,5.26,11.8,Motorcycle,39,3.7,Medium,Clear,Mulund,4.3,True
TW103670,2026-07-12 01:16:00,2026-07-12 01:24:48.000000,2.62,8.8,Scooter,26,4.3,High,Clear,Airoli,6.03,True
TW103939,2026-07-19 14:03:00,2026-07-19 14:21:48.000000,5.78,18.8,Scooter,41,4.3,Low,Clear,Ghodbunder Road,1.62,True
TW103514,2026-07-20 04:42:00,2026-07-20 04:46:06.000000,2.63,4.1,Scooter,29,4.0,Medium,Clear,Navi Mumbai,1.24,True
TW102233,2026-07-18 05:38:00,2026-07-18 05:47:18.000000,4.45,9.3,Motorcycle,27,4.3,Low,Clear,Mumbra,0.68,True
TW102507,2026-07-11 14:12:00,2026-07-11 14:20:48.000000,4.42,8.8,Electric Scooter,42,4.7,Low,Clear,Bhandup,0.95,True
TW101261,2026-07-15 22:49:00,2026-07-15 22:57:18.000000,2.61,8.3,Scooter,25,5.0,Low,Clear,Ghodbunder Road,2.63,True
TW101773,2026-07-14 00:45:00,2026-07-14 00:55:30.000000,5.09,10.5,Motorcycle,26,4.3,Medium,Clear,Ghodbunder Road,1.81,True
TW102589,2026-07-12 23:21:00,2026-07-12 23:41:36.000000,5.14,20.6,Electric Scooter,30,4.6,High,Rain,Bhandup,0.2,True
TW104267,2026-07-29 00:03:00,2026-07-29 00:14:24.000000,2.96,11.4,Bike,32,4.4,Medium,Clear,Thane West,4.42,True
TW102144,2026-07-06 23:50:00,2026-07-06 23:54:00.000000,0.73,4.0,Motorcycle,43,3.7,Medium,Rain,Bhandup,1.33,True
TW102845,2026-07-11 05:12:00,2026-07-11 05:16:00.000000,1.07,4.0,Electric Scooter,27,3.9,Low,Clear,Airoli,0.22,True
TW101203,2026-07-02 11:43:00,2026-07-02 12:04:30.000000,5.45,21.5,Motorcycle,27,4.5,Low,Clear,Vashi,1.4,True
TW104571,2026-07-21 02:27:00,2026-07-21 02:36:00.000000,2.74,9.0,Motorcycle,44,4.3,Medium,Clear,Mulund,3.16,True
TW101305,2026-07-22 12:03:00,2026-07-22 12:17:48.000000,4.85,-12.865283928174078,Scooter,19,4.0,Medium,Rain,Bhandup,0.2,True
TW104000,2026-07-03 08:35:00,2026-07-03 08:42:12.000000,1.58,7.2,Motorcycle,27,3.9,High,Clear,Vashi,0.2,True
TW102828,2026-07-22 17:42:00,2026-07-22 17:53:12.000000,3.5,11.2,Electric Scooter,38,4.6,High,Clear,Bhandup,1.41,True
TW103490,2026-07-03 17:38:00,2026-07-03 17:45:48.000000,1.82,7.8,Electric Scooter,29,4.4,Low,Rain,Mulund,1.71,True
TW102453,2026-07-28 05:26:00,2026-07-28 05:48:12.000000,9.34,22.2,Motorcycle,32,4.9,High,Overcast,Kalyan,2.49,True
TW102735,2026-07-19 02:54:00,2026-07-19 03:05:24.000000,3.67,11.4,Electric Scooter,39,3.4,Low,Clear,Mulund,1.7,True
TW104461,2026-07-09 18:04:00,2026-07-09 18:10:36.000000,3.1,6.6,Scooter,20,4.7,Medium,Clear,Thane West,1.79,True
TW101736,2026-07-04 17:25:00,2026-07-04 17:36:42.000000,3.24,11.7,Electric Scooter,22,5.0,Medium,Clear,Navi Mumbai,0.73,True
TW102318,2026-07-29 10:58:00,2026-07-29 11:02:00.000000,2.66,4.0,Motorcycle,28,4.1,Medium,Overcast,Airoli,0.51,True
TW100776,2026-07-30 09:06:00,2026-07-30 09:12:12.000000,1.87,6.2,Scooter,34,4.9,Low,Clear,Mumbra,0.87,True
TW104125,2026-07-15 21:37:00,2026-07-15 22:20:42.000000,18.46,43.7,Motorcycle,44,4.6,Medium,Clear,Airoli,1.3,False
TW100376,2026-07-28 02:49:00,2026-07-28 03:02:12.000000,21.70167146028123,13.2,Motorcycle,41,4.8,Medium,Rain,Ghodbunder Road,0.2,True
TW103267,2026-07-17 05:34:00,2026-07-17 06:06:12.000000,12.59,32.2,Motorcycle,42,3.9,Low,Rain,Kalyan,4.39,False
TW102649,2026-07-07 11:11:00,2026-07-07 11:23:36.000000,2.44,12.6,Scooter,30,3.4,Medium,Clear,Dombivli,1.31,True
TW101698,2026-07-20 23:40:00,2026-07-20 23:44:00.000000,2.07,4.0,Motorcycle,37,4.5,High,Clear,Thane West,5.29,True
TW103435,2026-07-20 20:15:00,2026-07-20 20:27:00.000000,3.47,12.0,Scooter,21,4.0,High,Clear,Ghodbunder Road,0.73,True
TW102714,2026-07-08 07:39:00,2026-07-08 08:00:30.000000,7.94,21.5,Motorcycle,24,4.4,Low,Clear,Thane West,2.57,True
TW101590,2026-07-02 13:30:00,2026-07-02 13:34:00.000000,1.35,4.0,Motorcycle,35,4.4,Medium,Clear,Mulund,2.71,True
TW100329,2026-07-26 14:39:00,2026-07-26 14:49:48.000000,4.28,10.8,Scooter,43,4.5,Low,Rain,Kalyan,0.48,True
TW100394,2026-07-14 18:09:00,2026-07-14 18:26:48.000000,5.0,17.8,Scooter,34,4.7,Medium,Overcast,Vashi,0.38,True
TW104173,2026-07-16 13:02:00,2026-07-16 13:06:00.000000,1.11,4.0,Motorcycle,23,4.3,Low,Clear,Bhandup,1.78,True
TW102393,2026-07-08 08:15:00,2026-07-08 08:40:12.000000,7.09,25.2,Motorcycle,36,4.9,High,Overcast,Navi Mumbai,1.54,False
TW103989,2026-07-20 22:32:00,2026-07-20 22:42:18.000000,3.45,10.3,Scooter,27,4.5,Medium,Clear,Thane West,0.92,True
TW102389,2026-07-12 05:01:00,2026-07-12 05:05:00.000000,2.25,4.0,Motorcycle,19,4.1,Medium,Clear,Ghodbunder Road,1.31,True
TW100418,2026-07-20 19:27:00,2026-07-20 19:33:42.000000,1.52,6.7,scooter ,44,4.2,Medium,Clear,Thane West,0.59,True
TW101960,2026-07-09 06:20:00,2026-07-09 06:28:12.000000,1.69,8.2,motorbike,42,5.0,High,Clear,Mumbra,0.82,True
TW103691,2026-07-22 00:54:00,2026-07-22 01:05:12.000000,5.55,11.2,Motorcycle,26,,High,Clear,Ghodbunder Road,0.21,True
TW100275,2026-07-20 04:21:00,2026-07-20 05:12:06.000000,13.37,51.1,Motorcycle,33,3.7,High,Clear,Airoli,3.13,False
TW102110,2026-07-16 13:25:00,2026-07-16 13:35:18.000000,3.96,10.3,Motorcycle,23,5.0,High,Overcast,Mulund,3.23,True
TW100758,2026-07-04 10:24:00,2026-07-04 10:31:42.000000,4.34,7.7,Scooter,44,4.0,Low,Clear,Ghodbunder Road,6.38,True
TW104073,2026-07-15 14:21:00,2026-07-15 14:25:00.000000,2.12,4.0,Scooter,41,4.8,,Clear,Mumbra,5.19,True
TW104510,2026-07-05 22:20:00,2026-07-05 22:25:48.000000,2.4,5.8,Motorcycle,41,4.3,Low,,Kalyan,0.2,True
TW104713,2026-07-28 22:21:00,2026-07-28 22:29:06.000000,1.79,8.1,Motorcycle,38,,Medium,Clear,Kalyan,4.45,True
TW100539,2026-07-22 01:24:00,2026-07-22 01:34:24.000000,2.67,10.4,Electric Scooter,32,4.3,High,Rain,Navi Mumbai,5.41,True
TW102390,2026-07-25 23:48:00,2026-07-26 00:04:12.000000,7.65,16.2,Electric Scooter,33,4.9,Low,Clear,Navi Mumbai,1.03,True
TW100463,2026-07-23 04:11:00,2026-07-23 04:36:42.000000,7.24,25.7,Motorcycle,30,4.3,Low,Rain,Dombivli,0.2,False
TW100328,2026-07-07 05:06:00,2026-07-07 05:14:24.000000,4.67,8.4,Scooter,27,4.3,Medium,Clear,Vashi,,True
TW102829,2026-07-12 16:18:00,2026-07-12 16:27:06.000000,1.81,-7.797463116398265,Scooter,25,4.9,Low,Rain,Kalyan,0.42,True
TW103633,2026-07-30 05:30:00,2026-07-30 05:34:00.000000,1.37,4.0,Motorcycle,30,5.0,High,Clear,Vashi,0.32,True
TW103721,2026-07-15 08:13:00,2026-07-15 08:23:24.000000,5.08,10.4,Scooter,38,4.1,Medium,,Mumbra,4.3,True
TW100502,2026-07-03 01:22:00,2026-07-03 01:29:18.000000,1.77,7.3,Motorcycle,39,4.1,Medium,Clear,Vashi,0.99,True
TW101619,2026-07-20 15:04:00,2026-07-20 15:08:00.000000,0.76,4.0,Motorcycle,28,4.2,Low,Clear,Vashi,0.4,True
TW101891,2026-07-25 15:14:00,2026-07-25 15:21:00.000000,3.65,7.0,scooter ,44,3.6,Low,Rain,Ghodbunder Road,2.29,True
TW104648,2026-07-21 00:53:00,2026-07-21 01:00:54.000000,2.01,7.9,Motorcycle,23,3.5,High,Clear,Mumbra,0.62,True
TW104271,2026-07-03 19:20:00,2026-07-03 19:31:30.000000,3.63,11.5,Motorcycle,31,4.2,Medium,Clear,Bhandup,0.2,True
TW100362,2026-07-02 19:43:00,2026-07-02 19:47:00.000000,0.87,4.0,Motorcycle,32,4.1,Low,Clear,Vashi,1.33,True
TW100579,2026-07-11 05:59:00,2026-07-11 06:03:00.000000,1.02,4.0,Motorcycle,33,4.3,,Clear,Ghodbunder Road,2.4,True
TW103392,2026-07-29 18:23:00,2026-07-29 18:49:36.000000,8.71,26.6,Scooter,33,4.6,Medium,Overcast,Navi Mumbai,1.26,False
TW104004,2026-07-20 02:39:00,2026-07-20 02:49:12.000000,2.82,10.2,Scooter,42,4.1,Medium,Clear,Dombivli,3.51,True
TW103458,2026-07-10 15:45:00,2026-07-10 15:55:48.000000,3.73,10.8,Electric Scooter,24,5.0,Low,Clear,Mumbra,3.61,True
TW104637,2026-07-20 09:49:00,2026-07-20 10:00:00.000000,1.2,11.0,Motorcycle,30,4.7,Medium,Overcast,Thane West,0.2,True
TW104653,2026-07-24 18:31:00,2026-07-24 18:35:00.000000,1.56,4.0,Motorcycle,27,4.4,Medium,Clear,Kalyan,7.54,True
TW102140,2026-07-28 05:48:00,2026-07-28 06:05:30.000000,5.65,17.5,Motorcycle,20,4.3,High,Clear,Kalyan,1.13,True
TW100467,2026-07-11 07:01:00,2026-07-11 07:17:54.000000,7.16,16.9,Scooter,30,4.7,Low,Clear,Bhandup,0.91,True
TW104507,2026-07-10 09:05:00,2026-07-10 09:22:36.000000,7.67,17.6,Motorcycle,20,4.8,Low,Clear,Mumbra,4.22,True
TW103673,2026-07-02 18:16:00,2026-07-02 18:34:12.000000,6.17,18.2,Scooter,37,4.8,High,Clear,Bhandup,4.75,True
TW103729,2026-07-28 01:18:00,2026-07-28 01:23:18.000000,1.26,5.3,Motorcycle,19,4.0,Medium,Clear,Vashi,0.9,True
TW100247,2026-07-28 20:52:00,2026-07-28 21:12:06.000000,6.7,20.1,Electric Scooter,34,3.9,Low,Overcast,Ghodbunder Road,7.75,True
TW103725,2026-07-26 09:18:00,2026-07-26 09:23:00.000000,2.69,5.0,Scooter,28,4.2,High,Rain,Navi Mumbai,5.04,True
TW104981,2026-07-26 03:55:00,2026-07-26 04:09:00.000000,5.73,14.0,Scooter,28,4.1,Medium,Clear,Dombivli,1.54,True
TW104122,2026-07-21 06:58:00,2026-07-21 07:12:18.000000,5.68,14.3,Motorcycle,44,4.4,Medium,Overcast,Mumbra,0.74,True
TW100965,2026-07-08 06:21:00,2026-07-08 06:39:36.000000,5.68,18.6,Motorcycle,37,4.1,High,Clear,Bhandup,2.06,True
TW103136,2026-07-23 21:30:00,2026-07-23 21:54:18.000000,7.55,24.3,Scooter,38,4.1,Medium,Clear,Mulund,0.45,True
TW104665,2026-07-11 15:48:00,2026-07-11 16:09:00.000000,6.22,21.0,Electric Scooter,33,4.8,Medium,Clear,Airoli,0.37,True
TW102962,2026-07-12 23:51:00,2026-07-12 23:55:12.000000,2.69,4.2,Scooter,29,4.0,Medium,Clear,Thane West,1.63,True
TW104616,2026-07-17 15:49:00,2026-07-17 16:02:54.000000,4.3,13.9,Motorcycle,37,4.2,Low,Clear,Vashi,0.68,True
TW100530,2026-07-17 14:16:00,2026-07-17 14:20:00.000000,2.49,4.0,Motorcycle,37,5.0,Low,Clear,Thane West,0.29,True
TW101065,2026-07-23 18:49:00,2026-07-23 19:09:12.000000,6.85,20.2,Motorcycle,29,4.3,Medium,Rain,Thane West,0.43,True
TW102448,2026-07-22 18:08:00,2026-07-22 18:35:00.000000,5.75,27.0,Scooter,24,4.4,High,Clear,Vashi,0.72,False
TW100799,2026-07-29 07:39:00,2026-07-29 07:43:00.000000,1.93,4.0,Scooter,27,4.8,Medium,Rain,Mumbra,5.44,True
TW100710,2026-07-24 23:31:00,2026-07-24 23:35:42.000000,3.25,4.7,Motorcycle,36,3.9,Medium,Rain,Mulund,0.95,True
TW103019,2026-07-13 04:54:00,2026-07-13 05:09:48.000000,5.02,15.8,Motorcycle,25,4.5,Medium,Overcast,Vashi,0.35,True
TW102776,2026-07-20 03:52:00,2026-07-20 04:16:54.000000,10.83,24.9,Scooter,24,4.2,High,Clear,Airoli,0.2,True
TW101407,2026-07-07 03:01:00,2026-07-07 03:15:36.000000,4.81,14.6,Electric Scooter,36,4.5,Medium,Rain,Thane West,2.06,True
TW104964,2026-07-18 15:04:00,2026-07-18 15:20:00.000000,4.15,16.0,Scooter,25,4.3,Low,Rain,Thane West,1.39,True
TW103087,2026-07-19 02:19:00,2026-07-19 02:39:00.000000,6.41,20.0,Motorcycle,38,3.8,Low,Overcast,Mumbra,9.52,True
TW103099,2026-07-01 10:21:00,2026-07-01 10:28:30.000000,3.7,7.5,Scooter,40,4.3,Medium,Clear,Mulund,0.33,True
TW101947,2026-07-19 03:34:00,2026-07-19 03:38:00.000000,1.78,4.0,Motorcycle,23,4.7,Medium,Clear,Vashi,1.03,True
TW101068,2026-07-16 02:25:00,2026-07-16 02:46:36.000000,7.12,21.6,Motorcycle,24,4.0,Medium,Clear,Dombivli,5.18,True
TW102994,2026-07-30 09:14:00,2026-07-30 09:24:18.000000,6.5,10.3,Scooter,36,4.3,,Rain,Ghodbunder Road,2.01,True
TW101308,2026-07-10 07:45:00,2026-07-10 08:02:12.000000,6.09,17.2,Motorcycle,22,4.3,Medium,Overcast,Vashi,6.27,True
TW100414,2026-07-20 12:17:00,2026-07-20 12:34:18.000000,6.7,17.3,Scooter,35,4.6,Low,Clear,Dombivli,1.19,True
TW101007,2026-07-25 18:26:00,2026-07-25 18:33:18.000000,1.4,7.3,Scooter,40,4.0,Medium,Clear,Airoli,5.18,True
TW104777,2026-07-27 23:09:00,2026-07-27 23:19:06.000000,3.64,10.1,Motorcycle,20,4.7,High,Clear,Bhandup,0.55,True
TW100004,2026-07-24 19:58:00,2026-07-24 19:45:21.994688,4.36,16.2,Scooter,40,4.3,High,Rain,Ghodbunder Road,7.99,True
TW101311,2026-07-14 19:37:00,2026-07-14 19:45:30.000000,2.57,8.5,Scooter,23,4.2,High,Rain,Dombivli,4.14,True
TW104448,2026-07-09 22:43:00,2026-07-09 22:57:30.000000,4.22,14.5,Motorcycle,28,4.9,High,Clear,Mumbra,2.09,True
TW102078,2026-07-14 09:11:00,2026-07-14 09:24:00.000000,3.51,13.0,Electric Scooter,41,4.3,High,Overcast,Bhandup,0.2,True
TW102209,2026-07-10 11:20:00,2026-07-10 11:38:00.000000,6.95,18.0,2-Wheeler,32,4.2,High,Clear,Ghodbunder Road,0.22,True
TW101949,2026-07-10 13:57:00,2026-07-10 14:01:54.000000,1.38,4.9,Scooter,22,4.3,High,Clear,Bhandup,0.29,True
TW102004,2026-07-01 19:35:00,2026-07-01 19:46:42.000000,5.58,11.7,Electric Scooter,20,4.0,Medium,Clear,Dombivli,6.26,True
TW100832,2026-07-14 02:42:00,2026-07-14 02:46:42.000000,2.26,4.7,Motorcycle,38,4.1,High,Clear,Navi Mumbai,3.85,True
TW104444,2026-07-25 01:26:00,2026-07-25 01:54:30.000000,9.81,28.5,Motorcycle,31,4.5,Low,Clear,Ghodbunder Road,0.39,False
TW104609,2026-07-29 19:38:00,2026-07-29 19:42:00.000000,0.86,4.0,Scooter,23,4.0,High,Clear,Ghodbunder Road,2.2,True
TW103787,2026-07-09 18:35:00,2026-07-09 18:49:18.000000,4.83,14.3,Scooter,20,4.4,High,Clear,Airoli,0.85,True
TW104482,2026-07-21 17:19:00,2026-07-21 17:29:06.000000,3.12,10.1,Motorcycle,41,3.9,Low,Clear,Kalyan,3.03,True
TW104120,2026-07-22 18:43:00,2026-07-22 19:05:18.000000,4.58,22.3,Scooter,40,4.1,Low,Clear,Mumbra,1.77,True
TW100137,2026-07-06 16:59:00,2026-07-06 17:06:12.000000,2.14,7.2,Scooter,25,4.3,Medium,Rain,Mulund,0.52,True
TW101102,2026-07-26 22:48:00,2026-07-26 22:52:00.000000,1.36,4.0,Motorcycle,22,4.0,Low,Rain,Airoli,0.92,True
TW104474,2026-07-20 19:17:00,2026-07-20 19:22:48.000000,1.51,5.8,Scooter,41,4.4,Low,Clear,Thane West,0.84,True
TW100161,2026-07-27 18:21:00,2026-07-27 18:26:18.000000,2.69,5.3,Scooter,44,4.7,,Clear,Kalyan,1.54,True
TW103983,2026-07-06 14:17:00,2026-07-06 14:34:06.000000,6.89,17.1,Electric Scooter,29,4.4,High,Clear,Navi Mumbai,0.2,True
TW100778,2026-07-15 16:31:00,2026-07-15 16:37:42.000000,1.42,6.7,Electric Scooter,30,4.3,Medium,Rain,Ghodbunder Road,1.92,True
TW103224,2026-07-12 04:05:00,2026-07-12 04:11:06.000000,1.02,6.1,Scooter,31,4.1,Low,Clear,Mumbra,4.12,True
TW101336,2026-07-29 23:54:00,2026-07-30 00:15:30.000000,7.73,21.5,Electric Scooter,24,3.9,Low,Clear,Thane West,0.23,True
TW102853,2026-07-22 05:22:00,2026-07-22 05:34:24.000000,3.99,12.4,Scooter,42,4.3,Medium,Clear,Dombivli,1.03,True
TW102582,2026-07-16 00:59:00,2026-07-16 01:08:06.000000,4.98,9.1,Scooter,37,4.3,Medium,Rain,Airoli,3.65,True
TW100670,2026-07-14 12:30:00,2026-07-14 12:35:18.000000,2.06,5.3,Motorcycle,25,4.1,High,Clear,Mumbra,3.84,True
TW101481,2026-07-29 06:46:00,2026-07-29 07:07:06.000000,5.89,21.1,Scooter,43,4.2,Low,Clear,Mulund,1.37,True
TW103533,2026-07-19 21:27:00,2026-07-19 21:37:30.000000,2.47,10.5,Bike,36,5.0,High,Clear,Airoli,1.72,True
TW102418,2026-07-14 14:04:00,2026-07-14 14:16:18.000000,3.73,12.3,Motorcycle,25,3.9,Low,Rain,Navi Mumbai,2.58,True
TW103032,2026-07-28 06:34:00,2026-07-28 06:38:42.000000,1.3,4.7,Scooter,43,3.3,Medium,Clear,Kalyan,1.58,True
TW104273,2026-07-14 16:37:00,2026-07-14 16:48:54.000000,3.22,11.9,Scooter,28,4.3,Medium,Overcast,Dombivli,0.46,True
TW103581,2026-07-10 08:23:00,2026-07-10 08:48:06.000000,11.61,25.1,Scooter,27,4.4,Low,Clear,Vashi,3.77,False
TW104572,2026-07-13 21:15:00,2026-07-13 21:31:48.000000,5.44,16.8,Scooter,34,4.2,High,Clear,Vashi,0.48,True
TW103156,2026-07-10 14:02:00,2026-07-10 14:11:54.000000,2.81,9.9,Scooter,25,4.2,High,Clear,Kalyan,0.2,True
TW101045,2026-07-06 14:36:00,2026-07-06 14:47:18.000000,2.45,11.3,Scooter,29,4.7,Medium,,Navi Mumbai,1.73,True
TW100913,2026-07-27 21:25:00,2026-07-27 21:37:24.000000,4.22,12.4,Scooter,25,4.0,Low,Rain,Vashi,0.64,True
TW102085,2026-07-13 18:30:00,2026-07-13 18:46:18.000000,4.66,16.3,Electric Scooter,37,4.7,Medium,Overcast,Ghodbunder Road,1.09,True
TW103864,2026-07-30 07:16:00,2026-07-30 07:20:00.000000,1.8,4.0,Scooter,28,4.2,Medium,Overcast,Bhandup,0.9,True
TW101346,2026-07-17 11:50:00,2026-07-17 11:54:00.000000,1.83,4.0,scooter ,39,4.5,High,Rain,Ghodbunder Road,2.09,True
TW100145,2026-07-23 20:02:00,2026-07-23 20:06:00.000000,1.51,4.0,Scooter,24,4.2,High,Clear,Vashi,1.71,True
TW103744,2026-07-28 19:29:00,2026-07-28 19:36:12.000000,2.01,7.2,Motorcycle,26,4.0,High,Rain,Airoli,0.43,True
TW101626,2026-07-04 05:33:00,2026-07-04 05:45:54.000000,2.2,12.9,Motorcycle,37,3.6,Medium,Clear,Dombivli,0.84,True
TW104369,2026-07-15 10:13:00,2026-07-15 10:24:42.000000,2.02,11.7,Motorcycle,43,,High,Clear,Airoli,0.68,True
TW104540,2026-07-02 13:09:00,2026-07-02 13:43:18.000000,13.35,34.3,Scooter,21,3.8,Low,Clear,Vashi,2.94,False
TW100266,2026-07-11 07:41:00,2026-07-11 07:47:48.000000,2.56,6.8,Motorcycle,25,4.8,Medium,Rain,Ghodbunder Road,0.7,True
TW102006,2026-07-05 05:47:00,2026-07-05 05:51:24.000000,0.72,4.4,Motorcycle,36,4.5,Low,Overcast,Ghodbunder Road,1.26,True
TW103245,2026-07-12 06:34:00,2026-07-12 06:40:54.000000,3.67,6.9,Motorcycle,40,4.4,Medium,Clear,Mulund,1.85,True
TW100881,2026-07-21 15:06:00,2026-07-21 15:24:24.000000,5.17,18.4,Scooter,34,4.3,High,Overcast,Mulund,2.59,True
TW101723,2026-07-18 13:31:00,2026-07-18 13:41:30.000000,2.19,10.5,Electric Scooter,24,4.3,Medium,Rain,Bhandup,0.9,True
TW103180,2026-07-24 13:08:00,2026-07-24 13:19:00.000000,5.24,11.0,Scooter,29,4.1,Low,Rain,Thane West,4.33,True
TW100684,2026-07-12 20:07:00,2026-07-12 20:19:24.000000,3.5,12.4,Scooter,37,3.4,High,Clear,Thane West,1.77,True
TW102183,2026-07-30 15:37:00,2026-07-30 15:42:18.000000,2.48,5.3,Scooter,27,4.1,Medium,Clear,Vashi,1.38,True
TW102288,2026-07-09 01:06:00,2026-07-09 01:17:24.000000,4.18,11.4,Motorcycle,29,4.0,Medium,Rain,Thane West,3.7,True
TW102525,2026-07-27 01:34:00,2026-07-27 01:44:18.000000,3.2,-11.205638377907524,Motorcycle,42,5.0,Low,Rain,Ghodbunder Road,5.38,True
TW102785,2026-07-09 11:17:00,2026-07-09 11:21:18.000000,1.06,4.3,Electric Scooter,40,3.9,High,Rain,Kalyan,5.43,True
TW101245,2026-07-18 04:07:00,2026-07-18 04:19:36.000000,3.2,12.6,Scooter,29,4.1,Medium,Clear,Bhandup,3.14,True
TW100071,2026-07-16 09:56:00,2026-07-16 10:11:30.000000,5.93,15.5,Scooter,37,3.8,Medium,Rain,Ghodbunder Road,0.8,True
TW103834,2026-07-03 22:35:00,2026-07-03 23:00:48.000000,7.19,25.8,Electric Scooter,41,3.9,Low,Clear,Bhandup,1.64,False
TW100124,2026-07-05 10:20:00,2026-07-05 10:38:48.000000,4.96,18.8,Scooter,24,4.7,High,Clear,Airoli,5.42,True
TW101522,2026-07-23 16:24:00,2026-07-23 16:28:00.000000,1.91,4.0,Scooter,36,4.2,Medium,Rain,Mulund,1.15,True
TW101476,2026-07-15 17:29:00,2026-07-15 17:33:00.000000,1.59,4.0,Motorcycle,38,4.4,Low,Clear,Navi Mumbai,2.3,True
TW104649,2026-07-24 03:00:00,2026-07-24 03:19:12.000000,6.67,19.2,Scooter,21,4.2,Medium,Clear,Ghodbunder Road,0.81,True
TW102337,2026-07-05 10:32:00,2026-07-05 10:39:30.000000,2.47,7.5,Scooter,28,4.8,Low,Rain,Thane West,3.78,True
TW100085,2026-07-27 17:02:00,2026-07-27 17:26:30.000000,7.49,24.5,Scooter,27,4.2,High,Overcast,Vashi,4.08,True
TW102063,2026-07-27 09:27:00,2026-07-27 09:32:24.000000,1.97,5.4,Motorcycle,43,4.5,High,Clear,Dombivli,0.2,True
TW102134,2026-07-04 09:36:00,2026-07-04 09:41:30.000000,3.43,5.5,Scooter,42,4.1,Low,Clear,Mulund,0.2,True
TW101472,2026-07-01 09:19:00,2026-07-01 09:31:54.000000,3.84,12.9,Motorcycle,28,4.4,Medium,,Mumbra,2.79,True
TW100075,2026-07-09 18:12:00,2026-07-09 18:16:00.000000,1.54,4.0,Motorcycle,28,4.1,Low,Overcast,Kalyan,1.28,True
TW103081,2026-07-14 03:04:00,2026-07-14 03:13:00.000000,4.89,9.0,Scooter,19,3.5,Low,Clear,Dombivli,3.93,True
TW103086,2026-07-29 02:20:00,2026-07-29 02:36:30.000000,5.11,16.5,Scooter,36,4.5,Medium,Clear,Airoli,4.37,True
TW102256,2026-07-27 21:42:00,2026-07-27 22:11:30.000000,7.42,29.5,Scooter,25,4.0,Medium,Overcast,Mumbra,3.86,False
TW103904,2026-07-07 02:04:00,2026-07-07 02:13:36.000000,6.22,9.6,bike,41,5.0,Medium,Clear,Airoli,0.81,True
TW102025,2026-07-05 00:46:00,2026-07-05 00:58:54.000000,5.75,12.9,Electric Scooter,37,3.9,Medium,Clear,Airoli,1.76,True
TW103300,2026-07-26 23:51:00,2026-07-26 23:55:00.000000,2.42,4.0,Electric Scooter,20,4.2,Low,Clear,Mumbra,2.71,True
TW103446,2026-07-05 07:36:00,2026-07-05 07:51:24.000000,4.76,15.4,Scooter,27,4.2,Medium,Rain,Kalyan,1.52,True
TW103804,2026-07-09 14:57:00,2026-07-09 15:07:42.000000,2.24,10.7,Scooter,27,4.5,Low,Clear,Navi Mumbai,5.05,True
TW103984,2026-07-30 11:41:00,2026-07-30 11:51:00.000000,4.32,10.0,Electric Scooter,25,3.6,High,Clear,Airoli,2.31,True
TW102665,2026-07-13 18:06:00,2026-07-13 18:16:00.000000,4.61,10.0,Motorcycle,36,3.6,High,Rain,Dombivli,1.41,True
TW103369,2026-07-20 13:52:00,2026-07-20 14:07:12.000000,6.69,15.2,Scooter,42,4.7,Medium,Clear,Airoli,2.92,True
TW101815,2026-07-06 20:51:00,2026-07-06 20:58:36.000000,3.55,7.6,Scooter,24,5.0,High,Clear,Bhandup,0.29,True
TW102437,2026-07-05 03:34:00,2026-07-05 03:42:24.000000,2.74,8.4,Motorcycle,43,4.9,Medium,Overcast,Bhandup,1.39,True
TW101942,2026-07-10 14:26:00,2026-07-10 14:30:00.000000,1.77,4.0,Electric Scooter,28,4.2,Low,Clear,Kalyan,1.24,True
TW100940,2026-07-21 20:02:00,2026-07-21 20:14:12.000000,3.96,12.2,Scooter,42,4.8,Low,Rain,Navi Mumbai,2.12,True
TW104198,2026-07-29 19:10:00,2026-07-29 19:31:12.000000,10.32,21.2,Motorcycle,38,5.0,Low,Clear,Airoli,0.71,True
TW100628,2026-07-28 23:26:00,2026-07-28 23:39:24.000000,3.51,13.4,Scooter,32,4.6,Medium,Overcast,Thane West,3.25,True
TW100182,2026-07-01 09:04:00,2026-07-01 09:15:48.000000,3.18,11.8,Scooter,41,3.8,High,Overcast,Bhandup,0.2,True
TW103586,2026-07-11 03:53:00,2026-07-11 03:57:00.000000,2.48,4.0,Electric Scooter,42,4.4,High,Rain,Thane West,6.47,True
TW102832,2026-07-01 08:48:00,2026-07-01 08:57:12.000000,4.65,9.2,Scooter,31,4.7,High,Clear,Airoli,0.58,True
TW103070,2026-07-06 20:24:00,2026-07-06 20:28:00.000000,3.27,4.0,Motorcycle,32,4.2,Medium,Clear,Vashi,3.16,True
TW101525,2026-07-25 06:29:00,2026-07-25 06:35:48.000000,3.93,6.8,Motorcycle,21,4.3,Low,Overcast,Kalyan,6.24,True
TW100259,2026-07-22 03:02:00,2026-07-22 03:06:30.000000,3.48,4.5,Electric Scooter,38,4.7,Low,Clear,Thane West,0.91,True
TW100680,2026-07-29 09:03:00,2026-07-29 09:11:48.000000,4.23,8.8,Scooter,35,3.5,High,Clear,Mumbra,2.2,True
TW101597,2026-07-25 16:26:00,2026-07-25 16:37:42.000000,3.09,11.7,Motorcycle,28,,Medium,Rain,Kalyan,0.88,True
TW103667,2026-07-12 21:16:00,2026-07-12 21:37:42.000000,9.21,21.7,Scooter,44,4.4,High,Clear,Mumbra,5.6,True
TW101881,2026-07-05 01:29:00,2026-07-05 01:48:06.000000,4.6,19.1,Scooter,32,4.4,Low,Clear,Navi Mumbai,0.32,True
TW104499,2026-07-16 11:56:00,2026-07-16 12:00:00.000000,1.3,4.0,Bike,36,3.7,High,Clear,Mulund,0.85,True
TW101258,2026-07-08 19:41:00,2026-07-08 19:46:42.000000,2.23,5.7,Motorcycle,44,4.3,Medium,Rain,Mulund,3.3,True
TW101821,2026-07-18 09:34:00,2026-07-18 09:46:06.000000,5.04,12.1,Scooter,20,4.9,High,Overcast,Vashi,0.33,True
TW104012,2026-07-17 18:30:00,2026-07-17 18:45:54.000000,4.97,15.9,Motorcycle,24,3.9,High,Overcast,Bhandup,2.67,True
TW104146,2026-07-10 00:53:00,2026-07-10 01:01:12.000000,2.24,8.2,Motorcycle,24,3.4,Low,Rain,Dombivli,3.15,True
TW102966,2026-07-03 10:11:00,2026-07-03 10:35:18.000000,9.98,24.3,2-Wheeler,22,3.4,Medium,Clear,Kalyan,3.54,True
TW102398,2026-07-19 23:57:00,2026-07-20 00:04:06.000000,4.68,7.1,Scooter,22,4.4,High,Clear,Navi Mumbai,0.2,True
TW101536,2026-07-18 10:04:00,2026-07-18 10:16:24.000000,5.87,12.4,Scooter,24,3.6,Low,Overcast,Kalyan,0.34,True
TW103324,2026-07-11 11:29:00,2026-07-11 12:02:42.000000,10.35,33.7,Motorcycle,26,4.7,Medium,Clear,Navi Mumbai,0.2,False
TW100081,2026-07-04 01:05:00,2026-07-04 01:09:00.000000,1.84,4.0,Scooter,25,4.2,High,Overcast,Vashi,0.42,True
TW101216,2026-07-02 01:27:00,2026-07-02 01:46:06.000000,5.4,19.1,Electric Scooter,34,3.7,Low,Clear,Navi Mumbai,2.5,True
TW100565,2026-07-26 03:45:00,2026-07-26 03:49:06.000000,1.8,4.1,Motorcycle,20,4.9,Medium,Clear,Kalyan,0.43,True
TW102738,2026-07-22 14:05:00,2026-07-22 14:20:42.000000,5.53,15.7,Scooter,43,4.2,Medium,Clear,Vashi,1.38,True
TW101835,2026-07-24 04:54:00,2026-07-24 05:04:36.000000,5.13,10.6,Scooter,25,5.0,Low,Clear,Navi Mumbai,0.2,True
TW101432,2026-07-11 13:37:00,2026-07-11 14:08:18.000000,9.69,31.3,Scooter,20,4.1,Medium,Rain,Dombivli,2.88,False
TW100457,2026-07-26 03:57:00,2026-07-26 04:11:36.000000,4.81,14.6,Motorcycle,38,4.1,Low,Overcast,Airoli,1.3,True
TW104552,2026-07-20 22:11:00,2026-07-20 22:29:48.000000,3.68,18.8,Scooter,32,4.5,Medium,Clear,Vashi,4.36,True
TW102872,2026-07-18 09:44:00,2026-07-18 09:52:12.000000,2.95,8.2,Motorcycle,20,4.5,Medium,Rain,Airoli,0.51,True
TW103676,2026-07-05 17:25:00,2026-07-05 17:37:36.000000,6.61,12.6,Scooter,44,4.1,High,Clear,Dombivli,0.2,True
TW104591,2026-07-27 16:43:00,2026-07-27 17:22:30.000000,11.96,39.5,Motorcycle,37,3.6,Medium,Clear,Thane West,0.79,False
TW101380,2026-07-11 05:09:00,2026-07-11 05:37:18.000000,9.69,28.3,Electric Scooter,40,4.9,High,Rain,Kalyan,0.34,False
TW104697,2026-07-21 05:17:00,2026-07-21 05:46:24.000000,9.41,29.4,Scooter,28,4.0,Low,Clear,Mumbra,2.6,False
TW101178,2026-07-04 13:30:00,2026-07-04 13:34:00.000000,1.38,4.0,Motorcycle,23,4.5,Low,Clear,Ghodbunder Road,0.92,True
TW104917,2026-07-03 22:20:00,2026-07-03 22:51:12.000000,6.69,31.2,Scooter,35,4.5,Medium,Clear,Vashi,0.6,False
TW100887,2026-07-21 02:56:00,2026-07-21 03:16:54.000000,4.41,20.9,Motorcycle,33,4.6,High,Clear,Airoli,2.31,True
TW101728,2026-07-07 14:22:00,2026-07-07 14:26:00.000000,0.75,4.0,Scooter,30,4.3,Medium,Clear,Bhandup,0.2,True
TW104449,2026-07-20 04:56:00,2026-07-20 05:10:48.000000,4.43,14.8,Scooter,27,4.5,High,Clear,Airoli,1.27,True
TW103905,2026-07-28 03:47:00,2026-07-28 03:55:18.000000,3.23,8.3,Scooter,29,4.0,Low,Clear,Mulund,0.23,True
TW104255,2026-07-26 08:51:00,2026-07-26 08:55:00.000000,2.69,4.0,Motorcycle,42,4.4,High,Clear,Vashi,6.31,True
TW102547,2026-07-15 14:33:00,2026-07-15 14:46:18.000000,3.74,13.3,Scooter,36,4.9,Medium,Overcast,Navi Mumbai,1.59,True
TW101486,2026-07-30 12:12:00,2026-07-30 12:17:54.000000,1.59,5.9,Electric Scooter,33,4.4,Medium,Rain,Thane West,0.35,True
TW103106,2026-07-29 00:15:00,2026-07-29 00:29:30.000000,5.59,14.5,Motorcycle,36,4.5,High,Overcast,Thane West,0.2,True
TW104978,2026-07-28 06:35:00,2026-07-28 06:49:12.000000,4.48,14.2,Motorcycle,24,4.7,High,Clear,Vashi,0.51,True
TW103566,2026-07-16 03:03:00,2026-07-16 03:20:00.000000,4.46,17.0,2-Wheeler,21,3.7,High,Clear,Dombivli,0.8,True
TW102442,2026-07-20 06:03:00,2026-07-20 06:08:18.000000,2.61,5.3,Scooter,22,4.2,Low,Clear,Dombivli,3.52,True
TW102352,2026-07-10 04:17:00,2026-07-10 04:26:54.000000,4.29,9.9,Motorcycle,32,4.0,Low,Clear,Bhandup,0.7,True
TW100309,2026-07-29 19:43:00,2026-07-29 19:47:00.000000,1.28,4.0,Electric Scooter,35,3.9,High,Clear,Airoli,2.77,True
TW104760,2026-07-10 14:34:00,2026-07-10 14:39:30.000000,3.31,5.5,Electric Scooter,40,4.7,Low,Clear,Ghodbunder Road,2.44,True
TW100558,2026-07-29 11:45:00,2026-07-29 11:55:12.000000,4.73,10.2,Scooter,40,5.0,Medium,Clear,Dombivli,0.33,True
TW102896,2026-07-14 02:39:00,2026-07-14 02:44:24.000000,2.6,5.4,Scooter,33,4.9,Medium,Overcast,Kalyan,0.2,True
TW100269,2026-07-23 02:21:00,2026-07-23 02:38:18.000000,7.09,17.3,2-Wheeler,29,4.0,Low,Clear,Airoli,0.88,True
TW100511,2026-07-03 09:56:00,2026-07-03 10:09:42.000000,0.0,13.7,Motorcycle,42,4.1,Medium,Clear,Kalyan,1.08,True
TW100484,2026-07-16 08:30:00,2026-07-16 08:43:00.000000,4.79,13.0,Motorcycle,36,4.0,Medium,Clear,Mulund,0.2,True
TW104453,2026-07-24 04:18:00,2026-07-24 04:29:18.000000,3.34,11.3,Motorcycle,36,3.9,Low,Clear,Kalyan,0.74,True
TW103816,2026-07-05 20:05:00,2026-07-05 20:09:00.000000,2.3,4.0,Scooter,20,3.4,Low,Clear,Thane West,1.65,True
TW100951,2026-07-10 11:20:00,2026-07-10 11:26:06.000000,2.43,6.1,Electric Scooter,28,4.7,Low,Clear,Airoli,8.68,True
TW100636,2026-07-24 00:14:00,2026-07-24 00:29:30.000000,7.04,15.5,Scooter,28,4.4,Medium,Clear,Thane West,,True
TW102404,2026-07-28 07:07:00,2026-07-28 07:23:24.000000,4.02,16.4,Motorcycle,24,4.5,Low,Clear,Ghodbunder Road,2.18,True
TW100370,2026-07-25 11:30:00,2026-07-25 11:35:54.000000,2.27,5.9,Scooter,22,4.3,,Clear,Kalyan,8.11,True
TW101238,2026-07-24 09:24:00,2026-07-24 09:37:36.000000,4.74,13.6,Scooter,19,4.1,Low,Clear,Kalyan,0.6,True
TW101656,2026-07-17 19:51:00,2026-07-17 20:16:48.000000,6.92,25.8,Scooter,24,4.4,Medium,Rain,Ghodbunder Road,1.69,False
TW100116,2026-07-11 13:18:00,2026-07-11 13:30:30.000000,2.44,12.5,Scooter,32,4.3,Low,Clear,Airoli,3.38,True
TW102309,2026-07-18 05:36:00,2026-07-18 05:40:54.000000,1.45,4.9,Scooter,30,4.1,Medium,Rain,Navi Mumbai,0.29,True
TW104746,2026-07-16 15:06:00,2026-07-16 15:14:48.000000,3.21,8.8,Electric Scooter,33,3.6,Medium,Rain,Bhandup,2.97,True
TW103738,2026-07-25 06:33:00,2026-07-25 06:40:42.000000,1.27,7.7,Motorcycle,29,5.0,Medium,Rain,Vashi,4.55,True
TW103769,2026-07-11 18:16:00,2026-07-11 18:26:30.000000,3.89,10.5,Motorcycle,22,4.8,Low,Overcast,Airoli,2.17,True
TW100922,2026-07-18 05:21:00,2026-07-18 05:25:00.000000,2.24,4.0,Scooter,26,4.8,,Clear,Ghodbunder Road,1.08,True
TW102542,2026-07-03 00:59:00,2026-07-03 01:03:48.000000,1.78,4.8,Scooter,27,4.5,Medium,Clear,Navi Mumbai,1.66,True
TW101062,2026-07-15 06:24:00,2026-07-15 06:28:30.000000,1.61,4.5,Scooter,34,4.6,Medium,Clear,Mumbra,0.7,True
TW100408,2026-07-15 16:13:00,2026-07-15 16:18:42.000000,3.78,5.7,Scooter,28,5.0,Low,Clear,Airoli,3.64,True
TW101919,2026-07-27 21:44:00,2026-07-27 22:08:06.000000,7.13,24.1,Scooter,38,4.7,Medium,Rain,Vashi,0.39,True
TW103391,2026-07-15 21:37:00,2026-07-15 21:41:18.000000,2.02,4.3,Scooter,27,3.8,Medium,Rain,Vashi,0.2,True
TW104054,2026-07-07 14:09:00,2026-07-07 14:24:24.000000,3.84,15.4,Electric Scooter,34,4.1,Low,Clear,Ghodbunder Road,,True
TW104807,2026-07-02 05:18:00,2026-07-02 05:22:00.000000,1.38,4.0,Motorcycle,29,4.2,Medium,Rain,Dombivli,0.23,True
TW100224,2026-07-06 00:48:00,2026-07-06 00:53:18.000000,2.75,5.3,Scooter,34,4.0,Medium,Clear,Mumbra,2.77,True
TW102125,2026-07-01 16:54:00,2026-07-01 16:58:00.000000,1.76,4.0,Motorcycle,20,4.1,Medium,Rain,Mumbra,0.61,True
TW101180,2026-07-06 17:41:00,2026-07-06 17:51:00.000000,3.34,10.0,Motorcycle,31,4.7,High,Clear,Bhandup,0.2,True
TW101730,2026-07-01 22:51:00,2026-07-01 23:15:48.000000,5.98,24.8,Scooter,27,4.1,Low,Clear,Airoli,0.2,True
TW104183,2026-07-16 02:41:00,2026-07-16 02:51:24.000000,3.29,10.4,Motorcycle,32,4.2,Low,Clear,Vashi,3.87,True
TW104714,2026-07-17 21:40:00,2026-07-17 21:54:54.000000,4.84,14.9,Scooter,37,3.8,High,Rain,Bhandup,0.2,True
TW103784,2026-07-15 14:54:00,2026-07-15 15:02:30.000000,2.37,8.5,Scooter,32,4.9,Low,Clear,Mulund,2.34,True
TW102116,2026-07-13 11:23:00,2026-07-13 11:39:24.000000,6.38,16.4,Motorcycle,41,4.1,High,Clear,Dombivli,0.29,True
TW103575,2026-07-14 09:15:00,2026-07-14 09:21:30.000000,3.37,6.5,2-Wheeler,29,5.0,Low,Overcast,Ghodbunder Road,0.2,True
TW103997,2026-07-23 18:20:00,2026-07-23 18:33:48.000000,6.06,13.8,Scooter,32,4.0,High,Rain,Bhandup,1.85,True
TW102604,2026-07-07 19:50:00,2026-07-07 20:26:36.000000,12.32,36.6,Scooter,29,4.7,High,Clear,Kalyan,5.44,False
TW100632,2026-07-03 09:11:00,2026-07-03 09:15:00.000000,1.07,4.0,Scooter,41,4.2,Low,Clear,Thane West,5.38,True
TW104734,2026-07-21 04:22:00,2026-07-21 04:36:12.000000,8.51,14.2,scooter ,41,4.2,High,Overcast,Dombivli,0.5,True
TW100633,2026-07-27 17:16:00,2026-07-27 17:23:24.000000,2.92,7.4,Scooter,34,4.1,High,Clear,Mulund,0.37,True
TW103040,2026-07-24 08:03:00,2026-07-24 08:30:36.000000,8.79,27.6,Scooter,28,4.3,Low,Overcast,Ghodbunder Road,3.03,False
TW100039,2026-07-14 00:57:00,2026-07-14 01:07:18.000000,2.2,10.3,Motorcycle,21,4.1,Medium,Clear,Navi Mumbai,2.97,True
TW103007,2026-07-12 01:34:00,2026-07-12 01:46:54.000000,3.75,12.9,Motorcycle,35,4.6,Medium,Clear,Navi Mumbai,1.26,True
TW101403,2026-07-05 00:51:00,2026-07-05 01:01:30.000000,2.55,10.5,Scooter,39,4.5,Medium,Clear,Kalyan,5.05,True
TW102539,2026-07-07 15:19:00,2026-07-07 15:30:36.000000,5.21,11.6,Motorcycle,41,3.9,High,Overcast,Dombivli,2.78,True
TW104462,2026-07-02 07:44:00,2026-07-02 07:48:54.000000,1.49,4.9,Motorcycle,41,4.8,Medium,Rain,Kalyan,0.62,True
TW102523,2026-07-07 08:55:00,2026-07-07 09:01:42.000000,0.99,6.7,e-scooter,32,4.2,High,Clear,Kalyan,1.37,True
TW103280,2026-07-16 13:22:00,2026-07-16 13:38:42.000000,4.74,16.7,Motorcycle,24,3.9,Medium,Clear,Dombivli,3.41,True
TW104467,2026-07-06 13:28:00,2026-07-06 13:39:12.000000,4.37,11.2,Motorcycle,30,3.6,Low,Rain,Kalyan,4.13,True
TW101747,2026-07-26 04:16:00,2026-07-26 04:22:54.000000,2.51,6.9,Motorcycle,21,4.8,High,Clear,Mulund,0.2,True
TW102284,2026-07-04 07:28:00,2026-07-04 07:53:36.000000,26.52121052558493,25.6,Motorcycle,24,4.4,Medium,Rain,Mulund,1.76,False
TW103338,2026-07-19 17:22:00,2026-07-19 17:42:12.000000,5.49,20.2,Electric Scooter,27,4.0,,Clear,Vashi,1.37,True
TW102860,2026-07-12 15:26:00,2026-07-12 15:39:42.000000,4.62,13.7,Scooter,23,4.3,Medium,Clear,Mulund,3.37,True
TW103972,2026-07-17 11:47:00,2026-07-17 12:00:54.000000,4.65,13.9,Scooter,26,3.3,Low,Rain,Kalyan,3.11,True
TW102192,2026-07-18 12:15:00,2026-07-18 12:36:00.000000,8.35,21.0,Electric Scooter,35,4.2,Medium,Clear,Mumbra,2.89,True
TW102477,2026-07-27 11:46:00,2026-07-27 11:57:30.000000,3.62,11.5,Motorcycle,24,4.8,Medium,Rain,Kalyan,0.27,True
TW100528,2026-07-17 20:20:00,2026-07-17 20:38:24.000000,3.32,18.4,Motorcycle,43,,Low,Clear,Thane West,3.65,True
TW104906,2026-07-07 16:52:00,2026-07-07 16:57:36.000000,2.59,5.6,Motorcycle,20,4.2,Medium,Clear,Ghodbunder Road,0.6,True
TW100421,2026-07-27 08:57:00,2026-07-27 09:09:12.000000,3.34,12.2,Scooter,20,4.4,Low,Clear,Mulund,8.53,True
TW103921,2026-07-02 08:57:00,2026-07-02 09:08:00.000000,2.5,11.0,Electric Scooter,30,4.7,Low,Clear,Airoli,0.45,True
TW100652,2026-07-07 18:09:00,2026-07-07 18:14:12.000000,3.36,5.2,Motorcycle,20,4.2,Low,Overcast,Thane West,1.89,True
TW104263,2026-07-11 18:05:00,2026-07-11 18:09:30.000000,1.52,4.5,Scooter,41,3.5,Medium,Rain,Airoli,,True
TW104871,2026-07-05 18:41:00,2026-07-05 19:05:30.000000,5.92,24.5,Electric Scooter,37,4.9,Low,Clear,Ghodbunder Road,4.31,True
TW103409,2026-07-07 01:04:00,2026-07-07 01:08:00.000000,0.88,-6.294768679647792,Scooter,29,4.9,Low,Overcast,Airoli,0.45,True
TW104368,2026-07-24 05:52:00,2026-07-24 05:57:54.000000,4.15,5.9,Motorcycle,23,4.4,Medium,Rain,Ghodbunder Road,1.33,True
TW101298,2026-07-15 03:08:00,2026-07-15 03:15:48.000000,2.52,7.8,Scooter,32,4.5,Medium,Rain,Ghodbunder Road,0.9,True
TW100028,2026-07-14 11:28:00,2026-07-14 11:44:36.000000,4.63,16.6,Scooter,30,,Low,Overcast,Mulund,0.81,True
TW102446,2026-07-17 13:08:00,2026-07-17 13:24:06.000000,6.37,16.1,Scooter,35,3.9,,Clear,Vashi,0.2,True
TW104832,2026-07-13 08:12:00,2026-07-13 08:24:06.000000,3.75,12.1,Scooter,44,4.4,Low,Clear,Mulund,5.18,True
TW100921,2026-07-14 09:01:00,2026-07-14 09:06:24.000000,2.59,5.4,Scooter,40,4.5,Medium,Clear,Mulund,3.04,True
TW101756,2026-07-07 13:52:00,2026-07-07 14:14:12.000000,7.08,22.2,Electric Scooter,27,4.5,Low,Rain,Navi Mumbai,0.2,True
TW101042,2026-07-20 01:53:00,2026-07-20 02:00:36.000000,4.01,7.6,scooter ,42,4.2,Low,Clear,Mulund,12.11,True
TW102566,2026-07-12 20:17:00,2026-07-12 20:21:12.000000,1.52,4.2,Scooter,29,4.5,Medium,Clear,Dombivli,0.75,True
TW104498,2026-07-02 18:42:00,2026-07-02 18:53:54.000000,3.18,11.9,Electric Scooter,22,4.8,Medium,,Dombivli,0.2,True
TW101841,2026-07-26 00:15:00,2026-07-26 00:32:24.000000,7.55,17.4,Scooter,34,4.8,Medium,Overcast,Mumbra,0.2,True
TW104724,2026-07-18 11:43:00,2026-07-18 11:55:30.000000,3.69,12.5,Motorcycle,21,3.5,Medium,Clear,Navi Mumbai,0.28,True
TW101765,2026-07-12 02:42:00,2026-07-12 02:58:54.000000,5.45,16.9,Scooter,35,4.6,Low,Rain,Mulund,0.26,True
TW100950,2026-07-05 14:36:00,2026-07-05 14:40:00.000000,1.36,4.0,Motorcycle,31,4.4,High,Clear,Dombivli,0.72,True
TW103651,2026-07-25 20:33:00,2026-07-25 20:37:00.000000,0.65,4.0,Motorcycle,27,4.2,High,Clear,Navi Mumbai,0.57,True
TW103563,2026-07-29 09:09:00,2026-07-29 09:20:24.000000,4.99,11.4,Motorcycle,28,4.5,,Clear,Navi Mumbai,0.65,True
TW102548,2026-07-08 04:19:00,2026-07-08 04:34:06.000000,2.4,15.1,Motorcycle,27,4.1,Low,Clear,Mulund,7.06,True
TW101416,2026-07-19 05:10:00,2026-07-19 05:17:30.000000,1.82,7.5,Motorcycle,29,3.8,High,Overcast,Airoli,1.5,True
TW102034,2026-07-18 19:49:00,2026-07-18 19:59:48.000000,3.73,10.8,Motorcycle,36,4.5,High,Clear,Airoli,0.2,True
TW100765,2026-07-15 09:58:00,2026-07-15 10:05:00.000000,3.42,7.0,Motorcycle,37,4.2,Low,Clear,Vashi,6.07,True
TW101141,2026-07-27 17:35:00,2026-07-27 17:46:48.000000,4.64,11.8,Scooter,39,3.8,Low,Overcast,Mumbra,4.28,True
TW102348,2026-07-07 17:06:00,2026-07-07 17:32:30.000000,8.82,26.5,Motorcycle,31,4.3,High,Clear,Kalyan,0.95,False
TW101260,2026-07-16 19:52:00,2026-07-16 20:10:30.000000,6.93,18.5,Electric Scooter,38,4.1,Low,Clear,Mumbra,1.7,True
TW100440,2026-07-12 17:58:00,2026-07-12 18:12:54.000000,5.0,14.9,Scooter,33,4.7,Low,Clear,Navi Mumbai,1.19,True
TW104620,2026-07-11 15:48:00,2026-07-11 15:57:06.000000,2.78,9.1,Motorcycle,20,5.0,Low,Clear,Kalyan,1.46,True
TW100596,2026-07-24 23:00:00,2026-07-24 23:21:00.000000,6.91,21.0,Scooter,40,4.3,Medium,Rain,Navi Mumbai,1.21,True
TW101371,2026-07-22 03:57:00,2026-07-22 03:29:31.851463,0.0,12.8,Motorcycle,42,5.0,Medium,Overcast,Thane West,0.77,True
TW100863,2026-07-09 01:14:00,2026-07-09 01:19:18.000000,2.28,5.3,Motorcycle,19,4.6,High,Rain,Ghodbunder Road,3.41,True
TW100936,2026-07-13 10:13:00,2026-07-13 10:17:00.000000,1.59,4.0,Motorcycle,38,4.5,High,Overcast,Vashi,0.45,True
TW101355,2026-07-16 00:35:00,2026-07-16 00:45:24.000000,0.0,10.4,Motorcycle,43,3.9,Medium,Overcast,Navi Mumbai,3.1,True
TW104663,2026-07-27 02:11:00,2026-07-27 02:15:00.000000,1.32,4.0,Electric Scooter,37,4.5,Low,Clear,Vashi,5.0,True
TW101758,2026-07-30 20:48:00,2026-07-30 20:56:30.000000,3.84,8.5,Scooter,42,4.2,Low,,Ghodbunder Road,0.78,True
TW104220,2026-07-20 18:10:00,2026-07-20 18:24:18.000000,4.99,14.3,Electric Scooter,24,4.6,Low,Clear,Kalyan,1.18,True
TW102630,2026-07-18 08:37:00,2026-07-18 09:00:30.000000,7.91,23.5,Scooter,25,3.6,Medium,Clear,Mulund,4.11,True
TW101983,2026-07-06 02:36:00,2026-07-06 02:40:00.000000,1.88,4.0,Motorcycle,36,4.0,Medium,Clear,Bhandup,2.59,True
TW102833,2026-07-21 10:06:00,2026-07-21 10:14:42.000000,2.37,464.1243678415536,Scooter,34,5.0,Medium,Clear,Ghodbunder Road,2.49,True
TW104405,2026-07-10 01:45:00,2026-07-10 02:17:06.000000,11.08,32.1,Motorcycle,25,4.3,Low,Clear,Kalyan,0.52,False
TW100325,2026-07-07 16:08:00,2026-07-07 16:21:48.000000,3.15,13.8,Motorcycle,39,4.0,Low,Rain,Bhandup,0.7,True
TW103131,2026-07-25 03:02:00,2026-07-25 03:18:18.000000,2.64,16.3,Scooter,34,4.8,Low,Rain,Thane West,1.9,True
TW101024,2026-07-03 04:30:00,2026-07-03 04:35:24.000000,22.792434698148938,5.4,Electric Scooter,25,4.3,Medium,Rain,Airoli,1.19,True
TW101947,2026-07-19 03:34:00,2026-07-19 03:38:00.000000,1.78,4.0,Motorcycle,23,4.7,Medium,Clear,Vashi,1.03,True
TW102021,2026-07-26 10:18:00,2026-07-26 10:37:06.000000,6.9,19.1,Scooter,22,3.6,Low,Clear,Dombivli,0.2,True
TW101523,2026-07-09 21:24:00,2026-07-09 21:34:42.000000,2.7,10.7,Motorcycle,20,4.0,High,Clear,Mumbra,0.36,True
TW102647,2026-07-16 13:13:00,2026-07-16 13:21:12.000000,2.51,8.2,Scooter,23,3.9,Low,Rain,Mumbra,1.87,True
TW100529,2026-07-25 11:09:00,2026-07-25 11:20:18.000000,3.51,11.3,2-Wheeler,37,5.0,Medium,Clear,Mumbra,0.59,True
TW101174,2026-07-02 11:40:00,2026-07-02 12:12:00.000000,7.31,32.0,Motorcycle,33,3.7,Medium,Rain,Mulund,0.24,False
TW100572,2026-07-12 04:50:00,2026-07-12 05:00:24.000000,3.46,10.4,Motorcycle,20,4.2,Low,Clear,Airoli,8.66,True
TW103669,2026-07-20 19:29:00,2026-07-20 19:33:00.000000,1.23,4.0,Motorcycle,26,4.5,Low,Rain,Bhandup,4.58,True
TW101630,2026-07-14 23:19:00,2026-07-14 23:37:24.000000,6.14,18.4,Motorcycle,27,4.3,High,Rain,Vashi,2.42,True
TW101903,2026-07-10 18:56:00,2026-07-10 19:06:24.000000,4.87,10.4,Motorcycle,31,4.1,Medium,Clear,Airoli,0.4,True
TW100796,2026-07-16 11:21:00,2026-07-16 11:31:30.000000,2.93,10.5,Motorcycle,23,4.3,High,Clear,Navi Mumbai,1.33,True
TW101559,2026-07-24 10:06:00,2026-07-24 10:26:42.000000,5.94,20.7,Motorcycle,43,4.8,High,Rain,Mumbra,0.7,True
TW101321,2026-07-02 03:55:00,2026-07-02 04:04:00.000000,2.11,9.0,Motorcycle,28,3.6,Low,Rain,Airoli,3.35,True
TW102869,2026-07-18 23:43:00,2026-07-19 00:01:42.000000,4.65,18.7,Motorcycle,31,4.7,High,Overcast,Kalyan,1.47,True
TW100480,2026-07-01 01:51:00,2026-07-01 02:05:06.000000,4.66,14.1,Scooter,29,4.6,Low,Clear,Airoli,4.18,True
TW102777,2026-07-06 03:47:00,2026-07-06 03:57:30.000000,3.66,10.5,Scooter,28,4.6,High,Rain,Airoli,0.64,True
TW104106,2026-07-12 08:04:00,2026-07-12 08:26:06.000000,7.14,22.1,Scooter,23,3.9,Medium,Rain,Airoli,0.2,True
TW104812,2026-07-21 21:43:00,2026-07-21 21:47:00.000000,1.82,4.0,Motorcycle,20,4.7,Low,Rain,Airoli,0.2,True
TW104990,2026-07-22 00:04:00,2026-07-22 00:08:00.000000,1.99,4.0,Electric Scooter,19,4.4,Medium,Rain,Dombivli,7.11,True
TW103388,2026-07-24 14:57:00,2026-07-24 15:16:00.000000,4.98,19.0,Motorcycle,19,4.2,Low,Clear,Kalyan,4.03,True
TW102720,2026-07-20 08:10:00,2026-07-20 08:20:24.000000,3.55,10.4,Electric Scooter,20,4.4,Low,Clear,Thane West,1.35,True
TW103451,2026-07-01 21:30:00,2026-07-01 21:47:24.000000,6.84,281.942773648822,Scooter,42,4.0,Medium,Clear,Mulund,3.53,True
TW103557,2026-07-11 10:49:00,2026-07-11 10:55:30.000000,3.02,6.5,Motorcycle,40,4.8,High,Rain,Vashi,2.56,True
TW102811,2026-07-08 17:03:00,2026-07-08 17:15:42.000000,5.23,12.7,Scooter,32,4.8,Low,Rain,Dombivli,0.2,True
TW104320,2026-07-20 05:05:00,2026-07-20 05:36:06.000000,8.86,31.1,Scooter,34,4.7,Medium,Clear,Dombivli,3.51,False
TW102726,2026-07-29 04:42:00,2026-07-29 04:58:00.000000,5.29,16.0,Scooter,36,4.7,Medium,Rain,Mulund,0.2,True
TW102881,2026-07-11 05:09:00,2026-07-11 05:28:12.000000,7.52,19.2,Scooter,40,4.4,High,Overcast,Dombivli,0.48,True
TW104262,2026-07-18 14:06:00,2026-07-18 14:13:48.000000,3.66,7.8,Scooter,20,3.7,Medium,Clear,Kalyan,0.38,True
TW101246,2026-07-16 21:35:00,2026-07-16 21:41:00.000000,2.54,6.0,Electric Scooter,35,4.4,High,Clear,Bhandup,0.86,True
TW104352,2026-07-16 07:41:00,2026-07-16 07:46:24.000000,1.8,335.1595316606662,Motorcycle,37,4.4,Low,Clear,Mumbra,1.96,True
TW102111,2026-07-22 10:57:00,2026-07-22 11:21:48.000000,5.73,24.8,Scooter,24,,Medium,Clear,Bhandup,0.2,True
TW104811,2026-07-11 09:31:00,2026-07-11 09:44:24.000000,3.36,13.4,Motorcycle,26,4.7,Medium,Clear,Mumbra,6.51,True
TW102376,2026-07-09 12:04:00,2026-07-09 12:26:30.000000,5.6,22.5,Motorcycle,29,4.3,Medium,,Kalyan,1.05,True
TW101843,2026-07-21 07:44:00,2026-07-21 08:08:36.000000,7.33,24.6,Motorcycle,26,4.7,Medium,Overcast,Thane West,3.41,True
TW102081,2026-07-09 20:05:00,2026-07-09 20:09:00.000000,0.59,4.0,Motorcycle,31,4.3,High,Clear,Vashi,4.22,True
TW101992,2026-07-28 05:25:00,2026-07-28 05:33:06.000000,2.36,8.1,Scooter,24,4.4,Medium,Clear,Thane West,0.41,True
TW102283,2026-07-21 15:21:00,2026-07-21 15:50:06.000000,9.93,29.1,Scooter,39,4.8,Medium,Overcast,Vashi,0.3,False
TW101364,2026-07-16 07:31:00,2026-07-16 07:49:54.000000,3.76,18.9,Motorcycle,26,4.0,Medium,Rain,Vashi,0.2,True
TW101857,2026-07-27 12:28:00,2026-07-27 12:35:24.000000,1.42,7.4,Motorcycle,23,4.4,Medium,Overcast,Kalyan,0.73,True
TW101250,2026-07-29 13:17:00,2026-07-29 13:30:06.000000,5.3,13.1,Electric Scooter,31,4.9,High,Rain,Mulund,1.83,True
TW101132,2026-07-12 06:36:00,2026-07-12 06:53:18.000000,6.5,17.3,Motorcycle,26,3.8,Medium,Clear,Mumbra,0.83,True
TW100517,2026-07-05 21:01:00,2026-07-05 21:05:00.000000,0.66,4.0,Motorcycle,36,3.6,Low,Overcast,Kalyan,2.08,True
TW100600,2026-07-09 14:57:00,2026-07-09 15:01:00.000000,1.31,4.0,Scooter,30,3.7,Low,Clear,Kalyan,5.0,True
TW104855,2026-07-25 13:01:00,2026-07-25 13:05:00.000000,3.19,4.0,Scooter,22,4.3,Medium,Clear,Mumbra,1.78,True
TW102836,2026-07-22 23:26:00,2026-07-22 23:47:18.000000,7.01,21.3,Motorcycle,23,4.1,Medium,Clear,Ghodbunder Road,2.59,True
TW103612,2026-07-25 11:33:00,2026-07-25 11:40:24.000000,1.94,7.4,Motorcycle,36,4.1,Low,Overcast,Airoli,1.09,True
TW104285,2026-07-25 13:25:00,2026-07-25 13:39:54.000000,4.68,14.9,Motorcycle,30,4.5,Low,Rain,Kalyan,4.79,True
TW102636,2026-07-25 21:38:00,2026-07-25 21:46:06.000000,23.942155592678265,8.1,Motorcycle,27,4.0,Low,Clear,Vashi,0.47,True
TW104864,2026-07-10 16:31:00,2026-07-10 16:49:00.000000,5.72,18.0,Electric Scooter,30,3.6,Low,Clear,Navi Mumbai,2.81,True
TW102578,2026-07-02 18:19:00,2026-07-02 18:27:36.000000,2.94,8.6,Motorcycle,32,3.5,Medium,Clear,Bhandup,0.4,True
TW100358,2026-07-01 05:42:00,2026-07-01 05:46:36.000000,3.22,4.6,Scooter,35,3.7,High,Clear,Airoli,4.82,True
TW102571,2026-07-15 12:54:00,2026-07-15 12:58:00.000000,1.47,4.0,Motorcycle,41,4.7,Low,Rain,Vashi,0.55,True
TW101119,2026-07-12 16:32:00,2026-07-12 16:39:06.000000,4.55,7.1,e-scooter,44,4.0,High,Clear,Dombivli,2.86,True
TW103121,2026-07-23 07:48:00,2026-07-23 07:56:30.000000,2.07,-11.451427864583675,Scooter,27,3.7,Low,Clear,Thane West,1.33,True
TW102708,2026-07-17 20:20:00,2026-07-17 20:32:48.000000,4.37,12.8,Motorcycle,29,4.7,Low,Rain,Vashi,0.76,True
TW102840,2026-07-26 10:07:00,2026-07-26 10:30:06.000000,7.45,23.1,Scooter,41,4.6,Medium,Clear,Mulund,5.23,True
TW103988,2026-07-16 05:28:00,2026-07-16 05:32:00.000000,4.22,4.0,Motorcycle,28,4.5,Low,Clear,Dombivli,5.91,True
TW101272,2026-07-17 13:22:00,2026-07-17 13:45:24.000000,8.93,23.4,Motorcycle,30,3.5,High,Clear,Thane West,0.73,True
TW102935,2026-07-04 22:25:00,2026-07-04 22:39:00.000000,2.75,14.0,Motorcycle,36,4.7,Medium,Clear,Thane West,0.33,True
TW100143,2026-07-19 22:46:00,2026-07-19 22:51:36.000000,2.94,5.6,Scooter,24,4.2,High,Clear,Navi Mumbai,3.37,True
TW103150,2026-07-19 14:17:00,2026-07-19 14:41:12.000000,7.09,24.2,Scooter,42,4.5,Low,Clear,Airoli,0.42,True
TW103568,2026-07-29 08:17:00,2026-07-29 08:21:00.000000,0.69,4.0,Scooter,37,3.7,Low,Clear,Mumbra,6.83,True
TW101658,2026-07-18 20:32:00,2026-07-18 20:43:12.000000,3.12,11.2,Motorcycle,25,4.8,,Clear,Dombivli,0.27,True
TW102200,2026-07-02 23:33:00,2026-07-02 23:41:48.000000,3.86,8.8,Motorcycle,22,4.9,Medium,Overcast,Bhandup,0.91,True
TW102674,2026-07-18 09:57:00,2026-07-18 10:10:30.000000,3.61,13.5,Scooter,25,4.5,Low,Clear,Vashi,3.59,True
TW104321,2026-07-21 15:55:00,2026-07-21 16:02:24.000000,2.76,7.4,Scooter,22,4.6,High,Clear,Thane West,1.67,True
TW102279,2026-07-17 01:45:00,2026-07-17 02:06:48.000000,9.55,21.8,Motorcycle,23,5.0,Medium,Rain,Dombivli,0.28,True
TW104683,2026-07-23 03:54:00,2026-07-23 04:05:48.000000,6.02,11.8,Motorcycle,41,4.5,Low,Rain,Bhandup,1.47,True
TW103233,2026-07-29 16:55:00,2026-07-29 17:10:42.000000,4.75,15.7,Scooter,36,4.2,High,Rain,Navi Mumbai,2.24,True
TW103023,2026-07-30 02:04:00,2026-07-30 02:23:42.000000,6.86,19.7,Motorcycle,33,4.3,High,Clear,Airoli,0.2,True
TW103986,2026-07-05 22:20:00,2026-07-05 22:32:54.000000,5.55,12.9,Scooter,40,4.6,Medium,Clear,Airoli,0.21,True
TW100739,2026-07-10 12:28:00,2026-07-10 12:49:48.000000,5.98,21.8,Electric Scooter,26,4.7,Low,Clear,Mulund,0.2,True
TW102662,2026-07-18 09:06:00,2026-07-18 09:22:48.000000,6.17,16.8,Scooter,34,3.9,Low,Clear,Bhandup,1.38,True
TW103896,2026-07-09 00:24:00,2026-07-09 00:44:48.000000,5.87,20.8,Motorcycle,23,4.0,Low,Overcast,Kalyan,4.28,True
TW102667,2026-07-18 20:14:00,2026-07-18 20:32:00.000000,5.34,18.0,Scooter,22,4.1,Medium,Clear,Thane West,3.2,True
TW104576,2026-07-10 10:31:00,2026-07-10 10:51:42.000000,3.93,20.7,Motorcycle,44,4.1,Medium,Rain,Vashi,6.19,True
TW104011,2026-07-14 22:52:00,2026-07-14 23:10:42.000000,6.9,18.7,Scooter,33,4.1,Medium,Clear,Kalyan,0.66,True
TW102961,2026-07-20 19:53:00,2026-07-20 20:07:12.000000,4.67,14.2,Motorcycle,22,5.0,Medium,Clear,Airoli,4.46,True
TW102945,2026-07-24 16:36:00,2026-07-24 16:40:00.000000,0.79,4.0,Motorcycle,26,4.1,Medium,Clear,Navi Mumbai,1.14,True
TW100885,2026-07-11 12:26:00,2026-07-11 12:34:24.000000,3.77,8.4,Electric Scooter,37,4.5,Low,Rain,Thane West,0.43,True
TW100032,2026-07-21 12:32:00,2026-07-21 12:37:06.000000,3.94,5.1,Electric Scooter,40,3.7,Low,Rain,Ghodbunder Road,0.46,True
TW102373,2026-07-14 15:20:00,2026-07-14 15:36:00.000000,5.75,16.0,Electric Scooter,26,,Low,Clear,Mulund,1.99,True
TW101170,2026-07-12 23:24:00,2026-07-12 23:32:24.000000,1.2,8.4,Motorcycle,30,4.8,High,Clear,Dombivli,0.24,True
TW100856,2026-07-03 22:00:00,2026-07-03 22:09:42.000000,0.94,9.7,Electric Scooter,26,4.4,Medium,Clear,Bhandup,1.95,True
TW103871,2026-07-26 07:11:00,2026-07-26 07:15:00.000000,0.94,4.0,Scooter,22,4.1,Low,Clear,Kalyan,2.31,True
TW103963,2026-07-07 19:15:00,2026-07-07 19:24:42.000000,3.97,9.7,Scooter,44,4.2,High,Clear,Mumbra,2.45,True
TW101593,2026-07-09 11:05:00,2026-07-09 11:09:00.000000,1.16,4.0,Motorcycle,31,4.2,Low,Clear,Mulund,4.09,True
TW101956,2026-07-05 22:36:00,2026-07-05 22:40:00.000000,2.67,4.0,Scooter,34,3.4,Medium,Clear,Ghodbunder Road,3.98,True
TW103552,2026-07-27 04:35:00,2026-07-27 04:09:02.390436,6.68,17.5,Motorcycle,36,4.0,Medium,Overcast,Kalyan,3.08,True
TW100434,2026-07-23 18:36:00,2026-07-23 19:08:42.000000,12.84,32.7,Scooter,22,4.6,Medium,Clear,Mumbra,0.34,False
TW100114,2026-07-09 23:18:00,2026-07-09 23:29:06.000000,3.98,11.1,Scooter,24,4.9,High,Clear,Ghodbunder Road,1.41,True
TW103887,2026-07-08 23:35:00,2026-07-08 23:39:00.000000,1.26,4.0,Bike,34,4.2,Medium,Clear,Navi Mumbai,1.19,True
TW100174,2026-07-02 02:28:00,2026-07-02 02:34:06.000000,2.18,6.1,Scooter,33,4.5,Low,Rain,Bhandup,4.27,True
TW102611,2026-07-11 05:39:00,2026-07-11 06:02:36.000000,6.9,23.6,Motorcycle,24,5.0,High,Clear,Navi Mumbai,,True
TW103837,2026-07-01 18:49:00,2026-07-01 18:54:48.000000,2.67,5.8,Scooter,41,3.8,Medium,Clear,Thane West,0.39,True
TW101285,2026-07-28 16:32:00,2026-07-28 16:36:00.000000,0.88,4.0,Scooter,27,4.8,Low,Clear,Ghodbunder Road,0.68,True
TW103694,2026-07-20 18:42:00,2026-07-20 18:46:00.000000,0.67,4.0,Motorcycle,33,4.8,Low,Rain,Airoli,0.23,True
TW102294,2026-07-08 18:29:00,2026-07-08 18:46:48.000000,3.85,17.8,Motorcycle,25,4.3,Medium,Rain,Thane West,5.21,True
TW101563,2026-07-13 01:07:00,2026-07-13 01:23:42.000000,5.05,16.7,Scooter,29,4.4,Medium,Clear,Navi Mumbai,2.38,True
TW100763,2026-07-26 18:39:00,2026-07-26 18:48:06.000000,2.79,9.1,Motorcycle,34,4.5,High,Clear,Vashi,2.71,True
TW104464,2026-07-24 14:48:00,2026-07-24 14:55:06.000000,0.0,7.1,Motorcycle,19,3.8,Low,Rain,Mumbra,2.41,True
TW100967,2026-07-27 14:03:00,2026-07-27 14:07:00.000000,2.59,4.0,Bike,24,5.0,Medium,Clear,Bhandup,0.3,True
TW100169,2026-07-06 12:07:00,2026-07-06 12:15:30.000000,4.33,8.5,Scooter,32,4.7,High,Clear,Ghodbunder Road,0.74,True
TW104692,2026-07-16 08:32:00,2026-07-16 08:41:30.000000,4.28,9.5,Scooter,31,4.5,High,Clear,Thane West,1.08,True
TW100267,2026-07-21 17:02:00,2026-07-21 17:32:48.000000,10.87,30.8,Scooter,37,5.0,Low,Clear,Dombivli,1.69,False
TW102778,2026-07-01 09:31:00,2026-07-01 09:41:30.000000,4.3,10.5,Motorcycle,44,4.7,Medium,Clear,Vashi,0.79,True
TW103181,2026-07-01 22:34:00,2026-07-01 22:38:00.000000,1.56,4.0,Scooter,34,4.4,High,Overcast,Thane West,1.36,True
TW100561,2026-07-22 10:52:00,2026-07-22 11:12:54.000000,8.75,20.9,Scooter,40,4.7,Medium,Clear,Bhandup,0.27,True
TW100464,2026-07-04 20:47:00,2026-07-04 20:51:00.000000,3.25,4.0,Motorcycle,24,4.8,Medium,Overcast,Dombivli,4.0,True
TW102561,2026-07-22 10:56:00,2026-07-22 11:07:30.000000,4.01,11.5,Scooter,23,4.0,Low,Clear,Mumbra,1.28,True
TW103371,2026-07-20 21:27:00,2026-07-20 21:31:00.000000,2.52,4.0,Motorcycle,31,4.2,Low,Clear,Ghodbunder Road,0.87,True
TW103606,2026-07-03 20:30:00,2026-07-03 20:38:30.000000,3.09,8.5,Scooter,38,4.6,High,Clear,Navi Mumbai,4.41,True
TW100187,2026-07-22 16:19:00,2026-07-22 16:43:24.000000,6.85,24.4,Scooter,26,4.0,Medium,Overcast,Airoli,3.28,True
TW100093,2026-07-14 10:33:00,2026-07-14 10:42:00.000000,3.77,9.0,Motorcycle,26,3.8,Low,Rain,Thane West,4.25,True
TW102648,2026-07-05 11:45:00,2026-07-05 12:02:18.000000,5.05,17.3,Scooter,36,4.2,High,Overcast,Mumbra,5.71,True
TW104114,2026-07-28 16:16:00,2026-07-28 16:04:48.105068,4.25,15.5,Motorcycle,30,4.3,Medium,Clear,Vashi,1.48,True
TW101375,2026-07-13 20:13:00,2026-07-13 20:17:00.000000,1.65,4.0,Scooter,25,4.0,High,Clear,Dombivli,0.66,True
TW100451,2026-07-17 21:13:00,2026-07-17 21:30:24.000000,4.5,17.4,Scooter,29,3.7,Low,Rain,Vashi,0.33,True
TW101742,2026-07-03 20:26:00,2026-07-03 20:37:42.000000,5.18,11.7,Motorcycle,23,4.7,High,Clear,Kalyan,2.32,True
TW102122,2026-07-03 06:23:00,2026-07-03 06:36:12.000000,3.97,13.2,Electric Scooter,43,5.0,High,Clear,Thane West,2.41,True
TW102174,2026-07-05 07:53:00,2026-07-05 07:57:54.000000,2.4,4.9,Scooter,43,4.6,Medium,Rain,Dombivli,2.48,True
TW102713,2026-07-16 19:10:00,2026-07-16 19:33:36.000000,4.95,23.6,Motorcycle,44,3.8,Medium,Rain,Kalyan,3.52,True
TW100005,2026-07-09 18:44:00,2026-07-09 18:57:36.000000,2.73,13.6,Motorcycle,36,3.6,High,Clear,Bhandup,3.29,True
TW102631,2026-07-03 18:48:00,2026-07-03 19:00:00.000000,5.82,12.0,Scooter,36,4.9,High,Clear,Navi Mumbai,4.12,True
TW104492,2026-07-09 06:23:00,2026-07-09 06:34:12.000000,5.21,11.2,Motorcycle,27,4.3,Low,Clear,Navi Mumbai,1.6,True
TW101524,2026-07-20 01:24:00,2026-07-20 01:33:30.000000,2.23,9.5,Motorcycle,28,4.0,Low,Rain,Airoli,5.51,True
TW101639,2026-07-08 12:42:00,2026-07-08 13:01:42.000000,7.28,19.7,Motorcycle,30,3.9,Medium,Clear,Bhandup,3.68,True
TW104076,2026-07-30 06:50:00,2026-07-30 07:09:48.000000,5.28,19.8,Scooter,43,3.8,Medium,Clear,Kalyan,4.86,True
TW101240,2026-07-01 19:21:00,2026-07-01 19:29:54.000000,2.92,8.9,Scooter,36,4.4,Low,Clear,Dombivli,0.46,True
TW104695,2026-07-10 06:48:00,2026-07-10 07:08:42.000000,9.45,20.7,Scooter,37,4.2,Medium,Overcast,Mumbra,2.49,True
TW101382,2026-07-10 03:30:00,2026-07-10 03:58:06.000000,7.65,28.1,Scooter,25,4.6,High,Clear,Ghodbunder Road,0.2,False
TW101057,2026-07-01 22:45:00,2026-07-01 22:59:42.000000,5.89,14.7,Motorcycle,28,4.3,Low,Rain,Thane West,0.37,True
TW103930,2026-07-07 09:19:00,2026-07-07 09:23:00.000000,5.24,4.0,Motorcycle,30,4.6,Medium,Overcast,Bhandup,0.76,True
TW101939,2026-07-27 08:43:00,2026-07-27 08:56:54.000000,4.15,13.9,Motorcycle,28,4.8,Medium,Clear,Kalyan,0.2,True
TW103592,2026-07-01 17:50:00,2026-07-01 18:12:12.000000,7.18,22.2,Motorcycle,34,4.0,Medium,Clear,Ghodbunder Road,3.13,True
TW102451,2026-07-06 10:36:00,2026-07-06 10:42:06.000000,2.85,6.1,Motorcycle,32,3.8,Medium,Clear,Airoli,1.03,True
TW104834,2026-07-18 09:27:00,2026-07-18 09:32:06.000000,1.79,5.1,Scooter,32,4.6,Medium,Rain,Airoli,1.07,True
TW102229,2026-07-30 22:13:00,2026-07-30 22:19:30.000000,2.59,6.5,Electric Scooter,41,4.2,High,Clear,Mulund,0.2,True
TW102632,2026-07-19 06:54:00,2026-07-19 07:12:48.000000,5.5,18.8,Motorcycle,27,4.2,High,Clear,Ghodbunder Road,0.2,True
TW103594,2026-07-27 21:26:00,2026-07-27 21:35:48.000000,3.08,9.8,Motorcycle,25,4.2,Medium,Clear,Dombivli,6.42,True
TW100289,2026-07-09 15:33:00,2026-07-09 15:40:36.000000,2.48,7.6,Scooter,32,4.3,High,Clear,Ghodbunder Road,1.96,True
TW102928,2026-07-12 18:20:00,2026-07-12 18:24:00.000000,2.37,4.0,Scooter,43,4.5,Medium,Rain,Thane West,0.25,True
TW100723,2026-07-03 15:30:00,2026-07-03 15:38:48.000000,2.17,8.8,Scooter,19,4.1,Low,,Ghodbunder Road,1.17,True
TW100056,2026-07-10 23:28:00,2026-07-10 23:43:54.000000,5.19,15.9,Motorcycle,25,4.6,Low,Clear,Mumbra,0.29,True
TW102285,2026-07-10 06:41:00,2026-07-10 07:04:06.000000,5.78,23.1,Scooter,32,4.6,High,Clear,Thane West,6.18,True
TW103262,2026-07-07 01:39:00,2026-07-07 01:45:18.000000,2.82,6.3,motorbike,32,3.7,Low,Clear,Kalyan,3.02,True
TW101177,2026-07-04 22:44:00,2026-07-04 22:53:30.000000,2.54,9.5,Scooter,40,4.1,Low,Clear,Mumbra,1.75,True
TW102520,2026-07-20 13:29:00,2026-07-20 13:35:48.000000,2.82,6.8,Scooter,29,4.3,High,Overcast,Navi Mumbai,0.93,True
TW103496,2026-07-03 00:19:00,2026-07-03 00:57:18.000000,11.43,-1.4590759258053336,Electric Scooter,29,3.5,Low,Clear,Navi Mumbai,4.54,False
TW104612,2026-07-03 03:57:00,2026-07-03 04:01:30.000000,1.8,4.5,Scooter,21,4.4,Medium,Rain,Airoli,1.31,True
TW102190,2026-07-28 23:41:00,2026-07-29 00:11:42.000000,9.6,30.7,Motorcycle,20,4.0,Low,Clear,Airoli,2.31,False
TW102612,2026-07-27 18:05:00,2026-07-27 18:11:12.000000,1.05,6.2,Scooter,23,4.4,High,Rain,Navi Mumbai,0.2,True
TW104508,2026-07-11 16:23:00,2026-07-11 17:04:00.000000,16.43,41.0,Motorcycle,39,3.3,Medium,Clear,Bhandup,5.3,False
TW100732,2026-07-08 08:16:00,2026-07-08 08:31:24.000000,3.33,15.4,Scooter,29,4.2,High,Clear,Dombivli,0.51,True
TW104854,2026-07-18 20:38:00,2026-07-18 20:42:00.000000,0.76,4.0,Scooter,44,4.0,Medium,Clear,Thane West,1.69,True
TW103217,2026-07-15 22:18:00,2026-07-15 22:22:00.000000,1.7,4.0,Motorcycle,43,4.9,Low,Rain,Vashi,1.96,True
TW100621,2026-07-09 16:43:00,2026-07-09 16:48:36.000000,3.07,5.6,Scooter,41,5.0,Medium,Clear,Vashi,1.51,True
TW100961,2026-07-23 13:12:00,2026-07-23 13:26:06.000000,5.02,14.1,Motorcycle,40,4.6,Low,Clear,Ghodbunder Road,1.31,True
TW102536,2026-07-23 23:42:00,2026-07-23 23:16:10.905612,11.01,30.8,scooter ,24,4.3,Medium,Rain,Dombivli,1.38,False
TW103797,2026-07-17 12:55:00,2026-07-17 13:11:48.000000,3.64,16.8,Electric Scooter,38,4.4,High,Overcast,Kalyan,1.3,True
TW100478,2026-07-08 06:39:00,2026-07-08 06:47:24.000000,2.29,8.4,Scooter,28,3.5,Medium,Rain,Thane West,0.2,True
TW100769,2026-07-28 10:55:00,2026-07-28 11:00:30.000000,2.65,5.5,Motorcycle,32,3.9,Medium,Clear,Bhandup,0.98,True
TW103853,2026-07-20 01:21:00,2026-07-20 01:28:00.000000,2.27,267.58233444851254,Scooter,43,4.6,High,Overcast,Ghodbunder Road,7.47,True
TW103716,2026-07-20 08:30:00,2026-07-20 08:38:48.000000,3.39,8.8,Electric Scooter,25,3.8,Low,Overcast,Thane West,0.2,True
TW100821,2026-07-19 10:27:00,2026-07-19 10:43:12.000000,6.45,16.2,Motorcycle,31,3.6,Medium,Clear,Vashi,0.54,True
TW100316,2026-07-12 20:06:00,2026-07-12 20:25:18.000000,6.79,19.3,Scooter,35,4.6,Low,Clear,Airoli,0.54,True
TW104953,2026-07-15 23:28:00,2026-07-15 23:35:30.000000,1.77,7.5,Scooter,24,4.0,Medium,Clear,Navi Mumbai,7.68,True
TW103383,2026-07-02 14:34:00,2026-07-02 14:47:54.000000,4.12,13.9,Electric Scooter,42,3.9,High,Rain,Mumbra,2.14,True
TW102722,2026-07-26 04:30:00,2026-07-26 04:36:42.000000,2.14,6.7,Scooter,39,4.5,High,Clear,Thane West,0.36,True
TW103292,2026-07-28 23:37:00,2026-07-28 23:52:18.000000,5.03,15.3,Electric Scooter,36,4.8,Low,Overcast,Mumbra,0.51,True
TW104455,2026-07-30 18:17:00,2026-07-30 18:45:00.000000,11.66,28.0,Motorcycle,26,4.7,Medium,Clear,Mulund,0.88,False
TW101320,2026-07-22 04:26:00,2026-07-22 04:36:00.000000,5.05,10.0,Scooter,38,4.3,Low,Rain,Mulund,2.49,True
TW103198,2026-07-03 06:36:00,2026-07-03 06:40:36.000000,1.2,4.6,Electric Scooter,32,4.4,Medium,Rain,Bhandup,0.2,True
TW101165,2026-07-10 16:37:00,2026-07-10 16:48:48.000000,2.92,11.8,Motorcycle,36,4.2,Low,Rain,Bhandup,2.07,True
TW103525,2026-07-16 02:31:00,2026-07-16 02:39:42.000000,1.02,8.7,2-Wheeler,36,4.1,High,Overcast,Ghodbunder Road,0.82,True
TW100880,2026-07-17 14:34:00,2026-07-17 14:40:12.000000,2.93,6.2,Motorcycle,24,4.5,High,Clear,Thane West,0.53,True
TW103895,2026-07-24 08:22:00,2026-07-24 08:30:00.000000,2.78,8.0,Motorcycle,41,4.8,High,Rain,Mulund,1.46,True
TW103500,2026-07-06 13:21:00,2026-07-06 13:25:00.000000,1.2,4.0,Scooter,40,4.0,Low,Clear,Dombivli,0.2,True
TW104685,2026-07-11 05:17:00,2026-07-11 06:04:00.000000,16.92,47.0,Electric Scooter,23,4.6,Low,Clear,Navi Mumbai,4.53,False
TW100655,2026-07-24 03:02:00,2026-07-24 03:13:54.000000,4.14,11.9,Motorcycle,27,4.1,High,Overcast,Mulund,4.88,True
TW102170,2026-07-28 12:44:00,2026-07-28 13:02:18.000000,4.37,18.3,Scooter,29,4.1,Medium,Overcast,Ghodbunder Road,4.81,True
TW104130,2026-07-13 15:33:00,2026-07-13 15:37:00.000000,2.61,4.0,Electric Scooter,33,4.6,Medium,Clear,Airoli,1.08,True
TW103364,2026-07-01 04:00:00,2026-07-01 04:13:12.000000,3.37,13.2,Scooter,38,4.4,Medium,Clear,Dombivli,6.26,True
TW102965,2026-07-03 18:11:00,2026-07-03 18:19:48.000000,1.5,8.8,Scooter,38,5.0,Low,Clear,Thane West,1.84,True
TW101632,2026-07-07 09:42:00,2026-07-07 09:54:12.000000,4.67,12.2,Scooter,32,4.6,,Rain,Mulund,4.43,True
TW103427,2026-07-13 21:43:00,2026-07-13 21:53:54.000000,4.99,10.9,Scooter,41,5.0,Low,Rain,Airoli,2.61,True
TW104452,2026-07-16 06:32:00,2026-07-16 06:56:54.000000,9.0,473.0630318522051,Motorcycle,41,4.0,Medium,Clear,Mumbra,3.87,True
TW100643,2026-07-11 02:46:00,2026-07-11 02:50:00.000000,1.3,4.0,Scooter,29,3.7,Low,Clear,Dombivli,0.82,True
TW100873,2026-07-10 14:32:00,2026-07-10 14:39:48.000000,1.56,7.8,Electric Scooter,37,4.3,High,Clear,Vashi,0.73,True
TW100342,2026-07-22 10:20:00,2026-07-22 10:36:12.000000,4.5,16.2,Motorcycle,35,4.3,Medium,Clear,Airoli,1.73,True
TW103255,2026-07-18 02:26:00,2026-07-18 02:39:42.000000,6.78,13.7,Scooter,20,4.8,Medium,Rain,Mumbra,0.97,True
TW104471,2026-07-28 23:46:00,2026-07-28 23:52:36.000000,4.82,6.6,Motorcycle,40,3.8,High,Overcast,Navi Mumbai,4.26,True
TW104115,2026-07-02 01:11:00,2026-07-02 01:20:36.000000,2.61,9.6,Scooter,24,4.8,Medium,Overcast,Navi Mumbai,5.56,True
TW100302,2026-07-27 20:31:00,2026-07-27 20:46:06.000000,4.97,15.1,Electric Scooter,32,4.7,Low,Overcast,Bhandup,3.37,True
TW100101,2026-07-08 12:01:00,2026-07-08 12:19:18.000000,6.12,18.3,Scooter,36,4.7,Low,Clear,Airoli,0.95,True
TW102064,2026-07-22 09:29:00,2026-07-22 09:33:00.000000,1.23,4.0,Scooter,34,4.2,Low,Rain,Airoli,1.44,True
TW101861,2026-07-26 19:46:00,2026-07-26 20:00:36.000000,4.14,14.6,Motorcycle,31,4.8,High,Clear,Mulund,0.82,True
TW102182,2026-07-05 01:54:00,2026-07-05 02:29:36.000000,10.12,35.6,Scooter,30,4.2,Medium,Rain,Mumbra,1.76,False
TW102751,2026-07-22 00:26:00,2026-07-22 00:59:42.000000,10.94,33.7,Motorcycle,42,4.3,Medium,Rain,Ghodbunder Road,4.8,False
TW103387,2026-07-20 02:05:00,2026-07-20 02:11:48.000000,2.67,6.8,Motorcycle,23,4.1,Low,Rain,Bhandup,1.85,True
TW100196,2026-07-28 12:38:00,2026-07-28 12:55:06.000000,6.3,17.1,Electric Scooter,43,4.5,Medium,Clear,Ghodbunder Road,2.7,True
TW103474,2026-07-13 04:25:00,2026-07-13 04:49:00.000000,10.4,24.0,Motorcycle,26,4.1,High,Clear,Ghodbunder Road,0.84,True
TW102902,2026-07-29 01:26:00,2026-07-29 01:32:00.000000,2.74,6.0,Scooter,21,3.9,High,Clear,Thane West,1.2,True
TW104940,2026-07-10 12:23:00,2026-07-10 12:28:54.000000,2.69,5.9,Scooter,22,4.4,Medium,Overcast,Dombivli,2.55,True
TW103783,2026-07-07 07:04:00,2026-07-07 07:34:18.000000,9.86,30.3,Motorcycle,26,4.2,Low,Clear,Kalyan,1.27,False
TW102324,2026-07-25 18:52:00,2026-07-25 19:15:48.000000,8.55,23.8,Scooter,22,4.4,Low,Rain,Mulund,4.16,True
TW100917,2026-07-26 00:03:00,2026-07-26 00:07:00.000000,1.8,4.0,Scooter,25,4.7,High,Rain,Thane West,,True
TW103835,2026-07-29 01:38:00,2026-07-29 01:57:00.000000,5.01,19.0,Motorcycle,40,4.9,Medium,Clear,Airoli,2.65,True
TW103037,2026-07-02 23:28:00,2026-07-02 23:40:24.000000,3.91,12.4,Scooter,26,4.9,Low,Clear,Ghodbunder Road,0.26,True
TW101085,2026-07-08 09:24:00,2026-07-08 10:10:48.000000,16.63,46.8,Electric Scooter,31,4.5,Medium,Clear,Dombivli,5.81,False
TW102445,2026-07-22 05:11:00,2026-07-22 05:16:42.000000,1.92,5.7,electric scooter,31,3.6,Medium,Clear,Kalyan,0.2,True
TW100994,2026-07-04 20:55:00,2026-07-04 20:59:54.000000,1.98,4.9,Motorcycle,19,4.3,Medium,Rain,Vashi,0.26,True
TW101429,2026-07-13 09:07:00,2026-07-13 09:11:00.000000,1.98,4.0,Electric Scooter,25,4.3,High,Clear,Mulund,1.55,True
TW103031,2026-07-29 18:06:00,2026-07-29 18:32:00.000000,9.91,26.0,Scooter,24,4.5,Medium,Clear,Airoli,0.86,False
TW104311,2026-07-09 03:57:00,2026-07-09 04:11:06.000000,3.33,14.1,Scooter,29,3.9,High,Rain,Dombivli,2.98,True
TW101064,2026-07-24 05:21:00,2026-07-24 05:40:54.000000,5.59,19.9,Electric Scooter,19,4.7,Medium,Clear,Navi Mumbai,0.2,True
TW101650,2026-07-28 22:16:00,2026-07-28 21:59:36.549944,4.75,17.8,Motorcycle,29,4.2,High,Clear,Dombivli,13.99,True
TW103968,2026-07-30 11:34:00,2026-07-30 11:45:18.000000,4.39,11.3,Scooter,38,4.3,Medium,Overcast,Navi Mumbai,0.27,True
TW101070,2026-07-29 17:34:00,2026-07-29 17:44:36.000000,3.83,10.6,Motorcycle,33,4.1,High,Clear,Airoli,0.34,True
TW101337,2026-07-07 02:10:00,2026-07-07 02:14:06.000000,1.35,4.1,Scooter,19,4.4,Low,Clear,Bhandup,0.67,True
TW100527,2026-07-15 18:50:00,2026-07-15 18:54:00.000000,0.98,4.0,2-Wheeler,38,4.7,High,Clear,Navi Mumbai,1.18,True
TW102213,2026-07-17 17:22:00,2026-07-17 17:30:12.000000,2.3,8.2,Scooter,31,3.7,Medium,Overcast,Bhandup,1.91,True
TW101562,2026-07-18 07:48:00,2026-07-18 07:54:18.000000,1.32,6.3,Scooter,35,4.3,Medium,Clear,Vashi,6.05,True
TW100753,2026-07-04 10:26:00,2026-07-04 11:03:48.000000,9.95,37.8,Motorcycle,37,3.8,High,Clear,Airoli,0.35,False
TW101471,2026-07-08 06:37:00,2026-07-08 06:48:12.000000,3.59,310.6855206387178,Scooter,42,4.1,Medium,Clear,Navi Mumbai,0.23,True
TW100927,2026-07-12 04:38:00,2026-07-12 04:42:00.000000,1.5,4.0,Motorcycle,34,4.7,High,Clear,Thane West,1.34,True
TW104515,2026-07-30 16:10:00,2026-07-30 16:14:00.000000,0.75,4.0,Motorcycle,23,4.1,Medium,Rain,Navi Mumbai,1.49,True
TW102450,2026-07-08 10:19:00,2026-07-08 10:36:06.000000,6.03,17.1,Motorcycle,39,4.6,Medium,Clear,Navi Mumbai,0.44,True
TW104888,2026-07-20 06:25:00,2026-07-20 06:33:54.000000,3.73,8.9,Electric Scooter,40,3.7,Low,Clear,Mulund,8.95,True
TW101274,2026-07-08 07:31:00,2026-07-08 07:48:18.000000,5.51,17.3,Electric Scooter,30,4.3,Low,Rain,Airoli,4.59,True
TW103348,2026-07-20 17:25:00,2026-07-20 17:34:12.000000,2.95,9.2,Motorcycle,36,4.3,Low,Rain,Kalyan,1.53,True
TW100410,2026-07-26 04:34:00,2026-07-26 04:38:24.000000,2.23,4.4,Motorcycle,36,4.1,High,Rain,Airoli,0.52,True
TW102029,2026-07-12 15:31:00,2026-07-12 15:44:36.000000,4.56,13.6,Scooter,43,4.7,High,Clear,Kalyan,0.75,True
TW104497,2026-07-04 22:39:00,2026-07-04 23:00:54.000000,9.8,21.9,Electric Scooter,40,4.0,,Clear,Bhandup,2.86,True
TW104187,2026-07-22 19:40:00,2026-07-22 19:45:48.000000,1.67,5.8,Motorcycle,37,4.3,High,Clear,Ghodbunder Road,0.63,True
TW102449,2026-07-18 04:34:00,2026-07-18 04:40:24.000000,1.06,6.4,Scooter,29,4.0,Medium,Clear,Vashi,1.47,True
TW102725,2026-07-15 09:31:00,2026-07-15 09:40:00.000000,4.25,9.0,Motorcycle,39,4.1,High,Clear,Airoli,0.68,True
TW102786,2026-07-10 21:39:00,2026-07-10 21:52:12.000000,5.5,13.2,Scooter,25,4.2,Low,Clear,Kalyan,2.86,True
TW100036,2026-07-10 10:36:00,2026-07-10 10:44:30.000000,4.96,8.5,Electric Scooter,20,4.1,High,Clear,Navi Mumbai,3.55,True
TW101770,2026-07-15 21:56:00,2026-07-15 22:25:42.000000,10.72,29.7,Scooter,31,3.5,Medium,Rain,Mulund,0.25,False
TW100282,2026-07-05 20:36:00,2026-07-05 20:40:00.000000,2.06,4.0,Scooter,29,3.9,Low,Clear,Ghodbunder Road,1.38,True
TW103688,2026-07-20 15:36:00,2026-07-20 15:47:06.000000,2.28,11.1,Scooter,36,4.0,High,Clear,Ghodbunder Road,1.22,True
TW100943,2026-07-11 14:00:00,2026-07-11 14:14:00.000000,4.93,14.0,Motorcycle,24,4.1,High,Clear,Ghodbunder Road,0.25,True
TW104560,2026-07-26 17:06:00,2026-07-26 17:20:42.000000,6.71,14.7,Scooter,40,4.5,Medium,Overcast,Navi Mumbai,1.51,True
TW100264,2026-07-20 06:48:00,2026-07-20 07:03:06.000000,4.57,15.1,Electric Scooter,43,4.5,Low,Overcast,Ghodbunder Road,,True
TW100908,2026-07-14 20:39:00,2026-07-14 20:51:00.000000,4.37,12.0,Motorcycle,30,4.9,Low,Clear,Mulund,0.72,True
TW103191,2026-07-11 06:08:00,2026-07-11 06:17:24.000000,3.77,9.4,Electric Scooter,43,4.1,Medium,Clear,Ghodbunder Road,0.91,True
TW103683,2026-07-23 11:29:00,2026-07-23 11:40:42.000000,1.76,11.7,Scooter,23,4.7,Medium,Rain,Bhandup,2.0,True
TW102485,2026-07-19 09:22:00,2026-07-19 09:26:54.000000,1.39,4.9,Scooter,38,4.1,Low,Clear,Navi Mumbai,0.2,True
TW102580,2026-07-29 23:04:00,2026-07-29 23:08:24.000000,1.99,4.4,Motorcycle,40,4.1,Medium,Clear,Kalyan,2.18,True
TW102605,2026-07-17 17:18:00,2026-07-17 17:24:36.000000,1.55,-4.979575139224377,Electric Scooter,41,3.6,Medium,Clear,Navi Mumbai,3.73,True
TW100932,2026-07-25 00:31:00,2026-07-25 00:39:00.000000,2.79,8.0,Motorcycle,37,4.5,Medium,Overcast,Ghodbunder Road,3.37,True
TW104679,2026-07-14 10:57:00,2026-07-14 11:16:06.000000,4.83,19.1,Motorcycle,41,4.6,High,Clear,Thane West,1.52,True
TW103188,2026-07-11 02:58:00,2026-07-11 03:02:00.000000,2.12,4.0,Scooter,35,4.6,Medium,Clear,Bhandup,2.95,True
TW104202,2026-07-02 22:49:00,2026-07-02 23:02:06.000000,3.87,13.1,Motorcycle,41,4.2,Low,Clear,Dombivli,1.52,True
TW103268,2026-07-11 18:40:00,2026-07-11 18:58:12.000000,7.32,18.2,Scooter,35,4.6,Medium,Rain,Bhandup,0.88,True
TW100789,2026-07-13 07:52:00,2026-07-13 07:57:48.000000,1.6,5.8,motorbike,34,3.4,Medium,Clear,Kalyan,0.47,True
TW100495,2026-07-27 19:27:00,2026-07-27 19:32:06.000000,1.02,5.1,Motorcycle,28,4.4,Medium,Clear,Airoli,0.2,True
TW102385,2026-07-29 05:44:00,2026-07-29 05:57:00.000000,5.05,13.0,Electric Scooter,20,4.8,Medium,Clear,Mulund,0.2,True
TW104188,2026-07-18 23:26:00,2026-07-18 23:30:00.000000,0.71,4.0,scooter ,42,4.9,High,Clear,Ghodbunder Road,0.2,True
TW102802,2026-07-06 13:04:00,2026-07-06 13:36:18.000000,11.23,32.3,Motorcycle,42,4.0,High,Clear,Mumbra,1.85,False
TW103657,2026-07-21 05:33:00,2026-07-21 05:40:30.000000,2.08,7.5,Motorcycle,25,4.1,Medium,Clear,Mumbra,0.33,True
TW100935,2026-07-21 02:00:00,2026-07-21 02:06:24.000000,3.28,6.4,Scooter,33,4.7,Medium,Clear,Vashi,7.43,True
TW102592,2026-07-11 07:13:00,2026-07-11 07:24:12.000000,5.4,11.2,Scooter,26,,High,Overcast,Kalyan,0.53,True
TW103701,2026-07-26 14:40:00,2026-07-26 14:48:06.000000,2.5,8.1,Motorcycle,25,4.3,Medium,Clear,Ghodbunder Road,1.1,True
TW100304,2026-07-08 17:46:00,2026-07-08 18:10:06.000000,7.4,24.1,Motorcycle,41,4.7,Medium,Overcast,Thane West,2.22,True
TW101268,2026-07-13 06:57:00,2026-07-13 07:14:48.000000,5.89,17.8,Motorcycle,35,3.6,High,Clear,Bhandup,0.59,True
TW101774,2026-07-23 13:31:00,2026-07-23 13:51:30.000000,7.27,20.5,Scooter,38,4.5,Low,Clear,Mulund,0.2,True
TW101684,2026-07-15 06:14:00,2026-07-15 06:18:00.000000,1.19,4.0,Scooter,43,4.1,Low,Overcast,Bhandup,1.71,True
TW101144,2026-07-08 21:52:00,2026-07-08 22:01:48.000000,0.0,9.8,Motorcycle,22,4.5,Medium,Clear,Vashi,1.48,True
TW102350,2026-07-24 15:46:00,2026-07-24 16:08:36.000000,6.7,22.6,Motorcycle,28,5.0,Medium,Clear,Mulund,0.77,True
TW104029,2026-07-15 17:30:00,2026-07-15 17:44:00.000000,6.58,14.0,Motorcycle,34,4.5,Medium,Clear,Airoli,0.2,True
TW103381,2026-07-18 10:22:00,2026-07-18 10:47:48.000000,7.06,25.8,Scooter,37,4.0,Low,Clear,Mulund,0.2,False
TW100857,2026-07-27 16:45:00,2026-07-27 16:49:24.000000,4.16,4.4,Motorcycle,19,4.1,Low,Clear,Ghodbunder Road,1.39,True
TW100343,2026-07-12 13:04:00,2026-07-12 13:08:00.000000,2.72,4.0,Motorcycle,29,4.2,Medium,Clear,Dombivli,1.27,True
TW102689,2026-07-10 19:33:00,2026-07-10 19:52:48.000000,7.36,19.8,Motorcycle,27,4.1,Low,Overcast,Navi Mumbai,0.82,True
TW104782,2026-07-17 20:55:00,2026-07-17 21:12:12.000000,3.94,17.2,Electric Scooter,31,4.3,High,Clear,Thane West,0.4,True
TW104658,2026-07-18 19:36:00,2026-07-18 19:47:42.000000,3.5,11.7,Motorcycle,25,4.5,Medium,Rain,Navi Mumbai,1.13,True
TW101544,2026-07-10 05:03:00,2026-07-10 05:09:06.000000,1.41,6.1,Motorcycle,33,4.7,Low,Clear,Kalyan,2.2,True
TW104426,2026-07-28 18:53:00,2026-07-28 19:26:18.000000,8.73,33.3,Electric Scooter,26,4.4,Low,Clear,Dombivli,3.61,False
TW103325,2026-07-16 04:55:00,2026-07-16 05:05:00.000000,2.64,10.0,Scooter,36,,Low,Overcast,Bhandup,13.13,True
TW104772,2026-07-23 00:49:00,2026-07-23 01:06:42.000000,3.15,282.41731176601064,Scooter,28,4.4,Low,Overcast,Thane West,1.42,True
TW103723,2026-07-23 01:29:00,2026-07-23 01:34:12.000000,2.04,5.2,Motorcycle,44,4.3,Low,Overcast,Kalyan,1.2,True
TW104548,2026-07-07 08:02:00,2026-07-07 08:10:30.000000,4.47,8.5,Motorcycle,44,4.7,Medium,Clear,Kalyan,5.43,True
TW102186,2026-07-23 21:26:00,2026-07-23 21:32:42.000000,2.35,6.7,Motorcycle,39,4.8,Low,Overcast,Kalyan,0.97,True
TW101030,2026-07-23 03:40:00,2026-07-23 04:06:48.000000,12.51,26.8,Motorcycle,28,3.9,Low,Clear,Ghodbunder Road,6.22,False
TW104365,2026-07-08 01:19:00,2026-07-08 01:30:18.000000,4.85,11.3,Scooter,34,3.9,Medium,Clear,Vashi,2.6,True
TW102677,2026-07-26 14:00:00,2026-07-26 14:20:24.000000,6.45,20.4,Scooter,34,3.4,Medium,Clear,Vashi,2.87,True
TW104128,2026-07-20 20:01:00,2026-07-20 20:13:00.000000,4.39,12.0,Scooter,32,4.5,Medium,,Navi Mumbai,0.89,True
TW104421,2026-07-25 00:40:00,2026-07-25 00:48:48.000000,3.81,8.8,Motorcycle,22,4.4,Medium,Clear,Dombivli,1.35,True
TW100642,2026-07-02 10:01:00,2026-07-02 10:05:00.000000,1.57,4.0,Motorcycle,25,,Medium,Clear,Kalyan,0.2,True
TW104872,2026-07-02 03:50:00,2026-07-02 03:58:36.000000,3.08,8.6,Motorcycle,40,,Medium,Rain,Thane West,7.49,True
TW104521,2026-07-14 22:43:00,2026-07-14 23:01:12.000000,5.93,18.2,Scooter,34,4.5,Low,Clear,Navi Mumbai,5.99,True
TW104974,2026-07-19 20:42:00,2026-07-19 20:51:24.000000,4.26,9.4,Scooter,25,4.4,Medium,Clear,Mulund,5.21,True
TW101138,2026-07-04 02:51:00,2026-07-04 02:56:00.000000,2.0,5.0,Motorcycle,24,4.6,High,Clear,Mulund,1.82,True
TW103640,2026-07-15 18:44:00,2026-07-15 19:05:24.000000,6.01,21.4,Motorcycle,44,4.5,Low,Clear,Dombivli,4.49,True
TW103190,2026-07-10 04:00:00,2026-07-10 04:14:06.000000,3.22,14.1,Motorcycle,43,4.1,High,Clear,Ghodbunder Road,0.56,True
TW102570,2026-07-10 07:21:00,2026-07-10 07:45:18.000000,8.38,24.3,e-scooter,19,3.9,Low,Clear,Ghodbunder Road,0.23,True
TW104693,2026-07-14 00:25:00,2026-07-14 00:34:06.000000,3.23,9.1,Scooter,31,,Medium,Clear,Airoli,2.49,True
TW103192,2026-07-09 09:34:00,2026-07-09 09:43:48.000000,3.18,9.8,Scooter,34,3.9,Medium,Clear,Mumbra,0.2,True
TW102447,2026-07-15 16:29:00,2026-07-15 16:47:06.000000,4.84,18.1,Scooter,30,4.7,Medium,Rain,Airoli,4.34,True
TW100806,2026-07-23 01:52:00,2026-07-23 02:05:00.000000,4.95,13.0,Motorcycle,41,4.2,High,Clear,Kalyan,1.21,True
TW103297,2026-07-05 13:09:00,2026-07-05 13:22:54.000000,4.57,13.9,Motorcycle,38,4.9,Low,Rain,Dombivli,0.98,True
TW101833,2026-07-09 18:40:00,2026-07-09 19:00:06.000000,8.28,20.1,Electric Scooter,20,4.3,Low,Overcast,Dombivli,0.69,True
TW101692,2026-07-15 20:43:00,2026-07-15 20:57:30.000000,4.7,14.5,Motorcycle,23,4.7,High,Clear,Dombivli,2.83,True
TW101917,2026-07-08 16:41:00,2026-07-08 16:49:12.000000,1.89,8.2,Motorcycle,24,4.3,High,Clear,Dombivli,1.58,True
TW101173,2026-07-29 05:50:00,2026-07-29 06:02:18.000000,4.49,12.3,Motorcycle,42,4.1,Medium,Clear,Mumbra,1.55,True
TW100372,2026-07-03 09:58:00,2026-07-03 10:15:18.000000,6.37,-12.917075711197928,Electric Scooter,19,4.0,Low,Clear,Thane West,1.77,True
TW101186,2026-07-27 22:28:00,2026-07-27 22:35:42.000000,1.98,7.7,Motorcycle,29,3.4,Medium,Clear,Dombivli,6.16,True
TW103362,2026-07-16 15:13:00,2026-07-16 15:19:54.000000,3.3,6.9,Scooter,23,4.8,Medium,,Bhandup,0.2,True
TW102147,2026-07-08 17:48:00,2026-07-08 18:09:30.000000,8.7,21.5,Scooter,42,5.0,Low,Rain,Vashi,0.96,True
TW104150,2026-07-18 22:29:00,2026-07-18 22:33:00.000000,1.7,4.0,Motorcycle,32,3.6,Medium,Rain,Mumbra,4.65,True
TW103646,2026-07-06 13:10:00,2026-07-06 13:37:06.000000,8.92,27.1,Scooter,21,4.2,Medium,Clear,Airoli,0.61,False
TW102800,2026-07-27 19:47:00,2026-07-27 19:52:54.000000,3.05,5.9,Motorcycle,36,4.3,Low,Rain,Thane West,1.0,True
TW100345,2026-07-03 06:47:00,2026-07-03 07:04:54.000000,5.99,17.9,Motorcycle,25,4.5,Medium,Rain,Vashi,0.6,True
TW100258,2026-07-10 12:41:00,2026-07-10 12:56:12.000000,3.78,15.2,Scooter,31,3.7,Low,Overcast,Kalyan,0.49,True
TW100113,2026-07-05 23:55:00,2026-07-05 23:59:24.000000,2.0,4.4,Motorcycle,42,4.1,High,Clear,Navi Mumbai,8.59,True
TW104573,2026-07-19 03:59:00,2026-07-19 04:15:42.000000,4.94,16.7,Electric Scooter,40,4.2,Medium,Clear,Dombivli,3.95,True
TW103298,2026-07-05 21:01:00,2026-07-05 21:09:30.000000,3.05,8.5,Electric Scooter,33,4.3,High,Clear,Vashi,1.9,True
TW104898,2026-07-01 19:22:00,2026-07-01 19:36:30.000000,4.24,14.5,Electric Scooter,42,4.2,Medium,Rain,Navi Mumbai,0.98,True
TW100218,2026-07-02 19:52:00,2026-07-02 20:12:48.000000,6.1,20.8,Electric Scooter,20,4.6,Medium,Rain,Kalyan,2.62,True
TW101161,2026-07-02 10:42:00,2026-07-02 10:46:00.000000,1.75,4.0,Scooter,39,4.3,High,Clear,Kalyan,0.61,True
TW102415,2026-07-15 16:43:00,2026-07-15 16:56:36.000000,5.12,13.6,Bike,27,4.4,Medium,Clear,Navi Mumbai,0.2,True
TW104146,2026-07-10 00:53:00,2026-07-10 01:01:12.000000,2.24,8.2,Motorcycle,24,3.4,Low,Rain,Dombivli,3.15,True
TW102788,2026-07-12 20:45:00,2026-07-12 20:52:54.000000,5.28,7.9,Scooter,19,4.1,Low,Clear,Thane West,5.88,True
TW101750,2026-07-05 16:21:00,2026-07-05 16:29:30.000000,2.47,8.5,Motorcycle,44,4.4,High,Clear,Vashi,0.44,True
TW100000,2026-07-03 18:34:00,2026-07-03 18:38:00.000000,1.8,4.0,Electric Scooter,38,4.2,Low,Clear,Airoli,0.2,True
TW104926,2026-07-10 06:38:00,2026-07-10 06:59:36.000000,6.19,21.6,Scooter,36,3.2,Low,Clear,Navi Mumbai,0.48,True
TW104666,2026-07-06 11:48:00,2026-07-06 11:52:00.000000,1.96,4.0,Electric Scooter,35,4.2,Medium,Clear,Thane West,5.94,True
TW101829,2026-07-01 18:44:00,2026-07-01 18:53:42.000000,2.48,-9.852881915326245,Scooter,29,5.0,High,Overcast,Navi Mumbai,0.2,True
TW103939,2026-07-19 14:03:00,2026-07-19 14:21:48.000000,5.78,18.8,Scooter,41,4.3,Low,Clear,Ghodbunder Road,1.62,True
TW101604,2026-07-22 21:44:00,2026-07-22 22:01:12.000000,5.73,17.2,Scooter,35,4.1,Medium,,Mumbra,2.37,True
TW103412,2026-07-27 00:58:00,2026-07-27 01:12:42.000000,5.55,14.7,Electric Scooter,27,4.1,High,Clear,Navi Mumbai,5.37,True
TW104987,2026-07-24 18:00:00,2026-07-24 18:23:48.000000,7.73,23.8,Electric Scooter,22,4.2,Low,Overcast,Airoli,1.71,True
TW103492,2026-07-19 07:46:00,2026-07-19 08:06:06.000000,6.96,20.1,Scooter,23,4.5,Low,Overcast,Dombivli,0.26,True
TW100865,2026-07-30 13:42:00,2026-07-30 14:01:36.000000,7.1,19.6,Scooter,41,,High,Clear,Navi Mumbai,0.7,True
TW104951,2026-07-22 01:55:00,2026-07-22 02:09:24.000000,4.8,14.4,Scooter,29,4.0,Medium,Clear,Dombivli,1.07,True
TW100993,2026-07-08 13:50:00,2026-07-08 13:54:00.000000,1.51,-3.0601316210907834,Electric Scooter,42,4.1,Medium,Overcast,Bhandup,,True
TW104939,2026-07-23 05:44:00,2026-07-23 05:54:12.000000,3.83,10.2,Electric Scooter,35,4.8,Medium,Overcast,Mulund,0.41,True
TW104764,2026-07-21 00:30:00,2026-07-21 00:46:06.000000,4.39,16.1,Scooter,40,4.0,Medium,Clear,Vashi,0.2,True
TW102576,2026-07-29 07:10:00,2026-07-29 07:17:00.000000,1.01,7.0,Motorcycle,30,4.3,High,Clear,Thane West,0.47,True
TW101013,2026-07-28 10:25:00,2026-07-28 10:52:36.000000,8.56,27.6,Motorcycle,44,4.0,Medium,Overcast,Bhandup,6.27,False
TW101179,2026-07-20 19:49:00,2026-07-20 19:56:36.000000,2.33,7.6,Scooter,36,3.8,Low,Clear,Thane West,0.74,True
TW101187,2026-07-27 13:08:00,2026-07-27 13:18:06.000000,2.39,10.1,Motorcycle,30,3.4,Low,Clear,Dombivli,2.57,True
TW100516,2026-07-21 01:55:00,2026-07-21 02:01:30.000000,4.85,6.5,Scooter,43,3.5,Medium,Rain,Mulund,5.48,True
TW100682,2026-07-05 01:33:00,2026-07-05 01:42:18.000000,5.3,9.3,Motorcycle,28,4.2,High,Clear,Bhandup,0.78,True
TW101050,2026-07-30 09:21:00,2026-07-30 09:32:54.000000,2.85,11.9,Scooter,21,4.6,Medium,Rain,Kalyan,3.2,True
TW103287,2026-07-19 20:32:00,2026-07-19 20:40:18.000000,1.61,8.3,Scooter,31,4.1,Medium,Clear,Bhandup,5.09,True
TW101967,2026-07-02 15:25:00,2026-07-02 15:33:00.000000,3.39,8.0,Scooter,30,4.4,Low,Overcast,Bhandup,0.39,True
TW101249,2026-07-19 18:07:00,2026-07-19 18:15:24.000000,3.85,8.4,Motorcycle,43,4.5,Medium,Clear,Mulund,2.31,True
TW103238,2026-07-08 11:54:00,2026-07-08 12:06:18.000000,5.98,12.3,Scooter,36,4.0,Medium,Clear,Mulund,2.36,True
TW102152,2026-07-07 13:36:00,2026-07-07 13:40:00.000000,3.41,4.0,Motorcycle,22,3.8,Low,Overcast,Kalyan,0.2,True
TW100910,2026-07-08 05:02:00,2026-07-08 05:12:00.000000,4.73,10.0,Scooter,28,3.8,Low,Clear,Navi Mumbai,1.55,True
TW103731,2026-07-02 17:33:00,2026-07-02 17:44:42.000000,4.94,11.7,Motorcycle,23,4.0,Low,,Kalyan,0.21,True
TW104657,2026-07-09 15:30:00,2026-07-09 16:09:42.000000,15.84,39.7,Motorcycle,38,4.2,Medium,Clear,Mumbra,2.59,False
TW100570,2026-07-08 04:56:00,2026-07-08 05:00:12.000000,2.45,4.2,Electric Scooter,27,4.4,Low,Clear,Airoli,7.59,True
TW103033,2026-07-10 21:41:00,2026-07-10 21:48:24.000000,4.39,7.4,Scooter,31,4.3,High,Clear,Mumbra,2.72,True
TW104411,2026-07-21 11:27:00,2026-07-21 11:31:12.000000,1.79,4.2,Motorcycle,24,4.2,Medium,Clear,Kalyan,0.3,True
TW102243,2026-07-08 15:01:00,2026-07-08 15:07:48.000000,2.37,6.8,Motorcycle,39,4.2,Medium,Rain,Mumbra,1.35,True
TW103706,2026-07-15 14:12:00,2026-07-15 14:19:36.000000,4.14,7.6,Electric Scooter,39,4.1,Medium,Clear,Navi Mumbai,4.48,True
TW102162,2026-07-30 12:29:00,2026-07-30 12:46:24.000000,5.77,17.4,scooter ,20,3.9,Low,Clear,Airoli,4.04,True
TW100726,2026-07-27 23:45:00,2026-07-27 23:52:24.000000,2.62,7.4,Motorcycle,24,4.5,Low,Rain,Mumbra,11.17,True
TW100221,2026-07-01 17:36:00,2026-07-01 17:54:12.000000,7.3,18.2,scooter ,40,3.6,Medium,Clear,Navi Mumbai,0.22,True
TW100236,2026-07-21 12:30:00,2026-07-21 12:41:00.000000,2.13,11.0,Scooter,37,4.3,Medium,Overcast,Airoli,0.75,True
TW100092,2026-07-22 08:47:00,2026-07-22 09:12:00.000000,8.14,25.0,Motorcycle,37,4.6,Medium,Clear,Mumbra,0.63,True
TW104691,2026-07-21 06:54:00,2026-07-21 07:07:30.000000,2.25,13.5,Scooter,21,4.1,Medium,Clear,Navi Mumbai,1.33,True
TW101918,2026-07-09 10:12:00,2026-07-09 10:24:24.000000,5.1,12.4,Scooter,42,4.2,High,Clear,Bhandup,1.09,True
TW104075,2026-07-30 17:39:00,2026-07-30 18:09:42.000000,9.25,30.7,Scooter,21,4.5,High,Overcast,Dombivli,0.2,False
TW100574,2026-07-12 18:12:00,2026-07-12 18:29:06.000000,5.85,17.1,Scooter,27,4.3,Medium,Clear,Vashi,2.77,True
TW104553,2026-07-04 18:07:00,2026-07-04 18:14:36.000000,2.76,7.6,Scooter,21,4.5,Low,Clear,Vashi,4.74,True
TW100728,2026-07-23 22:30:00,2026-07-23 22:34:00.000000,2.1,4.0,Scooter,43,3.5,Low,Overcast,Kalyan,1.1,True
TW101841,2026-07-26 00:15:00,2026-07-26 00:32:24.000000,7.55,17.4,Scooter,34,4.8,Medium,Overcast,Mumbra,0.2,True
TW101411,2026-07-05 22:13:00,2026-07-05 22:54:30.000000,15.06,41.5,Motorcycle,44,4.0,Low,Overcast,Navi Mumbai,0.21,False
TW104530,2026-07-20 18:39:00,2026-07-20 18:46:36.000000,0.96,7.6,Electric Scooter,35,5.0,Medium,Clear,Mumbra,4.09,True
TW101399,2026-07-24 00:51:00,2026-07-24 01:17:54.000000,10.3,26.9,Scooter,40,4.4,Medium,Clear,Dombivli,0.57,False
TW104031,2026-07-08 10:35:00,2026-07-08 10:40:48.000000,4.21,5.8,Scooter,20,4.1,Medium,Clear,Vashi,1.9,True
TW103303,2026-07-28 02:52:00,2026-07-28 02:56:00.000000,1.01,4.0,Scooter,26,4.3,Medium,Clear,Airoli,1.57,True
TW103047,2026-07-23 12:48:00,2026-07-23 13:11:42.000000,7.95,23.7,Electric Scooter,35,4.9,Medium,Rain,Bhandup,2.88,True
TW103788,2026-07-22 02:41:00,2026-07-22 03:03:18.000000,5.79,22.3,Scooter,25,4.6,High,Clear,Ghodbunder Road,2.05,True
TW104143,2026-07-01 14:59:00,2026-07-01 15:06:12.000000,3.27,7.2,Scooter,37,3.7,Medium,Clear,Airoli,0.2,True
TW100200,2026-07-04 08:08:00,2026-07-04 08:13:24.000000,4.37,251.1801809022404,Electric Scooter,31,4.1,Medium,Clear,Ghodbunder Road,1.17,True
TW104334,2026-07-28 00:37:00,2026-07-28 00:49:42.000000,3.6,12.7,Motorcycle,24,4.4,Low,Overcast,Airoli,0.2,True
TW101420,2026-07-29 21:04:00,2026-07-29 21:11:36.000000,1.23,-6.74398802093234,Electric Scooter,44,4.4,Medium,Clear,Dombivli,1.53,True
TW101304,2026-07-04 14:43:00,2026-07-04 14:57:18.000000,6.18,14.3,Motorcycle,25,4.7,High,Clear,Mumbra,0.52,True
TW101277,2026-07-25 22:06:00,2026-07-25 22:29:18.000000,6.61,23.3,scooter ,33,3.8,Medium,Clear,Mumbra,0.56,True
TW101628,2026-07-11 07:16:00,2026-07-11 07:34:00.000000,5.96,18.0,Motorcycle,23,4.7,High,Clear,Mumbra,6.88,True
TW103043,2026-07-16 14:31:00,2026-07-16 14:48:18.000000,8.06,17.3,Scooter,28,4.0,Low,Clear,Ghodbunder Road,0.83,True
TW100429,2026-07-28 22:55:00,2026-07-28 23:07:24.000000,4.79,-4.382367716941224,Motorcycle,33,4.1,Low,Clear,Airoli,2.04,True
TW100251,2026-07-11 23:57:00,2026-07-12 00:17:48.000000,8.48,20.8,Scooter,35,4.8,Low,Clear,Mulund,0.32,True
TW103479,2026-07-17 06:14:00,2026-07-17 06:28:24.000000,4.23,14.4,Scooter,19,4.6,Low,Clear,Mulund,1.1,True
TW104107,2026-07-06 10:18:00,2026-07-06 10:35:12.000000,6.71,17.2,Scooter,39,4.5,Low,Rain,Bhandup,0.2,True
TW103918,2026-07-07 05:32:00,2026-07-07 05:50:00.000000,5.42,18.0,Scooter,20,4.1,Medium,Clear,Ghodbunder Road,1.63,True
TW103441,2026-07-10 10:43:00,2026-07-10 10:47:00.000000,1.84,4.0,Electric Scooter,39,4.9,Low,Clear,Mumbra,6.02,True
TW102577,2026-07-18 16:12:00,2026-07-18 16:16:00.000000,2.51,4.0,Motorcycle,36,3.8,Low,Clear,Mulund,0.54,True
TW103764,2026-07-22 19:16:00,2026-07-22 19:35:18.000000,7.4,19.3,Motorcycle,28,3.9,Low,Clear,Airoli,1.21,True
TW101487,2026-07-03 21:46:00,2026-07-03 22:04:54.000000,7.01,18.9,Scooter,27,4.9,Low,Rain,Airoli,4.96,True
TW103234,2026-07-21 01:47:00,2026-07-21 02:05:00.000000,6.59,18.0,Motorcycle,32,4.2,High,Clear,Kalyan,3.72,True
TW104388,2026-07-25 15:49:00,2026-07-25 15:57:12.000000,3.33,8.2,Motorcycle,44,4.1,High,,Airoli,2.23,True
TW103481,2026-07-25 12:12:00,2026-07-25 12:30:18.000000,6.18,18.3,Scooter,30,4.4,High,Clear,Mulund,0.2,True
TW100900,2026-07-01 03:06:00,2026-07-01 03:15:54.000000,3.3,9.9,Motorcycle,27,3.8,Low,Overcast,Airoli,3.59,True
TW102317,2026-07-04 21:18:00,2026-07-04 21:31:18.000000,5.28,13.3,Motorcycle,40,4.4,Low,Clear,Kalyan,1.61,True
TW104935,2026-07-20 05:27:00,2026-07-20 05:42:18.000000,3.92,15.3,Electric Scooter,25,4.2,Medium,Clear,Mulund,0.2,True
TW103996,2026-07-18 08:55:00,2026-07-18 09:03:42.000000,1.76,8.7,Scooter,42,5.0,High,Clear,Kalyan,1.82,True
TW104504,2026-07-11 21:10:00,2026-07-11 21:15:54.000000,2.6,5.9,Motorcycle,23,4.7,Medium,Clear,Dombivli,0.87,True
TW104385,2026-07-10 13:07:00,2026-07-10 13:31:18.000000,8.03,24.3,Scooter,37,4.3,High,Clear,Dombivli,4.19,True
TW100733,2026-07-26 23:09:00,2026-07-26 23:13:00.000000,2.47,4.0,Electric Scooter,36,4.0,Medium,Clear,Dombivli,2.57,True
TW103778,2026-07-21 21:09:00,2026-07-21 21:23:12.000000,4.88,14.2,Motorcycle,44,4.3,Low,Rain,Thane West,0.72,True
TW103459,2026-07-24 17:57:00,2026-07-24 18:13:18.000000,3.88,16.3,Scooter,28,4.8,Low,Clear,Bhandup,4.87,True
TW104260,2026-07-05 09:29:00,2026-07-05 09:33:00.000000,2.68,4.0,Scooter,26,4.1,High,Overcast,Thane West,2.03,True
TW104578,2026-07-28 08:25:00,2026-07-28 08:30:42.000000,1.61,5.7,Electric Scooter,31,4.1,High,Clear,Bhandup,1.85,True
TW102679,2026-07-30 10:01:00,2026-07-30 10:20:18.000000,6.95,19.3,Scooter,33,4.9,High,Clear,Navi Mumbai,4.03,True
TW104025,2026-07-07 06:54:00,2026-07-07 07:04:54.000000,2.94,10.9,Motorcycle,19,3.9,High,Clear,Ghodbunder Road,0.29,True
TW103518,2026-07-19 05:54:00,2026-07-19 05:58:06.000000,1.31,4.1,Scooter,35,4.5,Low,Clear,Thane West,5.2,True
TW102784,2026-07-16 12:25:00,2026-07-16 12:42:48.000000,6.71,17.8,Scooter,27,3.7,Low,Clear,Bhandup,0.99,True
TW103407,2026-07-27 01:53:00,2026-07-27 02:05:06.000000,1.45,12.1,Scooter,20,4.6,Low,Overcast,Kalyan,0.2,True
TW101991,2026-07-04 03:18:00,2026-07-04 03:22:12.000000,3.15,4.2,Motorcycle,19,4.1,Low,Clear,Ghodbunder Road,2.42,True
TW100616,2026-07-22 16:16:00,2026-07-22 16:40:42.000000,8.96,24.7,Motorcycle,37,3.8,Medium,Clear,Mumbra,6.9,True
TW100317,2026-07-07 07:17:00,2026-07-07 07:21:00.000000,3.23,4.0,Scooter,35,4.5,High,Clear,Bhandup,4.4,True
TW102030,2026-07-02 15:21:00,2026-07-02 15:26:00.000000,1.72,5.0,Motorcycle,20,4.7,Low,Clear,Bhandup,0.39,True
TW102655,2026-07-04 03:02:00,2026-07-04 03:14:00.000000,1.86,12.0,Scooter,27,4.4,Medium,Clear,Bhandup,1.07,True
TW102434,2026-07-03 19:43:00,2026-07-03 19:47:00.000000,0.78,4.0,Scooter,32,4.3,High,Rain,Navi Mumbai,1.48,True
TW103872,2026-07-03 00:30:00,2026-07-03 00:50:12.000000,6.64,20.2,2-Wheeler,27,,Low,Clear,Vashi,1.04,True
TW103862,2026-07-01 02:42:00,2026-07-01 03:07:36.000000,7.53,25.6,Motorcycle,25,4.1,High,Clear,Vashi,1.73,False
TW104409,2026-07-19 11:37:00,2026-07-19 11:41:42.000000,2.25,4.7,Scooter,26,4.2,Low,Rain,Airoli,0.2,True
TW104900,2026-07-24 01:07:00,2026-07-24 01:11:36.000000,1.51,292.06359486930006,Motorcycle,44,5.0,Low,Overcast,Thane West,1.08,True
TW100766,2026-07-01 17:44:00,2026-07-01 18:19:00.000000,12.86,35.0,Scooter,20,4.3,Low,Overcast,Ghodbunder Road,0.26,False
TW100128,2026-07-06 09:23:00,2026-07-06 09:40:24.000000,0.0,17.4,Electric Scooter,40,4.1,Low,Clear,Dombivli,6.68,True
TW102717,2026-07-27 22:37:00,2026-07-27 22:49:42.000000,4.5,12.7,Motorcycle,36,3.9,Low,Rain,Mumbra,0.2,True
TW102834,2026-07-17 22:59:00,2026-07-17 23:19:54.000000,6.14,20.9,Scooter,43,4.6,Low,Overcast,Bhandup,2.74,True
TW104396,2026-07-18 11:52:00,2026-07-18 12:06:36.000000,7.03,14.6,Scooter,40,4.7,Medium,Rain,Vashi,0.71,True
TW102805,2026-07-10 10:39:00,2026-07-10 10:51:54.000000,4.32,12.9,Scooter,32,3.7,High,Overcast,Ghodbunder Road,5.14,True
TW102479,2026-07-17 17:13:00,2026-07-17 17:21:54.000000,4.27,8.9,Scooter,36,4.7,Low,Clear,Mulund,7.28,True
TW103879,2026-07-30 18:51:00,2026-07-30 18:59:12.000000,3.96,8.2,Motorcycle,44,4.7,High,Clear,Thane West,3.1,True
TW100405,2026-07-30 05:53:00,2026-07-30 06:17:12.000000,7.81,24.2,Motorcycle,19,3.7,Medium,Clear,Kalyan,0.49,True
TW102315,2026-07-13 00:10:00,2026-07-13 00:23:48.000000,5.24,13.8,Electric Scooter,39,4.3,Medium,Rain,Thane West,1.66,True
TW100968,2026-07-28 23:44:00,2026-07-29 00:11:42.000000,8.64,27.7,Scooter,19,3.8,Medium,Overcast,Mumbra,0.67,False
TW103401,2026-07-20 21:54:00,2026-07-20 22:06:54.000000,3.95,12.9,Motorcycle,27,4.4,Medium,Clear,Kalyan,0.69,True
TW104225,2026-07-21 04:24:00,2026-07-21 04:38:18.000000,3.39,14.3,Motorcycle,41,4.4,Medium,Rain,Mumbra,1.26,True
TW101465,2026-07-04 02:17:00,2026-07-04 02:27:00.000000,3.57,10.0,Motorcycle,43,4.8,High,Clear,Mulund,0.2,True
TW103806,2026-07-06 02:23:00,2026-07-06 01:58:02.992725,6.99,22.7,Motorcycle,19,4.1,Low,Clear,Mulund,0.65,True
TW100584,2026-07-04 08:13:00,2026-07-04 08:41:42.000000,10.65,28.7,Scooter,30,3.9,Low,Clear,Mumbra,0.65,False
TW103487,2026-07-06 22:37:00,2026-07-06 22:49:36.000000,6.44,12.6,Motorcycle,42,,Medium,Overcast,Ghodbunder Road,1.51,True
TW102372,2026-07-25 21:55:00,2026-07-25 22:04:48.000000,4.43,9.8,Scooter,34,4.4,Low,Clear,Mumbra,0.95,True
TW102208,2026-07-16 13:34:00,2026-07-16 13:42:48.000000,2.98,8.8,Motorcycle,44,4.2,Low,Clear,Bhandup,1.73,True
TW104980,2026-07-15 13:58:00,2026-07-15 14:10:24.000000,4.26,12.4,Scooter,24,3.9,Medium,Clear,Mulund,2.34,True
TW101451,2026-07-28 17:49:00,2026-07-28 18:02:06.000000,4.96,13.1,Electric Scooter,19,3.9,Low,Clear,Airoli,0.33,True
TW103239,2026-07-20 08:11:00,2026-07-20 08:30:00.000000,4.77,19.0,Motorcycle,30,4.9,,Clear,Dombivli,1.35,True
TW101421,2026-07-23 22:45:00,2026-07-23 23:04:00.000000,6.42,19.0,Scooter,34,4.9,Low,Clear,Mumbra,3.12,True
TW101571,2026-07-08 15:34:00,2026-07-08 15:38:00.000000,1.29,4.0,Scooter,29,4.0,Medium,Clear,Kalyan,2.44,True
TW101667,2026-07-27 06:26:00,2026-07-27 06:47:42.000000,5.91,21.7,Scooter,39,4.5,Medium,Clear,Dombivli,0.22,True
TW104250,2026-07-28 07:28:00,2026-07-28 07:47:18.000000,6.55,19.3,Electric Scooter,23,4.4,Low,Rain,Mulund,1.44,True
TW103551,2026-07-11 05:00:00,2026-07-11 05:08:12.000000,2.3,8.2,scooter ,28,4.9,Medium,Clear,Thane West,2.7,True
TW100663,2026-07-14 09:21:00,2026-07-14 09:35:42.000000,4.08,14.7,Motorcycle,24,4.3,High,Clear,Kalyan,4.88,True
TW101533,2026-07-20 22:28:00,2026-07-20 22:38:18.000000,3.27,10.3,Motorcycle,33,4.6,High,Rain,Dombivli,0.2,True
TW103531,2026-07-08 09:55:00,2026-07-08 10:15:48.000000,4.72,20.8,Scooter,36,4.4,Medium,Clear,Kalyan,0.2,True
TW101074,2026-07-25 18:35:00,2026-07-25 19:07:24.000000,8.73,32.4,Scooter,23,4.6,Low,Overcast,Thane West,5.0,False
TW102743,2026-07-22 23:34:00,2026-07-22 23:38:00.000000,2.27,4.0,Scooter,23,4.7,Medium,Overcast,Vashi,3.09,True
TW100307,2026-07-27 21:04:00,2026-07-27 21:16:36.000000,4.9,12.6,Electric Scooter,30,4.8,Medium,Clear,Vashi,5.61,True
TW101232,2026-07-03 21:43:00,2026-07-03 21:47:06.000000,1.45,4.1,bike,21,4.2,Medium,Overcast,Navi Mumbai,2.93,True
TW100571,2026-07-08 06:59:00,2026-07-08 07:14:12.000000,6.51,15.2,Motorcycle,34,4.3,Low,Clear,Ghodbunder Road,2.02,True
TW103341,2026-07-03 11:41:00,2026-07-03 11:51:30.000000,3.82,10.5,Scooter,28,4.5,Low,Clear,Airoli,1.0,True
TW102659,2026-07-30 03:54:00,2026-07-30 04:17:12.000000,7.8,23.2,Motorcycle,32,4.6,Low,Clear,Mulund,2.28,True
TW103480,2026-07-23 17:57:00,2026-07-23 18:09:12.000000,4.05,12.2,Scooter,44,4.8,Medium,Clear,Bhandup,2.2,True
TW101194,2026-07-01 22:38:00,2026-07-01 22:47:18.000000,2.47,9.3,Motorcycle,31,4.7,Low,Clear,Thane West,0.75,True
TW103746,2026-07-30 23:36:00,2026-07-30 23:40:00.000000,0.85,4.0,Motorcycle,25,4.9,High,Clear,Dombivli,1.71,True
TW102742,2026-07-27 12:04:00,2026-07-27 12:09:12.000000,2.93,5.2,Scooter,39,5.0,High,Overcast,Kalyan,1.58,True
TW100717,2026-07-16 01:19:00,2026-07-16 01:34:24.000000,6.76,15.4,Electric Scooter,44,4.5,Low,Clear,Kalyan,1.92,True
TW100387,2026-07-01 20:29:00,2026-07-01 20:46:54.000000,2.9,-2.2991978264661928,Scooter,40,,Low,Rain,Vashi,1.1,True
TW104028,2026-07-14 08:33:00,2026-07-14 08:38:54.000000,1.09,5.9,Scooter,35,4.8,Medium,Overcast,Mumbra,1.53,True
TW100912,2026-07-03 18:58:00,2026-07-03 19:23:06.000000,6.39,25.1,Scooter,32,3.7,High,Overcast,Kalyan,1.62,False
TW101977,2026-07-29 00:38:00,2026-07-29 00:54:48.000000,7.25,16.8,Scooter,22,4.7,High,Clear,Mulund,1.53,True
TW100431,2026-07-01 00:22:00,2026-07-01 00:40:42.000000,7.17,18.7,Motorcycle,30,4.6,Medium,Clear,Vashi,1.2,True
TW101087,2026-07-30 07:21:00,2026-07-30 07:29:00.000000,3.5,8.0,Scooter,32,4.6,High,Overcast,Airoli,2.07,True
TW101567,2026-07-30 22:56:00,2026-07-30 23:01:06.000000,1.95,5.1,scooter ,24,4.5,,Clear,Airoli,5.82,True
TW104678,2026-07-29 12:54:00,2026-07-29 13:12:24.000000,6.42,18.4,Scooter,32,3.8,Medium,Clear,Vashi,5.64,True
TW100446,2026-07-24 03:51:00,2026-07-24 04:02:18.000000,5.17,11.3,Electric Scooter,25,4.3,High,Rain,Ghodbunder Road,0.56,True
TW101197,2026-07-07 00:59:00,2026-07-07 01:27:24.000000,30.45265126645331,28.4,Scooter,42,4.7,High,Clear,Navi Mumbai,1.28,False
TW104599,2026-07-26 06:04:00,2026-07-26 06:10:36.000000,2.7,6.6,Scooter,32,4.5,Low,Overcast,Airoli,3.21,True
TW101811,2026-07-11 17:51:00,2026-07-11 18:00:30.000000,4.09,9.5,Scooter,27,3.8,Medium,Rain,Navi Mumbai,0.46,True
TW101975,2026-07-22 12:25:00,2026-07-22 12:36:24.000000,14.1808728159305,11.4,Scooter,26,4.7,Medium,Overcast,Dombivli,1.16,True
TW103450,2026-07-16 08:20:00,2026-07-16 08:49:36.000000,13.59,29.6,Scooter,31,4.4,Medium,Clear,Airoli,1.13,False
TW100262,2026-07-27 03:51:00,2026-07-27 04:01:06.000000,2.99,10.1,Motorcycle,31,3.9,Medium,Clear,Mulund,4.02,True
TW101168,2026-07-20 09:19:00,2026-07-20 09:55:06.000000,13.26,36.1,Scooter,32,4.1,Medium,Clear,Ghodbunder Road,0.57,False
TW104434,2026-07-18 14:28:00,2026-07-18 14:34:54.000000,2.54,6.9,Motorcycle,27,3.7,High,Overcast,Airoli,1.53,True
TW100025,2026-07-25 09:26:00,2026-07-25 09:35:30.000000,4.7,9.5,Scooter,31,5.0,Low,Clear,Ghodbunder Road,1.49,True
TW100152,2026-07-29 21:54:00,2026-07-29 22:14:30.000000,7.96,20.5,Scooter,27,3.6,Medium,Overcast,Airoli,4.1,True
TW103304,2026-07-04 02:00:00,2026-07-04 02:11:30.000000,3.37,11.5,Motorcycle,41,4.4,Low,Clear,Kalyan,5.16,True
TW104757,2026-07-26 05:34:00,2026-07-26 05:42:48.000000,2.94,8.8,Motorcycle,27,4.2,Medium,Clear,Dombivli,0.84,True
TW103302,2026-07-24 05:15:00,2026-07-24 05:39:30.000000,7.42,24.5,Scooter,31,3.7,Medium,,Navi Mumbai,0.51,True
TW101913,2026-07-03 00:56:00,2026-07-03 01:29:24.000000,12.63,33.4,Motorcycle,23,4.5,Medium,Clear,Mumbra,0.31,False
TW101653,2026-07-11 14:59:00,2026-07-11 15:09:42.000000,3.01,10.7,Scooter,28,4.1,Low,Overcast,Dombivli,0.2,True
TW100507,2026-07-16 00:22:00,2026-07-16 00:34:18.000000,3.23,12.3,Scooter,34,4.4,High,Clear,Navi Mumbai,4.49,True
TW100160,2026-07-06 11:13:00,2026-07-06 11:22:18.000000,3.32,9.3,Scooter,39,3.8,Medium,Overcast,Navi Mumbai,0.59,True
TW103476,2026-07-19 02:44:00,2026-07-19 02:52:30.000000,2.11,8.5,Scooter,37,3.8,Medium,Rain,Kalyan,5.05,True
TW104963,2026-07-25 21:50:00,2026-07-25 21:54:00.000000,0.87,4.0,Motorcycle,39,4.4,Low,Rain,Vashi,0.78,True
TW104988,2026-07-23 16:39:00,2026-07-23 16:52:30.000000,3.55,13.5,Scooter,24,4.4,Medium,Clear,Mumbra,2.44,True
TW101414,2026-07-09 23:50:00,2026-07-10 00:03:06.000000,4.05,13.1,Scooter,31,4.8,Medium,Overcast,Navi Mumbai,0.2,True
TW100712,2026-07-24 05:29:00,2026-07-24 05:34:24.000000,1.47,5.4,Motorcycle,22,4.4,Medium,Clear,Vashi,1.81,True
TW103442,2026-07-12 06:02:00,2026-07-12 06:07:42.000000,3.44,5.7,Electric Scooter,20,4.2,Medium,Clear,Dombivli,3.55,True
TW104408,2026-07-19 16:09:00,2026-07-19 16:24:54.000000,4.48,15.9,Motorcycle,25,4.3,Low,Clear,Navi Mumbai,8.12,True
TW104285,2026-07-25 13:25:00,2026-07-25 13:39:54.000000,4.68,14.9,Motorcycle,30,4.5,Low,Rain,Kalyan,4.79,True
TW103802,2026-07-02 19:00:00,2026-07-02 19:14:06.000000,5.06,14.1,Motorcycle,21,4.2,Medium,Clear,Kalyan,15.0,True
TW104592,2026-07-29 18:25:00,2026-07-29 18:43:24.000000,5.52,18.4,Scooter,42,4.2,Low,Clear,Mumbra,0.2,True
TW104451,2026-07-13 06:54:00,2026-07-13 07:22:24.000000,9.31,28.4,Motorcycle,27,4.8,Low,Clear,Navi Mumbai,0.88,False
TW102990,2026-07-09 00:10:00,2026-07-08 23:40:44.930371,6.32,16.7,Motorcycle,25,4.4,Low,Clear,Kalyan,0.64,True
TW100828,2026-07-29 23:49:00,2026-07-29 23:56:12.000000,5.1,7.2,scooter ,19,4.2,High,Overcast,Dombivli,2.11,True
TW100007,2026-07-14 15:53:00,2026-07-14 15:59:36.000000,2.81,6.6,Motorcycle,27,4.2,Low,Rain,Ghodbunder Road,0.9,True
TW101106,2026-07-25 03:27:00,2026-07-25 03:41:24.000000,4.74,14.4,Motorcycle,23,4.4,Low,Clear,Mulund,0.85,True
TW100382,2026-07-14 06:47:00,2026-07-14 06:53:18.000000,1.67,6.3,Motorcycle,33,4.3,High,Clear,Airoli,2.4,True
TW102530,2026-07-09 08:55:00,2026-07-09 09:43:54.000000,14.24,48.9,Motorcycle,31,4.4,High,Rain,Dombivli,0.2,False
TW103537,2026-07-23 06:17:00,2026-07-23 06:25:24.000000,3.55,8.4,Electric Scooter,27,4.4,High,Clear,Ghodbunder Road,2.57,True
TW100030,2026-07-18 16:40:00,2026-07-18 16:56:42.000000,3.31,16.7,Scooter,32,4.3,High,Rain,Mumbra,2.35,True
TW104033,2026-07-27 03:41:00,2026-07-27 04:03:00.000000,4.23,22.0,Electric Scooter,26,4.9,Medium,Clear,Mulund,1.24,True
TW101046,2026-07-24 05:06:00,2026-07-24 05:12:12.000000,2.14,6.2,Electric Scooter,42,3.9,Low,Clear,Airoli,6.19,True
TW103538,2026-07-16 00:40:00,2026-07-16 00:48:36.000000,3.34,8.6,2-Wheeler,41,4.6,Medium,Overcast,Ghodbunder Road,1.24,True
TW100623,2026-07-01 11:27:00,2026-07-01 11:33:54.000000,2.94,6.9,Scooter,27,4.6,Medium,Clear,Ghodbunder Road,4.82,True
TW100918,2026-07-25 16:58:00,2026-07-25 17:12:54.000000,4.92,14.9,Scooter,21,4.3,High,Clear,Mulund,0.36,True
TW102371,2026-07-08 20:28:00,2026-07-08 20:33:00.000000,23.34836303975758,5.0,Motorcycle,42,4.5,High,Overcast,Mulund,1.77,True
TW102595,2026-07-14 15:06:00,2026-07-14 15:18:54.000000,4.15,12.9,Scooter,32,4.5,Medium,,Airoli,1.42,True
TW100208,2026-07-25 11:54:00,2026-07-25 12:05:24.000000,2.76,11.4,Scooter,26,3.1,Low,Clear,Vashi,0.75,True
TW104058,2026-07-07 03:26:00,2026-07-07 03:34:48.000000,4.02,8.8,Scooter,34,5.0,Low,Rain,Dombivli,0.88,True
TW101936,2026-07-28 16:28:00,2026-07-28 16:36:48.000000,3.24,8.8,Motorcycle,36,4.2,Low,Clear,Vashi,2.82,True
TW104519,2026-07-06 14:47:00,2026-07-06 15:05:18.000000,4.67,18.3,Scooter,27,4.5,High,Overcast,Airoli,6.43,True
TW101720,2026-07-30 23:42:00,2026-07-30 23:46:00.000000,3.09,4.0,Motorcycle,26,4.6,Low,Clear,Kalyan,7.23,True
TW100797,2026-07-30 21:06:00,2026-07-30 21:27:36.000000,5.96,21.6,Electric Scooter,39,4.2,Medium,Clear,Dombivli,0.2,True
TW102049,2026-07-06 15:59:00,2026-07-06 16:03:00.000000,2.42,4.0,Motorcycle,20,3.8,Low,Rain,Thane West,2.2,True
TW102396,2026-07-13 10:29:00,2026-07-13 10:45:12.000000,7.28,16.2,Scooter,37,4.7,Low,Clear,Airoli,7.89,True
TW101352,2026-07-19 00:29:00,2026-07-19 00:42:48.000000,4.15,13.8,Motorcycle,21,4.8,Medium,Clear,Kalyan,1.93,True
TW102219,2026-07-19 20:34:00,2026-07-19 20:44:42.000000,5.19,10.7,Motorcycle,28,4.9,Low,Clear,Vashi,0.56,True
TW100646,2026-07-11 14:57:00,2026-07-11 15:04:00.000000,3.96,7.0,Motorcycle,41,4.7,Medium,Clear,Thane West,0.78,True
TW103955,2026-07-23 11:08:00,2026-07-23 11:13:30.000000,2.34,5.5,Motorcycle,34,4.5,Low,Overcast,Mumbra,0.4,True
TW104237,2026-07-26 23:48:00,2026-07-26 23:52:00.000000,0.9,4.0,Scooter,22,4.4,High,Rain,Airoli,2.51,True
TW102175,2026-07-10 16:09:00,2026-07-10 16:34:24.000000,9.91,25.4,Motorcycle,30,4.6,Medium,Rain,Thane West,1.66,False
TW100836,2026-07-24 11:10:00,2026-07-24 11:14:00.000000,1.39,4.0,Scooter,42,4.5,High,Overcast,Kalyan,1.52,True
TW102470,2026-07-05 14:11:00,2026-07-05 14:21:18.000000,4.4,10.3,Scooter,44,4.4,High,Clear,Mumbra,0.2,True
TW103504,2026-07-22 16:38:00,2026-07-22 16:58:06.000000,6.94,20.1,Motorcycle,25,3.8,High,Clear,Mulund,0.42,True
TW102587,2026-07-02 08:31:00,2026-07-02 08:35:00.000000,1.6,4.0,Electric Scooter,38,4.3,Low,Clear,Thane West,0.48,True
TW101139,2026-07-03 19:21:00,2026-07-03 19:34:42.000000,6.14,13.7,Motorcycle,30,4.0,Medium,Clear,Airoli,1.36,True
TW102685,2026-07-03 08:34:00,2026-07-03 08:46:12.000000,3.39,12.2,Motorcycle,24,4.3,Medium,Rain,Airoli,1.64,True
TW101660,2026-07-25 06:56:00,2026-07-25 07:05:06.000000,3.49,9.1,Motorcycle,20,4.2,High,Clear,Thane West,0.29,True
TW104037,2026-07-04 08:06:00,2026-07-04 08:22:36.000000,5.08,16.6,Electric Scooter,31,4.8,Medium,Overcast,Navi Mumbai,0.2,True
TW101342,2026-07-23 07:42:00,2026-07-23 07:53:48.000000,3.74,11.8,Scooter,33,4.4,Medium,,Mumbra,2.6,True
TW103859,2026-07-14 13:00:00,2026-07-14 13:07:30.000000,5.29,7.5,Scooter,32,4.6,Low,Clear,Dombivli,0.37,True
TW104827,2026-07-07 13:11:00,2026-07-07 13:15:00.000000,1.24,4.0,Scooter,39,3.8,Medium,Rain,Navi Mumbai,0.2,True
TW101383,2026-07-30 15:50:00,2026-07-30 16:16:06.000000,7.23,26.1,Scooter,21,4.0,Low,Rain,Navi Mumbai,3.65,False
TW100373,2026-07-16 20:38:00,2026-07-16 20:48:42.000000,23.279360419026027,10.7,Scooter,29,4.9,High,Rain,Kalyan,3.28,True
TW102267,2026-07-20 21:50:00,2026-07-20 21:54:00.000000,1.51,4.0,Scooter,20,4.4,Low,Rain,Ghodbunder Road,0.2,True
TW103867,2026-07-01 14:44:00,2026-07-01 14:54:12.000000,4.14,10.2,Scooter,33,4.0,Medium,Clear,Navi Mumbai,2.23,True
TW102381,2026-07-21 20:42:00,2026-07-21 20:48:48.000000,2.12,6.8,Motorcycle,40,4.4,Low,Rain,Thane West,1.91,True
TW102273,2026-07-03 03:31:00,2026-07-03 03:46:12.000000,4.79,15.2,Electric Scooter,39,4.8,High,Rain,Dombivli,0.86,True
TW104308,2026-07-17 11:07:00,2026-07-17 11:17:18.000000,3.68,10.3,Electric Scooter,44,3.3,High,Clear,Navi Mumbai,1.01,True
TW104655,2026-07-19 15:34:00,2026-07-19 15:45:06.000000,3.44,11.1,Scooter,35,,High,Overcast,Mumbra,0.23,True
TW101137,2026-07-09 14:34:00,2026-07-09 14:44:42.000000,2.8,10.7,Scooter,32,3.6,Low,Clear,Kalyan,0.44,True
TW104278,2026-07-30 15:00:00,2026-07-30 15:06:54.000000,2.48,6.9,Electric Scooter,25,3.8,Medium,Overcast,Navi Mumbai,0.22,True
TW103408,2026-07-05 05:38:00,2026-07-05 05:52:06.000000,3.9,14.1,motorbike,20,4.1,Medium,Clear,Vashi,0.2,True
TW100750,2026-07-13 21:29:00,2026-07-13 21:46:30.000000,5.17,17.5,Scooter,28,5.0,Low,Rain,Kalyan,3.11,True
TW101434,2026-07-26 03:41:00,2026-07-26 04:05:48.000000,6.11,24.8,Scooter,37,4.1,Medium,Clear,Mumbra,1.4,True
TW100813,2026-07-01 22:04:00,2026-07-01 22:18:30.000000,6.14,14.5,Electric Scooter,24,4.9,High,Overcast,Thane West,1.39,True
TW103139,2026-07-04 01:35:00,2026-07-04 01:16:06.894720,7.27,19.0,Scooter,30,4.2,Medium,Clear,Navi Mumbai,0.27,True
TW100837,2026-07-29 18:38:00,2026-07-29 18:53:54.000000,5.19,15.9,Motorcycle,44,4.5,Medium,Clear,Bhandup,0.2,True
TW103424,2026-07-05 11:52:00,2026-07-05 11:59:24.000000,2.84,7.4,Motorcycle,27,3.8,High,Rain,Vashi,0.24,True
TW104965,2026-07-03 22:02:00,2026-07-03 22:22:36.000000,8.06,20.6,Scooter,23,4.9,Medium,Clear,Vashi,1.12,True
TW103462,2026-07-19 19:59:00,2026-07-19 20:07:06.000000,3.96,8.1,Scooter,40,4.7,High,Clear,Mumbra,0.86,True
TW103311,2026-07-25 03:07:00,2026-07-25 03:24:00.000000,3.41,17.0,Scooter,23,3.9,High,Clear,Airoli,2.82,True
TW103018,2026-07-12 21:31:00,2026-07-12 21:42:06.000000,4.59,11.1,Motorcycle,36,4.3,Medium,Rain,Thane West,1.65,True
TW100676,2026-07-20 09:12:00,2026-07-20 09:18:36.000000,2.95,6.6,Motorcycle,26,4.8,Low,Overcast,Thane West,3.03,True
TW102005,2026-07-21 12:57:00,2026-07-21 12:50:18.991715,6.39,15.6,Scooter,38,3.6,High,Clear,Bhandup,2.61,True
TW101526,2026-07-12 04:35:00,2026-07-12 04:47:48.000000,5.4,12.8,Scooter,41,4.7,Medium,Rain,Ghodbunder Road,0.2,True
TW104661,2026-07-14 19:01:00,2026-07-14 19:21:42.000000,4.35,20.7,Motorcycle,22,5.0,,Clear,Navi Mumbai,1.44,True
TW103330,2026-07-20 00:12:00,2026-07-20 00:27:48.000000,5.1,15.8,Scooter,39,4.8,Medium,Clear,Vashi,6.67,True
TW101148,2026-07-09 15:09:00,2026-07-09 15:26:42.000000,7.22,17.7,Motorcycle,32,4.2,Medium,Clear,Ghodbunder Road,3.34,True
TW102130,2026-07-05 07:14:00,2026-07-05 07:30:18.000000,2.84,16.3,Scooter,44,4.0,Low,Clear,Vashi,3.07,True
TW100722,2026-07-15 16:36:00,2026-07-15 16:49:24.000000,4.2,13.4,Electric Scooter,19,3.9,Low,Rain,Kalyan,1.13,True
TW104907,2026-07-13 12:51:00,2026-07-13 13:08:36.000000,5.78,17.6,Motorcycle,42,4.0,High,Overcast,Mulund,2.23,True
TW100473,2026-07-29 04:47:00,2026-07-29 05:11:30.000000,9.51,24.5,Motorcycle,38,4.7,High,Rain,Mulund,5.83,True
TW102854,2026-07-01 18:00:00,2026-07-01 18:06:06.000000,2.23,6.1,Motorcycle,36,4.0,Low,Clear,Bhandup,1.41,True
TW103589,2026-07-11 13:10:00,2026-07-11 13:26:42.000000,0.0,16.7,Motorcycle,39,4.5,Medium,Clear,Airoli,2.9,True
TW100612,2026-07-09 09:37:00,2026-07-09 09:41:54.000000,2.83,4.9,Electric Scooter,37,3.8,Medium,Clear,Airoli,4.49,True
TW100049,2026-07-16 10:45:00,2026-07-16 10:25:28.932449,2.78,8.0,Motorcycle,42,3.9,High,Clear,Ghodbunder Road,1.14,True
TW101944,2026-07-02 06:38:00,2026-07-02 06:52:36.000000,3.7,14.6,Motorcycle,41,4.5,Low,Clear,Dombivli,2.67,True
TW101925,2026-07-06 20:46:00,2026-07-06 20:54:24.000000,3.05,8.4,Scooter,28,5.0,Medium,Overcast,Thane West,2.07,True
TW103886,2026-07-09 10:29:00,2026-07-09 10:52:36.000000,8.24,23.6,Scooter,35,4.0,High,Clear,Vashi,,True
TW101537,2026-07-30 16:53:00,2026-07-30 17:01:36.000000,4.01,8.6,Electric Scooter,40,4.5,High,Rain,Ghodbunder Road,0.77,True
TW101316,2026-07-01 05:12:00,2026-07-01 05:18:42.000000,2.92,6.7,Electric Scooter,27,4.0,Medium,Clear,Thane West,5.2,True
TW101613,2026-07-07 19:25:00,2026-07-07 19:29:00.000000,1.98,4.0,Electric Scooter,29,4.8,High,Clear,Dombivli,8.79,True
TW100741,2026-07-01 13:37:00,2026-07-01 13:55:18.000000,7.98,18.3,motorbike,34,4.6,Low,Rain,Mumbra,0.2,True
TW102189,2026-07-30 13:20:00,2026-07-30 13:24:00.000000,1.66,4.0,Motorcycle,28,4.7,Low,Clear,Thane West,0.3,True
TW102842,2026-07-14 01:38:00,2026-07-14 01:42:00.000000,1.86,-3.0699128189851423,Scooter,44,4.3,High,Clear,Mumbra,3.14,True
TW103249,2026-07-07 02:27:00,2026-07-07 02:31:00.000000,1.42,4.0,Scooter,39,4.0,High,Clear,Bhandup,2.26,True
TW104465,2026-07-10 19:29:00,2026-07-10 19:33:00.000000,17.937344427660857,4.0,Electric Scooter,34,4.6,Medium,Clear,Bhandup,0.55,True
TW102792,2026-07-08 07:21:00,2026-07-08 07:35:54.000000,4.52,14.9,Motorcycle,32,4.4,Low,Clear,Kalyan,2.91,True
TW101501,2026-07-30 02:29:00,2026-07-30 02:44:30.000000,5.21,15.5,Electric Scooter,43,4.9,High,Rain,Airoli,0.49,True
TW102343,2026-07-08 20:31:00,2026-07-08 20:43:54.000000,3.68,12.9,Motorcycle,29,4.9,Low,Clear,Vashi,0.96,True
TW101235,2026-07-29 06:35:00,2026-07-29 06:49:12.000000,4.74,14.2,Scooter,41,5.0,High,Clear,Mulund,2.08,True
TW103782,2026-07-08 06:48:00,2026-07-08 06:52:00.000000,1.16,4.0,Motorcycle,36,4.0,High,Clear,Vashi,1.22,True
TW102474,2026-07-12 10:28:00,2026-07-12 10:35:12.000000,2.08,7.2,Motorcycle,20,4.5,Low,Clear,Mulund,0.85,True
TW104413,2026-07-20 15:36:00,2026-07-20 15:44:48.000000,2.03,8.8,Electric Scooter,42,4.5,High,Clear,Mumbra,2.88,True
TW100559,2026-07-13 00:53:00,2026-07-13 01:05:00.000000,2.64,12.0,Electric Scooter,28,4.3,High,Clear,Dombivli,3.56,True
TW101175,2026-07-14 12:51:00,2026-07-14 12:57:48.000000,2.77,6.8,Scooter,38,4.1,Medium,Clear,Ghodbunder Road,5.32,True
TW101456,2026-07-29 03:18:00,2026-07-29 03:28:00.000000,1.56,10.0,Scooter,27,3.8,Low,Overcast,Navi Mumbai,0.46,True
TW104071,2026-07-20 04:25:00,2026-07-20 04:35:42.000000,23.74977999352115,10.7,Scooter,32,4.5,Medium,Clear,Navi Mumbai,1.79,True
TW101807,2026-07-01 05:22:00,2026-07-01 05:39:24.000000,4.09,17.4,Scooter,33,4.4,High,Clear,Thane West,4.84,True
TW101711,2026-07-26 12:53:00,2026-07-26 13:17:00.000000,8.46,24.0,Scooter,19,4.9,High,Clear,Navi Mumbai,0.41,True
TW103158,2026-07-09 19:16:00,2026-07-09 20:07:30.000000,14.53,51.5,Motorcycle,38,5.0,Low,Overcast,Mulund,6.55,False
TW103799,2026-07-25 00:09:00,2026-07-25 00:24:06.000000,3.83,15.1,Electric Scooter,26,4.5,Medium,Rain,Thane West,0.35,True
TW104288,2026-07-06 09:49:00,2026-07-06 10:05:24.000000,4.36,16.4,Motorcycle,36,4.9,,Clear,Airoli,0.2,True
TW102771,2026-07-07 18:40:00,2026-07-07 18:50:30.000000,4.05,10.5,Scooter,44,4.1,High,Rain,Thane West,4.01,True
TW103790,2026-07-06 20:08:00,2026-07-06 20:12:42.000000,3.61,4.7,Motorcycle,40,4.3,Low,Overcast,Mumbra,,True
TW101328,2026-07-20 06:47:00,2026-07-20 06:52:06.000000,2.1,5.1,Scooter,39,4.4,High,Clear,Kalyan,2.05,True
TW103165,2026-07-17 00:45:00,2026-07-17 00:49:00.000000,1.72,4.0,Motorcycle,28,3.9,Low,Overcast,Thane West,2.16,True
TW102036,2026-07-24 08:30:00,2026-07-24 08:39:48.000000,2.5,-1.8550389827548321,Scooter,32,4.4,Medium,Overcast,Bhandup,0.74,True
TW102468,2026-07-25 00:33:00,2026-07-25 00:48:06.000000,3.97,15.1,Motorcycle,37,4.1,High,Clear,Ghodbunder Road,1.36,True
TW100012,2026-07-30 13:56:00,2026-07-30 14:00:00.000000,1.38,4.0,Motorcycle,31,4.6,Medium,Clear,Airoli,3.23,True
TW100138,2026-07-13 11:32:00,2026-07-13 11:40:12.000000,4.62,8.2,Motorcycle,26,4.8,Low,Clear,Vashi,0.46,True
TW101002,2026-07-17 19:51:00,2026-07-17 20:02:54.000000,7.24,11.9,Bike,36,,High,Overcast,Thane West,5.73,True
TW102564,2026-07-09 13:22:00,2026-07-09 13:40:54.000000,5.84,18.9,Motorcycle,39,4.4,Low,Rain,Airoli,1.9,True
TW101127,2026-07-06 22:33:00,2026-07-06 22:37:00.000000,2.03,4.0,Electric Scooter,44,4.2,High,Clear,Bhandup,1.58,True
TW100082,2026-07-04 23:37:00,2026-07-04 23:43:42.000000,1.7,6.7,Scooter,24,3.3,High,Clear,Kalyan,2.62,True
TW104610,2026-07-24 02:29:00,2026-07-24 02:51:42.000000,8.06,22.7,Electric Scooter,26,4.0,Medium,Clear,Navi Mumbai,0.59,True
TW100567,2026-07-09 12:13:00,2026-07-09 12:23:36.000000,0.0,10.6,Motorcycle,32,4.4,High,Clear,Navi Mumbai,2.15,True
TW102719,2026-07-14 07:15:00,2026-07-14 07:19:00.000000,1.31,4.0,Electric Scooter,23,4.2,Low,Clear,Vashi,2.54,True
TW100002,2026-07-03 23:17:00,2026-07-03 23:29:36.000000,3.39,12.6,Scooter,33,4.5,Medium,Overcast,Ghodbunder Road,1.42,True
TW103290,2026-07-20 13:29:00,2026-07-20 13:47:18.000000,7.07,18.3,Electric Scooter,22,3.5,Low,Clear,Mulund,0.88,True
TW103044,2026-07-22 18:01:00,2026-07-22 18:12:54.000000,2.34,11.9,Motorcycle,36,4.7,Medium,Clear,Dombivli,4.06,True
TW104608,2026-07-16 15:20:00,2026-07-16 15:25:18.000000,2.53,5.3,Motorcycle,43,4.5,Medium,Overcast,Airoli,4.5,True
TW104163,2026-07-16 12:22:00,2026-07-16 12:31:24.000000,2.75,9.4,Electric Scooter,25,4.0,High,Clear,Mulund,3.03,True
TW100508,2026-07-21 08:40:00,2026-07-21 08:45:42.000000,1.57,5.7,Motorcycle,26,5.0,High,Clear,Airoli,0.2,True
TW104295,2026-07-12 12:37:00,2026-07-12 12:47:18.000000,2.61,10.3,Motorcycle,43,4.5,Low,Overcast,Thane West,0.31,True
TW103875,2026-07-19 01:32:00,2026-07-19 01:37:48.000000,3.29,5.8,Scooter,44,4.2,Medium,Clear,Thane West,1.25,True
TW103599,2026-07-24 17:53:00,2026-07-24 18:05:36.000000,4.79,12.6,Motorcycle,32,4.5,Medium,Clear,Thane West,2.65,True
TW100470,2026-07-20 01:29:00,2026-07-20 01:39:18.000000,3.96,10.3,Motorcycle,28,4.2,Low,Rain,Bhandup,0.75,True
TW101856,2026-07-14 14:19:00,2026-07-14 14:25:48.000000,2.79,6.8,Motorcycle,37,4.7,High,Clear,Thane West,2.85,True
TW101167,2026-07-07 10:12:00,2026-07-07 10:28:12.000000,3.9,16.2,Electric Scooter,27,5.0,Low,Rain,Vashi,1.25,True
TW102238,2026-07-29 02:01:00,2026-07-29 02:52:12.000000,13.1,51.2,Scooter,24,3.5,Medium,Clear,Ghodbunder Road,3.1,False
TW104228,2026-07-03 20:42:00,2026-07-03 20:57:42.000000,5.2,15.7,Scooter,38,4.4,Low,Clear,Mulund,1.42,True
TW101672,2026-07-07 00:22:00,2026-07-07 00:26:00.000000,1.49,4.0,Scooter,27,3.7,Low,Rain,Ghodbunder Road,3.59,True
TW104166,2026-07-13 14:28:00,2026-07-13 14:39:54.000000,3.13,11.9,Motorcycle,30,4.3,High,Clear,Vashi,1.84,True
TW100346,2026-07-01 11:16:00,2026-07-01 11:28:06.000000,18.491298130305566,12.1,Scooter,26,4.3,Medium,Clear,Kalyan,1.15,True
TW100929,2026-07-10 19:53:00,2026-07-10 20:00:18.000000,3.4,7.3,bike,33,5.0,Medium,Rain,Dombivli,,True
TW101984,2026-07-03 22:17:00,2026-07-03 22:21:36.000000,2.29,4.6,Motorcycle,43,4.5,High,Rain,Kalyan,3.08,True
TW103794,2026-07-23 03:00:00,2026-07-23 03:22:24.000000,6.78,22.4,Motorcycle,40,4.4,Medium,Overcast,Navi Mumbai,3.06,True
TW104557,2026-07-19 12:26:00,2026-07-19 12:50:42.000000,7.11,24.7,Motorcycle,41,4.3,Medium,Clear,Bhandup,2.08,True
TW100576,2026-07-18 21:59:00,2026-07-18 22:54:18.000000,18.62,55.3,Electric Scooter,25,3.4,High,Rain,Kalyan,2.92,False
TW100168,2026-07-21 19:59:00,2026-07-21 20:10:00.000000,5.7,11.0,Electric Scooter,34,4.3,Low,Clear,Airoli,1.17,True
TW101027,2026-07-18 06:25:00,2026-07-18 06:31:24.000000,2.04,6.4,Scooter,30,4.1,High,Overcast,Dombivli,1.96,True
TW101945,2026-07-22 04:54:00,2026-07-22 04:58:00.000000,2.03,4.0,Scooter,22,4.7,High,Clear,Mulund,0.63,True
TW104973,2026-07-16 05:24:00,2026-07-16 05:31:12.000000,1.59,7.2,Motorcycle,42,4.4,High,Clear,Mulund,1.59,True
TW104918,2026-07-09 21:30:00,2026-07-09 21:34:00.000000,1.29,4.0,Motorcycle,23,3.7,Low,Clear,Thane West,2.04,True
TW102149,2026-07-02 09:35:00,2026-07-02 09:39:00.000000,1.1,4.0,Scooter,26,3.9,Low,Clear,Kalyan,0.82,True
TW100703,2026-07-11 17:47:00,2026-07-11 17:52:48.000000,1.23,5.8,Motorcycle,36,4.1,Medium,Clear,Ghodbunder Road,1.71,True
TW103068,2026-07-23 01:59:00,2026-07-23 02:39:42.000000,12.29,40.7,Motorcycle,37,3.8,High,Clear,Kalyan,1.48,False
TW102675,2026-07-15 06:28:00,2026-07-15 06:46:18.000000,7.96,18.3,Electric Scooter,37,4.0,High,Rain,Thane West,2.72,True
TW103812,2026-07-21 07:00:00,2026-07-21 07:13:42.000000,6.33,13.7,Electric Scooter,25,4.4,High,Clear,Ghodbunder Road,1.63,True
TW103159,2026-07-25 06:53:00,2026-07-25 06:57:00.000000,1.54,4.0,Motorcycle,40,3.8,Low,Rain,Thane West,2.34,True
TW101741,2026-07-21 10:58:00,2026-07-21 11:15:36.000000,5.58,17.6,Motorcycle,23,4.5,Medium,Clear,Bhandup,0.5,True
TW104009,2026-07-01 08:16:00,2026-07-01 08:31:12.000000,5.43,15.2,Scooter,37,3.9,Low,Clear,Bhandup,0.2,True
TW103116,2026-07-22 11:46:00,2026-07-22 11:51:48.000000,1.7,5.8,Scooter,41,4.7,Medium,Overcast,Dombivli,1.5,True
TW103257,2026-07-16 18:01:00,2026-07-16 18:10:54.000000,3.27,9.9,Electric Scooter,26,3.6,Low,Clear,Kalyan,2.3,True
TW104378,2026-07-28 22:02:00,2026-07-28 22:20:18.000000,3.93,18.3,Scooter,29,4.3,High,Overcast,Mumbra,0.58,True
TW101039,2026-07-28 05:15:00,2026-07-28 05:29:54.000000,5.01,14.9,Scooter,41,3.3,High,Rain,Mulund,1.55,True
TW103664,2026-07-13 16:47:00,2026-07-13 16:54:06.000000,1.97,7.1,Scooter,19,3.9,Medium,Clear,Kalyan,1.84,True
TW104303,2026-07-11 12:35:00,2026-07-11 12:41:06.000000,1.52,6.1,scooter ,34,5.0,Medium,Clear,Thane West,0.37,True
TW102643,2026-07-07 06:04:00,2026-07-07 06:08:00.000000,1.71,4.0,Motorcycle,25,4.4,Medium,Overcast,Mumbra,2.3,True
TW102586,2026-07-01 00:58:00,2026-07-01 01:09:18.000000,3.04,11.3,Motorcycle,20,4.4,Low,Clear,Ghodbunder Road,1.55,True
TW103002,2026-07-16 01:04:00,2026-07-16 01:09:36.000000,18.895111331356578,5.6,Motorcycle,42,4.6,Medium,Rain,Mulund,0.45,True
TW102251,2026-07-23 22:41:00,2026-07-23 22:48:00.000000,2.04,7.0,Motorcycle,33,3.5,Medium,Clear,Mulund,3.14,True
TW100654,2026-07-01 01:54:00,2026-07-01 02:11:00.000000,5.49,17.0,Electric Scooter,43,4.1,Medium,Clear,Bhandup,1.29,True
TW102579,2026-07-03 14:46:00,2026-07-03 15:05:24.000000,4.18,19.4,Motorcycle,30,4.5,Medium,Clear,Airoli,3.18,True
TW102266,2026-07-20 17:34:00,2026-07-20 17:40:24.000000,1.32,6.4,Motorcycle,29,4.5,,Rain,Ghodbunder Road,5.12,True
TW101169,2026-07-27 08:23:00,2026-07-27 08:36:06.000000,3.92,13.1,Scooter,40,4.2,Medium,Clear,Dombivli,3.04,True
TW100658,2026-07-15 06:50:00,2026-07-15 07:02:18.000000,3.81,12.3,Scooter,38,4.2,Low,Clear,Bhandup,0.78,True
TW104005,2026-07-29 18:14:00,2026-07-29 18:20:18.000000,2.8,6.3,Motorcycle,38,4.5,High,Clear,Kalyan,2.25,True
TW104287,2026-07-11 21:41:00,2026-07-11 21:56:06.000000,3.25,15.1,Scooter,39,4.2,Medium,Clear,Bhandup,5.95,True
TW102995,2026-07-17 12:13:00,2026-07-17 12:20:18.000000,4.49,7.3,Scooter,26,4.1,Medium,Overcast,Mumbra,4.1,True
TW104423,2026-07-11 06:31:00,2026-07-11 06:52:12.000000,9.69,21.2,Scooter,34,4.2,High,Clear,Vashi,0.99,True
TW104469,2026-07-22 13:54:00,2026-07-22 14:10:30.000000,6.84,16.5,Motorcycle,28,4.3,Low,Rain,Dombivli,0.38,True
TW102291,2026-07-04 04:40:00,2026-07-04 04:54:00.000000,5.56,14.0,Scooter,31,4.3,Medium,Clear,Thane West,0.2,True
TW100876,2026-07-02 12:35:00,2026-07-02 12:45:12.000000,3.35,10.2,Motorcycle,43,4.0,Medium,Clear,Vashi,2.15,True
TW102101,2026-07-19 09:22:00,2026-07-19 10:05:12.000000,11.8,43.2,Scooter,33,4.8,Medium,Clear,Mulund,0.7,False
TW100466,2026-07-11 22:19:00,2026-07-11 22:38:18.000000,8.1,19.3,Electric Scooter,38,4.5,Medium,Clear,Mumbra,0.2,True
TW103096,2026-07-23 09:00:00,2026-07-23 09:04:00.000000,1.39,4.0,Scooter,40,,Low,Clear,Vashi,0.69,True
TW101595,2026-07-17 15:38:00,2026-07-17 16:08:06.000000,9.0,30.1,Scooter,23,4.1,Low,Overcast,Thane West,0.36,False
TW101118,2026-07-20 20:13:00,2026-07-20 20:32:00.000000,4.44,19.0,Scooter,23,3.7,Low,Clear,Airoli,0.56,True
TW100385,2026-07-13 09:40:00,2026-07-13 09:44:00.000000,1.13,4.0,Motorcycle,25,5.0,Medium,Clear,Airoli,0.2,True
TW102378,2026-07-19 06:46:00,2026-07-19 06:50:00.000000,0.55,4.0,Scooter,25,4.6,,Clear,Ghodbunder Road,0.4,True
TW103982,2026-07-25 20:36:00,2026-07-25 20:42:30.000000,0.79,6.5,Motorcycle,39,4.5,Medium,Clear,Airoli,0.2,True
TW100926,2026-07-11 08:18:00,2026-07-11 08:35:30.000000,4.1,17.5,Motorcycle,41,3.6,Low,Clear,Vashi,0.74,True
TW104298,2026-07-05 09:21:00,2026-07-05 09:39:18.000000,7.18,18.3,Motorcycle,20,4.0,High,Overcast,Mumbra,1.26,True
TW101934,2026-07-02 04:42:00,2026-07-02 04:47:12.000000,2.25,5.2,Motorcycle,32,4.1,High,Clear,Ghodbunder Road,0.49,True
TW103305,2026-07-11 10:09:00,2026-07-11 10:16:42.000000,2.68,7.7,Motorcycle,32,,Low,Rain,Kalyan,0.78,True
TW100118,2026-07-19 00:55:00,2026-07-19 01:32:12.000000,9.53,37.2,Electric Scooter,25,4.6,Low,Rain,Bhandup,0.57,False
TW103308,2026-07-24 15:40:00,2026-07-24 15:47:54.000000,2.45,7.9,Motorcycle,38,4.1,High,Overcast,Mumbra,0.2,True
TW100637,2026-07-28 22:59:00,2026-07-28 23:21:54.000000,8.7,22.9,Electric Scooter,34,4.0,Low,Rain,Mulund,1.56,True
TW103488,2026-07-11 13:18:00,2026-07-11 13:34:00.000000,4.04,16.0,Motorcycle,31,4.2,Low,Rain,Mumbra,3.94,True
TW104574,2026-07-26 11:23:00,2026-07-26 11:27:48.000000,4.5,4.8,Scooter,32,4.7,High,Rain,Dombivli,1.68,True
TW103697,2026-07-15 23:20:00,2026-07-15 23:40:36.000000,6.19,20.6,Scooter,33,4.0,High,Overcast,Airoli,1.8,True
TW102816,2026-07-07 01:34:00,2026-07-07 01:42:30.000000,3.01,8.5,Scooter,32,3.8,Low,Rain,Navi Mumbai,8.44,True
TW104043,2026-07-14 07:19:00,2026-07-14 07:23:48.000000,1.2,4.8,Motorcycle,27,4.3,Low,Rain,Bhandup,2.3,True
TW101813,2026-07-06 03:22:00,2026-07-06 03:28:24.000000,2.86,6.4,Electric Scooter,23,5.0,Medium,Overcast,Kalyan,4.33,True
TW103104,2026-07-12 01:24:00,2026-07-12 01:44:00.000000,5.81,20.0,Scooter,39,3.8,Low,Clear,Kalyan,3.41,True
TW104205,2026-07-28 19:24:00,2026-07-28 19:45:36.000000,6.02,21.6,Motorcycle,31,4.3,High,Clear,Bhandup,1.79,True
TW101865,2026-07-18 18:42:00,2026-07-18 18:47:42.000000,1.82,5.7,Electric Scooter,36,3.8,Medium,Clear,Bhandup,1.79,True
TW102670,2026-07-09 01:54:00,2026-07-09 02:05:54.000000,3.07,11.9,Motorcycle,44,3.8,Medium,Clear,Dombivli,0.57,True
TW101854,2026-07-26 12:14:00,2026-07-26 13:03:54.000000,14.45,49.9,Motorcycle,40,3.8,Medium,Clear,Mulund,0.66,False
TW101210,2026-07-26 09:27:00,2026-07-26 09:33:54.000000,2.17,6.9,electric scooter,42,4.4,High,Clear,Ghodbunder Road,2.47,True
TW102727,2026-07-10 11:39:00,2026-07-10 12:03:48.000000,5.32,24.8,Motorcycle,19,4.2,Medium,Rain,Vashi,3.39,True
TW103498,2026-07-13 09:47:00,2026-07-13 10:08:36.000000,8.41,21.6,Scooter,25,4.3,Medium,Clear,Airoli,0.2,True
TW104982,2026-07-17 20:09:00,2026-07-17 20:15:36.000000,0.8,6.6,Scooter,41,3.9,Low,Clear,Navi Mumbai,2.66,True
TW100142,2026-07-05 07:32:00,2026-07-05 07:43:18.000000,4.38,11.3,Scooter,44,4.5,Low,Clear,Kalyan,0.2,True
TW102460,2026-07-06 23:51:00,2026-07-06 23:59:54.000000,2.25,8.9,Motorcycle,38,5.0,Low,Rain,Mumbra,2.85,True
TW103626,2026-07-05 08:18:00,2026-07-05 08:29:36.000000,4.05,11.6,Motorcycle,43,3.8,Low,,Thane West,0.7,True
TW100287,2026-07-23 15:35:00,2026-07-23 15:53:24.000000,5.69,18.4,Scooter,44,4.8,Medium,Rain,Thane West,2.46,True
TW104454,2026-07-28 09:58:00,2026-07-28 10:04:36.000000,1.8,6.6,Motorcycle,27,4.2,Medium,Rain,Bhandup,2.32,True
TW101568,2026-07-19 14:51:00,2026-07-19 14:55:00.000000,3.1,4.0,Motorcycle,32,4.5,Low,Clear,Dombivli,3.21,True
TW104894,2026-07-10 17:48:00,2026-07-10 17:52:42.000000,2.61,4.7,Electric Scooter,32,4.3,Medium,Clear,Vashi,0.36,True
TW102715,2026-07-05 23:02:00,2026-07-05 23:27:00.000000,8.57,25.0,Motorcycle,27,3.9,High,Clear,Bhandup,0.59,True
TW103032,2026-07-28 06:34:00,2026-07-28 06:38:42.000000,1.3,4.7,Scooter,43,3.3,Medium,Clear,Kalyan,1.58,True
TW100947,2026-07-06 05:08:00,2026-07-06 05:12:00.000000,1.35,4.0,scooter ,33,3.9,High,Clear,Thane West,0.2,True
TW103301,2026-07-17 14:39:00,2026-07-17 14:55:00.000000,6.15,16.0,Scooter,26,4.6,Medium,Overcast,Dombivli,1.45,True
TW104171,2026-07-02 08:07:00,2026-07-02 08:34:42.000000,8.48,27.7,Motorcycle,43,4.1,Low,Rain,Mulund,2.32,False
TW100088,2026-07-20 04:29:00,2026-07-20 04:42:06.000000,5.0,13.1,Scooter,20,5.0,High,Rain,Airoli,1.45,True
TW102316,2026-07-04 11:38:00,2026-07-04 11:47:06.000000,2.11,9.1,Electric Scooter,26,5.0,High,Rain,Mulund,0.87,True
TW101200,2026-07-21 00:52:00,2026-07-21 00:56:00.000000,2.04,4.0,Motorcycle,23,5.0,Low,Clear,Airoli,0.79,True
TW103777,2026-07-22 11:28:00,2026-07-22 11:39:24.000000,5.2,11.4,Electric Scooter,40,4.9,Low,Clear,Dombivli,0.68,True
TW104630,2026-07-19 15:59:00,2026-07-19 16:03:00.000000,2.46,4.0,Motorcycle,34,4.0,High,Clear,Thane West,4.79,True
TW101390,2026-07-05 07:16:00,2026-07-05 07:20:00.000000,1.15,4.0,Scooter,19,4.1,High,Overcast,Mumbra,2.49,True
TW103153,2026-07-01 17:14:00,2026-07-01 17:39:18.000000,8.78,25.3,Scooter,43,4.0,Medium,Clear,Airoli,0.62,False
TW101905,2026-07-05 19:37:00,2026-07-05 19:46:24.000000,2.57,9.4,Scooter,28,4.8,Low,Clear,Ghodbunder Road,0.87,True
TW101678,2026-07-29 12:03:00,2026-07-29 12:07:54.000000,2.0,4.9,Motorcycle,32,4.5,Low,Rain,Bhandup,1.87,True
TW103562,2026-07-01 01:08:00,2026-07-01 01:37:24.000000,38.7237159776287,29.4,2-Wheeler,36,3.8,,Clear,Mulund,2.63,False
TW102421,2026-07-06 19:41:00,2026-07-06 20:07:30.000000,7.83,26.5,Motorcycle,20,4.5,Low,Clear,Mulund,3.62,False
TW104159,2026-07-30 12:27:00,2026-07-30 12:41:30.000000,4.17,14.5,Scooter,19,4.1,Low,Clear,Airoli,0.2,True
TW104286,2026-07-21 21:46:00,2026-07-21 22:04:54.000000,6.34,18.9,Electric Scooter,24,4.3,Low,Overcast,Mulund,0.25,True
TW104996,2026-07-21 14:57:00,2026-07-21 15:20:24.000000,10.04,23.4,Motorcycle,35,3.3,Medium,Clear,Navi Mumbai,3.12,True
TW103751,2026-07-01 20:49:00,2026-07-01 21:01:24.000000,1.96,12.4,Electric Scooter,19,4.2,High,Clear,Bhandup,0.62,True
TW104430,2026-07-15 16:01:00,2026-07-15 16:12:00.000000,2.21,11.0,Scooter,41,4.2,Medium,Clear,Thane West,0.2,True
TW101608,2026-07-01 10:01:00,2026-07-01 10:05:42.000000,3.84,4.7,Scooter,20,4.7,Medium,Overcast,Mumbra,2.76,True
TW103152,2026-07-04 22:54:00,2026-07-04 23:07:48.000000,4.21,13.8,scooter ,44,3.9,High,Clear,Bhandup,0.42,True
TW101848,2026-07-30 01:02:00,2026-07-30 01:06:36.000000,2.1,4.6,Electric Scooter,39,4.0,High,Clear,Bhandup,0.76,True
TW101440,2026-07-20 23:32:00,2026-07-20 23:56:54.000000,9.63,24.9,Motorcycle,32,4.6,Medium,Clear,Airoli,0.93,True
TW102356,2026-07-20 13:23:00,2026-07-20 13:28:06.000000,2.53,5.1,Motorcycle,26,3.6,Low,Clear,Dombivli,0.61,True
TW100419,2026-07-13 03:10:00,2026-07-13 03:24:54.000000,5.6,14.9,Motorcycle,27,4.4,Medium,Overcast,Airoli,3.92,True
TW103063,2026-07-27 01:38:00,2026-07-27 01:44:24.000000,3.86,6.4,Scooter,40,4.9,,Clear,Airoli,4.22,True
TW104034,2026-07-05 03:37:00,2026-07-05 03:41:00.000000,0.93,4.0,Motorcycle,40,4.4,Medium,Clear,Kalyan,0.2,True
TW101869,2026-07-18 02:58:00,2026-07-18 03:17:36.000000,6.67,19.6,Motorcycle,44,5.0,High,Clear,Navi Mumbai,,True
TW104082,2026-07-21 08:34:00,2026-07-21 08:53:12.000000,7.53,19.2,Motorcycle,25,4.2,Medium,Overcast,Thane West,1.44,True
TW100455,2026-07-14 10:00:00,2026-07-14 10:13:30.000000,4.43,13.5,Scooter,38,4.2,Medium,Rain,Mumbra,1.71,True
TW104606,2026-07-18 10:10:00,2026-07-18 10:17:00.000000,1.83,7.0,Scooter,36,3.8,Low,Clear,Mumbra,1.56,True
TW103468,2026-07-17 12:54:00,2026-07-17 12:58:00.000000,1.41,4.0,Electric Scooter,37,4.1,Low,Rain,Airoli,2.34,True
TW101247,2026-07-25 09:22:00,2026-07-25 09:27:36.000000,2.65,5.6,Motorcycle,43,4.4,Medium,Clear,Thane West,0.2,True
TW103470,2026-07-26 06:17:00,2026-07-26 06:30:12.000000,4.59,13.2,Motorcycle,41,4.8,Medium,Clear,Dombivli,0.28,True
TW104371,2026-07-01 09:00:00,2026-07-01 09:09:06.000000,3.53,9.1,Motorcycle,29,4.6,Medium,Rain,Navi Mumbai,2.25,True
TW104412,2026-07-22 01:37:00,2026-07-22 01:52:24.000000,3.5,15.4,Scooter,25,4.5,Low,Clear,Bhandup,2.57,True
TW100754,2026-07-21 14:07:00,2026-07-21 14:18:54.000000,5.14,11.9,Motorcycle,41,3.9,Medium,Clear,Navi Mumbai,,True
TW104710,2026-07-06 13:43:00,2026-07-06 13:59:36.000000,4.48,16.6,Motorcycle,31,4.5,Medium,Clear,Navi Mumbai,1.38,True
TW104284,2026-07-06 21:53:00,2026-07-06 22:05:36.000000,2.63,12.6,Scooter,31,4.0,Low,Overcast,Airoli,3.46,True
TW103814,2026-07-14 07:04:00,2026-07-14 07:15:54.000000,4.02,11.9,Scooter,21,4.3,Medium,Clear,Kalyan,2.2,True
TW104619,2026-07-13 19:02:00,2026-07-13 19:12:54.000000,3.73,10.9,Scooter,38,4.3,High,Clear,Bhandup,1.01,True
TW101862,2026-07-28 03:24:00,2026-07-28 03:31:24.000000,1.3,7.4,Motorcycle,44,3.7,Low,Clear,Kalyan,3.51,True
TW101745,2026-07-04 21:46:00,2026-07-04 22:02:24.000000,6.26,16.4,Motorcycle,23,4.9,Low,Clear,Dombivli,0.2,True
TW103703,2026-07-20 05:43:00,2026-07-20 05:52:42.000000,3.23,9.7,Motorcycle,24,4.8,Medium,Rain,Ghodbunder Road,0.2,True
TW103523,2026-07-12 17:05:00,2026-07-12 17:09:00.000000,1.08,4.0,Scooter,32,4.5,Medium,Clear,Vashi,1.41,True
TW101413,2026-07-12 01:13:00,2026-07-12 01:32:42.000000,0.0,19.7,Scooter,33,4.9,Medium,Clear,Vashi,1.44,True
TW101166,2026-07-26 21:17:00,2026-07-26 21:22:36.000000,1.85,5.6,Motorcycle,42,3.5,Medium,Clear,Airoli,3.33,True
TW103029,2026-07-06 10:29:00,2026-07-06 10:35:42.000000,1.58,6.7,Motorcycle,19,3.8,High,Overcast,Navi Mumbai,1.98,True
TW102755,2026-07-16 09:36:00,2026-07-16 10:06:18.000000,9.67,30.3,Motorcycle,21,4.0,High,Clear,Navi Mumbai,0.37,False
TW101126,2026-07-30 15:05:00,2026-07-30 15:14:06.000000,3.37,9.1,Scooter,37,4.3,Low,Clear,Dombivli,3.71,True
TW102740,2026-07-12 18:41:00,2026-07-12 18:51:24.000000,2.76,10.4,Motorcycle,29,4.7,Low,Clear,Vashi,1.66,True
TW104318,2026-07-22 09:39:00,2026-07-22 09:54:42.000000,4.29,15.7,Motorcycle,32,3.7,Low,Clear,Mumbra,0.39,True
TW103974,2026-07-16 19:23:00,2026-07-16 19:27:00.000000,1.94,4.0,Electric Scooter,21,4.1,Low,Clear,Ghodbunder Road,0.77,True
TW104331,2026-07-04 16:55:00,2026-07-04 17:23:12.000000,7.75,28.2,Scooter,27,4.6,Low,Rain,Ghodbunder Road,0.99,False
TW100749,2026-07-23 03:22:00,2026-07-23 03:33:42.000000,4.97,11.7,bike,38,4.4,High,Rain,Ghodbunder Road,0.57,True
TW104182,2026-07-12 12:07:00,2026-07-12 12:21:06.000000,5.0,14.1,Motorcycle,30,4.2,Medium,Clear,Airoli,0.77,True
TW100391,2026-07-30 17:52:00,2026-07-30 17:56:06.000000,2.0,4.1,2-Wheeler,19,4.8,Medium,Clear,Vashi,2.79,True
TW100997,2026-07-02 08:40:00,2026-07-02 08:54:12.000000,3.58,14.2,Motorcycle,22,4.4,Medium,Clear,Bhandup,3.63,True
TW102067,2026-07-09 16:57:00,2026-07-09 17:08:30.000000,4.23,11.5,Motorcycle,44,4.4,High,Rain,Dombivli,0.2,True
TW100914,2026-07-18 15:51:00,2026-07-18 15:55:00.000000,0.77,4.0,Scooter,38,4.6,Low,Clear,Thane West,1.5,True
TW104726,2026-07-06 04:23:00,2026-07-06 04:35:06.000000,4.2,12.1,Scooter,22,4.1,,Overcast,Bhandup,0.22,True
TW103467,2026-07-07 04:23:00,2026-07-07 04:35:24.000000,5.21,12.4,Motorcycle,35,4.3,Low,Clear,Vashi,0.2,True
TW104006,2026-07-24 19:24:00,2026-07-24 19:33:12.000000,4.27,9.2,Motorcycle,37,4.7,,Clear,Mumbra,4.32,True
TW100563,2026-07-24 12:06:00,2026-07-24 12:14:42.000000,1.77,8.7,Electric Scooter,41,5.0,Low,Rain,Mumbra,6.31,True
TW103590,2026-07-05 09:22:00,2026-07-05 09:46:00.000000,7.58,24.0,Scooter,39,4.6,Low,Clear,Dombivli,1.04,True
TW101354,2026-07-25 05:06:00,2026-07-25 05:22:30.000000,4.76,16.5,Motorcycle,36,5.0,Medium,Clear,Navi Mumbai,8.43,True
TW101424,2026-07-21 15:57:00,2026-07-21 16:01:00.000000,2.61,4.0,Motorcycle,43,4.4,Medium,Clear,Airoli,4.77,True
TW100746,2026-07-30 04:54:00,2026-07-30 04:58:00.000000,2.73,4.0,Scooter,44,4.7,Low,Overcast,Thane West,5.24,True
TW100158,2026-07-08 23:20:00,2026-07-08 23:34:18.000000,4.08,14.3,Scooter,22,3.7,Low,Overcast,Thane West,0.2,True
TW100485,2026-07-04 23:02:00,2026-07-04 23:20:18.000000,4.66,18.3,Motorcycle,19,,Medium,Overcast,Thane West,7.2,True
TW100347,2026-07-26 04:53:00,2026-07-26 05:11:48.000000,8.3,18.8,Scooter,23,,Medium,Rain,Mumbra,1.28,True
TW103912,2026-07-22 06:30:00,2026-07-22 06:43:30.000000,4.36,13.5,Scooter,24,4.4,Low,Clear,Ghodbunder Road,0.2,True
TW103935,2026-07-12 17:51:00,2026-07-12 17:58:54.000000,2.53,7.9,Electric Scooter,44,4.9,High,Overcast,Mumbra,0.65,True
TW101392,2026-07-17 18:01:00,2026-07-17 18:19:30.000000,6.31,18.5,Motorcycle,38,4.6,High,Clear,Dombivli,1.67,True
TW101560,2026-07-01 01:07:00,2026-07-01 01:14:36.000000,1.35,7.6,Motorcycle,31,4.6,Low,Clear,Mulund,0.42,True
TW101921,2026-07-28 13:30:00,2026-07-28 13:40:06.000000,3.17,10.1,Motorcycle,37,4.2,Medium,Overcast,Mumbra,2.72,True
TW100351,2026-07-28 13:04:00,2026-07-28 13:15:06.000000,4.36,11.1,Scooter,26,4.0,Medium,Clear,Mumbra,1.66,True
TW103444,2026-07-25 06:40:00,2026-07-25 06:44:00.000000,1.06,4.0,Motorcycle,33,4.9,Medium,Clear,Bhandup,2.41,True
TW100800,2026-07-22 05:37:00,2026-07-22 05:20:15.574486,1.57,4.0,Scooter,44,4.5,Low,Overcast,Vashi,1.11,True
TW103544,2026-07-01 05:29:00,2026-07-01 05:42:18.000000,4.65,13.3,Motorcycle,38,4.6,High,Clear,Navi Mumbai,0.2,True
TW100640,2026-07-13 02:16:00,2026-07-13 02:21:18.000000,1.54,5.3,Motorcycle,26,4.2,Medium,Overcast,Dombivli,3.21,True
TW100350,2026-07-03 19:30:00,2026-07-03 19:38:12.000000,3.61,8.2,Motorcycle,40,4.3,Medium,Clear,Navi Mumbai,0.84,True
TW100090,2026-07-15 09:25:00,2026-07-15 09:42:48.000000,5.52,17.8,Bike,36,4.5,High,Clear,Kalyan,0.6,True
TW104765,2026-07-20 08:30:00,2026-07-20 08:39:00.000000,3.74,9.0,Motorcycle,41,4.8,Medium,Clear,Kalyan,2.65,True
TW104852,2026-07-26 05:15:00,2026-07-26 05:35:12.000000,6.34,-3.395544834781658,Electric Scooter,38,4.3,Medium,Clear,Airoli,0.2,True
TW100895,2026-07-06 12:47:00,2026-07-06 12:59:36.000000,6.75,12.6,Motorcycle,43,4.7,High,Clear,Ghodbunder Road,0.53,True
TW102705,2026-07-11 23:05:00,2026-07-11 23:09:00.000000,0.85,4.0,Scooter,28,4.5,High,Overcast,Ghodbunder Road,7.73,True
TW100206,2026-07-03 17:29:00,2026-07-03 17:33:00.000000,2.24,4.0,Motorcycle,24,3.3,Medium,Clear,Bhandup,0.49,True
TW103714,2026-07-21 17:37:00,2026-07-21 17:51:00.000000,6.04,14.0,Scooter,28,4.5,,Rain,Navi Mumbai,0.98,True
TW102531,2026-07-30 06:54:00,2026-07-30 07:02:48.000000,2.37,8.8,Scooter,26,4.1,High,Clear,Airoli,12.07,True
TW100685,2026-07-03 00:44:00,2026-07-03 00:54:24.000000,4.66,10.4,Scooter,31,4.2,Low,Rain,Thane West,4.41,True
TW103335,2026-07-22 01:26:00,2026-07-22 01:39:42.000000,4.16,13.7,Scooter,44,4.2,Medium,Clear,Vashi,2.2,True
TW100586,2026-07-02 13:25:00,2026-07-02 13:33:30.000000,1.62,8.5,Motorcycle,43,4.5,Medium,Overcast,Thane West,0.59,True
TW101288,2026-07-03 22:23:00,2026-07-03 22:35:00.000000,4.97,12.0,Motorcycle,35,4.4,High,Clear,Ghodbunder Road,2.28,True
TW103475,2026-07-19 19:50:00,2026-07-19 20:00:36.000000,4.7,10.6,Motorcycle,43,,High,Clear,Ghodbunder Road,8.53,True
TW104813,2026-07-26 20:53:00,2026-07-26 21:12:42.000000,6.34,19.7,Motorcycle,28,4.0,Medium,Clear,Airoli,0.2,True
TW102405,2026-07-25 09:41:00,2026-07-25 10:00:24.000000,8.05,19.4,Scooter,32,4.0,Medium,Rain,Thane West,2.13,True
TW104236,2026-07-20 04:50:00,2026-07-20 04:57:06.000000,2.21,7.1,Scooter,31,4.0,Medium,,Vashi,1.02,True
TW104010,2026-07-27 11:52:00,2026-07-27 11:56:00.000000,2.25,4.0,Motorcycle,34,4.3,Low,Clear,Kalyan,4.06,True
TW104290,2026-07-14 02:55:00,2026-07-14 03:02:36.000000,3.29,7.6,Scooter,41,4.2,Medium,Rain,Kalyan,1.62,True
TW100020,2026-07-30 07:13:00,2026-07-30 07:29:12.000000,6.88,16.2,Electric Scooter,31,4.4,Medium,Clear,Thane West,0.48,True
TW103374,2026-07-06 18:29:00,2026-07-06 18:50:24.000000,8.35,21.4,Motorcycle,37,4.0,Low,Clear,Thane West,1.23,True
TW102737,2026-07-10 11:51:00,2026-07-10 11:55:00.000000,0.82,4.0,2-Wheeler,43,4.0,Medium,Clear,Ghodbunder Road,8.37,True
TW100667,2026-07-26 17:08:00,2026-07-26 17:14:00.000000,2.83,6.0,Scooter,34,4.5,Low,Clear,Bhandup,0.95,True
TW100958,2026-07-14 22:46:00,2026-07-14 23:08:54.000000,7.63,22.9,Scooter,36,4.0,High,Rain,Bhandup,2.09,True
TW104118,2026-07-23 14:44:00,2026-07-23 14:49:00.000000,2.15,5.0,Scooter,21,4.0,Medium,Clear,Airoli,2.33,True
TW103992,2026-07-21 13:32:00,2026-07-21 13:46:24.000000,5.12,14.4,Scooter,32,4.7,High,Rain,Thane West,0.43,True
TW102412,2026-07-24 22:04:00,2026-07-24 22:26:30.000000,8.15,22.5,Motorcycle,41,5.0,Medium,Rain,Airoli,1.62,True
TW102250,2026-07-11 19:29:00,2026-07-11 19:38:24.000000,4.86,427.6382478220062,Scooter,24,5.0,Medium,Clear,Ghodbunder Road,0.67,True
TW104049,2026-07-26 18:19:00,2026-07-26 18:29:18.000000,3.87,10.3,Scooter,27,4.6,Low,Rain,Navi Mumbai,0.65,True
TW102184,2026-07-07 17:11:00,2026-07-07 17:29:54.000000,4.49,18.9,Scooter,25,4.4,Low,Rain,Mumbra,6.14,True
TW104887,2026-07-02 02:55:00,2026-07-02 03:09:06.000000,4.93,14.1,Motorcycle,23,4.3,Low,Rain,Bhandup,1.38,True
TW100545,2026-07-20 01:59:00,2026-07-20 02:06:18.000000,1.27,7.3,Scooter,19,3.9,Low,Clear,Airoli,7.86,True
TW102391,2026-07-17 01:57:00,2026-07-17 02:10:54.000000,4.2,13.9,Electric Scooter,36,4.4,High,Overcast,Vashi,1.56,True
TW103477,2026-07-01 12:48:00,2026-07-01 12:56:06.000000,2.66,8.1,Electric Scooter,39,3.7,Low,Clear,Airoli,0.46,True
TW104896,2026-07-04 17:39:00,2026-07-04 18:16:18.000000,0.0,37.3,Electric Scooter,31,4.7,High,Clear,Thane West,1.6,False
TW102526,2026-07-25 09:39:00,2026-07-25 09:51:00.000000,4.09,12.0,Motorcycle,44,4.2,High,Clear,Mulund,0.99,True
TW103815,2026-07-13 10:32:00,2026-07-13 10:49:12.000000,30.05314255197265,17.2,Scooter,24,4.9,High,Overcast,Airoli,1.11,True
TW100544,2026-07-13 00:18:00,2026-07-13 00:32:48.000000,0.0,14.8,Scooter,42,3.9,Low,Clear,Thane West,0.27,True
TW101932,2026-07-23 10:59:00,2026-07-23 11:03:00.000000,0.94,4.0,Motorcycle,25,3.8,High,Clear,Airoli,1.69,True
TW101092,2026-07-06 12:26:00,2026-07-06 13:03:00.000000,12.05,37.0,Scooter,29,4.2,Low,,Bhandup,0.34,False
TW103632,2026-07-04 17:07:00,2026-07-04 17:20:18.000000,3.88,13.3,Scooter,22,4.0,High,Clear,Mumbra,2.32,True
TW101437,2026-07-11 23:53:00,2026-07-11 23:57:00.000000,1.6,4.0,electric scooter,33,4.1,High,Clear,Mumbra,1.31,True
TW101548,2026-07-22 15:13:00,2026-07-22 15:22:30.000000,1.16,9.5,Scooter,42,4.7,Medium,Clear,Mulund,0.73,True
TW104258,2026-07-13 01:31:00,2026-07-13 01:38:42.000000,1.97,7.7,Scooter,35,5.0,Medium,Clear,Mulund,0.2,True
TW101297,2026-07-17 05:12:00,2026-07-17 05:29:48.000000,4.84,17.8,Motorcycle,39,4.1,Low,Rain,Dombivli,6.42,True
TW102693,2026-07-23 15:42:00,2026-07-23 15:46:00.000000,2.84,4.0,Scooter,30,4.4,Low,Clear,Dombivli,2.1,True
TW104246,2026-07-06 05:50:00,2026-07-06 05:56:42.000000,4.94,6.7,Motorcycle,27,3.7,Low,Clear,Thane West,1.46,True
TW100974,2026-07-08 10:51:00,2026-07-08 11:06:00.000000,5.47,15.0,Scooter,25,4.6,Medium,Clear,Dombivli,1.64,True
TW102444,2026-07-09 17:00:00,2026-07-09 17:05:48.000000,2.26,5.8,Motorcycle,29,3.8,Low,Clear,Dombivli,0.5,True
TW104656,2026-07-20 18:12:00,2026-07-20 18:16:00.000000,0.74,4.0,Motorcycle,19,3.7,Low,Rain,Navi Mumbai,1.21,True
TW102550,2026-07-18 10:00:00,2026-07-18 10:11:42.000000,5.0,11.7,Scooter,25,4.2,Medium,Rain,Mumbra,0.22,True
TW101762,2026-07-15 00:02:00,2026-07-15 00:16:54.000000,3.48,14.9,bike,43,5.0,Medium,Clear,Airoli,1.82,True
TW102246,2026-07-24 04:18:00,2026-07-24 04:29:54.000000,2.22,11.9,Scooter,20,4.0,Medium,Rain,Airoli,2.16,True
TW102864,2026-07-07 03:33:00,2026-07-07 03:38:42.000000,2.65,5.7,Motorcycle,38,3.8,Medium,Clear,Dombivli,3.21,True
TW104008,2026-07-20 04:03:00,2026-07-20 04:16:00.000000,3.5,13.0,Motorcycle,39,4.7,Low,Clear,Mumbra,3.54,True
TW100009,2026-07-11 23:05:00,2026-07-11 23:24:12.000000,4.84,19.2,Motorcycle,25,3.9,Low,Clear,Airoli,4.29,True
TW104992,2026-07-23 03:35:00,2026-07-23 03:54:18.000000,7.77,19.3,Scooter,26,4.2,High,Rain,Vashi,0.22,True
TW104707,2026-07-09 07:59:00,2026-07-09 08:07:24.000000,2.43,8.4,Scooter,27,4.4,Medium,Clear,Bhandup,4.09,True
TW103540,2026-07-19 02:55:00,2026-07-19 02:59:00.000000,2.11,4.0,Scooter,19,4.4,Medium,Clear,Kalyan,5.28,True
TW101787,2026-07-28 23:02:00,2026-07-28 23:23:24.000000,10.02,21.4,Motorcycle,36,4.0,Low,Overcast,Vashi,0.2,True
TW102307,2026-07-14 09:18:00,2026-07-14 09:22:00.000000,1.05,-13.365954795940546,Motorcycle,35,4.6,Low,Rain,Airoli,0.5,True
TW104249,2026-07-14 21:51:00,2026-07-14 21:57:48.000000,1.1,6.8,Electric Scooter,43,4.1,Medium,Clear,Bhandup,5.7,True
TW102837,2026-07-11 17:01:00,2026-07-11 17:13:12.000000,3.68,12.2,Scooter,37,4.7,Low,Clear,Ghodbunder Road,4.68,True
TW104110,2026-07-17 23:04:00,2026-07-17 23:29:48.000000,7.7,25.8,Motorcycle,41,3.6,Low,Clear,Dombivli,6.5,False
TW103416,2026-07-20 21:59:00,2026-07-20 22:09:54.000000,21.859531746117124,10.9,Motorcycle,38,5.0,Medium,Overcast,Airoli,1.56,True
TW102627,2026-07-06 00:14:00,2026-07-06 00:18:00.000000,1.16,4.0,Scooter,33,4.0,Low,Clear,Airoli,2.84,True
TW103870,2026-07-28 09:55:00,2026-07-28 10:19:06.000000,9.27,24.1,Scooter,26,4.4,Medium,Rain,Mulund,0.82,True
TW102826,2026-07-10 21:47:00,2026-07-10 22:05:48.000000,5.79,18.8,Scooter,41,,Low,Clear,Thane West,2.96,True
TW104925,2026-07-07 07:45:00,2026-07-07 08:00:30.000000,3.52,15.5,Scooter,39,4.3,Low,Clear,Bhandup,0.2,True
TW101776,2026-07-23 06:19:00,2026-07-23 06:23:30.000000,1.12,4.5,Motorcycle,34,4.4,Medium,Overcast,Bhandup,0.2,True
TW104377,2026-07-16 13:40:00,2026-07-16 13:44:00.000000,1.21,4.0,Scooter,33,4.6,Medium,Clear,Ghodbunder Road,0.5,True
TW102652,2026-07-28 22:41:00,2026-07-28 22:51:06.000000,2.64,10.1,Motorcycle,21,3.6,Medium,Overcast,Dombivli,1.26,True
TW101535,2026-07-23 12:05:00,2026-07-23 12:10:42.000000,0.78,5.7,Motorcycle,24,3.9,High,Clear,Airoli,0.27,True
TW103861,2026-07-28 01:31:00,2026-07-28 01:59:12.000000,8.48,28.2,Motorcycle,20,4.2,High,Clear,Bhandup,1.43,False
TW101113,2026-07-19 14:12:00,2026-07-19 14:21:48.000000,4.32,9.8,Motorcycle,43,4.4,Low,Clear,Mumbra,0.47,True
TW102421,2026-07-06 19:41:00,2026-07-06 20:07:30.000000,7.83,26.5,Motorcycle,20,4.5,Low,Clear,Mulund,3.62,False
TW100696,2026-07-23 22:36:00,2026-07-23 22:46:00.000000,3.73,10.0,Motorcycle,22,4.7,Medium,Clear,Mulund,1.14,True
TW100121,2026-07-29 08:52:00,2026-07-29 08:57:36.000000,2.98,5.6,Scooter,37,5.0,Low,Clear,Mulund,2.34,True
TW104050,2026-07-16 10:43:00,2026-07-16 10:50:36.000000,1.74,7.6,Scooter,44,4.0,High,Rain,Bhandup,0.85,True
TW102763,2026-07-21 11:53:00,2026-07-21 12:20:00.000000,7.94,27.0,Scooter,40,4.3,Low,Rain,Kalyan,0.87,False
TW102009,2026-07-03 20:16:00,2026-07-03 20:35:48.000000,6.73,19.8,Motorcycle,31,3.7,Low,Clear,Airoli,0.86,True
TW104493,2026-07-06 21:22:00,2026-07-06 21:29:06.000000,3.09,7.1,Motorcycle,19,4.8,High,Clear,Airoli,3.0,True
TW102262,2026-07-10 04:08:00,2026-07-10 04:29:00.000000,6.15,21.0,Motorcycle,41,4.3,Low,Overcast,Ghodbunder Road,,True
TW100239,2026-07-19 01:40:00,2026-07-19 01:44:00.000000,1.43,4.0,Scooter,31,4.0,Medium,Clear,Bhandup,2.36,True
TW101759,2026-07-05 05:47:00,2026-07-05 06:16:30.000000,6.56,29.5,Scooter,32,4.5,High,Clear,Vashi,1.41,False
TW100245,2026-07-17 06:31:00,2026-07-17 06:50:06.000000,5.1,19.1,Motorcycle,44,4.5,Low,Rain,Thane West,,True
TW100068,2026-07-15 01:09:00,2026-07-15 01:16:18.000000,1.69,7.3,Scooter,19,4.4,Low,Clear,Mumbra,0.34,True
TW103490,2026-07-03 17:38:00,2026-07-03 17:45:48.000000,1.82,7.8,Electric Scooter,29,4.4,Low,Rain,Mulund,1.71,True
TW100548,2026-07-21 03:09:00,2026-07-21 03:35:24.000000,8.1,26.4,Motorcycle,23,4.0,Low,Clear,Mulund,0.2,False
TW103274,2026-07-21 17:21:00,2026-07-21 17:32:18.000000,3.0,11.3,Electric Scooter,31,4.8,Low,Clear,Ghodbunder Road,0.9,True
TW103971,2026-07-12 16:32:00,2026-07-12 16:36:00.000000,0.9,4.0,Motorcycle,37,4.3,High,Clear,Airoli,0.48,True
TW102173,2026-07-24 11:31:00,2026-07-24 11:38:00.000000,1.47,7.0,Motorcycle,32,4.0,Medium,Overcast,Vashi,2.36,True
TW101532,2026-07-16 00:28:00,2026-07-16 00:39:00.000000,4.99,11.0,Motorcycle,37,4.2,High,Clear,Navi Mumbai,1.85,True
TW104432,2026-07-19 22:34:00,2026-07-19 22:52:18.000000,8.8,18.3,Motorcycle,39,4.9,Low,Clear,Ghodbunder Road,0.47,True
TW102481,2026-07-03 03:58:00,2026-07-03 04:13:48.000000,6.22,15.8,Scooter,24,3.5,Low,Overcast,Kalyan,0.44,True
TW103597,2026-07-14 13:53:00,2026-07-14 13:57:00.000000,0.89,4.0,Motorcycle,42,3.7,Medium,Clear,Ghodbunder Road,1.03,True
TW103465,2026-07-07 08:32:00,2026-07-07 08:39:24.000000,2.8,7.4,Motorcycle,44,4.1,Medium,Rain,Airoli,1.59,True
TW103873,2026-07-17 16:42:00,2026-07-17 17:11:30.000000,8.79,29.5,Motorcycle,40,4.3,High,Clear,Thane West,2.26,False
TW104402,2026-07-06 01:42:00,2026-07-06 02:03:00.000000,4.78,21.0,Motorcycle,23,4.4,Low,Rain,Bhandup,6.94,True
TW103071,2026-07-16 00:05:00,2026-07-16 00:09:48.000000,1.77,4.8,Scooter,40,4.5,Medium,Clear,Mumbra,2.44,True
TW103361,2026-07-05 20:45:00,2026-07-05 20:53:42.000000,2.51,8.7,Motorcycle,36,4.5,High,Clear,Bhandup,0.2,True
TW101746,2026-07-27 08:04:00,2026-07-27 08:16:42.000000,4.39,12.7,Scooter,25,3.8,High,Clear,Mumbra,5.44,True
TW103046,2026-07-06 22:19:00,2026-07-06 22:39:00.000000,6.32,20.0,Motorcycle,41,4.2,Medium,Rain,Ghodbunder Road,1.65,True
TW100674,2026-07-19 00:28:00,2026-07-19 00:50:24.000000,8.23,22.4,Scooter,22,4.6,High,Clear,Vashi,0.64,True
TW104640,2026-07-07 05:19:00,2026-07-07 05:31:24.000000,5.04,12.4,Scooter,37,3.3,Medium,Clear,Mulund,1.8,True
TW100108,2026-07-14 00:38:00,2026-07-14 00:46:06.000000,2.94,8.1,Scooter,25,3.7,Medium,Clear,Airoli,1.09,True
TW103272,2026-07-16 00:46:00,2026-07-16 00:52:48.000000,3.22,6.8,Scooter,25,4.3,Low,Clear,Bhandup,2.34,True
TW104366,2026-07-01 13:00:00,2026-07-01 13:04:00.000000,3.18,4.0,motorbike,40,3.7,High,Clear,Bhandup,0.37,True
TW103798,2026-07-04 04:23:00,2026-07-04 04:32:54.000000,2.49,9.9,Motorcycle,38,4.0,Medium,Overcast,Kalyan,1.95,True
TW100546,2026-07-06 23:20:00,2026-07-06 23:24:00.000000,0.99,4.0,Motorcycle,38,3.7,High,Clear,Ghodbunder Road,9.77,True
TW100923,2026-07-07 20:15:00,2026-07-07 20:39:30.000000,7.07,24.5,Electric Scooter,23,3.8,Low,Clear,Navi Mumbai,1.66,True
TW102452,2026-07-17 01:53:00,2026-07-17 02:08:24.000000,3.61,15.4,Scooter,27,4.2,High,Overcast,Kalyan,3.83,True
TW100274,2026-07-14 14:48:00,2026-07-14 15:05:42.000000,4.3,17.7,2-Wheeler,22,4.3,Medium,Clear,Vashi,2.17,True
TW102515,2026-07-10 16:27:00,2026-07-10 16:37:36.000000,3.08,10.6,Motorcycle,27,,High,Overcast,Dombivli,3.32,True
TW104638,2026-07-21 10:40:00,2026-07-21 11:12:06.000000,9.04,32.1,Motorcycle,32,4.4,Low,Clear,Thane West,3.27,False
TW102424,2026-07-28 15:48:00,2026-07-28 16:17:00.000000,12.35,29.0,Motorcycle,42,4.1,Medium,Clear,Thane West,1.44,False
TW104727,2026-07-22 17:44:00,2026-07-22 17:49:48.000000,1.69,5.8,Electric Scooter,42,3.8,Low,Clear,Airoli,1.21,True
TW104828,2026-07-11 20:29:00,2026-07-11 20:40:06.000000,2.84,11.1,Scooter,26,4.0,High,Clear,Mulund,0.2,True
TW104536,2026-07-11 05:48:00,2026-07-11 05:57:06.000000,2.98,9.1,Motorcycle,32,3.5,High,Clear,Kalyan,0.64,True
TW100270,2026-07-08 07:01:00,2026-07-08 07:11:24.000000,3.45,10.4,Motorcycle,39,3.8,Low,Clear,Mumbra,4.46,True
TW104259,2026-07-27 22:03:00,2026-07-27 22:12:06.000000,3.71,9.1,Motorcycle,20,4.1,Low,Rain,Thane West,0.77,True
TW103227,2026-07-02 20:26:00,2026-07-02 20:33:00.000000,1.18,7.0,Scooter,40,4.6,Medium,Clear,Dombivli,9.25,True
TW102695,2026-07-19 03:40:00,2026-07-19 03:44:00.000000,0.92,4.0,Scooter,34,4.5,Medium,Clear,Bhandup,1.84,True
TW102671,2026-07-28 21:46:00,2026-07-28 21:58:24.000000,4.34,12.4,Scooter,23,4.2,Medium,Clear,Bhandup,1.03,True
TW103852,2026-07-09 20:47:00,2026-07-09 20:51:24.000000,1.87,4.4,Scooter,41,4.5,High,Rain,Thane West,0.64,True
TW103449,2026-07-14 01:37:00,2026-07-14 01:49:24.000000,4.38,12.4,Bike,35,4.5,High,Overcast,Thane West,0.48,True
TW101879,2026-07-13 21:14:00,2026-07-13 21:26:12.000000,4.54,12.2,Scooter,43,4.7,Low,Rain,Mumbra,1.37,True
TW104959,2026-07-17 00:00:00,2026-07-17 00:09:24.000000,3.75,9.4,Motorcycle,24,,High,Clear,Airoli,2.37,True
TW103173,2026-07-19 19:50:00,2026-07-19 19:57:54.000000,2.89,7.9,Motorcycle,33,3.8,Low,Rain,Vashi,0.33,True
TW101666,2026-07-19 15:02:00,2026-07-19 15:23:18.000000,8.96,21.3,Motorcycle,43,4.3,Medium,Clear,Mulund,3.01,True
TW103774,2026-07-21 18:43:00,2026-07-21 18:49:30.000000,3.04,6.5,Electric Scooter,19,3.9,Low,Clear,Kalyan,4.59,True
TW101873,2026-07-21 06:28:00,2026-07-21 06:45:30.000000,6.63,17.5,Scooter,27,3.8,Low,Clear,Vashi,1.36,True
TW101592,2026-07-07 12:59:00,2026-07-07 13:06:48.000000,2.28,7.8,Motorcycle,20,4.5,Medium,Clear,Dombivli,0.86,True
TW101329,2026-07-18 00:17:00,2026-07-18 00:21:00.000000,1.79,4.0,Motorcycle,24,4.6,Medium,Clear,Mulund,4.13,True
TW100641,2026-07-28 19:24:00,2026-07-28 19:49:36.000000,11.3,25.6,Scooter,44,3.9,Medium,Rain,Kalyan,5.79,False
TW100481,2026-07-18 14:20:00,2026-07-18 14:38:54.000000,4.62,18.9,Scooter,34,4.6,Medium,Rain,Navi Mumbai,0.98,True
TW101037,2026-07-20 10:20:00,2026-07-20 10:38:00.000000,8.64,18.0,Motorcycle,40,4.8,Low,Clear,Kalyan,0.7,True
TW100638,2026-07-20 00:09:00,2026-07-20 00:37:00.000000,7.66,28.0,Scooter,39,5.0,Low,Clear,Bhandup,2.85,False
TW102596,2026-07-23 16:04:00,2026-07-23 16:10:24.000000,3.51,6.4,Motorcycle,43,3.6,,Clear,Airoli,0.2,True
TW104528,2026-07-10 15:38:00,2026-07-10 15:42:00.000000,2.17,4.0,Motorcycle,24,4.1,Medium,Clear,Ghodbunder Road,1.35,True
TW101664,2026-07-03 07:53:00,2026-07-03 08:01:48.000000,2.75,8.8,Scooter,42,4.9,Medium,Clear,Airoli,1.68,True
TW100217,2026-07-26 22:21:00,2026-07-26 22:30:12.000000,1.71,9.2,Electric Scooter,43,4.5,Medium,Clear,Airoli,2.2,True
TW101690,2026-07-28 04:39:00,2026-07-28 04:53:06.000000,5.84,14.1,scooter ,40,4.0,High,Clear,Navi Mumbai,0.6,True
TW103665,2026-07-03 14:27:00,2026-07-03 14:50:30.000000,8.11,23.5,Scooter,19,4.2,Low,Clear,Vashi,0.96,True
TW104585,2026-07-06 02:21:00,2026-07-06 02:36:30.000000,6.91,15.5,Scooter,40,3.9,Low,Overcast,Thane West,1.14,True
TW102248,2026-07-16 16:31:00,2026-07-16 17:10:12.000000,12.07,39.2,Scooter,35,4.2,Medium,Clear,Vashi,3.61,False
TW101837,2026-07-18 17:19:00,2026-07-18 17:56:42.000000,8.66,37.7,Electric Scooter,39,4.2,High,Rain,Mulund,0.55,False
TW101110,2026-07-06 01:51:00,2026-07-06 01:55:00.000000,1.16,4.0,Scooter,19,4.9,Medium,Clear,Airoli,1.22,True
TW101691,2026-07-18 17:23:00,2026-07-18 17:28:12.000000,1.69,5.2,Motorcycle,42,4.0,Low,Clear,Bhandup,2.57,True
TW102870,2026-07-15 07:46:00,2026-07-15 08:09:54.000000,8.75,23.9,Motorcycle,43,3.7,Medium,Overcast,Kalyan,1.04,True
TW104709,2026-07-21 23:34:00,2026-07-21 23:44:36.000000,1.63,10.6,Electric Scooter,33,4.3,High,Rain,Mulund,0.4,True
TW101836,2026-07-03 16:38:00,2026-07-03 16:45:30.000000,4.66,7.5,motorbike,31,3.7,Medium,Clear,Kalyan,5.04,True
TW101443,2026-07-29 12:51:00,2026-07-29 13:00:36.000000,3.07,382.2786430913655,Scooter,43,4.2,Low,Overcast,Mumbra,0.23,True
TW103000,2026-07-11 13:54:00,2026-07-11 13:59:00.000000,2.55,5.0,Scooter,30,4.1,Medium,Clear,Kalyan,1.4,True
TW100132,2026-07-28 04:03:00,2026-07-28 04:08:42.000000,3.14,5.7,Motorcycle,19,4.1,High,Clear,Kalyan,1.74,True
TW104117,2026-07-07 15:47:00,2026-07-07 15:51:30.000000,1.33,4.5,Motorcycle,44,4.3,Medium,Overcast,Mulund,2.37,True
TW102880,2026-07-11 12:55:00,2026-07-11 13:22:36.000000,7.74,27.6,Scooter,29,4.6,Medium,Clear,Bhandup,1.82,False
TW102031,2026-07-11 00:07:00,2026-07-11 00:21:00.000000,4.45,14.0,Scooter,23,3.8,Low,Clear,Bhandup,2.04,True
TW100603,2026-07-14 02:21:00,2026-07-14 02:25:00.000000,1.84,4.0,Scooter,26,3.8,Low,Clear,Kalyan,0.32,True
TW101964,2026-07-16 03:39:00,2026-07-16 03:53:24.000000,7.13,14.4,Motorcycle,41,3.8,Low,Overcast,Navi Mumbai,5.0,True
TW101556,2026-07-08 09:00:00,2026-07-08 09:39:54.000000,11.3,39.9,Motorcycle,31,4.4,Low,Clear,Bhandup,0.2,False
TW103690,2026-07-24 06:55:00,2026-07-24 06:59:00.000000,0.75,4.0,Motorcycle,43,4.0,Low,Clear,Mumbra,0.96,True
TW102252,2026-07-14 12:13:00,2026-07-14 12:31:12.000000,6.74,18.2,Motorcycle,35,4.4,High,Clear,Airoli,0.32,True
TW103506,2026-07-07 04:07:00,2026-07-07 04:27:48.000000,5.22,20.8,Motorcycle,39,4.2,Medium,Clear,Dombivli,0.29,True
TW102456,2026-07-18 21:56:00,2026-07-18 22:05:24.000000,2.54,9.4,Motorcycle,38,4.3,High,Rain,Airoli,0.37,True
TW101607,2026-07-20 18:33:00,2026-07-20 18:42:48.000000,3.59,9.8,Electric Scooter,28,5.0,Low,Overcast,Airoli,0.2,True
TW100404,2026-07-12 18:09:00,2026-07-12 18:31:24.000000,7.95,22.4,Scooter,34,4.2,Medium,Clear,Ghodbunder Road,1.19,True
TW104774,2026-07-23 01:49:00,2026-07-23 01:54:18.000000,1.5,5.3,Scooter,21,3.9,Medium,Overcast,Vashi,0.67,True
TW101782,2026-07-03 20:27:00,2026-07-03 20:42:06.000000,3.42,15.1,Motorcycle,37,4.1,Low,Clear,Airoli,4.03,True
TW103785,2026-07-22 15:22:00,2026-07-22 15:30:36.000000,3.09,8.6,Motorcycle,27,4.4,Medium,Overcast,Ghodbunder Road,0.39,True
TW104669,2026-07-02 23:56:00,2026-07-03 00:07:42.000000,5.58,11.7,Motorcycle,32,4.3,High,Clear,Navi Mumbai,2.96,True
TW104481,2026-07-29 03:26:00,2026-07-29 03:35:00.000000,2.58,9.0,Scooter,22,4.1,Medium,Clear,Mulund,0.36,True
TW104093,2026-07-15 21:16:00,2026-07-15 21:29:54.000000,5.75,13.9,Motorcycle,21,4.3,Low,Rain,Airoli,0.6,True
TW101438,2026-07-05 22:01:00,2026-07-05 22:08:00.000000,2.34,7.0,Electric Scooter,36,4.6,Medium,Clear,Vashi,4.4,True
TW103363,2026-07-21 00:38:00,2026-07-21 00:50:54.000000,3.24,12.9,Motorcycle,24,4.4,Low,Rain,Ghodbunder Road,4.62,True
TW104745,2026-07-04 10:27:00,2026-07-04 10:41:06.000000,3.81,14.1,Scooter,33,4.6,Low,Clear,Kalyan,0.2,True
TW101623,2026-07-23 14:24:00,2026-07-23 14:36:36.000000,5.58,12.6,Scooter,27,4.5,Medium,Rain,Navi Mumbai,1.8,True
TW101393,2026-07-06 22:53:00,2026-07-06 23:07:06.000000,5.48,14.1,Scooter,34,4.4,Medium,Overcast,Kalyan,1.35,True
TW104171,2026-07-02 08:07:00,2026-07-02 08:34:42.000000,8.48,27.7,Motorcycle,43,4.1,Low,Rain,Mulund,2.32,False
TW102211,2026-07-05 03:05:00,2026-07-05 03:09:12.000000,1.85,4.2,Motorcycle,42,4.1,High,Clear,Navi Mumbai,0.45,True
TW101766,2026-07-07 03:04:00,2026-07-07 03:08:00.000000,1.24,4.0,Scooter,36,4.8,Medium,Clear,Dombivli,1.07,True
TW103851,2026-07-24 14:02:00,2026-07-24 14:13:12.000000,2.65,11.2,Electric Scooter,32,3.8,Medium,Rain,Airoli,5.17,True
TW104862,2026-07-17 08:26:00,2026-07-17 08:38:54.000000,4.86,12.9,Electric Scooter,40,3.9,Medium,Clear,Navi Mumbai,3.15,True
TW104522,2026-07-30 04:34:00,2026-07-30 04:40:30.000000,2.01,6.5,electric scooter,19,3.6,Low,Clear,Kalyan,0.2,True
TW101442,2026-07-04 16:03:00,2026-07-04 16:07:00.000000,1.86,4.0,Scooter,42,4.4,Medium,Overcast,Vashi,1.89,True
TW101634,2026-07-25 07:25:00,2026-07-25 07:37:42.000000,5.25,12.7,Electric Scooter,31,4.4,Low,Rain,Thane West,0.25,True
TW102910,2026-07-11 02:25:00,2026-07-11 02:31:42.000000,1.34,6.7,Scooter,43,4.3,Medium,Rain,Thane West,2.66,True
TW101147,2026-07-30 14:23:00,2026-07-30 14:27:18.000000,2.36,4.3,Scooter,25,4.2,Medium,Clear,Dombivli,0.44,True
TW104703,2026-07-29 02:00:00,2026-07-29 02:07:48.000000,2.61,7.8,Motorcycle,40,4.8,High,Clear,Kalyan,0.47,True
TW104238,2026-07-10 15:13:00,2026-07-10 15:28:24.000000,6.48,15.4,Motorcycle,21,5.0,Medium,Clear,Ghodbunder Road,4.02,True
TW100498,2026-07-19 02:25:00,2026-07-19 02:36:48.000000,4.6,11.8,Scooter,38,4.3,Low,Clear,Ghodbunder Road,1.31,True
TW102239,2026-07-19 22:00:00,2026-07-19 22:08:12.000000,5.71,8.2,Motorcycle,33,4.4,Low,Clear,Navi Mumbai,0.52,True
TW101129,2026-07-03 07:54:00,2026-07-03 08:01:36.000000,2.29,7.6,Motorcycle,42,4.1,Medium,Clear,Navi Mumbai,4.73,True
TW104333,2026-07-02 21:18:00,2026-07-02 21:22:00.000000,3.05,4.0,Motorcycle,35,5.0,High,Rain,Ghodbunder Road,1.67,True
TW101515,2026-07-15 12:47:00,2026-07-15 12:52:12.000000,4.22,5.2,Motorcycle,40,4.7,Medium,Clear,Ghodbunder Road,0.54,True
TW102176,2026-07-10 10:37:00,2026-07-10 10:41:00.000000,1.21,4.0,Motorcycle,33,4.3,Low,Clear,Thane West,3.4,True
TW101391,2026-07-06 02:37:00,2026-07-06 03:01:18.000000,7.26,24.3,Scooter,37,4.2,Medium,Clear,Ghodbunder Road,1.05,True
TW102155,2026-07-28 04:30:00,2026-07-28 04:44:36.000000,4.84,14.6,Motorcycle,36,4.2,High,Clear,Vashi,4.98,True
TW103666,2026-07-25 00:18:00,2026-07-25 00:24:54.000000,4.08,6.9,Motorcycle,38,4.4,High,Clear,Dombivli,3.27,True
TW101010,2026-07-24 01:12:00,2026-07-24 01:26:18.000000,5.23,14.3,motorbike,37,4.0,Low,Clear,Navi Mumbai,0.94,True
TW103940,2026-07-20 13:01:00,2026-07-20 13:09:00.000000,1.83,8.0,motorbike,23,4.7,High,Clear,Thane West,0.42,True
TW104793,2026-07-16 23:07:00,2026-07-16 23:23:54.000000,5.31,16.9,Scooter,28,4.7,Low,Rain,Dombivli,0.45,True
TW101287,2026-07-05 09:16:00,2026-07-05 09:31:24.000000,4.48,15.4,Electric Scooter,20,4.4,High,Clear,Navi Mumbai,0.2,True
TW103653,2026-07-24 10:13:00,2026-07-24 10:18:12.000000,1.44,5.2,Scooter,20,4.9,High,Clear,Dombivli,0.41,True
TW101868,2026-07-10 16:15:00,2026-07-10 16:19:00.000000,2.44,4.0,Electric Scooter,31,4.0,Medium,Overcast,Airoli,3.43,True
TW101395,2026-07-13 14:22:00,2026-07-13 14:26:00.000000,3.52,4.0,Scooter,24,4.8,Low,Overcast,Thane West,1.11,True
TW103628,2026-07-30 06:19:00,2026-07-30 06:27:48.000000,2.7,8.8,Scooter,24,4.5,High,Clear,Vashi,0.66,True
TW100768,2026-07-11 16:15:00,2026-07-11 16:23:54.000000,1.51,8.9,Scooter,43,5.0,Medium,Clear,Navi Mumbai,8.19,True
TW103687,2026-07-05 03:12:00,2026-07-05 03:26:30.000000,6.25,14.5,Motorcycle,40,3.6,Medium,Clear,Vashi,0.48,True
TW102847,2026-07-02 23:31:00,2026-07-02 23:54:48.000000,8.49,23.8,Electric Scooter,24,4.6,High,,Kalyan,0.38,True
TW103396,2026-07-09 17:32:00,2026-07-09 17:41:54.000000,26.471290077081477,9.9,Electric Scooter,36,5.0,Low,Overcast,Mulund,0.47,True
TW100022,2026-07-14 05:35:00,2026-07-14 05:50:06.000000,3.38,15.1,Scooter,22,4.7,Medium,Overcast,Mulund,5.34,True
TW103946,2026-07-19 17:17:00,2026-07-19 17:31:18.000000,6.54,14.3,Scooter,31,4.6,Low,Overcast,Airoli,1.55,True
TW102232,2026-07-11 09:06:00,2026-07-11 09:26:12.000000,7.53,20.2,Motorcycle,34,4.3,Medium,Clear,Airoli,0.7,True
TW100985,2026-07-30 09:36:00,2026-07-30 09:45:12.000000,1.96,9.2,Motorcycle,42,4.0,Low,Clear,Kalyan,1.09,True
TW101402,2026-07-15 07:47:00,2026-07-15 08:01:54.000000,0.0,14.9,Motorcycle,38,4.6,Low,Clear,Mumbra,0.64,True
TW102979,2026-07-26 03:09:00,2026-07-26 03:13:00.000000,1.88,4.0,Motorcycle,36,4.4,Low,Clear,Thane West,1.75,True
TW101743,2026-07-19 20:46:00,2026-07-19 20:52:42.000000,2.18,6.7,scooter ,34,3.9,Low,Clear,Dombivli,1.08,True
TW101938,2026-07-29 12:55:00,2026-07-29 13:02:48.000000,2.36,7.8,Motorcycle,23,4.5,,Clear,Mulund,1.85,True
TW101543,2026-07-27 07:18:00,2026-07-27 07:22:00.000000,2.67,391.8860870080697,scooter ,19,4.3,,Rain,Mumbra,0.89,True
TW103791,2026-07-22 08:51:00,2026-07-22 08:57:00.000000,1.79,6.0,Scooter,37,4.3,Medium,Clear,Vashi,0.73,True
TW102230,2026-07-11 16:02:00,2026-07-11 16:09:18.000000,4.12,7.3,Motorcycle,36,4.4,Medium,Rain,Vashi,1.9,True
TW101269,2026-07-11 12:08:00,2026-07-11 12:21:12.000000,5.8,13.2,Motorcycle,22,4.1,Medium,Rain,Mulund,2.14,True
TW104134,2026-07-23 23:55:00,2026-07-24 00:06:24.000000,4.3,11.4,Motorcycle,29,4.9,High,Overcast,Vashi,1.39,True
TW103284,2026-07-13 23:12:00,2026-07-13 23:20:48.000000,1.84,8.8,Motorcycle,23,,Medium,Clear,Dombivli,0.83,True
TW102296,2026-07-12 05:40:00,2026-07-12 05:52:24.000000,2.82,12.4,Scooter,23,4.3,Medium,Overcast,Ghodbunder Road,9.1,True
TW100999,2026-07-09 06:47:00,2026-07-09 07:01:36.000000,6.27,14.6,Electric Scooter,32,3.8,Low,Clear,Mumbra,0.71,True
TW102609,2026-07-05 07:05:00,2026-07-05 07:26:36.000000,8.89,21.6,Motorcycle,28,4.3,Low,Overcast,Vashi,4.31,True
TW104901,2026-07-04 00:05:00,2026-07-04 00:18:24.000000,4.99,13.4,Motorcycle,37,4.4,Medium,,Mumbra,,True
TW100573,2026-07-27 03:51:00,2026-07-27 04:15:36.000000,7.4,24.6,Motorcycle,35,4.0,Medium,Clear,Mumbra,0.2,True
TW102616,2026-07-26 22:33:00,2026-07-26 22:38:30.000000,3.39,5.5,Motorcycle,31,3.5,Low,Clear,Navi Mumbai,,True
TW102484,2026-07-01 15:58:00,2026-07-01 16:24:12.000000,9.8,26.2,Scooter,38,4.2,High,Clear,Mumbra,,False
TW101701,2026-07-28 19:53:00,2026-07-28 19:57:00.000000,1.62,4.0,Electric Scooter,23,4.6,Low,Rain,Mulund,9.61,True
TW101539,2026-07-22 02:54:00,2026-07-22 03:13:00.000000,8.42,19.0,Electric Scooter,19,4.8,High,Overcast,Kalyan,1.94,True
TW103825,2026-07-26 13:02:00,2026-07-26 13:09:36.000000,2.09,7.6,Motorcycle,33,4.2,High,Clear,Mumbra,1.27,True
TW102514,2026-07-07 15:18:00,2026-07-07 15:25:54.000000,2.59,7.9,Motorcycle,35,4.5,Medium,Overcast,Navi Mumbai,2.24,True
TW100755,2026-07-20 07:03:00,2026-07-20 07:07:00.000000,1.84,4.0,Scooter,20,4.5,High,Rain,Thane West,2.72,True
TW102290,2026-07-23 21:01:00,2026-07-23 21:07:24.000000,2.63,6.4,Motorcycle,30,5.0,Medium,Rain,Bhandup,1.85,True
TW103428,2026-07-09 08:34:00,2026-07-09 09:06:42.000000,9.87,32.7,Electric Scooter,32,4.3,Medium,Rain,Kalyan,0.2,False
TW102643,2026-07-07 06:04:00,2026-07-07 06:08:00.000000,1.71,4.0,Motorcycle,25,4.4,Medium,Overcast,Mumbra,2.3,True
TW102754,2026-07-13 07:18:00,2026-07-13 07:30:18.000000,4.95,12.3,scooter ,43,4.2,Low,Overcast,Thane West,3.05,True
TW101703,2026-07-25 13:07:00,2026-07-25 13:18:00.000000,4.14,11.0,Scooter,24,4.1,Low,Clear,Ghodbunder Road,2.25,True
TW101482,2026-07-08 12:54:00,2026-07-08 12:58:00.000000,0.63,4.0,Motorcycle,43,3.8,Medium,Clear,Thane West,0.91,True
TW103980,2026-07-06 22:09:00,2026-07-06 22:21:00.000000,1.91,12.0,Motorcycle,44,4.6,Medium,Rain,Bhandup,3.02,True
TW103570,2026-07-06 23:01:00,2026-07-06 23:21:00.000000,4.68,20.0,Motorcycle,38,4.1,Medium,Clear,Mumbra,1.89,True
TW104790,2026-07-22 15:22:00,2026-07-22 15:26:00.000000,0.53,4.0,Scooter,37,3.9,Low,Clear,Thane West,1.48,True
TW100588,2026-07-23 21:33:00,2026-07-23 21:46:30.000000,6.27,13.5,Scooter,24,4.7,High,Overcast,Dombivli,2.49,True
TW101521,2026-07-10 20:58:00,2026-07-10 21:03:06.000000,2.02,5.1,Scooter,20,5.0,High,Clear,Ghodbunder Road,2.6,True
TW102540,2026-07-15 00:47:00,2026-07-15 00:51:00.000000,0.46,4.0,Motorcycle,44,4.1,High,Clear,Kalyan,0.2,True
TW100538,2026-07-16 01:27:00,2026-07-16 01:31:12.000000,1.12,4.2,Electric Scooter,29,5.0,Low,Clear,Airoli,0.56,True
TW103503,2026-07-01 11:49:00,2026-07-01 11:54:30.000000,2.31,5.5,Motorcycle,42,3.7,Medium,Clear,Airoli,4.4,True
TW103155,2026-07-21 12:48:00,2026-07-21 12:52:00.000000,0.96,4.0,Scooter,39,4.4,Low,Clear,Kalyan,0.76,True
TW101440,2026-07-20 23:32:00,2026-07-20 23:56:54.000000,9.63,24.9,Motorcycle,32,4.6,Medium,Clear,Airoli,0.93,True
TW104362,2026-07-09 10:53:00,2026-07-09 11:23:12.000000,9.36,30.2,Motorcycle,36,4.4,Medium,Overcast,Mumbra,2.11,False
TW103383,2026-07-02 14:34:00,2026-07-02 14:47:54.000000,4.12,13.9,Electric Scooter,42,3.9,High,Rain,Mumbra,2.14,True
TW102544,2026-07-15 06:00:00,2026-07-15 06:04:30.000000,1.99,4.5,Scooter,27,4.1,High,Rain,Ghodbunder Road,2.72,True
TW101293,2026-07-08 16:43:00,2026-07-08 16:50:42.000000,2.0,7.7,Scooter,44,3.4,Medium,Clear,Kalyan,0.91,True
TW100015,2026-07-17 08:54:00,2026-07-17 09:03:18.000000,2.12,9.3,Scooter,35,4.3,High,Clear,Kalyan,0.37,True
TW101004,2026-07-07 22:33:00,2026-07-07 22:45:54.000000,3.85,12.9,Scooter,39,3.7,Medium,Clear,Dombivli,0.2,True
TW102997,2026-07-14 01:45:00,2026-07-14 02:15:42.000000,10.6,30.7,Electric Scooter,22,,Low,Clear,Kalyan,0.2,False
TW102721,2026-07-12 04:48:00,2026-07-12 05:02:36.000000,4.28,14.6,Scooter,39,3.7,Medium,Clear,Mumbra,5.46,True
TW101071,2026-07-15 15:15:00,2026-07-15 15:22:30.000000,4.28,7.5,Motorcycle,35,5.0,Low,Clear,Bhandup,2.48,True
TW102646,2026-07-24 17:45:00,2026-07-24 17:54:18.000000,3.1,9.3,Motorcycle,36,4.8,Low,Rain,Mumbra,0.33,True
TW104247,2026-07-29 03:32:00,2026-07-29 03:54:18.000000,6.22,22.3,Motorcycle,38,3.6,Low,Rain,Kalyan,2.49,True
TW102032,2026-07-08 06:59:00,2026-07-08 07:19:48.000000,4.88,20.8,Motorcycle,22,3.9,High,Clear,Mulund,1.98,True
TW102639,2026-07-10 06:00:00,2026-07-10 06:14:36.000000,4.39,14.6,2-Wheeler,35,4.1,Medium,Clear,Kalyan,0.77,True
TW102109,2026-07-17 21:30:00,2026-07-17 21:39:54.000000,5.52,9.9,Scooter,29,3.9,Medium,Rain,Vashi,2.0,True
TW101325,2026-07-24 07:40:00,2026-07-24 07:49:06.000000,4.13,9.1,Motorcycle,44,4.4,Low,Overcast,Thane West,0.2,True
TW102102,2026-07-02 20:18:00,2026-07-02 20:27:42.000000,3.3,9.7,Scooter,43,4.2,Low,Rain,Thane West,0.48,True
TW102572,2026-07-16 21:08:00,2026-07-16 21:19:36.000000,2.69,11.6,Motorcycle,21,4.5,High,Clear,Ghodbunder Road,1.36,True
TW103975,2026-07-29 19:04:00,2026-07-29 19:10:00.000000,1.92,6.0,Scooter,37,4.5,High,Rain,Navi Mumbai,1.19,True
TW103745,2026-07-09 02:04:00,2026-07-09 02:10:54.000000,2.63,6.9,Motorcycle,31,4.8,High,Clear,Bhandup,0.46,True
TW104109,2026-07-14 18:35:00,2026-07-14 18:43:12.000000,2.06,8.2,Electric Scooter,44,4.4,Low,Rain,Navi Mumbai,0.94,True
TW101454,2026-07-23 15:14:00,2026-07-23 15:21:06.000000,3.76,7.1,2-Wheeler,32,4.5,Medium,Clear,Airoli,1.23,True
TW101547,2026-07-02 00:14:00,2026-07-02 00:20:12.000000,1.61,6.2,Motorcycle,38,4.5,Low,Clear,Mulund,2.07,True
TW104399,2026-07-04 00:36:00,2026-07-04 00:40:18.000000,20.68860895918208,4.3,Motorcycle,39,4.2,,Overcast,Navi Mumbai,1.35,True
TW102633,2026-07-20 11:46:00,2026-07-20 12:01:12.000000,4.89,15.2,Scooter,19,4.7,Medium,Clear,Mumbra,4.61,True
TW104086,2026-07-07 21:15:00,2026-07-07 21:28:30.000000,3.77,13.5,Scooter,22,4.1,Low,Clear,Bhandup,2.94,True
TW102399,2026-07-05 19:32:00,2026-07-05 19:38:48.000000,3.68,6.8,Scooter,31,4.1,Medium,Clear,Bhandup,3.14,True
TW104934,2026-07-27 13:49:00,2026-07-27 14:03:30.000000,4.04,14.5,Scooter,35,4.1,Medium,Clear,Mulund,1.65,True
TW101612,2026-07-13 14:36:00,2026-07-13 14:46:12.000000,3.93,10.2,Scooter,44,4.5,Medium,Clear,Airoli,0.2,True
TW104948,2026-07-19 00:45:00,2026-07-19 00:54:30.000000,3.0,476.504632213804,Scooter,28,4.9,Medium,Clear,Airoli,0.26,True
TW103717,2026-07-20 01:27:00,2026-07-20 01:45:42.000000,4.53,18.7,Scooter,38,4.1,High,Rain,Mumbra,1.82,True
TW102823,2026-07-16 18:11:00,2026-07-16 18:17:42.000000,2.96,6.7,Motorcycle,44,3.6,Low,Clear,Navi Mumbai,4.66,True
TW102642,2026-07-13 12:27:00,2026-07-13 12:35:00.000000,1.79,8.0,Motorcycle,20,4.2,Medium,Rain,Ghodbunder Road,1.79,True
TW103025,2026-07-10 16:32:00,2026-07-10 16:42:30.000000,3.34,10.5,Motorcycle,34,4.6,High,Clear,Navi Mumbai,1.46,True
TW103762,2026-07-23 03:46:00,2026-07-23 04:14:00.000000,12.31,28.0,Motorcycle,43,4.3,Medium,Overcast,Mulund,0.38,False
TW101120,2026-07-26 04:19:00,2026-07-26 04:28:06.000000,2.81,9.1,Scooter,35,3.6,Medium,Overcast,Bhandup,3.29,True
TW102280,2026-07-28 11:35:00,2026-07-28 11:49:18.000000,2.17,14.3,Scooter,19,4.3,High,Clear,Kalyan,3.37,True
TW103836,2026-07-23 23:15:00,2026-07-23 23:23:12.000000,2.9,8.2,Scooter,32,4.4,,Clear,Ghodbunder Road,0.72,True
TW101700,2026-07-02 18:34:00,2026-07-02 18:50:18.000000,6.5,16.3,e-scooter,26,4.5,Low,Clear,Mulund,2.29,True
TW102952,2026-07-17 11:52:00,2026-07-17 12:06:54.000000,6.69,14.9,Scooter,22,4.4,High,Clear,Navi Mumbai,2.69,True
TW101155,2026-07-12 09:31:00,2026-07-12 09:48:42.000000,5.3,17.7,Scooter,30,4.5,High,Overcast,Dombivli,5.93,True
TW104718,2026-07-13 18:24:00,2026-07-13 18:33:06.000000,1.26,9.1,Scooter,22,4.1,Low,Clear,Airoli,2.24,True
TW100952,2026-07-24 22:46:00,2026-07-24 22:59:36.000000,4.13,13.6,Scooter,32,4.3,Low,Rain,Kalyan,4.85,True
TW104563,2026-07-25 14:51:00,2026-07-25 14:55:00.000000,0.63,4.0,Scooter,28,3.8,Medium,Clear,Mumbra,0.63,True
TW103342,2026-07-06 19:43:00,2026-07-06 19:50:42.000000,1.37,7.7,Electric Scooter,34,4.4,Medium,Clear,Airoli,1.94,True
TW101117,2026-07-13 16:57:00,2026-07-13 17:06:30.000000,2.45,9.5,Motorcycle,34,4.7,Medium,Clear,Ghodbunder Road,0.23,True
TW100954,2026-07-19 03:57:00,2026-07-19 04:03:54.000000,2.36,6.9,Scooter,36,4.2,Medium,Clear,Mumbra,3.91,True
TW103203,2026-07-09 20:29:00,2026-07-09 20:46:06.000000,4.92,17.1,Electric Scooter,41,4.0,Medium,Clear,Dombivli,0.2,True
TW100368,2026-07-21 02:17:00,2026-07-21 02:30:42.000000,5.75,13.7,Scooter,35,4.2,Medium,Rain,Navi Mumbai,0.68,True
TW102718,2026-07-14 22:33:00,2026-07-14 22:37:12.000000,1.37,4.2,Motorcycle,35,3.9,Low,Clear,Bhandup,0.2,True
TW101172,2026-07-08 14:11:00,2026-07-08 14:17:42.000000,1.66,6.7,Motorcycle,22,4.3,Medium,Clear,Thane West,0.26,True
TW104635,2026-07-22 16:36:00,2026-07-22 16:45:48.000000,3.54,9.8,Scooter,35,4.1,Low,Clear,Navi Mumbai,1.22,True
TW102330,2026-07-11 07:38:00,2026-07-11 07:49:24.000000,2.8,11.4,Electric Scooter,33,4.6,Low,Overcast,Airoli,3.99,True
TW103057,2026-07-17 15:03:00,2026-07-17 15:11:00.000000,2.54,8.0,Motorcycle,21,4.4,Low,Clear,Thane West,1.08,True
TW100341,2026-07-16 04:16:00,2026-07-16 04:29:30.000000,4.98,13.5,Electric Scooter,25,4.7,Low,Clear,Airoli,1.07,True
TW101376,2026-07-03 23:29:00,2026-07-03 23:33:00.000000,2.77,4.0,Scooter,21,3.8,Low,Clear,Bhandup,4.73,True
TW101125,2026-07-06 13:15:00,2026-07-06 13:33:06.000000,6.22,18.1,Motorcycle,24,5.0,Medium,Clear,Ghodbunder Road,1.44,True
TW103700,2026-07-12 19:17:00,2026-07-12 19:28:48.000000,2.01,11.8,Motorcycle,23,4.3,Low,Clear,Mulund,2.49,True
TW100415,2026-07-11 06:33:00,2026-07-11 06:55:36.000000,7.02,22.6,Scooter,41,4.7,Low,Clear,Mulund,1.05,True
TW103102,2026-07-28 22:43:00,2026-07-28 22:52:00.000000,4.48,9.0,Motorcycle,30,4.5,High,Clear,Thane West,1.75,True
TW103661,2026-07-12 15:05:00,2026-07-12 15:09:30.000000,1.81,4.5,Motorcycle,22,4.0,Low,Rain,Airoli,1.82,True
TW100944,2026-07-11 15:40:00,2026-07-11 15:51:54.000000,8.39,11.9,Motorcycle,27,4.0,High,Rain,Navi Mumbai,0.2,True
TW102379,2026-07-12 22:48:00,2026-07-12 22:52:00.000000,2.79,4.0,Motorcycle,38,4.6,Medium,Clear,Navi Mumbai,1.96,True
TW101980,2026-07-03 05:55:00,2026-07-03 05:59:00.000000,2.13,4.0,Motorcycle,35,4.7,Low,Clear,Airoli,0.46,True
TW103461,2026-07-04 19:37:00,2026-07-04 19:43:12.000000,2.09,6.2,Motorcycle,39,4.1,High,Clear,Airoli,4.34,True
TW103658,2026-07-06 06:55:00,2026-07-06 06:59:30.000000,2.85,4.5,Scooter,41,4.1,Medium,Clear,Navi Mumbai,1.29,True
TW103138,2026-07-19 03:40:00,2026-07-19 03:44:00.000000,21.3527719087487,4.0,Scooter,24,,Medium,Clear,Bhandup,0.2,True
TW102914,2026-07-09 04:17:00,2026-07-09 04:21:06.000000,2.62,4.1,Motorcycle,43,4.3,High,Clear,Bhandup,1.99,True
TW101957,2026-07-01 13:16:00,2026-07-01 13:32:30.000000,7.06,16.5,Motorcycle,37,5.0,Medium,Clear,Ghodbunder Road,0.83,True
TW101893,2026-07-01 12:51:00,2026-07-01 13:18:06.000000,9.11,27.1,Motorcycle,25,4.6,Low,Clear,Navi Mumbai,0.21,False
TW100523,2026-07-27 11:21:00,2026-07-27 11:38:24.000000,5.46,17.4,Motorcycle,22,4.4,High,Clear,Bhandup,0.2,True
TW100091,2026-07-03 16:16:00,2026-07-03 16:30:54.000000,4.77,14.9,Motorcycle,26,4.2,Medium,Clear,Mumbra,1.06,True
TW104323,2026-07-18 06:25:00,2026-07-18 06:35:42.000000,3.59,10.7,Motorcycle,27,4.0,Medium,Clear,Dombivli,1.33,True
TW101566,2026-07-04 00:24:00,2026-07-04 00:29:06.000000,2.55,5.1,Motorcycle,32,,Low,Rain,Kalyan,3.47,True
TW100442,2026-07-16 04:30:00,2026-07-16 04:38:12.000000,1.38,8.2,motorbike,33,4.0,High,Rain,Navi Mumbai,1.73,True
TW103556,2026-07-05 01:41:00,2026-07-05 02:04:30.000000,9.04,23.5,bike,25,4.6,Medium,Clear,Navi Mumbai,1.93,True
TW101549,2026-07-06 13:52:00,2026-07-06 14:26:42.000000,9.36,34.7,Motorcycle,28,4.2,Medium,Clear,Airoli,1.27,False
TW101820,2026-07-18 02:40:00,2026-07-18 02:44:00.000000,2.29,4.0,Scooter,27,4.8,High,Rain,Dombivli,1.69,True
TW101461,2026-07-22 16:13:00,2026-07-22 16:18:54.000000,1.68,5.9,Scooter,37,4.4,Medium,Clear,Vashi,1.6,True
TW102830,2026-07-27 16:57:00,2026-07-27 17:01:00.000000,3.19,4.0,Scooter,31,4.2,Medium,Rain,Navi Mumbai,1.65,True
TW103282,2026-07-11 10:44:00,2026-07-11 11:14:24.000000,9.15,30.4,Motorcycle,37,4.1,Medium,Clear,Bhandup,1.19,False
TW104485,2026-07-18 16:43:00,2026-07-18 16:51:54.000000,2.73,8.9,Scooter,38,3.6,Medium,Rain,Kalyan,0.81,True
TW103382,2026-07-16 02:41:00,2026-07-16 02:45:00.000000,1.22,4.0,Scooter,19,4.2,Medium,Overcast,Airoli,4.72,True
TW100314,2026-07-23 11:55:00,2026-07-23 12:15:36.000000,4.77,20.6,Motorcycle,22,4.9,High,Rain,Mumbra,0.92,True
TW100615,2026-07-21 01:02:00,2026-07-21 01:15:18.000000,3.02,13.3,Scooter,22,3.9,Medium,Clear,Mulund,2.4,True
TW100805,2026-07-20 08:50:00,2026-07-20 08:57:18.000000,2.71,7.3,Motorcycle,31,4.3,High,Clear,Navi Mumbai,0.35,True
TW103160,2026-07-26 00:29:00,2026-07-26 00:55:18.000000,8.25,26.3,Motorcycle,32,4.2,High,Clear,Thane West,1.53,False
TW104773,2026-07-13 18:52:00,2026-07-13 19:01:24.000000,3.11,9.4,Motorcycle,29,4.3,High,Clear,Navi Mumbai,2.2,True
TW101783,2026-07-20 21:00:00,2026-07-20 21:21:48.000000,9.86,21.8,Scooter,22,4.9,Medium,Clear,Mumbra,2.12,True
TW102465,2026-07-17 16:47:00,2026-07-17 16:57:06.000000,3.82,10.1,Motorcycle,31,4.1,High,Clear,Navi Mumbai,1.4,True
TW103222,2026-07-02 21:03:00,2026-07-02 21:07:18.000000,2.51,433.98082802625436,Scooter,36,4.5,Medium,Rain,Ghodbunder Road,0.67,True
TW102008,2026-07-08 10:07:00,2026-07-08 10:18:42.000000,5.92,11.7,Scooter,20,4.6,Low,Clear,Bhandup,0.45,True
TW103776,2026-07-11 16:49:00,2026-07-11 17:03:24.000000,6.1,14.4,Motorcycle,19,4.3,High,Overcast,Airoli,0.55,True
TW102023,2026-07-08 18:05:00,2026-07-08 18:16:18.000000,4.23,11.3,Scooter,31,3.4,Low,Rain,Airoli,3.1,True
TW100194,2026-07-30 09:25:00,2026-07-30 09:35:36.000000,3.16,10.6,Scooter,38,4.3,Medium,Clear,Mulund,2.3,True
TW103443,2026-07-13 12:46:00,2026-07-13 12:55:42.000000,4.73,9.7,Electric Scooter,30,3.6,High,Clear,Dombivli,0.67,True
TW104211,2026-07-08 21:25:00,2026-07-08 21:37:30.000000,4.54,12.5,Motorcycle,29,4.5,Low,Clear,Navi Mumbai,1.06,True
TW102069,2026-07-18 17:18:00,2026-07-18 17:23:36.000000,2.95,5.6,Scooter,39,5.0,High,Overcast,Mulund,0.85,True
TW102311,2026-07-25 11:33:00,2026-07-25 11:59:18.000000,6.74,26.3,Scooter,38,4.2,High,Rain,Bhandup,0.54,False
TW102367,2026-07-25 08:38:00,2026-07-25 08:48:30.000000,2.1,10.5,Scooter,41,3.5,Low,Clear,Bhandup,2.3,True
TW100313,2026-07-18 19:35:00,2026-07-18 19:42:54.000000,1.71,7.9,scooter ,44,4.3,Medium,Rain,Kalyan,1.74,True
TW103505,2026-07-15 03:39:00,2026-07-15 04:01:30.000000,5.78,22.5,Electric Scooter,26,4.5,High,Overcast,Thane West,1.6,True
TW103130,2026-07-21 18:16:00,2026-07-21 18:33:00.000000,3.48,17.0,Scooter,30,4.9,Low,Clear,Kalyan,0.86,True
TW103109,2026-07-19 12:15:00,2026-07-19 12:28:24.000000,4.76,13.4,Motorcycle,26,4.3,Low,Clear,Airoli,0.48,True
TW103376,2026-07-17 20:49:00,2026-07-17 21:23:12.000000,10.62,34.2,Scooter,36,3.8,High,Clear,Vashi,2.15,False
TW100622,2026-07-29 09:10:00,2026-07-29 09:16:00.000000,3.15,6.0,Electric Scooter,44,4.9,Low,Clear,Kalyan,2.12,True
TW104883,2026-07-11 16:55:00,2026-07-11 17:08:42.000000,5.81,13.7,Scooter,36,4.4,High,Overcast,Mulund,2.42,True
TW101291,2026-07-13 09:46:00,2026-07-13 09:50:00.000000,1.29,4.0,Scooter,34,4.0,Low,Rain,Navi Mumbai,0.48,True
TW104760,2026-07-10 14:34:00,2026-07-10 14:39:30.000000,3.31,5.5,Electric Scooter,40,4.7,Low,Clear,Ghodbunder Road,2.44,True
TW101218,2026-07-12 12:58:00,2026-07-12 13:06:12.000000,1.78,8.2,Scooter,23,4.1,Medium,Clear,Mulund,4.15,True
TW104473,2026-07-22 22:47:00,2026-07-22 23:07:48.000000,8.31,20.8,Motorcycle,23,4.3,High,Clear,Dombivli,0.24,True
TW102711,2026-07-18 03:14:00,2026-07-18 03:40:42.000000,7.37,26.7,Electric Scooter,42,4.8,Low,Clear,Vashi,4.16,False
TW102956,2026-07-13 20:37:00,2026-07-13 20:42:30.000000,2.58,5.5,Motorcycle,33,3.6,Medium,Clear,Ghodbunder Road,0.84,True
TW104172,2026-07-30 08:02:00,2026-07-30 08:14:24.000000,5.64,12.4,Motorcycle,27,4.6,High,Clear,Dombivli,4.44,True
TW103822,2026-07-14 14:22:00,2026-07-14 14:27:18.000000,2.13,5.3,Scooter,44,4.0,Medium,Overcast,Thane West,2.68,True
TW101059,2026-07-27 09:49:00,2026-07-27 09:53:12.000000,2.56,4.2,Motorcycle,21,3.9,High,Overcast,Kalyan,1.17,True
TW103973,2026-07-03 17:36:00,2026-07-03 17:40:00.000000,2.62,4.0,Scooter,26,4.4,Low,Clear,Mulund,4.8,True
TW103171,2026-07-10 01:27:00,2026-07-10 01:48:54.000000,6.42,21.9,Motorcycle,22,3.9,Medium,Rain,Bhandup,1.88,True
TW100725,2026-07-10 01:50:00,2026-07-10 02:02:54.000000,5.53,12.9,Scooter,33,4.0,Low,Clear,Bhandup,2.61,True
TW101898,2026-07-24 08:32:00,2026-07-24 08:52:54.000000,6.7,20.9,e-scooter,22,4.2,Low,Clear,Vashi,0.89,True
TW102610,2026-07-10 09:41:00,2026-07-10 09:51:30.000000,3.18,10.5,Electric Scooter,43,4.7,Low,Clear,Ghodbunder Road,2.07,True
TW101259,2026-07-03 09:23:00,2026-07-03 09:31:54.000000,4.52,8.9,Motorcycle,36,4.1,High,Clear,Mumbra,3.07,True
TW103074,2026-07-09 09:14:00,2026-07-09 09:27:06.000000,4.12,13.1,Scooter,21,4.5,Medium,Clear,Thane West,0.58,True
TW103092,2026-07-02 22:11:00,2026-07-02 22:20:54.000000,2.82,9.9,Electric Scooter,26,4.3,Medium,Rain,Vashi,2.09,True
TW102342,2026-07-08 05:42:00,2026-07-08 06:00:06.000000,4.4,18.1,Scooter,37,4.8,Low,Clear,Ghodbunder Road,0.47,True
TW103754,2026-07-13 16:05:00,2026-07-13 16:25:24.000000,7.52,20.4,Scooter,23,4.1,High,Clear,Airoli,1.52,True
TW101504,2026-07-17 00:54:00,2026-07-17 01:03:12.000000,2.53,9.2,2-Wheeler,33,4.9,High,Overcast,Ghodbunder Road,0.2,True
TW100681,2026-07-20 07:10:00,2026-07-20 07:14:00.000000,1.98,4.0,Electric Scooter,19,4.0,High,Overcast,Kalyan,2.7,True
TW103164,2026-07-20 20:17:00,2026-07-20 20:30:36.000000,3.79,13.6,Motorcycle,40,4.4,Low,Clear,Navi Mumbai,0.45,True
TW103478,2026-07-29 13:14:00,2026-07-29 13:18:00.000000,1.7,4.0,Motorcycle,25,5.0,Medium,Clear,Mulund,2.66,True
TW100446,2026-07-24 03:51:00,2026-07-24 04:02:18.000000,5.17,11.3,Electric Scooter,25,4.3,High,Rain,Ghodbunder Road,0.56,True
TW100896,2026-07-13 06:44:00,2026-07-13 06:54:36.000000,3.16,10.6,Electric Scooter,35,4.0,Low,Clear,Navi Mumbai,1.8,True
TW104329,2026-07-30 17:44:00,2026-07-30 18:03:42.000000,7.91,19.7,Electric Scooter,43,4.5,Medium,,Airoli,3.48,True
TW104863,2026-07-18 08:32:00,2026-07-18 08:41:36.000000,2.58,9.6,Scooter,24,4.3,Medium,Clear,Vashi,2.27,True
TW102680,2026-07-19 05:29:00,2026-07-19 05:34:00.000000,1.45,5.0,Motorcycle,20,4.1,Low,Clear,Navi Mumbai,2.62,True
TW103877,2026-07-25 05:47:00,2026-07-25 05:58:24.000000,4.01,11.4,Scooter,39,4.7,Low,Clear,Airoli,1.47,True
TW103069,2026-07-30 07:52:00,2026-07-30 07:58:54.000000,2.65,6.9,Motorcycle,34,4.0,Medium,Clear,Navi Mumbai,1.85,True
TW102916,2026-07-16 01:50:00,2026-07-16 02:01:42.000000,3.22,11.7,Motorcycle,34,5.0,Medium,Clear,Kalyan,0.3,True
TW101721,2026-07-22 11:49:00,2026-07-22 12:01:36.000000,4.82,12.6,Motorcycle,24,4.3,Low,Overcast,Airoli,1.45,True
TW103601,2026-07-06 08:25:00,2026-07-06 08:39:18.000000,3.27,14.3,Motorcycle,43,4.5,Low,Clear,Bhandup,6.38,True
TW104914,2026-07-25 15:07:00,2026-07-25 15:22:24.000000,4.61,15.4,Motorcycle,27,4.2,Low,Clear,Dombivli,0.2,True
TW104968,2026-07-25 03:20:00,2026-07-25 03:31:48.000000,2.77,11.8,Motorcycle,32,4.8,Low,Clear,Bhandup,10.14,True
TW102227,2026-07-12 17:00:00,2026-07-12 17:29:42.000000,13.02,29.7,Scooter,40,3.8,High,Clear,Vashi,1.4,False
TW100598,2026-07-04 10:58:00,2026-07-04 11:07:06.000000,4.88,9.1,Scooter,27,4.5,High,Clear,Mulund,0.2,True
TW102923,2026-07-17 01:47:00,2026-07-17 01:53:54.000000,1.63,6.9,Scooter,32,3.4,Low,Rain,Mulund,3.3,True
TW102888,2026-07-27 10:36:00,2026-07-27 10:29:38.737651,3.59,9.9,Scooter,34,4.4,Medium,Overcast,Navi Mumbai,0.98,True
TW101912,2026-07-07 12:56:00,2026-07-07 13:04:12.000000,1.84,8.2,Scooter,24,4.0,High,Overcast,Mumbra,3.7,True
TW101823,2026-07-22 06:23:00,2026-07-22 06:27:00.000000,0.82,4.0,Electric Scooter,35,4.2,Low,Clear,Kalyan,2.62,True
TW102867,2026-07-19 22:18:00,2026-07-19 22:31:42.000000,4.25,13.7,Motorcycle,30,3.6,Low,Clear,Dombivli,2.48,True
TW104849,2026-07-12 01:54:00,2026-07-12 02:10:30.000000,7.08,16.5,Scooter,37,4.9,Medium,Overcast,Mumbra,0.2,True
TW102237,2026-07-12 10:26:00,2026-07-12 10:47:06.000000,7.7,21.1,Scooter,32,4.7,Low,Clear,Mulund,0.44,True
TW101847,2026-07-15 16:22:00,2026-07-15 16:39:30.000000,5.82,17.5,Scooter,37,4.8,Low,Clear,Ghodbunder Road,5.22,True
TW104819,2026-07-06 03:18:00,2026-07-06 03:26:00.000000,3.27,8.0,Electric Scooter,25,4.3,Low,Clear,Bhandup,2.16,True
TW104404,2026-07-30 08:54:00,2026-07-30 09:15:30.000000,5.12,21.5,Motorcycle,26,4.2,Medium,Overcast,Mumbra,6.32,True
TW101008,2026-07-30 19:49:00,2026-07-30 20:17:36.000000,9.72,28.6,Motorcycle,35,,Low,Clear,Ghodbunder Road,0.89,False
TW100939,2026-07-05 00:23:00,2026-07-05 00:13:41.704393,11.33,28.1,Scooter,27,4.3,Low,Clear,Bhandup,1.82,False
TW100874,2026-07-20 14:09:00,2026-07-20 14:19:18.000000,3.09,10.3,Motorcycle,30,4.1,Medium,Rain,Mulund,4.71,True
TW101793,2026-07-30 17:02:00,2026-07-30 17:18:24.000000,6.6,16.4,motorbike,33,4.5,High,Clear,Dombivli,0.94,True
TW103453,2026-07-15 05:15:00,2026-07-15 05:36:06.000000,7.07,21.1,Scooter,21,4.4,Medium,Clear,Navi Mumbai,0.57,True
TW101406,2026-07-09 12:51:00,2026-07-09 12:56:48.000000,2.63,5.8,Motorcycle,40,4.2,Medium,Clear,Airoli,4.76,True
TW100860,2026-07-07 17:06:00,2026-07-07 17:10:00.000000,1.16,4.0,Electric Scooter,19,4.2,High,Clear,Mulund,0.37,True
TW104370,2026-07-30 15:10:00,2026-07-30 15:19:24.000000,4.56,9.4,Scooter,22,4.2,Medium,Clear,Airoli,1.28,True
TW103056,2026-07-22 07:30:00,2026-07-22 07:51:06.000000,5.53,21.1,Motorcycle,34,4.5,Low,Overcast,Thane West,0.2,True
TW104456,2026-07-17 14:33:00,2026-07-17 14:49:24.000000,3.94,16.4,Scooter,26,3.8,Medium,Overcast,Mumbra,3.45,True
TW103976,2026-07-25 13:39:00,2026-07-25 13:44:12.000000,1.8,5.2,Motorcycle,27,3.8,Low,Clear,Dombivli,2.89,True
TW102159,2026-07-18 23:22:00,2026-07-18 23:28:48.000000,2.19,6.8,Electric Scooter,21,3.8,High,Clear,Bhandup,0.52,True
TW103036,2026-07-19 13:53:00,2026-07-19 14:01:30.000000,3.79,8.5,Motorcycle,44,3.8,Low,Rain,Mumbra,4.58,True
TW103765,2026-07-10 14:25:00,2026-07-10 14:38:42.000000,7.23,13.7,Scooter,34,4.2,High,Clear,Airoli,8.12,True
TW100853,2026-07-22 15:16:00,2026-07-22 15:26:06.000000,3.65,10.1,Motorcycle,36,3.6,Low,Clear,Ghodbunder Road,0.85,True
TW104098,2026-07-04 04:08:00,2026-07-04 04:33:12.000000,7.2,25.2,Motorcycle,44,4.8,Medium,Clear,Ghodbunder Road,1.23,False
TW101999,2026-07-01 21:41:00,2026-07-01 21:47:00.000000,1.57,6.0,Scooter,30,4.4,Low,Clear,Vashi,1.2,True
TW100374,2026-07-22 18:56:00,2026-07-22 19:02:36.000000,2.66,6.6,Electric Scooter,23,4.3,Medium,Clear,Airoli,1.31,True
TW104559,2026-07-25 22:18:00,2026-07-25 22:22:00.000000,1.32,4.0,Motorcycle,29,4.3,Medium,Clear,Mulund,4.29,True
TW101519,2026-07-29 03:28:00,2026-07-29 03:38:24.000000,4.86,10.4,Motorcycle,19,4.0,High,Clear,Dombivli,2.0,True
TW101534,2026-07-04 20:51:00,2026-07-04 21:20:36.000000,11.96,29.6,Electric Scooter,25,4.5,High,Overcast,Vashi,0.37,False
TW101810,2026-07-18 13:31:00,2026-07-18 13:39:48.000000,3.34,8.8,Scooter,38,4.5,Medium,Rain,Kalyan,3.12,True
TW101386,2026-07-08 02:45:00,2026-07-08 03:05:42.000000,9.08,20.7,Scooter,41,4.1,Medium,Rain,Bhandup,0.2,True
TW102556,2026-07-17 06:54:00,2026-07-17 07:10:30.000000,5.28,16.5,Scooter,26,3.9,Low,Clear,Dombivli,1.44,True
TW102136,2026-07-09 03:27:00,2026-07-09 03:44:12.000000,4.22,17.2,Scooter,24,4.2,Medium,Clear,Mulund,0.2,True
TW101858,2026-07-13 22:17:00,2026-07-13 22:31:24.000000,4.78,14.4,Motorcycle,28,3.7,High,Rain,Dombivli,0.51,True
TW102383,2026-07-12 18:51:00,2026-07-12 19:33:12.000000,13.51,42.2,Scooter,28,4.7,Low,Rain,Mulund,0.2,False
TW102203,2026-07-14 12:00:00,2026-07-14 12:16:18.000000,6.65,16.3,Motorcycle,21,3.6,Medium,Rain,Bhandup,1.22,True
TW101178,2026-07-04 13:30:00,2026-07-04 13:34:00.000000,1.38,4.0,Motorcycle,23,4.5,Low,Clear,Ghodbunder Road,0.92,True
TW100793,2026-07-17 02:09:00,2026-07-17 02:15:06.000000,1.61,6.1,Motorcycle,43,4.7,Low,Clear,Ghodbunder Road,0.86,True
TW104397,2026-07-15 23:57:00,2026-07-16 00:08:18.000000,3.75,11.3,Scooter,22,,High,Clear,Mulund,3.44,True
TW101492,2026-07-02 03:47:00,2026-07-02 03:56:54.000000,3.12,9.9,Electric Scooter,34,4.4,Medium,Clear,Navi Mumbai,,True
TW103101,2026-07-30 03:11:00,2026-07-30 03:16:42.000000,2.74,5.7,Motorcycle,24,3.6,High,Clear,Ghodbunder Road,2.41,True
TW104190,2026-07-25 16:14:00,2026-07-25 16:22:12.000000,4.28,8.2,Motorcycle,25,4.7,High,Overcast,Kalyan,2.56,True
TW103832,2026-07-24 11:20:00,2026-07-24 11:25:42.000000,1.16,5.7,Motorcycle,30,4.2,High,Overcast,Mulund,0.55,True
TW103486,2026-07-16 21:27:00,2026-07-16 21:31:48.000000,0.55,4.8,Motorcycle,25,4.6,Low,Overcast,Vashi,1.45,True
TW101231,2026-07-07 14:43:00,2026-07-07 14:47:00.000000,0.72,4.0,Motorcycle,21,3.6,Medium,Rain,Navi Mumbai,0.2,True
TW101498,2026-07-18 04:41:00,2026-07-18 04:52:30.000000,2.84,11.5,Scooter,42,3.5,Medium,Clear,Dombivli,2.97,True
TW104668,2026-07-01 14:02:00,2026-07-01 14:09:24.000000,2.71,7.4,Scooter,37,4.1,Medium,Overcast,Kalyan,0.75,True
TW102039,2026-07-15 06:23:00,2026-07-15 06:43:42.000000,9.09,20.7,Motorcycle,22,4.4,Medium,Clear,Bhandup,0.57,True
TW102851,2026-07-03 14:13:00,2026-07-03 14:30:24.000000,6.36,17.4,Motorcycle,44,4.0,High,Rain,Bhandup,0.29,True
TW101924,2026-07-20 09:24:00,2026-07-20 09:29:54.000000,1.74,5.9,Motorcycle,22,4.3,Low,Rain,Thane West,2.68,True
TW104445,2026-07-29 09:40:00,2026-07-29 09:53:54.000000,3.81,13.9,Electric Scooter,23,4.8,High,Clear,Ghodbunder Road,0.47,True
TW101104,2026-07-22 16:02:00,2026-07-22 16:12:42.000000,3.71,10.7,Scooter,28,5.0,Medium,Rain,Mumbra,0.2,True
TW104337,2026-07-03 16:34:00,2026-07-03 16:50:42.000000,6.33,16.7,Electric Scooter,33,4.8,Low,Rain,Bhandup,7.79,True
TW101324,2026-07-28 21:17:00,2026-07-28 21:32:00.000000,5.07,15.0,Scooter,36,4.6,Low,Clear,Vashi,0.59,True
TW104418,2026-07-28 17:06:00,2026-07-28 17:25:42.000000,8.03,19.7,Scooter,30,4.1,High,Rain,Dombivli,1.88,True
TW103621,2026-07-17 23:51:00,2026-07-18 00:00:12.000000,0.0,9.2,Motorcycle,28,4.7,Low,Rain,Thane West,4.15,True
TW103953,2026-07-25 03:35:00,2026-07-25 03:39:00.000000,1.1,4.0,Motorcycle,30,4.5,High,Rain,Ghodbunder Road,2.26,True
TW101029,2026-07-02 17:37:00,2026-07-02 17:44:18.000000,2.81,7.3,Scooter,36,4.6,Low,Clear,Mulund,0.2,True
TW103733,2026-07-27 23:19:00,2026-07-27 23:55:48.000000,11.05,36.8,Electric Scooter,24,4.3,Medium,Clear,Bhandup,2.5,False
TW101689,2026-07-02 02:14:00,2026-07-02 02:24:00.000000,4.68,10.0,Motorcycle,37,4.4,Medium,Rain,Airoli,1.32,True
TW102117,2026-07-04 07:13:00,2026-07-04 07:28:48.000000,3.66,15.8,Motorcycle,22,3.9,Low,Clear,Thane West,0.72,True
TW100580,2026-07-21 18:10:00,2026-07-21 18:14:00.000000,2.61,4.0,Electric Scooter,42,4.1,Low,Overcast,Vashi,0.75,True
TW103076,2026-07-09 00:29:00,2026-07-09 00:44:36.000000,5.55,15.6,Motorcycle,29,5.0,Medium,Rain,Kalyan,0.38,True
TW103210,2026-07-27 00:29:00,2026-07-27 00:33:18.000000,1.08,4.3,Scooter,33,4.8,High,Rain,Thane West,0.43,True
TW104582,2026-07-29 05:48:00,2026-07-29 05:52:00.000000,1.32,4.0,Motorcycle,31,3.9,Medium,Rain,Navi Mumbai,8.32,True
TW100119,2026-07-27 21:05:00,2026-07-27 21:39:48.000000,11.49,34.8,Motorcycle,22,4.4,High,Overcast,Bhandup,1.08,False
TW101408,2026-07-19 18:08:00,2026-07-19 18:13:42.000000,4.47,5.7,Electric Scooter,27,4.2,High,Clear,Mumbra,0.63,True
TW103607,2026-07-13 12:00:00,2026-07-13 12:08:42.000000,2.49,8.7,Scooter,26,5.0,Medium,Overcast,Bhandup,1.17,True
TW103629,2026-07-16 01:46:00,2026-07-16 02:03:30.000000,6.19,17.5,Scooter,38,4.0,Medium,Clear,Mumbra,4.63,True
TW102464,2026-07-02 12:42:00,2026-07-02 13:18:30.000000,13.57,36.5,Electric Scooter,29,4.3,Medium,Clear,Thane West,0.39,False
TW102516,2026-07-03 01:26:00,2026-07-03 01:34:36.000000,3.4,8.6,Scooter,31,3.7,Medium,Clear,Ghodbunder Road,0.59,True
TW102054,2026-07-14 23:49:00,2026-07-14 23:56:42.000000,1.77,7.7,Scooter,24,4.4,Low,Clear,Thane West,1.12,True
TW102696,2026-07-19 17:57:00,2026-07-19 18:29:24.000000,7.89,32.4,Motorcycle,19,4.4,Medium,Clear,Vashi,2.57,False
TW100807,2026-07-16 06:44:00,2026-07-16 06:48:42.000000,1.65,4.7,Scooter,40,3.2,Medium,Overcast,Ghodbunder Road,0.89,True
TW104062,2026-07-09 10:25:00,2026-07-09 10:39:24.000000,4.29,14.4,Electric Scooter,38,3.7,Medium,Clear,Ghodbunder Road,0.3,True
TW101382,2026-07-10 03:30:00,2026-07-10 03:58:06.000000,7.65,28.1,Scooter,25,4.6,High,Clear,Ghodbunder Road,0.2,False
TW100067,2026-07-13 10:21:00,2026-07-13 10:33:48.000000,2.97,12.8,Scooter,42,3.9,Low,Clear,Bhandup,0.8,True
TW102353,2026-07-29 19:19:00,2026-07-29 19:23:00.000000,0.75,4.0,Motorcycle,42,4.3,High,Clear,Dombivli,2.68,True
TW100859,2026-07-01 15:10:00,2026-07-01 15:14:00.000000,1.81,4.0,Scooter,21,4.2,Medium,Clear,Kalyan,0.2,True
TW104729,2026-07-05 22:30:00,2026-07-05 22:38:42.000000,4.29,-14.605418675409116,Motorcycle,20,4.5,Medium,Clear,Dombivli,1.37,True
TW103299,2026-07-18 22:54:00,2026-07-18 22:58:00.000000,1.49,4.0,Motorcycle,19,4.1,Medium,Overcast,Bhandup,0.2,True
TW100112,2026-07-25 21:19:00,2026-07-25 21:23:00.000000,2.29,4.0,Motorcycle,29,4.8,High,Rain,Ghodbunder Road,3.46,True
TW103161,2026-07-13 14:54:00,2026-07-13 15:01:24.000000,1.76,7.4,Motorcycle,32,4.3,Medium,Clear,Thane West,5.84,True
TW102153,2026-07-09 03:28:00,2026-07-09 03:37:54.000000,2.15,9.9,Electric Scooter,32,3.9,High,Clear,Airoli,0.72,True
TW104425,2026-07-01 03:27:00,2026-07-01 03:38:12.000000,23.389029097923423,11.2,scooter ,25,4.9,Low,Rain,Kalyan,1.48,True
TW103001,2026-07-01 20:51:00,2026-07-01 21:21:30.000000,7.33,30.5,motorbike,44,4.3,Low,Rain,Vashi,4.81,False
TW101502,2026-07-20 15:30:00,2026-07-20 15:37:36.000000,16.408551002435882,7.6,Scooter,25,4.4,Medium,Clear,Mumbra,5.66,True
TW104289,2026-07-30 22:15:00,2026-07-30 22:23:42.000000,2.72,8.7,Motorcycle,38,4.5,Low,Clear,Navi Mumbai,1.6,True
TW104476,2026-07-23 20:13:00,2026-07-23 20:17:00.000000,0.95,4.0,Scooter,25,5.0,Low,Clear,Ghodbunder Road,1.71,True
TW101581,2026-07-23 22:33:00,2026-07-23 22:56:18.000000,6.13,23.3,Motorcycle,21,5.0,Medium,Overcast,Mumbra,4.49,True
TW104145,2026-07-06 04:22:00,2026-07-06 04:27:36.000000,2.46,5.6,bike,19,4.1,Medium,Clear,Kalyan,1.88,True
TW103969,2026-07-10 11:51:00,2026-07-10 12:01:54.000000,3.15,10.9,Scooter,42,4.5,High,Clear,Bhandup,0.2,True
TW104420,2026-07-15 22:26:00,2026-07-15 22:39:18.000000,4.09,13.3,Electric Scooter,39,4.7,Low,Overcast,Airoli,1.35,True
TW102813,2026-07-19 15:13:00,2026-07-19 15:30:54.000000,6.47,17.9,Bike,37,4.7,Low,Clear,Mulund,7.65,True
TW104393,2026-07-19 16:35:00,2026-07-19 16:58:24.000000,8.14,23.4,Motorcycle,39,4.3,Medium,Clear,Airoli,2.18,True
TW104985,2026-07-27 08:49:00,2026-07-27 09:02:06.000000,2.81,13.1,Scooter,43,4.7,Medium,Clear,Kalyan,4.4,True
TW104045,2026-07-07 19:49:00,2026-07-07 20:05:48.000000,5.33,16.8,Scooter,44,4.3,Low,Clear,Navi Mumbai,0.99,True
TW102905,2026-07-01 16:06:00,2026-07-01 16:37:54.000000,10.72,31.9,Scooter,38,3.9,Medium,Clear,Airoli,4.22,False
TW102051,2026-07-23 16:17:00,2026-07-23 16:41:06.000000,9.98,24.1,Scooter,34,4.5,Low,Clear,Bhandup,0.56,True
TW100179,2026-07-13 11:24:00,2026-07-13 11:34:00.000000,3.9,10.0,Motorcycle,27,4.7,High,Rain,Navi Mumbai,0.31,True
TW102091,2026-07-18 01:44:00,2026-07-18 01:48:00.000000,1.48,4.0,Scooter,27,4.2,Low,Clear,Airoli,1.59,True
TW102904,2026-07-17 03:03:00,2026-07-17 03:20:36.000000,5.46,17.6,Motorcycle,33,4.2,High,Clear,Ghodbunder Road,0.66,True
TW102866,2026-07-13 09:59:00,2026-07-13 10:03:00.000000,1.65,4.0,Motorcycle,43,4.8,Medium,Clear,Airoli,0.2,True
TW103926,2026-07-14 14:07:00,2026-07-14 14:11:00.000000,1.83,4.0,Scooter,36,4.4,Low,Clear,Mumbra,8.08,True
TW100519,2026-07-27 18:31:00,2026-07-27 18:41:00.000000,18.261125071705102,10.0,Scooter,42,4.7,High,Clear,Bhandup,1.66,True
TW103410,2026-07-05 07:08:00,2026-07-05 07:20:48.000000,3.7,12.8,Scooter,38,4.4,Low,Overcast,Mulund,4.54,True
TW104763,2026-07-30 14:57:00,2026-07-30 15:07:06.000000,3.79,10.1,Motorcycle,23,4.3,Low,Clear,Mumbra,3.28,True
TW103831,2026-07-26 04:35:00,2026-07-26 04:45:48.000000,2.86,10.8,Scooter,28,4.6,High,Rain,Ghodbunder Road,4.0,True
TW103520,2026-07-22 07:41:00,2026-07-22 07:49:48.000000,2.71,8.8,Motorcycle,36,4.2,High,Clear,Airoli,3.57,True
TW100781,2026-07-13 06:37:00,2026-07-13 06:51:12.000000,3.19,14.2,Scooter,34,4.4,Low,Clear,Ghodbunder Road,2.11,True
TW102346,2026-07-03 12:44:00,2026-07-03 13:03:30.000000,5.68,19.5,Electric Scooter,35,4.0,Medium,Clear,Navi Mumbai,0.25,True
TW101122,2026-07-10 20:30:00,2026-07-10 20:36:06.000000,1.77,6.1,Motorcycle,31,3.5,Medium,Clear,Kalyan,0.29,True
TW100202,2026-07-01 09:05:00,2026-07-01 09:19:12.000000,5.48,14.2,Motorcycle,28,4.1,Medium,Overcast,Thane West,0.43,True
TW101801,2026-07-16 16:15:00,2026-07-16 16:28:18.000000,5.0,13.3,Scooter,43,,Medium,Clear,Mumbra,0.23,True
TW101596,2026-07-05 23:23:00,2026-07-05 23:27:00.000000,0.88,4.0,Motorcycle,24,4.7,Low,Clear,Ghodbunder Road,0.39,True
TW100074,2026-07-06 00:26:00,2026-07-06 00:43:06.000000,6.85,17.1,Motorcycle,23,4.4,Medium,Rain,Kalyan,2.26,True
TW103509,2026-07-09 21:02:00,2026-07-09 21:18:00.000000,7.32,16.0,Scooter,42,4.6,Low,Clear,Mumbra,0.23,True
TW100040,2026-07-03 17:02:00,2026-07-03 17:33:42.000000,10.02,31.7,Scooter,24,3.6,Low,Clear,Navi Mumbai,1.46,False
TW100730,2026-07-03 01:03:00,2026-07-03 01:13:48.000000,3.42,10.8,Scooter,36,3.7,Medium,Clear,Mulund,0.4,True
TW100109,2026-07-04 12:31:00,2026-07-04 12:36:48.000000,1.45,5.8,Scooter,19,4.2,Medium,Clear,Vashi,1.25,True
TW104579,2026-07-09 23:05:00,2026-07-09 23:22:24.000000,4.82,17.4,Electric Scooter,39,4.1,Low,Clear,Kalyan,0.2,True
TW104514,2026-07-11 08:16:00,2026-07-11 08:20:00.000000,1.75,4.0,Motorcycle,36,4.4,Low,Overcast,Mulund,0.23,True
TW100192,2026-07-15 21:29:00,2026-07-15 21:47:24.000000,6.2,18.4,Electric Scooter,31,4.9,High,Clear,Thane West,1.22,True
TW104797,2026-07-28 19:39:00,2026-07-28 19:57:00.000000,5.84,18.0,Scooter,22,4.2,High,Rain,Ghodbunder Road,3.18,True
TW101368,2026-07-27 20:48:00,2026-07-27 21:24:12.000000,12.09,36.2,Scooter,26,4.4,Low,Overcast,Ghodbunder Road,3.44,False
TW103419,2026-07-14 03:52:00,2026-07-14 03:58:42.000000,2.3,6.7,Electric Scooter,22,4.3,Medium,Rain,Airoli,4.77,True
TW101709,2026-07-11 19:47:00,2026-07-11 19:55:30.000000,1.62,8.5,Motorcycle,28,4.1,Low,Rain,Airoli,2.47,True
TW103337,2026-07-03 09:11:00,2026-07-03 09:28:18.000000,5.06,17.3,Motorcycle,26,4.6,High,Clear,Thane West,0.43,True
TW104720,2026-07-26 16:08:00,2026-07-26 16:13:06.000000,1.63,5.1,Scooter,28,4.7,Low,Clear,Airoli,1.06,True
TW102549,2026-07-26 14:45:00,2026-07-26 15:09:12.000000,9.63,24.2,Motorcycle,28,,Medium,Clear,Ghodbunder Road,2.16,True
TW103959,2026-07-03 10:44:00,2026-07-03 10:49:48.000000,4.39,5.8,Scooter,37,4.3,Low,Overcast,Kalyan,4.32,True
TW101014,2026-07-09 15:24:00,2026-07-09 15:36:00.000000,3.77,12.0,Motorcycle,25,4.2,High,Clear,Kalyan,0.83,True
TW104136,2026-07-04 02:23:00,2026-07-04 02:37:24.000000,5.71,14.4,Scooter,28,4.5,Low,Clear,Airoli,2.25,True
TW104870,2026-07-10 20:05:00,2026-07-10 20:14:36.000000,2.84,9.6,Motorcycle,22,3.7,Low,Clear,Ghodbunder Road,0.2,True
TW101892,2026-07-29 09:51:00,2026-07-29 09:57:36.000000,3.02,6.6,Scooter,43,4.3,Medium,Overcast,Kalyan,1.19,True
TW103230,2026-07-30 16:35:00,2026-07-30 16:41:12.000000,1.67,6.2,Motorcycle,27,4.2,Low,Rain,Dombivli,0.76,True
TW102214,2026-07-09 07:30:00,2026-07-09 07:47:24.000000,0.0,17.4,Scooter,25,4.6,Medium,Clear,Airoli,3.76,True
TW102787,2026-07-05 03:58:00,2026-07-05 04:15:00.000000,7.04,17.0,Scooter,39,4.2,Medium,Clear,Mumbra,5.48,True
TW101322,2026-07-09 06:34:00,2026-07-09 06:38:00.000000,0.81,4.0,Motorcycle,22,4.2,Medium,Overcast,Kalyan,1.64,True
TW103856,2026-07-07 12:10:00,2026-07-07 12:23:36.000000,5.43,13.6,Scooter,20,4.0,Medium,Clear,Dombivli,1.46,True
TW102734,2026-07-05 14:16:00,2026-07-05 14:31:00.000000,3.8,15.0,Electric Scooter,30,3.6,High,Clear,Vashi,0.59,True
TW103225,2026-07-05 11:12:00,2026-07-05 10:42:46.772893,3.53,4.0,Motorcycle,21,3.9,High,Rain,Ghodbunder Road,0.3,True
TW100869,2026-07-17 13:45:00,2026-07-17 13:55:06.000000,2.97,10.1,Scooter,31,3.7,Low,Clear,Navi Mumbai,1.45,True
TW101606,2026-07-04 05:08:00,2026-07-04 05:12:00.000000,1.2,4.0,Motorcycle,23,4.8,Medium,Overcast,Bhandup,1.87,True
TW102302,2026-07-13 11:40:00,2026-07-13 11:50:00.000000,0.0,10.0,Scooter,19,3.5,Medium,Rain,Kalyan,2.95,True
TW103148,2026-07-05 20:53:00,2026-07-05 21:03:54.000000,1.55,10.9,Scooter,44,4.1,High,Clear,Navi Mumbai,0.2,True
TW101095,2026-07-15 21:46:00,2026-07-15 22:06:30.000000,4.46,416.8100545974082,Scooter,29,4.2,Low,Rain,Ghodbunder Road,0.24,True
TW104512,2026-07-08 03:21:00,2026-07-08 03:38:36.000000,4.7,318.0155763974757,Scooter,21,4.3,Low,Clear,Ghodbunder Road,5.45,True
TW100045,2026-07-25 17:40:00,2026-07-25 17:50:54.000000,3.99,10.9,Motorcycle,25,4.0,Medium,Clear,Mulund,0.2,True
TW103839,2026-07-24 13:48:00,2026-07-24 14:06:54.000000,7.96,18.9,Motorcycle,40,3.8,Medium,Clear,Navi Mumbai,3.12,True
TW100333,2026-07-27 19:58:00,2026-07-27 20:09:36.000000,5.56,11.6,Motorcycle,33,3.8,Medium,Rain,Kalyan,2.69,True
TW101753,2026-07-21 10:24:00,2026-07-21 10:33:00.000000,2.05,9.0,Motorcycle,27,4.0,Medium,Clear,Airoli,2.85,True
TW101224,2026-07-10 17:44:00,2026-07-10 17:54:18.000000,3.01,10.3,Motorcycle,38,3.6,Medium,Rain,Airoli,1.4,True
TW100727,2026-07-07 16:46:00,2026-07-07 16:50:42.000000,3.16,4.7,Motorcycle,33,4.3,High,Rain,Vashi,0.59,True
TW104494,2026-07-20 04:39:00,2026-07-20 04:51:12.000000,3.33,12.2,Motorcycle,34,3.1,Medium,Clear,Ghodbunder Road,0.49,True
TW102190,2026-07-28 23:41:00,2026-07-29 00:11:42.000000,9.6,30.7,Motorcycle,20,4.0,Low,Clear,Airoli,2.31,False
TW102071,2026-07-01 11:53:00,2026-07-01 12:03:42.000000,3.23,10.7,Electric Scooter,30,4.2,Low,Overcast,Mulund,2.61,True
TW104124,2026-07-14 16:33:00,2026-07-14 16:45:00.000000,3.07,12.0,Motorcycle,39,4.2,High,Clear,Bhandup,0.87,True
TW102492,2026-07-18 06:03:00,2026-07-18 06:20:12.000000,6.11,17.2,Scooter,28,3.8,Low,Clear,Ghodbunder Road,2.96,True
TW103005,2026-07-22 12:59:00,2026-07-22 13:04:36.000000,2.49,5.6,Scooter,30,4.1,Low,Clear,Kalyan,1.69,True
TW100963,2026-07-04 21:31:00,2026-07-04 21:45:24.000000,3.48,14.4,Scooter,31,4.9,Medium,Rain,Bhandup,2.37,True
TW104203,2026-07-06 03:19:00,2026-07-06 03:40:30.000000,6.31,21.5,Scooter,37,4.1,High,Rain,Thane West,,True
TW102499,2026-07-05 01:42:00,2026-07-05 01:46:00.000000,1.58,4.0,Motorcycle,43,4.5,High,Rain,Bhandup,0.49,True
TW102388,2026-07-06 11:09:00,2026-07-06 11:20:12.000000,5.2,11.2,Motorcycle,31,4.0,,Clear,Dombivli,5.93,True
TW100232,2026-07-26 18:25:00,2026-07-26 18:36:18.000000,4.13,11.3,Electric Scooter,31,4.5,High,Overcast,Thane West,0.28,True
TW103981,2026-07-25 18:53:00,2026-07-25 18:59:12.000000,2.95,6.2,Scooter,19,5.0,High,Clear,Dombivli,1.36,True
TW101301,2026-07-02 21:50:00,2026-07-02 21:54:00.000000,0.9,4.0,Motorcycle,30,4.3,High,Overcast,Thane West,1.88,True
TW101089,2026-07-13 18:01:00,2026-07-13 18:22:00.000000,6.81,21.0,Electric Scooter,20,4.4,Low,Clear,Ghodbunder Road,1.06,True
TW103843,2026-07-15 07:39:00,2026-07-15 07:44:18.000000,3.96,5.3,Motorcycle,26,4.7,High,Clear,Mulund,5.93,True
TW101550,2026-07-22 02:59:00,2026-07-22 03:03:00.000000,2.25,4.0,Scooter,23,4.0,High,Clear,Thane West,2.94,True
TW100076,2026-07-05 16:22:00,2026-07-05 16:41:00.000000,4.48,19.0,Electric Scooter,44,3.8,Medium,Rain,Mumbra,3.09,True
TW104652,2026-07-06 05:57:00,2026-07-06 06:14:00.000000,6.82,17.0,Scooter,31,4.2,Medium,Overcast,Ghodbunder Road,1.18,True
TW100233,2026-07-26 16:01:00,2026-07-26 16:21:30.000000,6.09,20.5,Motorcycle,39,4.5,Medium,Overcast,Vashi,6.12,True
TW101428,2026-07-12 05:12:00,2026-07-12 05:20:42.000000,15.689196040467476,8.7,Scooter,26,4.0,High,Rain,Dombivli,0.26,True
TW100256,2026-07-09 22:32:00,2026-07-09 22:37:06.000000,2.64,5.1,Scooter,36,4.5,Low,Clear,Kalyan,0.2,True
TW102732,2026-07-13 04:11:00,2026-07-13 04:27:30.000000,5.81,16.5,Motorcycle,20,4.4,Low,Clear,Mulund,1.24,True
TW102226,2026-07-27 18:51:00,2026-07-27 18:55:00.000000,1.34,4.0,Scooter,27,4.1,Low,Clear,Dombivli,2.12,True
TW104704,2026-07-22 01:37:00,2026-07-22 01:50:54.000000,4.49,13.9,Scooter,43,4.3,Low,Clear,Thane West,0.7,True
TW101256,2026-07-24 10:54:00,2026-07-24 11:00:36.000000,0.9,6.6,Motorcycle,44,4.4,High,Overcast,Vashi,4.16,True
TW100154,2026-07-15 21:12:00,2026-07-15 21:30:12.000000,4.99,18.2,Motorcycle,43,4.2,Low,Rain,Navi Mumbai,0.76,True
TW103048,2026-07-17 12:43:00,2026-07-17 12:52:48.000000,1.85,9.8,Motorcycle,39,3.4,Medium,Clear,Ghodbunder Road,1.39,True
TW104555,2026-07-08 02:30:00,2026-07-08 02:43:54.000000,7.07,13.9,Motorcycle,28,4.6,,Clear,Ghodbunder Road,1.21,True
TW103024,2026-07-21 10:15:00,2026-07-21 10:28:54.000000,3.42,13.9,Scooter,24,4.3,Medium,Clear,Navi Mumbai,0.2,True
TW101096,2026-07-05 01:41:00,2026-07-05 01:45:48.000000,2.6,4.8,Motorcycle,27,4.9,Medium,Clear,Kalyan,1.54,True
TW104511,2026-07-04 12:56:00,2026-07-04 13:15:48.000000,6.22,19.8,Electric Scooter,24,4.1,Low,Overcast,Thane West,3.45,True
TW101394,2026-07-15 12:12:00,2026-07-15 12:16:00.000000,2.66,4.0,Motorcycle,44,3.7,Medium,Rain,Mulund,0.65,True
TW101367,2026-07-26 19:13:00,2026-07-26 19:17:00.000000,1.3,4.0,Motorcycle,41,4.6,Low,Rain,Vashi,0.25,True
TW101994,2026-07-27 05:30:00,2026-07-27 05:34:00.000000,1.24,4.0,Motorcycle,42,4.2,Low,Clear,Airoli,1.12,True
TW103752,2026-07-17 01:00:00,2026-07-17 01:04:00.000000,2.56,4.0,Motorcycle,20,4.1,Low,Rain,Kalyan,2.78,True
TW104949,2026-07-25 23:35:00,2026-07-25 23:43:18.000000,2.44,8.3,Electric Scooter,39,4.2,High,Clear,Mulund,2.37,True
TW100386,2026-07-12 13:17:00,2026-07-12 13:37:54.000000,7.34,20.9,Motorcycle,25,4.3,Medium,Overcast,Vashi,2.96,True
TW100911,2026-07-23 00:12:00,2026-07-23 00:20:18.000000,4.97,8.3,Electric Scooter,26,5.0,Medium,Clear,Thane West,0.66,True
TW102867,2026-07-19 22:18:00,2026-07-19 22:31:42.000000,4.25,13.7,Motorcycle,30,3.6,Low,Clear,Dombivli,2.48,True
TW101374,2026-07-10 02:17:00,2026-07-10 02:21:12.000000,21.605878147980896,4.2,Electric Scooter,41,4.2,Low,Clear,Mulund,2.17,True
TW101405,2026-07-11 21:42:00,2026-07-11 21:53:24.000000,3.07,11.4,Electric Scooter,26,4.8,High,Clear,Vashi,1.9,True
TW103695,2026-07-28 20:18:00,2026-07-28 20:33:48.000000,5.95,15.8,Motorcycle,42,4.8,Low,Clear,Ghodbunder Road,0.98,True
TW101468,2026-07-11 21:15:00,2026-07-11 21:20:24.000000,1.73,5.4,Bike,30,4.1,Medium,Clear,Bhandup,3.85,True
TW100779,2026-07-25 18:37:00,2026-07-25 19:02:12.000000,8.97,25.2,Electric Scooter,30,4.3,High,Clear,Vashi,0.2,False
TW101488,2026-07-24 00:43:00,2026-07-24 00:47:00.000000,2.37,4.0,Scooter,41,4.3,Medium,Clear,Vashi,1.23,True
TW103055,2026-07-05 16:47:00,2026-07-05 17:02:00.000000,5.93,15.0,Motorcycle,44,4.2,Medium,Rain,Vashi,0.2,True
TW101153,2026-07-07 05:54:00,2026-07-07 06:04:06.000000,3.45,10.1,Motorcycle,23,4.7,High,Clear,Kalyan,0.44,True
TW100976,2026-07-19 19:38:00,2026-07-19 19:43:12.000000,3.46,5.2,Motorcycle,24,4.2,Low,Overcast,Mulund,1.67,True
TW102482,2026-07-24 02:42:00,2026-07-24 02:54:12.000000,3.48,12.2,Motorcycle,33,3.8,Medium,Clear,Navi Mumbai,1.65,True
TW102731,2026-07-14 03:59:00,2026-07-14 04:03:12.000000,1.41,4.2,Motorcycle,38,4.2,Low,Rain,Airoli,4.65,True
TW102222,2026-07-30 00:54:00,2026-07-30 00:58:00.000000,1.25,4.0,Motorcycle,29,4.6,Low,Overcast,Airoli,0.2,True
TW100001,2026-07-06 22:14:00,2026-07-06 22:22:54.000000,3.93,8.9,Motorcycle,42,4.7,Medium,Rain,Thane West,0.45,True
TW101565,2026-07-30 01:18:00,2026-07-30 01:44:36.000000,11.08,26.6,Scooter,27,4.6,Medium,Clear,Mulund,1.87,False
TW103318,2026-07-01 03:45:00,2026-07-01 03:56:30.000000,4.14,11.5,Motorcycle,28,4.2,Low,Clear,Ghodbunder Road,6.35,True
TW102010,2026-07-29 02:03:00,2026-07-29 02:17:30.000000,6.54,14.5,Scooter,19,4.5,Medium,Rain,Airoli,6.52,True
TW103763,2026-07-07 10:56:00,2026-07-07 11:30:00.000000,12.5,34.0,Motorcycle,40,4.3,Low,Clear,Vashi,1.88,False
TW104732,2026-07-16 05:48:00,2026-07-16 06:12:36.000000,5.81,24.6,Electric Scooter,40,3.4,High,Clear,Navi Mumbai,1.39,True
TW104363,2026-07-07 20:08:00,2026-07-07 20:12:00.000000,1.38,4.0,Scooter,27,4.2,High,Clear,Vashi,1.24,True
TW101708,2026-07-12 15:51:00,2026-07-12 16:02:54.000000,3.44,11.9,scooter ,27,4.8,Medium,Rain,Thane West,1.93,True
TW104023,2026-07-08 18:34:00,2026-07-08 18:52:12.000000,4.86,18.2,Motorcycle,29,4.4,Low,Clear,Navi Mumbai,4.23,True
TW102187,2026-07-29 21:41:00,2026-07-29 21:53:36.000000,4.6,12.6,Scooter,42,3.9,High,Clear,Ghodbunder Road,0.2,True
TW100995,2026-07-20 17:00:00,2026-07-20 17:04:00.000000,2.51,4.0,Motorcycle,41,4.2,Medium,Clear,Vashi,4.98,True
TW100370,2026-07-25 11:30:00,2026-07-25 11:35:54.000000,2.27,5.9,Scooter,22,4.3,,Clear,Kalyan,8.11,True
TW101781,2026-07-07 06:27:00,2026-07-07 06:31:00.000000,2.18,4.0,Scooter,36,4.3,Medium,Rain,Navi Mumbai,3.02,True
TW103779,2026-07-18 08:45:00,2026-07-18 09:04:48.000000,6.88,19.8,Electric Scooter,29,4.8,Medium,Clear,Navi Mumbai,0.59,True
TW100409,2026-07-03 03:50:00,2026-07-03 04:04:54.000000,4.79,14.9,Motorcycle,32,4.3,Low,Clear,Mulund,3.77,True
TW100803,2026-07-10 01:39:00,2026-07-10 01:50:24.000000,3.41,11.4,Motorcycle,29,4.5,Low,Clear,Bhandup,4.05,True
TW103631,2026-07-19 01:57:00,2026-07-19 02:19:30.000000,6.02,22.5,Scooter,27,4.2,Medium,Clear,Bhandup,3.74,True
TW104646,2026-07-12 22:19:00,2026-07-12 22:23:42.000000,1.41,4.7,Scooter,20,4.5,Low,Overcast,Ghodbunder Road,1.39,True
TW100855,2026-07-25 12:15:00,2026-07-25 12:20:42.000000,2.84,5.7,Motorcycle,21,4.6,Medium,Overcast,Vashi,3.6,True
TW103865,2026-07-12 15:19:00,2026-07-12 15:29:06.000000,4.07,10.1,Electric Scooter,34,4.3,High,Rain,Mumbra,1.64,True
TW103229,2026-07-23 09:44:00,2026-07-23 09:55:36.000000,3.63,11.6,Scooter,28,4.4,Medium,Clear,Mulund,4.18,True
TW102760,2026-07-04 19:04:00,2026-07-04 19:23:48.000000,8.3,19.8,Motorcycle,29,4.5,Medium,Clear,Bhandup,1.34,True
TW102463,2026-07-12 06:30:00,2026-07-12 06:43:30.000000,3.47,13.5,Motorcycle,31,4.4,Medium,Clear,Navi Mumbai,1.49,True
TW103028,2026-07-14 05:55:00,2026-07-14 05:59:00.000000,1.92,4.0,Electric Scooter,22,4.2,Medium,Clear,Dombivli,0.59,True
TW100211,2026-07-17 20:29:00,2026-07-17 20:42:42.000000,4.75,13.7,Electric Scooter,29,4.6,Low,Clear,Ghodbunder Road,4.81,True
TW103212,2026-07-14 00:51:00,2026-07-14 00:55:00.000000,0.59,4.0,Motorcycle,44,4.6,High,Rain,Thane West,2.7,True
TW100583,2026-07-07 18:03:00,2026-07-07 18:13:48.000000,4.79,10.8,Scooter,27,4.6,Medium,Clear,Mulund,1.75,True
TW102040,2026-07-08 04:07:00,2026-07-08 04:16:06.000000,1.55,9.1,Electric Scooter,35,4.3,Low,Overcast,Vashi,1.14,True
TW101969,2026-07-28 18:14:00,2026-07-28 18:37:12.000000,8.36,23.2,Scooter,35,4.1,Medium,Clear,Thane West,1.47,True
TW100532,2026-07-20 15:44:00,2026-07-20 15:48:00.000000,1.37,4.0,Motorcycle,42,4.2,Low,Rain,Thane West,0.88,True
,2026-07-23 05:01:00,2026-07-23 05:19:06.000000,5.15,18.1,Scooter,35,4.1,High,Clear,Mulund,7.04,True
TW102260,2026-07-17 06:21:00,2026-07-17 06:25:00.000000,1.08,4.0,Scooter,31,4.0,Low,Clear,Kalyan,0.2,True
TW100515,2026-07-02 23:13:00,2026-07-02 23:20:36.000000,2.89,7.6,2-Wheeler,27,4.4,Medium,Clear,Dombivli,0.24,True
TW103118,2026-07-06 15:26:00,2026-07-06 15:30:00.000000,1.22,4.0,Scooter,37,5.0,High,Overcast,Kalyan,0.2,True
TW104545,2026-07-06 14:01:00,2026-07-06 14:05:54.000000,2.69,4.9,Motorcycle,39,4.0,Medium,Clear,Bhandup,0.2,True
TW100531,2026-07-16 19:39:00,2026-07-16 20:08:06.000000,7.36,29.1,Scooter,41,5.0,Medium,Clear,Mulund,1.64,False
TW101460,2026-07-06 06:33:00,2026-07-06 06:39:42.000000,3.75,6.7,Scooter,28,4.5,Low,Clear,Mumbra,5.02,True
TW100326,2026-07-08 19:18:00,2026-07-08 19:30:54.000000,3.18,12.9,Scooter,30,4.3,Medium,Clear,Thane West,1.48,True
TW100246,2026-07-15 18:47:00,2026-07-15 18:51:00.000000,1.27,4.0,Scooter,19,3.8,Low,Overcast,Airoli,6.1,True
TW102779,2026-07-09 08:55:00,2026-07-09 09:15:42.000000,5.9,20.7,Motorcycle,23,4.2,Medium,Clear,Mulund,2.9,True
TW101622,2026-07-27 17:09:00,2026-07-27 17:17:48.000000,4.87,8.8,bike,31,3.8,Low,Overcast,Bhandup,2.04,True
TW100930,2026-07-14 19:45:00,2026-07-14 19:49:00.000000,2.94,4.0,Scooter,42,4.6,Medium,Overcast,Airoli,0.79,True
TW102150,2026-07-14 02:32:00,2026-07-14 03:05:30.000000,8.44,33.5,2-Wheeler,27,4.4,High,Clear,Ghodbunder Road,1.09,False
TW101713,2026-07-15 17:36:00,2026-07-15 17:54:18.000000,8.18,18.3,Motorcycle,27,4.9,Low,Clear,Vashi,3.1,True
TW100069,2026-07-22 14:53:00,2026-07-22 15:06:24.000000,6.87,13.4,Scooter,26,5.0,Low,Rain,Navi Mumbai,6.71,True
TW100388,2026-07-07 22:05:00,2026-07-07 22:35:12.000000,7.51,30.2,Motorcycle,36,4.4,Low,Clear,Thane West,1.73,False
TW103517,2026-07-07 15:42:00,2026-07-07 15:46:18.000000,0.63,4.3,Scooter,39,4.5,Low,Overcast,Dombivli,0.69,True
TW103020,2026-07-03 22:29:00,2026-07-03 22:40:54.000000,3.07,11.9,Electric Scooter,29,3.6,Low,Clear,Dombivli,1.24,True
TW102859,2026-07-22 09:38:00,2026-07-22 09:48:24.000000,4.26,10.4,Motorcycle,42,5.0,Low,Overcast,Mulund,1.22,True
TW100698,2026-07-28 05:21:00,2026-07-28 05:33:42.000000,3.73,12.7,Motorcycle,44,4.6,Medium,Clear,Vashi,1.03,True
TW100747,2026-07-23 05:08:00,2026-07-23 05:26:00.000000,7.87,18.0,Scooter,21,3.8,Medium,Clear,Dombivli,2.5,True
TW102211,2026-07-05 03:05:00,2026-07-05 03:09:12.000000,1.85,4.2,Motorcycle,42,4.1,High,Clear,Navi Mumbai,0.45,True
TW102095,2026-07-19 12:40:00,2026-07-19 12:53:24.000000,4.55,13.4,Motorcycle,33,4.8,Low,Rain,Navi Mumbai,3.46,True
TW103748,2026-07-08 14:48:00,2026-07-08 15:01:48.000000,6.44,13.8,Electric Scooter,29,4.8,High,Rain,Navi Mumbai,0.48,True
TW102683,2026-07-22 17:27:00,2026-07-22 17:48:24.000000,5.76,21.4,Motorcycle,21,4.3,Low,Overcast,Airoli,3.45,True
TW102236,2026-07-10 01:58:00,2026-07-10 02:20:18.000000,5.7,22.3,Scooter,34,4.2,Low,Clear,Kalyan,2.04,True
TW103712,2026-07-03 16:35:00,2026-07-03 16:44:24.000000,1.85,9.4,Scooter,24,4.5,Medium,Overcast,Mumbra,0.2,True
TW103897,2026-07-26 22:50:00,2026-07-26 23:05:12.000000,5.45,15.2,Scooter,33,4.7,High,Clear,Ghodbunder Road,1.06,True
TW102889,2026-07-28 13:49:00,2026-07-28 14:21:18.000000,10.21,32.3,Scooter,21,3.8,Low,Overcast,Ghodbunder Road,1.67,False
TW100227,2026-07-16 00:23:00,2026-07-16 00:49:54.000000,10.5,26.9,Scooter,39,4.3,Medium,Clear,Kalyan,0.73,False
TW101035,2026-07-24 17:27:00,2026-07-24 17:31:00.000000,1.15,4.0,Motorcycle,35,4.0,Low,Clear,Navi Mumbai,1.99,True
TW101859,2026-07-16 10:11:00,2026-07-16 10:17:54.000000,1.75,6.9,Scooter,44,5.0,Low,Clear,Airoli,2.4,True
TW103433,2026-07-11 01:51:00,2026-07-11 02:02:06.000000,3.33,11.1,Scooter,35,3.8,Low,Clear,Mulund,1.03,True
TW101095,2026-07-15 21:46:00,2026-07-15 22:06:30.000000,4.46,416.8100545974082,Scooter,29,4.2,Low,Rain,Ghodbunder Road,0.24,True
TW104792,2026-07-08 17:55:00,2026-07-08 18:16:30.000000,6.75,21.5,Scooter,44,4.2,Low,Clear,Kalyan,5.19,True
TW104634,2026-07-17 22:28:00,2026-07-17 22:44:54.000000,6.41,16.9,Scooter,20,4.5,Medium,Overcast,Vashi,0.2,True
TW101998,2026-07-23 15:46:00,2026-07-23 15:51:36.000000,1.26,5.6,Scooter,24,3.8,High,,Kalyan,5.95,True
TW104783,2026-07-09 09:38:00,2026-07-09 10:07:48.000000,8.98,29.8,Motorcycle,39,4.9,Medium,Clear,Vashi,1.7,False
TW100962,2026-07-01 00:25:00,2026-07-01 00:39:54.000000,5.21,14.9,Scooter,30,5.0,Medium,Clear,Mumbra,2.82,True
TW100891,2026-07-05 23:19:00,2026-07-05 23:31:12.000000,4.84,12.2,Scooter,39,4.9,Low,Overcast,Dombivli,0.66,True
TW100189,2026-07-05 17:02:00,2026-07-05 17:29:30.000000,10.02,27.5,Scooter,30,4.3,High,Clear,Dombivli,0.2,False
TW100946,2026-07-16 22:12:00,2026-07-16 22:18:18.000000,1.67,6.3,Motorcycle,26,4.1,Medium,Clear,Kalyan,1.36,True
TW101054,2026-07-30 06:56:00,2026-07-30 07:16:48.000000,17.499686654311525,20.8,Scooter,37,4.4,Medium,Rain,Dombivli,4.85,True
TW102741,2026-07-06 17:38:00,2026-07-06 17:44:54.000000,2.53,6.9,Electric Scooter,38,4.4,High,Rain,Dombivli,0.45,True
TW100172,2026-07-11 13:11:00,2026-07-11 13:20:54.000000,4.37,9.9,Motorcycle,43,3.6,Low,Clear,Mumbra,0.81,True
TW101588,2026-07-19 22:01:00,2026-07-19 22:22:18.000000,8.58,21.3,Motorcycle,42,4.6,Low,Rain,Mumbra,3.05,True
TW103810,2026-07-18 01:13:00,2026-07-18 01:27:54.000000,5.82,14.9,Scooter,42,4.8,Medium,Rain,Bhandup,0.2,True
TW102255,2026-07-27 12:58:00,2026-07-27 13:08:00.000000,1.46,10.0,Motorcycle,21,3.9,Low,Rain,Vashi,1.63,True
TW100271,2026-07-11 17:48:00,2026-07-11 17:52:00.000000,0.77,4.0,Scooter,41,3.8,Medium,Rain,Navi Mumbai,0.3,True
TW101874,2026-07-22 21:31:00,2026-07-22 21:50:00.000000,4.72,19.0,Scooter,43,4.3,Medium,Clear,Airoli,0.53,True
TW103699,2026-07-14 15:46:00,2026-07-14 16:03:54.000000,6.5,17.9,Motorcycle,37,4.4,Medium,Clear,Navi Mumbai,0.78,True
TW102749,2026-07-03 16:08:00,2026-07-03 16:12:00.000000,2.43,4.0,Scooter,29,3.2,Medium,Rain,Mumbra,0.52,True
TW100714,2026-07-09 06:13:00,2026-07-09 06:41:54.000000,7.78,28.9,Motorcycle,34,5.0,Low,Clear,Navi Mumbai,0.58,False
TW102408,2026-07-08 04:28:00,2026-07-08 04:53:36.000000,4.96,25.6,Scooter,27,3.8,High,Clear,Dombivli,0.2,False
TW103747,2026-07-28 00:12:00,2026-07-28 00:20:36.000000,4.23,8.6,Motorcycle,23,4.8,Low,Clear,Thane West,0.2,True
TW100177,2026-07-04 17:35:00,2026-07-04 17:54:18.000000,6.37,19.3,Electric Scooter,32,3.8,High,Clear,Airoli,3.99,True
TW101699,2026-07-21 04:40:00,2026-07-21 04:52:54.000000,7.42,12.9,Motorcycle,22,4.8,Medium,Clear,Mulund,9.24,True
TW101360,2026-07-24 02:50:00,2026-07-24 02:54:00.000000,0.66,4.0,Motorcycle,31,4.6,Medium,Rain,Ghodbunder Road,1.07,True
TW102968,2026-07-09 08:36:00,2026-07-09 08:47:00.000000,2.94,11.0,Scooter,25,4.4,High,Clear,Bhandup,4.64,True
TW100872,2026-07-14 19:09:00,2026-07-14 19:15:42.000000,3.73,6.7,Motorcycle,21,5.0,High,Clear,Thane West,0.64,True
TW102017,2026-07-03 19:01:00,2026-07-03 19:25:54.000000,7.52,24.9,2-Wheeler,36,4.2,Medium,Clear,Bhandup,2.3,True
TW100928,2026-07-02 07:26:00,2026-07-02 07:31:18.000000,1.82,5.3,Electric Scooter,20,3.8,Medium,Clear,Mulund,2.51,True
TW102257,2026-07-07 18:05:00,2026-07-07 18:09:54.000000,1.76,4.9,Scooter,34,4.4,Medium,Clear,Navi Mumbai,0.31,True
TW104212,2026-07-21 10:52:00,2026-07-21 10:56:00.000000,0.67,4.0,Scooter,24,3.8,Medium,Clear,Navi Mumbai,0.3,True
TW102681,2026-07-10 22:09:00,2026-07-10 22:20:24.000000,2.8,11.4,Scooter,41,4.5,Low,Clear,Vashi,8.13,True
TW100777,2026-07-05 04:28:00,2026-07-05 04:35:00.000000,2.66,7.0,Scooter,43,4.1,Low,Rain,Mumbra,0.58,True
TW102052,2026-07-29 02:40:00,2026-07-29 03:02:36.000000,6.44,22.6,Electric Scooter,35,4.4,Medium,Clear,Navi Mumbai,4.97,True
TW103389,2026-07-19 03:00:00,2026-07-19 03:10:00.000000,2.86,10.0,Electric Scooter,19,4.2,Medium,Overcast,Navi Mumbai,2.57,True
TW103473,2026-07-04 04:46:00,2026-07-04 04:58:48.000000,4.08,12.8,Motorcycle,42,4.2,Medium,Clear,Thane West,5.49,True
TW100476,2026-07-03 22:01:00,2026-07-03 22:19:36.000000,5.37,18.6,Electric Scooter,28,4.2,Low,Clear,Thane West,11.94,True
TW101069,2026-07-06 20:25:00,2026-07-06 20:42:12.000000,6.29,17.2,Motorcycle,35,5.0,Medium,Rain,Dombivli,1.15,True
TW102919,2026-07-04 19:15:00,2026-07-04 19:19:00.000000,2.7,4.0,Electric Scooter,29,4.7,High,Clear,Vashi,1.71,True
TW100786,2026-07-27 05:42:00,2026-07-27 05:57:36.000000,4.29,15.6,Motorcycle,19,4.2,Medium,Clear,Ghodbunder Road,0.62,True
TW103649,2026-07-19 04:18:00,2026-07-19 04:27:06.000000,3.76,9.1,Motorcycle,30,,Medium,Clear,Navi Mumbai,0.4,True
TW101327,2026-07-05 18:42:00,2026-07-05 18:52:18.000000,3.34,10.3,Motorcycle,31,4.7,Medium,Clear,Ghodbunder Road,2.42,True
TW102942,2026-07-17 20:09:00,2026-07-17 20:13:00.000000,1.34,4.0,Motorcycle,28,4.6,Medium,Rain,Bhandup,0.49,True
TW103309,2026-07-25 14:10:00,2026-07-25 14:22:18.000000,3.82,12.3,Motorcycle,44,4.9,Medium,Clear,Mulund,1.5,True
TW100564,2026-07-29 15:27:00,2026-07-29 15:32:42.000000,2.35,5.7,Motorcycle,40,4.2,High,Clear,Thane West,1.29,True
TW102269,2026-07-22 07:11:00,2026-07-22 07:33:06.000000,4.53,22.1,Motorcycle,41,4.2,Medium,Clear,Navi Mumbai,0.31,True
TW104306,2026-07-27 10:18:00,2026-07-27 10:31:18.000000,5.03,13.3,Scooter,31,4.0,Low,Clear,Dombivli,2.21,True
TW102930,2026-07-20 22:36:00,2026-07-20 22:43:12.000000,0.0,7.2,Scooter,21,4.7,Low,Clear,Vashi,0.8,True
TW104407,2026-07-11 04:03:00,2026-07-11 04:17:06.000000,4.24,14.1,Scooter,23,4.5,Medium,Rain,Navi Mumbai,1.55,True
TW102748,2026-07-24 09:00:00,2026-07-24 09:04:00.000000,1.43,4.0,Scooter,38,5.0,Low,Clear,Thane West,1.16,True
TW104113,2026-07-13 00:03:00,2026-07-13 00:17:00.000000,4.45,14.0,Motorcycle,33,4.9,High,Clear,Thane West,1.04,True
TW104429,2026-07-19 20:06:00,2026-07-19 20:10:12.000000,2.28,4.2,Scooter,37,3.7,High,Clear,Vashi,0.55,True
TW103045,2026-07-28 20:41:00,2026-07-28 20:56:00.000000,3.94,15.0,Scooter,20,4.4,Medium,Rain,Airoli,0.2,True
TW103288,2026-07-06 20:17:00,2026-07-06 20:26:36.000000,1.13,9.6,Scooter,39,5.0,Low,Clear,Bhandup,2.64,True
TW101834,2026-07-02 21:21:00,2026-07-02 21:31:54.000000,4.06,10.9,Scooter,30,4.3,High,Clear,Thane West,2.02,True
TW100804,2026-07-06 23:16:00,2026-07-06 23:22:54.000000,2.18,6.9,Scooter,35,3.6,Medium,Rain,Dombivli,4.91,True
TW104879,2026-07-11 00:34:00,2026-07-11 00:40:18.000000,1.43,6.3,2-Wheeler,32,4.3,Low,Overcast,Airoli,3.9,True
TW104149,2026-07-25 21:15:00,2026-07-25 21:23:00.000000,2.48,8.0,Electric Scooter,44,4.4,Medium,Clear,Navi Mumbai,0.48,True
TW104744,2026-07-06 00:38:00,2026-07-06 01:07:24.000000,12.17,29.4,Electric Scooter,42,4.7,High,Clear,Thane West,1.39,False
TW104932,2026-07-24 15:12:00,2026-07-24 15:16:00.000000,1.95,4.0,Motorcycle,34,3.7,Medium,Rain,Kalyan,0.56,True
TW103176,2026-07-14 12:45:00,2026-07-14 13:07:06.000000,5.7,22.1,Motorcycle,26,4.3,Low,Clear,Mumbra,0.2,True
TW100416,2026-07-04 00:01:00,2026-07-04 00:12:36.000000,4.74,11.6,Electric Scooter,23,4.4,Medium,Rain,Vashi,2.93,True
TW102172,2026-07-01 05:38:00,2026-07-01 05:12:25.816083,1.73,6.1,Electric Scooter,26,4.3,Low,Overcast,Navi Mumbai,0.4,True
TW102624,2026-07-16 15:00:00,2026-07-16 15:21:54.000000,7.2,21.9,Scooter,23,4.5,Low,Rain,Navi Mumbai,1.67,True
TW102018,2026-07-16 11:22:00,2026-07-16 11:29:48.000000,3.24,7.8,Motorcycle,25,3.5,Low,Clear,Navi Mumbai,3.23,True
TW103679,2026-07-13 03:58:00,2026-07-13 04:02:12.000000,1.74,4.2,Motorcycle,23,4.2,Low,Clear,Kalyan,2.55,True
TW103232,2026-07-21 22:41:00,2026-07-21 22:48:12.000000,3.51,7.2,Motorcycle,33,4.9,Low,Clear,Vashi,0.2,True
TW101966,2026-07-30 19:12:00,2026-07-30 19:21:30.000000,3.81,9.5,Scooter,28,4.1,Medium,Clear,Bhandup,0.2,True
TW102543,2026-07-28 22:15:00,2026-07-28 22:28:30.000000,5.46,13.5,Scooter,31,4.1,Low,Rain,Dombivli,2.58,True
TW104367,2026-07-29 14:05:00,2026-07-29 14:09:00.000000,0.72,4.0,Motorcycle,41,4.9,Low,,Airoli,2.02,True
TW100614,2026-07-24 05:36:00,2026-07-24 05:41:06.000000,1.73,5.1,electric scooter,28,4.5,Medium,Clear,Thane West,1.63,True
TW104472,2026-07-02 15:36:00,2026-07-02 15:56:00.000000,6.6,20.0,Scooter,33,4.4,Low,Overcast,Kalyan,0.31,True
TW100955,2026-07-18 20:00:00,2026-07-18 20:16:00.000000,5.02,16.0,Motorcycle,32,4.2,Low,Rain,Navi Mumbai,1.17,True
TW100083,2026-07-16 03:58:00,2026-07-16 04:05:36.000000,3.86,7.6,Motorcycle,38,3.7,Medium,Rain,Vashi,5.84,True
TW101067,2026-07-04 00:16:00,2026-07-04 00:37:06.000000,7.23,21.1,Scooter,36,3.7,Low,Clear,Ghodbunder Road,3.02,True
TW100957,2026-07-07 18:40:00,2026-07-07 18:44:00.000000,0.67,4.0,Scooter,35,3.9,High,Clear,Ghodbunder Road,5.03,True
TW102535,2026-07-17 22:02:00,2026-07-17 22:07:48.000000,2.23,5.8,Electric Scooter,23,4.2,High,Clear,Mulund,5.77,True
TW103846,2026-07-16 13:59:00,2026-07-16 14:03:00.000000,4.45,4.0,Motorcycle,23,4.0,Medium,Clear,Ghodbunder Road,1.14,True
TW101825,2026-07-09 06:02:00,2026-07-09 06:27:24.000000,8.48,25.4,Motorcycle,38,4.3,High,Overcast,Thane West,0.24,False
TW103090,2026-07-15 21:33:00,2026-07-15 21:45:36.000000,4.22,12.6,Scooter,27,4.8,Medium,Clear,Vashi,0.2,True
TW103609,2026-07-17 20:31:00,2026-07-17 20:56:12.000000,8.78,25.2,Scooter,20,5.0,Medium,Clear,Kalyan,0.2,False
TW101657,2026-07-15 07:22:00,2026-07-15 07:30:24.000000,2.59,8.4,Scooter,20,4.5,Medium,Clear,Bhandup,0.6,True
TW103432,2026-07-26 04:52:00,2026-07-26 04:56:00.000000,1.64,4.0,Electric Scooter,30,4.2,Medium,Clear,Dombivli,1.16,True
TW101889,2026-07-04 12:56:00,2026-07-04 13:11:06.000000,4.01,15.1,Motorcycle,27,4.0,Medium,Overcast,Dombivli,0.87,True
TW103128,2026-07-29 12:36:00,2026-07-29 12:40:48.000000,1.74,4.8,Motorcycle,29,4.2,Medium,Clear,Mumbra,0.2,True
TW102871,2026-07-05 08:34:00,2026-07-05 08:48:06.000000,4.66,14.1,Scooter,33,4.4,Medium,Overcast,Bhandup,4.97,True
TW104643,2026-07-29 15:29:00,2026-07-29 15:40:36.000000,3.33,11.6,Electric Scooter,34,3.8,Low,Clear,Dombivli,,True
TW103573,2026-07-30 09:23:00,2026-07-30 09:45:30.000000,4.7,22.5,Electric Scooter,38,4.2,High,Clear,Mumbra,0.59,True
TW104126,2026-07-08 08:43:00,2026-07-08 08:58:18.000000,6.15,15.3,Scooter,20,4.8,High,Rain,Airoli,7.43,True
TW104274,2026-07-07 05:20:00,2026-07-07 05:43:18.000000,9.01,23.3,Motorcycle,36,4.0,Low,Overcast,Airoli,1.5,True
TW103133,2026-07-21 20:45:00,2026-07-21 21:08:12.000000,6.15,23.2,Scooter,35,4.4,Low,Clear,Thane West,1.19,True
TW101510,2026-07-21 15:38:00,2026-07-21 15:54:48.000000,4.02,16.8,Electric Scooter,32,4.3,Medium,Clear,Bhandup,0.48,True
TW100503,2026-07-03 20:03:00,2026-07-03 20:32:54.000000,10.98,29.9,Motorcycle,23,4.2,Medium,Rain,Dombivli,1.91,False
TW103584,2026-07-25 06:38:00,2026-07-25 06:57:42.000000,5.47,19.7,Motorcycle,20,4.3,Medium,Clear,Thane West,1.39,True
TW103243,2026-07-12 19:10:00,2026-07-12 19:17:06.000000,2.1,7.1,Scooter,34,4.5,Low,Clear,Kalyan,0.72,True
TW104489,2026-07-17 04:32:00,2026-07-17 04:43:18.000000,2.39,11.3,Scooter,24,4.5,Low,Clear,Ghodbunder Road,3.01,True
TW104355,2026-07-17 10:13:00,2026-07-17 10:24:00.000000,20.053360510768755,11.0,Motorcycle,31,4.2,,Clear,Thane West,0.2,True
TW104550,2026-07-06 19:32:00,2026-07-06 19:41:48.000000,1.81,9.8,Motorcycle,29,3.5,Low,Clear,Ghodbunder Road,1.78,True
TW101300,2026-07-25 07:28:00,2026-07-25 07:43:30.000000,6.04,15.5,Electric Scooter,41,4.4,High,Clear,Vashi,0.67,True
TW100505,2026-07-06 13:30:00,2026-07-06 13:40:48.000000,4.2,10.8,Motorcycle,40,3.7,Low,Clear,Vashi,0.49,True
TW100441,2026-07-10 17:11:00,2026-07-10 17:16:48.000000,2.55,5.8,Scooter,31,4.4,Medium,Rain,Dombivli,8.77,True
TW102964,2026-07-07 06:15:00,2026-07-07 06:31:00.000000,4.2,16.0,Electric Scooter,35,4.5,Medium,,Kalyan,0.23,True
TW101599,2026-07-01 14:54:00,2026-07-01 15:44:42.000000,16.4,462.88625287520847,Scooter,33,4.7,Medium,Overcast,Bhandup,0.77,False
TW100839,2026-07-11 04:48:00,2026-07-11 05:01:48.000000,3.99,13.8,Motorcycle,38,4.1,Medium,Clear,Thane West,2.32,True
TW102858,2026-07-08 12:07:00,2026-07-08 12:11:00.000000,0.63,4.0,Motorcycle,32,4.0,Low,Clear,Dombivli,2.11,True
TW103012,2026-07-10 13:55:00,2026-07-10 14:15:00.000000,3.59,20.0,Scooter,34,3.8,High,Overcast,Vashi,0.22,True
TW102883,2026-07-04 09:23:00,2026-07-04 09:32:30.000000,3.57,9.5,e-scooter,43,4.8,Low,Clear,Airoli,0.99,True
TW102874,2026-07-24 07:27:00,2026-07-24 08:01:24.000000,10.4,34.4,Scooter,42,4.5,Low,Clear,Navi Mumbai,5.48,False
TW101817,2026-07-22 01:16:00,2026-07-22 01:20:30.000000,1.91,4.5,motorbike,36,4.8,Low,Clear,Mumbra,0.28,True
TW100915,2026-07-04 22:45:00,2026-07-04 23:26:00.000000,14.18,41.0,Electric Scooter,29,4.7,Medium,Rain,Thane West,0.71,False
TW100735,2026-07-02 02:44:00,2026-07-02 03:01:42.000000,4.92,17.7,Scooter,43,4.4,High,Clear,Vashi,4.65,True
TW100107,2026-07-29 23:24:00,2026-07-29 23:28:00.000000,0.62,4.0,Scooter,25,3.9,Medium,Rain,Airoli,4.96,True
TW100688,2026-07-19 09:38:00,2026-07-19 09:55:12.000000,6.73,17.2,Electric Scooter,32,3.6,Medium,Clear,Mumbra,2.2,True
TW101677,2026-07-27 03:45:00,2026-07-27 03:49:24.000000,2.64,4.4,Scooter,21,4.4,Low,Clear,Kalyan,6.96,True
TW104800,2026-07-07 12:41:00,2026-07-07 12:49:54.000000,3.84,8.9,Scooter,39,4.9,Low,Rain,Bhandup,1.25,True
TW101162,2026-07-17 05:45:00,2026-07-17 05:53:54.000000,3.1,8.9,Scooter,40,3.9,Low,Clear,Mumbra,4.29,True
TW103569,2026-07-10 23:37:00,2026-07-10 23:41:00.000000,1.52,4.0,Motorcycle,40,4.6,Low,Clear,Vashi,1.43,True
TW103534,2026-07-09 21:12:00,2026-07-09 21:16:00.000000,1.51,4.0,Scooter,27,5.0,Medium,Clear,Vashi,0.56,True
TW102673,2026-07-28 14:10:00,2026-07-28 14:24:00.000000,3.57,14.0,Scooter,24,4.6,Low,Clear,Ghodbunder Road,1.72,True
TW102603,2026-07-12 07:49:00,2026-07-12 07:54:12.000000,2.05,5.2,Motorcycle,30,4.4,Medium,Clear,Dombivli,0.2,True
TW100761,2026-07-25 19:27:00,2026-07-25 19:35:54.000000,3.04,8.9,Motorcycle,37,4.2,Low,Rain,Navi Mumbai,3.34,True
TW102852,2026-07-24 23:56:00,2026-07-25 00:10:12.000000,3.97,14.2,Scooter,20,4.3,Medium,Overcast,Dombivli,0.84,True
TW100909,2026-07-12 03:55:00,2026-07-12 04:06:48.000000,2.45,11.8,Scooter,42,4.9,Medium,Rain,Navi Mumbai,1.07,True
TW104635,2026-07-22 16:36:00,2026-07-22 16:45:48.000000,3.54,9.8,Scooter,35,4.1,Low,Clear,Navi Mumbai,1.22,True
TW104458,2026-07-11 05:39:00,2026-07-11 05:43:00.000000,0.88,4.0,Scooter,20,4.1,High,Overcast,Mulund,1.72,True
TW102273,2026-07-03 03:31:00,2026-07-03 03:46:12.000000,4.79,15.2,Electric Scooter,39,4.8,High,Rain,Dombivli,0.86,True
TW102573,2026-07-03 12:34:00,2026-07-03 12:41:48.000000,2.52,7.8,Motorcycle,36,4.3,High,Clear,Ghodbunder Road,1.99,True
TW103922,2026-07-21 00:30:00,2026-07-21 00:34:00.000000,2.24,4.0,Scooter,34,4.6,High,Clear,Dombivli,1.1,True
TW100871,2026-07-07 23:28:00,2026-07-07 23:39:00.000000,3.15,11.0,Electric Scooter,37,3.9,High,Clear,Airoli,3.96,True
TW103616,2026-07-26 18:18:00,2026-07-26 18:24:48.000000,2.74,6.8,Scooter,37,4.2,Low,Overcast,Kalyan,5.08,True
TW104529,2026-07-25 12:14:00,2026-07-25 12:45:42.000000,10.3,31.7,Scooter,19,4.4,Medium,Clear,Mumbra,1.71,False
TW103820,2026-07-25 02:48:00,2026-07-25 02:52:00.000000,2.16,4.0,Scooter,23,3.3,Low,Clear,Thane West,0.33,True
TW101098,2026-07-22 05:54:00,2026-07-22 06:06:00.000000,1.27,12.0,Motorcycle,40,3.7,Medium,Clear,Navi Mumbai,5.87,True
TW100295,2026-07-08 11:41:00,2026-07-08 12:00:12.000000,8.63,19.2,Scooter,22,3.9,Low,Overcast,Mumbra,6.81,True
TW103017,2026-07-19 23:17:00,2026-07-19 23:21:00.000000,1.88,4.0,Motorcycle,44,3.9,Low,,Vashi,0.39,True
TW104112,2026-07-07 05:27:00,2026-07-07 05:34:42.000000,1.34,7.7,Electric Scooter,40,4.3,Medium,Rain,Kalyan,0.93,True
TW102861,2026-07-23 02:05:00,2026-07-23 02:18:06.000000,3.5,454.58059322932047,Scooter,28,4.2,High,Clear,Airoli,1.75,True
TW102086,2026-07-24 18:33:00,2026-07-24 18:41:06.000000,3.02,8.1,Bike,24,4.4,Medium,Rain,Mumbra,0.92,True
TW104417,2026-07-13 03:25:00,2026-07-13 03:29:54.000000,2.26,4.9,Electric Scooter,23,3.8,High,Clear,Dombivli,0.46,True
TW103168,2026-07-15 22:13:00,2026-07-15 22:22:30.000000,2.89,9.5,Scooter,32,4.5,Low,Rain,Ghodbunder Road,0.2,True
TW100397,2026-07-25 21:38:00,2026-07-25 21:49:18.000000,5.36,11.3,Motorcycle,28,4.5,Low,Clear,Vashi,0.41,True
TW100854,2026-07-05 06:00:00,2026-07-05 06:16:54.000000,7.06,16.9,Scooter,27,4.3,High,Clear,Mulund,0.2,True
TW103112,2026-07-06 11:20:00,2026-07-06 11:26:54.000000,4.09,-7.28202161863264,scooter ,31,4.7,Low,Overcast,Vashi,8.63,True
TW102080,2026-07-22 00:00:00,2026-07-22 00:29:36.000000,10.46,29.6,Motorcycle,19,4.2,Low,Clear,Dombivli,1.23,False
TW100018,2026-07-02 04:42:00,2026-07-02 04:46:48.000000,2.0,4.8,Scooter,43,4.9,Low,Rain,Thane West,0.21,True
TW104999,2026-07-06 05:16:00,2026-07-06 05:44:36.000000,8.09,28.6,Motorcycle,23,4.6,,Clear,Vashi,2.07,False
TW103345,2026-07-14 04:54:00,2026-07-14 05:09:42.000000,3.7,15.7,Scooter,41,4.2,Medium,Clear,Navi Mumbai,3.81,True
TW103627,2026-07-30 05:26:00,2026-07-30 05:36:00.000000,2.81,10.0,Electric Scooter,19,4.6,Medium,Clear,Airoli,1.89,True
TW101252,2026-07-16 20:00:00,2026-07-16 20:19:30.000000,6.31,19.5,Motorcycle,43,4.0,Low,Overcast,Ghodbunder Road,0.65,True
TW100195,2026-07-02 03:38:00,2026-07-02 04:18:36.000000,12.63,40.6,Scooter,36,4.1,High,Rain,Mumbra,0.75,False
TW103758,2026-07-16 01:39:00,2026-07-16 01:43:00.000000,2.07,4.0,Motorcycle,28,4.8,Medium,Clear,Ghodbunder Road,0.37,True
TW100203,2026-07-01 02:13:00,2026-07-01 02:18:00.000000,2.05,5.0,Motorcycle,40,4.3,Medium,Rain,Navi Mumbai,3.75,True
TW100292,2026-07-05 16:42:00,2026-07-05 16:46:00.000000,2.28,4.0,2-Wheeler,44,3.8,Low,Overcast,Airoli,0.96,True
TW101345,2026-07-01 03:31:00,2026-07-01 03:40:48.000000,4.94,9.8,Scooter,38,,Low,Clear,Navi Mumbai,2.65,True
TW102161,2026-07-18 00:09:00,2026-07-18 00:37:00.000000,10.97,28.0,Motorcycle,40,4.3,Medium,Clear,Thane West,0.89,False
TW102754,2026-07-13 07:18:00,2026-07-13 07:30:18.000000,4.95,12.3,scooter ,43,4.2,Low,Overcast,Thane West,3.05,True
TW104279,2026-07-28 02:19:00,2026-07-28 02:44:36.000000,11.51,25.6,Electric Scooter,29,3.9,Medium,Clear,Airoli,0.8,False
TW102986,2026-07-01 08:53:00,2026-07-01 09:08:54.000000,5.46,15.9,Scooter,22,5.0,Low,Clear,Mumbra,2.84,True
TW104487,2026-07-13 14:40:00,2026-07-13 14:55:48.000000,2.84,15.8,Electric Scooter,43,4.8,Medium,Rain,Vashi,2.76,True
TW103648,2026-07-23 23:39:00,2026-07-23 23:44:36.000000,3.3,5.6,Motorcycle,36,3.8,Low,Rain,Navi Mumbai,3.63,True
TW101629,2026-07-29 20:20:00,2026-07-29 20:51:36.000000,11.77,31.6,Scooter,35,5.0,Low,Rain,Mulund,2.88,False
TW102901,2026-07-11 07:08:00,2026-07-11 07:22:12.000000,6.39,14.2,Electric Scooter,34,4.2,Medium,Clear,Thane West,0.26,True
TW100004,2026-07-24 19:58:00,2026-07-24 19:45:21.994688,4.36,16.2,Scooter,40,4.3,High,Rain,Ghodbunder Road,7.99,True
TW100175,2026-07-14 04:49:00,2026-07-14 04:58:54.000000,5.47,9.9,Scooter,41,4.1,High,Overcast,Airoli,3.24,True
TW100412,2026-07-07 04:21:00,2026-07-07 04:25:00.000000,1.89,4.0,Electric Scooter,28,4.1,Low,Overcast,Dombivli,2.11,True
TW103899,2026-07-22 09:38:00,2026-07-22 09:54:30.000000,5.47,16.5,Motorcycle,39,4.1,Medium,Rain,Thane West,0.58,True
TW101990,2026-07-08 15:22:00,2026-07-08 15:27:54.000000,2.46,5.9,bike,20,4.1,Low,Clear,Mumbra,9.46,True
TW101430,2026-07-09 03:39:00,2026-07-09 03:52:06.000000,5.34,13.1,Scooter,25,4.2,Low,Clear,Vashi,2.59,True
TW101940,2026-07-10 04:44:00,2026-07-10 04:49:36.000000,2.28,5.6,Scooter,26,4.4,Low,Rain,Bhandup,0.22,True
TW102584,2026-07-27 03:48:00,2026-07-27 04:00:06.000000,4.55,12.1,Electric Scooter,40,4.1,Low,,Kalyan,0.2,True
TW100023,2026-07-16 05:56:00,2026-07-16 06:08:30.000000,1.48,12.5,Scooter,31,4.4,High,Clear,Kalyan,0.23,True
TW104621,2026-07-15 03:02:00,2026-07-15 03:14:36.000000,2.59,12.6,Motorcycle,34,4.3,High,Clear,Vashi,4.07,True
TW102292,2026-07-18 01:56:00,2026-07-18 02:03:18.000000,2.97,7.3,Scooter,32,4.1,Medium,Clear,Thane West,1.96,True
TW104858,2026-07-15 00:54:00,2026-07-15 01:28:06.000000,8.44,34.1,Scooter,37,4.1,Medium,Clear,Thane West,5.99,False
TW104256,2026-07-29 04:35:00,2026-07-29 04:55:54.000000,6.41,20.9,Scooter,22,4.5,High,Clear,Ghodbunder Road,5.31,True
TW102074,2026-07-29 08:43:00,2026-07-29 08:55:30.000000,4.54,12.5,Scooter,33,4.2,Low,Clear,Kalyan,0.2,True
TW100420,2026-07-01 11:19:00,2026-07-01 11:35:30.000000,6.0,16.5,Motorcycle,25,4.5,High,Clear,Kalyan,0.61,True
TW100959,2026-07-17 12:44:00,2026-07-17 12:56:06.000000,5.53,12.1,Electric Scooter,34,4.0,Low,Rain,Kalyan,0.2,True
TW100602,2026-07-03 03:06:00,2026-07-03 03:25:00.000000,5.55,-10.778053515463215,Motorcycle,20,4.5,Medium,Overcast,Kalyan,1.8,True
TW101791,2026-07-16 01:43:00,2026-07-16 01:47:00.000000,1.54,4.0,Scooter,19,4.8,Low,Clear,Mumbra,3.06,True
TW104248,2026-07-19 17:18:00,2026-07-19 17:31:06.000000,4.0,13.1,Motorcycle,24,4.7,Low,Rain,Mumbra,0.6,True
TW100829,2026-07-24 18:45:00,2026-07-24 18:56:18.000000,3.94,11.3,Electric Scooter,38,4.5,Medium,Rain,Ghodbunder Road,3.03,True
TW102563,2026-07-25 04:22:00,2026-07-25 04:53:48.000000,7.64,31.8,Scooter,38,4.1,Medium,Rain,Mumbra,7.34,False
TW104874,2026-07-30 02:06:00,2026-07-30 02:11:06.000000,0.81,5.1,Scooter,44,3.8,Medium,Clear,Ghodbunder Road,1.03,True
TW100506,2026-07-30 21:12:00,2026-07-30 21:40:12.000000,8.63,28.2,scooter ,37,4.6,Low,Rain,Mumbra,1.52,False
TW103698,2026-07-10 23:40:00,2026-07-10 23:46:48.000000,2.13,6.8,Motorcycle,30,4.1,Low,Rain,Dombivli,0.2,True
TW102913,2026-07-29 06:43:00,2026-07-29 06:52:06.000000,3.11,9.1,Scooter,30,3.7,Low,Clear,Airoli,0.32,True
TW102528,2026-07-09 12:45:00,2026-07-09 12:49:00.000000,1.54,4.0,Scooter,21,4.2,High,Clear,Navi Mumbai,0.4,True
TW101576,2026-07-16 14:47:00,2026-07-16 15:19:48.000000,8.95,32.8,Scooter,44,4.7,Low,Clear,Dombivli,2.22,False
TW100582,2026-07-08 13:54:00,2026-07-08 14:09:18.000000,3.83,15.3,Scooter,36,4.8,High,Clear,Kalyan,1.08,True
TW104395,2026-07-30 14:34:00,2026-07-30 14:46:30.000000,3.91,12.5,Scooter,19,5.0,Medium,Rain,Ghodbunder Road,2.63,True
TW102960,2026-07-28 11:04:00,2026-07-28 11:13:12.000000,3.44,-5.118001949977893,Scooter,27,4.8,Low,Overcast,Bhandup,3.74,True
TW102798,2026-07-02 02:41:00,2026-07-02 02:49:24.000000,4.73,8.4,Scooter,22,4.4,Low,Clear,Bhandup,0.2,True
TW101226,2026-07-06 09:53:00,2026-07-06 09:58:12.000000,3.25,5.2,Motorcycle,20,4.3,High,Clear,Airoli,0.45,True
TW100697,2026-07-24 02:06:00,2026-07-24 02:10:36.000000,2.76,4.6,Electric Scooter,36,4.8,High,Clear,Vashi,4.01,True
TW104221,2026-07-27 16:52:00,2026-07-27 17:02:48.000000,3.57,10.8,Scooter,20,3.9,Medium,Clear,Airoli,1.5,True
TW103736,2026-07-29 10:08:00,2026-07-29 10:25:18.000000,3.09,17.3,Motorcycle,24,5.0,,Clear,Dombivli,1.16,True
TW101485,2026-07-17 05:30:00,2026-07-17 05:37:54.000000,1.17,7.9,Motorcycle,39,4.4,High,Clear,Vashi,0.37,True
TW100454,2026-07-13 08:14:00,2026-07-13 08:22:24.000000,2.1,8.4,Motorcycle,31,3.4,Medium,Clear,Ghodbunder Road,0.77,True
TW104002,2026-07-15 19:59:00,2026-07-15 20:03:00.000000,0.76,4.0,Scooter,20,4.5,Low,Clear,Mumbra,0.33,True
TW103214,2026-07-21 20:01:00,2026-07-21 20:20:36.000000,7.43,19.6,Scooter,33,4.1,Medium,Rain,Kalyan,0.21,True
TW102129,2026-07-12 08:24:00,2026-07-12 08:31:06.000000,1.58,7.1,Scooter,43,4.2,Medium,Clear,Navi Mumbai,2.51,True
TW101676,2026-07-27 07:01:00,2026-07-27 07:09:12.000000,0.0,8.2,motorbike,20,4.2,High,Clear,Vashi,1.22,True
TW100861,2026-07-14 02:20:00,2026-07-14 02:27:30.000000,2.36,7.5,Scooter,36,4.4,Medium,Clear,Airoli,2.54,True
TW100501,2026-07-08 15:12:00,2026-07-08 15:21:42.000000,1.89,9.7,Motorcycle,29,4.2,High,Clear,Thane West,0.71,True
TW103169,2026-07-27 12:39:00,2026-07-27 12:51:24.000000,5.05,12.4,Motorcycle,38,4.3,Low,Clear,Mulund,1.73,True
TW102099,2026-07-22 08:18:00,2026-07-22 08:28:06.000000,2.94,10.1,Scooter,37,3.9,Low,Rain,Thane West,3.95,True
TW104784,2026-07-15 15:41:00,2026-07-15 15:50:18.000000,3.91,9.3,Scooter,20,4.4,Low,Clear,Bhandup,0.93,True
TW104575,2026-07-09 20:02:00,2026-07-09 20:15:00.000000,2.47,13.0,Motorcycle,34,3.4,High,Rain,Vashi,0.34,True
TW104144,2026-07-17 17:02:00,2026-07-17 17:20:06.000000,4.3,18.1,Motorcycle,33,4.0,Medium,Clear,Mulund,5.24,True
TW103943,2026-07-14 22:49:00,2026-07-14 23:13:36.000000,6.72,24.6,Scooter,37,4.0,Low,Rain,Mumbra,,True
TW101800,2026-07-19 21:34:00,2026-07-19 21:47:54.000000,4.7,13.9,Scooter,37,4.1,Medium,Clear,Thane West,1.42,True
TW101190,2026-07-06 08:40:00,2026-07-06 08:59:30.000000,5.26,19.5,Motorcycle,41,4.6,Medium,Rain,Dombivli,0.59,True
TW101366,2026-07-13 15:43:00,2026-07-13 15:51:18.000000,3.5,8.3,Electric Scooter,34,5.0,Medium,Clear,Dombivli,1.94,True
TW103838,2026-07-11 16:05:00,2026-07-11 16:43:48.000000,14.15,38.8,Scooter,42,4.1,High,Rain,Mulund,0.55,False
TW104488,2026-07-26 23:24:00,2026-07-26 23:32:42.000000,2.53,8.7,Scooter,31,4.0,Medium,Clear,Navi Mumbai,3.91,True
TW102306,2026-07-10 00:47:00,2026-07-10 00:51:00.000000,1.31,4.0,Electric Scooter,35,4.1,High,Clear,Navi Mumbai,2.25,True
TW101294,2026-07-06 22:08:00,2026-07-06 22:12:00.000000,1.93,4.0,Scooter,37,4.7,Low,Rain,Ghodbunder Road,3.23,True
TW104100,2026-07-05 07:04:00,2026-07-05 07:20:48.000000,4.51,16.8,bike,42,3.9,Medium,Clear,Vashi,7.13,True
TW103041,2026-07-29 01:36:00,2026-07-29 01:45:42.000000,2.36,9.7,Motorcycle,36,4.5,High,Clear,Ghodbunder Road,0.52,True
TW103204,2026-07-05 22:04:00,2026-07-05 22:18:24.000000,3.83,14.4,Scooter,32,4.2,High,Clear,Mumbra,2.54,True
TW103437,2026-07-20 13:22:00,2026-07-20 13:50:24.000000,7.56,28.4,Motorcycle,35,4.8,Medium,Rain,Mulund,9.18,False
TW100216,2026-07-27 07:54:00,2026-07-27 08:15:18.000000,9.3,21.3,Motorcycle,42,4.9,Low,,Bhandup,0.2,True
TW103507,2026-07-28 19:17:00,2026-07-28 19:21:00.000000,1.21,4.0,Scooter,19,4.7,Medium,Clear,Airoli,,True
TW103085,2026-07-11 19:40:00,2026-07-11 19:44:00.000000,0.76,4.0,Electric Scooter,24,3.9,Low,Overcast,Airoli,1.46,True
TW104904,2026-07-26 02:32:00,2026-07-26 02:45:30.000000,4.96,13.5,Scooter,28,4.4,High,Clear,Dombivli,1.21,True
TW100493,2026-07-01 04:02:00,2026-07-01 04:08:48.000000,3.18,6.8,Motorcycle,21,4.9,Low,Overcast,Bhandup,0.22,True
TW100472,2026-07-26 20:37:00,2026-07-26 20:48:54.000000,3.56,11.9,Scooter,33,4.5,Low,Overcast,Airoli,0.65,True
TW101651,2026-07-16 19:58:00,2026-07-16 20:38:18.000000,11.59,40.3,Scooter,43,5.0,Medium,Overcast,Navi Mumbai,0.69,False
TW102357,2026-07-30 04:36:00,2026-07-30 04:52:12.000000,3.94,16.2,Motorcycle,23,3.9,High,Clear,Airoli,3.43,True
TW101754,2026-07-13 06:23:00,2026-07-13 06:30:12.000000,1.73,7.2,Electric Scooter,28,4.5,Low,Clear,Airoli,0.28,True
TW100996,2026-07-09 01:14:00,2026-07-09 00:56:32.825336,2.3,11.2,Scooter,42,3.8,High,Clear,Dombivli,0.47,True
TW104153,2026-07-10 14:49:00,2026-07-10 14:53:00.000000,2.79,4.0,Motorcycle,37,4.6,High,Rain,Airoli,4.56,True
TW103247,2026-07-06 00:15:00,2026-07-06 00:30:24.000000,4.51,15.4,Electric Scooter,44,3.9,Medium,Clear,Mulund,2.3,True
TW104391,2026-07-26 23:13:00,2026-07-26 23:19:54.000000,2.2,6.9,Motorcycle,42,4.3,Medium,Clear,Vashi,4.04,True
TW101860,2026-07-01 05:21:00,2026-07-01 05:35:48.000000,5.02,14.8,Scooter,33,3.8,High,Clear,Mumbra,2.08,True
TW102321,2026-07-07 19:20:00,2026-07-07 19:50:48.000000,9.64,30.8,Motorcycle,38,4.3,Low,Clear,Navi Mumbai,0.2,False
TW104307,2026-07-30 16:57:00,2026-07-30 17:05:24.000000,2.3,8.4,Scooter,23,4.2,Low,Clear,Thane West,3.82,True
TW102355,2026-07-24 23:27:00,2026-07-24 23:46:42.000000,7.11,19.7,Scooter,40,4.8,Low,Clear,Kalyan,0.5,True
TW100886,2026-07-03 22:11:00,2026-07-03 22:15:00.000000,2.55,4.0,Scooter,22,3.7,Low,Clear,Navi Mumbai,1.52,True
TW100396,2026-07-09 07:19:00,2026-07-09 07:25:12.000000,2.6,6.2,Scooter,33,4.3,Low,Clear,Ghodbunder Road,0.76,True
TW102801,2026-07-17 13:51:00,2026-07-17 14:16:06.000000,7.84,25.1,Motorcycle,38,4.6,Medium,Rain,Airoli,0.26,False
TW102216,2026-07-07 14:21:00,2026-07-07 14:29:12.000000,2.71,8.2,Motorcycle,21,4.5,High,Rain,Airoli,3.68,True
TW100625,2026-07-27 04:43:00,2026-07-27 04:52:00.000000,2.77,9.0,Scooter,29,4.1,Medium,Clear,Airoli,0.2,True
TW103021,2026-07-01 10:20:00,2026-07-01 10:24:00.000000,1.9,4.0,Scooter,28,4.3,High,Clear,Mulund,0.2,True
TW102380,2026-07-06 21:32:00,2026-07-06 21:10:12.742900,2.75,4.0,Motorcycle,19,3.5,Medium,Overcast,Bhandup,1.28,True
TW104558,2026-07-13 10:21:00,2026-07-13 10:27:00.000000,2.85,6.0,Scooter,23,4.6,Medium,Overcast,Airoli,1.4,True
TW100379,2026-07-13 06:08:00,2026-07-13 06:13:18.000000,1.78,5.3,Scooter,33,4.2,High,Clear,Ghodbunder Road,1.37,True
TW102961,2026-07-20 19:53:00,2026-07-20 20:07:12.000000,4.67,14.2,Motorcycle,22,5.0,Medium,Clear,Airoli,4.46,True
TW102141,2026-07-23 21:20:00,2026-07-23 21:39:18.000000,5.8,19.3,Scooter,37,4.3,Medium,Clear,Vashi,0.73,True
TW103536,2026-07-20 23:11:00,2026-07-20 23:26:12.000000,5.4,15.2,Scooter,40,4.3,Low,Rain,Mumbra,3.81,True
TW103291,2026-07-03 01:31:00,2026-07-03 02:00:06.000000,8.51,29.1,Electric Scooter,21,5.0,Medium,Clear,Mumbra,1.22,False
TW104929,2026-07-06 03:29:00,2026-07-06 03:35:24.000000,2.84,6.4,Motorcycle,32,4.4,Low,Overcast,Vashi,0.91,True
TW100149,2026-07-19 09:34:00,2026-07-19 09:42:18.000000,2.22,8.3,Scooter,29,4.8,High,Clear,Mumbra,0.28,True
TW103731,2026-07-02 17:33:00,2026-07-02 17:44:42.000000,4.94,11.7,Motorcycle,23,4.0,Low,,Kalyan,0.21,True
TW102240,2026-07-29 01:58:00,2026-07-29 02:02:00.000000,1.85,4.0,Scooter,34,4.1,High,Clear,Navi Mumbai,4.93,True
TW100721,2026-07-29 02:00:00,2026-07-29 02:15:48.000000,6.85,15.8,Motorcycle,29,4.8,Medium,Overcast,Mumbra,0.73,True
TW102410,2026-07-13 20:56:00,2026-07-13 21:21:42.000000,8.53,25.7,motorbike,42,4.2,Medium,Clear,Navi Mumbai,0.84,False
TW100430,2026-07-15 19:33:00,2026-07-15 19:39:48.000000,1.26,6.8,Motorcycle,23,4.0,Medium,Overcast,Kalyan,2.68,True
TW102489,2026-07-06 06:15:00,2026-07-06 06:21:42.000000,2.38,6.7,Motorcycle,23,4.7,Low,Clear,Airoli,2.31,True
TW104441,2026-07-05 09:39:00,2026-07-05 09:47:54.000000,4.26,8.9,Motorcycle,23,4.5,Low,Overcast,Mumbra,2.74,True
TW101105,2026-07-06 20:15:00,2026-07-06 20:32:30.000000,5.11,17.5,Scooter,19,3.5,Medium,Clear,Ghodbunder Road,2.01,True
TW101361,2026-07-15 20:18:00,2026-07-15 20:38:18.000000,5.96,20.3,Motorcycle,24,4.7,High,Rain,Vashi,1.15,True
TW101580,2026-07-16 03:02:00,2026-07-16 03:08:54.000000,2.68,6.9,Scooter,28,4.6,,Overcast,Dombivli,1.37,True
TW103650,2026-07-09 23:17:00,2026-07-09 23:27:30.000000,2.48,10.5,bike,28,4.1,Medium,Rain,Bhandup,1.21,True
TW101051,2026-07-28 01:18:00,2026-07-28 01:41:18.000000,8.44,23.3,Scooter,31,4.1,High,Clear,Airoli,5.83,True
TW103463,2026-07-13 10:01:00,2026-07-13 10:06:36.000000,2.07,5.6,Motorcycle,32,4.0,Medium,Clear,Dombivli,8.29,True
TW102941,2026-07-17 08:49:00,2026-07-17 08:59:42.000000,2.63,10.7,Scooter,32,3.6,High,Clear,Bhandup,5.02,True
TW101555,2026-07-09 09:01:00,2026-07-09 09:08:18.000000,2.53,7.3,Motorcycle,23,4.3,Medium,Clear,Mumbra,3.97,True
TW104723,2026-07-18 18:10:00,2026-07-18 18:31:00.000000,6.35,21.0,Electric Scooter,34,4.1,Medium,Clear,Mumbra,1.79,True
TW104398,2026-07-08 11:59:00,2026-07-08 12:13:12.000000,4.73,14.2,Motorcycle,42,5.0,Medium,Overcast,Mulund,1.22,True
TW100359,2026-07-18 04:25:00,2026-07-18 04:29:00.000000,0.71,4.0,Scooter,44,4.4,Low,Clear,Ghodbunder Road,3.47,True
TW101731,2026-07-19 09:43:00,2026-07-19 10:06:54.000000,6.34,23.9,Bike,19,3.7,High,Rain,Vashi,0.53,True
TW101671,2026-07-09 16:27:00,2026-07-09 16:32:54.000000,2.99,5.9,2-Wheeler,27,4.4,High,Clear,Kalyan,2.6,True
TW101972,2026-07-02 04:52:00,2026-07-02 05:02:18.000000,3.93,10.3,Scooter,20,3.9,Low,Rain,Ghodbunder Road,3.29,True
TW100877,2026-07-12 16:38:00,2026-07-12 16:53:18.000000,6.81,15.3,Motorcycle,30,4.8,Low,Rain,Airoli,1.84,True
TW101410,2026-07-04 19:51:00,2026-07-04 19:55:00.000000,0.62,4.0,Electric Scooter,43,3.9,Low,Clear,Airoli,2.29,True
TW100352,2026-07-03 03:19:00,2026-07-03 03:27:06.000000,3.04,8.1,Scooter,34,4.3,Low,Clear,Bhandup,0.57,True
TW102567,2026-07-30 21:39:00,2026-07-30 21:47:48.000000,2.53,8.8,Motorcycle,42,5.0,Medium,Overcast,Airoli,1.65,True
TW101948,2026-07-03 18:16:00,2026-07-03 18:38:54.000000,5.0,22.9,Motorcycle,37,4.1,High,Rain,Navi Mumbai,2.48,True
TW103351,2026-07-21 02:48:00,2026-07-21 03:00:00.000000,4.53,12.0,Motorcycle,21,4.0,Low,Clear,Thane West,1.08,True
TW101357,2026-07-18 13:35:00,2026-07-18 13:56:54.000000,5.83,21.9,Motorcycle,37,4.5,Medium,Clear,Thane West,2.51,True
TW100407,2026-07-13 23:45:00,2026-07-13 23:49:00.000000,1.36,4.0,Scooter,22,4.3,Low,Rain,Airoli,0.2,True
TW103546,2026-07-09 12:27:00,2026-07-09 12:31:00.000000,0.85,4.0,Scooter,34,4.1,Medium,Clear,Thane West,3.22,True
TW103956,2026-07-11 00:14:00,2026-07-11 00:23:42.000000,3.88,9.7,Motorcycle,39,4.4,High,Rain,Ghodbunder Road,1.15,True
TW104639,2026-07-20 08:17:00,2026-07-20 08:36:00.000000,6.46,19.0,Electric Scooter,24,4.7,Low,Rain,Thane West,0.24,True
TW102600,2026-07-17 09:25:00,2026-07-17 09:29:00.000000,0.97,4.0,Motorcycle,23,4.1,Medium,Clear,Airoli,0.93,True
TW104135,2026-07-19 17:29:00,2026-07-19 17:42:06.000000,4.04,13.1,Scooter,32,4.5,Medium,Rain,Dombivli,5.06,True
TW101930,2026-07-03 06:23:00,2026-07-03 06:30:54.000000,4.81,7.9,Scooter,32,4.3,High,Overcast,Mulund,7.75,True
TW104733,2026-07-21 21:11:00,2026-07-21 21:15:00.000000,1.8,4.0,Electric Scooter,38,4.5,Medium,Clear,Mulund,0.33,True
TW103366,2026-07-05 03:05:00,2026-07-05 03:23:00.000000,6.42,18.0,Scooter,27,3.8,Medium,Clear,Vashi,0.2,True
TW101415,2026-07-28 16:12:00,2026-07-28 16:31:12.000000,6.89,19.2,Electric Scooter,21,4.2,Low,Clear,Kalyan,2.5,True
TW103624,2026-07-15 18:01:00,2026-07-15 18:12:36.000000,3.6,11.6,Electric Scooter,28,3.8,Medium,Rain,Dombivli,0.2,True
TW103377,2026-07-02 05:49:00,2026-07-02 06:11:30.000000,4.58,22.5,Electric Scooter,40,4.0,Medium,Rain,Mulund,7.54,True
TW103726,2026-07-22 22:06:00,2026-07-22 22:29:30.000000,9.11,23.5,Scooter,27,4.8,High,Clear,Vashi,8.86,True
TW101469,2026-07-30 15:35:00,2026-07-30 15:50:48.000000,4.35,15.8,Scooter,19,3.7,Low,Overcast,Mulund,0.28,True
TW102991,2026-07-27 20:06:00,2026-07-27 20:17:06.000000,3.0,11.1,Scooter,38,4.1,Medium,Clear,Kalyan,1.8,True
TW101624,2026-07-15 08:15:00,2026-07-15 08:21:36.000000,3.24,6.6,Motorcycle,23,4.4,Medium,Rain,Airoli,0.48,True
TW102688,2026-07-09 17:26:00,2026-07-09 17:35:36.000000,5.1,9.6,Scooter,30,4.2,High,Clear,Airoli,0.2,True
TW101827,2026-07-27 02:10:00,2026-07-27 02:23:30.000000,5.22,13.5,Scooter,39,4.5,Low,Clear,Mulund,4.27,True
TW104577,2026-07-30 23:52:00,2026-07-31 00:07:00.000000,3.01,15.0,Motorcycle,42,3.8,Low,Clear,Dombivli,4.46,True
TW104675,2026-07-13 08:02:00,2026-07-13 08:09:24.000000,18.56216002876035,7.4,Scooter,19,4.0,Medium,Rain,Mulund,1.15,True
TW103891,2026-07-11 12:43:00,2026-07-11 12:57:18.000000,6.04,14.3,Motorcycle,22,4.0,Low,Clear,Mumbra,0.2,True
TW101270,2026-07-14 10:42:00,2026-07-14 10:49:06.000000,1.97,7.1,Motorcycle,36,5.0,High,Clear,Navi Mumbai,7.67,True
TW104224,2026-07-15 16:25:00,2026-07-15 16:44:36.000000,6.7,19.6,Scooter,36,4.7,Medium,Clear,Bhandup,2.13,True
TW103902,2026-07-08 23:07:00,2026-07-08 23:11:54.000000,0.68,4.9,Motorcycle,22,4.2,Low,Clear,Vashi,4.87,True
TW100277,2026-07-24 22:03:00,2026-07-24 22:33:12.000000,8.97,30.2,Scooter,23,4.6,Low,Overcast,Ghodbunder Road,0.89,False
TW101584,2026-07-23 17:18:00,2026-07-23 17:22:00.000000,1.67,4.0,Motorcycle,31,4.4,Low,Clear,Mulund,0.76,True
TW102360,2026-07-13 16:53:00,2026-07-13 17:04:24.000000,2.56,11.4,Electric Scooter,34,4.5,Low,Clear,Ghodbunder Road,0.52,True
TW100136,2026-07-04 17:56:00,2026-07-04 18:02:48.000000,3.31,6.8,Scooter,26,4.5,Medium,Overcast,Ghodbunder Road,4.09,True
TW102382,2026-07-11 07:07:00,2026-07-11 07:21:48.000000,5.1,14.8,Motorcycle,27,4.2,Medium,Clear,Thane West,0.87,True
TW103014,2026-07-04 03:28:00,2026-07-04 03:54:30.000000,10.31,26.5,Motorcycle,24,3.8,Medium,Clear,Vashi,2.05,False
TW102259,2026-07-08 00:59:00,2026-07-08 01:17:54.000000,8.4,18.9,Scooter,21,4.6,High,Clear,Navi Mumbai,0.45,True
TW104310,2026-07-14 13:08:00,2026-07-14 13:16:54.000000,2.31,8.9,Scooter,24,4.1,Medium,Clear,Navi Mumbai,1.18,True
TW100339,2026-07-15 20:04:00,2026-07-15 20:08:00.000000,2.17,4.0,e-scooter,32,3.9,Medium,Clear,Ghodbunder Road,0.64,True
TW103050,2026-07-20 10:08:00,2026-07-20 10:33:00.000000,8.2,25.0,Motorcycle,19,4.7,High,Clear,Ghodbunder Road,1.46,True
TW104233,2026-07-27 06:10:00,2026-07-27 06:27:18.000000,5.21,17.3,Scooter,39,4.5,Medium,Clear,Navi Mumbai,1.11,True
TW102048,2026-07-08 21:12:00,2026-07-08 21:17:00.000000,2.62,5.0,Motorcycle,23,3.8,Medium,Clear,Ghodbunder Road,2.1,True
TW103898,2026-07-03 08:09:00,2026-07-03 08:14:48.000000,1.9,5.8,Motorcycle,23,4.1,Medium,Clear,Mumbra,0.2,True
TW104152,2026-07-29 05:45:00,2026-07-29 06:18:48.000000,11.93,33.8,Scooter,32,4.2,Medium,Rain,Vashi,0.41,False
TW104740,2026-07-18 03:52:00,2026-07-18 04:07:12.000000,6.29,15.2,Motorcycle,28,3.8,Medium,,Ghodbunder Road,0.52,True
TW104715,2026-07-05 17:40:00,2026-07-05 17:44:00.000000,2.6,4.0,Motorcycle,25,4.5,Medium,Clear,Mulund,3.35,True
TW104017,2026-07-06 02:39:00,2026-07-06 02:52:00.000000,2.78,13.0,Scooter,30,3.8,Low,Clear,Bhandup,2.23,True
TW100791,2026-07-30 19:45:00,2026-07-30 19:49:00.000000,1.71,4.0,Scooter,32,4.1,High,Overcast,Navi Mumbai,0.24,True
TW101845,2026-07-14 15:19:00,2026-07-14 15:29:42.000000,2.71,10.7,Electric Scooter,24,4.5,High,Rain,Navi Mumbai,0.51,True
TW103111,2026-07-21 17:54:00,2026-07-21 18:08:36.000000,4.89,14.6,Scooter,31,4.3,Medium,Clear,Vashi,1.31,True
TW101907,2026-07-13 23:27:00,2026-07-13 23:49:24.000000,7.29,22.4,Motorcycle,33,4.6,Medium,Clear,Navi Mumbai,0.21,True
TW101790,2026-07-16 08:05:00,2026-07-16 08:09:06.000000,2.52,4.1,Scooter,33,3.7,Medium,Clear,Mumbra,2.1,True
TW101344,2026-07-09 00:36:00,2026-07-09 00:44:24.000000,2.02,8.4,Motorcycle,37,3.5,Medium,Rain,Navi Mumbai,0.76,True
TW101805,2026-07-26 09:45:00,2026-07-26 10:02:36.000000,6.52,17.6,Scooter,28,4.8,Low,Overcast,Ghodbunder Road,1.68,True
TW101816,2026-07-07 05:54:00,2026-07-07 06:17:06.000000,8.41,23.1,Motorcycle,40,4.0,Low,Clear,Navi Mumbai,4.56,True
TW102906,2026-07-17 00:21:00,2026-07-17 00:27:54.000000,3.25,6.9,Scooter,27,4.2,Medium,Rain,Mulund,0.7,True
TW100824,2026-07-08 03:50:00,2026-07-08 04:03:12.000000,3.56,13.2,Motorcycle,27,4.4,Low,Clear,Thane West,4.64,True
TW100990,2026-07-11 11:50:00,2026-07-11 12:21:00.000000,8.94,31.0,Motorcycle,22,4.5,Medium,Clear,Navi Mumbai,1.97,False
TW102916,2026-07-16 01:50:00,2026-07-16 02:01:42.000000,3.22,11.7,Motorcycle,34,5.0,Medium,Clear,Kalyan,0.3,True
TW100817,2026-07-25 11:04:00,2026-07-25 11:10:24.000000,3.38,6.4,Motorcycle,23,3.8,Medium,Rain,Bhandup,0.49,True
TW101574,2026-07-03 04:17:00,2026-07-03 04:22:36.000000,2.21,5.6,Scooter,23,4.0,Low,Clear,Airoli,0.46,True
TW101017,2026-07-20 09:54:00,2026-07-20 09:58:00.000000,3.05,4.0,Motorcycle,32,4.4,Medium,,Kalyan,1.91,True
TW104207,2026-07-13 22:25:00,2026-07-13 22:44:18.000000,6.4,19.3,Motorcycle,20,4.1,High,Overcast,Mumbra,6.29,True
TW102455,2026-07-19 13:35:00,2026-07-19 13:49:42.000000,3.38,14.7,Motorcycle,33,4.8,High,Overcast,Mumbra,2.1,True
TW100977,2026-07-22 20:40:00,2026-07-22 21:03:42.000000,5.07,23.7,Scooter,38,3.9,Low,Overcast,Thane West,1.83,True
TW100340,2026-07-01 00:33:00,2026-07-01 00:41:12.000000,3.34,8.2,Motorcycle,35,4.2,Low,Clear,Bhandup,2.96,True
TW100331,2026-07-24 13:01:00,2026-07-24 13:10:42.000000,3.67,9.7,Scooter,20,4.4,Low,Clear,Bhandup,1.71,True
TW103548,2026-07-30 01:46:00,2026-07-30 01:55:54.000000,2.38,9.9,Scooter,41,4.9,High,Clear,Mumbra,1.38,True
TW102856,2026-07-22 10:05:00,2026-07-22 10:11:12.000000,1.82,6.2,Motorcycle,26,4.6,Medium,Rain,Mulund,2.09,True
TW102215,2026-07-05 03:20:00,2026-07-05 03:40:12.000000,8.35,20.2,Scooter,37,4.1,Medium,Clear,Ghodbunder Road,,True
TW103078,2026-07-21 07:36:00,2026-07-21 07:41:54.000000,0.0,5.9,Scooter,30,4.5,Low,Rain,Kalyan,1.43,True
TW100296,2026-07-11 01:08:00,2026-07-11 01:12:00.000000,1.3,4.0,Electric Scooter,39,4.5,Medium,Clear,Mumbra,0.41,True
TW101213,2026-07-18 02:27:00,2026-07-18 02:39:06.000000,5.42,12.1,Motorcycle,33,4.2,Low,Rain,Vashi,0.2,True
TW104825,2026-07-11 10:59:00,2026-07-11 11:23:12.000000,9.27,24.2,Motorcycle,39,4.4,High,Clear,Ghodbunder Road,1.92,True
TW100319,2026-07-19 12:05:00,2026-07-19 12:15:24.000000,2.68,10.4,Electric Scooter,19,4.6,Low,Rain,Bhandup,0.43,True
TW104886,2026-07-05 13:07:00,2026-07-05 13:16:36.000000,3.72,9.6,Motorcycle,36,3.5,High,Overcast,Dombivli,0.83,True
TW100830,2026-07-20 23:03:00,2026-07-20 23:20:06.000000,4.83,17.1,Scooter,23,4.8,Medium,Clear,Kalyan,4.28,True
TW100662,2026-07-07 18:57:00,2026-07-07 19:01:48.000000,2.33,4.8,Scooter,24,3.9,Medium,Overcast,Thane West,4.5,True
TW104721,2026-07-24 10:58:00,2026-07-24 11:04:06.000000,3.11,6.1,Scooter,21,4.2,Low,Clear,Mumbra,4.17,True
TW102614,2026-07-14 07:23:00,2026-07-14 07:28:48.000000,0.71,5.8,Electric Scooter,42,3.8,Medium,Clear,Airoli,1.01,True
TW104416,2026-07-25 22:13:00,2026-07-25 22:27:24.000000,6.38,14.4,Motorcycle,20,3.9,Medium,Clear,Navi Mumbai,1.13,True
TW102999,2026-07-05 07:43:00,2026-07-05 08:13:48.000000,10.73,30.8,Scooter,21,4.3,Low,Clear,Thane West,1.77,False
TW100535,2026-07-12 01:07:00,2026-07-12 01:12:42.000000,3.35,5.7,Motorcycle,28,4.1,Medium,Clear,Mulund,2.01,True
TW102993,2026-07-02 02:32:00,2026-07-02 02:55:00.000000,10.68,23.0,Scooter,30,4.0,High,Overcast,Navi Mumbai,3.23,True
TW101587,2026-07-20 14:31:00,2026-07-20 14:46:18.000000,5.57,15.3,Scooter,24,4.2,High,Clear,Thane West,2.07,True
TW100332,2026-07-17 01:27:00,2026-07-17 01:00:06.036086,4.69,10.7,Motorcycle,37,4.3,High,Rain,Navi Mumbai,3.82,True
TW100858,2026-07-06 12:31:00,2026-07-06 12:36:36.000000,2.38,333.75319777464347,Motorcycle,40,4.1,Low,Rain,Dombivli,0.56,True
TW101263,2026-07-24 11:04:00,2026-07-24 11:15:30.000000,4.25,11.5,Motorcycle,33,3.9,Low,Clear,Bhandup,0.7,True
TW104942,2026-07-27 12:46:00,2026-07-27 12:57:54.000000,1.64,11.9,Electric Scooter,35,4.3,Medium,,Mulund,6.79,True
TW102857,2026-07-22 00:16:00,2026-07-22 00:23:24.000000,2.55,7.4,Electric Scooter,34,3.9,Low,Overcast,Vashi,3.99,True
TW101654,2026-07-10 16:31:00,2026-07-10 16:42:06.000000,3.42,11.1,Electric Scooter,29,4.3,Medium,Clear,Kalyan,1.9,True
TW104806,2026-07-30 21:37:00,2026-07-30 22:01:18.000000,8.21,24.3,Motorcycle,41,4.3,High,Clear,Navi Mumbai,1.39,True
TW103675,2026-07-22 12:52:00,2026-07-22 13:04:54.000000,3.61,12.9,Scooter,20,3.1,Low,Clear,Airoli,0.59,True
TW104905,2026-07-19 21:00:00,2026-07-19 21:15:36.000000,4.31,15.6,Motorcycle,36,4.6,Medium,Rain,Dombivli,2.88,True
,2026-07-04 23:31:00,2026-07-04 23:38:42.000000,2.68,7.7,Electric Scooter,44,4.1,Low,Clear,Bhandup,1.73,True
TW102568,2026-07-12 15:17:00,2026-07-12 15:24:36.000000,2.53,7.6,Scooter,40,4.9,,Clear,Mulund,5.9,True
TW100560,2026-07-10 08:34:00,2026-07-10 08:53:42.000000,4.57,19.7,Motorcycle,37,4.2,Low,Clear,Vashi,3.15,True
TW103696,2026-07-20 02:16:00,2026-07-20 02:32:54.000000,7.02,16.9,Motorcycle,33,4.7,Low,Clear,Kalyan,0.23,True
TW103196,2026-07-24 20:09:00,2026-07-24 20:23:48.000000,5.79,14.8,Electric Scooter,41,4.4,High,Clear,Mumbra,1.48,True
TW100960,2026-07-15 11:16:00,2026-07-15 11:33:36.000000,6.7,17.6,2-Wheeler,26,4.1,Low,Clear,Ghodbunder Road,5.73,True
TW101160,2026-07-16 13:13:00,2026-07-16 13:33:36.000000,5.46,20.6,Scooter,28,3.9,High,Clear,Mulund,2.99,True
TW103582,2026-07-02 21:18:00,2026-07-02 21:41:36.000000,5.9,23.6,Scooter,22,4.3,Low,Clear,Ghodbunder Road,0.98,True
TW101775,2026-07-18 12:17:00,2026-07-18 12:25:42.000000,3.68,8.7,Scooter,30,4.0,High,Rain,Thane West,1.21,True
TW104410,2026-07-20 08:05:00,2026-07-20 08:13:36.000000,3.25,8.6,Electric Scooter,40,4.7,Low,Clear,Thane West,0.2,True
TW101441,2026-07-14 08:52:00,2026-07-14 09:00:48.000000,1.84,8.8,Scooter,31,4.5,Medium,Clear,Thane West,0.82,True
TW103610,2026-07-20 17:09:00,2026-07-20 17:40:30.000000,9.84,31.5,Scooter,33,4.3,Medium,Overcast,Thane West,3.52,False
TW102015,2026-07-08 20:14:00,2026-07-08 20:25:12.000000,2.65,11.2,Scooter,38,5.0,Medium,Clear,Dombivli,1.94,True
TW101331,2026-07-18 09:31:00,2026-07-18 09:49:42.000000,7.41,18.7,Scooter,30,3.9,Medium,Clear,Bhandup,1.53,True
TW104201,2026-07-07 04:07:00,2026-07-07 04:14:30.000000,1.6,7.5,Electric Scooter,44,4.3,Medium,Overcast,Ghodbunder Road,6.22,True
TW100016,2026-07-09 10:26:00,2026-07-09 10:30:24.000000,1.5,4.4,Electric Scooter,22,4.8,High,Rain,Kalyan,1.32,True
TW104447,2026-07-21 03:34:00,2026-07-21 04:00:30.000000,8.31,26.5,Electric Scooter,19,4.1,Low,Clear,Vashi,2.57,False
TW101131,2026-07-13 21:43:00,2026-07-13 21:52:24.000000,1.91,9.4,Scooter,38,4.5,High,Clear,Airoli,3.26,True
TW104924,2026-07-12 15:39:00,2026-07-12 16:01:42.000000,6.67,22.7,Motorcycle,26,4.7,Low,Clear,Airoli,1.07,True
TW103613,2026-07-18 01:11:00,2026-07-18 01:18:54.000000,3.67,7.9,Motorcycle,44,4.2,Low,Rain,Kalyan,0.2,True
TW100657,2026-07-18 05:04:00,2026-07-18 05:15:42.000000,4.1,11.7,Electric Scooter,24,3.8,Low,Overcast,Dombivli,0.75,True
TW101655,2026-07-17 14:08:00,2026-07-17 14:28:36.000000,6.83,307.66410891099457,Scooter,36,4.0,Low,,Ghodbunder Road,0.86,True
TW102899,2026-07-12 17:34:00,2026-07-12 17:49:24.000000,5.61,15.4,Scooter,26,4.6,High,Rain,Thane West,0.32,True
TW100155,2026-07-19 11:53:00,2026-07-19 11:59:48.000000,2.42,-1.7054759527635668,Scooter,29,4.1,Medium,Clear,Mumbra,1.33,True
TW104328,2026-07-28 14:20:00,2026-07-28 14:38:12.000000,4.83,18.2,Scooter,34,,Low,Rain,Bhandup,2.42,True
TW100392,2026-07-07 04:04:00,2026-07-07 04:32:30.000000,10.64,28.5,Motorcycle,39,3.9,Medium,Rain,Mulund,6.33,False
TW101695,2026-07-23 11:59:00,2026-07-23 12:15:24.000000,6.71,428.70244082776844,Scooter,43,3.5,Low,Rain,Airoli,1.64,True
TW101295,2026-07-04 21:03:00,2026-07-04 21:16:54.000000,3.08,13.9,Scooter,43,3.4,Medium,Clear,Airoli,0.2,True
TW102747,2026-07-16 07:51:00,2026-07-16 07:58:36.000000,3.22,7.6,Motorcycle,36,3.4,High,Clear,Vashi,3.99,True
TW101880,2026-07-12 22:47:00,2026-07-12 22:55:24.000000,3.24,8.4,Motorcycle,28,4.7,High,Overcast,Ghodbunder Road,5.06,True
TW101427,2026-07-27 13:37:00,2026-07-27 13:49:06.000000,2.6,12.1,Motorcycle,41,4.2,High,Clear,Vashi,3.35,True
TW101589,2026-07-16 13:03:00,2026-07-16 13:26:12.000000,10.04,23.2,Motorcycle,24,4.2,Medium,Rain,Mumbra,1.23,True
TW102522,2026-07-02 13:18:00,2026-07-02 13:43:54.000000,6.66,25.9,Motorcycle,37,4.5,Medium,Clear,Vashi,1.89,False
TW104808,2026-07-17 19:04:00,2026-07-17 19:32:30.000000,10.97,28.5,Scooter,28,4.5,Low,Rain,Navi Mumbai,1.22,False
TW101015,2026-07-30 09:41:00,2026-07-30 09:48:48.000000,1.36,7.8,Scooter,22,4.4,Medium,Clear,Mulund,1.18,True
TW102769,2026-07-09 11:38:00,2026-07-09 11:57:30.000000,6.01,19.5,Motorcycle,36,4.3,Low,Overcast,Thane West,0.2,True
TW104936,2026-07-18 22:02:00,2026-07-18 22:19:00.000000,6.08,17.0,Motorcycle,29,3.9,Low,Clear,Thane West,2.76,True
TW100180,2026-07-11 21:14:00,2026-07-11 21:19:48.000000,2.42,5.8,Scooter,33,4.3,Medium,Clear,Vashi,0.77,True
TW102268,2026-07-06 01:17:00,2026-07-06 01:23:06.000000,1.75,6.1,Motorcycle,29,4.9,Medium,Clear,Mumbra,2.47,True
TW102761,2026-07-04 11:45:00,2026-07-04 11:52:30.000000,2.37,7.5,Motorcycle,37,4.2,Low,Clear,Bhandup,0.2,True
TW101631,2026-07-01 19:02:00,2026-07-01 19:10:18.000000,2.85,8.3,Scooter,30,4.5,Medium,Rain,Thane West,3.77,True
TW103242,2026-07-02 23:43:00,2026-07-02 23:47:24.000000,3.17,4.4,Scooter,43,4.5,Medium,Clear,Mumbra,1.48,True
TW104345,2026-07-26 19:37:00,2026-07-26 20:05:06.000000,6.82,28.1,Scooter,26,4.3,Medium,Clear,Airoli,3.61,False
TW101292,2026-07-23 04:39:00,2026-07-23 04:44:54.000000,1.8,5.9,Motorcycle,24,4.3,Low,Clear,Mumbra,2.31,True
TW103125,2026-07-24 09:43:00,2026-07-24 09:47:00.000000,1.29,4.0,Motorcycle,32,4.2,High,Overcast,Bhandup,3.05,True
TW102924,2026-07-17 23:35:00,2026-07-17 23:44:48.000000,2.93,9.8,Motorcycle,30,4.0,High,Clear,Navi Mumbai,3.94,True
TW104070,2026-07-20 17:02:00,2026-07-20 17:06:00.000000,1.19,4.0,Scooter,21,4.0,Medium,Rain,Mulund,0.68,True
TW104392,2026-07-15 16:19:00,2026-07-15 16:25:36.000000,3.27,6.6,Scooter,36,4.4,High,Clear,Mulund,0.2,True
TW102606,2026-07-11 02:38:00,2026-07-11 02:52:24.000000,5.41,14.4,Motorcycle,34,4.5,Low,Rain,Mumbra,1.87,True
TW100554,2026-07-19 15:51:00,2026-07-19 15:56:24.000000,2.14,5.4,Motorcycle,39,4.6,Low,Clear,Dombivli,0.59,True
TW100400,2026-07-20 04:11:00,2026-07-20 04:17:00.000000,4.66,6.0,Scooter,21,4.2,Medium,Clear,Mumbra,2.37,True
TW102789,2026-07-17 18:48:00,2026-07-17 18:58:06.000000,3.6,10.1,Scooter,23,4.7,Medium,Clear,Bhandup,0.2,True
TW104997,2026-07-29 01:42:00,2026-07-29 01:56:54.000000,4.68,14.9,Motorcycle,43,4.3,High,Clear,Vashi,4.91,True
TW101853,2026-07-10 12:48:00,2026-07-10 13:00:18.000000,4.64,12.3,Motorcycle,20,4.6,Medium,Overcast,Thane West,5.08,True
TW104952,2026-07-15 01:44:00,2026-07-15 01:55:36.000000,3.16,11.6,Motorcycle,23,5.0,Medium,Clear,Bhandup,3.7,True
TW104079,2026-07-12 07:37:00,2026-07-12 07:41:36.000000,2.5,4.6,Motorcycle,44,5.0,Low,Rain,Mulund,1.18,True
TW104018,2026-07-21 15:06:00,2026-07-21 15:19:36.000000,4.57,13.6,Scooter,30,4.4,Medium,Clear,Mumbra,2.73,True
TW100992,2026-07-21 03:12:00,2026-07-21 03:40:54.000000,10.74,28.9,Motorcycle,23,4.3,High,Clear,Vashi,4.01,False
TW104079,2026-07-12 07:37:00,2026-07-12 07:41:36.000000,2.5,4.6,Motorcycle,44,5.0,Low,Rain,Mulund,1.18,True
TW102617,2026-07-05 10:48:00,2026-07-05 10:52:00.000000,2.35,4.0,Electric Scooter,27,4.7,,Overcast,Mulund,3.18,True
TW103084,2026-07-19 01:07:00,2026-07-19 01:14:36.000000,1.67,7.6,Scooter,43,3.9,Medium,Clear,Airoli,6.04,True
TW103778,2026-07-21 21:09:00,2026-07-21 21:23:12.000000,4.88,14.2,Motorcycle,44,4.3,Low,Rain,Thane West,0.72,True
TW100170,2026-07-04 18:13:00,2026-07-04 18:17:00.000000,1.69,4.0,Motorcycle,42,4.6,Low,Clear,Vashi,0.2,True
TW100686,2026-07-26 05:20:00,2026-07-26 05:36:30.000000,4.98,16.5,Motorcycle,44,4.5,Medium,Clear,Airoli,3.59,True
TW103344,2026-07-18 17:08:00,2026-07-18 17:14:12.000000,2.6,6.2,Motorcycle,32,5.0,High,Overcast,Airoli,2.11,True
TW103429,2026-07-18 06:35:00,2026-07-18 06:40:12.000000,1.65,5.2,Scooter,31,4.0,Medium,Clear,Kalyan,3.25,True
TW100060,2026-07-17 03:17:00,2026-07-17 03:26:24.000000,5.51,9.4,Scooter,31,5.0,Low,Clear,Mumbra,0.72,True
TW104664,2026-07-03 10:58:00,2026-07-03 11:09:00.000000,3.64,11.0,Scooter,37,4.5,High,Overcast,Dombivli,2.49,True
TW104141,2026-07-04 01:20:00,2026-07-04 01:39:42.000000,6.74,19.7,Scooter,35,4.4,,Rain,Thane West,0.4,True
TW103985,2026-07-22 06:09:00,2026-07-22 06:43:48.000000,9.83,34.8,Scooter,22,4.7,High,Clear,Bhandup,0.54,False
TW104240,2026-07-03 08:25:00,2026-07-03 08:51:06.000000,8.54,26.1,Scooter,36,,Low,Rain,Kalyan,1.44,False
TW102314,2026-07-27 16:26:00,2026-07-27 16:30:36.000000,2.06,4.6,Motorcycle,38,4.4,High,Overcast,Navi Mumbai,8.07,True
TW100719,2026-07-16 18:20:00,2026-07-16 18:47:30.000000,9.37,27.5,Scooter,26,4.1,Low,Clear,Mumbra,1.61,False
TW102454,2026-07-25 03:45:00,2026-07-25 04:21:00.000000,13.7,36.0,Motorcycle,27,4.1,High,Clear,Kalyan,1.12,False
TW102706,2026-07-19 23:43:00,2026-07-19 23:49:12.000000,1.81,6.2,Electric Scooter,32,4.6,Medium,Clear,Bhandup,0.68,True
TW104711,2026-07-02 04:09:00,2026-07-02 04:20:18.000000,5.11,11.3,Scooter,32,4.0,High,Clear,Navi Mumbai,0.62,True
TW100525,2026-07-15 14:26:00,2026-07-15 14:35:12.000000,4.15,9.2,Scooter,28,3.4,,Clear,Navi Mumbai,1.21,True
TW100669,2026-07-18 22:52:00,2026-07-18 23:03:30.000000,3.87,11.5,Motorcycle,27,4.7,Medium,Clear,Ghodbunder Road,1.21,True
TW101108,2026-07-12 05:09:00,2026-07-12 05:15:06.000000,2.57,6.1,Electric Scooter,24,4.5,Low,Clear,Thane West,6.09,True
TW103819,2026-07-16 17:35:00,2026-07-16 17:48:06.000000,4.48,13.1,Scooter,32,4.4,Medium,Clear,Navi Mumbai,1.3,True
TW103772,2026-07-30 19:53:00,2026-07-30 19:57:54.000000,1.66,4.9,Scooter,41,3.9,Medium,Clear,Airoli,2.15,True
TW100998,2026-07-20 21:37:00,2026-07-20 21:41:42.000000,2.34,4.7,Scooter,22,4.6,Low,Rain,Mulund,2.05,True
TW104431,2026-07-05 21:09:00,2026-07-05 21:21:42.000000,3.75,12.7,Electric Scooter,27,4.2,Low,Clear,Dombivli,0.38,True
TW103583,2026-07-22 00:31:00,2026-07-22 00:46:12.000000,5.73,15.2,Motorcycle,22,4.4,Low,Clear,Mumbra,0.38,True
TW103527,2026-07-18 07:18:00,2026-07-18 07:30:12.000000,4.85,12.2,Motorcycle,43,4.3,Low,Clear,Mumbra,2.6,True
TW100053,2026-07-08 00:35:00,2026-07-08 00:39:00.000000,2.4,4.0,Scooter,29,3.9,Medium,Overcast,Vashi,1.35,True
TW103636,2026-07-23 01:42:00,2026-07-23 01:46:00.000000,1.55,4.0,Scooter,31,4.3,Low,Clear,Navi Mumbai,1.92,True
TW104313,2026-07-06 21:04:00,2026-07-06 21:13:54.000000,3.33,9.9,Scooter,26,4.3,Low,Clear,Kalyan,,True
TW102242,2026-07-12 21:38:00,2026-07-12 21:56:30.000000,7.26,18.5,Electric Scooter,43,4.4,High,Clear,Mulund,1.07,True
TW101824,2026-07-18 18:43:00,2026-07-18 18:53:48.000000,5.97,10.8,Motorcycle,34,4.6,Low,Clear,Airoli,1.59,True
TW101450,2026-07-20 02:03:00,2026-07-20 02:07:42.000000,2.06,4.7,Electric Scooter,44,4.9,Medium,Clear,Airoli,6.53,True
TW103759,2026-07-04 22:12:00,2026-07-04 22:21:42.000000,3.01,9.7,Scooter,38,4.3,High,Clear,Ghodbunder Road,1.1,True
TW103809,2026-07-25 04:54:00,2026-07-25 04:59:48.000000,4.11,5.8,Motorcycle,33,4.9,Medium,Clear,Kalyan,0.75,True
TW104600,2026-07-17 18:38:00,2026-07-17 18:57:42.000000,6.08,19.7,Scooter,31,4.0,Medium,Clear,Bhandup,4.32,True
TW100205,2026-07-21 02:14:00,2026-07-21 02:25:00.000000,3.66,11.0,Electric Scooter,23,3.7,Low,Clear,Airoli,,True
TW104830,2026-07-21 02:07:00,2026-07-21 02:25:18.000000,7.39,18.3,Scooter,19,4.7,Low,Clear,Vashi,3.09,True
TW101831,2026-07-18 05:54:00,2026-07-18 06:01:42.000000,1.89,7.7,Electric Scooter,37,4.9,Medium,Clear,Kalyan,0.2,True
TW102336,2026-07-05 20:08:00,2026-07-05 20:19:42.000000,1.87,11.7,Scooter,21,4.1,Medium,Clear,Bhandup,0.2,True
TW104314,2026-07-28 16:06:00,2026-07-28 16:10:00.000000,0.99,4.0,Motorcycle,21,3.8,Low,Clear,Navi Mumbai,1.21,True
TW103296,2026-07-08 10:19:00,2026-07-08 10:32:48.000000,5.96,13.8,Electric Scooter,31,4.6,Medium,Clear,Dombivli,3.82,True
TW101192,2026-07-08 23:21:00,2026-07-08 23:29:12.000000,4.75,8.2,Electric Scooter,34,4.4,Medium,Clear,Airoli,0.2,True
TW102198,2026-07-27 08:29:00,2026-07-27 08:43:30.000000,3.23,14.5,Motorcycle,42,5.0,Low,Clear,Kalyan,0.82,True
TW103358,2026-07-27 16:21:00,2026-07-27 16:29:36.000000,2.43,8.6,Scooter,21,4.8,Medium,Rain,Navi Mumbai,0.77,True
TW102879,2026-07-29 19:40:00,2026-07-29 19:51:54.000000,6.29,11.9,Scooter,37,4.1,Medium,Overcast,Thane West,0.66,True
TW100934,2026-07-01 05:02:00,2026-07-01 05:08:06.000000,1.9,6.1,Scooter,23,4.3,Low,Overcast,Ghodbunder Road,1.73,True
TW104532,2026-07-14 20:35:00,2026-07-14 20:47:18.000000,2.89,12.3,Scooter,22,4.1,High,Rain,Kalyan,1.66,True
TW102988,2026-07-27 22:12:00,2026-07-27 22:23:30.000000,2.07,11.5,Scooter,31,4.3,Low,Clear,Mumbra,0.38,True
TW104776,2026-07-10 14:03:00,2026-07-10 14:15:00.000000,4.73,12.0,Scooter,25,4.0,High,Clear,Kalyan,6.73,True
TW101888,2026-07-27 15:35:00,2026-07-27 15:55:00.000000,6.89,20.0,Scooter,32,4.5,High,Clear,Kalyan,2.25,True
TW103211,2026-07-10 05:43:00,2026-07-10 05:53:54.000000,2.93,10.9,Scooter,44,4.6,,Rain,Bhandup,5.07,True
TW103175,2026-07-19 23:36:00,2026-07-19 23:41:00.000000,2.18,5.0,Motorcycle,38,4.1,Medium,Clear,Ghodbunder Road,1.74,True
TW104771,2026-07-07 10:09:00,2026-07-07 10:16:54.000000,1.83,7.9,Motorcycle,30,4.2,Low,Clear,Bhandup,0.57,True
TW101335,2026-07-21 18:23:00,2026-07-21 18:40:06.000000,3.98,17.1,Motorcycle,29,4.5,High,Overcast,Dombivli,0.44,True
TW101794,2026-07-18 10:26:00,2026-07-18 10:43:00.000000,5.31,17.0,Electric Scooter,31,4.2,High,Rain,Navi Mumbai,0.33,True
TW104375,2026-07-21 16:29:00,2026-07-21 16:33:00.000000,1.31,4.0,Scooter,34,4.2,High,Clear,Dombivli,3.17,True
TW104390,2026-07-09 20:24:00,2026-07-09 20:40:24.000000,6.79,16.4,Scooter,31,4.4,Low,Clear,Mumbra,6.07,True
TW101275,2026-07-04 01:10:00,2026-07-04 01:14:00.000000,1.13,4.0,Scooter,35,4.5,High,Rain,Mulund,1.63,True
TW100738,2026-07-25 16:45:00,2026-07-25 16:59:48.000000,4.56,14.8,Scooter,34,3.7,High,Clear,Mumbra,,True
TW104845,2026-07-10 10:00:00,2026-07-10 10:06:18.000000,2.9,6.3,Scooter,37,4.2,Medium,Overcast,Mumbra,3.01,True
TW104332,2026-07-15 15:28:00,2026-07-15 15:40:48.000000,2.81,12.8,Scooter,27,4.5,Medium,Clear,Thane West,0.42,True
TW100991,2026-07-13 20:20:00,2026-07-13 20:24:00.000000,1.13,4.0,Motorcycle,33,4.3,Medium,,Navi Mumbai,0.28,True
TW102050,2026-07-01 01:12:00,2026-07-01 01:28:30.000000,4.89,16.5,Motorcycle,31,4.3,Medium,Rain,Vashi,0.6,True
TW103206,2026-07-29 04:27:00,2026-07-29 04:34:18.000000,2.17,7.3,2-Wheeler,29,4.7,Medium,Clear,Mulund,1.2,True
TW101176,2026-07-13 20:35:00,2026-07-13 21:00:18.000000,8.25,25.3,Scooter,44,4.8,Low,Rain,Thane West,1.47,False
TW102907,2026-07-25 20:05:00,2026-07-25 19:44:29.220197,2.01,4.0,Electric Scooter,30,4.0,Low,Clear,Ghodbunder Road,2.91,True
TW100047,2026-07-22 03:41:00,2026-07-22 03:46:18.000000,2.28,5.3,Electric Scooter,30,4.1,Medium,Rain,Airoli,2.05,True
TW100605,2026-07-11 19:10:00,2026-07-11 19:24:36.000000,3.85,14.6,motorbike,34,4.1,Low,Clear,Mumbra,1.29,True
TW104524,2026-07-27 09:52:00,2026-07-27 10:06:54.000000,4.93,14.9,Electric Scooter,32,4.5,Medium,Clear,Mulund,5.31,True
TW103275,2026-07-11 04:21:00,2026-07-11 04:48:42.000000,9.91,27.7,Motorcycle,38,3.6,Low,Clear,Dombivli,0.26,False
TW104839,2026-07-16 07:48:00,2026-07-16 08:02:48.000000,3.9,14.8,Motorcycle,25,4.3,Medium,Clear,Bhandup,0.2,True
TW100672,2026-07-22 12:03:00,2026-07-22 12:11:24.000000,4.21,8.4,Scooter,28,4.2,Medium,Overcast,Bhandup,1.99,True
TW100487,2026-07-03 03:05:00,2026-07-03 03:17:54.000000,7.15,12.9,Scooter,25,3.7,Medium,Clear,Navi Mumbai,0.2,True
TW102877,2026-07-29 23:52:00,2026-07-29 23:58:30.000000,1.92,6.5,Motorcycle,25,4.8,Medium,Clear,Thane West,0.78,True
TW102868,2026-07-17 10:57:00,2026-07-17 11:01:00.000000,1.45,4.0,Scooter,25,4.3,Medium,Clear,Dombivli,1.42,True
TW100299,2026-07-25 07:00:00,2026-07-25 07:12:54.000000,4.64,12.9,Scooter,37,4.2,High,Clear,Kalyan,7.33,True
TW104359,2026-07-05 17:17:00,2026-07-05 17:32:30.000000,6.28,15.5,Motorcycle,38,3.8,Medium,Clear,Mulund,1.38,True
TW103755,2026-07-04 01:01:00,2026-07-04 01:22:36.000000,7.87,21.6,Scooter,32,4.5,High,Rain,Navi Mumbai,0.47,True
TW102987,2026-07-23 01:49:00,2026-07-23 02:01:48.000000,2.78,12.8,Motorcycle,39,,Medium,Rain,Vashi,2.08,True
TW102911,2026-07-18 21:20:00,2026-07-18 21:27:36.000000,2.34,7.6,Scooter,38,4.2,High,Clear,Mulund,0.69,True
TW103732,2026-07-27 15:02:00,2026-07-27 15:13:36.000000,5.47,11.6,Motorcycle,19,,Low,Clear,Mulund,2.25,True
TW104747,2026-07-12 10:46:00,2026-07-12 10:50:30.000000,1.25,4.5,Electric Scooter,41,4.3,Medium,Clear,Airoli,0.8,True
TW103053,2026-07-03 21:41:00,2026-07-03 21:49:12.000000,3.23,8.2,Motorcycle,42,4.9,,Overcast,Thane West,2.13,True
TW101929,2026-07-14 22:10:00,2026-07-14 22:22:18.000000,5.58,12.3,Scooter,42,3.6,Low,Rain,Vashi,0.27,True
TW104330,2026-07-03 05:04:00,2026-07-03 05:10:24.000000,1.71,6.4,Motorcycle,37,4.1,Low,Clear,Vashi,0.71,True
TW101572,2026-07-16 00:11:00,2026-07-16 00:21:36.000000,2.9,10.6,Electric Scooter,36,4.1,,Clear,Bhandup,0.28,True
TW101647,2026-07-21 06:27:00,2026-07-21 06:45:12.000000,4.93,18.2,Scooter,31,4.6,Medium,Clear,Airoli,0.2,True
TW100106,2026-07-23 02:03:00,2026-07-23 02:10:54.000000,2.9,7.9,Electric Scooter,41,4.1,Medium,Clear,Ghodbunder Road,2.09,True
TW100606,2026-07-11 11:25:00,2026-07-11 11:45:12.000000,6.43,20.2,bike,42,4.2,Medium,Clear,Mumbra,,True
TW103682,2026-07-09 22:43:00,2026-07-09 22:47:00.000000,1.15,4.0,Motorcycle,32,4.0,High,Clear,Mulund,1.81,True
TW101221,2026-07-21 23:15:00,2026-07-21 23:27:12.000000,3.98,12.2,Motorcycle,26,4.2,Low,Overcast,Dombivli,0.2,True
TW103075,2026-07-16 21:23:00,2026-07-16 21:33:06.000000,1.17,10.1,Scooter,30,4.1,High,Clear,Kalyan,0.94,True
TW104823,2026-07-01 09:28:00,2026-07-01 09:41:36.000000,4.87,13.6,Scooter,43,4.1,Low,Clear,Ghodbunder Road,1.49,True
TW103863,2026-07-06 12:42:00,2026-07-06 12:49:24.000000,1.42,7.4,Motorcycle,28,3.7,High,Clear,Vashi,0.67,True
TW104459,2026-07-28 12:21:00,2026-07-28 12:25:00.000000,1.35,4.0,Motorcycle,23,4.4,Medium,Clear,Airoli,5.82,True
TW100078,2026-07-01 04:54:00,2026-07-01 05:19:30.000000,10.61,25.5,Motorcycle,43,4.4,Low,Clear,Navi Mumbai,0.36,False
TW100031,2026-07-14 18:46:00,2026-07-14 18:50:00.000000,2.32,4.0,Scooter,32,4.0,Medium,Clear,Dombivli,2.49,True
TW102197,2026-07-06 03:32:00,2026-07-06 03:53:30.000000,7.36,21.5,Motorcycle,34,4.8,High,Clear,Kalyan,8.26,True
TW103945,2026-07-26 06:32:00,2026-07-26 06:37:30.000000,1.73,5.5,Motorcycle,39,4.6,Low,Clear,Kalyan,0.2,True
TW104801,2026-07-10 14:30:00,2026-07-10 14:37:00.000000,3.5,7.0,Scooter,42,4.1,High,Rain,Kalyan,1.02,True
TW103951,2026-07-20 13:33:00,2026-07-20 13:40:42.000000,3.34,7.7,Motorcycle,40,4.6,Low,Clear,Vashi,0.41,True
TW103094,2026-07-23 15:14:00,2026-07-23 15:19:06.000000,3.29,5.1,Motorcycle,34,4.6,High,Rain,Dombivli,1.11,True
TW101734,2026-07-30 02:06:00,2026-07-30 02:24:30.000000,6.16,18.5,Scooter,38,4.1,Medium,Clear,Kalyan,1.89,True
TW100389,2026-07-27 03:03:00,2026-07-27 03:08:42.000000,2.08,5.7,Electric Scooter,37,4.5,,Clear,Kalyan,1.8,True
TW102135,2026-07-22 15:22:00,2026-07-22 15:27:48.000000,1.85,5.8,Scooter,29,4.6,Medium,Clear,Mumbra,3.99,True
TW104816,2026-07-06 11:52:00,2026-07-06 12:20:12.000000,7.66,28.2,Motorcycle,32,4.6,Medium,Clear,Thane West,0.95,False
TW100044,2026-07-11 13:34:00,2026-07-11 13:43:36.000000,2.86,9.6,Motorcycle,27,3.8,Medium,Clear,Kalyan,2.07,True
TW102770,2026-07-26 22:25:00,2026-07-26 22:31:12.000000,1.18,-3.5738801264779276,Motorcycle,19,4.7,Low,Overcast,Airoli,5.29,True
TW101987,2026-07-02 03:40:00,2026-07-02 04:00:00.000000,8.28,20.0,Motorcycle,21,4.5,High,Overcast,Mulund,0.89,True
TW104176,2026-07-29 15:48:00,2026-07-29 16:01:12.000000,7.58,13.2,Motorcycle,26,4.2,High,Clear,Vashi,0.52,True
TW101959,2026-07-08 04:01:00,2026-07-08 04:12:00.000000,3.0,11.0,Scooter,35,4.6,Low,Overcast,Airoli,4.6,True
TW103385,2026-07-07 20:39:00,2026-07-07 21:02:18.000000,9.2,23.3,motorbike,21,4.6,Medium,Rain,Bhandup,0.2,True
TW100818,2026-07-16 10:46:00,2026-07-16 11:11:42.000000,8.08,25.7,Motorcycle,39,4.5,High,Clear,Bhandup,0.52,False
TW103593,2026-07-17 12:20:00,2026-07-17 12:28:18.000000,2.01,8.3,Electric Scooter,43,4.4,High,Clear,Bhandup,0.63,True
TW100707,2026-07-04 07:54:00,2026-07-04 08:10:06.000000,5.93,16.1,Scooter,25,4.6,Medium,Overcast,Airoli,1.43,True
TW100810,2026-07-27 19:35:00,2026-07-27 19:43:06.000000,2.63,8.1,Motorcycle,24,4.3,High,Clear,Kalyan,0.93,True
TW102196,2026-07-26 16:58:00,2026-07-26 17:08:12.000000,4.16,10.2,Scooter,23,4.0,High,Clear,Kalyan,4.35,True
TW104742,2026-07-28 05:50:00,2026-07-28 05:54:00.000000,0.78,4.0,Motorcycle,44,4.4,Low,Clear,Kalyan,1.72,True
TW102194,2026-07-10 02:08:00,2026-07-10 02:39:00.000000,9.03,31.0,scooter ,23,3.9,Medium,Rain,Kalyan,4.39,False
TW104628,2026-07-02 09:09:00,2026-07-02 09:17:24.000000,2.98,8.4,Motorcycle,34,4.4,Low,Clear,Dombivli,0.89,True
TW104569,2026-07-23 23:38:00,2026-07-23 23:45:54.000000,3.04,7.9,Scooter,19,3.9,Medium,Clear,Mumbra,1.29,True
TW104348,2026-07-30 16:28:00,2026-07-30 16:40:24.000000,5.35,12.4,Scooter,32,4.2,Medium,Clear,Kalyan,2.38,True
TW104292,2026-07-19 03:03:00,2026-07-19 03:15:18.000000,4.74,12.3,Scooter,39,4.4,Medium,Rain,Dombivli,0.8,True
TW100676,2026-07-20 09:12:00,2026-07-20 09:18:36.000000,2.95,6.6,Motorcycle,26,4.8,Low,Overcast,Thane West,3.03,True
TW103113,2026-07-27 06:03:00,2026-07-27 06:24:42.000000,6.5,21.7,Motorcycle,19,5.0,Low,Rain,Bhandup,1.82,True
TW103757,2026-07-18 01:55:00,2026-07-18 02:05:06.000000,5.51,10.1,Motorcycle,27,5.0,Low,Clear,Mulund,3.28,True
TW104595,2026-07-14 15:35:00,2026-07-14 15:47:36.000000,2.93,12.6,Motorcycle,41,4.5,Low,Rain,Bhandup,0.38,True
TW100904,2026-07-09 02:32:00,2026-07-09 02:40:18.000000,2.91,8.3,Scooter,36,4.5,Low,Rain,Airoli,0.65,True
TW102487,2026-07-08 03:40:00,2026-07-08 03:59:48.000000,7.57,439.5101067521334,Scooter,41,4.8,High,Clear,Navi Mumbai,2.96,True
TW100850,2026-07-30 04:49:00,2026-07-30 04:54:24.000000,2.55,5.4,Scooter,23,4.6,Medium,Overcast,Thane West,1.22,True
TW101296,2026-07-07 14:44:00,2026-07-07 14:48:00.000000,1.04,4.0,Motorcycle,39,4.0,Low,Clear,Airoli,2.28,True
TW103144,2026-07-04 18:19:00,2026-07-04 18:29:24.000000,1.81,10.4,Scooter,30,3.8,Low,Overcast,Navi Mumbai,7.23,True
TW103331,2026-07-15 16:50:00,2026-07-15 17:17:00.000000,7.79,27.0,Scooter,34,4.3,Low,Clear,Kalyan,0.2,False
TW103083,2026-07-29 17:49:00,2026-07-29 17:53:00.000000,0.85,4.0,Scooter,34,3.4,Medium,Clear,Kalyan,1.51,True
TW103690,2026-07-24 06:55:00,2026-07-24 06:59:00.000000,0.75,4.0,Motorcycle,43,4.0,Low,Clear,Mumbra,0.96,True
TW102513,2026-07-20 11:41:00,2026-07-20 11:45:00.000000,0.99,4.0,Motorcycle,22,4.2,Low,Overcast,Kalyan,3.94,True
TW103404,2026-07-08 15:47:00,2026-07-08 15:56:18.000000,3.27,9.3,Electric Scooter,41,4.2,High,Clear,Ghodbunder Road,0.2,True
TW101731,2026-07-19 09:43:00,2026-07-19 10:06:54.000000,6.34,23.9,Bike,19,3.7,High,Rain,Vashi,0.53,True
TW100257,2026-07-26 09:51:00,2026-07-26 10:02:48.000000,1.88,11.8,Motorcycle,19,3.7,Low,Clear,Thane West,1.25,True
TW100241,2026-07-15 12:16:00,2026-07-15 12:24:06.000000,1.87,8.1,Electric Scooter,23,4.8,Low,Clear,Ghodbunder Road,4.76,True
TW104276,2026-07-30 11:15:00,2026-07-30 11:24:06.000000,2.66,9.1,Electric Scooter,25,4.7,High,Overcast,Mulund,4.95,True
TW104088,2026-07-27 21:23:00,2026-07-27 21:32:24.000000,2.58,9.4,Motorcycle,36,4.6,Medium,Clear,Navi Mumbai,2.43,True
TW101066,2026-07-06 01:09:00,2026-07-06 01:14:06.000000,1.35,5.1,Electric Scooter,38,4.2,High,Clear,Mulund,0.43,True
TW104477,2026-07-28 03:13:00,2026-07-28 03:33:00.000000,7.67,20.0,electric scooter,19,4.6,High,Rain,Airoli,2.4,True
TW102286,2026-07-04 23:36:00,2026-07-04 23:47:42.000000,3.32,11.7,Scooter,24,3.9,Medium,Clear,Vashi,6.21,True
TW103149,2026-07-22 02:39:00,2026-07-22 02:52:18.000000,4.73,13.3,Scooter,27,4.1,Low,Clear,Mulund,2.86,True
TW101705,2026-07-27 03:15:00,2026-07-27 03:23:54.000000,2.64,8.9,Scooter,38,4.9,Medium,Rain,Navi Mumbai,3.43,True
,2026-07-05 20:05:00,2026-07-05 20:12:54.000000,2.68,7.9,Motorcycle,30,3.6,High,Clear,Mulund,0.72,True
TW102264,2026-07-25 02:52:00,2026-07-25 02:58:18.000000,3.31,6.3,Scooter,22,4.0,Low,Clear,Kalyan,2.21,True
TW103923,2026-07-28 15:03:00,2026-07-28 15:23:48.000000,5.8,20.8,Scooter,20,3.8,Low,Clear,Airoli,0.83,True
TW101645,2026-07-19 10:26:00,2026-07-19 10:30:00.000000,0.0,4.0,Scooter,20,3.9,High,Clear,Mulund,1.77,True
TW102365,2026-07-22 12:56:00,2026-07-22 13:05:24.000000,4.74,9.4,Motorcycle,28,4.4,Medium,Clear,Dombivli,0.34,True
TW100323,2026-07-24 00:05:00,2026-07-24 00:19:36.000000,3.05,14.6,Motorcycle,29,3.7,High,Clear,Mulund,5.01,True
TW103216,2026-07-11 02:55:00,2026-07-11 03:01:30.000000,2.43,6.5,Scooter,28,,High,Clear,Navi Mumbai,10.02,True
TW103756,2026-07-08 09:23:00,2026-07-08 09:34:06.000000,4.25,11.1,Electric Scooter,36,4.2,High,Clear,Dombivli,1.25,True
TW104317,2026-07-02 12:24:00,2026-07-02 12:28:00.000000,1.05,4.0,Scooter,28,4.1,Medium,Clear,Navi Mumbai,1.16,True
TW100702,2026-07-14 03:31:00,2026-07-14 03:35:42.000000,2.96,4.7,Scooter,29,3.4,Low,Clear,Dombivli,8.83,True
TW100718,2026-07-01 16:51:00,2026-07-01 16:55:00.000000,1.89,4.0,Electric Scooter,33,4.5,Medium,Clear,Airoli,1.37,True
TW103395,2026-07-22 06:42:00,2026-07-22 06:46:12.000000,0.68,4.2,Motorcycle,41,4.4,Low,Overcast,Navi Mumbai,1.37,True
TW103781,2026-07-19 17:43:00,2026-07-19 17:59:48.000000,6.0,16.8,Scooter,31,4.5,Low,Rain,Ghodbunder Road,2.02,True
TW104357,2026-07-06 21:19:00,2026-07-06 21:26:06.000000,2.37,7.1,Electric Scooter,26,4.4,Medium,Clear,Mulund,1.05,True
TW102471,2026-07-03 03:14:00,2026-07-03 03:19:36.000000,4.34,5.6,Motorcycle,23,4.3,Medium,Overcast,Bhandup,5.12,True
TW103541,2026-07-21 14:52:00,2026-07-21 15:01:54.000000,3.16,9.9,Scooter,43,4.3,Low,Clear,Mulund,1.48,True
TW103857,2026-07-18 14:39:00,2026-07-18 14:45:30.000000,3.57,6.5,Motorcycle,43,3.8,Medium,Overcast,Mumbra,8.26,True
TW104177,2026-07-27 00:58:00,2026-07-27 01:24:36.000000,11.25,26.6,Electric Scooter,25,4.6,High,Rain,Bhandup,3.4,False
TW103724,2026-07-13 18:52:00,2026-07-13 19:07:30.000000,5.23,15.5,Scooter,25,3.8,Medium,Rain,Navi Mumbai,5.4,True
TW104810,2026-07-16 06:48:00,2026-07-16 07:03:54.000000,5.3,15.9,Motorcycle,21,4.1,Low,Clear,Vashi,0.85,True
TW100204,2026-07-16 20:51:00,2026-07-16 21:11:36.000000,4.37,20.6,Motorcycle,31,3.9,Low,Rain,Bhandup,0.31,True
TW104310,2026-07-14 13:08:00,2026-07-14 13:16:54.000000,2.31,8.9,Scooter,24,4.1,Medium,Clear,Navi Mumbai,1.18,True
TW102414,2026-07-10 18:22:00,2026-07-10 18:39:48.000000,7.14,17.8,Motorcycle,22,5.0,Medium,Clear,Bhandup,0.53,True
TW102702,2026-07-05 16:02:00,2026-07-05 16:24:48.000000,6.59,22.8,Motorcycle,20,4.5,Low,Clear,Mulund,0.32,True
TW100971,2026-07-01 17:26:00,2026-07-01 17:36:06.000000,3.36,10.1,Scooter,34,4.2,Medium,Rain,Bhandup,5.77,True
TW101397,2026-07-16 12:12:00,2026-07-16 12:25:42.000000,4.84,13.7,Motorcycle,43,5.0,Medium,Clear,Thane West,,True
TW102319,2026-07-20 03:14:00,2026-07-20 03:18:00.000000,1.61,4.0,Electric Scooter,35,4.1,Low,Rain,Airoli,6.06,True
TW102188,2026-07-11 05:51:00,2026-07-11 06:01:36.000000,3.66,10.6,Scooter,21,4.3,Medium,Clear,Airoli,0.45,True
TW102519,2026-07-07 09:11:00,2026-07-07 09:20:12.000000,2.9,9.2,Scooter,19,4.0,Medium,Clear,Vashi,1.68,True
TW104916,2026-07-25 18:58:00,2026-07-25 19:07:48.000000,3.44,9.8,Motorcycle,40,4.1,Low,Rain,Bhandup,3.3,True
TW100230,2026-07-15 00:59:00,2026-07-15 01:23:06.000000,9.95,24.1,motorbike,35,4.9,Medium,Clear,Airoli,1.81,True
TW103739,2026-07-23 07:24:00,2026-07-23 07:29:30.000000,2.82,5.5,Motorcycle,19,4.8,Medium,Rain,Ghodbunder Road,0.67,True
TW104994,2026-07-05 03:25:00,2026-07-05 03:32:06.000000,3.85,7.1,Scooter,31,4.8,Medium,Rain,Airoli,0.2,True
TW103436,2026-07-22 01:38:00,2026-07-22 01:45:30.000000,1.18,7.5,Scooter,43,4.3,High,Clear,Mulund,0.67,True
TW103913,2026-07-24 22:51:00,2026-07-24 23:05:24.000000,6.15,14.4,Scooter,27,3.7,Medium,Clear,Navi Mumbai,4.92,True
TW102634,2026-07-12 05:08:00,2026-07-12 05:12:00.000000,1.93,4.0,Electric Scooter,36,4.6,High,Clear,Bhandup,0.54,True
TW100953,2026-07-01 18:39:00,2026-07-01 19:06:48.000000,12.52,27.8,Motorcycle,23,3.7,Low,Overcast,Dombivli,4.11,False
TW103263,2026-07-07 10:15:00,2026-07-07 10:19:00.000000,2.0,4.0,Scooter,43,3.7,Medium,Rain,Dombivli,5.12,True
TW103375,2026-07-09 17:32:00,2026-07-09 17:50:42.000000,5.09,18.7,Scooter,38,4.2,Low,Rain,Kalyan,2.39,True
TW101542,2026-07-02 20:07:00,2026-07-02 20:33:18.000000,8.31,26.3,Electric Scooter,30,4.3,Medium,Clear,Ghodbunder Road,1.79,False
TW101215,2026-07-27 21:38:00,2026-07-27 21:56:24.000000,5.95,18.4,Electric Scooter,44,3.8,Low,Clear,Vashi,2.85,True
TW102142,2026-07-10 00:16:00,2026-07-10 00:27:00.000000,4.76,11.0,Electric Scooter,31,4.4,High,Clear,Thane West,1.03,True
TW102645,2026-07-22 06:33:00,2026-07-22 06:48:36.000000,4.45,15.6,Scooter,32,3.9,Medium,Rain,Kalyan,5.45,True
TW102541,2026-07-21 15:58:00,2026-07-21 16:12:06.000000,6.1,14.1,Motorcycle,23,3.8,Medium,Clear,Mumbra,0.84,True
TW101620,2026-07-07 14:59:00,2026-07-07 15:03:36.000000,3.03,4.6,Scooter,32,4.6,Low,Clear,Ghodbunder Road,4.69,True
TW102886,2026-07-28 19:52:00,2026-07-28 20:05:48.000000,3.91,13.8,Electric Scooter,23,3.9,,Clear,Navi Mumbai,3.23,True
TW103235,2026-07-26 08:50:00,2026-07-26 08:55:18.000000,2.28,5.3,2-Wheeler,42,3.7,Low,Clear,Vashi,0.9,True
TW104374,2026-07-21 11:47:00,2026-07-21 11:57:42.000000,2.56,10.7,Motorcycle,22,4.6,Low,Clear,Dombivli,0.61,True
TW100436,2026-07-16 05:52:00,2026-07-16 06:23:54.000000,10.34,31.9,Scooter,33,4.4,Medium,Clear,Dombivli,0.59,False
TW101603,2026-07-08 21:06:00,2026-07-08 21:10:00.000000,1.61,4.0,Motorcycle,35,4.8,Medium,Rain,Vashi,2.41,True
TW103127,2026-07-28 03:38:00,2026-07-28 04:02:00.000000,7.8,24.0,Motorcycle,19,3.9,Medium,Rain,Vashi,1.03,True
TW102635,2026-07-07 08:47:00,2026-07-07 08:54:30.000000,2.06,7.5,Motorcycle,39,3.8,Low,Clear,Ghodbunder Road,2.39,True
TW103194,2026-07-10 16:58:00,2026-07-10 17:03:18.000000,1.22,5.3,Motorcycle,44,4.8,Medium,Clear,Thane West,1.0,True
TW100820,2026-07-07 15:35:00,2026-07-07 15:42:48.000000,1.72,7.8,Scooter,29,4.6,Medium,Clear,Dombivli,0.44,True
TW101340,2026-07-16 00:38:00,2026-07-16 00:48:36.000000,3.38,10.6,Motorcycle,23,4.4,Low,Rain,Mumbra,3.46,True
TW100281,2026-07-17 01:21:00,2026-07-17 01:31:54.000000,3.1,10.9,Electric Scooter,20,4.6,Medium,Rain,Thane West,1.47,True
TW101981,2026-07-29 17:54:00,2026-07-29 17:58:00.000000,1.09,4.0,Scooter,35,5.0,Medium,Rain,Bhandup,3.43,True
TW101248,2026-07-23 08:45:00,2026-07-23 08:49:00.000000,1.71,4.0,Electric Scooter,31,4.1,Medium,Clear,Dombivli,4.36,True
TW102678,2026-07-17 15:19:00,2026-07-17 15:32:24.000000,5.16,13.4,Motorcycle,24,4.3,Low,Rain,Airoli,0.2,True
TW101493,2026-07-07 11:53:00,2026-07-07 11:57:30.000000,2.65,4.5,Scooter,40,4.1,Low,,Navi Mumbai,1.95,True
TW104195,2026-07-14 19:19:00,2026-07-14 19:29:30.000000,3.5,10.5,Scooter,38,4.5,Low,Rain,Airoli,5.22,True
TW104976,2026-07-10 17:03:00,2026-07-10 17:19:18.000000,4.25,16.3,Scooter,19,4.2,Medium,Clear,Navi Mumbai,3.44,True
TW103062,2026-07-24 15:37:00,2026-07-24 15:53:48.000000,4.77,16.8,Scooter,27,3.8,High,Clear,Kalyan,0.46,True
TW102814,2026-07-24 09:50:00,2026-07-24 09:54:00.000000,1.12,4.0,Electric Scooter,34,3.6,Medium,Rain,Airoli,2.85,True
TW102651,2026-07-07 15:49:00,2026-07-07 15:58:24.000000,3.84,9.4,Motorcycle,37,4.7,Medium,Clear,Thane West,0.47,True
TW101026,2026-07-06 00:50:00,2026-07-06 01:13:00.000000,7.22,23.0,Scooter,30,4.3,High,Clear,Vashi,1.23,True
TW103449,2026-07-14 01:37:00,2026-07-14 01:49:24.000000,4.38,12.4,Bike,35,4.5,High,Overcast,Thane West,0.48,True
TW101209,2026-07-29 03:02:00,2026-07-29 03:18:24.000000,6.15,16.4,Motorcycle,23,4.0,Low,Clear,Mumbra,0.85,True
TW102457,2026-07-06 03:11:00,2026-07-06 03:23:00.000000,9.19,12.0,Motorcycle,19,4.8,Medium,Overcast,Navi Mumbai,2.0,True
TW101099,2026-07-15 12:40:00,2026-07-15 12:59:24.000000,5.62,19.4,Scooter,24,4.5,Medium,Clear,Thane West,2.9,True
TW102326,2026-07-19 17:41:00,2026-07-19 17:46:24.000000,2.02,5.4,Scooter,21,4.2,High,,Ghodbunder Road,0.22,True
TW101135,2026-07-20 18:15:00,2026-07-20 18:19:00.000000,0.63,4.0,Scooter,21,3.9,Low,Overcast,Airoli,,True
TW103353,2026-07-21 20:28:00,2026-07-21 20:36:30.000000,2.07,8.5,Motorcycle,24,3.8,Medium,Clear,Navi Mumbai,2.68,True
TW104319,2026-07-06 03:33:00,2026-07-06 04:14:12.000000,11.89,41.2,Scooter,21,3.9,High,Overcast,Navi Mumbai,4.36,False
TW104752,2026-07-09 09:41:00,2026-07-09 10:07:12.000000,8.28,26.2,Motorcycle,32,4.0,Medium,Overcast,Ghodbunder Road,1.82,False
TW100301,2026-07-26 07:38:00,2026-07-26 07:47:24.000000,2.25,9.4,Scooter,34,4.2,Low,Clear,Dombivli,15.0,True
TW103890,2026-07-09 17:08:00,2026-07-09 17:22:54.000000,4.54,14.9,motorbike,25,4.6,Low,Clear,Mumbra,0.58,True
TW101752,2026-07-28 04:52:00,2026-07-28 05:08:00.000000,4.5,16.0,Electric Scooter,39,4.3,Low,Clear,Vashi,1.19,True
TW103384,2026-07-23 21:41:00,2026-07-23 21:56:30.000000,7.7,15.5,Motorcycle,38,4.3,Low,Rain,Navi Mumbai,,True
TW103456,2026-07-24 16:05:00,2026-07-24 16:19:18.000000,5.72,14.3,Scooter,34,4.9,Low,Clear,Kalyan,2.01,True
TW103888,2026-07-04 03:16:00,2026-07-04 03:42:00.000000,11.36,26.0,Scooter,32,4.5,Medium,Rain,Navi Mumbai,1.23,False
TW104541,2026-07-30 16:56:00,2026-07-30 17:32:00.000000,14.22,36.0,Motorcycle,27,4.4,Medium,Clear,Thane West,6.21,False
TW102672,2026-07-15 09:25:00,2026-07-15 09:30:36.000000,2.37,5.6,Electric Scooter,44,4.0,Medium,Rain,Mumbra,0.69,True
TW100851,2026-07-27 18:06:00,2026-07-27 18:22:06.000000,8.59,16.1,Electric Scooter,22,3.8,Low,Clear,Dombivli,2.62,True
TW102304,2026-07-10 18:23:00,2026-07-10 18:37:24.000000,4.5,14.4,Electric Scooter,28,3.8,Medium,Rain,Bhandup,3.13,True
TW103961,2026-07-17 22:02:00,2026-07-17 22:10:00.000000,2.41,8.0,Scooter,27,4.0,Medium,Clear,Airoli,3.36,True
TW104768,2026-07-07 16:13:00,2026-07-07 16:19:48.000000,2.56,6.8,Motorcycle,36,4.4,High,Clear,Bhandup,0.22,True
TW100080,2026-07-01 22:55:00,2026-07-01 23:00:06.000000,1.88,5.1,Scooter,31,3.8,Medium,Clear,Vashi,1.89,True
TW103122,2026-07-21 11:19:00,2026-07-21 11:28:06.000000,3.65,9.1,Motorcycle,41,4.5,Medium,Clear,Mulund,1.45,True
TW100883,2026-07-18 04:05:00,2026-07-18 04:22:30.000000,5.67,17.5,Scooter,42,4.4,Low,Clear,Ghodbunder Road,3.6,True
TW101961,2026-07-24 17:42:00,2026-07-24 17:49:06.000000,3.79,7.1,Scooter,41,3.9,,Clear,Mumbra,1.41,True
TW101464,2026-07-02 09:54:00,2026-07-02 09:58:00.000000,1.99,4.0,Motorcycle,24,3.9,Medium,Clear,Ghodbunder Road,1.14,True
TW100318,2026-07-14 20:43:00,2026-07-14 21:05:06.000000,6.63,22.1,Motorcycle,43,4.5,Medium,Clear,Bhandup,2.71,True
TW100979,2026-07-07 01:35:00,2026-07-07 01:46:36.000000,2.92,11.6,Motorcycle,29,4.5,Medium,Overcast,Kalyan,2.94,True
TW103813,2026-07-05 18:13:00,2026-07-05 18:21:42.000000,4.14,8.7,Scooter,39,4.3,Medium,Clear,Airoli,6.09,True
TW103709,2026-07-28 18:44:00,2026-07-28 19:03:12.000000,3.49,19.2,Scooter,39,4.4,Medium,Rain,Thane West,0.65,True
TW103260,2026-07-18 18:04:00,2026-07-18 18:22:24.000000,4.52,18.4,2-Wheeler,36,5.0,Low,Overcast,Airoli,0.54,True
TW102666,2026-07-29 12:40:00,2026-07-29 12:54:06.000000,4.44,14.1,Scooter,21,3.8,Medium,Clear,Bhandup,0.61,True
TW102780,2026-07-23 09:21:00,2026-07-23 09:42:24.000000,8.09,21.4,Motorcycle,28,4.6,Medium,Rain,Vashi,0.82,True
TW100215,2026-07-12 04:32:00,2026-07-12 04:58:30.000000,8.97,26.5,Motorcycle,31,3.8,Low,Clear,Navi Mumbai,0.59,False
TW102646,2026-07-24 17:45:00,2026-07-24 17:54:18.000000,3.1,9.3,Motorcycle,36,4.8,Low,Rain,Mumbra,0.33,True
TW100838,2026-07-27 14:25:00,2026-07-27 14:29:00.000000,2.12,4.0,Motorcycle,19,4.5,Low,Clear,Kalyan,4.64,True
TW101332,2026-07-24 05:01:00,2026-07-24 05:05:00.000000,1.29,4.0,Motorcycle,42,4.1,High,Clear,Dombivli,2.54,True
TW104831,2026-07-24 20:34:00,2026-07-24 20:52:48.000000,6.06,18.8,Motorcycle,19,4.3,Low,Clear,Airoli,3.25,True
TW101914,2026-07-02 10:10:00,2026-07-02 10:24:36.000000,5.53,14.6,Scooter,41,5.0,High,Overcast,Airoli,,True
TW104686,2026-07-08 18:42:00,2026-07-08 18:57:24.000000,6.39,15.4,Scooter,39,4.5,Low,Rain,Navi Mumbai,6.05,True
TW103253,2026-07-27 08:21:00,2026-07-27 08:35:42.000000,5.05,14.7,Motorcycle,40,3.8,Medium,Clear,Dombivli,1.73,True
TW104596,2026-07-26 09:03:00,2026-07-26 09:17:36.000000,6.67,14.6,Motorcycle,34,4.5,Medium,Overcast,Thane West,0.4,True
TW101686,2026-07-14 13:56:00,2026-07-14 14:00:00.000000,1.89,4.0,Scooter,29,4.3,High,Overcast,Dombivli,0.45,True
TW101529,2026-07-21 03:29:00,2026-07-21 03:33:00.000000,0.86,4.0,Scooter,25,4.0,Low,Overcast,Dombivli,4.99,True
TW100634,2026-07-14 23:50:00,2026-07-15 00:08:42.000000,8.33,18.7,Motorcycle,41,4.3,High,Rain,Vashi,1.14,True
TW103947,2026-07-14 08:23:00,2026-07-14 08:37:36.000000,4.49,14.6,Motorcycle,44,4.9,Medium,Clear,Dombivli,,True
TW103535,2026-07-10 20:58:00,2026-07-10 20:37:33.293133,2.95,12.7,Scooter,33,4.8,Low,Clear,Airoli,0.82,True
TW104654,2026-07-22 01:21:00,2026-07-22 01:29:42.000000,2.19,8.7,Scooter,41,4.4,High,Clear,Airoli,0.43,True
TW103335,2026-07-22 01:26:00,2026-07-22 01:39:42.000000,4.16,13.7,Scooter,44,4.2,Medium,Clear,Vashi,2.2,True
TW104613,2026-07-26 14:24:00,2026-07-26 14:34:48.000000,4.76,10.8,Scooter,27,3.6,Medium,Rain,Vashi,3.4,True
TW100448,2026-07-20 10:33:00,2026-07-20 10:40:18.000000,2.97,7.3,Scooter,34,3.7,Medium,Clear,Kalyan,0.53,True
TW101538,2026-07-27 14:12:00,2026-07-27 14:20:00.000000,1.96,8.0,Scooter,40,4.7,High,Clear,Dombivli,1.42,True
TW103314,2026-07-03 18:07:00,2026-07-03 18:26:54.000000,5.51,19.9,Motorcycle,29,4.7,Medium,Clear,Ghodbunder Road,0.21,True
TW103742,2026-07-21 06:22:00,2026-07-21 06:41:48.000000,5.9,19.8,Motorcycle,22,2.9,Low,Clear,Mumbra,1.19,True
TW102358,2026-07-20 15:36:00,2026-07-20 15:44:48.000000,0.0,8.8,Electric Scooter,39,4.2,Low,Clear,Kalyan,6.25,True
TW101253,2026-07-19 20:10:00,2026-07-19 20:36:12.000000,11.08,26.2,Motorcycle,40,4.4,Low,Clear,Navi Mumbai,0.46,False
TW104550,2026-07-06 19:32:00,2026-07-06 19:41:48.000000,1.81,9.8,Motorcycle,29,3.5,Low,Clear,Ghodbunder Road,1.78,True
TW102697,2026-07-20 05:06:00,2026-07-20 05:30:54.000000,7.28,24.9,Scooter,25,4.1,Medium,Rain,Navi Mumbai,2.81,True
TW100425,2026-07-18 14:48:00,2026-07-18 14:52:48.000000,1.19,4.8,Scooter,24,3.9,Medium,Clear,Bhandup,2.26,True
TW104502,2026-07-06 16:11:00,2026-07-06 16:59:12.000000,13.38,48.2,Motorcycle,38,4.7,Low,Overcast,Kalyan,1.18,False
TW102038,2026-07-09 04:31:00,2026-07-09 04:44:12.000000,3.21,13.2,Motorcycle,37,4.1,Medium,Clear,Airoli,0.2,True
TW100229,2026-07-17 16:37:00,2026-07-17 16:53:48.000000,5.31,16.8,Motorcycle,34,4.9,Medium,Clear,Dombivli,0.66,True
TW102562,2026-07-03 18:17:00,2026-07-03 18:38:24.000000,0.0,21.4,Electric Scooter,42,4.8,Medium,Overcast,Kalyan,0.78,True
TW102954,2026-07-23 11:40:00,2026-07-23 12:12:48.000000,9.81,32.8,Motorcycle,39,4.5,High,Clear,Airoli,1.54,False
TW103375,2026-07-09 17:32:00,2026-07-09 17:50:42.000000,5.09,18.7,Scooter,38,4.2,Low,Rain,Kalyan,2.39,True
TW102772,2026-07-05 08:29:00,2026-07-05 08:41:18.000000,3.95,12.3,Motorcycle,23,4.2,Medium,Clear,Kalyan,0.68,True
TW104531,2026-07-18 15:35:00,2026-07-18 15:49:54.000000,6.79,14.9,Scooter,26,4.8,High,Rain,Mulund,0.26,True
TW104269,2026-07-12 00:56:00,2026-07-12 01:00:00.000000,1.54,4.0,Electric Scooter,27,4.5,Low,Clear,Ghodbunder Road,0.2,True
TW102151,2026-07-29 09:52:00,2026-07-29 10:01:30.000000,1.95,9.5,Motorcycle,32,4.8,Medium,Rain,Dombivli,1.37,True
TW101326,2026-07-26 13:21:00,2026-07-26 13:25:00.000000,0.77,4.0,Scooter,31,4.2,Medium,Clear,Navi Mumbai,3.47,True
TW101205,2026-07-05 11:35:00,2026-07-05 11:52:00.000000,6.37,17.0,Scooter,32,3.5,Medium,Clear,Dombivli,0.64,True
TW104644,2026-07-11 12:52:00,2026-07-11 13:09:36.000000,4.17,17.6,Scooter,19,4.1,Low,Overcast,Dombivli,5.02,True
TW104877,2026-07-12 04:40:00,2026-07-12 05:04:00.000000,7.81,24.0,Motorcycle,31,3.9,High,Clear,Ghodbunder Road,0.51,True
TW104565,2026-07-21 12:40:00,2026-07-21 12:44:00.000000,1.47,4.0,Scooter,25,4.4,High,Clear,Navi Mumbai,4.4,True
TW103186,2026-07-06 21:11:00,2026-07-06 21:25:06.000000,5.4,14.1,Scooter,26,3.9,Medium,Rain,Vashi,8.28,True
TW104575,2026-07-09 20:02:00,2026-07-09 20:15:00.000000,2.47,13.0,Motorcycle,34,3.4,High,Rain,Vashi,0.34,True
TW102289,2026-07-04 23:43:00,2026-07-04 23:56:12.000000,3.33,13.2,Electric Scooter,23,4.6,High,Rain,Kalyan,1.19,True
TW100474,2026-07-30 14:00:00,2026-07-30 14:12:24.000000,1.91,12.4,Motorcycle,20,4.0,Low,Clear,Dombivli,0.86,True
TW101479,2026-07-07 23:17:00,2026-07-07 23:33:30.000000,6.92,16.5,Scooter,30,4.1,Medium,Rain,Bhandup,0.6,True
TW104272,2026-07-05 03:12:00,2026-07-05 03:21:06.000000,3.1,9.1,Motorcycle,36,4.4,High,Overcast,Mulund,0.2,True
TW101052,2026-07-17 14:13:00,2026-07-17 14:44:06.000000,7.72,31.1,Motorcycle,31,3.8,High,Clear,Airoli,4.91,False
TW100569,2026-07-11 07:52:00,2026-07-11 07:56:00.000000,2.23,4.0,Motorcycle,42,4.3,High,Clear,Kalyan,0.69,True
TW100105,2026-07-17 17:42:00,2026-07-17 17:53:12.000000,3.91,11.2,Motorcycle,27,3.5,Low,Rain,Mulund,0.4,True
TW102201,2026-07-22 19:47:00,2026-07-22 19:52:06.000000,2.07,5.1,Electric Scooter,23,4.6,High,Overcast,Ghodbunder Road,2.45,True
TW104785,2026-07-20 09:12:00,2026-07-20 09:27:24.000000,5.12,15.4,Electric Scooter,42,4.6,Low,Overcast,Thane West,0.2,True
TW103120,2026-07-03 22:42:00,2026-07-03 22:48:06.000000,2.1,6.1,Electric Scooter,20,4.5,Low,Clear,Navi Mumbai,1.65,True
TW103998,2026-07-12 19:27:00,2026-07-12 19:38:36.000000,4.81,11.6,Motorcycle,22,4.8,Medium,Overcast,Ghodbunder Road,0.32,True
TW100253,2026-07-19 01:17:00,2026-07-19 01:25:42.000000,2.33,8.7,Scooter,40,,Low,Clear,Navi Mumbai,0.96,True
TW101971,2026-07-06 02:41:00,2026-07-06 02:56:18.000000,5.25,15.3,Motorcycle,42,4.7,Low,Clear,Vashi,2.94,True
TW101422,2026-07-21 08:23:00,2026-07-21 08:38:12.000000,3.36,15.2,Electric Scooter,42,3.9,Medium,Overcast,Airoli,1.13,True
TW101286,2026-07-26 01:51:00,2026-07-26 02:00:24.000000,3.2,9.4,Motorcycle,44,4.1,Medium,Clear,Mulund,0.22,True
TW102501,2026-07-15 12:57:00,2026-07-15 13:14:30.000000,5.22,17.5,Scooter,24,4.5,High,Clear,Thane West,4.53,True
TW102502,2026-07-08 13:00:00,2026-07-08 13:26:36.000000,8.79,26.6,Electric Scooter,20,4.6,Medium,Clear,Mulund,1.14,False
TW102534,2026-07-19 08:54:00,2026-07-19 09:07:00.000000,4.47,13.0,Motorcycle,39,4.6,Medium,Clear,Vashi,1.56,True
TW102195,2026-07-28 19:22:00,2026-07-28 19:29:36.000000,3.25,7.6,Scooter,44,4.1,High,Clear,Airoli,4.19,True
TW103244,2026-07-05 15:14:00,2026-07-05 15:21:24.000000,1.93,7.4,Scooter,37,4.4,Medium,Overcast,Bhandup,1.5,True
TW104496,2026-07-23 21:10:00,2026-07-23 21:16:18.000000,2.07,6.3,Scooter,22,4.1,High,Clear,Bhandup,2.04,True
TW102305,2026-07-07 02:35:00,2026-07-07 02:56:00.000000,8.61,21.0,Motorcycle,22,4.1,Medium,Clear,Mumbra,1.83,True
TW103317,2026-07-17 18:31:00,2026-07-17 18:54:42.000000,7.78,23.7,Scooter,36,4.3,High,Overcast,Kalyan,1.75,True
TW104304,2026-07-27 04:39:00,2026-07-27 04:43:24.000000,2.22,4.4,Scooter,40,4.0,Medium,Overcast,Bhandup,2.2,True
TW101763,2026-07-10 19:39:00,2026-07-10 20:02:30.000000,8.66,23.5,Scooter,30,2.8,Medium,Overcast,Bhandup,0.86,True
TW103425,2026-07-18 10:59:00,2026-07-18 11:07:18.000000,3.19,8.3,Scooter,30,4.3,Medium,Clear,Navi Mumbai,2.28,True
TW101312,2026-07-04 04:28:00,2026-07-04 04:36:24.000000,4.11,8.4,Scooter,40,4.0,High,Clear,Thane West,3.23,True
TW104636,2026-07-14 22:44:00,2026-07-14 22:48:24.000000,1.56,4.4,Motorcycle,30,4.6,Medium,Clear,Mulund,1.75,True
TW104632,2026-07-03 20:02:00,2026-07-03 20:17:12.000000,4.19,15.2,Scooter,43,4.4,High,Overcast,Ghodbunder Road,0.76,True
TW104562,2026-07-20 13:40:00,2026-07-20 13:51:48.000000,4.34,11.8,Motorcycle,23,4.1,High,Overcast,Airoli,3.41,True
TW103878,2026-07-08 14:24:00,2026-07-08 14:34:54.000000,3.87,10.9,Motorcycle,21,4.2,Medium,Clear,Airoli,1.18,True
TW103883,2026-07-02 03:56:00,2026-07-02 04:02:18.000000,2.05,6.3,Scooter,28,4.2,Low,Overcast,Dombivli,2.5,True
TW104833,2026-07-06 04:42:00,2026-07-06 04:46:00.000000,2.48,4.0,Motorcycle,34,4.6,Medium,Clear,Mulund,0.7,True
TW104087,2026-07-04 18:19:00,2026-07-04 18:31:06.000000,2.28,12.1,Electric Scooter,23,4.1,High,Clear,Kalyan,1.12,True
TW103501,2026-07-28 02:35:00,2026-07-28 02:39:24.000000,2.17,4.4,Electric Scooter,38,4.3,Medium,Clear,Mumbra,0.37,True
TW100390,2026-07-18 01:14:00,2026-07-18 01:29:18.000000,5.09,15.3,Motorcycle,35,4.9,Medium,Rain,Airoli,5.82,True
TW103958,2026-07-19 12:30:00,2026-07-19 12:45:12.000000,6.09,15.2,Electric Scooter,25,4.6,Low,Overcast,Bhandup,4.74,True
TW102440,2026-07-10 21:11:00,2026-07-10 21:29:36.000000,5.41,18.6,2-Wheeler,38,4.4,Low,Clear,Airoli,3.03,True
TW104133,2026-07-14 07:26:00,2026-07-14 07:38:42.000000,3.51,12.7,Scooter,39,4.7,High,Clear,Navi Mumbai,0.44,True
TW101682,2026-07-14 05:18:00,2026-07-14 05:23:18.000000,1.46,5.3,Scooter,39,4.0,,Overcast,Bhandup,3.39,True
TW100006,2026-07-03 13:25:00,2026-07-03 13:45:30.000000,6.11,20.5,Scooter,44,3.8,Low,Clear,Navi Mumbai,5.11,True
TW102297,2026-07-21 16:39:00,2026-07-21 16:53:00.000000,5.14,14.0,Electric Scooter,34,4.3,Medium,Clear,Thane West,,True
TW100462,2026-07-27 09:57:00,2026-07-27 10:15:30.000000,4.77,18.5,Scooter,41,3.9,Medium,Rain,Mulund,0.27,True
TW100172,2026-07-11 13:11:00,2026-07-11 13:20:54.000000,4.37,9.9,Motorcycle,43,3.6,Low,Clear,Mumbra,0.81,True
TW100660,2026-07-11 19:45:00,2026-07-11 19:51:24.000000,2.46,-7.862677405326199,Electric Scooter,42,4.7,High,Clear,Mumbra,0.84,True
TW104803,2026-07-20 03:02:00,2026-07-20 03:06:00.000000,1.04,4.0,Motorcycle,39,3.8,High,Clear,Navi Mumbai,2.04,True
TW103423,2026-07-13 21:42:00,2026-07-13 22:00:12.000000,7.22,18.2,Motorcycle,21,4.0,Low,Rain,Ghodbunder Road,1.25,True
TW100184,2026-07-24 08:04:00,2026-07-24 08:29:00.000000,7.35,25.0,Scooter,19,5.0,Medium,Clear,Bhandup,0.22,True
TW103705,2026-07-01 09:25:00,2026-07-01 09:36:30.000000,4.69,11.5,Motorcycle,35,,Low,,Mulund,2.05,True
TW103978,2026-07-11 20:59:00,2026-07-11 21:14:54.000000,4.85,15.9,Scooter,41,4.6,Medium,Clear,Thane West,0.44,True
TW101201,2026-07-22 00:35:00,2026-07-22 00:47:36.000000,4.51,12.6,Motorcycle,27,4.2,High,Rain,Mumbra,0.2,True
TW100518,2026-07-04 20:47:00,2026-07-04 20:53:18.000000,2.08,6.3,Motorcycle,44,4.5,Medium,Clear,Bhandup,,True
TW102983,2026-07-16 04:44:00,2026-07-16 04:50:18.000000,1.6,6.3,Electric Scooter,22,4.4,Medium,Clear,Kalyan,1.89,True
TW100273,2026-07-07 23:24:00,2026-07-07 23:36:12.000000,2.18,12.2,Electric Scooter,31,4.2,High,Clear,Thane West,0.59,True
TW103625,2026-07-21 03:15:00,2026-07-21 03:27:30.000000,5.67,12.5,Scooter,25,3.5,Low,Clear,Bhandup,2.76,True
TW101688,2026-07-07 03:34:00,2026-07-07 03:50:18.000000,5.39,16.3,Scooter,39,4.0,High,Rain,Navi Mumbai,,True
TW104386,2026-07-03 02:27:00,2026-07-03 02:43:18.000000,4.68,16.3,Motorcycle,40,4.1,Medium,Clear,Mumbra,2.35,True
TW101423,2026-07-08 21:09:00,2026-07-08 21:26:18.000000,4.8,17.3,Motorcycle,32,4.2,High,Clear,Thane West,14.63,True
TW103995,2026-07-21 23:03:00,2026-07-21 23:59:48.000000,15.15,56.8,Scooter,42,3.7,Medium,Clear,Vashi,2.04,False
TW102164,2026-07-30 09:48:00,2026-07-30 10:09:36.000000,4.2,21.6,Motorcycle,37,4.7,Low,Rain,Thane West,0.2,True
TW101283,2026-07-04 13:27:00,2026-07-04 13:32:36.000000,2.32,5.6,Electric Scooter,32,4.2,High,Clear,Bhandup,1.45,True
TW104311,2026-07-09 03:57:00,2026-07-09 04:11:06.000000,3.33,14.1,Scooter,29,3.9,High,Rain,Dombivli,2.98,True
TW101767,2026-07-28 21:16:00,2026-07-28 21:25:18.000000,1.71,9.3,Motorcycle,39,4.3,Medium,Clear,Bhandup,2.61,True
TW104170,2026-07-29 01:43:00,2026-07-29 01:54:36.000000,3.17,11.6,Electric Scooter,39,4.8,Medium,Rain,Thane West,2.39,True
TW100687,2026-07-28 15:41:00,2026-07-28 15:45:00.000000,1.82,4.0,Scooter,29,4.3,High,Clear,Dombivli,3.17,True
TW104722,2026-07-30 10:15:00,2026-07-30 10:38:06.000000,6.0,23.1,Scooter,32,4.9,Medium,Overcast,Mumbra,2.53,True
TW100827,2026-07-30 15:01:00,2026-07-30 15:22:12.000000,6.48,21.2,Scooter,37,3.9,Low,Rain,Ghodbunder Road,5.88,True
TW102168,2026-07-08 13:06:00,2026-07-08 13:41:18.000000,12.28,35.3,Electric Scooter,27,4.0,Low,Rain,Navi Mumbai,1.36,False
TW102308,2026-07-18 03:10:00,2026-07-18 03:37:48.000000,8.61,27.8,Motorcycle,30,3.5,Medium,Rain,Mumbra,0.25,False
TW101055,2026-07-10 08:19:00,2026-07-10 08:35:18.000000,4.68,16.3,Scooter,42,4.1,Low,Clear,Ghodbunder Road,2.28,True
TW102723,2026-07-14 07:23:00,2026-07-14 07:32:12.000000,3.25,9.2,Electric Scooter,20,3.9,High,Rain,Ghodbunder Road,3.26,True
TW103343,2026-07-30 04:33:00,2026-07-30 04:40:00.000000,3.12,7.0,Scooter,25,4.5,Low,Rain,Vashi,1.59,True
TW103135,2026-07-20 10:47:00,2026-07-20 10:56:18.000000,4.76,9.3,Motorcycle,28,4.8,Medium,Rain,Kalyan,0.2,True
TW100980,2026-07-25 10:14:00,2026-07-25 10:29:48.000000,3.82,15.8,Scooter,39,4.1,Medium,Overcast,Vashi,4.23,True
TW100240,2026-07-21 17:53:00,2026-07-21 17:59:30.000000,2.34,6.5,Motorcycle,36,4.8,Low,Rain,Vashi,0.7,True
TW104063,2026-07-29 20:39:00,2026-07-29 21:01:12.000000,6.51,22.2,Motorcycle,28,4.1,Medium,Clear,Vashi,2.11,True
TW103847,2026-07-14 19:38:00,2026-07-14 19:42:12.000000,3.78,4.2,Scooter,31,3.3,Medium,Clear,Thane West,3.46,True
TW104046,2026-07-03 18:07:00,2026-07-03 18:24:00.000000,5.01,17.0,Motorcycle,21,4.2,Low,Rain,Ghodbunder Road,9.58,True
TW102340,2026-07-15 18:32:00,2026-07-15 18:43:48.000000,5.42,11.8,Scooter,31,4.7,Medium,Clear,Kalyan,0.68,True
TW100720,2026-07-27 17:30:00,2026-07-27 17:54:48.000000,7.63,24.8,Motorcycle,39,4.3,High,Clear,Mulund,1.31,True
TW100468,2026-07-03 05:39:00,2026-07-03 05:47:06.000000,2.91,8.1,Motorcycle,34,4.6,Low,Clear,Dombivli,0.44,True
TW101858,2026-07-13 22:17:00,2026-07-13 22:31:24.000000,4.78,14.4,Motorcycle,28,3.7,High,Rain,Dombivli,0.51,True
TW102092,2026-07-18 08:56:00,2026-07-18 09:17:48.000000,6.72,21.8,Motorcycle,20,4.7,High,Clear,Kalyan,0.64,True
TW103080,2026-07-18 18:37:00,2026-07-18 18:41:42.000000,2.2,4.7,Motorcycle,20,4.5,Medium,Overcast,Kalyan,0.86,True
TW101777,2026-07-03 20:21:00,2026-07-03 20:31:54.000000,4.32,270.7245691359016,Scooter,25,3.5,Medium,Rain,Kalyan,0.29,True
TW104239,2026-07-17 08:04:00,2026-07-17 08:23:24.000000,5.95,19.4,Motorcycle,31,4.6,Low,,Thane West,0.73,True
TW100126,2026-07-09 07:27:00,2026-07-09 07:38:00.000000,2.91,11.0,Electric Scooter,22,3.7,High,Rain,Airoli,4.99,True
TW102957,2026-07-26 01:27:00,2026-07-26 01:35:54.000000,4.1,8.9,Electric Scooter,37,3.9,High,Overcast,Kalyan,3.24,True
TW104651,2026-07-20 10:52:00,2026-07-20 10:56:00.000000,2.05,4.0,Scooter,24,4.4,Medium,Clear,Airoli,4.48,True
TW103849,2026-07-29 21:56:00,2026-07-29 22:00:00.000000,1.67,4.0,Motorcycle,29,4.4,Low,Clear,Kalyan,0.69,True
TW101986,2026-07-02 20:42:00,2026-07-02 20:49:54.000000,1.45,7.9,Scooter,31,4.5,High,Clear,Dombivli,0.52,True
TW100651,2026-07-23 13:29:00,2026-07-23 13:33:00.000000,2.43,4.0,Scooter,25,4.1,Low,Clear,Navi Mumbai,1.2,True
TW100234,2026-07-16 11:49:00,2026-07-16 12:05:18.000000,4.81,16.3,Electric Scooter,33,4.4,High,Overcast,Navi Mumbai,0.55,True
TW101404,2026-07-07 18:10:00,2026-07-07 18:51:36.000000,10.85,41.6,Scooter,24,4.5,High,Overcast,Airoli,1.57,False
TW100288,2026-07-21 03:30:00,2026-07-21 04:25:30.000000,18.09,55.5,Scooter,33,4.3,Medium,Clear,Navi Mumbai,0.2,False
TW102841,2026-07-18 01:00:00,2026-07-18 01:07:54.000000,1.92,7.9,Motorcycle,44,3.7,Low,Overcast,Mumbra,2.85,True
TW102508,2026-07-10 12:38:00,2026-07-10 12:51:00.000000,3.19,13.0,Motorcycle,40,4.1,Medium,Clear,Mulund,1.39,True
TW104119,2026-07-28 09:58:00,2026-07-28 10:13:30.000000,6.19,15.5,Scooter,26,3.8,High,Clear,Mumbra,3.95,True
TW100198,2026-07-11 17:14:00,2026-07-11 17:25:30.000000,2.24,11.5,Motorcycle,39,4.8,Low,Overcast,Mumbra,1.37,True
TW101124,2026-07-27 04:19:00,2026-07-27 04:42:24.000000,8.35,23.4,Electric Scooter,25,4.7,High,Rain,Vashi,1.85,True
TW101812,2026-07-03 08:09:00,2026-07-03 08:23:42.000000,4.6,14.7,Motorcycle,34,4.7,Medium,Rain,Bhandup,1.99,True
TW102762,2026-07-06 02:12:00,2026-07-06 02:32:06.000000,4.96,20.1,Scooter,40,5.0,Medium,Clear,Mumbra,0.59,True
TW102094,2026-07-02 00:56:00,2026-07-02 01:00:00.000000,1.15,-4.67072712027536,Scooter,24,4.3,Low,Overcast,Ghodbunder Road,3.22,True
TW101642,2026-07-11 11:38:00,2026-07-11 11:46:48.000000,1.04,8.8,e-scooter,27,4.0,High,Clear,Vashi,0.52,True
TW104316,2026-07-08 00:45:00,2026-07-08 01:00:54.000000,5.51,15.9,Scooter,21,4.1,Low,Clear,Airoli,2.17,True
TW100774,2026-07-20 16:18:00,2026-07-20 16:38:30.000000,6.96,20.5,Scooter,40,4.3,Medium,Clear,Navi Mumbai,2.31,True
TW103378,2026-07-22 20:59:00,2026-07-22 21:11:12.000000,3.03,12.2,Scooter,39,5.0,High,Rain,Dombivli,2.38,True
TW101097,2026-07-15 00:18:00,2026-07-15 00:28:42.000000,3.92,10.7,Electric Scooter,34,4.0,High,Overcast,Ghodbunder Road,1.77,True
TW102185,2026-07-02 02:55:00,2026-07-02 03:12:06.000000,5.1,17.1,Scooter,32,4.0,Low,Clear,Mumbra,0.68,True
TW103574,2026-07-17 01:58:00,2026-07-17 02:07:12.000000,2.44,288.59534545551855,Motorcycle,31,5.0,Medium,Clear,Ghodbunder Road,0.41,True
TW103986,2026-07-05 22:20:00,2026-07-05 22:32:54.000000,5.55,12.9,Scooter,40,4.6,Medium,Clear,Airoli,0.21,True
TW104605,2026-07-21 04:35:00,2026-07-21 04:42:24.000000,2.63,7.4,Motorcycle,39,4.4,High,Rain,Bhandup,1.04,True
TW100693,2026-07-28 14:24:00,2026-07-28 14:28:18.000000,2.88,4.3,scooter ,20,4.2,Medium,Clear,Navi Mumbai,0.49,True
TW101627,2026-07-21 12:14:00,2026-07-21 12:27:54.000000,5.3,13.9,Motorcycle,25,4.6,Medium,Overcast,Thane West,0.35,True
TW100042,2026-07-14 22:34:00,2026-07-14 22:54:06.000000,4.79,20.1,Scooter,44,4.4,Low,Clear,Ghodbunder Road,2.04,True
TW104243,2026-07-27 16:14:00,2026-07-27 16:20:54.000000,1.99,6.9,Motorcycle,37,4.0,Medium,Clear,Vashi,2.74,True
TW103209,2026-07-18 11:00:00,2026-07-18 11:07:30.000000,2.36,7.5,Scooter,31,4.0,Low,Rain,Thane West,0.27,True
TW101094,2026-07-18 02:03:00,2026-07-18 02:15:36.000000,3.58,12.6,Scooter,33,4.3,High,Rain,Kalyan,0.66,True
TW102807,2026-07-22 05:10:00,2026-07-22 05:14:00.000000,1.06,4.0,Motorcycle,32,4.3,Low,Clear,Vashi,0.5,True
TW101447,2026-07-19 20:44:00,2026-07-19 20:57:48.000000,3.1,13.8,Electric Scooter,37,4.5,High,Clear,Vashi,0.73,True
TW103440,2026-07-12 15:12:00,2026-07-12 15:16:42.000000,1.48,4.7,Motorcycle,40,4.3,Low,Rain,Ghodbunder Road,0.62,True
TW104301,2026-07-03 01:10:00,2026-07-03 01:28:36.000000,5.41,18.6,2-Wheeler,30,4.1,Medium,Clear,Airoli,0.29,True
TW100248,2026-07-03 16:12:00,2026-07-03 16:27:42.000000,4.84,15.7,Electric Scooter,23,4.3,Medium,Clear,Thane West,0.99,True
TW100708,2026-07-21 03:35:00,2026-07-21 03:42:30.000000,3.99,7.5,Electric Scooter,41,4.1,Medium,Overcast,Mulund,1.19,True
TW103179,2026-07-25 09:15:00,2026-07-25 09:42:30.000000,8.48,27.5,Motorcycle,33,3.5,Low,Clear,Mulund,7.39,False
TW102467,2026-07-05 00:47:00,2026-07-05 01:32:48.000000,12.83,45.8,Scooter,26,3.8,Low,Overcast,Bhandup,3.72,False
TW101179,2026-07-20 19:49:00,2026-07-20 19:56:36.000000,2.33,7.6,Scooter,36,3.8,Low,Clear,Thane West,0.74,True
TW100161,2026-07-27 18:21:00,2026-07-27 18:26:18.000000,2.69,5.3,Scooter,44,4.7,,Clear,Kalyan,1.54,True
TW102126,2026-07-10 04:36:00,2026-07-10 05:02:36.000000,8.01,26.6,Scooter,30,4.2,High,Clear,Dombivli,0.77,False
TW103006,2026-07-02 00:58:00,2026-07-02 01:06:00.000000,2.61,8.0,Scooter,37,4.3,High,Overcast,Bhandup,0.57,True
TW101449,2026-07-19 11:40:00,2026-07-19 11:58:24.000000,5.95,18.4,Electric Scooter,38,4.5,Low,Clear,Mumbra,0.75,True
TW100078,2026-07-01 04:54:00,2026-07-01 05:19:30.000000,10.61,25.5,Motorcycle,43,4.4,Low,Clear,Navi Mumbai,0.36,False
TW103678,2026-07-03 09:36:00,2026-07-03 09:40:00.000000,1.66,4.0,Electric Scooter,21,4.3,Low,Clear,Thane West,1.79,True
TW100223,2026-07-25 19:15:00,2026-07-25 19:21:12.000000,1.88,6.2,Electric Scooter,35,3.9,Low,Rain,Kalyan,3.48,True
TW100701,2026-07-01 13:17:00,2026-07-01 13:24:48.000000,3.07,7.8,Motorcycle,43,4.3,High,Clear,Mulund,2.24,True
TW100689,2026-07-24 00:34:00,2026-07-24 00:38:00.000000,2.65,4.0,Scooter,20,4.1,Medium,Clear,Thane West,1.22,True
TW100664,2026-07-16 05:04:00,2026-07-16 05:12:12.000000,2.99,8.2,bike,28,,High,Clear,Navi Mumbai,0.7,True
TW104052,2026-07-07 12:04:00,2026-07-07 12:15:18.000000,3.28,11.3,Scooter,38,4.3,High,Clear,Mumbra,0.4,True
TW101876,2026-07-27 15:02:00,2026-07-27 15:19:42.000000,4.55,17.7,Motorcycle,35,4.4,High,Overcast,Vashi,0.4,True
TW103283,2026-07-18 16:33:00,2026-07-18 16:43:24.000000,3.49,10.4,Electric Scooter,22,4.0,Medium,Rain,Bhandup,0.7,True
TW104219,2026-07-21 17:38:00,2026-07-21 17:57:48.000000,5.51,19.8,Scooter,21,3.7,Low,Overcast,Bhandup,0.44,True
TW104168,2026-07-18 20:55:00,2026-07-18 20:59:00.000000,2.97,4.0,Motorcycle,21,4.6,Low,Clear,Mumbra,2.2,True
TW104089,2026-07-20 05:06:00,2026-07-20 05:20:36.000000,5.13,14.6,Motorcycle,33,4.8,High,Clear,Navi Mumbai,1.17,True
TW101436,2026-07-30 12:41:00,2026-07-30 12:58:30.000000,6.98,17.5,Scooter,20,4.4,Low,Rain,Kalyan,4.2,True
TW104501,2026-07-16 09:33:00,2026-07-16 10:02:06.000000,10.23,29.1,2-Wheeler,22,4.1,Low,Clear,Thane West,0.43,False
TW101739,2026-07-30 20:47:00,2026-07-30 21:04:00.000000,6.9,17.0,Motorcycle,31,4.3,Medium,Clear,Mumbra,0.55,True
TW103962,2026-07-17 03:10:00,2026-07-17 03:14:00.000000,2.6,-8.334028501525792,Electric Scooter,25,4.5,Medium,Clear,Kalyan,2.41,True
TW104590,2026-07-18 13:08:00,2026-07-18 13:25:12.000000,4.96,17.2,Motorcycle,34,4.5,High,Clear,Bhandup,1.35,True
TW104941,2026-07-01 01:38:00,2026-07-01 01:50:42.000000,3.11,12.7,Scooter,20,3.8,High,Clear,Kalyan,1.43,True
TW104923,2026-07-02 23:10:00,2026-07-02 23:21:36.000000,3.08,11.6,Scooter,31,4.7,Low,Clear,Bhandup,0.45,True
TW104116,2026-07-21 12:21:00,2026-07-21 12:46:36.000000,9.81,25.6,Scooter,39,3.3,Low,Overcast,Bhandup,1.39,False
TW100428,2026-07-17 07:24:00,2026-07-17 07:41:48.000000,8.1,17.8,Motorcycle,28,4.1,Medium,Clear,Ghodbunder Road,0.2,True
TW104549,2026-07-05 00:42:00,2026-07-05 01:03:24.000000,6.67,21.4,Scooter,43,3.5,,Clear,Thane West,0.53,True
TW103310,2026-07-28 03:20:00,2026-07-28 03:26:24.000000,2.53,6.4,Motorcycle,37,3.7,Medium,Clear,Mulund,0.6,True
TW103528,2026-07-12 00:16:00,2026-07-12 00:28:48.000000,2.97,12.8,Motorcycle,22,4.5,Low,Clear,Ghodbunder Road,0.27,True
TW102793,2026-07-25 08:26:00,2026-07-25 07:57:46.463822,2.43,5.9,motorbike,40,4.4,High,Rain,Dombivli,0.49,True
TW102073,2026-07-17 18:15:00,2026-07-17 18:19:54.000000,2.74,4.9,Scooter,31,4.5,High,Clear,Ghodbunder Road,1.6,True
TW104042,2026-07-16 03:11:00,2026-07-16 03:23:36.000000,4.26,12.6,Scooter,34,4.6,High,Clear,Airoli,2.07,True
TW103422,2026-07-23 16:41:00,2026-07-23 16:57:36.000000,5.59,16.6,Scooter,22,3.7,Medium,Rain,Dombivli,0.2,True
TW103807,2026-07-04 16:19:00,2026-07-04 16:33:00.000000,5.63,14.0,Scooter,23,4.1,Medium,Clear,Ghodbunder Road,0.5,True
TW103137,2026-07-11 09:19:00,2026-07-11 09:25:12.000000,4.06,6.2,Scooter,31,4.5,Medium,Rain,Thane West,1.7,True
TW101962,2026-07-05 19:55:00,2026-07-05 20:05:30.000000,2.91,10.5,Motorcycle,26,3.4,Low,Rain,Navi Mumbai,0.25,True
TW102139,2026-07-18 10:56:00,2026-07-18 11:01:54.000000,1.89,5.9,bike,23,5.0,Low,Clear,Bhandup,2.44,True
TW101016,2026-07-13 08:02:00,2026-07-13 08:11:24.000000,19.033732679420105,9.4,Motorcycle,31,3.9,High,Clear,Thane West,3.22,True
TW103390,2026-07-02 00:08:00,2026-07-02 00:19:42.000000,4.37,11.7,Electric Scooter,44,4.4,Low,Overcast,Thane West,5.65,True
TW101727,2026-07-25 21:15:00,2026-07-25 21:19:00.000000,1.48,4.0,Scooter,38,5.0,High,Rain,Dombivli,1.93,True
TW102276,2026-07-22 19:45:00,2026-07-22 19:52:24.000000,1.08,7.4,Motorcycle,38,3.9,Medium,Clear,Mumbra,0.2,True
TW103642,2026-07-05 18:56:00,2026-07-05 19:03:54.000000,2.68,7.9,Motorcycle,26,3.9,Medium,Rain,Kalyan,2.45,True
TW103880,2026-07-27 15:35:00,2026-07-27 15:41:48.000000,2.3,6.8,Scooter,21,4.3,Low,Clear,Bhandup,0.2,True
TW103360,2026-07-01 08:02:00,2026-07-01 08:12:18.000000,4.24,10.3,Scooter,32,3.6,Low,Clear,Navi Mumbai,1.03,True
TW101123,2026-07-07 04:51:00,2026-07-07 04:55:06.000000,2.85,4.1,Motorcycle,19,4.6,Low,Rain,Ghodbunder Road,0.2,True
TW102838,2026-07-27 07:59:00,2026-07-27 08:04:54.000000,4.48,5.9,Scooter,43,4.4,High,Clear,Navi Mumbai,1.53,True
TW104161,2026-07-04 06:29:00,2026-07-04 06:36:12.000000,2.74,7.2,Scooter,40,4.8,Medium,Overcast,Dombivli,0.67,True
TW101477,2026-07-26 03:30:00,2026-07-26 03:46:18.000000,4.98,16.3,Electric Scooter,37,4.4,Medium,Rain,Mulund,0.39,True
TW100597,2026-07-03 04:36:00,2026-07-03 05:03:24.000000,8.73,27.4,Scooter,35,4.3,Medium,Overcast,Dombivli,0.2,False
TW103246,2026-07-19 06:50:00,2026-07-19 07:01:00.000000,4.4,11.0,Electric Scooter,26,4.7,Medium,Rain,Kalyan,2.4,True
TW103123,2026-07-08 19:51:00,2026-07-08 19:59:36.000000,2.52,8.6,Scooter,35,5.0,Low,Clear,Mumbra,4.61,True
TW101725,2026-07-03 05:47:00,2026-07-03 06:12:36.000000,9.64,25.6,Electric Scooter,38,3.7,Low,Clear,Dombivli,0.2,False
TW104699,2026-07-27 18:05:00,2026-07-27 18:11:12.000000,2.46,6.2,Motorcycle,33,4.9,Medium,Rain,Navi Mumbai,0.88,True
TW104232,2026-07-15 12:55:00,2026-07-15 12:59:42.000000,0.94,4.7,Electric Scooter,25,3.7,Low,Clear,Airoli,1.95,True
TW104516,2026-07-10 05:16:00,2026-07-10 05:28:30.000000,3.68,12.5,Scooter,41,4.1,High,Rain,Bhandup,0.75,True
TW100587,2026-07-18 21:00:00,2026-07-18 21:29:36.000000,11.01,29.6,Electric Scooter,34,4.7,Medium,Clear,Bhandup,5.43,False
TW100666,2026-07-18 15:32:00,2026-07-18 15:37:48.000000,1.9,5.8,Scooter,31,4.9,High,Overcast,Mulund,2.0,True
TW102466,2026-07-14 14:39:00,2026-07-14 15:13:42.000000,12.13,34.7,Motorcycle,37,4.7,Medium,Rain,Thane West,0.44,False
TW103172,2026-07-01 01:31:00,2026-07-01 01:58:30.000000,7.64,27.5,Motorcycle,30,4.1,Medium,Overcast,Airoli,0.2,False
TW100017,2026-07-27 02:16:00,2026-07-27 02:34:06.000000,9.13,18.1,Scooter,20,4.2,Low,Clear,Navi Mumbai,6.95,True
TW103937,2026-07-25 10:22:00,2026-07-25 10:31:06.000000,3.77,9.1,Scooter,27,5.0,Medium,Overcast,Airoli,0.59,True
TW103285,2026-07-05 06:36:00,2026-07-05 06:40:18.000000,2.15,4.3,Electric Scooter,21,,Low,Clear,Kalyan,1.2,True
TW103571,2026-07-07 14:02:00,2026-07-07 14:12:24.000000,4.52,10.4,Motorcycle,36,4.6,High,Rain,Airoli,2.85,True
TW101955,2026-07-05 17:54:00,2026-07-05 18:00:00.000000,2.25,6.0,Motorcycle,23,3.7,Low,Clear,Navi Mumbai,1.03,True
TW104197,2026-07-30 09:50:00,2026-07-30 09:54:00.000000,2.25,4.0,Scooter,22,4.0,Medium,Rain,Kalyan,1.67,True
TW103816,2026-07-05 20:05:00,2026-07-05 20:09:00.000000,2.3,4.0,Scooter,20,3.4,Low,Clear,Thane West,1.65,True
TW102653,2026-07-28 20:58:00,2026-07-28 21:20:18.000000,6.1,22.3,Scooter,19,3.8,Low,Clear,Airoli,2.53,True
TW102112,2026-07-07 12:27:00,2026-07-07 12:41:24.000000,5.88,14.4,Motorcycle,37,4.4,High,Clear,Bhandup,6.67,True
TW101254,2026-07-26 19:38:00,2026-07-26 19:47:06.000000,3.34,9.1,Motorcycle,23,4.1,Medium,Overcast,Vashi,1.06,True
TW102287,2026-07-07 21:33:00,2026-07-07 21:40:06.000000,1.06,7.1,Scooter,21,4.1,Low,Clear,Mulund,0.82,True
TW104242,2026-07-04 07:33:00,2026-07-04 07:46:06.000000,4.92,13.1,Motorcycle,35,4.2,Medium,Rain,Mumbra,0.56,True
TW102204,2026-07-14 06:55:00,2026-07-14 07:13:18.000000,4.6,-9.700704717772812,Electric Scooter,44,3.2,High,Clear,Ghodbunder Road,0.44,True
TW101497,2026-07-26 22:54:00,2026-07-26 23:04:18.000000,4.37,10.3,Motorcycle,38,4.1,High,Clear,Kalyan,0.49,True
TW104185,2026-07-27 02:47:00,2026-07-27 02:58:18.000000,3.54,11.3,Motorcycle,30,3.7,High,Clear,Vashi,0.86,True
TW102687,2026-07-07 04:38:00,2026-07-07 04:42:00.000000,1.93,4.0,Scooter,38,3.8,Medium,Clear,Kalyan,0.3,True
TW101343,2026-07-22 19:10:00,2026-07-22 19:30:06.000000,6.93,20.1,bike,40,4.8,Medium,Overcast,Thane West,2.61,True
TW103228,2026-07-08 22:19:00,2026-07-08 22:23:00.000000,1.67,4.0,2-Wheeler,32,3.9,Low,Rain,Ghodbunder Road,0.2,True
TW101769,2026-07-25 09:25:00,2026-07-25 09:32:48.000000,5.73,7.8,Scooter,23,4.8,Low,Clear,Dombivli,1.5,True
TW102413,2026-07-25 13:14:00,2026-07-25 13:23:06.000000,3.18,9.1,Motorcycle,32,3.9,Low,Clear,Mulund,1.79,True
TW103543,2026-07-30 21:07:00,2026-07-30 21:11:00.000000,1.96,4.0,Scooter,42,4.5,Medium,Rain,Vashi,0.2,True
TW102529,2026-07-03 02:14:00,2026-07-03 02:18:00.000000,2.93,4.0,Scooter,33,4.8,Low,Clear,Bhandup,1.34,True
TW100645,2026-07-08 16:54:00,2026-07-08 17:01:42.000000,2.49,7.7,Electric Scooter,41,4.4,Medium,Clear,Dombivli,1.25,True
TW100456,2026-07-14 08:44:00,2026-07-14 08:53:36.000000,2.45,9.6,Motorcycle,40,4.4,Medium,Rain,Vashi,0.81,True
TW102033,2026-07-24 22:57:00,2026-07-24 23:06:06.000000,3.67,9.1,Scooter,44,4.5,,Rain,Ghodbunder Road,1.97,True
TW104626,2026-07-29 15:40:00,2026-07-29 15:52:30.000000,4.66,12.5,Motorcycle,30,4.4,Low,Overcast,Bhandup,1.1,True
TW101318,2026-07-15 02:02:00,2026-07-15 02:19:36.000000,6.38,17.6,Scooter,36,3.9,Medium,Overcast,Navi Mumbai,2.98,True
TW102644,2026-07-28 06:25:00,2026-07-28 06:29:00.000000,2.58,4.0,Motorcycle,29,3.8,Medium,Overcast,Mumbra,0.44,True
TW101333,2026-07-04 05:06:00,2026-07-04 05:10:00.000000,1.51,4.0,Scooter,44,,Low,Clear,Ghodbunder Road,0.2,True
TW103485,2026-07-07 11:54:00,2026-07-07 12:15:30.000000,7.54,21.5,Scooter,21,4.6,Medium,Clear,Ghodbunder Road,2.84,True
TW100812,2026-07-07 03:20:00,2026-07-07 03:24:00.000000,1.63,4.0,Scooter,21,3.7,Medium,Clear,Bhandup,2.78,True
TW100308,2026-07-14 00:10:00,2026-07-14 00:14:00.000000,0.7,4.0,Scooter,21,4.2,Medium,Rain,Navi Mumbai,1.39,True
TW101006,2026-07-23 19:29:00,2026-07-23 19:42:42.000000,3.94,13.7,scooter ,27,4.9,High,Clear,Ghodbunder Road,2.84,True
TW100064,2026-07-09 18:54:00,2026-07-09 19:01:48.000000,2.71,7.8,Electric Scooter,39,4.2,Low,Overcast,Kalyan,0.2,True
TW104884,2026-07-12 04:38:00,2026-07-12 04:54:42.000000,5.25,16.7,Scooter,39,3.8,Medium,Clear,Bhandup,3.67,True
TW104060,2026-07-11 16:55:00,2026-07-11 16:59:00.000000,2.36,4.0,Motorcycle,28,4.2,Medium,Clear,Navi Mumbai,0.2,True
TW101217,2026-07-15 09:02:00,2026-07-15 09:08:18.000000,2.62,6.3,Scooter,44,4.7,Low,Overcast,Navi Mumbai,2.4,True
TW103823,2026-07-15 17:51:00,2026-07-15 17:55:48.000000,2.82,4.8,Motorcycle,32,,High,Clear,Dombivli,0.28,True
TW104339,2026-07-11 06:04:00,2026-07-11 06:15:24.000000,4.41,11.4,Scooter,27,4.0,Medium,Clear,Navi Mumbai,1.46,True
TW101577,2026-07-23 14:07:00,2026-07-23 14:25:24.000000,3.32,18.4,Scooter,21,4.6,Medium,Clear,Ghodbunder Road,1.71,True
TW104979,2026-07-24 00:02:00,2026-07-24 00:16:48.000000,2.51,14.8,Motorcycle,21,4.0,Medium,Rain,Dombivli,2.95,True
TW102490,2026-07-30 11:42:00,2026-07-30 11:46:00.000000,1.52,4.0,Motorcycle,41,3.7,Low,Overcast,Navi Mumbai,4.97,True
TW103884,2026-07-27 01:38:00,2026-07-27 01:42:48.000000,2.49,4.8,Motorcycle,36,4.1,Medium,Clear,Vashi,2.04,True
TW101885,2026-07-30 17:35:00,2026-07-30 17:45:36.000000,2.93,10.6,Scooter,44,3.8,High,Clear,Mumbra,1.5,True
TW104229,2026-07-05 02:26:00,2026-07-05 02:45:24.000000,5.89,19.4,Scooter,34,4.2,Medium,Rain,Airoli,0.4,True
TW104181,2026-07-20 00:34:00,2026-07-20 00:38:48.000000,4.15,4.8,Scooter,23,4.4,Low,Clear,Airoli,0.27,True
TW104836,2026-07-20 03:29:00,2026-07-20 03:45:30.000000,5.25,16.5,Motorcycle,25,4.2,Medium,Clear,Dombivli,1.31,True
TW102354,2026-07-20 05:11:00,2026-07-20 05:23:30.000000,5.9,12.5,Motorcycle,26,4.7,Low,Rain,Thane West,0.4,True
TW101237,2026-07-23 13:27:00,2026-07-23 13:54:30.000000,9.36,27.5,Electric Scooter,36,4.2,Low,Clear,Vashi,0.2,False
TW101225,2026-07-01 04:03:00,2026-07-01 04:20:36.000000,3.94,17.6,Motorcycle,44,3.8,Medium,Clear,Dombivli,4.4,True
TW103199,2026-07-20 22:48:00,2026-07-20 22:53:18.000000,2.78,5.3,Motorcycle,42,3.9,Low,Clear,Vashi,0.2,True
TW103845,2026-07-25 23:21:00,2026-07-25 23:38:48.000000,5.21,17.8,Scooter,21,4.0,Medium,,Mumbra,0.27,True
TW102384,2026-07-29 15:05:00,2026-07-29 15:36:12.000000,9.98,31.2,Motorcycle,41,4.8,Medium,Overcast,Airoli,0.81,False
TW100919,2026-07-27 18:45:00,2026-07-27 19:06:48.000000,6.49,21.8,Scooter,25,3.7,Low,Rain,Vashi,0.32,True
TW101928,2026-07-13 23:59:00,2026-07-14 00:21:18.000000,8.53,22.3,Scooter,24,4.3,Medium,Clear,Kalyan,0.69,True
TW101618,2026-07-18 14:09:00,2026-07-18 14:24:36.000000,5.56,15.6,e-scooter,31,4.2,Medium,Clear,Vashi,3.29,True
TW100084,2026-07-02 04:57:00,2026-07-02 05:01:00.000000,2.45,4.0,Scooter,23,4.0,Medium,Clear,Navi Mumbai,0.65,True
TW103560,2026-07-15 03:09:00,2026-07-15 03:14:30.000000,1.83,5.5,Electric Scooter,36,4.3,Medium,Clear,Mumbra,2.67,True
TW103576,2026-07-18 21:10:00,2026-07-18 21:36:48.000000,9.27,26.8,Motorcycle,44,4.3,High,Clear,Navi Mumbai,,False
TW103034,2026-07-17 19:19:00,2026-07-17 19:28:00.000000,4.85,9.0,Scooter,25,5.0,High,,Kalyan,7.31,True
TW100673,2026-07-23 14:54:00,2026-07-23 15:15:30.000000,8.16,21.5,Motorcycle,31,4.3,High,Rain,Airoli,0.38,True
TW100186,2026-07-05 10:45:00,2026-07-05 10:59:36.000000,5.35,14.6,Electric Scooter,24,4.6,Low,Clear,Ghodbunder Road,1.17,True
TW103894,2026-07-14 10:14:00,2026-07-14 10:21:36.000000,2.05,7.6,Motorcycle,34,4.8,Low,Clear,Mulund,2.21,True
TW101433,2026-07-15 12:52:00,2026-07-15 12:57:42.000000,3.69,5.7,Electric Scooter,32,4.7,Medium,Clear,Thane West,,True
TW101982,2026-07-29 11:17:00,2026-07-29 11:21:00.000000,2.28,4.0,Motorcycle,27,4.2,Medium,Clear,Ghodbunder Road,0.73,True
TW103250,2026-07-10 03:30:00,2026-07-10 03:37:18.000000,1.58,7.3,Scooter,37,4.0,Medium,Clear,Ghodbunder Road,1.94,True
TW102939,2026-07-03 03:37:00,2026-07-03 03:52:12.000000,4.36,15.2,Motorcycle,36,3.4,Medium,Clear,Ghodbunder Road,1.89,True
TW103970,2026-07-23 21:38:00,2026-07-23 21:42:00.000000,1.68,4.0,Scooter,32,4.3,,Clear,Ghodbunder Road,0.55,True
TW104893,2026-07-12 07:36:00,2026-07-12 07:43:00.000000,1.94,7.0,Motorcycle,34,4.3,Medium,Clear,Mumbra,3.28,True
TW101088,2026-07-30 07:11:00,2026-07-30 07:18:48.000000,2.81,7.8,Scooter,31,4.0,High,Clear,Mulund,1.28,True
TW103147,2026-07-08 17:03:00,2026-07-08 17:07:06.000000,2.5,4.1,Motorcycle,28,4.3,Medium,Rain,Airoli,1.63,True
TW100619,2026-07-08 14:28:00,2026-07-08 14:33:18.000000,2.19,5.3,Scooter,20,4.2,Medium,Rain,Dombivli,6.29,True
TW104297,2026-07-09 10:51:00,2026-07-09 11:04:30.000000,1.67,13.5,Motorcycle,26,4.8,High,Clear,Ghodbunder Road,0.49,True
TW102128,2026-07-25 07:38:00,2026-07-25 07:54:54.000000,3.73,16.9,Motorcycle,37,4.1,High,Rain,Vashi,5.24,True
TW101214,2026-07-04 14:32:00,2026-07-04 14:41:42.000000,2.06,9.7,e-scooter,21,4.7,Medium,Overcast,Kalyan,0.71,True
TW101702,2026-07-02 10:12:00,2026-07-02 10:26:36.000000,4.2,14.6,Scooter,20,,Medium,Overcast,Airoli,5.6,True
TW103264,2026-07-12 02:10:00,2026-07-12 02:14:36.000000,1.89,4.6,Motorcycle,29,4.1,Medium,Clear,Navi Mumbai,1.51,True
TW102065,2026-07-03 17:23:00,2026-07-03 17:29:24.000000,3.68,6.4,Scooter,20,4.7,Medium,Rain,Mumbra,15.0,True
TW100783,2026-07-26 17:28:00,2026-07-26 17:35:36.000000,3.77,7.6,Scooter,21,,Low,Clear,Ghodbunder Road,1.18,True
TW104387,2026-07-22 01:59:00,2026-07-22 02:19:36.000000,6.77,20.6,Scooter,22,4.5,High,Rain,Dombivli,1.81,True
TW103914,2026-07-22 23:15:00,2026-07-22 23:23:36.000000,1.8,8.6,Electric Scooter,44,4.3,High,Rain,Thane West,5.02,True
TW103773,2026-07-06 14:26:00,2026-07-06 14:44:00.000000,6.5,18.0,Scooter,32,3.8,Low,Clear,Mumbra,6.86,True
TW101579,2026-07-26 01:13:00,2026-07-26 01:27:30.000000,5.47,14.5,Scooter,27,3.7,Low,Clear,Ghodbunder Road,1.64,True
TW104928,2026-07-22 08:30:00,2026-07-22 09:20:54.000000,14.3,50.9,Motorcycle,37,4.5,Low,Overcast,Ghodbunder Road,0.3,False
TW104910,2026-07-01 11:48:00,2026-07-01 12:01:48.000000,5.06,13.8,Scooter,40,4.0,High,Clear,Navi Mumbai,11.06,True
TW104475,2026-07-11 21:14:00,2026-07-11 21:30:24.000000,5.59,16.4,2-Wheeler,42,4.5,High,Rain,Dombivli,1.55,True
TW103403,2026-07-24 17:58:00,2026-07-24 18:20:36.000000,7.62,22.6,Motorcycle,27,4.7,High,Clear,Navi Mumbai,1.75,True
TW101158,2026-07-09 07:30:00,2026-07-09 07:40:42.000000,4.2,10.7,Electric Scooter,36,4.7,Medium,Rain,Ghodbunder Road,0.52,True
TW102395,2026-07-20 21:26:00,2026-07-20 21:44:18.000000,5.94,18.3,Motorcycle,43,3.9,High,Clear,Ghodbunder Road,0.79,True
TW103269,2026-07-06 17:44:00,2026-07-06 17:48:00.000000,1.94,4.0,Scooter,42,4.1,High,Clear,Airoli,0.78,True
TW100624,2026-07-07 12:54:00,2026-07-07 13:02:36.000000,2.67,8.6,Scooter,37,4.1,Medium,Clear,Vashi,0.38,True
TW103620,2026-07-01 20:31:00,2026-07-01 21:02:18.000000,9.46,31.3,Scooter,20,4.0,High,Clear,Dombivli,,False
TW101365,2026-07-19 12:01:00,2026-07-19 12:17:24.000000,6.15,16.4,Motorcycle,27,4.7,Medium,Clear,Mulund,5.9,True
TW102894,2026-07-07 04:39:00,2026-07-07 04:50:54.000000,2.1,11.9,Motorcycle,22,4.0,Medium,,Kalyan,1.38,True
TW103003,2026-07-01 06:55:00,2026-07-01 07:01:42.000000,3.76,6.7,Electric Scooter,44,3.7,Low,Rain,Mulund,4.39,True
TW104068,2026-07-04 10:28:00,2026-07-04 10:46:36.000000,5.8,18.6,Scooter,38,4.6,Low,Clear,Bhandup,2.42,True
TW102220,2026-07-13 09:14:00,2026-07-13 09:34:00.000000,8.97,20.0,Scooter,30,4.6,Low,Clear,Navi Mumbai,1.83,True
TW102181,2026-07-06 13:07:00,2026-07-06 13:15:00.000000,2.24,8.0,Motorcycle,22,4.6,Low,Rain,Dombivli,0.54,True
TW103634,2026-07-28 16:41:00,2026-07-28 16:52:30.000000,4.72,11.5,Electric Scooter,39,4.1,High,,Navi Mumbai,0.96,True
TW101000,2026-07-11 17:12:00,2026-07-11 17:16:00.000000,3.15,4.0,2-Wheeler,25,4.1,Low,Clear,Ghodbunder Road,0.95,True
TW103482,2026-07-13 19:56:00,2026-07-13 20:04:30.000000,3.25,8.5,Scooter,35,4.3,Low,Clear,Thane West,1.98,True
TW104770,2026-07-30 15:11:00,2026-07-30 15:20:18.000000,3.89,9.3,Motorcycle,35,4.5,Medium,Rain,Kalyan,1.53,True
TW104139,2026-07-15 18:43:00,2026-07-15 18:47:00.000000,1.62,4.0,Scooter,22,5.0,Low,Clear,Kalyan,0.2,True
TW101084,2026-07-07 07:45:00,2026-07-07 07:51:12.000000,2.4,6.2,Scooter,21,4.6,Medium,Clear,Thane West,2.33,True
TW100354,2026-07-04 10:12:00,2026-07-04 10:21:06.000000,1.57,9.1,Motorcycle,24,4.5,Low,Clear,Mumbra,0.2,True
TW103826,2026-07-22 17:47:00,2026-07-22 17:59:00.000000,4.57,12.0,Motorcycle,22,4.7,High,Clear,Bhandup,1.05,True
TW104027,2026-07-14 01:56:00,2026-07-14 02:26:18.000000,9.05,30.3,Scooter,23,4.4,Low,Rain,Kalyan,0.48,False
TW104394,2026-07-17 03:58:00,2026-07-17 04:11:30.000000,7.67,13.5,Motorcycle,37,4.4,Medium,Clear,Vashi,0.2,True
TW101267,2026-07-26 16:24:00,2026-07-26 16:32:54.000000,3.15,8.9,Motorcycle,27,4.5,Low,Clear,Dombivli,3.34,True
TW104309,2026-07-18 10:19:00,2026-07-18 11:06:48.000000,14.63,47.8,Scooter,34,4.3,High,Clear,Kalyan,5.24,False
TW102918,2026-07-26 07:35:00,2026-07-26 07:39:00.000000,0.9,4.0,Scooter,37,5.0,Medium,Clear,Mulund,1.13,True
TW100458,2026-07-25 18:24:00,2026-07-25 18:39:48.000000,6.07,15.8,Scooter,25,4.5,Low,Clear,Kalyan,0.38,True
TW103215,2026-07-27 03:52:00,2026-07-27 04:09:12.000000,0.0,17.2,Scooter,44,5.0,Medium,Clear,Bhandup,4.83,True
TW100008,2026-07-22 03:52:00,2026-07-22 04:04:00.000000,3.79,12.0,Scooter,25,4.3,Medium,Clear,Mulund,1.01,True
TW103489,2026-07-25 17:50:00,2026-07-25 17:54:00.000000,0.73,4.0,Electric Scooter,25,4.7,Low,Clear,Bhandup,0.31,True
TW102166,2026-07-02 06:51:00,2026-07-02 07:15:12.000000,6.82,24.2,Electric Scooter,39,4.3,Low,Rain,Thane West,0.2,True
TW101204,2026-07-03 21:08:00,2026-07-03 21:19:54.000000,4.21,11.9,Motorcycle,22,4.4,Medium,Clear,Mumbra,3.35,True
TW103281,2026-07-18 15:21:00,2026-07-18 15:36:48.000000,8.2,15.8,Motorcycle,20,4.1,,Clear,Kalyan,1.59,True
TW103977,2026-07-21 15:55:00,2026-07-21 16:11:30.000000,7.64,16.5,Scooter,35,4.5,High,Clear,Bhandup,0.77,True
TW104021,2026-07-02 06:24:00,2026-07-02 06:43:12.000000,5.86,19.2,Electric Scooter,31,4.3,Low,Overcast,Bhandup,2.56,True
TW102511,2026-07-30 07:51:00,2026-07-30 08:03:30.000000,2.27,12.5,Scooter,33,3.9,Low,Clear,Mulund,0.76,True
TW102971,2026-07-03 00:02:00,2026-07-03 00:06:00.000000,1.45,4.0,Motorcycle,41,4.0,Medium,Clear,Navi Mumbai,1.97,True
TW104667,2026-07-27 15:21:00,2026-07-27 15:14:58.636559,4.61,15.1,Scooter,36,4.7,High,Clear,Bhandup,1.84,True
TW101541,2026-07-15 17:13:00,2026-07-15 17:28:00.000000,5.92,15.0,Motorcycle,31,3.6,Low,Rain,Airoli,0.66,True
TW102430,2026-07-13 19:08:00,2026-07-13 19:14:54.000000,2.48,6.9,Electric Scooter,36,4.7,High,Rain,Navi Mumbai,1.27,True
TW102585,2026-07-05 00:10:00,2026-07-05 00:22:48.000000,3.43,12.8,Scooter,36,3.7,Low,Clear,Mulund,0.78,True
TW100715,2026-07-15 12:35:00,2026-07-15 12:39:48.000000,3.31,4.8,Electric Scooter,29,4.5,Medium,Overcast,Mumbra,1.28,True
TW100443,2026-07-18 05:28:00,2026-07-18 05:32:00.000000,1.45,4.0,Scooter,30,3.5,Medium,Rain,Navi Mumbai,0.2,True
TW102764,2026-07-12 00:46:00,2026-07-12 00:50:36.000000,2.69,4.6,Scooter,20,4.9,High,Clear,Ghodbunder Road,0.93,True
TW102938,2026-07-27 15:09:00,2026-07-27 15:26:30.000000,7.14,17.5,Scooter,35,5.0,Medium,Clear,Kalyan,3.38,True
TW104085,2026-07-08 10:35:00,2026-07-08 10:43:12.000000,2.58,8.2,motorbike,23,3.7,Medium,Rain,Vashi,0.2,True
TW103684,2026-07-13 19:26:00,2026-07-13 19:32:36.000000,1.69,6.6,Scooter,23,4.8,High,Clear,Bhandup,8.41,True
TW102058,2026-07-04 18:53:00,2026-07-04 19:04:30.000000,4.54,11.5,Motorcycle,29,4.5,Low,Rain,Mulund,3.98,True
TW102062,2026-07-17 12:07:00,2026-07-17 12:12:48.000000,2.43,5.8,Scooter,40,4.3,High,Clear,Dombivli,0.27,True
TW100191,2026-07-19 00:36:00,2026-07-19 00:42:18.000000,1.65,6.3,Motorcycle,39,4.0,High,Rain,Kalyan,2.91,True
TW102096,2026-07-11 00:18:00,2026-07-11 00:27:00.000000,3.2,9.0,Scooter,19,4.4,Low,Clear,Dombivli,2.03,True
TW100424,2026-07-23 16:21:00,2026-07-23 16:28:12.000000,1.71,7.2,Scooter,30,4.1,Low,Clear,Airoli,2.2,True
TW101072,2026-07-12 03:24:00,2026-07-12 03:47:24.000000,7.15,23.4,Scooter,27,4.2,High,Clear,Thane West,2.74,True
TW101643,2026-07-20 03:05:00,2026-07-20 03:09:12.000000,2.09,4.2,Motorcycle,24,4.2,Low,Clear,Vashi,1.11,True
TW102694,2026-07-12 23:45:00,2026-07-12 23:57:36.000000,3.49,12.6,scooter ,33,4.0,Medium,Clear,Mumbra,4.52,True
TW101389,2026-07-10 02:50:00,2026-07-10 02:54:00.000000,0.59,4.0,Scooter,25,4.5,Low,Rain,Navi Mumbai,2.24,True
TW100181,2026-07-09 06:42:00,2026-07-09 06:56:24.000000,4.02,14.4,Scooter,29,4.9,Medium,Clear,Thane West,2.26,True
TW101680,2026-07-14 11:50:00,2026-07-14 12:09:12.000000,5.39,19.2,Electric Scooter,31,4.6,Low,Clear,Kalyan,5.94,True
TW103735,2026-07-14 21:02:00,2026-07-14 21:06:00.000000,1.98,4.0,Scooter,26,4.8,High,Rain,Vashi,2.29,True
TW102427,2026-07-14 21:59:00,2026-07-14 22:32:12.000000,9.93,33.2,Motorcycle,20,4.3,High,Clear,Bhandup,1.23,False
TW100787,2026-07-04 19:09:00,2026-07-04 19:30:24.000000,7.27,21.4,Electric Scooter,33,4.3,Medium,Clear,Dombivli,4.33,True
TW102628,2026-07-10 20:04:00,2026-07-10 20:48:54.000000,12.95,44.9,Electric Scooter,27,5.0,High,Overcast,Thane West,7.97,False
TW101350,2026-07-08 15:49:00,2026-07-08 16:07:12.000000,7.52,18.2,Motorcycle,20,5.0,High,Rain,Navi Mumbai,0.68,True
TW101490,2026-07-07 20:31:00,2026-07-07 21:01:54.000000,9.54,30.9,Scooter,26,4.3,High,Clear,Navi Mumbai,3.91,False
TW104618,2026-07-29 06:53:00,2026-07-29 07:29:42.000000,9.85,36.7,Scooter,42,4.1,Low,Overcast,Mumbra,3.63,False
TW103553,2026-07-28 02:35:00,2026-07-28 02:39:06.000000,2.49,4.1,Motorcycle,25,4.4,Medium,Rain,Bhandup,2.34,True
TW104967,2026-07-16 16:10:00,2026-07-16 16:16:54.000000,1.49,6.9,Scooter,21,4.4,High,Overcast,Mulund,0.21,True
TW101600,2026-07-03 10:33:00,2026-07-03 10:41:30.000000,3.74,8.5,Motorcycle,41,4.3,High,Clear,Ghodbunder Road,0.45,True
TW104986,2026-07-02 13:33:00,2026-07-02 13:43:00.000000,2.7,10.0,Motorcycle,39,4.4,High,Clear,Bhandup,0.79,True
TW103692,2026-07-21 23:47:00,2026-07-21 23:30:51.570139,2.2,7.5,Motorcycle,26,4.0,Low,Clear,Airoli,1.34,True
TW102366,2026-07-01 01:13:00,2026-07-01 01:33:48.000000,7.37,20.8,Scooter,20,4.3,Low,Rain,Mulund,0.82,True
TW103580,2026-07-01 00:55:00,2026-07-01 01:01:12.000000,2.55,6.2,Scooter,26,3.9,Low,Overcast,Airoli,0.34,True
TW104216,2026-07-01 01:10:00,2026-07-01 01:33:30.000000,11.23,23.5,Motorcycle,24,3.4,Medium,Clear,Bhandup,2.85,True
TW102431,2026-07-15 02:53:00,2026-07-15 03:07:06.000000,5.03,14.1,Electric Scooter,42,4.0,Medium,Rain,Vashi,0.25,True
TW100058,2026-07-14 00:06:00,2026-07-14 00:20:06.000000,4.47,-1.5161047701194525,Electric Scooter,34,3.9,High,Clear,Dombivli,6.09,True
TW100522,2026-07-22 05:57:00,2026-07-22 06:06:54.000000,2.97,9.9,Scooter,27,4.1,Low,Overcast,Dombivli,2.71,True
TW101900,2026-07-07 12:52:00,2026-07-07 12:57:36.000000,1.76,5.6,Scooter,36,4.2,High,Clear,Mumbra,3.06,True
TW102985,2026-07-15 11:31:00,2026-07-15 11:51:18.000000,7.28,20.3,Motorcycle,29,4.7,Low,Rain,Navi Mumbai,0.29,True
TW100757,2026-07-20 18:48:00,2026-07-20 18:56:42.000000,3.08,8.7,Motorcycle,36,3.9,Medium,Overcast,Mulund,0.2,True
TW104102,2026-07-12 07:35:00,2026-07-12 07:39:30.000000,2.48,4.5,Scooter,27,4.4,Medium,Clear,Navi Mumbai,5.73,True
TW104513,2026-07-12 08:26:00,2026-07-12 08:44:12.000000,5.2,248.5083345899542,Motorcycle,31,4.4,High,Clear,Vashi,4.12,True
TW102274,2026-07-04 15:06:00,2026-07-04 15:15:54.000000,3.49,9.9,Electric Scooter,27,3.6,High,Clear,Bhandup,6.0,True
TW102601,2026-07-13 03:17:00,2026-07-13 03:29:06.000000,4.28,12.1,Motorcycle,27,4.3,Medium,Rain,Vashi,2.15,True
TW100122,2026-07-14 16:33:00,2026-07-14 16:23:17.970248,2.22,4.0,Scooter,34,4.4,Low,Clear,Bhandup,1.14,True
TW101001,2026-07-23 18:01:00,2026-07-23 18:18:48.000000,7.23,17.8,Scooter,27,4.7,Medium,Clear,Vashi,3.5,True
TW101373,2026-07-20 15:19:00,2026-07-20 15:23:00.000000,3.24,4.0,Motorcycle,27,4.0,Medium,Clear,Bhandup,0.73,True
TW100916,2026-07-27 18:27:00,2026-07-27 18:38:12.000000,2.99,11.2,Motorcycle,29,4.2,Medium,Clear,Vashi,2.09,True
TW100826,2026-07-07 03:30:00,2026-07-07 03:38:00.000000,4.74,8.0,Scooter,33,4.6,Medium,Clear,Mumbra,5.49,True
TW100526,2026-07-17 06:56:00,2026-07-17 07:00:00.000000,0.95,4.0,Motorcycle,30,4.8,Low,Clear,Ghodbunder Road,0.2,True
TW102422,2026-07-22 19:56:00,2026-07-22 20:00:06.000000,4.24,4.1,Motorcycle,35,4.3,Medium,Clear,Navi Mumbai,0.2,True
TW102001,2026-07-19 01:11:00,2026-07-19 01:29:24.000000,4.67,18.4,Scooter,36,4.4,Medium,Rain,Mulund,1.83,True
TW101546,2026-07-14 22:34:00,2026-07-14 22:38:00.000000,3.14,4.0,Motorcycle,38,4.7,Medium,Clear,Kalyan,1.09,True
TW103564,2026-07-24 01:35:00,2026-07-24 01:48:48.000000,4.41,13.8,Scooter,35,4.3,High,Rain,Navi Mumbai,1.08,True
TW102944,2026-07-28 09:25:00,2026-07-28 09:36:18.000000,3.6,11.3,Scooter,20,3.8,Low,Clear,Navi Mumbai,0.48,True
TW103876,2026-07-22 07:39:00,2026-07-22 07:49:18.000000,0.0,10.3,Motorcycle,27,4.4,Medium,Rain,Mulund,1.62,True
TW101136,2026-07-20 13:23:00,2026-07-20 13:33:00.000000,2.44,10.0,motorbike,24,4.2,Low,Overcast,Bhandup,0.2,True
TW103906,2026-07-07 12:51:00,2026-07-07 13:05:00.000000,2.59,14.0,Scooter,43,4.4,High,Clear,Mulund,2.2,True
TW104468,2026-07-06 04:55:00,2026-07-06 05:04:12.000000,3.38,9.2,Scooter,37,4.0,Medium,Clear,Navi Mumbai,0.2,True
TW100278,2026-07-09 15:22:00,2026-07-09 15:39:48.000000,5.37,17.8,Electric Scooter,26,4.3,Medium,Rain,Mulund,1.09,True
TW103713,2026-07-12 12:16:00,2026-07-12 12:20:00.000000,1.25,4.0,Motorcycle,24,4.2,Low,Clear,Thane West,1.82,True
TW100882,2026-07-21 10:46:00,2026-07-21 10:55:18.000000,3.66,9.3,Motorcycle,24,4.7,Medium,Rain,Vashi,0.2,True
TW100737,2026-07-03 01:30:00,2026-07-03 01:55:00.000000,8.96,25.0,Scooter,43,4.7,High,Clear,Airoli,0.29,True
TW102926,2026-07-05 01:13:00,2026-07-05 01:17:00.000000,0.46,4.0,Motorcycle,44,4.1,Medium,Clear,Dombivli,1.64,True
TW103614,2026-07-09 06:19:00,2026-07-09 06:23:00.000000,0.58,4.0,Scooter,34,4.8,Medium,Rain,Bhandup,0.68,True
TW104794,2026-07-17 05:11:00,2026-07-17 05:18:42.000000,2.44,7.7,Scooter,21,4.3,Low,Overcast,Bhandup,2.4,True
TW100610,2026-07-03 08:06:00,2026-07-03 08:14:24.000000,2.5,8.4,Scooter,22,4.6,Medium,Overcast,Ghodbunder Road,3.95,True
TW103789,2026-07-23 21:39:00,2026-07-23 21:43:54.000000,3.01,4.9,Scooter,21,4.4,Low,Clear,Vashi,1.81,True
TW100294,2026-07-04 02:15:00,2026-07-04 02:24:06.000000,2.58,9.1,Scooter,22,4.5,,Clear,Bhandup,3.4,True
TW100504,2026-07-03 01:24:00,2026-07-03 01:40:18.000000,5.43,16.3,Scooter,41,4.0,Low,Rain,Ghodbunder Road,0.2,True
TW101659,2026-07-07 02:44:00,2026-07-07 02:58:48.000000,3.57,14.8,Motorcycle,19,3.7,Low,Clear,Mulund,0.24,True
TW102119,2026-07-03 22:39:00,2026-07-03 22:53:18.000000,4.76,14.3,Scooter,24,3.9,High,Overcast,Vashi,1.47,True
TW101717,2026-07-20 05:02:00,2026-07-20 05:24:18.000000,7.66,22.3,scooter ,44,4.2,Medium,Clear,Vashi,1.27,True
TW104882,2026-07-07 19:35:00,2026-07-07 19:52:30.000000,3.88,17.5,Motorcycle,28,4.1,High,Clear,Vashi,1.87,True
TW104349,2026-07-07 23:50:00,2026-07-07 23:54:00.000000,2.12,4.0,Scooter,22,4.4,Low,Overcast,Vashi,1.38,True
TW101182,2026-07-09 20:23:00,2026-07-09 20:39:24.000000,4.85,16.4,Scooter,25,4.4,Medium,Overcast,Vashi,0.3,True
TW103201,2026-07-24 06:56:00,2026-07-24 07:09:48.000000,4.23,13.8,Scooter,28,4.3,Low,Rain,Airoli,1.27,True
TW104588,2026-07-25 06:44:00,2026-07-25 06:50:30.000000,1.25,-13.534502469427903,Scooter,28,4.3,Low,Clear,Kalyan,3.93,True
TW100547,2026-07-08 23:30:00,2026-07-08 23:37:30.000000,3.6,7.5,Scooter,31,4.9,Medium,Rain,Vashi,1.97,True
TW102756,2026-07-13 15:41:00,2026-07-13 15:45:00.000000,2.18,4.0,2-Wheeler,29,4.1,Medium,Clear,Vashi,0.81,True
TW100003,2026-07-28 08:53:00,2026-07-28 09:09:00.000000,5.51,16.0,Scooter,33,4.6,High,Rain,Dombivli,0.2,True
TW100978,2026-07-07 16:24:00,2026-07-07 16:45:12.000000,7.88,21.2,Scooter,43,4.0,Medium,Clear,Ghodbunder Road,0.8,True
TW101143,2026-07-23 17:09:00,2026-07-23 17:19:54.000000,4.16,10.9,Motorcycle,40,5.0,Low,Clear,Thane West,1.0,True
TW104922,2026-07-14 23:08:00,2026-07-14 23:12:00.000000,1.69,4.0,Scooter,27,4.5,Medium,Clear,Mulund,1.02,True
TW101877,2026-07-25 16:30:00,2026-07-25 16:41:48.000000,3.61,11.8,Scooter,22,3.9,Low,Clear,Mulund,0.57,True
TW101573,2026-07-23 16:14:00,2026-07-23 16:25:42.000000,3.54,11.7,Motorcycle,26,4.1,Medium,Rain,Airoli,11.14,True
TW103740,2026-07-20 07:51:00,2026-07-20 08:04:54.000000,4.03,13.9,Scooter,42,4.1,Low,Rain,Mumbra,0.26,True
TW102608,2026-07-02 10:55:00,2026-07-02 11:22:18.000000,11.36,27.3,Scooter,28,4.0,Medium,Clear,Bhandup,1.39,False
TW104972,2026-07-20 03:57:00,2026-07-20 04:20:54.000000,6.19,23.9,Scooter,19,4.6,Low,Clear,Mumbra,0.96,True
TW103652,2026-07-02 16:54:00,2026-07-02 17:00:18.000000,2.76,6.3,Motorcycle,25,4.1,Medium,Overcast,Ghodbunder Road,2.52,True
TW100835,2026-07-07 03:50:00,2026-07-07 03:58:36.000000,3.11,8.6,Scooter,26,3.6,Low,Clear,Airoli,0.2,True
TW103146,2026-07-26 10:59:00,2026-07-26 11:13:12.000000,4.47,14.2,Scooter,40,4.3,High,Overcast,Airoli,0.36,True
TW103254,2026-07-15 06:49:00,2026-07-15 06:53:48.000000,3.37,4.8,bike,40,4.0,Medium,Clear,Mumbra,1.9,True
TW103510,2026-07-07 11:56:00,2026-07-07 12:00:00.000000,2.39,4.0,Scooter,35,4.0,Low,Clear,Dombivli,0.48,True
TW102892,2026-07-28 11:49:00,2026-07-28 12:05:18.000000,5.05,16.3,Scooter,44,4.2,High,Clear,Navi Mumbai,3.33,True
TW103114,2026-07-10 19:38:00,2026-07-10 19:46:30.000000,4.24,8.5,Electric Scooter,22,4.3,Low,Clear,Mulund,0.31,True
TW103018,2026-07-12 21:31:00,2026-07-12 21:42:06.000000,4.59,11.1,Motorcycle,36,4.3,Medium,Rain,Thane West,1.65,True
TW103414,2026-07-19 03:19:00,2026-07-19 03:27:12.000000,3.6,8.2,Scooter,22,4.9,Medium,Clear,Mulund,4.48,True
TW100197,2026-07-06 19:34:00,2026-07-06 19:45:30.000000,2.94,11.5,Scooter,29,,Low,Clear,Mumbra,2.65,True
TW100611,2026-07-14 00:48:00,2026-07-14 01:21:00.000000,8.4,33.0,Motorcycle,21,5.0,Medium,Clear,Airoli,2.63,False
TW103219,2026-07-13 00:09:00,2026-07-13 00:13:30.000000,1.88,4.5,Motorcycle,23,4.0,High,Rain,Mulund,0.85,True
TW102524,2026-07-29 01:44:00,2026-07-29 01:51:12.000000,1.57,7.2,scooter ,24,4.4,Medium,Clear,Mulund,0.2,True
TW104154,2026-07-22 00:08:00,2026-07-21 23:38:40.664190,4.43,15.4,Motorcycle,39,4.3,Low,Clear,Kalyan,2.46,True
TW101802,2026-07-11 17:12:00,2026-07-11 17:23:36.000000,3.97,11.6,Motorcycle,39,4.4,Medium,Clear,Mumbra,2.94,True
TW101140,2026-07-03 05:40:00,2026-07-03 05:50:00.000000,2.98,10.0,Scooter,41,4.3,Low,Clear,Dombivli,1.06,True
TW101021,2026-07-04 21:33:00,2026-07-04 21:50:00.000000,5.21,17.0,Scooter,31,4.2,Low,Clear,Bhandup,0.2,True
TW103708,2026-07-25 01:25:00,2026-07-25 01:44:36.000000,8.07,19.6,Motorcycle,42,4.4,Low,Clear,Dombivli,2.42,True
TW102475,2026-07-28 08:05:00,2026-07-28 08:14:54.000000,4.48,9.9,Scooter,37,4.3,Low,Clear,Dombivli,1.25,True
TW104525,2026-07-15 02:24:00,2026-07-15 02:36:12.000000,4.71,12.2,Scooter,43,3.4,,Clear,Ghodbunder Road,0.88,True
TW102439,2026-07-17 10:21:00,2026-07-17 10:34:00.000000,4.81,13.0,Scooter,36,4.3,Medium,,Thane West,0.24,True
TW101818,2026-07-19 18:01:00,2026-07-19 18:14:12.000000,6.64,13.2,Scooter,26,4.6,Medium,Overcast,Vashi,0.2,True
TW104379,2026-07-19 05:30:00,2026-07-19 05:35:06.000000,1.3,5.1,Scooter,35,4.5,High,Clear,Bhandup,0.2,True
TW100497,2026-07-30 01:32:00,2026-07-30 01:49:42.000000,6.65,17.7,Scooter,33,4.0,Low,Overcast,Mulund,0.4,True
TW102943,2026-07-13 09:57:00,2026-07-13 10:11:24.000000,0.0,14.4,Motorcycle,25,4.5,Medium,Overcast,Dombivli,0.61,True
TW104348,2026-07-30 16:28:00,2026-07-30 16:40:24.000000,5.35,12.4,Scooter,32,4.2,Medium,Clear,Kalyan,2.38,True
TW104960,2026-07-14 23:29:00,2026-07-14 23:35:00.000000,2.59,6.0,Motorcycle,23,4.7,Medium,Clear,Bhandup,0.65,True
TW104527,2026-07-02 16:04:00,2026-07-02 16:11:36.000000,3.58,7.6,Motorcycle,25,4.3,Low,Overcast,Dombivli,2.33,True
TW104696,2026-07-11 22:13:00,2026-07-11 22:21:00.000000,1.56,8.0,Scooter,23,4.0,Medium,Clear,Mumbra,2.41,True
TW104047,2026-07-07 03:56:00,2026-07-07 04:05:12.000000,4.71,9.2,Electric Scooter,40,4.7,,Overcast,Bhandup,0.66,True
TW104140,2026-07-17 05:46:00,2026-07-17 06:10:00.000000,9.54,24.0,Scooter,21,4.3,Medium,Rain,Thane West,3.82,True
TW101570,2026-07-15 06:16:00,2026-07-15 06:26:12.000000,2.03,10.2,Motorcycle,37,3.7,Medium,Clear,Mumbra,2.21,True
TW100062,2026-07-12 05:38:00,2026-07-12 05:42:00.000000,1.15,4.0,Motorcycle,35,4.0,Low,Clear,Dombivli,0.34,True
TW103919,2026-07-18 11:06:00,2026-07-18 11:18:42.000000,5.77,12.7,Motorcycle,24,4.5,Medium,Rain,Thane West,,True
TW100713,2026-07-30 15:43:00,2026-07-30 15:47:00.000000,0.89,4.0,Motorcycle,28,4.3,Low,Overcast,Mulund,0.33,True
TW100752,2026-07-20 11:55:00,2026-07-20 12:10:06.000000,4.36,15.1,Scooter,22,5.0,Medium,Clear,Mumbra,1.29,True
TW101222,2026-07-30 16:59:00,2026-07-30 17:10:06.000000,0.88,11.1,Scooter,26,4.6,Low,Overcast,Dombivli,2.65,True
TW100970,2026-07-01 06:58:00,2026-07-01 07:03:18.000000,1.96,5.3,Motorcycle,37,4.7,Low,Clear,Mulund,1.35,True
TW100808,2026-07-09 11:08:00,2026-07-09 11:16:00.000000,1.4,8.0,Motorcycle,31,4.4,Medium,Clear,Thane West,0.64,True
TW102105,2026-07-12 03:18:00,2026-07-12 03:33:24.000000,2.78,15.4,Motorcycle,44,4.2,Low,Rain,Dombivli,0.99,True
TW103750,2026-07-27 17:46:00,2026-07-27 17:51:12.000000,2.16,5.2,Scooter,28,4.6,Medium,Clear,Ghodbunder Road,0.2,True
TW103455,2026-07-30 07:33:00,2026-07-30 07:41:24.000000,4.36,8.4,Scooter,32,4.6,Medium,Clear,Thane West,1.41,True
TW101927,2026-07-13 20:20:00,2026-07-13 20:24:00.000000,1.41,4.0,Electric Scooter,33,4.6,Low,Rain,Vashi,0.2,True
TW101188,2026-07-09 05:39:00,2026-07-09 05:43:00.000000,2.44,4.0,Scooter,38,4.5,High,Clear,Vashi,3.21,True
TW103129,2026-07-11 00:26:00,2026-07-11 00:39:42.000000,4.03,13.7,Scooter,40,4.2,Low,Clear,Vashi,0.46,True
TW101970,2026-07-22 12:41:00,2026-07-22 12:55:42.000000,7.01,14.7,Scooter,23,4.0,Low,Overcast,Airoli,0.31,True
TW104383,2026-07-05 19:56:00,2026-07-05 20:08:06.000000,4.59,12.1,Scooter,44,4.3,Medium,Clear,Airoli,0.89,True
TW101446,2026-07-17 07:06:00,2026-07-17 07:20:36.000000,5.32,14.6,Motorcycle,41,4.1,Medium,Clear,Navi Mumbai,0.2,True
TW104820,2026-07-09 17:21:00,2026-07-09 17:30:24.000000,3.82,9.4,Scooter,23,4.7,High,Clear,Airoli,1.79,True
TW100716,2026-07-12 23:20:00,2026-07-12 23:24:36.000000,3.38,4.6,Motorcycle,31,4.5,High,Clear,Navi Mumbai,1.13,True
TW101882,2026-07-03 17:32:00,2026-07-03 17:55:00.000000,7.42,23.0,Scooter,31,4.2,Medium,Clear,Mumbra,0.2,True
TW101299,2026-07-15 20:08:00,2026-07-15 20:13:12.000000,2.66,5.2,Electric Scooter,37,4.3,Medium,Clear,Vashi,6.57,True
TW101675,2026-07-18 14:37:00,2026-07-18 14:44:12.000000,2.72,7.2,Motorcycle,37,4.1,Medium,Clear,Thane West,0.39,True
TW100986,2026-07-12 17:04:00,2026-07-12 17:08:00.000000,1.68,4.0,Electric Scooter,33,5.0,Medium,Clear,Dombivli,4.21,True
TW104126,2026-07-08 08:43:00,2026-07-08 08:58:18.000000,6.15,15.3,Scooter,20,4.8,High,Rain,Airoli,7.43,True
TW100140,2026-07-11 11:57:00,2026-07-11 12:01:00.000000,3.04,4.0,Electric Scooter,40,4.1,Medium,Clear,Mumbra,0.2,True
TW103352,2026-07-18 20:13:00,2026-07-18 20:17:00.000000,2.0,4.0,Motorcycle,44,4.6,High,Clear,Mumbra,3.72,True
TW101923,2026-07-01 18:35:00,2026-07-01 19:00:00.000000,7.82,25.0,Electric Scooter,41,3.7,High,Clear,Thane West,0.41,True
TW104293,2026-07-28 03:41:00,2026-07-28 03:46:54.000000,2.75,5.9,Scooter,24,4.8,Medium,Clear,Mulund,0.2,True
TW101111,2026-07-08 14:03:00,2026-07-08 14:14:48.000000,3.72,11.8,Motorcycle,23,3.8,Medium,Clear,Thane West,0.9,True
TW100377,2026-07-21 01:28:00,2026-07-21 01:32:36.000000,2.41,4.6,Scooter,25,4.0,Low,Rain,Ghodbunder Road,0.42,True
TW101799,2026-07-26 14:33:00,2026-07-26 14:37:06.000000,1.2,4.1,Scooter,42,4.0,Low,Rain,Dombivli,0.2,True
TW102766,2026-07-18 22:14:00,2026-07-18 22:18:12.000000,1.67,4.2,Electric Scooter,36,3.9,Low,Clear,Bhandup,4.18,True
TW101636,2026-07-03 11:06:00,2026-07-03 11:22:12.000000,5.47,16.2,Motorcycle,39,3.8,High,Rain,Thane West,2.57,True
TW104921,2026-07-02 20:49:00,2026-07-02 20:56:54.000000,2.95,7.9,Electric Scooter,32,,Low,Rain,Thane West,1.77,True
TW103294,2026-07-23 18:34:00,2026-07-23 18:43:54.000000,4.88,9.9,Motorcycle,20,4.3,High,Clear,Mulund,0.2,True
TW100499,2026-07-11 20:42:00,2026-07-11 20:54:00.000000,5.89,12.0,Electric Scooter,37,4.8,Medium,Clear,Airoli,5.78,True
TW102066,2026-07-03 00:20:00,2026-07-03 00:30:30.000000,1.87,10.5,scooter ,36,4.1,Low,Rain,Dombivli,0.42,True
TW104509,2026-07-07 18:51:00,2026-07-07 19:13:42.000000,8.84,22.7,Motorcycle,44,3.7,Medium,Rain,Thane West,0.6,True
TW101279,2026-07-30 17:00:00,2026-07-30 17:09:54.000000,4.03,9.9,Motorcycle,37,4.1,Medium,Clear,Bhandup,0.43,True
TW100144,2026-07-30 19:32:00,2026-07-30 19:14:48.195556,1.94,5.2,Scooter,44,4.3,High,Rain,Bhandup,2.76,True
TW103431,2026-07-03 06:24:00,2026-07-03 06:31:12.000000,3.91,7.2,Scooter,33,,Medium,Clear,Navi Mumbai,0.79,True
TW101144,2026-07-08 21:52:00,2026-07-08 22:01:48.000000,0.0,9.8,Motorcycle,22,4.5,Medium,Clear,Vashi,1.48,True
TW103082,2026-07-10 00:37:00,2026-07-10 00:53:54.000000,6.44,16.9,Scooter,43,4.0,High,Overcast,Thane West,0.87,True
TW102334,2026-07-30 18:23:00,2026-07-30 18:32:24.000000,3.5,9.4,Scooter,22,4.7,Medium,Clear,Dombivli,1.77,True
TW100366,2026-07-04 07:25:00,2026-07-04 07:35:36.000000,4.51,10.6,Scooter,36,4.7,High,Rain,Ghodbunder Road,0.61,True
TW104428,2026-07-30 16:03:00,2026-07-30 16:08:54.000000,1.8,5.9,Scooter,41,4.6,Low,Clear,Airoli,3.64,True
TW103190,2026-07-10 04:00:00,2026-07-10 04:14:06.000000,3.22,14.1,Motorcycle,43,4.1,High,Clear,Ghodbunder Road,0.56,True
TW101674,2026-07-04 14:35:00,2026-07-04 14:45:36.000000,4.42,10.6,Scooter,19,4.6,High,Clear,Dombivli,1.09,True
TW102429,2026-07-08 16:49:00,2026-07-08 17:11:12.000000,7.22,22.2,Scooter,29,5.0,Low,Clear,Navi Mumbai,0.25,True
TW103639,2026-07-27 16:11:00,2026-07-27 16:19:36.000000,4.39,8.6,Motorcycle,27,4.2,Medium,Clear,Mulund,0.87,True
TW103801,2026-07-15 13:08:00,2026-07-15 13:21:00.000000,2.06,13.0,Motorcycle,39,4.1,Medium,Rain,Mulund,1.04,True
TW100966,2026-07-12 05:09:00,2026-07-12 05:13:00.000000,0.84,4.0,Scooter,34,4.8,Low,Clear,Navi Mumbai,1.51,True
TW102225,2026-07-11 14:04:00,2026-07-11 14:08:00.000000,1.79,4.0,Motorcycle,19,4.5,Medium,Rain,Mulund,2.65,True
TW103271,2026-07-30 12:47:00,2026-07-30 12:51:00.000000,1.48,4.0,Electric Scooter,21,4.0,Medium,Rain,Ghodbunder Road,1.01,True
TW102598,2026-07-30 08:59:00,2026-07-30 09:21:06.000000,6.56,22.1,Motorcycle,29,4.8,Low,Clear,Dombivli,1.76,True
TW104938,2026-07-07 17:36:00,2026-07-07 18:04:54.000000,7.32,28.9,Motorcycle,24,3.3,Medium,Clear,Dombivli,0.2,False
TW100237,2026-07-25 21:09:00,2026-07-25 21:29:24.000000,8.56,269.6704908482519,Electric Scooter,23,4.6,Medium,Clear,Bhandup,,True
TW104202,2026-07-02 22:49:00,2026-07-02 23:02:06.000000,3.87,13.1,Motorcycle,41,4.2,Low,Clear,Dombivli,1.52,True
TW104252,2026-07-21 23:43:00,2026-07-22 00:09:42.000000,8.75,26.7,Electric Scooter,32,4.7,High,Clear,Airoli,0.64,False
TW102333,2026-07-19 21:44:00,2026-07-19 21:58:36.000000,4.87,14.6,Scooter,29,4.3,High,Clear,Mumbra,0.37,True
TW101018,2026-07-08 04:41:00,2026-07-08 04:45:00.000000,1.55,4.0,Scooter,27,4.1,Medium,Clear,Mumbra,1.06,True
TW102345,2026-07-27 07:30:00,2026-07-27 07:50:12.000000,5.48,20.2,Electric Scooter,40,3.8,Medium,Rain,Mulund,0.85,True
TW104688,2026-07-28 17:32:00,2026-07-28 17:59:18.000000,8.77,27.3,Scooter,36,4.7,High,Clear,Thane West,7.67,False
TW104463,2026-07-11 05:56:00,2026-07-11 06:03:12.000000,2.36,7.2,Motorcycle,39,3.3,Low,Clear,Vashi,2.25,True
TW101252,2026-07-16 20:00:00,2026-07-16 20:19:30.000000,6.31,19.5,Motorcycle,43,4.0,Low,Overcast,Ghodbunder Road,0.65,True
TW101145,2026-07-17 13:32:00,2026-07-17 13:48:42.000000,5.72,16.7,Scooter,35,4.2,Medium,Clear,Mulund,2.6,True
TW102817,2026-07-14 15:03:00,2026-07-14 15:17:18.000000,4.02,14.3,Motorcycle,33,4.1,High,Rain,Ghodbunder Road,0.2,True
TW100639,2026-07-29 03:07:00,2026-07-29 03:14:24.000000,3.0,7.4,Scooter,26,4.2,Medium,Rain,Airoli,1.92,True
TW100305,2026-07-25 19:30:00,2026-07-25 19:34:00.000000,3.16,4.0,Motorcycle,44,4.2,Low,Clear,Ghodbunder Road,1.9,True
TW103644,2026-07-27 05:34:00,2026-07-27 05:41:48.000000,3.53,7.8,Motorcycle,40,4.1,High,Clear,Kalyan,0.21,True
TW104682,2026-07-07 06:53:00,2026-07-07 06:57:00.000000,2.99,4.0,Motorcycle,27,4.7,High,Clear,Mulund,0.67,True
TW104843,2026-07-11 14:10:00,2026-07-11 14:21:24.000000,6.44,11.4,Electric Scooter,24,4.5,Low,Overcast,Dombivli,1.17,True
TW103579,2026-07-19 23:47:00,2026-07-20 00:08:24.000000,10.58,21.4,Motorcycle,43,4.2,Low,Rain,Thane West,3.83,True
TW104400,2026-07-09 04:33:00,2026-07-09 04:43:12.000000,2.79,10.2,Motorcycle,40,4.4,Low,Clear,Thane West,1.2,True
TW102953,2026-07-22 20:39:00,2026-07-22 20:58:54.000000,6.79,19.9,motorbike,38,4.1,Medium,Rain,Bhandup,2.51,True
TW104564,2026-07-06 00:12:00,2026-07-06 00:16:30.000000,1.25,4.5,Scooter,25,4.3,High,Clear,Vashi,1.41,True
TW101453,2026-07-05 06:06:00,2026-07-05 06:10:00.000000,1.02,4.0,Scooter,34,3.7,Medium,Overcast,Airoli,0.57,True
TW104602,2026-07-22 16:39:00,2026-07-22 17:00:48.000000,6.41,21.8,Scooter,39,4.5,High,Clear,Vashi,0.82,True
TW102491,2026-07-24 14:21:00,2026-07-24 14:35:00.000000,5.07,14.0,Motorcycle,34,4.7,High,Clear,Thane West,2.06,True
TW104931,2026-07-20 06:44:00,2026-07-20 06:52:42.000000,1.45,8.7,Scooter,22,4.2,Low,Clear,Vashi,4.68,True
TW101495,2026-07-05 16:00:00,2026-07-05 16:26:42.000000,7.65,26.7,Motorcycle,25,4.3,Low,Clear,Mumbra,1.1,False
TW100889,2026-07-27 12:02:00,2026-07-27 12:51:18.000000,17.12,49.3,Scooter,40,4.8,Medium,Overcast,Navi Mumbai,0.52,False
TW104617,2026-07-23 20:49:00,2026-07-23 21:00:06.000000,4.17,11.1,Motorcycle,44,4.4,Medium,Clear,Vashi,2.63,True
TW102537,2026-07-14 21:43:00,2026-07-14 21:49:36.000000,3.21,6.6,Scooter,36,4.1,High,Clear,Mumbra,1.32,True
TW101480,2026-07-12 06:08:00,2026-07-12 06:25:12.000000,7.11,17.2,Motorcycle,37,4.3,Medium,Clear,Ghodbunder Road,1.97,True
TW101426,2026-07-05 19:53:00,2026-07-05 19:57:00.000000,2.32,4.0,Scooter,34,3.8,High,Rain,Mulund,0.2,True
TW101513,2026-07-19 02:08:00,2026-07-19 02:14:06.000000,2.3,6.1,Motorcycle,29,4.2,High,Rain,Thane West,1.1,True
TW100653,2026-07-11 19:08:00,2026-07-11 19:28:54.000000,5.34,20.9,2-Wheeler,22,4.3,Medium,Overcast,Navi Mumbai,5.07,True
TW101500,2026-07-05 08:56:00,2026-07-05 09:20:12.000000,7.8,24.2,Motorcycle,33,4.0,Low,Overcast,Bhandup,5.21,True
TW103406,2026-07-02 04:16:00,2026-07-02 04:36:48.000000,7.02,20.8,Motorcycle,43,4.5,Medium,Clear,Dombivli,0.96,True
TW103372,2026-07-26 19:28:00,2026-07-26 19:42:00.000000,4.4,14.0,Motorcycle,37,4.5,Low,Clear,Mumbra,3.59,True
TW100630,2026-07-14 02:58:00,2026-07-14 03:19:54.000000,5.08,21.9,Electric Scooter,24,4.5,Low,Clear,Mumbra,0.79,True
TW101234,2026-07-16 12:33:00,2026-07-16 12:37:00.000000,3.07,4.0,Electric Scooter,29,4.7,Medium,Clear,Bhandup,3.29,True
TW104523,2026-07-08 11:32:00,2026-07-08 11:41:54.000000,4.11,9.9,scooter ,26,3.8,High,Overcast,Ghodbunder Road,0.51,True
TW103771,2026-07-03 19:15:00,2026-07-03 19:32:42.000000,4.43,17.7,Scooter,26,4.5,High,Clear,Thane West,1.56,True
TW104080,2026-07-02 03:04:00,2026-07-02 03:08:00.000000,1.09,4.0,Scooter,32,4.7,Medium,Clear,Bhandup,2.74,True
TW104672,2026-07-05 11:49:00,2026-07-05 12:02:06.000000,4.37,13.1,Motorcycle,36,3.9,Medium,Clear,Thane West,4.32,True
TW101578,2026-07-20 23:56:00,2026-07-21 00:17:00.000000,7.16,21.0,Motorcycle,24,3.3,Medium,Overcast,Bhandup,0.27,True
TW104796,2026-07-28 04:55:00,2026-07-28 05:05:00.000000,3.12,10.0,Motorcycle,37,4.2,Medium,Rain,Dombivli,2.87,True
TW101803,2026-07-15 17:56:00,2026-07-15 18:05:48.000000,2.27,9.8,Motorcycle,41,3.6,Medium,Clear,Vashi,5.62,True
TW104690,2026-07-12 11:29:00,2026-07-12 11:33:06.000000,2.16,4.1,Motorcycle,43,5.0,High,Rain,Mumbra,6.32,True
TW100785,2026-07-26 13:36:00,2026-07-26 13:46:36.000000,4.56,10.6,Motorcycle,32,4.0,High,Rain,Airoli,0.48,True
TW104731,2026-07-09 22:13:00,2026-07-09 22:17:36.000000,1.98,4.6,Motorcycle,20,4.7,Low,Clear,Kalyan,1.17,True
TW104889,2026-07-14 15:05:00,2026-07-14 14:59:50.637889,1.65,5.8,Electric Scooter,26,3.8,Medium,Clear,Vashi,0.51,True
TW103060,2026-07-01 18:55:00,2026-07-01 19:18:36.000000,6.25,23.6,Scooter,26,4.1,Low,Overcast,Kalyan,0.2,True
TW103277,2026-07-01 20:01:00,2026-07-01 20:11:18.000000,4.32,10.3,Scooter,33,4.3,High,Clear,Dombivli,4.03,True
TW101103,2026-07-17 05:18:00,2026-07-17 05:22:00.000000,3.83,4.0,Scooter,30,4.4,Medium,Overcast,Ghodbunder Road,0.76,True
TW100566,2026-07-08 09:05:00,2026-07-08 09:36:54.000000,11.93,31.9,Motorcycle,38,4.4,Low,Clear,Kalyan,1.34,False
TW103513,2026-07-07 05:19:00,2026-07-07 05:37:42.000000,6.03,18.7,Scooter,39,3.7,Medium,Rain,Dombivli,2.73,True
TW101661,2026-07-05 19:02:00,2026-07-05 19:06:00.000000,0.92,4.0,Motorcycle,26,4.2,High,Clear,Mulund,1.8,True
TW101164,2026-07-25 00:49:00,2026-07-25 01:02:48.000000,0.0,13.8,Motorcycle,32,3.6,Medium,Clear,Vashi,1.89,True
TW103841,2026-07-26 15:05:00,2026-07-26 15:26:36.000000,6.43,21.6,Scooter,44,4.0,Low,Clear,Kalyan,4.12,True
TW101020,2026-07-21 22:09:00,2026-07-21 22:28:12.000000,6.21,19.2,Scooter,38,4.3,High,Clear,Bhandup,0.3,True
TW102417,2026-07-19 10:37:00,2026-07-19 10:41:36.000000,2.77,4.6,Scooter,32,4.0,High,Clear,Kalyan,1.24,True
TW102818,2026-07-18 02:59:00,2026-07-18 03:17:54.000000,6.02,18.9,Motorcycle,32,4.6,High,Overcast,Vashi,0.57,True
TW101611,2026-07-04 05:45:00,2026-07-04 05:51:48.000000,3.84,6.8,Scooter,35,4.8,Medium,Overcast,Mumbra,3.04,True
TW104687,2026-07-05 03:47:00,2026-07-05 03:57:42.000000,3.11,10.7,Motorcycle,39,3.9,Low,Clear,Mulund,0.84,True
TW100568,2026-07-27 15:18:00,2026-07-27 15:37:42.000000,6.33,19.7,Motorcycle,35,4.2,Medium,Clear,Mumbra,2.95,True
TW102037,2026-07-17 22:30:00,2026-07-17 22:38:30.000000,2.54,8.5,Motorcycle,30,3.2,Medium,Clear,Thane West,0.37,True
TW101569,2026-07-20 22:15:00,2026-07-20 22:28:42.000000,4.83,13.7,Motorcycle,29,4.7,High,Clear,Airoli,1.29,True
TW104090,2026-07-04 18:18:00,2026-07-04 18:31:48.000000,5.14,13.8,Scooter,21,4.3,High,Clear,Kalyan,2.84,True
TW100825,2026-07-07 18:05:00,2026-07-07 18:09:36.000000,1.63,4.6,Motorcycle,34,4.1,Medium,Clear,Bhandup,1.58,True
TW101159,2026-07-16 15:12:00,2026-07-16 15:27:30.000000,2.96,15.5,Electric Scooter,30,4.3,Low,Clear,Thane West,3.43,True
TW100095,2026-07-24 22:52:00,2026-07-24 22:57:06.000000,20.66197426252681,5.1,Electric Scooter,32,4.1,Low,Clear,Mulund,4.19,True
TW101351,2026-07-28 02:43:00,2026-07-28 03:03:06.000000,6.1,20.1,Motorcycle,24,3.7,High,Clear,Dombivli,1.32,True
TW100222,2026-07-24 03:25:00,2026-07-24 03:42:54.000000,7.39,17.9,scooter ,43,4.7,High,Clear,Ghodbunder Road,2.21,True
TW101796,2026-07-21 08:42:00,2026-07-21 08:49:48.000000,3.6,7.8,Scooter,25,4.6,High,Overcast,Airoli,1.37,True
TW102699,2026-07-04 23:29:00,2026-07-04 23:34:24.000000,3.68,5.4,Motorcycle,43,4.3,High,Rain,Navi Mumbai,1.09,True
TW101142,2026-07-12 10:27:00,2026-07-12 10:46:30.000000,4.39,19.5,Electric Scooter,20,5.0,Low,Overcast,Airoli,0.56,True
TW103244,2026-07-05 15:14:00,2026-07-05 15:21:24.000000,1.93,7.4,Scooter,37,4.4,Medium,Overcast,Bhandup,1.5,True
TW104957,2026-07-16 12:20:00,2026-07-16 12:25:54.000000,2.48,5.9,Motorcycle,41,3.6,High,Clear,Kalyan,0.28,True
TW102089,2026-07-08 12:57:00,2026-07-08 13:27:42.000000,7.83,30.7,Motorcycle,21,4.5,Low,Overcast,Airoli,1.61,False
TW104325,2026-07-12 16:33:00,2026-07-12 16:40:24.000000,2.63,7.4,Electric Scooter,33,4.7,Low,Clear,Navi Mumbai,2.36,True
TW100964,2026-07-19 22:35:00,2026-07-19 22:42:24.000000,3.32,7.4,Motorcycle,21,3.6,Medium,Clear,Bhandup,1.43,True
TW100899,2026-07-03 03:52:00,2026-07-03 03:59:12.000000,2.4,7.2,Scooter,32,4.5,Low,Clear,Airoli,3.06,True
TW100249,2026-07-04 06:14:00,2026-07-04 06:28:42.000000,4.17,14.7,Scooter,27,4.4,Medium,Clear,Vashi,1.58,True
TW103796,2026-07-13 07:02:00,2026-07-13 07:26:54.000000,7.77,24.9,Motorcycle,40,3.8,High,Clear,Mulund,2.6,True
TW101804,2026-07-09 07:33:00,2026-07-09 07:52:30.000000,6.28,19.5,Motorcycle,35,4.3,High,Clear,Dombivli,0.54,True
TW102912,2026-07-06 23:03:00,2026-07-06 23:16:48.000000,5.32,13.8,Electric Scooter,36,4.3,Medium,Overcast,Thane West,1.16,True
TW102781,2026-07-20 21:05:00,2026-07-20 21:10:54.000000,2.73,5.9,Motorcycle,29,5.0,Low,Clear,Dombivli,6.32,True
TW104761,2026-07-24 07:30:00,2026-07-24 07:47:12.000000,7.75,17.2,Scooter,21,4.5,High,Rain,Thane West,4.7,True
TW100461,2026-07-02 15:48:00,2026-07-02 15:54:48.000000,0.93,6.8,Scooter,29,3.7,Medium,Clear,Mulund,0.2,True
TW103547,2026-07-07 07:46:00,2026-07-07 08:14:48.000000,9.49,28.8,Motorcycle,27,5.0,Medium,Clear,Mumbra,0.98,False
TW102682,2026-07-24 04:52:00,2026-07-24 05:04:54.000000,6.26,12.9,Scooter,37,3.8,Medium,Clear,Thane West,2.91,True
TW104584,2026-07-08 18:20:00,2026-07-08 18:32:18.000000,6.29,12.3,Electric Scooter,37,4.2,Low,Clear,Kalyan,2.88,True
TW104343,2026-07-28 23:27:00,2026-07-28 23:04:34.003585,2.81,6.1,Electric Scooter,25,4.3,High,Clear,Mulund,1.15,True
TW102231,2026-07-03 18:52:00,2026-07-03 19:04:00.000000,2.6,12.0,Motorcycle,43,4.8,High,,Ghodbunder Road,1.84,True
TW104227,2026-07-15 17:16:00,2026-07-15 17:20:00.000000,2.14,4.0,Motorcycle,24,4.9,High,Clear,Bhandup,0.26,True
TW101963,2026-07-09 20:09:00,2026-07-09 19:54:44.349713,3.61,11.4,Electric Scooter,39,4.5,Low,Overcast,Mulund,0.4,True
TW103549,2026-07-13 03:29:00,2026-07-13 03:35:42.000000,0.97,6.7,Scooter,29,4.3,Medium,Overcast,Kalyan,0.49,True
TW100888,2026-07-01 00:15:00,2026-07-01 00:23:42.000000,3.13,8.7,bike,29,4.6,Low,Clear,Dombivli,3.71,True
TW100711,2026-07-09 04:26:00,2026-07-09 04:31:36.000000,2.8,5.6,Motorcycle,39,4.5,Medium,Clear,Thane West,1.24,True
TW103312,2026-07-20 17:27:00,2026-07-20 17:31:30.000000,1.27,4.5,Scooter,31,3.9,Medium,Clear,Dombivli,0.2,True
TW102245,2026-07-03 22:54:00,2026-07-03 22:59:36.000000,2.48,5.6,Electric Scooter,19,4.2,Low,Clear,Dombivli,2.5,True
TW102349,2026-07-16 09:10:00,2026-07-16 09:14:00.000000,1.37,4.0,Electric Scooter,35,4.2,High,Rain,Mumbra,1.92,True
TW102341,2026-07-09 19:28:00,2026-07-09 20:01:42.000000,9.92,33.7,Motorcycle,26,4.5,Low,Clear,Mulund,0.2,False
TW100491,2026-07-01 21:12:00,2026-07-01 21:21:48.000000,2.81,9.8,Motorcycle,32,4.4,Low,Clear,Mulund,5.71,True
TW103231,2026-07-20 18:30:00,2026-07-20 18:46:42.000000,20.62175988428981,16.7,Scooter,25,3.8,Medium,Clear,Mulund,1.37,True
TW102701,2026-07-21 20:09:00,2026-07-21 20:20:12.000000,2.85,11.2,Scooter,23,3.1,High,Clear,Ghodbunder Road,8.24,True
TW102775,2026-07-30 15:57:00,2026-07-30 16:05:06.000000,2.23,8.1,Motorcycle,37,4.3,Low,Clear,Airoli,2.08,True
TW102972,2026-07-23 03:51:00,2026-07-23 03:58:48.000000,4.1,7.8,Electric Scooter,21,4.0,High,Clear,Airoli,0.99,True
TW100123,2026-07-15 08:15:00,2026-07-15 08:21:24.000000,1.75,6.4,Electric Scooter,25,4.6,High,Clear,Thane West,1.32,True
TW102332,2026-07-01 06:12:00,2026-07-01 06:43:48.000000,10.98,31.8,Motorcycle,38,3.7,High,Clear,Ghodbunder Road,2.63,False
TW102806,2026-07-13 22:26:00,2026-07-13 22:52:48.000000,9.23,26.8,Motorcycle,32,5.0,Low,Clear,Bhandup,1.67,False
TW103720,2026-07-03 04:30:00,2026-07-03 04:58:30.000000,8.26,28.5,motorbike,39,4.2,High,Clear,Navi Mumbai,5.25,False
TW100617,2026-07-14 15:04:00,2026-07-14 15:31:06.000000,9.04,27.1,Scooter,21,4.7,Low,Clear,Ghodbunder Road,1.78,False
TW101561,2026-07-21 00:06:00,2026-07-21 00:35:36.000000,7.6,29.6,Motorcycle,19,4.0,Low,Clear,Bhandup,0.58,False
TW104795,2026-07-10 11:32:00,2026-07-10 11:45:00.000000,5.15,13.0,Scooter,38,4.4,Low,,Mulund,1.21,True
TW103516,2026-07-01 22:49:00,2026-07-01 22:56:12.000000,2.41,7.2,Scooter,36,5.0,High,Clear,Bhandup,2.16,True
TW101149,2026-07-07 22:05:00,2026-07-07 22:09:00.000000,1.32,4.0,Scooter,41,4.6,Medium,Overcast,Vashi,1.28,True
TW101976,2026-07-28 21:09:00,2026-07-28 21:20:00.000000,2.38,11.0,2-Wheeler,28,4.9,Low,Rain,Kalyan,0.88,True
TW102733,2026-07-20 11:20:00,2026-07-20 11:25:06.000000,2.38,5.1,Scooter,25,4.2,High,Clear,Navi Mumbai,10.27,True
TW100561,2026-07-22 10:52:00,2026-07-22 11:12:54.000000,8.75,20.9,Scooter,40,4.7,Medium,Clear,Bhandup,0.27,True
TW103484,2026-07-04 17:26:00,2026-07-04 17:36:36.000000,4.62,10.6,Scooter,27,4.4,Medium,Rain,Navi Mumbai,0.2,True
TW101697,2026-07-23 06:02:00,2026-07-23 06:07:06.000000,2.95,5.1,Scooter,40,4.2,Medium,Clear,Vashi,0.49,True
TW100764,2026-07-24 12:00:00,2026-07-24 12:04:00.000000,1.48,4.0,Scooter,44,4.5,Medium,Clear,Kalyan,1.88,True
TW102154,2026-07-23 18:02:00,2026-07-23 18:06:54.000000,2.12,4.9,Scooter,35,4.7,Medium,Rain,Airoli,1.05,True
TW100695,2026-07-14 20:33:00,2026-07-14 20:38:30.000000,2.96,5.5,Electric Scooter,34,4.5,Low,Clear,Ghodbunder Road,0.44,True
TW103524,2026-07-13 10:59:00,2026-07-13 11:03:00.000000,1.61,4.0,Scooter,27,4.4,Medium,Overcast,Ghodbunder Road,1.01,True
TW101266,2026-07-16 05:20:00,2026-07-16 05:28:18.000000,4.21,8.3,Motorcycle,30,4.6,Low,Overcast,Vashi,0.2,True
TW101950,2026-07-20 23:05:00,2026-07-20 23:09:18.000000,1.06,4.3,Motorcycle,44,4.0,High,Overcast,Bhandup,0.65,True
TW104067,2026-07-21 17:40:00,2026-07-21 17:44:00.000000,2.16,4.0,Scooter,30,4.1,Medium,Rain,Kalyan,1.11,True
TW104911,2026-07-18 22:46:00,2026-07-18 23:00:30.000000,6.19,14.5,Scooter,29,4.3,Medium,Clear,Navi Mumbai,0.94,True
TW102820,2026-07-12 14:34:00,2026-07-12 14:39:18.000000,1.77,5.3,Motorcycle,42,4.5,Low,Rain,Ghodbunder Road,0.43,True
TW103907,2026-07-29 02:15:00,2026-07-29 02:19:00.000000,2.23,4.0,Scooter,35,4.2,Low,Rain,Airoli,3.3,True
TW102108,2026-07-07 20:06:00,2026-07-07 20:12:12.000000,2.2,6.2,Motorcycle,33,4.5,Medium,Clear,Kalyan,0.2,True
TW102298,2026-07-12 12:53:00,2026-07-12 12:57:00.000000,1.69,4.0,Motorcycle,33,4.7,High,Rain,Navi Mumbai,0.2,True
TW102202,2026-07-18 11:34:00,2026-07-18 11:45:36.000000,3.73,11.6,Motorcycle,21,3.5,High,Clear,Mulund,0.45,True
TW102019,2026-07-18 17:27:00,2026-07-18 17:39:42.000000,3.33,12.7,Motorcycle,20,4.4,Medium,Rain,Mumbra,2.99,True
TW104868,2026-07-20 11:21:00,2026-07-20 11:29:54.000000,3.44,8.9,Motorcycle,21,4.2,Low,Rain,Dombivli,8.18,True
TW103966,2026-07-14 09:59:00,2026-07-14 10:03:42.000000,4.22,4.7,Scooter,33,4.0,High,Clear,Thane West,1.53,True
TW104291,2026-07-13 16:13:00,2026-07-13 16:17:00.000000,1.71,4.0,Scooter,32,4.4,High,Rain,Mumbra,4.4,True
TW104356,2026-07-13 08:35:00,2026-07-13 08:44:00.000000,3.55,9.0,Scooter,22,4.5,Low,Clear,Navi Mumbai,,True
TW103680,2026-07-14 19:41:00,2026-07-14 19:48:36.000000,2.23,7.6,Motorcycle,24,4.6,Medium,Overcast,Mumbra,2.19,True
TW100357,2026-07-07 05:37:00,2026-07-07 05:41:00.000000,0.0,4.0,electric scooter,31,4.0,Medium,Clear,Mumbra,1.15,True
TW102835,2026-07-21 12:18:00,2026-07-21 12:37:30.000000,6.93,19.5,Scooter,27,4.6,Medium,Clear,Bhandup,0.87,True
TW104179,2026-07-28 20:19:00,2026-07-28 20:26:30.000000,2.52,7.5,Scooter,26,4.2,,Clear,Vashi,2.7,True
TW104766,2026-07-04 01:42:00,2026-07-04 01:49:24.000000,1.72,7.4,Scooter,35,4.4,High,Clear,Vashi,2.74,True
TW102212,2026-07-06 09:03:00,2026-07-06 09:23:18.000000,6.22,20.3,Electric Scooter,30,4.2,Low,Overcast,Vashi,0.86,True
TW103515,2026-07-16 13:47:00,2026-07-16 13:55:48.000000,5.04,8.8,Scooter,38,4.6,High,Clear,Mulund,2.84,True
TW101558,2026-07-29 02:46:00,2026-07-29 02:57:36.000000,5.01,11.6,Motorcycle,37,4.9,Medium,Rain,Vashi,2.85,True
TW100310,2026-07-08 10:49:00,2026-07-08 10:56:18.000000,2.37,7.3,Motorcycle,20,4.1,Low,Overcast,Dombivli,3.94,True
TW102045,2026-07-05 14:46:00,2026-07-05 15:00:48.000000,4.49,14.8,Electric Scooter,33,4.1,Medium,Clear,Thane West,0.79,True
TW104995,2026-07-10 14:50:00,2026-07-10 15:00:54.000000,6.0,10.9,Motorcycle,27,4.5,Medium,Clear,Mumbra,0.2,True
TW101307,2026-07-03 06:27:00,2026-07-03 06:41:24.000000,6.41,14.4,Scooter,28,4.8,Low,Clear,Dombivli,,True
TW103319,2026-07-09 12:28:00,2026-07-09 12:32:24.000000,2.27,4.4,Motorcycle,19,4.1,Low,Overcast,Airoli,0.7,True
TW100127,2026-07-19 03:02:00,2026-07-19 03:16:12.000000,4.74,14.2,Electric Scooter,30,3.2,Medium,Clear,Airoli,1.13,True
TW104503,2026-07-09 10:18:00,2026-07-09 10:26:24.000000,3.47,8.4,Scooter,39,3.9,Medium,Overcast,Vashi,1.22,True
TW101830,2026-07-26 09:13:00,2026-07-26 09:24:42.000000,4.24,11.7,Motorcycle,21,4.5,High,Clear,Mumbra,3.14,True
TW100103,2026-07-07 21:25:00,2026-07-07 21:37:36.000000,4.02,12.6,Motorcycle,26,4.5,Low,Clear,Thane West,3.49,True
TW100659,2026-07-18 22:52:00,2026-07-18 22:39:07.615646,8.45,27.2,2-Wheeler,19,4.4,Medium,Rain,Vashi,1.88,False
TW101330,2026-07-08 11:31:00,2026-07-08 11:49:36.000000,4.2,18.6,Electric Scooter,42,4.8,High,Clear,Bhandup,1.55,True
TW103686,2026-07-05 01:21:00,2026-07-05 01:26:18.000000,1.13,5.3,Motorcycle,23,4.3,Low,Clear,Thane West,2.21,True
TW103565,2026-07-26 15:58:00,2026-07-26 16:14:00.000000,3.97,16.0,Scooter,31,4.3,High,Clear,Airoli,0.96,True
TW101673,2026-07-05 00:48:00,2026-07-05 00:54:54.000000,3.82,6.9,Motorcycle,38,4.1,Low,Rain,Mumbra,1.11,True
TW102724,2026-07-19 20:42:00,2026-07-19 21:05:42.000000,7.26,23.7,Motorcycle,41,4.5,High,Clear,Kalyan,0.33,True
TW104013,2026-07-09 13:49:00,2026-07-09 14:05:06.000000,3.75,16.1,Motorcycle,33,4.4,Medium,Clear,Bhandup,0.43,True
TW101530,2026-07-29 00:24:00,2026-07-29 00:32:48.000000,4.04,8.8,Motorcycle,25,4.5,High,Clear,Vashi,0.4,True
TW102712,2026-07-12 23:06:00,2026-07-12 23:15:18.000000,5.41,9.3,Scooter,38,4.7,High,Clear,Mumbra,0.24,True
TW104625,2026-07-21 21:25:00,2026-07-21 21:33:42.000000,3.14,8.7,Scooter,36,4.4,High,Overcast,Mulund,1.29,True
TW100043,2026-07-13 15:13:00,2026-07-13 15:21:36.000000,4.59,8.6,Scooter,42,4.2,Medium,Clear,Thane West,0.91,True
TW102504,2026-07-20 13:29:00,2026-07-20 13:08:05.586092,3.23,9.4,Scooter,44,4.3,Medium,Clear,Mulund,2.49,True
TW104684,2026-07-23 12:44:00,2026-07-23 12:48:00.000000,1.7,4.0,Scooter,44,4.2,Medium,Clear,Mumbra,1.23,True
TW102261,2026-07-12 05:36:00,2026-07-12 05:46:48.000000,5.45,10.8,Scooter,42,4.7,Low,Clear,Dombivli,0.2,True
TW104517,2026-07-14 06:57:00,2026-07-14 07:12:42.000000,4.73,15.7,2-Wheeler,44,5.0,Low,Rain,Mumbra,2.74,True
TW101696,2026-07-16 01:34:00,2026-07-16 01:54:48.000000,5.82,20.8,Scooter,26,4.5,High,Clear,Airoli,3.2,True
TW101792,2026-07-14 00:05:00,2026-07-14 00:12:54.000000,4.96,7.9,Electric Scooter,24,4.0,Medium,Rain,Airoli,1.46,True
TW101740,2026-07-02 09:20:00,2026-07-02 09:30:06.000000,0.0,10.1,Electric Scooter,21,3.8,Low,Overcast,Bhandup,0.83,True
TW103400,2026-07-24 02:04:00,2026-07-24 02:08:00.000000,1.47,4.0,Electric Scooter,37,4.3,Low,Clear,Bhandup,0.88,True
TW103035,2026-07-25 05:59:00,2026-07-25 06:28:06.000000,9.55,29.1,Scooter,25,4.3,High,Clear,Mulund,2.29,False
TW104847,2026-07-21 08:12:00,2026-07-21 08:16:00.000000,2.78,4.0,Motorcycle,24,4.1,High,Overcast,Thane West,2.18,True
TW102249,2026-07-22 02:35:00,2026-07-22 02:53:54.000000,6.46,18.9,Electric Scooter,40,4.3,Low,Overcast,Kalyan,1.09,True
TW101418,2026-07-25 19:22:00,2026-07-25 19:27:30.000000,2.25,5.5,Motorcycle,20,3.8,High,Clear,Dombivli,1.76,True
TW103420,2026-07-14 11:20:00,2026-07-14 11:29:48.000000,3.76,9.8,Scooter,27,4.8,Low,Rain,Ghodbunder Road,0.26,True
TW101545,2026-07-02 19:44:00,2026-07-02 20:02:12.000000,7.48,18.2,Scooter,30,3.4,Low,Clear,Vashi,2.17,True
TW103511,2026-07-02 16:26:00,2026-07-02 16:41:30.000000,4.45,15.5,Motorcycle,37,4.8,Medium,Rain,Airoli,2.32,True
TW102538,2026-07-03 05:38:00,2026-07-03 06:11:00.000000,8.81,376.01269282993434,Scooter,22,4.7,Low,,Kalyan,1.08,False
TW102363,2026-07-16 18:50:00,2026-07-16 18:57:06.000000,0.96,7.1,Scooter,27,4.0,High,Clear,Bhandup,0.88,True
TW104389,2026-07-25 19:53:00,2026-07-25 19:44:08.065742,3.38,12.2,Motorcycle,35,5.0,Medium,Rain,Airoli,1.52,True
TW101003,2026-07-11 12:11:00,2026-07-11 12:32:12.000000,7.75,21.2,Scooter,40,3.9,High,Clear,Thane West,0.94,True
TW101388,2026-07-12 12:46:00,2026-07-12 13:03:36.000000,4.54,17.6,Scooter,26,3.7,Low,Clear,Vashi,4.78,True
TW102495,2026-07-02 04:08:00,2026-07-02 04:12:00.000000,1.37,4.0,Motorcycle,37,4.5,,Clear,Kalyan,0.54,True
TW101842,2026-07-18 11:02:00,2026-07-18 11:29:00.000000,8.3,27.0,Scooter,32,4.8,Medium,Clear,Mulund,1.95,False
TW104702,2026-07-19 06:18:00,2026-07-19 06:27:30.000000,3.28,9.5,Scooter,27,4.0,Medium,Rain,Vashi,0.2,True
TW104977,2026-07-20 22:34:00,2026-07-20 22:51:30.000000,5.68,17.5,Scooter,37,4.6,Low,Clear,Dombivli,6.46,True
TW104358,2026-07-12 01:12:00,2026-07-12 01:17:48.000000,3.11,5.8,Electric Scooter,42,4.1,Medium,Rain,Kalyan,3.94,True
TW102041,2026-07-12 09:27:00,2026-07-12 09:55:00.000000,8.88,28.0,Scooter,33,4.2,Medium,Overcast,Vashi,0.59,False
TW101183,2026-07-21 04:24:00,2026-07-21 05:00:00.000000,9.58,36.0,Scooter,38,4.5,High,Clear,Airoli,0.46,False
TW103908,2026-07-02 09:02:00,2026-07-02 09:17:42.000000,7.21,15.7,Motorcycle,35,4.7,Medium,Rain,Mulund,0.79,True
TW100365,2026-07-19 10:04:00,2026-07-19 10:20:54.000000,6.05,16.9,Motorcycle,20,4.1,Medium,Clear,Ghodbunder Road,2.7,True
TW101920,2026-07-29 07:26:00,2026-07-29 07:41:36.000000,4.82,15.6,Scooter,40,4.1,High,Clear,Thane West,3.25,True
TW102863,2026-07-10 09:33:00,2026-07-10 09:57:12.000000,8.61,24.2,Motorcycle,36,4.4,Low,Clear,Dombivli,0.2,True
TW104913,2026-07-30 10:03:00,2026-07-30 10:26:18.000000,9.32,23.3,Electric Scooter,22,3.3,Medium,Clear,Bhandup,4.29,True
TW104174,2026-07-23 18:34:00,2026-07-23 18:51:00.000000,6.06,17.0,Motorcycle,31,4.3,Medium,Clear,Kalyan,0.83,True
TW101028,2026-07-10 02:07:00,2026-07-10 02:11:06.000000,1.65,4.1,Scooter,21,4.1,Medium,Clear,Bhandup,2.9,True
TW103368,2026-07-24 10:18:00,2026-07-24 10:31:48.000000,3.88,13.8,Motorcycle,33,4.1,High,Clear,Vashi,0.2,True
TW102691,2026-07-18 12:35:00,2026-07-18 13:03:48.000000,8.33,28.8,Scooter,24,3.7,Low,Clear,Ghodbunder Road,3.94,False
TW102323,2026-07-18 14:16:00,2026-07-18 14:20:00.000000,1.51,4.0,2-Wheeler,28,4.0,Low,Clear,Vashi,2.09,True
TW104558,2026-07-13 10:21:00,2026-07-13 10:27:00.000000,2.85,6.0,Scooter,23,4.6,Medium,Overcast,Airoli,1.4,True
TW101838,2026-07-11 11:52:00,2026-07-11 12:13:00.000000,5.33,21.0,Scooter,32,4.0,High,Clear,Navi Mumbai,4.88,True
TW101916,2026-07-30 14:36:00,2026-07-30 14:56:48.000000,4.87,20.8,Motorcycle,43,4.6,Low,Clear,Dombivli,3.84,True
TW103065,2026-07-02 00:05:00,2026-07-02 00:10:30.000000,1.24,5.5,Motorcycle,22,4.2,High,Clear,Ghodbunder Road,0.2,True
TW101494,2026-07-22 11:46:00,2026-07-22 12:14:48.000000,9.06,28.8,Motorcycle,26,4.0,High,Clear,Bhandup,1.64,False
TW103854,2026-07-15 05:35:00,2026-07-15 05:39:42.000000,2.4,4.7,Motorcycle,28,3.4,High,Clear,Bhandup,1.13,True
TW101755,2026-07-13 17:08:00,2026-07-13 17:33:00.000000,7.58,25.0,Motorcycle,33,3.8,Low,Rain,Kalyan,0.26,True
TW101150,2026-07-24 07:02:00,2026-07-24 07:11:06.000000,3.13,9.1,Motorcycle,32,4.7,High,Clear,Dombivli,,True
TW104095,2026-07-16 18:08:00,2026-07-16 18:15:00.000000,2.58,7.0,Scooter,30,4.0,Medium,Rain,Bhandup,1.0,True
TW102794,2026-07-17 20:19:00,2026-07-17 20:24:18.000000,1.46,5.3,Scooter,23,4.1,Medium,Rain,Ghodbunder Road,0.2,True
TW101284,2026-07-21 00:50:00,2026-07-21 01:02:24.000000,4.92,12.4,Scooter,26,3.9,Medium,Clear,Dombivli,2.46,True
TW103527,2026-07-18 07:18:00,2026-07-18 07:30:12.000000,4.85,12.2,Motorcycle,43,4.3,Low,Clear,Mumbra,2.6,True
TW101598,2026-07-15 23:59:00,2026-07-15 23:53:21.933002,2.68,9.8,e-scooter,32,4.9,Medium,Rain,Navi Mumbai,2.12,True
TW104885,2026-07-24 18:53:00,2026-07-24 19:13:12.000000,8.08,20.2,Motorcycle,21,4.8,Low,Overcast,Mumbra,0.81,True
TW101313,2026-07-29 17:42:00,2026-07-29 17:51:00.000000,3.32,9.0,Motorcycle,30,4.8,Low,Overcast,Dombivli,2.82,True
TW104799,2026-07-09 13:06:00,2026-07-09 13:21:12.000000,6.19,15.2,Scooter,40,4.5,Low,Rain,Mulund,3.02,True
TW103026,2026-07-27 22:09:00,2026-07-27 22:20:24.000000,2.98,11.4,Scooter,41,3.9,Low,Rain,Kalyan,4.98,True
TW101958,2026-07-26 01:19:00,2026-07-26 01:36:36.000000,5.08,17.6,Scooter,27,3.9,High,Clear,Navi Mumbai,1.81,True
TW103170,2026-07-19 04:06:00,2026-07-19 04:15:54.000000,5.69,9.9,Motorcycle,25,3.8,Low,Rain,Dombivli,3.81,True
TW100482,2026-07-09 05:42:00,2026-07-09 05:57:48.000000,4.38,15.8,Electric Scooter,24,4.3,High,Clear,Kalyan,0.34,True
TW102594,2026-07-08 10:50:00,2026-07-08 10:54:00.000000,2.46,4.0,Scooter,43,4.2,Medium,Clear,Navi Mumbai,0.2,True
TW102127,2026-07-30 14:08:00,2026-07-30 14:22:18.000000,5.18,14.3,Motorcycle,34,4.7,Medium,Rain,Kalyan,0.92,True
TW104956,2026-07-23 01:58:00,2026-07-23 02:04:36.000000,3.33,6.6,Scooter,25,4.4,,Clear,Bhandup,1.32,True
TW102282,2026-07-26 17:31:00,2026-07-26 17:40:12.000000,3.47,9.2,Scooter,41,4.3,Medium,Clear,Airoli,1.35,True
TW104148,2026-07-28 01:29:00,2026-07-28 01:34:54.000000,2.08,5.9,Motorcycle,44,3.5,High,Overcast,Vashi,4.91,True
TW102927,2026-07-02 21:03:00,2026-07-02 21:27:30.000000,8.81,24.5,Scooter,34,4.3,Medium,Clear,Ghodbunder Road,4.77,True
TW104215,2026-07-02 13:37:00,2026-07-02 13:44:24.000000,2.27,7.4,Scooter,39,4.1,Low,Clear,Mulund,0.44,True
TW104537,2026-07-12 05:11:00,2026-07-12 05:25:42.000000,5.65,14.7,Scooter,26,4.3,Medium,Overcast,Vashi,1.07,True
TW101954,2026-07-23 07:42:00,2026-07-23 08:05:06.000000,11.73,23.1,Scooter,42,4.1,Low,Clear,Vashi,1.05,True
TW100902,2026-07-10 10:16:00,2026-07-10 10:32:54.000000,4.96,16.9,Motorcycle,40,3.8,Low,Clear,Bhandup,3.08,True
TW104105,2026-07-12 11:31:00,2026-07-12 11:44:48.000000,5.78,13.8,Motorcycle,27,4.5,Low,Rain,Mulund,1.34,True
TW104758,2026-07-07 18:32:00,2026-07-07 18:36:30.000000,3.64,4.5,Motorcycle,19,4.4,Medium,Rain,Ghodbunder Road,2.77,True
TW103901,2026-07-02 13:24:00,2026-07-02 13:40:42.000000,3.49,16.7,Motorcycle,40,4.2,High,Clear,Thane West,5.05,True
TW101778,2026-07-28 16:52:00,2026-07-28 17:05:54.000000,3.23,13.9,Scooter,36,4.3,Low,Rain,Mumbra,0.64,True
TW103016,2026-07-12 20:08:00,2026-07-12 20:28:30.000000,6.27,20.5,Motorcycle,27,4.7,High,Clear,Navi Mumbai,1.84,True
TW100831,2026-07-07 05:48:00,2026-07-07 05:56:30.000000,1.86,8.5,Scooter,28,4.3,Medium,Clear,Kalyan,1.87,True
TW101363,2026-07-25 18:02:00,2026-07-25 18:14:24.000000,1.49,12.4,Scooter,44,4.9,Medium,Clear,Mulund,3.82,True
TW102179,2026-07-17 10:19:00,2026-07-17 10:23:12.000000,1.49,4.2,2-Wheeler,23,4.7,High,Rain,Kalyan,3.2,True
TW104015,2026-07-28 11:21:00,2026-07-28 11:35:36.000000,3.11,14.6,Scooter,29,4.4,Low,Clear,Bhandup,1.62,True
TW104762,2026-07-14 14:27:00,2026-07-14 14:31:00.000000,0.9,4.0,Scooter,33,5.0,Low,Clear,Thane West,2.16,True
TW100649,2026-07-14 16:53:00,2026-07-14 17:04:36.000000,4.96,11.6,Scooter,41,4.7,Medium,Clear,Airoli,1.88,True
TW103753,2026-07-14 16:59:00,2026-07-14 17:14:36.000000,3.9,15.6,Scooter,31,4.4,Medium,Rain,Thane West,0.73,True
TW100327,2026-07-13 20:37:00,2026-07-13 20:57:36.000000,5.85,20.6,Scooter,41,4.4,Medium,Overcast,Thane West,0.2,True
TW102272,2026-07-19 18:16:00,2026-07-19 18:21:00.000000,2.61,5.0,Electric Scooter,30,4.8,Low,Clear,Dombivli,0.31,True
TW101864,2026-07-16 20:00:00,2026-07-16 20:04:00.000000,1.96,4.0,Scooter,37,4.1,,Overcast,Navi Mumbai,1.8,True
TW103848,2026-07-17 13:26:00,2026-07-17 13:41:24.000000,5.0,15.4,Electric Scooter,21,4.6,Low,Clear,Kalyan,6.55,True
TW104486,2026-07-24 04:48:00,2026-07-24 05:09:06.000000,7.33,21.1,Motorcycle,39,4.4,Low,Overcast,Ghodbunder Road,0.73,True
TW104853,2026-07-15 04:43:00,2026-07-15 04:48:42.000000,2.31,5.7,Scooter,30,3.8,Medium,Clear,Ghodbunder Road,4.11,True
TW100770,2026-07-09 14:55:00,2026-07-09 15:03:48.000000,3.36,8.8,Scooter,32,,Low,Clear,Navi Mumbai,0.62,True
TW101125,2026-07-06 13:15:00,2026-07-06 13:33:06.000000,6.22,18.1,Motorcycle,24,5.0,Medium,Clear,Ghodbunder Road,1.44,True
TW104165,2026-07-01 03:27:00,2026-07-01 03:39:48.000000,4.39,12.8,Scooter,23,4.0,Medium,Rain,Navi Mumbai,0.88,True
TW104035,2026-07-22 00:27:00,2026-07-22 00:35:12.000000,1.32,8.2,Motorcycle,42,4.5,Low,Clear,Dombivli,1.76,True
TW101508,2026-07-18 01:10:00,2026-07-18 01:15:42.000000,3.2,5.7,Motorcycle,20,4.7,Medium,Overcast,Kalyan,1.11,True
TW103662,2026-07-05 05:35:00,2026-07-05 05:39:00.000000,1.44,4.0,Motorcycle,29,4.6,Medium,Clear,Navi Mumbai,0.61,True
TW103132,2026-07-17 09:46:00,2026-07-17 09:50:06.000000,0.75,4.1,Scooter,35,4.7,Medium,Clear,Kalyan,0.49,True
TW100300,2026-07-10 09:25:00,2026-07-10 09:38:06.000000,2.92,13.1,Motorcycle,26,4.1,Medium,Rain,Mulund,1.07,True
TW101047,2026-07-20 21:20:00,2026-07-20 21:25:48.000000,1.81,5.8,Motorcycle,29,4.3,Low,Clear,Airoli,2.22,True
TW100260,2026-07-04 09:12:00,2026-07-04 09:24:54.000000,5.32,12.9,Motorcycle,26,4.5,High,Clear,Mumbra,6.54,True
TW102271,2026-07-24 18:23:00,2026-07-24 18:38:06.000000,3.1,15.1,Motorcycle,30,3.9,Medium,Clear,Dombivli,0.31,True
TW102304,2026-07-10 18:23:00,2026-07-10 18:37:24.000000,4.5,14.4,Electric Scooter,28,3.8,Medium,Rain,Bhandup,3.13,True
TW101908,2026-07-13 23:40:00,2026-07-13 23:52:00.000000,2.43,12.0,Scooter,43,4.1,High,Clear,Bhandup,2.19,True
TW101079,2026-07-07 11:26:00,2026-07-07 11:30:00.000000,1.14,4.0,Motorcycle,22,3.9,High,Clear,Ghodbunder Road,1.23,True
TW103792,2026-07-14 08:22:00,2026-07-14 08:30:30.000000,3.82,8.5,Scooter,29,4.4,Medium,Clear,Bhandup,0.87,True
TW104218,2026-07-05 05:05:00,2026-07-05 05:19:42.000000,4.65,14.7,Electric Scooter,40,4.5,Low,Clear,Mulund,1.0,True
TW100479,2026-07-15 21:55:00,2026-07-15 22:04:30.000000,3.88,9.5,Electric Scooter,35,4.1,Medium,Rain,Kalyan,1.89,True
TW103359,2026-07-16 07:05:00,2026-07-16 07:33:30.000000,8.93,28.5,Electric Scooter,25,3.8,High,Rain,Airoli,5.38,False
TW100608,2026-07-08 20:18:00,2026-07-08 20:41:24.000000,8.6,23.4,Motorcycle,32,4.1,Medium,Clear,Airoli,3.48,True
TW101339,2026-07-01 02:31:00,2026-07-01 02:48:54.000000,5.41,17.9,Scooter,30,3.8,High,Clear,Vashi,3.37,True
TW102423,2026-07-01 06:21:00,2026-07-01 06:30:00.000000,2.97,9.0,Scooter,36,4.7,Medium,Clear,Airoli,1.37,True
TW103259,2026-07-09 19:18:00,2026-07-09 19:59:42.000000,12.25,41.7,Motorcycle,28,4.2,High,Clear,Ghodbunder Road,0.96,False
TW104138,2026-07-28 18:53:00,2026-07-28 19:01:18.000000,2.77,8.3,Scooter,33,4.9,High,Rain,Navi Mumbai,2.89,True
TW100512,2026-07-16 19:49:00,2026-07-16 20:20:00.000000,8.97,31.0,Scooter,27,4.2,High,Overcast,Thane West,1.29,False
TW102967,2026-07-06 02:15:00,2026-07-06 02:24:00.000000,2.47,9.0,Motorcycle,30,4.5,Medium,Rain,Kalyan,3.28,True
TW100870,2026-07-02 04:27:00,2026-07-02 04:31:00.000000,1.12,4.0,Motorcycle,25,4.2,Low,Clear,Bhandup,0.2,True
TW104804,2026-07-17 01:10:00,2026-07-17 01:33:42.000000,7.85,23.7,Motorcycle,27,3.7,High,Clear,Thane West,0.2,True
TW102459,2026-07-11 15:56:00,2026-07-11 16:10:06.000000,3.48,14.1,Motorcycle,25,4.0,High,Clear,Mumbra,0.29,True
TW101435,2026-07-20 22:57:00,2026-07-20 23:19:36.000000,8.19,22.6,Scooter,38,4.2,High,Rain,Vashi,1.47,True
TW102922,2026-07-29 09:54:00,2026-07-29 10:08:06.000000,2.82,14.1,Motorcycle,42,3.6,Medium,Clear,Navi Mumbai,1.08,True
TW101899,2026-07-14 23:56:00,2026-07-15 00:02:42.000000,1.41,6.7,Scooter,43,4.6,Low,Rain,Ghodbunder Road,3.77,True
TW101400,2026-07-26 12:29:00,2026-07-26 12:33:00.000000,1.3,-9.709502809428162,Motorcycle,37,5.0,High,Overcast,Thane West,0.2,True
TW102310,2026-07-11 06:14:00,2026-07-11 05:57:54.035356,3.09,8.0,Motorcycle,24,4.8,Low,Overcast,Vashi,1.65,True
TW102581,2026-07-07 18:27:00,2026-07-07 18:42:42.000000,3.67,15.7,Scooter,37,4.3,Low,Clear,Kalyan,,True
TW101061,2026-07-12 15:42:00,2026-07-12 16:00:06.000000,5.07,18.1,Scooter,35,4.3,Low,Clear,Thane West,2.74,True
TW103911,2026-07-27 10:36:00,2026-07-27 10:40:00.000000,1.81,4.0,Scooter,31,4.8,Medium,Overcast,Bhandup,0.2,True
TW103730,2026-07-21 09:22:00,2026-07-21 09:33:42.000000,3.51,11.7,Scooter,36,4.4,High,Clear,Mulund,2.33,True
TW104535,2026-07-20 04:33:00,2026-07-20 04:37:00.000000,1.5,4.0,Motorcycle,43,4.0,Medium,Clear,Kalyan,2.04,True
TW102884,2026-07-20 06:34:00,2026-07-20 06:42:18.000000,3.91,8.3,Scooter,40,4.6,High,Clear,Kalyan,0.6,True
TW104196,2026-07-01 15:22:00,2026-07-01 15:28:12.000000,1.19,6.2,Motorcycle,32,4.5,High,Clear,Bhandup,0.38,True
TW102774,2026-07-17 09:02:00,2026-07-17 09:29:36.000000,10.36,27.6,Scooter,26,4.6,High,Clear,Vashi,0.99,False
TW104092,2026-07-22 12:22:00,2026-07-22 12:40:12.000000,17.205351695996203,18.2,Motorcycle,30,4.5,Low,Clear,Thane West,0.37,True
TW103052,2026-07-09 17:22:00,2026-07-09 17:37:42.000000,4.1,15.7,Motorcycle,38,4.3,Medium,Clear,Dombivli,0.54,True
TW101133,2026-07-05 17:41:00,2026-07-05 17:45:00.000000,2.26,4.0,Scooter,33,4.4,High,Clear,Dombivli,4.31,True
TW100801,2026-07-15 09:50:00,2026-07-15 10:16:48.000000,7.57,26.8,Motorcycle,25,4.9,Medium,Clear,Airoli,4.26,False
TW103438,2026-07-08 06:03:00,2026-07-08 06:14:24.000000,3.13,11.4,Scooter,41,4.2,Medium,Clear,Airoli,0.24,True
TW102177,2026-07-06 12:44:00,2026-07-06 13:03:42.000000,5.62,19.7,Motorcycle,42,4.1,Medium,Clear,Kalyan,2.69,True
TW101814,2026-07-25 00:37:00,2026-07-25 00:42:06.000000,2.71,5.1,Motorcycle,25,4.0,Low,Rain,Navi Mumbai,1.17,True
TW104781,2026-07-24 08:59:00,2026-07-24 09:03:18.000000,1.39,4.3,Motorcycle,37,4.5,High,Rain,Thane West,2.15,True
TW101218,2026-07-12 12:58:00,2026-07-12 13:06:12.000000,1.78,8.2,Scooter,23,4.1,Medium,Clear,Mulund,4.15,True
TW100509,2026-07-23 14:01:00,2026-07-23 14:19:18.000000,5.86,18.3,Motorcycle,21,4.4,Low,Clear,Navi Mumbai,1.35,True
TW102503,2026-07-17 10:36:00,2026-07-17 10:46:12.000000,4.41,10.2,Scooter,30,,Low,Clear,Mumbra,2.21,True
TW101855,2026-07-28 20:19:00,2026-07-28 20:23:00.000000,1.72,4.0,Electric Scooter,41,4.4,Medium,Overcast,Thane West,0.44,True
TW100066,2026-07-14 04:58:00,2026-07-14 05:13:42.000000,5.33,15.7,Scooter,29,4.3,Medium,Clear,Navi Mumbai,0.6,True
TW100760,2026-07-21 12:32:00,2026-07-21 12:55:00.000000,8.24,23.0,Scooter,23,5.0,High,Clear,Vashi,0.8,True
TW101396,2026-07-14 22:02:00,2026-07-14 22:22:48.000000,8.18,20.8,Scooter,28,4.3,High,Clear,Thane West,2.67,True
TW101621,2026-07-26 19:41:00,2026-07-26 19:45:00.000000,1.18,4.0,Motorcycle,35,4.6,Medium,Overcast,Airoli,0.23,True
TW100678,2026-07-02 10:33:00,2026-07-02 10:44:24.000000,3.17,11.4,Electric Scooter,29,4.2,High,Clear,Mumbra,0.57,True
TW102158,2026-07-13 05:02:00,2026-07-13 05:16:48.000000,5.16,14.8,Scooter,29,,Low,Overcast,Mulund,0.63,True
TW102124,2026-07-01 17:09:00,2026-07-01 16:53:57.926208,2.24,9.0,Motorcycle,36,4.6,Low,Clear,Dombivli,4.22,True
TW102118,2026-07-03 09:39:00,2026-07-03 10:05:00.000000,7.74,26.0,Motorcycle,39,4.2,Medium,Rain,Vashi,1.02,False
TW101227,2026-07-10 13:12:00,2026-07-10 13:16:00.000000,1.65,4.0,Scooter,21,4.4,Low,Rain,Ghodbunder Road,4.52,True
TW104392,2026-07-15 16:19:00,2026-07-15 16:25:36.000000,3.27,6.6,Scooter,36,4.4,High,Clear,Mulund,0.2,True
TW101152,2026-07-16 22:18:00,2026-07-16 22:22:00.000000,1.68,4.0,Motorcycle,32,5.0,Medium,Overcast,Thane West,0.75,True
TW101715,2026-07-24 06:32:00,2026-07-24 06:39:18.000000,3.28,7.3,Scooter,36,4.0,Medium,Rain,Ghodbunder Road,0.7,True
TW100242,2026-07-26 16:31:00,2026-07-26 16:41:54.000000,5.43,10.9,Motorcycle,32,5.0,,Clear,Navi Mumbai,1.13,True
TW104520,2026-07-02 06:02:00,2026-07-02 06:10:48.000000,2.84,8.8,Motorcycle,31,4.3,Medium,Clear,Dombivli,0.2,True
TW100214,2026-07-06 23:41:00,2026-07-07 00:07:00.000000,6.26,26.0,Motorcycle,40,4.2,Medium,Overcast,Mulund,0.85,False
TW100452,2026-07-20 23:31:00,2026-07-20 23:56:00.000000,7.09,25.0,Motorcycle,33,4.0,Medium,Clear,Vashi,0.21,True
TW104533,2026-07-23 01:48:00,2026-07-23 02:04:42.000000,4.77,16.7,Motorcycle,22,4.5,Low,Clear,Thane West,3.82,True
TW101379,2026-07-26 17:43:00,2026-07-26 18:07:48.000000,6.72,24.8,Scooter,25,4.5,Low,Clear,Navi Mumbai,1.02,True
TW100423,2026-07-24 08:04:00,2026-07-24 08:10:24.000000,2.81,6.4,Scooter,29,5.0,Low,Overcast,Mumbra,1.9,True
TW102148,2026-07-09 10:04:00,2026-07-09 10:08:00.000000,1.05,4.0,Motorcycle,29,4.7,Medium,Clear,Bhandup,4.08,True
TW104057,2026-07-04 13:19:00,2026-07-04 13:36:00.000000,4.75,17.0,Motorcycle,40,4.2,Medium,Clear,Dombivli,2.68,True
TW104344,2026-07-30 23:48:00,2026-07-30 23:58:24.000000,5.2,10.4,Electric Scooter,22,5.0,High,Overcast,Vashi,2.47,True
TW102676,2026-07-13 05:42:00,2026-07-13 05:54:54.000000,2.96,12.9,Motorcycle,35,3.6,Medium,Clear,Bhandup,0.38,True
TW101719,2026-07-02 18:52:00,2026-07-02 19:05:36.000000,6.25,13.6,Scooter,21,4.8,High,Clear,Ghodbunder Road,3.05,True
TW100683,2026-07-06 17:25:00,2026-07-06 17:43:48.000000,5.97,18.8,Scooter,44,4.8,High,Overcast,Bhandup,0.2,True
TW101505,2026-07-11 11:48:00,2026-07-11 11:58:36.000000,3.26,10.6,Scooter,28,4.6,Low,Clear,Dombivli,1.31,True
TW102178,2026-07-06 20:30:00,2026-07-06 20:34:00.000000,0.97,4.0,Bike,30,5.0,Medium,Clear,Bhandup,2.13,True
TW101993,2026-07-10 19:37:00,2026-07-10 19:48:18.000000,3.33,11.3,Scooter,21,4.6,Medium,Clear,Airoli,0.62,True
TW100665,2026-07-05 02:32:00,2026-07-05 02:36:00.000000,1.93,4.0,Scooter,36,4.5,Medium,Overcast,Mumbra,2.42,True
TW101445,2026-07-04 16:42:00,2026-07-04 17:03:24.000000,7.97,21.4,Motorcycle,29,4.2,,Clear,Mumbra,2.11,True
TW101726,2026-07-27 08:18:00,2026-07-27 08:22:00.000000,1.56,4.0,Scooter,34,4.1,Medium,Rain,Airoli,0.95,True
TW101230,2026-07-17 11:09:00,2026-07-17 11:29:00.000000,5.3,20.0,Electric Scooter,32,4.5,Low,Clear,Mulund,0.97,True
TW103672,2026-07-20 20:17:00,2026-07-20 20:27:36.000000,3.07,10.6,Scooter,22,4.5,Medium,Clear,Mulund,5.2,True
TW102555,2026-07-11 00:29:00,2026-07-11 00:39:24.000000,4.74,10.4,Scooter,26,3.8,Low,Clear,Ghodbunder Road,11.4,True
TW104186,2026-07-23 13:23:00,2026-07-23 13:37:24.000000,4.63,14.4,Scooter,41,4.1,High,Overcast,Bhandup,2.08,True
TW102218,2026-07-30 05:46:00,2026-07-30 06:11:06.000000,6.94,25.1,Scooter,44,4.0,High,Overcast,Kalyan,0.39,False
TW100355,2026-07-16 03:06:00,2026-07-16 03:10:00.000000,1.82,4.0,Motorcycle,36,3.9,Low,Overcast,Ghodbunder Road,,True
TW101319,2026-07-16 14:07:00,2026-07-16 14:16:24.000000,24.672685451459838,9.4,Scooter,29,4.7,Low,Clear,Kalyan,2.36,True
TW101979,2026-07-08 07:04:00,2026-07-08 07:19:06.000000,3.51,15.1,Scooter,26,4.2,High,Clear,Airoli,1.84,True
TW100447,2026-07-20 14:17:00,2026-07-20 14:23:54.000000,1.79,6.9,Motorcycle,27,4.1,High,Clear,Vashi,0.2,True
TW102007,2026-07-24 07:32:00,2026-07-24 07:46:42.000000,4.76,14.7,Motorcycle,19,3.7,High,Rain,Navi Mumbai,0.7,True
TW103707,2026-07-02 14:08:00,2026-07-02 14:15:30.000000,2.58,7.5,Scooter,39,3.6,High,Clear,Mulund,5.37,True
TW100814,2026-07-06 18:54:00,2026-07-06 19:30:30.000000,11.11,36.5,Motorcycle,22,4.9,Low,Rain,Mulund,1.26,False
TW102684,2026-07-13 13:09:00,2026-07-13 13:19:06.000000,2.37,10.1,Scooter,23,4.4,Low,Overcast,Vashi,0.2,True
TW102963,2026-07-05 20:18:00,2026-07-05 20:23:42.000000,3.02,5.7,Scooter,29,4.5,Low,Clear,Airoli,0.24,True
TW100931,2026-07-25 00:28:00,2026-07-25 00:45:18.000000,6.12,17.3,Motorcycle,28,4.3,Low,Rain,Vashi,1.23,True
TW104670,2026-07-22 22:32:00,2026-07-22 22:43:24.000000,3.48,11.4,bike,28,4.8,High,Clear,Mumbra,0.89,True
TW104844,2026-07-26 12:15:00,2026-07-26 12:19:36.000000,1.88,4.6,Electric Scooter,41,4.7,Medium,Rain,Ghodbunder Road,0.49,True
TW104837,2026-07-27 23:05:00,2026-07-27 23:09:00.000000,1.17,4.0,Scooter,36,4.9,Medium,Rain,Vashi,8.36,True
TW103990,2026-07-11 19:11:00,2026-07-11 19:33:00.000000,6.7,22.0,Electric Scooter,20,3.2,Medium,Clear,Ghodbunder Road,0.35,True
TW102079,2026-07-17 11:27:00,2026-07-17 11:39:06.000000,4.13,12.1,Scooter,22,4.0,Low,Clear,Dombivli,2.9,True
TW101602,2026-07-30 12:41:00,2026-07-30 12:45:00.000000,0.78,4.0,Motorcycle,22,4.9,Medium,Clear,Vashi,3.71,True
TW102169,2026-07-28 14:31:00,2026-07-28 14:42:54.000000,3.46,11.9,Scooter,19,4.1,High,Rain,Kalyan,1.2,True
TW100742,2026-07-26 11:42:00,2026-07-26 11:53:00.000000,4.27,11.0,Scooter,41,5.0,High,Clear,Bhandup,2.91,True
TW104270,2026-07-13 19:44:00,2026-07-13 20:08:24.000000,9.61,24.4,Motorcycle,25,4.2,Medium,Rain,Mulund,0.2,True
TW102885,2026-07-19 13:45:00,2026-07-19 13:54:48.000000,3.79,9.8,Scooter,29,4.5,High,Clear,Vashi,4.28,True
TW100809,2026-07-26 16:42:00,2026-07-26 16:49:18.000000,2.97,7.3,Scooter,24,5.0,Medium,Clear,Mumbra,2.39,True
TW100594,2026-07-14 06:18:00,2026-07-14 06:57:12.000000,15.03,39.2,2-Wheeler,37,3.6,Low,Clear,Navi Mumbai,0.52,False
TW101509,2026-07-27 21:42:00,2026-07-27 21:46:54.000000,3.09,4.9,Electric Scooter,43,4.0,Medium,Clear,Thane West,3.74,True
TW100380,2026-07-20 18:47:00,2026-07-20 19:17:30.000000,8.6,30.5,Scooter,30,4.1,Low,Rain,Navi Mumbai,0.95,False
TW101883,2026-07-05 14:35:00,2026-07-05 14:48:42.000000,7.25,13.7,Electric Scooter,30,4.9,Medium,Rain,Kalyan,0.52,True
TW103685,2026-07-30 20:07:00,2026-07-30 20:16:36.000000,2.9,9.6,Scooter,38,4.5,Low,Overcast,Airoli,1.01,True
TW102533,2026-07-03 07:32:00,2026-07-03 07:04:52.766619,2.79,13.5,Motorcycle,24,4.5,Medium,Clear,Vashi,2.32,True
TW101826,2026-07-09 20:37:00,2026-07-09 20:55:24.000000,4.58,18.4,Scooter,28,5.0,Low,Clear,Navi Mumbai,0.2,True
TW101219,2026-07-29 23:10:00,2026-07-29 23:14:00.000000,1.37,4.0,Scooter,34,4.4,Low,Rain,Dombivli,1.96,True
TW100306,2026-07-14 14:52:00,2026-07-14 15:01:48.000000,2.97,9.8,Scooter,26,4.4,Low,Clear,Dombivli,0.73,True
TW104586,2026-07-02 22:36:00,2026-07-02 22:47:36.000000,4.73,11.6,Motorcycle,36,4.5,High,Clear,Dombivli,0.5,True
TW102103,2026-07-19 00:12:00,2026-07-19 00:21:18.000000,5.08,9.3,Scooter,25,4.0,Low,Rain,Thane West,0.63,True
TW101281,2026-07-28 17:12:00,2026-07-28 17:35:12.000000,6.83,23.2,Motorcycle,23,4.9,Medium,Clear,Ghodbunder Road,0.96,True
TW101239,2026-07-03 14:37:00,2026-07-03 15:01:54.000000,8.05,24.9,Motorcycle,39,4.4,Medium,,Kalyan,0.24,True
TW104822,2026-07-17 19:20:00,2026-07-17 19:40:06.000000,5.71,20.1,electric scooter,30,4.2,Medium,Clear,Navi Mumbai,1.01,True
TW103406,2026-07-02 04:16:00,2026-07-02 04:36:48.000000,7.02,20.8,Motorcycle,43,4.5,Medium,Clear,Dombivli,0.96,True
TW102351,2026-07-06 16:44:00,2026-07-06 17:04:24.000000,7.62,20.4,Scooter,33,4.2,Medium,Overcast,Mulund,1.73,True
TW104132,2026-07-12 15:54:00,2026-07-12 16:05:36.000000,2.08,11.6,Electric Scooter,43,5.0,Medium,Clear,Kalyan,2.22,True
TW101795,2026-07-28 17:46:00,2026-07-28 17:54:36.000000,2.88,-7.141118211691521,Motorcycle,20,4.5,Low,Clear,Kalyan,0.64,True
TW101798,2026-07-21 17:19:00,2026-07-21 17:23:00.000000,1.24,4.0,Scooter,19,3.8,High,Clear,Navi Mumbai,1.39,True
TW100453,2026-07-17 04:02:00,2026-07-17 04:15:36.000000,4.76,13.6,Motorcycle,44,4.9,Low,,Dombivli,0.73,True
TW101616,2026-07-24 20:46:00,2026-07-24 21:03:00.000000,4.21,17.0,Scooter,24,5.0,Medium,Clear,Airoli,0.3,True
TW104561,2026-07-02 18:58:00,2026-07-02 19:02:00.000000,2.75,4.0,Motorcycle,19,3.9,Low,Clear,Ghodbunder Road,1.65,True
TW102973,2026-07-16 15:51:00,2026-07-16 16:00:48.000000,3.54,9.8,Motorcycle,32,3.8,High,Clear,Ghodbunder Road,0.88,True
TW101706,2026-07-01 00:16:00,2026-07-01 00:20:00.000000,1.15,4.0,Motorcycle,32,3.8,Low,Rain,Mumbra,0.52,True
TW104175,2026-07-21 01:19:00,2026-07-21 01:28:24.000000,3.28,9.4,Scooter,41,3.8,High,Overcast,Bhandup,6.08,True
TW100065,2026-07-09 00:59:00,2026-07-09 01:03:00.000000,0.67,4.0,Scooter,20,3.9,Medium,Clear,Thane West,3.37,True
TW102750,2026-07-18 00:36:00,2026-07-18 00:49:30.000000,5.15,13.5,Scooter,33,4.6,Low,Overcast,Ghodbunder Road,0.42,True
TW104230,2026-07-03 01:26:00,2026-07-03 01:40:24.000000,3.96,14.4,Scooter,43,4.2,Medium,Clear,Thane West,3.5,True
TW103619,2026-07-02 16:20:00,2026-07-02 16:25:06.000000,1.68,5.1,Motorcycle,33,4.1,Medium,Rain,Mumbra,3.68,True
TW103938,2026-07-10 20:52:00,2026-07-10 21:13:00.000000,5.43,21.0,Motorcycle,28,4.6,Low,Clear,Vashi,0.94,True
TW102921,2026-07-24 13:54:00,2026-07-24 14:03:00.000000,1.78,9.0,Scooter,34,3.4,Low,Overcast,Airoli,0.6,True
TW102106,2026-07-06 07:34:00,2026-07-06 07:38:06.000000,1.53,4.1,2-Wheeler,38,4.5,Medium,Clear,Mumbra,9.48,True
TW102042,2026-07-24 22:11:00,2026-07-24 22:17:54.000000,4.42,6.9,Scooter,31,4.1,Low,Clear,Navi Mumbai,2.18,True
TW104758,2026-07-07 18:32:00,2026-07-07 18:36:30.000000,3.64,4.5,Motorcycle,19,4.4,Medium,Rain,Ghodbunder Road,2.77,True
TW100450,2026-07-13 07:43:00,2026-07-13 07:47:30.000000,1.91,4.5,Scooter,39,3.9,Low,Overcast,Kalyan,0.36,True
TW102613,2026-07-02 13:00:00,2026-07-02 13:28:00.000000,8.05,28.0,Scooter,30,4.7,Low,Clear,Airoli,5.51,False
TW102261,2026-07-12 05:36:00,2026-07-12 05:46:48.000000,5.45,10.8,Scooter,42,4.7,Low,Clear,Dombivli,0.2,True
TW100868,2026-07-25 20:53:00,2026-07-25 21:00:36.000000,2.55,7.6,Scooter,33,4.8,Medium,Clear,Ghodbunder Road,1.23,True
TW100254,2026-07-07 19:50:00,2026-07-07 20:03:12.000000,5.39,13.2,Scooter,34,4.1,Medium,Clear,Thane West,0.2,True
TW102275,2026-07-19 21:51:00,2026-07-19 22:28:36.000000,11.3,37.6,Scooter,39,4.5,Low,Overcast,Bhandup,2.24,False
TW103089,2026-07-29 12:59:00,2026-07-29 13:07:18.000000,4.79,8.3,Motorcycle,29,3.8,Low,Clear,Kalyan,0.2,True
TW103916,2026-07-18 07:43:00,2026-07-18 07:47:00.000000,2.49,4.0,Scooter,33,4.1,Medium,Clear,Airoli,2.08,True
TW102497,2026-07-21 17:02:00,2026-07-21 17:18:36.000000,6.23,16.6,2-Wheeler,42,3.4,Low,Clear,Kalyan,4.0,True
TW103202,2026-07-12 03:22:00,2026-07-12 03:38:06.000000,8.6,16.1,electric scooter,33,4.7,Medium,Clear,Ghodbunder Road,6.58,True
TW100099,2026-07-08 03:19:00,2026-07-08 03:24:06.000000,3.3,5.1,Scooter,43,4.8,Medium,Overcast,Ghodbunder Road,6.15,True
TW103421,2026-07-13 12:30:00,2026-07-13 12:49:00.000000,6.82,19.0,Motorcycle,23,4.6,Medium,Clear,Mumbra,0.46,True
TW102053,2026-07-16 15:14:00,2026-07-16 15:19:48.000000,3.25,5.8,Electric Scooter,33,3.7,High,Clear,Navi Mumbai,1.21,True
TW102084,2026-07-26 12:38:00,2026-07-26 12:54:24.000000,5.87,16.4,Electric Scooter,26,4.2,Low,Overcast,Mumbra,0.78,True
TW104778,2026-07-09 10:34:00,2026-07-09 10:46:42.000000,4.48,12.7,Motorcycle,25,4.0,Medium,Clear,Kalyan,,True
TW102401,2026-07-18 23:52:00,2026-07-19 00:04:36.000000,4.96,12.6,Motorcycle,44,3.9,Medium,Rain,Dombivli,0.44,True
TW104897,2026-07-10 19:23:00,2026-07-10 19:34:12.000000,3.63,11.2,Scooter,23,4.0,High,Clear,Vashi,0.37,True
TW102597,2026-07-03 01:47:00,2026-07-03 01:52:36.000000,2.38,5.6,Scooter,19,3.7,High,Clear,Thane West,0.59,True
TW101303,2026-07-03 23:08:00,2026-07-03 23:20:18.000000,3.84,12.3,Scooter,21,3.9,Medium,Clear,Vashi,2.91,True
TW101931,2026-07-04 12:42:00,2026-07-04 12:54:36.000000,3.99,12.6,Motorcycle,29,4.6,High,Overcast,Airoli,1.06,True
TW101922,2026-07-21 18:28:00,2026-07-21 18:37:18.000000,3.85,9.3,Motorcycle,21,4.6,High,Clear,Bhandup,0.53,True
TW102895,2026-07-06 11:51:00,2026-07-06 11:57:36.000000,2.29,6.6,Scooter,21,4.1,Low,Rain,Mumbra,3.84,True
TW104546,2026-07-20 06:20:00,2026-07-20 06:26:30.000000,2.2,6.5,Scooter,39,4.7,Medium,Rain,Bhandup,1.15,True
TW103356,2026-07-05 01:57:00,2026-07-05 02:08:06.000000,4.15,11.1,Scooter,30,3.5,Low,Overcast,Kalyan,0.36,True
TW103295,2026-07-25 06:23:00,2026-07-25 06:37:54.000000,4.15,14.9,Scooter,19,4.2,Medium,Clear,Mulund,7.69,True
TW100393,2026-07-16 07:16:00,2026-07-16 07:21:48.000000,2.85,5.8,Motorcycle,25,4.1,Medium,Clear,Kalyan,0.46,True
TW104419,2026-07-21 15:00:00,2026-07-21 15:04:00.000000,0.99,4.0,Scooter,31,4.4,Low,Rain,Kalyan,2.71,True
TW100705,2026-07-23 14:42:00,2026-07-23 14:58:48.000000,2.48,16.8,Motorcycle,27,4.0,Medium,Rain,Thane West,0.2,True
TW104615,2026-07-07 23:30:00,2026-07-07 23:41:18.000000,0.0,11.3,Electric Scooter,42,4.9,Low,Clear,Bhandup,3.91,True
TW103643,2026-07-02 19:51:00,2026-07-02 19:58:12.000000,1.85,7.2,Scooter,26,5.0,High,Clear,Dombivli,6.2,True
TW101536,2026-07-18 10:04:00,2026-07-18 10:16:24.000000,5.87,12.4,Scooter,24,3.6,Low,Overcast,Kalyan,0.34,True
TW102664,2026-07-18 05:31:00,2026-07-18 05:36:12.000000,3.02,5.2,Scooter,33,4.4,Medium,Clear,Navi Mumbai,0.2,True
TW100615,2026-07-21 01:02:00,2026-07-21 01:15:18.000000,3.02,13.3,Scooter,22,3.9,Medium,Clear,Mulund,2.4,True
TW100679,2026-07-01 00:12:00,2026-07-01 00:18:36.000000,1.55,6.6,2-Wheeler,22,3.3,Low,Rain,Vashi,0.9,True
TW104989,2026-07-16 07:12:00,2026-07-16 07:16:00.000000,1.26,4.0,Scooter,33,4.1,Medium,Clear,Ghodbunder Road,8.25,True
TW103095,2026-07-10 01:59:00,2026-07-10 02:06:30.000000,2.24,7.5,Electric Scooter,40,4.7,Medium,Rain,Ghodbunder Road,4.62,True
TW102247,2026-07-27 16:52:00,2026-07-27 16:56:18.000000,2.33,4.3,Scooter,34,4.5,Medium,Clear,Navi Mumbai,0.2,True
TW102703,2026-07-17 12:52:00,2026-07-17 13:20:48.000000,7.21,28.8,Motorcycle,42,4.0,Medium,Clear,Navi Mumbai,1.14,False
TW102951,2026-07-25 11:50:00,2026-07-25 12:25:42.000000,14.49,35.7,Motorcycle,42,3.9,Low,Clear,Ghodbunder Road,1.27,False
TW104030,2026-07-25 02:31:00,2026-07-25 03:08:48.000000,10.63,37.8,Scooter,33,4.3,Low,,Bhandup,2.27,False
TW102002,2026-07-29 05:19:00,2026-07-29 05:25:42.000000,2.48,6.7,Motorcycle,35,4.1,Low,Overcast,Airoli,3.85,True
TW101401,2026-07-05 05:00:00,2026-07-05 05:12:18.000000,4.36,12.3,Motorcycle,25,4.7,Medium,Clear,Thane West,3.13,True
TW102451,2026-07-06 10:36:00,2026-07-06 10:42:06.000000,2.85,6.1,Motorcycle,32,3.8,Medium,Clear,Airoli,1.03,True
TW100225,2026-07-21 10:04:00,2026-07-21 10:08:00.000000,0.96,4.0,Scooter,19,4.0,Low,Clear,Vashi,1.42,True
TW100534,2026-07-26 00:20:00,2026-07-26 00:33:00.000000,3.28,13.0,Scooter,20,4.1,Medium,Rain,Airoli,0.96,True
TW102831,2026-07-04 06:35:00,2026-07-04 06:48:36.000000,3.04,13.6,Scooter,36,5.0,Medium,Clear,Bhandup,1.82,True
TW103248,2026-07-08 19:41:00,2026-07-08 19:45:00.000000,1.74,4.0,Motorcycle,32,5.0,Medium,Clear,Mulund,1.09,True
TW101641,2026-07-15 06:19:00,2026-07-15 06:23:00.000000,1.2,4.0,Motorcycle,22,3.7,High,Clear,Bhandup,2.91,True
TW102132,2026-07-05 12:38:00,2026-07-05 12:54:00.000000,17.46253661271861,16.0,bike,43,3.7,High,Clear,Mumbra,0.77,True
TW102808,2026-07-01 06:18:00,2026-07-01 06:41:06.000000,7.25,23.1,Scooter,27,4.1,Low,Clear,Mulund,,True
TW101073,2026-07-13 04:59:00,2026-07-13 05:12:24.000000,6.63,13.4,Scooter,29,4.1,Low,Clear,Ghodbunder Road,1.38,True
TW101412,2026-07-02 11:51:00,2026-07-02 12:11:36.000000,6.6,20.6,Scooter,35,4.0,Medium,Clear,Ghodbunder Road,0.92,True
TW102865,2026-07-28 18:09:00,2026-07-28 18:18:06.000000,2.43,9.1,Scooter,30,4.8,Medium,Clear,Bhandup,0.2,True
TW104984,2026-07-11 04:17:00,2026-07-11 04:27:24.000000,3.01,10.4,Electric Scooter,32,3.8,Low,Overcast,Ghodbunder Road,1.81,True
TW103064,2026-07-03 01:29:00,2026-07-03 01:39:54.000000,3.76,10.9,Scooter,21,4.1,Low,Clear,Ghodbunder Road,1.19,True
TW101503,2026-07-10 08:13:00,2026-07-10 08:19:06.000000,2.1,6.1,Motorcycle,43,5.0,High,Rain,Bhandup,0.25,True
TW104570,2026-07-14 19:25:00,2026-07-14 19:34:48.000000,4.33,9.8,Scooter,20,4.3,Medium,Clear,Navi Mumbai,2.1,True
TW103960,2026-07-21 22:42:00,2026-07-21 22:51:18.000000,1.91,9.3,Motorcycle,36,5.0,Medium,Clear,Mulund,1.33,True
TW100213,2026-07-02 03:35:00,2026-07-02 03:40:24.000000,0.72,5.4,Motorcycle,21,4.4,Low,Clear,Vashi,4.23,True
TW101031,2026-07-30 20:53:00,2026-07-30 20:57:18.000000,0.87,4.3,2-Wheeler,44,3.7,Medium,Clear,Ghodbunder Road,2.05,True
TW103434,2026-07-26 07:11:00,2026-07-26 07:27:00.000000,6.77,16.0,Motorcycle,27,4.2,High,Overcast,Dombivli,1.15,True
TW102145,2026-07-01 12:28:00,2026-07-01 12:56:12.000000,8.48,28.2,Motorcycle,22,4.3,Low,Clear,Mumbra,0.24,False
TW101516,2026-07-05 18:26:00,2026-07-05 18:39:48.000000,4.39,422.4686953114451,Scooter,32,4.4,High,Clear,Thane West,0.81,True
TW101637,2026-07-18 16:39:00,2026-07-18 16:53:48.000000,4.51,14.8,Scooter,41,3.6,Medium,Clear,Thane West,2.05,True
TW104341,2026-07-04 10:43:00,2026-07-04 10:49:18.000000,3.68,6.3,Motorcycle,29,4.4,,Clear,Vashi,1.25,True
TW102044,2026-07-29 19:36:00,2026-07-29 19:44:54.000000,2.56,8.9,Scooter,44,4.2,Medium,Clear,Vashi,3.8,True
TW102654,2026-07-25 06:01:00,2026-07-25 06:05:00.000000,1.54,4.0,Motorcycle,26,4.8,Medium,Overcast,Dombivli,0.2,True
TW103494,2026-07-21 04:36:00,2026-07-21 04:45:48.000000,4.12,-6.0690793516019585,motorbike,27,4.7,Medium,Clear,Ghodbunder Road,0.2,True
TW104753,2026-07-16 19:59:00,2026-07-16 20:17:48.000000,5.75,18.8,Motorcycle,35,3.6,High,Clear,Airoli,0.22,True
TW101527,2026-07-24 18:22:00,2026-07-24 18:26:00.000000,0.66,299.403012678737,Scooter,29,4.1,Low,Clear,Thane West,0.71,True
TW101714,2026-07-09 07:06:00,2026-07-09 07:26:18.000000,7.88,20.3,Motorcycle,21,4.0,Medium,Clear,Ghodbunder Road,0.2,True
TW101707,2026-07-05 16:06:00,2026-07-05 16:32:42.000000,9.55,26.7,motorbike,38,4.0,Low,Overcast,Mulund,0.78,False
TW100406,2026-07-21 18:29:00,2026-07-21 18:33:00.000000,1.37,4.0,Scooter,19,4.5,Medium,Clear,Dombivli,0.2,True
TW104506,2026-07-11 05:31:00,2026-07-11 05:36:00.000000,2.06,5.0,Scooter,40,4.3,Low,Rain,Mulund,0.21,True
TW100578,2026-07-30 17:55:00,2026-07-30 18:00:36.000000,0.94,5.6,Scooter,23,4.0,Low,,Airoli,4.95,True
TW104583,2026-07-19 21:55:00,2026-07-19 22:11:00.000000,4.51,16.0,Scooter,28,4.5,Low,Clear,Thane West,0.87,True
TW100367,2026-07-05 05:15:00,2026-07-05 05:36:54.000000,6.48,21.9,Electric Scooter,30,4.5,Medium,Clear,Vashi,1.98,True
TW102992,2026-07-07 16:29:00,2026-07-07 16:33:00.000000,2.93,4.0,Electric Scooter,44,4.9,High,Clear,Ghodbunder Road,2.6,True
TW100536,2026-07-08 19:51:00,2026-07-08 20:10:30.000000,5.9,19.5,Scooter,32,4.7,Low,Rain,Mumbra,2.69,True
TW100147,2026-07-20 09:40:00,2026-07-20 09:51:18.000000,4.38,11.3,Scooter,29,3.7,Low,Clear,Bhandup,0.23,True
TW103542,2026-07-26 10:40:00,2026-07-26 10:55:54.000000,2.89,15.9,Scooter,37,3.9,High,Overcast,Mumbra,0.2,True
TW102000,2026-07-29 08:14:00,2026-07-29 08:18:00.000000,1.39,4.0,Electric Scooter,32,4.3,Medium,Clear,Kalyan,0.71,True
TW102426,2026-07-06 17:50:00,2026-07-06 17:59:00.000000,2.02,9.0,Motorcycle,34,4.5,High,Rain,Bhandup,1.0,True
TW100650,2026-07-11 14:39:00,2026-07-11 14:55:54.000000,5.43,16.9,Motorcycle,28,4.2,High,Clear,Thane West,0.2,True
TW100193,2026-07-05 00:49:00,2026-07-05 00:54:24.000000,3.12,5.4,Scooter,38,4.5,Low,Clear,Vashi,0.21,True
TW101943,2026-07-14 02:06:00,2026-07-14 02:31:48.000000,8.99,25.8,Electric Scooter,34,5.0,Low,Rain,Airoli,0.58,False
TW100938,2026-07-21 21:29:00,2026-07-21 21:38:36.000000,3.37,9.6,Motorcycle,29,4.1,Medium,Overcast,Ghodbunder Road,4.07,True
TW100166,2026-07-12 15:23:00,2026-07-12 15:33:36.000000,2.85,10.6,Motorcycle,23,4.7,High,Clear,Airoli,1.61,True
TW100542,2026-07-10 06:23:00,2026-07-10 06:38:00.000000,3.89,15.0,Scooter,25,4.5,Low,Clear,Thane West,1.47,True
TW103587,2026-07-19 20:49:00,2026-07-19 20:56:18.000000,2.41,227.780533312981,Motorcycle,44,4.2,Low,Rain,Airoli,2.39,True
TW103803,2026-07-28 15:42:00,2026-07-28 15:46:00.000000,1.56,4.0,Scooter,41,4.5,Low,Clear,Navi Mumbai,0.96,True
TW100627,2026-07-12 17:50:00,2026-07-12 17:58:42.000000,2.87,8.7,Motorcycle,40,4.5,Low,Clear,Navi Mumbai,0.32,True
TW102591,2026-07-27 05:06:00,2026-07-27 05:22:36.000000,4.93,16.6,Motorcycle,37,4.1,Low,Overcast,Thane West,1.03,True
TW101101,2026-07-22 20:51:00,2026-07-22 20:55:00.000000,1.71,4.0,Scooter,27,4.1,Medium,Rain,Mumbra,0.2,True
TW100723,2026-07-03 15:30:00,2026-07-03 15:38:48.000000,2.17,8.8,Scooter,19,4.1,Low,,Ghodbunder Road,1.17,True
TW100585,2026-07-14 02:57:00,2026-07-14 03:04:36.000000,2.77,7.6,Scooter,23,4.4,Low,Rain,Mumbra,0.2,True
TW102765,2026-07-25 06:54:00,2026-07-25 06:58:00.000000,1.81,4.0,Scooter,29,5.0,Medium,Rain,Vashi,0.37,True
TW100371,2026-07-23 17:01:00,2026-07-23 17:10:06.000000,3.41,9.1,Scooter,32,4.3,Low,Rain,Bhandup,2.52,True
TW104435,2026-07-17 00:07:00,2026-07-17 00:17:12.000000,2.58,10.2,Scooter,19,4.3,Low,Clear,Navi Mumbai,0.73,True
TW103617,2026-07-15 18:44:00,2026-07-15 19:02:42.000000,7.44,18.7,Motorcycle,26,4.3,High,Rain,Mumbra,3.26,True
TW101552,2026-07-10 09:34:00,2026-07-10 09:49:00.000000,4.53,15.0,Motorcycle,35,4.3,High,Clear,Bhandup,3.53,True
TW101271,2026-07-20 20:20:00,2026-07-20 20:38:42.000000,7.16,18.7,Motorcycle,25,4.2,High,Clear,Kalyan,2.49,True
TW104360,2026-07-23 23:25:00,2026-07-23 23:42:24.000000,2.84,17.4,Scooter,19,3.7,Low,Clear,Mulund,7.85,True
TW103174,2026-07-01 06:11:00,2026-07-01 06:15:54.000000,1.17,4.9,Scooter,33,4.2,Low,Rain,Mulund,1.66,True
TW104353,2026-07-10 23:26:00,2026-07-10 23:31:30.000000,2.73,5.5,Motorcycle,20,4.5,Low,Overcast,Navi Mumbai,4.54,True
TW102660,2026-07-27 03:52:00,2026-07-27 04:00:54.000000,3.71,8.9,Bike,44,4.4,Low,Rain,Dombivli,1.16,True
TW102210,2026-07-30 23:32:00,2026-07-30 23:57:18.000000,9.82,25.3,Scooter,31,4.5,Low,Clear,Bhandup,0.27,False
TW103185,2026-07-10 22:03:00,2026-07-10 22:21:06.000000,4.74,18.1,Motorcycle,40,5.0,Low,Overcast,Dombivli,10.99,True
TW102767,2026-07-04 21:01:00,2026-07-04 21:19:00.000000,6.01,18.0,Motorcycle,41,4.9,Medium,Rain,Ghodbunder Road,0.74,True
TW100903,2026-07-23 17:39:00,2026-07-23 17:43:00.000000,1.42,4.0,Scooter,26,4.1,Medium,Overcast,Kalyan,2.18,True
TW101634,2026-07-25 07:25:00,2026-07-25 07:37:42.000000,5.25,12.7,Electric Scooter,31,4.4,Low,Rain,Thane West,0.25,True
TW100555,2026-07-24 01:03:00,2026-07-24 01:10:42.000000,3.39,7.7,Electric Scooter,20,,Low,Rain,Kalyan,1.14,True
TW103602,2026-07-22 14:46:00,2026-07-22 14:50:00.000000,0.74,4.0,Scooter,23,,Medium,Clear,Ghodbunder Road,3.28,True
TW104526,2026-07-23 05:55:00,2026-07-23 05:59:30.000000,0.71,4.5,Scooter,24,3.7,Medium,Clear,Mumbra,2.65,True
TW104902,2026-07-24 02:04:00,2026-07-24 02:15:24.000000,2.77,11.4,Motorcycle,24,4.7,Medium,Overcast,Mumbra,1.51,True
TW103526,2026-07-20 10:45:00,2026-07-20 11:09:00.000000,10.77,-2.86528828882381,Scooter,22,4.5,High,Clear,Thane West,1.89,True
TW102478,2026-07-04 23:45:00,2026-07-04 23:50:54.000000,2.19,5.9,Scooter,36,4.1,Medium,Clear,Mumbra,0.72,True
TW101649,2026-07-12 12:31:00,2026-07-12 12:47:00.000000,4.8,16.0,Electric Scooter,35,4.2,Medium,Rain,Bhandup,3.72,True
TW103415,2026-07-10 02:48:00,2026-07-10 03:01:06.000000,3.42,13.1,Scooter,28,3.9,Medium,Rain,Kalyan,2.41,True
TW100283,2026-07-14 07:29:00,2026-07-14 07:37:24.000000,1.64,8.4,Motorcycle,20,4.7,Low,Clear,Dombivli,0.89,True
TW104101,2026-07-05 13:54:00,2026-07-05 14:03:42.000000,4.27,9.7,Motorcycle,24,4.3,Low,Overcast,Ghodbunder Road,0.27,True
TW101444,2026-07-01 09:26:00,2026-07-01 09:32:42.000000,4.95,6.7,Motorcycle,20,5.0,Medium,Clear,Mulund,0.37,True
TW104908,2026-07-10 03:46:00,2026-07-10 03:58:24.000000,4.56,12.4,scooter ,27,4.2,Medium,Clear,Vashi,2.68,True
TW102016,2026-07-30 03:04:00,2026-07-30 03:29:54.000000,8.28,25.9,Electric Scooter,44,4.4,Medium,Overcast,Dombivli,0.34,False
TW103402,2026-07-07 20:26:00,2026-07-07 20:39:12.000000,4.23,13.2,Scooter,24,4.4,Low,Rain,Kalyan,0.2,True
TW100675,2026-07-21 02:39:00,2026-07-21 03:08:54.000000,8.02,29.9,Electric Scooter,34,3.5,Low,Clear,Kalyan,9.15,False
TW103439,2026-07-14 02:29:00,2026-07-14 02:45:24.000000,3.8,16.4,Scooter,26,4.7,High,Clear,Kalyan,0.2,True
TW103347,2026-07-21 16:01:00,2026-07-21 16:09:36.000000,3.12,8.6,Motorcycle,40,3.8,High,Clear,Navi Mumbai,1.22,True
TW102848,2026-07-07 17:38:00,2026-07-07 17:49:30.000000,2.72,11.5,Scooter,19,4.3,Low,Clear,Thane West,0.44,True
TW101377,2026-07-30 21:27:00,2026-07-30 21:31:00.000000,1.24,4.0,Scooter,44,4.1,High,Clear,Dombivli,2.09,True
TW101349,2026-07-22 01:20:00,2026-07-22 01:29:00.000000,4.12,9.0,Scooter,20,4.5,High,Clear,Kalyan,1.45,True
TW100842,2026-07-17 23:58:00,2026-07-18 00:05:30.000000,3.09,307.39317134275325,2-Wheeler,44,4.7,Medium,Clear,Bhandup,3.56,True
TW101968,2026-07-02 06:29:00,2026-07-02 06:35:12.000000,2.45,6.2,Scooter,23,4.2,Medium,Clear,Vashi,1.43,True
TW100070,2026-07-09 06:06:00,2026-07-09 06:19:48.000000,3.08,13.8,Scooter,38,4.6,High,Clear,Navi Mumbai,1.37,True
TW101663,2026-07-23 03:05:00,2026-07-23 03:26:30.000000,5.71,21.5,Motorcycle,26,4.7,High,Clear,Thane West,3.56,True
TW100046,2026-07-27 20:12:00,2026-07-27 20:25:36.000000,0.0,13.6,Scooter,20,4.2,High,Overcast,Airoli,1.37,True
TW101163,2026-07-06 18:25:00,2026-07-06 18:57:06.000000,9.17,32.1,Scooter,37,4.2,Medium,Rain,Mulund,3.54,False
TW102873,2026-07-21 04:44:00,2026-07-21 04:53:18.000000,2.23,9.3,Motorcycle,41,4.4,Medium,Clear,Vashi,5.16,True
TW102931,2026-07-01 17:33:00,2026-07-01 17:59:54.000000,8.67,26.9,Scooter,31,4.0,High,Clear,Mumbra,0.34,False
TW100784,2026-07-23 11:31:00,2026-07-23 11:42:30.000000,3.3,11.5,Motorcycle,39,4.3,,Clear,Dombivli,1.83,True
TW100422,2026-07-14 13:36:00,2026-07-14 13:11:44.447018,7.58,21.0,Scooter,29,4.3,Low,Clear,Bhandup,0.2,True
TW100924,2026-07-25 01:28:00,2026-07-25 01:39:48.000000,4.82,11.8,Electric Scooter,40,3.7,Medium,Clear,Vashi,6.49,True
TW100925,2026-07-14 14:31:00,2026-07-14 14:42:24.000000,4.15,11.4,Scooter,30,3.9,High,Rain,Bhandup,5.52,True
TW101694,2026-07-02 02:34:00,2026-07-02 02:47:06.000000,5.03,13.1,Motorcycle,26,4.5,Low,Clear,Thane West,1.28,True
TW100816,2026-07-01 02:14:00,2026-07-01 02:24:12.000000,4.45,10.2,Motorcycle,19,4.4,Low,Clear,Kalyan,1.15,True
TW100864,2026-07-05 16:49:00,2026-07-05 17:12:12.000000,9.05,23.2,Motorcycle,38,5.0,Low,Clear,Mumbra,0.2,True
TW103604,2026-07-13 06:49:00,2026-07-13 06:54:48.000000,2.88,5.8,Scooter,26,5.0,High,Clear,Ghodbunder Road,1.07,True
TW104594,2026-07-17 00:48:00,2026-07-17 01:23:06.000000,8.52,35.1,Motorcycle,37,4.1,High,Rain,Mulund,0.49,False
TW102120,2026-07-06 21:14:00,2026-07-06 21:20:42.000000,2.3,6.7,Electric Scooter,41,4.9,Low,Clear,Kalyan,1.45,True
TW103066,2026-07-06 00:16:00,2026-07-06 00:28:24.000000,3.35,12.4,Scooter,44,4.5,Medium,Rain,Ghodbunder Road,5.86,True
TW102083,2026-07-22 16:08:00,2026-07-22 16:14:00.000000,3.44,6.0,Motorcycle,20,4.5,High,Clear,Navi Mumbai,1.89,True
TW102406,2026-07-29 09:06:00,2026-07-29 09:17:48.000000,3.16,11.8,Scooter,19,4.1,,Clear,Mumbra,0.52,True
TW101458,2026-07-22 11:02:00,2026-07-22 11:32:54.000000,7.77,30.9,Scooter,32,4.1,Low,Overcast,Navi Mumbai,2.95,False
TW101716,2026-07-14 02:53:00,2026-07-14 03:25:18.000000,12.0,32.3,Scooter,28,4.2,Medium,Clear,Dombivli,1.01,False
TW103967,2026-07-19 13:51:00,2026-07-19 14:15:48.000000,0.0,24.8,Electric Scooter,41,3.9,High,Clear,Airoli,7.97,True
TW103927,2026-07-15 20:11:00,2026-07-15 20:19:06.000000,3.56,8.1,Scooter,21,4.7,Medium,Overcast,Navi Mumbai,0.9,True
TW101378,2026-07-02 21:12:00,2026-07-02 21:32:12.000000,7.04,20.2,Scooter,32,4.3,Low,Overcast,Vashi,2.57,True
TW104993,2026-07-24 12:59:00,2026-07-24 13:05:54.000000,1.26,6.9,Electric Scooter,29,4.2,Medium,Overcast,Dombivli,0.71,True
TW100988,2026-07-13 19:22:00,2026-07-13 19:26:00.000000,3.0,4.0,Electric Scooter,39,4.6,High,Clear,Dombivli,1.74,True
TW104024,2026-07-08 12:18:00,2026-07-08 13:08:00.000000,14.1,50.0,Motorcycle,32,4.2,Medium,Clear,Airoli,0.59,False
TW102077,2026-07-13 16:28:00,2026-07-13 16:46:30.000000,4.33,18.5,Scooter,38,4.6,Medium,Rain,Ghodbunder Road,1.87,True
TW100268,2026-07-28 03:50:00,2026-07-28 03:56:30.000000,1.5,6.5,Motorcycle,41,3.8,Medium,Clear,Kalyan,2.01,True
TW101483,2026-07-22 01:47:00,2026-07-22 01:34:16.462225,2.14,10.2,Electric Scooter,22,4.2,Medium,Overcast,Vashi,,True
TW104881,2026-07-06 06:17:00,2026-07-06 06:30:24.000000,3.59,13.4,Motorcycle,41,5.0,Medium,Rain,Navi Mumbai,0.58,True
TW100188,2026-07-08 05:07:00,2026-07-08 05:17:24.000000,4.02,10.4,Scooter,43,4.4,High,Overcast,Vashi,6.65,True
TW100284,2026-07-09 23:40:00,2026-07-09 23:44:00.000000,2.39,4.0,Scooter,22,4.7,Low,Clear,Navi Mumbai,5.72,True
TW104689,2026-07-18 20:02:00,2026-07-18 20:18:48.000000,4.17,16.8,Scooter,21,4.2,Medium,Clear,Ghodbunder Road,0.55,True
TW103605,2026-07-10 20:12:00,2026-07-10 20:19:54.000000,4.81,7.9,Motorcycle,32,4.5,Low,Clear,Thane West,2.61,True
TW104103,2026-07-03 17:39:00,2026-07-03 17:43:00.000000,0.64,4.0,Scooter,43,3.5,High,Clear,Thane West,0.62,True
TW100759,2026-07-09 21:25:00,2026-07-09 21:35:48.000000,4.16,10.8,Motorcycle,28,4.4,Medium,Clear,Navi Mumbai,1.85,True
TW102061,2026-07-22 14:17:00,2026-07-22 14:21:54.000000,1.13,4.9,Motorcycle,27,4.5,Low,Clear,Thane West,2.67,True
TW103948,2026-07-27 01:59:00,2026-07-27 02:06:36.000000,3.08,7.6,Scooter,40,4.1,Medium,Clear,Dombivli,0.93,True
TW104680,2026-07-26 14:23:00,2026-07-26 14:34:12.000000,4.96,11.2,Scooter,25,4.2,Low,Clear,Ghodbunder Road,0.53,True
TW102157,2026-07-05 08:40:00,2026-07-05 08:55:06.000000,4.82,15.1,2-Wheeler,19,4.6,High,Clear,Kalyan,1.15,True
TW100054,2026-07-27 11:27:00,2026-07-27 11:31:54.000000,3.18,4.9,Motorcycle,30,4.6,Medium,Clear,Navi Mumbai,1.73,True
TW104437,2026-07-04 22:46:00,2026-07-04 23:01:00.000000,2.14,15.0,Scooter,30,4.4,Low,Clear,Bhandup,1.54,True
TW102278,2026-07-29 00:40:00,2026-07-29 00:51:48.000000,2.32,11.8,Scooter,23,4.4,Low,Overcast,Mumbra,2.83,True
TW102554,2026-07-28 13:06:00,2026-07-28 13:28:42.000000,10.04,22.7,Motorcycle,22,4.5,High,Clear,Bhandup,5.28,True
TW103124,2026-07-12 06:40:00,2026-07-12 06:50:12.000000,5.72,10.2,Motorcycle,24,4.1,Medium,Clear,Dombivli,1.43,True
TW104650,2026-07-01 03:14:00,2026-07-01 03:34:54.000000,4.58,20.9,Scooter,39,4.0,High,Clear,Vashi,3.52,True
TW101779,2026-07-18 06:52:00,2026-07-18 07:03:18.000000,3.86,11.3,Scooter,35,4.7,Low,Clear,Thane West,6.31,True
TW101610,2026-07-12 15:31:00,2026-07-12 15:44:00.000000,4.67,13.0,Scooter,33,4.1,High,Clear,Vashi,0.46,True
TW102011,2026-07-22 06:30:00,2026-07-22 06:49:24.000000,7.12,19.4,Scooter,23,4.4,Medium,Clear,Airoli,1.51,True
TW100375,2026-07-30 19:21:00,2026-07-30 20:02:30.000000,13.04,41.5,Scooter,29,4.5,High,Clear,Airoli,0.78,False
TW104039,2026-07-30 15:01:00,2026-07-30 15:19:36.000000,7.37,18.6,Motorcycle,30,4.3,Low,Clear,Bhandup,1.64,True
TW101582,2026-07-08 18:59:00,2026-07-08 19:09:30.000000,2.85,10.5,Electric Scooter,23,4.7,Low,Overcast,Dombivli,2.26,True
TW102244,2026-07-09 01:03:00,2026-07-09 01:07:00.000000,1.49,4.0,Scooter,39,4.4,Medium,Clear,Thane West,0.58,True
TW104627,2026-07-17 01:07:00,2026-07-17 01:22:12.000000,5.63,15.2,Scooter,37,4.6,Low,Clear,Navi Mumbai,,True
TW101662,2026-07-03 23:41:00,2026-07-03 23:45:42.000000,1.12,261.67014211570716,electric scooter,32,4.5,Medium,Clear,Dombivli,0.89,True
TW104160,2026-07-18 22:20:00,2026-07-18 22:28:24.000000,3.9,8.4,Motorcycle,39,4.1,Medium,Clear,Mumbra,1.69,True
TW103671,2026-07-27 23:26:00,2026-07-27 23:34:12.000000,3.98,8.2,Motorcycle,36,3.4,High,,Thane West,9.1,True
TW103167,2026-07-17 13:48:00,2026-07-17 14:01:30.000000,4.48,13.5,Scooter,38,4.6,High,Overcast,Thane West,2.63,True
TW100847,2026-07-20 10:54:00,2026-07-20 11:06:54.000000,4.14,12.9,Motorcycle,33,4.2,High,Rain,Ghodbunder Road,1.51,True
TW103339,2026-07-08 01:12:00,2026-07-08 01:31:06.000000,7.0,19.1,Scooter,39,4.3,High,Clear,Thane West,1.11,True
TW100845,2026-07-27 15:30:00,2026-07-27 15:34:00.000000,1.37,4.0,Scooter,30,4.2,High,Clear,Airoli,0.2,True
TW104234,2026-07-21 17:32:00,2026-07-21 17:58:36.000000,8.12,26.6,Electric Scooter,19,3.9,Medium,Clear,Ghodbunder Road,2.31,False
TW100483,2026-07-19 09:52:00,2026-07-19 10:10:48.000000,6.39,18.8,Motorcycle,25,4.3,Low,Clear,Vashi,2.97,True
TW100235,2026-07-18 22:21:00,2026-07-18 22:25:00.000000,1.94,4.0,Scooter,36,4.6,Medium,Overcast,Vashi,3.09,True
TW103623,2026-07-09 02:28:00,2026-07-09 02:34:24.000000,3.88,6.4,Scooter,25,4.9,High,Clear,Navi Mumbai,3.32,True
TW103704,2026-07-20 18:26:00,2026-07-20 18:38:24.000000,2.14,12.4,Scooter,26,3.7,Low,,Dombivli,1.42,True
TW103452,2026-07-01 09:11:00,2026-07-01 09:15:00.000000,1.61,4.0,Motorcycle,29,5.0,Low,Clear,Dombivli,0.2,True
TW104597,2026-07-16 08:07:00,2026-07-16 08:19:54.000000,4.04,12.9,Scooter,28,4.8,Medium,Clear,Vashi,7.4,True
TW102432,2026-07-07 07:54:00,2026-07-07 08:13:24.000000,6.47,19.4,Motorcycle,37,4.3,Low,Clear,Mumbra,2.61,True
TW101124,2026-07-27 04:19:00,2026-07-27 04:42:24.000000,8.35,23.4,Electric Scooter,25,4.7,High,Rain,Vashi,1.85,True
TW102638,2026-07-13 22:30:00,2026-07-13 22:41:36.000000,6.95,11.6,Motorcycle,38,4.3,Medium,Clear,Thane West,4.15,True
TW101356,2026-07-16 00:48:00,2026-07-16 00:52:00.000000,2.77,4.0,Scooter,27,4.8,Low,Rain,Vashi,2.35,True
TW102223,2026-07-29 07:17:00,2026-07-29 07:23:24.000000,2.79,6.4,Motorcycle,40,4.5,Medium,Overcast,Mulund,0.76,True
TW102483,2026-07-16 22:57:00,2026-07-16 23:01:36.000000,1.56,4.6,Motorcycle,33,4.8,Medium,Clear,Dombivli,2.96,True
TW100822,2026-07-12 08:24:00,2026-07-12 08:31:48.000000,3.59,7.8,Motorcycle,23,4.2,Medium,Clear,Ghodbunder Road,5.19,True
TW100556,2026-07-03 06:57:00,2026-07-03 07:07:48.000000,2.64,10.8,Scooter,26,4.6,Medium,Clear,Ghodbunder Road,1.36,True
TW101282,2026-07-13 13:21:00,2026-07-13 13:25:36.000000,1.65,4.6,Scooter,29,4.4,Low,Clear,Kalyan,0.24,True
TW103722,2026-07-01 15:13:00,2026-07-01 15:17:06.000000,2.49,4.1,Scooter,36,4.5,Medium,Rain,Vashi,0.29,True
TW100823,2026-07-01 16:17:00,2026-07-01 16:21:00.000000,1.41,4.0,Scooter,42,4.7,Low,Rain,Ghodbunder Road,0.2,True
TW104955,2026-07-16 23:13:00,2026-07-16 23:26:12.000000,2.3,13.2,Electric Scooter,32,,Medium,Rain,Dombivli,6.55,True
TW102850,2026-07-20 16:33:00,2026-07-20 16:38:12.000000,1.98,5.2,Motorcycle,25,4.2,High,Clear,Kalyan,0.51,True
TW104178,2026-07-03 21:31:00,2026-07-03 21:38:54.000000,3.75,7.9,Scooter,20,4.2,Medium,Clear,Navi Mumbai,1.69,True
TW103261,2026-07-16 13:17:00,2026-07-16 13:26:00.000000,2.23,9.0,Motorcycle,31,4.6,Low,Clear,Mulund,2.37,True
TW102063,2026-07-27 09:27:00,2026-07-27 09:32:24.000000,1.97,5.4,Motorcycle,43,4.5,High,Clear,Dombivli,0.2,True
TW101844,2026-07-17 02:38:00,2026-07-17 03:07:24.000000,8.84,29.4,Electric Scooter,44,4.2,Medium,Clear,Thane West,0.2,False
TW101251,2026-07-17 16:57:00,2026-07-17 17:01:00.000000,2.88,4.0,Scooter,41,4.8,High,Rain,Mumbra,5.04,True
TW100210,2026-07-10 04:05:00,2026-07-10 04:31:42.000000,27.763974673654985,26.7,Scooter,44,4.0,Low,Clear,Navi Mumbai,0.44,False
TW101531,2026-07-23 23:35:00,2026-07-23 23:47:12.000000,4.41,12.2,Scooter,28,4.9,Low,Clear,Vashi,8.36,True
TW101615,2026-07-20 16:09:00,2026-07-20 16:26:54.000000,5.38,17.9,Motorcycle,26,4.7,Low,Rain,Navi Mumbai,1.01,True
TW103775,2026-07-09 13:10:00,2026-07-09 13:16:48.000000,1.18,6.8,Motorcycle,36,4.2,High,Clear,Ghodbunder Road,1.66,True
TW104251,2026-07-28 10:12:00,2026-07-28 10:22:12.000000,4.64,10.2,Motorcycle,29,4.7,Medium,Rain,Dombivli,0.31,True
TW100139,2026-07-22 05:46:00,2026-07-22 05:57:42.000000,3.66,11.7,Scooter,37,3.5,Low,Rain,Mulund,1.47,True
TW104282,2026-07-20 15:20:00,2026-07-20 15:29:30.000000,5.23,9.5,Scooter,23,4.4,Medium,Clear,Thane West,2.18,True
TW104064,2026-07-09 05:47:00,2026-07-09 06:03:36.000000,7.32,16.6,Motorcycle,20,4.7,High,Overcast,Thane West,2.24,True
TW102416,2026-07-04 01:21:00,2026-07-04 02:08:12.000000,13.48,47.2,Motorcycle,39,3.9,High,Clear,Kalyan,5.77,False
TW102498,2026-07-26 00:14:00,2026-07-26 00:25:42.000000,3.66,11.7,Electric Scooter,19,4.7,Low,Clear,Mumbra,1.45,True
TW102325,2026-07-04 07:23:00,2026-07-04 07:31:06.000000,1.9,8.1,Scooter,37,3.7,Medium,Clear,Mumbra,0.58,True
TW103370,2026-07-03 18:34:00,2026-07-03 18:39:54.000000,2.85,5.9,Scooter,24,5.0,Medium,Rain,Kalyan,1.78,True
TW104750,2026-07-23 03:51:00,2026-07-23 03:55:00.000000,1.22,4.0,Electric Scooter,32,4.9,High,Overcast,Ghodbunder Road,1.16,True
TW101053,2026-07-17 02:50:00,2026-07-17 02:54:00.000000,1.69,4.0,Motorcycle,27,5.0,Low,Clear,Bhandup,3.68,True
TW103654,2026-07-30 21:13:00,2026-07-30 21:21:30.000000,1.25,8.5,Motorcycle,34,4.3,Low,Clear,Mulund,1.1,True
TW102619,2026-07-22 12:31:00,2026-07-22 12:42:00.000000,4.99,11.0,Electric Scooter,21,3.9,Medium,Clear,Bhandup,0.2,True
TW104817,2026-07-21 16:03:00,2026-07-21 16:11:12.000000,1.22,8.2,Motorcycle,41,4.4,High,Rain,Mumbra,2.29,True
TW104231,2026-07-02 17:21:00,2026-07-02 17:25:00.000000,2.31,4.0,Electric Scooter,40,4.1,Low,Clear,Dombivli,0.2,True
TW102014,2026-07-09 21:29:00,2026-07-09 21:51:06.000000,5.3,22.1,Scooter,24,4.6,Low,Overcast,Thane West,2.53,True
TW104892,2026-07-25 12:50:00,2026-07-25 13:00:42.000000,2.99,410.34013184543716,Scooter,42,4.3,High,Rain,Kalyan,2.61,True
TW100593,2026-07-19 00:18:00,2026-07-19 00:34:12.000000,4.46,16.2,Motorcycle,36,4.6,High,Clear,Dombivli,3.13,True
TW102882,2026-07-03 11:45:00,2026-07-03 11:56:12.000000,3.64,11.2,Electric Scooter,31,3.7,Low,Overcast,Mulund,3.71,True
TW100879,2026-07-19 05:40:00,2026-07-19 05:48:18.000000,18.958956938361826,8.3,Motorcycle,39,4.1,Low,Clear,Thane West,0.3,True
TW103635,2026-07-09 04:05:00,2026-07-09 04:21:06.000000,5.19,16.1,Electric Scooter,36,4.5,High,Clear,Vashi,0.44,True
TW101032,2026-07-24 12:27:00,2026-07-24 12:34:30.000000,2.58,7.5,Scooter,26,4.3,High,Clear,Bhandup,0.5,True
TW100344,2026-07-22 16:27:00,2026-07-22 16:39:00.000000,3.11,12.0,Motorcycle,32,4.2,Medium,Rain,Dombivli,1.18,True
TW100841,2026-07-02 06:18:00,2026-07-02 06:23:06.000000,1.74,5.1,Electric Scooter,44,4.1,High,Clear,Thane West,1.33,True
TW104554,2026-07-05 20:31:00,2026-07-05 21:03:42.000000,8.42,32.7,Motorcycle,43,3.9,High,Clear,Vashi,2.22,False
TW102473,2026-07-03 15:04:00,2026-07-03 15:17:36.000000,5.2,13.6,Motorcycle,34,4.1,High,Clear,Dombivli,0.61,True
TW104147,2026-07-11 23:44:00,2026-07-11 23:57:18.000000,6.13,13.3,Motorcycle,35,3.9,Medium,Clear,Mulund,1.26,True
TW103252,2026-07-27 21:31:00,2026-07-27 21:40:12.000000,3.87,9.2,Motorcycle,21,4.4,Medium,Overcast,Thane West,0.28,True
TW101863,2026-07-13 07:42:00,2026-07-13 07:58:42.000000,4.82,16.7,Scooter,31,4.3,High,Clear,Navi Mumbai,2.38,True
TW104020,2026-07-26 12:48:00,2026-07-26 12:58:30.000000,4.22,10.5,Scooter,23,4.6,Low,Clear,Mumbra,3.57,True
TW103393,2026-07-19 14:00:00,2026-07-19 14:07:48.000000,1.76,7.8,Motorcycle,27,3.8,High,Clear,Airoli,1.29,True
TW103719,2026-07-16 04:48:00,2026-07-16 05:02:48.000000,5.23,14.8,Scooter,25,4.7,Low,Clear,Navi Mumbai,0.2,True
TW102316,2026-07-04 11:38:00,2026-07-04 11:47:06.000000,2.11,9.1,Electric Scooter,26,5.0,High,Rain,Mulund,0.87,True
TW103178,2026-07-12 06:20:00,2026-07-12 06:29:54.000000,3.58,9.9,Scooter,19,3.5,Low,Clear,Mumbra,0.27,True
TW103788,2026-07-22 02:41:00,2026-07-22 03:03:18.000000,5.79,22.3,Scooter,25,4.6,High,Clear,Ghodbunder Road,2.05,True
TW103447,2026-07-07 23:45:00,2026-07-07 23:54:12.000000,4.06,9.2,Scooter,21,3.8,Medium,Clear,Bhandup,0.2,True
TW104440,2026-07-01 21:53:00,2026-07-01 22:26:54.000000,12.32,33.9,Motorcycle,44,4.7,Medium,Clear,Kalyan,0.96,False
TW103207,2026-07-22 08:01:00,2026-07-22 08:07:00.000000,2.27,6.0,Scooter,25,4.0,Low,Clear,Vashi,1.05,True
TW103098,2026-07-21 12:06:00,2026-07-21 12:10:00.000000,2.19,4.0,Scooter,20,3.9,High,Overcast,Bhandup,0.73,True
TW101809,2026-07-03 18:15:00,2026-07-03 18:36:36.000000,6.59,21.6,Scooter,19,4.3,High,Clear,Airoli,0.2,True
TW104038,2026-07-19 01:44:00,2026-07-19 02:28:18.000000,12.73,44.3,Motorcycle,25,4.5,High,Rain,Vashi,1.59,False
TW102909,2026-07-23 07:38:00,2026-07-23 08:42:06.000000,17.73,64.1,Motorcycle,23,4.5,Low,Clear,Ghodbunder Road,0.43,False
TW103355,2026-07-21 08:14:00,2026-07-21 08:25:36.000000,4.74,11.6,Motorcycle,37,4.3,Medium,Overcast,Airoli,4.85,True
TW101189,2026-07-17 03:20:00,2026-07-17 03:24:00.000000,3.55,4.0,Motorcycle,20,3.7,Medium,Clear,Thane West,10.56,True
TW102234,2026-07-15 05:17:00,2026-07-15 05:24:00.000000,3.7,7.0,Electric Scooter,41,4.1,High,Clear,Ghodbunder Road,0.2,True
TW104169,2026-07-29 20:50:00,2026-07-29 21:24:54.000000,10.27,34.9,Motorcycle,40,4.8,Low,Overcast,Mulund,3.02,False
TW101358,2026-07-21 01:20:00,2026-07-21 01:29:54.000000,2.88,9.9,Scooter,31,3.6,High,Overcast,Mulund,0.91,True
TW101489,2026-07-12 20:17:00,2026-07-12 20:41:30.000000,7.73,24.5,Scooter,41,3.5,High,Clear,Dombivli,0.2,True
TW103638,2026-07-03 15:39:00,2026-07-03 15:57:00.000000,5.73,18.0,Scooter,29,4.1,Low,Clear,Dombivli,0.89,True
TW101564,2026-07-22 07:34:00,2026-07-22 07:46:24.000000,3.07,12.4,Scooter,43,3.3,Medium,Clear,Navi Mumbai,13.48,True
TW103858,2026-07-01 00:43:00,2026-07-01 00:54:48.000000,5.52,11.8,Scooter,26,4.0,Medium,Clear,Bhandup,3.46,True
TW103530,2026-07-25 23:53:00,2026-07-26 00:16:12.000000,7.28,23.2,Electric Scooter,23,4.1,Medium,Clear,Navi Mumbai,3.42,True
TW104384,2026-07-07 06:04:00,2026-07-07 06:14:30.000000,3.28,10.5,Scooter,37,4.2,High,Clear,Kalyan,0.38,True
TW102518,2026-07-28 17:06:00,2026-07-28 17:16:00.000000,3.08,10.0,Scooter,41,4.1,Low,Clear,Dombivli,4.38,True
TW100125,2026-07-23 20:05:00,2026-07-23 20:19:24.000000,4.7,14.4,Electric Scooter,41,4.2,Medium,Clear,Kalyan,5.01,True
TW100364,2026-07-23 16:53:00,2026-07-23 17:02:00.000000,2.46,9.0,Scooter,38,4.0,Low,Clear,Dombivli,1.88,True
TW100117,2026-07-16 06:10:00,2026-07-16 06:17:30.000000,2.09,7.5,Scooter,36,4.2,High,Clear,Mumbra,0.2,True
TW104788,2026-07-09 10:57:00,2026-07-09 11:08:54.000000,2.06,11.9,Motorcycle,24,3.9,Low,,Mumbra,0.9,True
TW100629,2026-07-25 08:05:00,2026-07-25 08:32:42.000000,7.78,27.7,Scooter,36,4.1,Low,Clear,Dombivli,0.23,False
TW102575,2026-07-24 05:34:00,2026-07-24 05:38:00.000000,2.41,4.0,Electric Scooter,34,4.2,High,Clear,Kalyan,2.86,True
TW104930,2026-07-10 08:16:00,2026-07-10 08:20:00.000000,3.1,4.0,Scooter,44,4.1,Low,Clear,Bhandup,1.15,True
TW101685,2026-07-01 20:53:00,2026-07-01 20:57:00.000000,1.72,4.0,Motorcycle,24,4.2,Low,Clear,Bhandup,1.19,True
TW102012,2026-07-10 10:23:00,2026-07-10 10:32:18.000000,1.71,9.3,Motorcycle,37,4.4,Low,Clear,Navi Mumbai,3.45,True
TW101988,2026-07-09 21:52:00,2026-07-09 22:06:36.000000,3.85,14.6,Motorcycle,38,4.6,Low,Overcast,Navi Mumbai,0.2,True
TW101518,2026-07-26 03:20:00,2026-07-26 03:31:00.000000,3.81,11.0,Motorcycle,29,5.0,High,Overcast,Airoli,0.44,True
TW104899,2026-07-01 02:55:00,2026-07-01 03:21:00.000000,9.1,26.0,Motorcycle,20,4.5,High,Overcast,Navi Mumbai,2.82,False
TW101512,2026-07-19 12:59:00,2026-07-19 13:14:12.000000,6.13,15.2,Scooter,39,4.1,High,Rain,Airoli,0.55,True
TW103177,2026-07-01 17:29:00,2026-07-01 17:38:30.000000,4.32,9.5,Motorcycle,22,4.3,Low,Clear,Navi Mumbai,1.32,True
TW100975,2026-07-14 18:17:00,2026-07-14 18:25:00.000000,3.18,8.0,Scooter,21,3.8,High,Clear,Thane West,0.56,True
TW104624,2026-07-11 02:27:00,2026-07-11 02:55:00.000000,7.21,28.0,Scooter,19,4.7,Medium,Rain,Mumbra,0.8,False
TW103749,2026-07-20 20:35:00,2026-07-20 20:47:24.000000,4.03,12.4,Scooter,26,4.5,Low,Clear,Mumbra,1.09,True
TW104480,2026-07-26 08:35:00,2026-07-26 08:51:12.000000,6.34,16.2,Motorcycle,32,4.4,Medium,Clear,Bhandup,1.44,True
TW104257,2026-07-18 07:50:00,2026-07-18 08:06:00.000000,7.09,16.0,Scooter,26,4.4,Medium,Clear,Vashi,2.8,True
TW103058,2026-07-20 09:41:00,2026-07-20 09:49:30.000000,1.72,8.5,2-Wheeler,19,4.6,Low,Clear,Mumbra,2.26,True
TW101735,2026-07-23 10:35:00,2026-07-23 10:39:24.000000,1.93,4.4,Electric Scooter,23,3.8,High,Rain,Thane West,2.61,True
TW100477,2026-07-24 10:30:00,2026-07-24 10:34:00.000000,1.12,4.0,Scooter,29,4.5,Medium,Rain,Mulund,3.55,True
TW101797,2026-07-11 00:25:00,2026-07-11 01:01:42.000000,12.49,36.7,Motorcycle,36,4.6,Medium,Rain,Vashi,0.9,False
TW101005,2026-07-08 04:11:00,2026-07-08 04:31:12.000000,5.12,20.2,Motorcycle,42,3.7,Low,Clear,Ghodbunder Road,1.67,True
TW100631,2026-07-03 23:05:00,2026-07-03 23:26:30.000000,7.21,21.5,Scooter,44,4.6,Medium,Clear,Mumbra,0.3,True
TW104547,2026-07-21 17:47:00,2026-07-21 17:59:48.000000,4.82,12.8,Scooter,32,4.7,Low,Rain,Thane West,0.74,True
TW102640,2026-07-12 21:05:00,2026-07-12 21:09:00.000000,1.56,4.0,Motorcycle,39,4.7,Medium,Overcast,Mumbra,2.62,True
TW101520,2026-07-20 02:01:00,2026-07-20 02:05:00.000000,1.39,4.0,e-scooter,31,4.2,Medium,Clear,Navi Mumbai,0.67,True
TW104791,2026-07-13 23:59:00,2026-07-14 00:03:00.000000,0.9,4.0,Scooter,20,4.7,High,Clear,Ghodbunder Road,0.2,True
TW101398,2026-07-01 15:00:00,2026-07-01 15:04:12.000000,1.45,4.2,Motorcycle,35,4.1,Medium,Clear,Thane West,0.29,True
TW104214,2026-07-27 07:05:00,2026-07-27 07:09:00.000000,1.69,4.0,Motorcycle,27,4.6,High,Clear,Thane West,0.97,True
TW102328,2026-07-04 09:52:00,2026-07-04 10:12:06.000000,5.27,20.1,Motorcycle,31,4.3,Medium,Clear,Ghodbunder Road,5.58,True
TW104539,2026-07-26 14:12:00,2026-07-26 14:29:36.000000,6.26,17.6,Motorcycle,21,3.7,Low,Clear,Thane West,0.54,True
TW102937,2026-07-01 04:32:00,2026-07-01 04:37:48.000000,4.09,5.8,bike,26,3.8,Low,Clear,Thane West,4.18,True
TW104603,2026-07-21 14:02:00,2026-07-21 14:06:24.000000,2.2,4.4,Motorcycle,31,4.6,Low,Overcast,Airoli,1.82,True
TW102462,2026-07-29 21:07:00,2026-07-29 21:11:00.000000,1.69,4.0,Scooter,36,3.0,Low,Clear,Bhandup,1.7,True
TW103624,2026-07-15 18:01:00,2026-07-15 18:12:36.000000,3.6,11.6,Electric Scooter,28,3.8,Medium,Rain,Dombivli,0.2,True
TW102996,2026-07-01 00:57:00,2026-07-01 01:01:00.000000,2.31,4.0,Motorcycle,29,4.6,Low,Clear,Kalyan,1.08,True
TW102917,2026-07-13 19:14:00,2026-07-13 19:22:42.000000,2.52,8.7,Motorcycle,36,4.0,Low,Clear,Dombivli,4.67,True
TW103323,2026-07-09 01:58:00,2026-07-09 02:02:00.000000,0.62,4.0,Motorcycle,44,4.0,Medium,Clear,Dombivli,4.67,True
TW102620,2026-07-14 04:01:00,2026-07-14 04:08:48.000000,1.38,7.8,Motorcycle,39,4.7,Low,Overcast,Thane West,0.52,True
TW101997,2026-07-21 05:19:00,2026-07-21 05:23:00.000000,2.34,4.0,Electric Scooter,31,4.8,High,Rain,Dombivli,1.4,True
TW104301,2026-07-03 01:10:00,2026-07-03 01:28:36.000000,5.41,18.6,2-Wheeler,30,4.1,Medium,Clear,Airoli,0.29,True
TW103117,2026-07-08 00:14:00,2026-07-08 00:30:36.000000,5.05,16.6,Scooter,20,4.2,Medium,Clear,Navi Mumbai,1.37,True
TW101806,2026-07-28 18:08:00,2026-07-28 18:36:00.000000,9.73,28.0,Scooter,29,4.4,High,Clear,Mulund,7.4,False
TW104495,2026-07-13 06:18:00,2026-07-13 06:29:54.000000,4.18,11.9,Scooter,33,5.0,High,Clear,Navi Mumbai,6.28,True
TW101989,2026-07-22 05:36:00,2026-07-22 05:49:54.000000,3.7,13.9,Scooter,27,4.3,Medium,Clear,Kalyan,1.45,True
TW101575,2026-07-27 08:42:00,2026-07-27 08:53:36.000000,3.39,11.6,Electric Scooter,37,4.4,Low,Rain,Thane West,1.67,True
TW102599,2026-07-24 16:40:00,2026-07-24 16:57:48.000000,5.76,17.8,motorbike,34,4.6,Medium,Clear,Ghodbunder Road,,True
TW103950,2026-07-12 06:40:00,2026-07-12 06:51:00.000000,4.68,11.0,Motorcycle,26,4.8,Low,Clear,Dombivli,2.18,True
TW101198,2026-07-09 17:43:00,2026-07-09 17:55:06.000000,3.17,12.1,Motorcycle,27,4.0,Medium,Clear,Vashi,0.73,True
TW102368,2026-07-10 00:03:00,2026-07-10 00:11:12.000000,2.07,8.2,Scooter,21,4.0,High,Clear,Dombivli,0.2,True
TW103596,2026-07-29 23:01:00,2026-07-29 23:08:18.000000,2.05,-2.569372322143712,Scooter,23,4.2,High,Rain,Ghodbunder Road,2.66,True
TW100469,2026-07-09 03:19:00,2026-07-09 03:23:00.000000,2.3,4.0,Motorcycle,20,4.1,Low,Rain,Kalyan,1.83,True
TW104712,2026-07-04 10:56:00,2026-07-04 11:08:42.000000,4.16,12.7,Scooter,38,3.9,Low,Clear,Navi Mumbai,2.43,True
TW103893,2026-07-11 00:03:00,2026-07-11 00:12:24.000000,3.91,9.4,Scooter,29,4.8,Low,Clear,Ghodbunder Road,0.62,True
TW100866,2026-07-01 12:00:00,2026-07-01 12:04:00.000000,1.64,4.0,scooter ,32,3.8,High,Clear,Dombivli,0.2,True
TW100079,2026-07-12 09:49:00,2026-07-12 10:11:18.000000,6.75,22.3,Scooter,28,4.3,Low,Rain,Mulund,1.8,True
TW100533,2026-07-24 15:38:00,2026-07-24 15:52:24.000000,5.37,14.4,Scooter,24,4.5,Low,Rain,Dombivli,,True
TW101109,2026-07-07 21:31:00,2026-07-07 21:35:00.000000,2.01,4.0,Electric Scooter,38,4.1,Low,Clear,Ghodbunder Road,1.42,True
TW102338,2026-07-23 08:57:00,2026-07-23 09:13:42.000000,4.52,16.7,Electric Scooter,38,4.4,High,Overcast,Ghodbunder Road,1.46,True
TW104466,2026-07-29 00:21:00,2026-07-29 00:25:00.000000,0.83,4.0,Motorcycle,34,4.1,Medium,Clear,Vashi,0.82,True
TW104361,2026-07-24 17:22:00,2026-07-24 17:31:54.000000,2.93,9.9,Scooter,37,3.8,Medium,Clear,Ghodbunder Road,0.54,True
TW100164,2026-07-04 01:43:00,2026-07-04 01:54:48.000000,4.0,11.8,Motorcycle,44,3.7,Low,Clear,Mumbra,0.2,True
TW104014,2026-07-26 16:54:00,2026-07-26 17:05:06.000000,3.15,11.1,Scooter,33,4.4,Medium,Rain,Dombivli,1.17,True
TW104662,2026-07-06 12:15:00,2026-07-06 12:19:00.000000,1.66,4.0,Motorcycle,28,4.5,Medium,Clear,Bhandup,3.65,True
TW100875,2026-07-08 15:57:00,2026-07-08 16:06:18.000000,3.22,9.3,Electric Scooter,28,4.4,Medium,Clear,Mulund,3.79,True
TW100185,2026-07-22 22:41:00,2026-07-22 22:57:00.000000,4.17,16.0,Electric Scooter,37,4.0,Low,Clear,Kalyan,2.52,True
TW102165,2026-07-05 01:51:00,2026-07-05 02:03:06.000000,4.61,12.1,Motorcycle,20,4.8,,Overcast,Ghodbunder Road,3.45,True
TW102469,2026-07-30 10:16:00,2026-07-30 10:33:54.000000,5.78,17.9,Motorcycle,40,4.7,Low,Clear,Bhandup,2.9,True
TW101475,2026-07-24 07:04:00,2026-07-24 07:08:12.000000,2.9,4.2,Motorcycle,44,4.9,Low,Clear,Bhandup,1.85,True
TW100135,2026-07-22 08:54:00,2026-07-22 09:04:30.000000,5.02,10.5,Motorcycle,32,3.6,Low,Clear,Vashi,1.69,True
TW102419,2026-07-03 16:18:00,2026-07-03 16:32:24.000000,5.03,14.4,Scooter,19,4.3,High,Clear,Bhandup,1.21,True
TW103936,2026-07-05 11:33:00,2026-07-05 11:37:00.000000,0.59,4.0,Scooter,43,,,Clear,Mumbra,0.2,True
TW104598,2026-07-26 15:19:00,2026-07-26 15:23:00.000000,1.73,4.0,Electric Scooter,19,4.3,High,Clear,Dombivli,0.3,True
TW104422,2026-07-27 23:10:00,2026-07-27 23:21:00.000000,3.83,11.0,Scooter,23,3.9,Medium,Clear,Mumbra,0.2,True
TW103655,2026-07-28 12:13:00,2026-07-28 12:17:00.000000,2.81,4.0,Scooter,27,4.5,Medium,Clear,Dombivli,6.74,True
TW104414,2026-07-04 15:34:00,2026-07-04 15:38:00.000000,2.1,4.0,Scooter,33,4.3,Low,Clear,Thane West,0.2,True
TW102891,2026-07-17 07:10:00,2026-07-17 07:30:48.000000,9.34,20.8,Scooter,44,4.2,Medium,Rain,Mumbra,1.56,True
TW102097,2026-07-12 00:54:00,2026-07-12 01:03:54.000000,3.48,9.9,Scooter,40,4.0,High,Rain,Mumbra,4.68,True
TW104841,2026-07-11 08:26:00,2026-07-11 08:50:06.000000,28.062163965365116,24.1,Scooter,35,5.0,High,Overcast,Bhandup,0.87,True
TW103869,2026-07-09 17:28:00,2026-07-09 17:33:36.000000,1.96,5.6,Motorcycle,22,3.8,High,Clear,Vashi,0.48,True
TW102574,2026-07-04 12:42:00,2026-07-04 12:53:00.000000,6.06,11.0,Motorcycle,36,3.9,Medium,Clear,Ghodbunder Road,4.33,True
TW102500,2026-07-01 03:05:00,2026-07-01 03:15:48.000000,2.46,10.8,Motorcycle,35,4.1,High,Clear,Airoli,9.23,True
TW104743,2026-07-28 08:33:00,2026-07-28 08:48:42.000000,3.57,15.7,Scooter,29,4.4,Low,Clear,Vashi,3.03,True
TW102730,2026-07-16 12:18:00,2026-07-16 12:54:54.000000,11.62,36.9,Scooter,37,5.0,Low,Clear,Mumbra,0.2,False
TW101228,2026-07-30 04:02:00,2026-07-30 04:16:54.000000,4.21,14.9,Scooter,33,3.4,Low,Clear,Dombivli,0.23,True
TW100647,2026-07-08 05:07:00,2026-07-08 05:47:24.000000,11.57,40.4,Scooter,38,4.7,Low,Overcast,Thane West,0.64,False
TW104789,2026-07-23 19:47:00,2026-07-23 19:59:18.000000,2.55,12.3,Motorcycle,30,4.5,Medium,Clear,Ghodbunder Road,1.4,True
TW103105,2026-07-28 19:14:00,2026-07-28 19:23:42.000000,2.87,9.7,Motorcycle,19,4.4,Medium,Clear,Dombivli,4.61,True
TW102295,2026-07-16 03:33:00,2026-07-16 03:38:18.000000,1.18,5.3,Scooter,20,4.4,Low,Clear,Mulund,1.3,True
TW103038,2026-07-04 02:07:00,2026-07-04 02:24:24.000000,7.4,17.4,Electric Scooter,39,4.3,Medium,Clear,Dombivli,0.58,True
TW104433,2026-07-29 11:50:00,2026-07-29 11:55:24.000000,2.21,5.4,Scooter,43,3.8,Medium,Clear,Bhandup,0.4,True
TW100691,2026-07-06 04:20:00,2026-07-06 04:24:36.000000,1.25,4.6,Motorcycle,37,4.9,Low,Clear,Bhandup,2.11,True
TW101463,2026-07-18 11:14:00,2026-07-18 11:29:06.000000,5.86,15.1,Electric Scooter,37,3.8,High,Rain,Mumbra,2.38,True
TW101868,2026-07-10 16:15:00,2026-07-10 16:19:00.000000,2.44,4.0,Electric Scooter,31,4.0,Medium,Overcast,Airoli,3.43,True
TW102028,2026-07-30 13:04:00,2026-07-30 13:08:30.000000,1.54,4.5,Motorcycle,35,4.6,Low,Overcast,Mulund,4.98,True
TW104312,2026-07-20 07:46:00,2026-07-20 07:51:48.000000,3.22,5.8,Motorcycle,28,4.2,Medium,Clear,Mulund,2.17,True
TW101276,2026-07-30 00:19:00,2026-07-30 00:34:42.000000,5.56,15.7,Scooter,34,4.4,Low,Rain,Mumbra,1.52,True
TW100543,2026-07-27 09:40:00,2026-07-27 09:57:36.000000,3.09,17.6,motorbike,39,3.9,Low,Overcast,Vashi,0.2,True
TW102758,2026-07-19 19:23:00,2026-07-19 19:27:00.000000,0.87,4.0,Scooter,37,4.1,High,Clear,Mulund,3.14,True
TW104066,2026-07-29 16:18:00,2026-07-29 16:51:00.000000,9.29,33.0,Motorcycle,23,4.2,Low,Overcast,Mumbra,3.43,False
TW102486,2026-07-12 03:03:00,2026-07-12 03:09:30.000000,1.77,6.5,bike,31,4.1,Medium,Clear,Mulund,3.43,True
TW103598,2026-07-21 13:11:00,2026-07-21 13:18:30.000000,1.28,7.5,2-Wheeler,35,4.7,High,Clear,Mulund,0.94,True
TW101985,2026-07-12 17:32:00,2026-07-12 17:42:06.000000,17.36526507983474,10.1,Motorcycle,34,3.7,Medium,Clear,Mumbra,0.79,True
TW102908,2026-07-01 18:21:00,2026-07-01 18:42:18.000000,7.64,21.3,Motorcycle,20,4.6,Low,Clear,Thane West,1.46,True
TW102998,2026-07-01 00:53:00,2026-07-01 01:06:12.000000,5.67,13.2,Scooter,29,4.6,Medium,Overcast,Thane West,1.32,True
TW102374,2026-07-17 01:16:00,2026-07-17 01:32:42.000000,8.1,16.7,Scooter,28,4.2,Medium,Clear,Vashi,1.28,True
TW100226,2026-07-25 08:50:00,2026-07-25 09:03:36.000000,3.8,13.6,Electric Scooter,43,4.3,,Clear,Navi Mumbai,4.18,True
TW104927,2026-07-30 20:27:00,2026-07-30 20:31:00.000000,0.76,4.0,Motorcycle,39,3.7,Medium,Rain,Mumbra,3.09,True
TW100553,2026-07-17 09:24:00,2026-07-17 09:30:48.000000,2.41,6.8,Scooter,44,4.5,Low,Clear,Mulund,5.92,True
TW104157,2026-07-17 03:59:00,2026-07-17 04:11:24.000000,4.69,12.4,Motorcycle,44,4.9,Medium,Rain,Navi Mumbai,6.87,True
TW102932,2026-07-13 21:19:00,2026-07-13 21:28:06.000000,3.38,9.1,Scooter,31,2.9,Medium,Clear,Mulund,3.63,True
TW101732,2026-07-25 06:36:00,2026-07-25 06:40:00.000000,4.12,4.0,Scooter,32,4.2,Low,Clear,Ghodbunder Road,0.2,True
TW102059,2026-07-17 12:42:00,2026-07-17 12:48:06.000000,2.42,6.1,Motorcycle,25,4.3,Low,Clear,Thane West,1.53,True
TW102020,2026-07-22 08:05:00,2026-07-22 08:18:36.000000,5.41,13.6,2-Wheeler,33,4.5,High,,Airoli,4.66,True
TW104003,2026-07-07 18:41:00,2026-07-07 18:46:42.000000,2.75,5.7,Scooter,31,4.3,High,Rain,Thane West,0.53,True
TW103868,2026-07-02 18:09:00,2026-07-02 18:35:00.000000,11.33,26.0,Motorcycle,37,4.3,Low,Clear,Thane West,3.32,False
TW104890,2026-07-06 05:46:00,2026-07-06 05:53:42.000000,3.54,7.7,Motorcycle,44,4.1,Medium,Overcast,Kalyan,0.2,True
TW104802,2026-07-04 01:46:00,2026-07-04 02:01:54.000000,4.58,15.9,Motorcycle,42,4.2,Medium,Rain,Kalyan,0.2,True
TW101839,2026-07-28 13:49:00,2026-07-28 14:07:30.000000,5.24,18.5,Scooter,22,4.2,Medium,Clear,Navi Mumbai,0.4,True
TW104915,2026-07-03 16:48:00,2026-07-03 16:54:54.000000,2.35,6.9,Motorcycle,27,4.1,Low,Overcast,Ghodbunder Road,1.46,True
TW102107,2026-07-28 11:05:00,2026-07-28 11:29:12.000000,9.5,24.2,Electric Scooter,23,4.8,Low,Clear,Ghodbunder Road,0.56,True
TW103941,2026-07-06 05:30:00,2026-07-06 05:37:54.000000,2.27,7.9,Scooter,26,4.1,Medium,Rain,Ghodbunder Road,,True
TW103933,2026-07-16 01:12:00,2026-07-16 01:18:48.000000,2.81,6.8,Motorcycle,38,5.0,Low,Clear,Mulund,1.07,True
TW100661,2026-07-09 13:09:00,2026-07-09 13:19:36.000000,3.32,-1.3001137855134506,Scooter,33,4.3,High,Clear,Mulund,0.2,True
TW101635,2026-07-19 05:32:00,2026-07-19 05:44:00.000000,3.91,12.0,Scooter,32,3.9,High,Clear,Vashi,0.58,True
TW100348,2026-07-15 17:06:00,2026-07-15 17:22:24.000000,5.53,16.4,Scooter,32,,Medium,,Ghodbunder Road,1.01,True
TW100297,2026-07-06 17:41:00,2026-07-06 18:04:24.000000,7.31,23.4,2-Wheeler,39,4.0,Medium,Rain,Airoli,0.8,True
TW102583,2026-07-15 20:03:00,2026-07-15 19:39:02.823838,2.19,4.0,Motorcycle,27,3.9,Low,Clear,Airoli,0.2,True
TW103618,2026-07-11 19:51:00,2026-07-11 20:08:54.000000,5.23,17.9,Motorcycle,25,3.7,Low,Clear,Airoli,1.02,True
TW104300,2026-07-10 00:39:00,2026-07-10 00:50:12.000000,3.01,11.2,Scooter,21,,High,Rain,Mulund,3.78,True
TW103677,2026-07-07 15:43:00,2026-07-07 15:47:00.000000,0.72,4.0,Scooter,37,3.7,High,Overcast,Kalyan,8.9,True
TW102402,2026-07-04 03:14:00,2026-07-04 03:18:42.000000,2.22,4.7,Scooter,40,4.8,High,Rain,Navi Mumbai,0.2,True
TW104883,2026-07-11 16:55:00,2026-07-11 17:08:42.000000,5.81,13.7,Scooter,36,4.4,High,Overcast,Mulund,2.42,True
TW101033,2026-07-10 23:56:00,2026-07-11 00:11:36.000000,5.73,15.6,Electric Scooter,34,4.5,Medium,Clear,Bhandup,0.2,True
TW103702,2026-07-08 01:56:00,2026-07-08 02:05:36.000000,2.11,9.6,Electric Scooter,35,4.7,Low,Rain,Bhandup,1.63,True
TW103817,2026-07-03 13:31:00,2026-07-03 13:43:00.000000,4.28,12.0,Electric Scooter,29,4.3,Medium,Rain,Mumbra,0.66,True
TW101233,2026-07-30 13:02:00,2026-07-30 13:06:00.000000,1.78,4.0,Electric Scooter,24,4.8,Low,Clear,Navi Mumbai,0.42,True
TW104891,2026-07-09 18:52:00,2026-07-09 19:00:30.000000,3.35,8.5,Electric Scooter,29,3.8,Low,Clear,Ghodbunder Road,0.23,True
TW103800,2026-07-13 17:41:00,2026-07-13 17:50:42.000000,4.08,9.7,Electric Scooter,21,4.6,Low,Clear,Kalyan,0.36,True
TW101585,2026-07-18 03:15:00,2026-07-18 03:23:30.000000,1.39,8.5,Bike,25,4.1,Medium,Clear,Kalyan,0.28,True
TW101946,2026-07-10 11:49:00,2026-07-10 11:57:06.000000,4.64,8.1,Scooter,22,4.2,Medium,Overcast,Mumbra,0.32,True
TW101591,2026-07-19 23:46:00,2026-07-20 00:23:36.000000,10.7,37.6,Scooter,28,3.3,Low,Rain,Mumbra,2.87,False
TW104217,2026-07-12 06:44:00,2026-07-12 06:53:06.000000,1.78,9.1,Motorcycle,36,4.5,Low,Clear,Mumbra,1.52,True
TW100656,2026-07-21 07:50:00,2026-07-21 07:54:36.000000,1.98,4.6,Motorcycle,33,4.7,Medium,Clear,Mulund,1.59,True
TW102199,2026-07-15 11:00:00,2026-07-15 11:04:42.000000,4.0,4.7,Scooter,19,5.0,Medium,Clear,Bhandup,4.14,True
TW104969,2026-07-13 11:03:00,2026-07-13 11:21:54.000000,5.1,18.9,Motorcycle,39,3.6,Medium,Rain,Navi Mumbai,1.8,True
TW103184,2026-07-26 23:40:00,2026-07-26 23:45:12.000000,1.48,5.2,Scooter,27,4.5,Medium,Clear,Mulund,0.41,True
TW101896,2026-07-01 20:14:00,2026-07-01 20:24:00.000000,3.82,10.0,Motorcycle,27,4.0,Medium,Rain,Bhandup,4.61,True
TW103558,2026-07-30 04:33:00,2026-07-30 04:45:00.000000,3.83,12.0,Scooter,39,4.5,Low,Clear,Bhandup,0.96,True
TW104226,2026-07-26 16:14:00,2026-07-26 16:18:00.000000,2.65,4.0,Scooter,25,4.4,Medium,Clear,Airoli,0.25,True
TW101722,2026-07-03 16:44:00,2026-07-03 17:02:48.000000,4.24,18.8,Motorcycle,20,3.4,High,Rain,Vashi,5.77,True
TW100133,2026-07-28 10:07:00,2026-07-28 10:21:42.000000,4.73,14.7,Scooter,34,4.9,High,Clear,Mumbra,0.26,True
TW104096,2026-07-28 06:49:00,2026-07-28 06:53:00.000000,1.72,4.0,Electric Scooter,34,4.8,Medium,Clear,Ghodbunder Road,3.18,True
TW104347,2026-07-30 14:54:00,2026-07-30 15:10:54.000000,6.48,16.9,Motorcycle,20,4.0,Low,Rain,Navi Mumbai,2.5,True
TW101887,2026-07-10 16:49:00,2026-07-10 17:04:54.000000,4.7,15.9,Motorcycle,37,3.9,High,Clear,Airoli,2.16,True
TW104708,2026-07-24 17:43:00,2026-07-24 17:50:12.000000,3.74,7.2,Motorcycle,35,4.4,High,Clear,Kalyan,2.32,True
TW100577,2026-07-26 05:24:00,2026-07-26 05:34:12.000000,4.5,10.2,Motorcycle,21,4.1,Medium,Clear,Vashi,2.0,True
TW103143,2026-07-14 18:04:00,2026-07-14 18:17:30.000000,5.65,-10.542486498823454,Scooter,36,4.0,Medium,Clear,Mumbra,1.79,True
TW100238,2026-07-07 09:27:00,2026-07-07 09:34:12.000000,0.91,7.2,Scooter,42,4.8,Medium,Rain,Mulund,2.52,True
TW102370,2026-07-07 12:36:00,2026-07-07 12:40:00.000000,0.54,4.0,Motorcycle,41,4.1,High,Clear,Bhandup,0.63,True
TW104681,2026-07-08 05:14:00,2026-07-08 05:24:48.000000,1.48,10.8,Scooter,32,4.2,Low,Clear,Bhandup,2.0,True
TW100956,2026-07-07 19:35:00,2026-07-07 19:46:24.000000,4.12,11.4,Motorcycle,37,4.8,Low,Rain,Bhandup,4.9,True
TW101953,2026-07-08 21:34:00,2026-07-08 21:53:48.000000,9.02,19.8,Electric Scooter,29,4.4,High,Clear,Vashi,0.42,True
TW103289,2026-07-25 09:14:00,2026-07-25 09:21:00.000000,2.56,7.0,Scooter,28,4.0,Medium,Rain,Vashi,0.27,True
TW101878,2026-07-16 14:18:00,2026-07-16 14:29:06.000000,3.62,11.1,Electric Scooter,36,3.9,Medium,Clear,Bhandup,2.9,True
TW100729,2026-07-13 10:03:00,2026-07-13 10:08:00.000000,2.27,5.0,Electric Scooter,19,4.6,Low,Clear,Navi Mumbai,3.5,True
TW104719,2026-07-19 18:09:00,2026-07-19 18:18:06.000000,3.24,9.1,Scooter,26,4.4,High,Rain,Airoli,0.2,True
TW101009,2026-07-28 19:43:00,2026-07-28 19:48:18.000000,1.85,5.3,Motorcycle,33,4.6,Low,Clear,Bhandup,1.6,True
TW100549,2026-07-29 12:50:00,2026-07-29 12:54:00.000000,0.61,4.0,Scooter,26,3.5,High,Clear,Mulund,1.35,True
TW101359,2026-07-15 22:43:00,2026-07-15 23:04:48.000000,6.76,21.8,Motorcycle,39,4.5,Medium,Clear,Airoli,1.1,True
TW103108,2026-07-03 14:57:00,2026-07-03 15:06:06.000000,3.3,9.1,Scooter,31,4.1,Low,Clear,Dombivli,0.4,True
TW104206,2026-07-05 00:59:00,2026-07-05 01:09:24.000000,2.44,10.4,Scooter,38,3.9,Low,Clear,Thane West,1.69,True
TW100159,2026-07-01 03:10:00,2026-07-01 03:15:06.000000,1.94,5.1,Electric Scooter,26,4.2,Medium,Clear,Dombivli,0.72,True
TW102936,2026-07-27 12:25:00,2026-07-27 12:35:48.000000,3.27,10.8,Scooter,35,4.6,High,Clear,Vashi,4.28,True
TW100609,2026-07-10 15:56:00,2026-07-10 16:00:00.000000,1.43,4.0,Motorcycle,21,4.6,High,Clear,Mumbra,,True
TW100291,2026-07-04 23:18:00,2026-07-04 23:37:24.000000,6.36,19.4,Motorcycle,21,4.0,Medium,Clear,Ghodbunder Road,0.87,True
TW102974,2026-07-18 00:53:00,2026-07-18 01:15:54.000000,6.77,22.9,Scooter,43,4.8,Low,Clear,Dombivli,1.14,True
TW100745,2026-07-18 11:08:00,2026-07-18 11:20:42.000000,3.64,12.7,Scooter,21,4.3,Low,Clear,Mumbra,0.51,True
TW100775,2026-07-14 02:35:00,2026-07-14 02:55:48.000000,7.67,20.8,Scooter,22,4.6,Low,Clear,Vashi,,True
TW102746,2026-07-29 12:53:00,2026-07-29 13:00:12.000000,1.7,7.2,Motorcycle,22,4.4,High,Clear,Vashi,0.2,True
TW102670,2026-07-09 01:54:00,2026-07-09 02:05:54.000000,3.07,11.9,Motorcycle,44,3.8,Medium,Clear,Dombivli,0.57,True
TW101457,2026-07-21 21:08:00,2026-07-21 21:15:18.000000,1.56,7.3,Motorcycle,43,4.3,High,Clear,Thane West,1.18,True
TW103235,2026-07-26 08:50:00,2026-07-26 08:55:18.000000,2.28,5.3,2-Wheeler,42,3.7,Low,Clear,Vashi,0.9,True
TW100263,2026-07-22 21:09:00,2026-07-22 21:22:18.000000,5.37,13.3,Scooter,36,3.4,Low,Rain,Thane West,0.54,True
TW101255,2026-07-15 01:24:00,2026-07-15 01:28:00.000000,0.94,4.0,scooter ,19,5.0,Medium,Clear,Kalyan,1.81,True
TW104398,2026-07-08 11:59:00,2026-07-08 12:13:12.000000,4.73,14.2,Motorcycle,42,5.0,Medium,Overcast,Mulund,1.22,True
TW101771,2026-07-30 00:34:00,2026-07-30 00:38:54.000000,1.21,4.9,Electric Scooter,35,4.0,Medium,Overcast,Dombivli,1.95,True
TW104084,2026-07-25 05:51:00,2026-07-25 06:04:18.000000,3.08,13.3,Motorcycle,30,4.7,Low,Rain,Airoli,0.2,True
TW102975,2026-07-12 04:36:00,2026-07-12 04:48:06.000000,5.06,12.1,Scooter,44,4.3,High,Overcast,Kalyan,8.39,True
TW101199,2026-07-26 00:34:00,2026-07-26 00:48:54.000000,6.05,14.9,Scooter,27,4.0,,Clear,Mulund,2.66,True
TW104805,2026-07-09 09:44:00,2026-07-09 09:56:06.000000,5.22,12.1,Scooter,39,4.3,Low,Rain,Airoli,5.99,True
TW104245,2026-07-24 10:53:00,2026-07-24 10:58:24.000000,2.39,5.4,Scooter,21,4.1,Medium,Overcast,Thane West,0.7,True
TW104167,2026-07-07 11:25:00,2026-07-07 11:40:54.000000,6.51,15.9,Motorcycle,43,4.3,Low,Clear,Thane West,2.32,True
TW100089,2026-07-07 22:10:00,2026-07-07 22:14:00.000000,1.85,4.0,Scooter,41,4.7,Low,Clear,Thane West,1.05,True
TW104213,2026-07-10 06:19:00,2026-07-10 06:43:12.000000,7.51,24.2,Motorcycle,36,4.1,High,Overcast,Mulund,0.63,True
TW101511,2026-07-14 07:19:00,2026-07-14 07:28:00.000000,2.88,9.0,Scooter,36,4.0,Low,Clear,Vashi,0.81,True
TW102369,2026-07-21 08:41:00,2026-07-21 09:01:00.000000,6.45,20.0,Electric Scooter,23,3.9,High,Rain,Kalyan,2.29,True
TW104866,2026-07-06 15:14:00,2026-07-06 15:26:00.000000,4.82,12.0,Motorcycle,33,4.5,Low,Overcast,Mumbra,0.2,True
TW100459,2026-07-24 22:00:00,2026-07-24 22:04:00.000000,2.13,4.0,Motorcycle,28,4.3,Low,Clear,Navi Mumbai,0.63,True
TW102217,2026-07-28 05:42:00,2026-07-28 05:46:00.000000,0.55,4.0,Electric Scooter,20,4.4,Medium,Clear,Mumbra,0.31,True
TW104324,2026-07-11 10:04:00,2026-07-11 10:10:06.000000,2.01,6.1,Electric Scooter,30,5.0,Medium,Rain,Kalyan,0.86,True
TW103645,2026-07-12 15:56:00,2026-07-12 16:11:48.000000,5.41,15.8,Scooter,35,5.0,Medium,Clear,Airoli,0.27,True
TW104337,2026-07-03 16:34:00,2026-07-03 16:50:42.000000,6.33,16.7,Electric Scooter,33,4.8,Low,Rain,Bhandup,7.79,True
TW101937,2026-07-13 15:03:00,2026-07-13 15:13:48.000000,2.13,10.8,Motorcycle,25,4.6,Medium,Clear,Thane West,2.89,True
TW103027,2026-07-08 17:40:00,2026-07-08 18:00:18.000000,8.71,20.3,Motorcycle,42,4.6,,Clear,Dombivli,2.34,True
TW104094,2026-07-09 07:42:00,2026-07-09 07:47:24.000000,2.72,5.4,Electric Scooter,36,4.1,Medium,Clear,Ghodbunder Road,0.24,True
TW102318,2026-07-29 10:58:00,2026-07-29 11:02:00.000000,2.66,4.0,Motorcycle,28,4.1,Medium,Overcast,Airoli,0.51,True
TW103183,2026-07-29 22:17:00,2026-07-29 22:23:18.000000,2.64,6.3,Motorcycle,31,4.3,Medium,Clear,Dombivli,0.2,True
TW103588,2026-07-09 12:40:00,2026-07-09 12:44:00.000000,1.44,4.0,Electric Scooter,30,3.3,High,Rain,Ghodbunder Road,1.12,True
TW100496,2026-07-03 23:05:00,2026-07-03 23:17:36.000000,5.16,12.6,Scooter,20,3.6,Medium,Clear,Mumbra,1.25,True
TW100220,2026-07-24 14:59:00,2026-07-24 15:18:12.000000,5.38,19.2,Motorcycle,44,,Low,Clear,Navi Mumbai,0.71,True
TW104500,2026-07-18 12:48:00,2026-07-18 12:53:00.000000,2.19,5.0,Motorcycle,37,4.0,Low,Rain,Bhandup,0.94,True
TW102925,2026-07-04 12:42:00,2026-07-04 12:49:00.000000,2.3,7.0,Electric Scooter,20,4.8,Medium,Clear,Mulund,1.56,True
TW100920,2026-07-26 09:20:00,2026-07-26 09:30:18.000000,4.84,10.3,Electric Scooter,42,3.8,Low,Overcast,Mulund,1.52,True
TW104798,2026-07-10 21:49:00,2026-07-10 22:03:36.000000,5.38,215.35976793303556,Motorcycle,33,4.3,Low,Rain,Mumbra,1.15,True
TW100984,2026-07-28 23:06:00,2026-07-28 23:14:24.000000,2.36,8.4,Electric Scooter,40,4.4,Medium,Overcast,Dombivli,2.11,True
TW104818,2026-07-24 14:58:00,2026-07-24 15:11:48.000000,2.86,13.8,Electric Scooter,21,3.1,Low,Rain,Mumbra,5.16,True
TW101915,2026-07-04 21:13:00,2026-07-04 21:23:36.000000,3.55,10.6,Motorcycle,33,4.3,Medium,Rain,Vashi,0.98,True
TW100312,2026-07-03 20:07:00,2026-07-03 20:11:00.000000,1.53,4.0,Motorcycle,39,4.3,High,Clear,Vashi,2.25,True
TW103213,2026-07-14 12:05:00,2026-07-14 12:46:06.000000,12.56,41.1,Motorcycle,32,5.0,Medium,Clear,Airoli,0.71,False
TW102441,2026-07-14 21:38:00,2026-07-14 21:43:18.000000,2.66,5.3,Scooter,39,4.0,Medium,Rain,Bhandup,1.3,True
TW103454,2026-07-08 17:21:00,2026-07-08 17:45:30.000000,6.26,24.5,Motorcycle,28,4.7,Low,Rain,Thane West,2.7,True
TW103828,2026-07-30 02:13:00,2026-07-30 02:19:24.000000,1.03,6.4,e-scooter,25,4.1,Medium,Clear,Mulund,0.2,True
TW100677,2026-07-21 07:09:00,2026-07-21 07:31:06.000000,8.29,22.1,Scooter,35,4.2,High,Clear,Navi Mumbai,0.2,True
TW100165,2026-07-18 00:00:00,2026-07-18 00:10:42.000000,4.48,10.7,Motorcycle,44,4.1,Low,Clear,Ghodbunder Road,1.11,True
TW104424,2026-07-01 05:16:00,2026-07-01 05:20:00.000000,1.95,4.0,Bike,36,4.2,Medium,Clear,Bhandup,0.3,True
TW102133,2026-07-30 20:43:00,2026-07-30 20:52:24.000000,2.73,9.4,Motorcycle,39,4.6,Low,Clear,Mulund,0.86,True
TW102131,2026-07-03 11:07:00,2026-07-03 11:15:18.000000,4.54,8.3,Scooter,21,4.8,High,Clear,Ghodbunder Road,0.56,True
TW102254,2026-07-06 11:54:00,2026-07-06 12:01:24.000000,1.63,7.4,Motorcycle,31,4.5,Medium,Rain,Mumbra,1.31,True
TW104199,2026-07-14 21:56:00,2026-07-14 22:06:12.000000,3.77,10.2,Motorcycle,41,5.0,High,Clear,Kalyan,0.24,True
TW103266,2026-07-26 00:04:00,2026-07-26 00:20:12.000000,4.92,16.2,Scooter,44,5.0,Low,Clear,Thane West,8.02,True
TW100734,2026-07-29 18:07:00,2026-07-29 18:15:36.000000,3.54,8.6,Scooter,36,3.7,High,Rain,Bhandup,5.94,True
TW103737,2026-07-27 22:25:00,2026-07-27 22:32:42.000000,1.9,7.7,Scooter,38,4.3,High,Rain,Bhandup,1.16,True
TW100694,2026-07-02 10:34:00,2026-07-02 10:44:54.000000,4.1,10.9,Motorcycle,37,4.1,Medium,Clear,Kalyan,6.63,True
TW103237,2026-07-01 12:27:00,2026-07-01 12:46:00.000000,5.74,19.0,Motorcycle,22,4.4,Medium,Clear,Bhandup,1.61,True
TW103915,2026-07-21 23:34:00,2026-07-21 23:58:18.000000,8.69,24.3,Scooter,19,4.5,Medium,Clear,Dombivli,3.88,True
TW104593,2026-07-23 17:59:00,2026-07-23 18:03:36.000000,2.76,4.6,Motorcycle,25,,Low,Clear,Dombivli,0.2,True
TW104056,2026-07-14 04:29:00,2026-07-14 04:14:58.351907,2.3,7.0,Electric Scooter,29,4.4,High,Overcast,Bhandup,0.94,True
TW101348,2026-07-12 06:06:00,2026-07-12 06:10:00.000000,1.04,4.0,Motorcycle,37,3.9,High,Clear,Ghodbunder Road,1.43,True
TW104442,2026-07-02 22:53:00,2026-07-02 23:00:54.000000,3.18,7.9,Scooter,19,,Medium,Clear,Navi Mumbai,0.31,True
TW103999,2026-07-30 21:35:00,2026-07-30 21:41:30.000000,2.17,6.5,Electric Scooter,44,4.5,Medium,Clear,Bhandup,1.56,True
TW102258,2026-07-15 10:57:00,2026-07-15 11:01:06.000000,1.13,4.1,Motorcycle,25,4.2,Low,Clear,Vashi,0.2,True
TW102615,2026-07-17 23:18:00,2026-07-17 23:43:30.000000,7.31,25.5,Electric Scooter,44,3.2,High,Overcast,Dombivli,0.24,False
TW100514,2026-07-02 21:56:00,2026-07-02 22:05:54.000000,3.55,9.9,Electric Scooter,28,4.7,Low,Overcast,Dombivli,2.3,True
TW102862,2026-07-08 14:48:00,2026-07-08 14:58:12.000000,2.15,10.2,Scooter,40,3.6,Low,Clear,Dombivli,3.4,True
TW103949,2026-07-22 00:02:00,2026-07-22 00:11:00.000000,2.54,9.0,Motorcycle,34,4.2,,Clear,Airoli,0.2,True
TW103430,2026-07-11 20:16:00,2026-07-11 20:26:54.000000,4.62,10.9,Scooter,42,3.8,,Clear,Airoli,2.9,True
TW104659,2026-07-20 17:55:00,2026-07-20 18:00:36.000000,3.2,5.6,Scooter,20,4.4,Medium,Overcast,Navi Mumbai,1.72,True
TW104741,2026-07-19 10:09:00,2026-07-19 10:27:00.000000,5.1,18.0,Scooter,40,4.7,Medium,Overcast,Ghodbunder Road,1.49,True
TW101011,2026-07-26 13:28:00,2026-07-26 13:37:54.000000,2.74,9.9,Scooter,22,4.0,Low,Clear,Mumbra,0.68,True
TW100890,2026-07-30 07:50:00,2026-07-30 07:54:00.000000,2.22,4.0,Electric Scooter,31,4.5,Medium,Clear,Vashi,0.68,True
TW102791,2026-07-28 05:40:00,2026-07-28 05:45:06.000000,2.69,5.1,Motorcycle,31,4.4,Low,Clear,Mumbra,3.22,True
TW101637,2026-07-18 16:39:00,2026-07-18 16:53:48.000000,4.51,14.8,Scooter,41,3.6,Medium,Clear,Thane West,2.05,True
TW103460,2026-07-21 23:46:00,2026-07-21 23:56:42.000000,3.8,10.7,Scooter,29,4.1,High,Rain,Airoli,1.01,True
TW104728,2026-07-29 08:15:00,2026-07-29 08:22:42.000000,2.52,7.7,Electric Scooter,39,3.9,Medium,Rain,Mulund,2.97,True
TW103965,2026-07-03 19:02:00,2026-07-03 19:09:36.000000,3.23,7.6,Scooter,22,4.7,Low,Clear,Airoli,1.86,True
TW100194,2026-07-30 09:25:00,2026-07-30 09:35:36.000000,3.16,10.6,Scooter,38,4.3,Medium,Clear,Mulund,2.3,True
TW100513,2026-07-30 07:44:00,2026-07-30 07:58:36.000000,4.82,14.6,Motorcycle,38,4.2,High,Clear,Navi Mumbai,2.6,True
TW101638,2026-07-02 16:54:00,2026-07-02 17:01:54.000000,2.34,7.9,Scooter,23,3.9,High,Clear,Kalyan,0.87,True
TW101455,2026-07-18 13:42:00,2026-07-18 13:52:24.000000,5.04,10.4,Scooter,41,4.6,High,Clear,Bhandup,5.81,True
TW104305,2026-07-26 02:19:00,2026-07-26 02:37:00.000000,6.16,18.0,Motorcycle,34,4.0,Medium,Clear,Thane West,0.23,True
TW104044,2026-07-07 05:32:00,2026-07-07 05:36:00.000000,1.56,4.0,Motorcycle,19,5.0,Medium,Clear,Kalyan,3.25,True
TW100635,2026-07-04 04:20:00,2026-07-04 04:33:24.000000,5.74,13.4,Motorcycle,42,4.2,Medium,Clear,Dombivli,0.7,True
TW104815,2026-07-26 16:12:00,2026-07-26 16:16:00.000000,2.96,4.0,Motorcycle,21,3.8,Medium,Clear,Mulund,4.62,True
TW100087,2026-07-12 13:18:00,2026-07-12 13:26:24.000000,1.65,8.4,Electric Scooter,19,4.5,Medium,Clear,Mulund,0.79,True
TW101369,2026-07-17 06:15:00,2026-07-17 06:27:42.000000,2.75,12.7,Scooter,22,3.9,High,Clear,Ghodbunder Road,8.79,True
TW104566,2026-07-21 11:08:00,2026-07-21 11:29:54.000000,6.26,21.9,Scooter,27,5.0,High,Clear,Mulund,5.2,True
TW100190,2026-07-29 02:35:00,2026-07-29 02:39:00.000000,0.87,4.0,Scooter,42,4.3,Low,Clear,Mulund,0.2,True
TW103824,2026-07-22 06:32:00,2026-07-22 06:48:06.000000,6.57,16.1,Electric Scooter,33,4.3,Medium,Rain,Navi Mumbai,0.27,True
TW100178,2026-07-24 05:48:00,2026-07-24 05:52:00.000000,13.486974530060145,4.0,Electric Scooter,33,3.6,Medium,Clear,Ghodbunder Road,0.63,True
TW103924,2026-07-01 01:21:00,2026-07-01 01:40:48.000000,7.48,19.8,Scooter,41,4.5,High,Rain,Navi Mumbai,7.5,True
TW103840,2026-07-30 10:27:00,2026-07-30 11:06:12.000000,12.36,-5.04434254308219,Scooter,19,4.9,Medium,Clear,Airoli,2.08,False
TW102588,2026-07-11 03:13:00,2026-07-11 03:17:00.000000,1.5,4.0,Scooter,39,4.2,High,Clear,Dombivli,0.29,True
TW103464,2026-07-21 23:39:00,2026-07-21 23:53:54.000000,3.09,14.9,Scooter,27,4.8,Low,Overcast,Thane West,1.79,True
TW101687,2026-07-18 22:06:00,2026-07-18 22:12:54.000000,3.86,6.9,Scooter,40,3.8,Medium,Clear,Mulund,0.56,True
TW103321,2026-07-26 22:45:00,2026-07-26 22:49:00.000000,2.42,4.0,Motorcycle,42,3.8,Low,Clear,Bhandup,0.89,True
TW101128,2026-07-22 14:34:00,2026-07-22 14:44:24.000000,4.78,10.4,Motorcycle,44,4.6,Medium,Rain,Ghodbunder Road,0.39,True
TW103067,2026-07-23 09:03:00,2026-07-23 09:19:42.000000,3.83,16.7,Motorcycle,41,4.0,Medium,Clear,Kalyan,2.05,True
TW103145,2026-07-21 14:05:00,2026-07-21 14:13:24.000000,3.93,8.4,Motorcycle,36,4.8,,Clear,Thane West,0.81,True
TW102559,2026-07-03 12:15:00,2026-07-03 12:42:24.000000,12.12,27.4,Scooter,25,,Low,Clear,Dombivli,0.79,False
TW101023,2026-07-14 03:34:00,2026-07-14 04:07:24.000000,12.21,33.4,Scooter,43,4.1,Medium,Clear,Dombivli,2.9,False
TW104567,2026-07-08 23:19:00,2026-07-08 23:25:48.000000,2.03,6.8,Scooter,30,4.4,High,Clear,Thane West,5.9,True
TW100398,2026-07-05 21:04:00,2026-07-05 21:13:00.000000,3.18,9.0,Motorcycle,26,4.4,High,Overcast,Kalyan,2.53,True
TW100035,2026-07-13 02:50:00,2026-07-13 03:39:48.000000,13.35,49.8,Motorcycle,33,4.8,High,Clear,Thane West,5.63,False
TW102253,2026-07-24 12:17:00,2026-07-24 12:34:12.000000,3.88,17.2,Motorcycle,38,,Low,Rain,Dombivli,3.3,True
TW102656,2026-07-14 06:20:00,2026-07-14 06:24:00.000000,1.57,4.0,Electric Scooter,39,4.7,Medium,Clear,Kalyan,0.82,True
TW100252,2026-07-07 20:57:00,2026-07-07 21:01:00.000000,1.78,4.0,Scooter,38,3.8,High,,Kalyan,1.57,True
TW102940,2026-07-16 21:04:00,2026-07-16 21:11:36.000000,3.69,7.6,Motorcycle,38,4.3,Medium,Clear,Kalyan,0.72,True
TW101875,2026-07-14 07:45:00,2026-07-14 07:53:12.000000,0.83,8.2,2-Wheeler,44,5.0,Medium,,Navi Mumbai,1.77,True
TW100228,2026-07-05 12:39:00,2026-07-05 12:53:36.000000,3.75,14.6,Scooter,33,5.0,Medium,Overcast,Kalyan,0.48,True
TW103051,2026-07-01 21:44:00,2026-07-01 21:51:42.000000,3.02,7.7,Electric Scooter,21,3.9,Low,Clear,Kalyan,1.44,True
TW101748,2026-07-12 02:28:00,2026-07-12 02:32:00.000000,0.77,4.0,Scooter,30,4.4,Medium,Clear,Mulund,1.3,True
TW101644,2026-07-06 14:22:00,2026-07-06 14:27:24.000000,1.43,5.4,Electric Scooter,39,4.3,High,Clear,Mulund,0.89,True
TW104155,2026-07-28 06:43:00,2026-07-28 06:55:24.000000,2.34,12.4,Scooter,25,4.8,Medium,Clear,Thane West,2.73,True
TW101609,2026-07-07 09:17:00,2026-07-07 09:30:00.000000,5.26,13.0,2-Wheeler,21,4.9,Low,Clear,Thane West,0.2,True
TW102366,2026-07-01 01:13:00,2026-07-01 01:33:48.000000,7.37,20.8,Scooter,20,4.3,Low,Rain,Mulund,0.82,True
TW104725,2026-07-21 02:11:00,2026-07-21 02:17:42.000000,2.49,6.7,Electric Scooter,20,4.5,Medium,Clear,Airoli,0.55,True
TW101019,2026-07-02 11:06:00,2026-07-02 11:15:48.000000,2.6,9.8,Scooter,41,4.7,High,Clear,Navi Mumbai,0.21,True
TW100275,2026-07-20 04:21:00,2026-07-20 05:12:06.000000,13.37,51.1,Motorcycle,33,3.7,High,Clear,Airoli,3.13,False
TW102082,2026-07-27 09:45:00,2026-07-27 10:19:36.000000,10.74,34.6,Scooter,39,4.7,High,Clear,Mulund,1.44,False
TW103994,2026-07-01 10:40:00,2026-07-01 10:48:12.000000,2.31,8.2,Motorcycle,28,4.4,Low,Clear,Vashi,0.74,True
TW101786,2026-07-13 19:59:00,2026-07-13 20:15:36.000000,5.39,16.6,Scooter,27,3.8,Low,Clear,Mulund,1.29,True
TW102123,2026-07-19 09:38:00,2026-07-19 09:51:18.000000,3.97,13.3,Scooter,37,4.1,Medium,Rain,Kalyan,0.2,True
TW102221,2026-07-11 12:58:00,2026-07-11 13:02:24.000000,1.36,4.4,Motorcycle,33,4.0,Medium,Clear,Ghodbunder Road,4.11,True
TW103691,2026-07-22 00:54:00,2026-07-22 01:05:12.000000,5.55,11.2,Motorcycle,26,,High,Clear,Ghodbunder Road,0.21,True
TW101075,2026-07-07 05:36:00,2026-07-07 06:08:48.000000,9.53,32.8,Scooter,32,4.0,Medium,Overcast,Ghodbunder Road,2.3,False
TW102949,2026-07-18 07:15:00,2026-07-18 07:38:54.000000,8.0,23.9,Scooter,25,3.5,Low,Rain,Kalyan,5.88,True
TW103860,2026-07-12 06:53:00,2026-07-12 07:11:48.000000,4.81,18.8,Scooter,23,4.5,Low,Overcast,Ghodbunder Road,0.2,True
TW104544,2026-07-04 11:07:00,2026-07-04 11:12:42.000000,2.08,5.7,Scooter,19,4.0,High,Clear,Navi Mumbai,1.53,True
TW103903,2026-07-28 08:37:00,2026-07-28 08:53:18.000000,5.47,16.3,Motorcycle,42,4.1,Low,Clear,Ghodbunder Road,2.74,True
TW101849,2026-07-23 13:10:00,2026-07-23 13:22:42.000000,3.28,12.7,Motorcycle,26,,Low,Clear,Dombivli,0.89,True
TW103735,2026-07-14 21:02:00,2026-07-14 21:06:00.000000,1.98,4.0,Scooter,26,4.8,High,Rain,Vashi,2.29,True
TW102795,2026-07-14 04:19:00,2026-07-14 04:35:30.000000,4.56,16.5,Motorcycle,39,4.4,Medium,Clear,Mumbra,2.77,True
TW103070,2026-07-06 20:24:00,2026-07-06 20:28:00.000000,3.27,4.0,Motorcycle,32,4.2,Medium,Clear,Vashi,3.16,True
TW104604,2026-07-19 14:30:00,2026-07-19 14:44:18.000000,2.14,14.3,Scooter,44,3.8,Medium,Overcast,Mulund,1.23,True
TW100607,2026-07-07 08:31:00,2026-07-07 08:41:18.000000,0.0,10.3,Scooter,34,4.3,Medium,Rain,Dombivli,3.86,True
TW104483,2026-07-21 15:30:00,2026-07-21 15:38:24.000000,2.33,8.4,Scooter,32,4.5,Low,Clear,Vashi,3.66,True
TW100867,2026-07-22 22:20:00,2026-07-22 22:27:12.000000,2.88,7.2,Motorcycle,32,3.8,High,Overcast,Thane West,5.01,True
TW102799,2026-07-25 09:34:00,2026-07-25 09:41:06.000000,1.87,7.1,Scooter,25,4.4,High,Clear,Bhandup,0.94,True
TW104244,2026-07-12 17:59:00,2026-07-12 18:03:00.000000,2.11,4.0,Scooter,38,5.0,Medium,Clear,Vashi,1.71,True
TW103554,2026-07-23 15:48:00,2026-07-23 15:35:55.618886,7.46,265.2013209179031,Motorcycle,27,4.5,High,Overcast,Kalyan,2.64,True
TW101273,2026-07-05 22:06:00,2026-07-05 22:11:36.000000,3.07,5.6,Motorcycle,27,4.2,High,Rain,Airoli,0.66,True
TW104436,2026-07-05 07:37:00,2026-07-05 07:42:54.000000,2.22,5.9,Motorcycle,25,3.5,High,Rain,Mumbra,1.26,True
TW101115,2026-07-02 20:28:00,2026-07-02 20:43:42.000000,6.04,15.7,Scooter,39,4.1,Medium,Rain,Thane West,4.91,True
TW100540,2026-07-24 03:38:00,2026-07-24 04:17:42.000000,11.33,39.7,Motorcycle,25,4.2,High,Overcast,Ghodbunder Road,6.74,False
TW102739,2026-07-25 09:02:00,2026-07-25 09:06:00.000000,0.94,4.0,Motorcycle,42,3.8,Medium,Clear,Navi Mumbai,0.95,True
TW103656,2026-07-11 01:18:00,2026-07-11 01:30:00.000000,4.0,12.0,Scooter,41,4.6,Low,Clear,Dombivli,1.87,True
TW101466,2026-07-08 12:50:00,2026-07-08 13:20:48.000000,27.211201441626613,30.8,Scooter,24,4.1,High,Clear,Bhandup,0.2,False
TW102657,2026-07-07 19:43:00,2026-07-07 19:28:23.962964,2.66,5.5,Motorcycle,22,4.3,High,Clear,Mumbra,0.52,True
TW100280,2026-07-09 13:00:00,2026-07-09 13:07:24.000000,3.58,7.4,Electric Scooter,33,4.2,Medium,Rain,Thane West,6.02,True
TW102458,2026-07-10 00:59:00,2026-07-10 01:16:12.000000,8.32,17.2,Scooter,24,4.3,Medium,Clear,Kalyan,1.63,True
TW100510,2026-07-05 17:59:00,2026-07-05 18:07:00.000000,4.88,8.0,Scooter,27,4.8,Low,Rain,Navi Mumbai,0.2,True
TW104065,2026-07-05 02:36:00,2026-07-05 02:45:30.000000,0.0,9.5,Scooter,35,4.1,Low,Clear,Airoli,8.41,True
TW102466,2026-07-14 14:39:00,2026-07-14 15:13:42.000000,12.13,34.7,Motorcycle,37,4.7,Medium,Rain,Thane West,0.44,False
TW102605,2026-07-17 17:18:00,2026-07-17 17:24:36.000000,1.55,-4.979575139224377,Electric Scooter,41,3.6,Medium,Clear,Navi Mumbai,3.73,True
TW103766,2026-07-02 00:27:00,2026-07-02 00:37:24.000000,3.54,10.4,Scooter,36,4.2,Low,Clear,Ghodbunder Road,0.2,True
TW101514,2026-07-14 23:03:00,2026-07-14 23:23:00.000000,6.96,20.0,Scooter,19,4.7,Low,Clear,Dombivli,0.95,True
TW100687,2026-07-28 15:41:00,2026-07-28 15:45:00.000000,1.82,4.0,Scooter,29,4.3,High,Clear,Dombivli,3.17,True
TW100335,2026-07-15 17:23:00,2026-07-15 17:07:37.562028,4.43,16.2,Electric Scooter,39,5.0,,Clear,Kalyan,5.21,True
TW104738,2026-07-27 17:25:00,2026-07-27 17:30:00.000000,2.99,5.0,Motorcycle,20,4.3,Medium,Clear,Mumbra,1.7,True
TW102362,2026-07-17 13:26:00,2026-07-17 13:30:00.000000,1.28,4.0,Scooter,28,3.9,Low,Clear,Thane West,4.96,True
TW102027,2026-07-11 10:29:00,2026-07-11 10:44:54.000000,7.12,15.9,Electric Scooter,41,4.8,Low,Clear,Mumbra,2.33,True
TW100782,2026-07-15 03:09:00,2026-07-15 03:19:06.000000,3.09,10.1,Scooter,34,4.2,Low,Rain,Thane West,5.11,True
TW104851,2026-07-07 04:29:00,2026-07-07 04:48:06.000000,7.87,19.1,Scooter,22,4.0,Medium,Clear,Navi Mumbai,2.06,True
TW101272,2026-07-17 13:22:00,2026-07-17 13:45:24.000000,8.93,23.4,Motorcycle,30,3.5,High,Clear,Thane West,0.73,True
TW104717,2026-07-23 04:02:00,2026-07-23 04:18:12.000000,6.25,16.2,Motorcycle,43,4.9,High,Rain,Kalyan,0.75,True
TW103578,2026-07-28 21:45:00,2026-07-28 22:05:18.000000,6.92,20.3,Scooter,36,3.8,,Rain,Kalyan,2.52,True
TW101157,2026-07-04 14:01:00,2026-07-04 14:07:00.000000,3.25,6.0,Motorcycle,33,4.2,High,Rain,Mumbra,7.95,True
TW100834,2026-07-02 04:15:00,2026-07-02 04:19:00.000000,0.55,4.0,Scooter,23,4.1,High,Rain,Thane West,0.37,True
TW102043,2026-07-08 13:30:00,2026-07-08 13:44:24.000000,0.0,14.4,Motorcycle,22,4.7,Medium,Clear,Mumbra,1.36,True
TW104490,2026-07-13 07:58:00,2026-07-13 08:03:54.000000,2.34,5.9,Scooter,29,4.8,Medium,Rain,Airoli,2.95,True
TW102623,2026-07-21 14:03:00,2026-07-21 14:09:30.000000,2.55,6.5,Scooter,34,4.4,High,Clear,Airoli,2.73,True
TW104032,2026-07-03 22:00:00,2026-07-03 22:20:18.000000,9.09,20.3,Electric Scooter,27,3.9,Medium,Clear,Mumbra,1.43,True
TW102621,2026-07-12 04:44:00,2026-07-12 04:52:48.000000,3.62,8.8,Motorcycle,36,4.5,Medium,Clear,Thane West,3.46,True
TW103350,2026-07-14 04:21:00,2026-07-14 04:29:18.000000,2.91,8.3,Scooter,40,4.5,Low,Clear,Bhandup,1.82,True
TW102783,2026-07-21 12:06:00,2026-07-21 12:29:48.000000,8.81,23.8,Scooter,44,4.4,Low,Rain,Airoli,0.71,True
TW100949,2026-07-17 16:15:00,2026-07-17 15:50:54.826744,3.17,8.3,Motorcycle,41,4.3,Medium,Clear,Bhandup,3.02,True
TW101761,2026-07-16 08:06:00,2026-07-16 08:29:18.000000,8.7,23.3,Scooter,44,4.4,Medium,Rain,Airoli,0.31,True
TW104078,2026-07-14 20:02:00,2026-07-14 20:13:12.000000,3.06,11.2,Electric Scooter,25,4.2,Low,Clear,Mumbra,0.2,True
TW102327,2026-07-30 15:35:00,2026-07-30 15:45:36.000000,4.18,10.6,Electric Scooter,44,4.9,Medium,Rain,Vashi,2.66,True
TW103711,2026-07-26 01:00:00,2026-07-26 01:08:36.000000,1.41,8.6,Electric Scooter,34,4.3,Low,Rain,Thane West,0.2,True
TW100337,2026-07-08 03:57:00,2026-07-08 04:01:00.000000,0.9,4.0,Scooter,30,4.3,Low,Rain,Airoli,1.62,True
TW103770,2026-07-19 04:15:00,2026-07-19 04:34:54.000000,4.22,19.9,Motorcycle,30,4.2,High,Rain,Mumbra,0.56,True
TW102056,2026-07-05 03:19:00,2026-07-05 03:40:12.000000,9.55,21.2,Motorcycle,42,4.5,Low,Clear,Kalyan,0.71,True
TW104662,2026-07-06 12:15:00,2026-07-06 12:19:00.000000,1.66,4.0,Motorcycle,28,4.5,Medium,Clear,Bhandup,3.65,True
TW100293,2026-07-06 15:23:00,2026-07-06 15:44:06.000000,24.817351897308473,21.1,Motorcycle,22,4.5,Medium,Clear,Mulund,0.21,True
TW102205,2026-07-08 23:27:00,2026-07-08 23:33:42.000000,3.63,6.7,Motorcycle,19,4.1,Medium,Rain,Dombivli,1.09,True
TW103413,2026-07-11 11:13:00,2026-07-11 11:17:00.000000,0.86,4.0,Scooter,29,4.3,Low,Overcast,Mulund,0.2,True
TW103193,2026-07-30 23:24:00,2026-07-30 23:35:24.000000,3.84,11.4,Scooter,25,3.6,Medium,Clear,Airoli,2.8,True
TW102593,2026-07-03 23:10:00,2026-07-03 23:20:54.000000,3.75,10.9,Scooter,36,4.8,Low,Clear,Navi Mumbai,0.3,True
TW102072,2026-07-14 22:58:00,2026-07-14 23:30:48.000000,10.58,32.8,Scooter,25,4.2,Medium,Overcast,Thane West,4.53,False
TW100470,2026-07-20 01:29:00,2026-07-20 01:39:18.000000,3.96,10.3,Motorcycle,28,4.2,Low,Rain,Bhandup,0.75,True
TW100557,2026-07-13 10:40:00,2026-07-13 10:45:00.000000,1.43,5.0,Scooter,41,3.9,Medium,Clear,Bhandup,1.71,True
TW101262,2026-07-18 09:09:00,2026-07-18 09:13:00.000000,1.26,4.0,Motorcycle,33,3.9,,Clear,Airoli,0.79,True
TW100459,2026-07-24 22:00:00,2026-07-24 22:04:00.000000,2.13,4.0,Motorcycle,28,4.3,Low,Clear,Navi Mumbai,0.63,True
TW103236,2026-07-30 03:32:00,2026-07-30 03:54:42.000000,26.804432279454048,22.7,Scooter,27,4.7,Medium,Rain,Bhandup,2.72,True
TW101022,2026-07-21 16:56:00,2026-07-21 17:00:48.000000,3.2,4.8,Motorcycle,40,3.8,Medium,Rain,Bhandup,1.21,True
TW100120,2026-07-26 04:30:00,2026-07-26 04:34:00.000000,1.9,4.0,Motorcycle,32,4.2,High,Clear,Bhandup,1.09,True
TW100905,2026-07-12 12:22:00,2026-07-12 12:26:00.000000,1.82,4.0,Motorcycle,33,4.5,Low,Clear,Dombivli,0.43,True
TW103768,2026-07-23 08:37:00,2026-07-23 08:47:54.000000,2.41,10.9,Scooter,34,4.6,High,Rain,Vashi,1.48,True
TW101306,2026-07-13 20:08:00,2026-07-13 20:13:48.000000,3.2,5.8,Electric Scooter,19,3.7,Medium,Rain,Airoli,0.38,True
TW103818,2026-07-07 22:29:00,2026-07-07 22:34:54.000000,2.98,5.9,Motorcycle,20,4.6,High,Overcast,Mulund,0.37,True
TW102558,2026-07-07 17:21:00,2026-07-07 17:34:18.000000,5.49,13.3,Scooter,23,4.6,Medium,Rain,Mulund,5.85,True
TW101935,2026-07-02 15:05:00,2026-07-02 15:18:24.000000,4.66,13.4,Motorcycle,32,4.6,Medium,Clear,Ghodbunder Road,3.01,True
TW103881,2026-07-07 08:33:00,2026-07-07 09:00:42.000000,7.2,27.7,Scooter,25,3.7,Low,Clear,Vashi,3.14,False
TW103892,2026-07-17 02:39:00,2026-07-17 02:59:54.000000,7.36,20.9,Scooter,24,4.5,Low,Clear,Navi Mumbai,1.9,True
TW101093,2026-07-04 19:25:00,2026-07-04 19:45:36.000000,7.22,20.6,Scooter,31,4.2,Low,Rain,Ghodbunder Road,0.25,True
TW103855,2026-07-18 13:25:00,2026-07-18 13:29:00.000000,0.99,4.0,Electric Scooter,26,4.0,Low,Overcast,Vashi,0.98,True
TW104036,2026-07-21 02:19:00,2026-07-21 02:30:06.000000,4.02,11.1,Scooter,31,4.6,Low,Overcast,Mumbra,5.38,True
TW100815,2026-07-06 17:47:00,2026-07-06 17:55:18.000000,3.7,8.3,Scooter,39,4.9,Low,Clear,Bhandup,0.2,True
TW103769,2026-07-11 18:16:00,2026-07-11 18:26:30.000000,3.89,10.5,Motorcycle,22,4.8,Low,Overcast,Airoli,2.17,True
TW101082,2026-07-02 02:47:00,2026-07-02 03:08:42.000000,8.22,21.7,Scooter,33,3.6,Low,Clear,Ghodbunder Road,3.25,True
TW101208,2026-07-13 13:31:00,2026-07-13 13:38:24.000000,3.1,7.4,Motorcycle,32,5.0,Medium,Rain,Ghodbunder Road,0.25,True
TW101289,2026-07-16 18:38:00,2026-07-16 18:48:06.000000,3.76,10.1,Motorcycle,42,4.0,Low,Clear,Mulund,1.41,True
TW104191,2026-07-04 21:30:00,2026-07-04 21:35:30.000000,1.63,5.5,Scooter,20,4.6,Medium,Rain,Kalyan,1.49,True
TW102428,2026-07-02 17:01:00,2026-07-02 17:05:00.000000,1.59,4.0,Scooter,30,5.0,Medium,Clear,Mulund,0.35,True
TW100604,2026-07-11 02:21:00,2026-07-11 02:25:00.000000,1.16,4.0,Scooter,30,4.2,High,Clear,Vashi,0.2,True
TW102114,2026-07-09 16:36:00,2026-07-09 16:49:54.000000,19.736213673096074,13.9,Scooter,32,4.5,Medium,Clear,Navi Mumbai,2.37,True
TW100550,2026-07-05 10:40:00,2026-07-05 10:45:00.000000,1.29,5.0,Motorcycle,36,4.3,Low,Overcast,Dombivli,11.29,True
TW102299,2026-07-28 18:30:00,2026-07-28 18:40:06.000000,4.3,10.1,Electric Scooter,33,3.4,High,Clear,Mumbra,6.55,True
TW100475,2026-07-02 23:58:00,2026-07-03 00:14:54.000000,4.8,16.9,Scooter,44,4.3,Low,Clear,Mulund,0.2,True
TW100212,2026-07-04 15:57:00,2026-07-04 16:17:42.000000,4.74,20.7,Motorcycle,25,4.8,Low,Clear,Bhandup,1.92,True
TW103512,2026-07-30 16:36:00,2026-07-30 16:51:18.000000,4.1,15.3,Motorcycle,38,4.3,Low,Rain,Kalyan,0.34,True
TW104958,2026-07-02 02:00:00,2026-07-02 02:08:00.000000,3.79,8.0,Motorcycle,32,4.6,Low,Clear,Mumbra,1.09,True
TW102024,2026-07-12 06:33:00,2026-07-12 06:44:06.000000,2.91,11.1,Electric Scooter,36,4.3,Medium,Clear,Kalyan,5.27,True
TW102480,2026-07-15 02:16:00,2026-07-15 02:39:18.000000,5.71,23.3,Scooter,30,4.4,Low,Clear,Kalyan,1.33,True
TW100276,2026-07-03 14:36:00,2026-07-03 14:45:36.000000,3.14,9.6,Motorcycle,40,4.7,Low,Clear,Airoli,0.62,True
TW104601,2026-07-08 21:31:00,2026-07-08 21:45:18.000000,4.11,14.3,Electric Scooter,40,4.6,Low,Overcast,Mulund,,True
TW104895,2026-07-15 04:36:00,2026-07-15 04:46:48.000000,5.17,10.8,Scooter,33,5.0,Low,Rain,Dombivli,0.71,True
TW102339,2026-07-16 12:57:00,2026-07-16 13:09:12.000000,2.36,12.2,Scooter,39,3.5,Low,Clear,Bhandup,0.2,True
TW100901,2026-07-11 21:31:00,2026-07-11 21:35:18.000000,1.29,4.3,Motorcycle,27,4.0,Low,Clear,Dombivli,0.39,True
TW104544,2026-07-04 11:07:00,2026-07-04 11:12:42.000000,2.08,5.7,Scooter,19,4.0,High,Clear,Navi Mumbai,1.53,True
TW101409,2026-07-12 14:27:00,2026-07-12 14:55:54.000000,7.07,28.9,Scooter,36,3.7,Medium,Clear,Bhandup,0.2,False
TW100989,2026-07-30 09:41:00,2026-07-30 09:54:36.000000,4.05,13.6,Electric Scooter,39,4.7,Medium,Clear,Airoli,4.71,True
TW100303,2026-07-20 13:21:00,2026-07-20 13:35:48.000000,5.81,14.8,Scooter,22,4.4,Medium,Overcast,Vashi,0.21,True
TW103559,2026-07-27 12:54:00,2026-07-27 12:58:54.000000,1.01,4.9,Motorcycle,41,3.6,Medium,Rain,Airoli,1.32,True
TW104491,2026-07-06 02:26:00,2026-07-06 02:51:18.000000,7.0,25.3,Scooter,44,4.8,High,Clear,Thane West,1.95,False
TW101996,2026-07-01 20:36:00,2026-07-01 20:42:12.000000,1.89,6.2,Scooter,20,4.0,Medium,Clear,Kalyan,0.45,True
TW102115,2026-07-30 16:06:00,2026-07-30 16:13:48.000000,2.31,7.8,Motorcycle,40,3.9,High,Clear,Mulund,0.2,True
TW101901,2026-07-06 14:01:00,2026-07-06 14:14:42.000000,4.3,13.7,Scooter,30,3.8,Medium,Rain,Airoli,1.48,True
TW100324,2026-07-14 08:46:00,2026-07-14 09:00:06.000000,4.7,14.1,Scooter,37,4.0,Medium,Clear,Bhandup,4.4,True
TW103332,2026-07-12 23:33:00,2026-07-12 23:54:12.000000,4.65,21.2,Electric Scooter,37,4.6,High,Clear,Vashi,4.96,True
TW101154,2026-07-04 14:43:00,2026-07-04 14:54:12.000000,3.95,11.2,Scooter,32,3.8,Low,Rain,Mumbra,2.29,True
TW103472,2026-07-06 08:07:00,2026-07-06 08:11:12.000000,1.93,4.2,2-Wheeler,36,5.0,High,Clear,Dombivli,1.4,True
TW101473,2026-07-21 10:28:00,2026-07-21 10:43:12.000000,3.94,15.2,Motorcycle,40,4.3,Low,Clear,Airoli,0.2,True
TW103011,2026-07-07 11:40:00,2026-07-07 11:44:00.000000,1.46,4.0,Scooter,44,4.6,Medium,Rain,Vashi,0.73,True
TW100567,2026-07-09 12:13:00,2026-07-09 12:23:36.000000,0.0,10.6,Motorcycle,32,4.4,High,Clear,Navi Mumbai,2.15,True
TW100150,2026-07-26 20:49:00,2026-07-26 20:53:00.000000,1.56,4.0,Motorcycle,23,3.6,Medium,Overcast,Mumbra,0.69,True
TW101121,2026-07-12 09:22:00,2026-07-12 09:26:00.000000,2.1,4.0,Scooter,29,4.0,Low,Rain,Navi Mumbai,3.88,True
TW104556,2026-07-08 23:18:00,2026-07-08 23:32:24.000000,3.77,14.4,Motorcycle,21,4.8,High,Clear,Mumbra,0.96,True
TW104074,2026-07-23 23:34:00,2026-07-23 23:45:24.000000,6.25,11.4,Scooter,38,4.6,Medium,Clear,Kalyan,1.41,True
TW101130,2026-07-24 22:57:00,2026-07-24 23:13:18.000000,4.23,16.3,Electric Scooter,22,4.0,Low,Rain,Mumbra,2.72,True
TW103954,2026-07-20 11:37:00,2026-07-20 11:41:00.000000,2.35,4.0,Scooter,39,4.5,High,Clear,Ghodbunder Road,1.04,True
TW102797,2026-07-17 11:42:00,2026-07-17 12:02:54.000000,6.96,20.9,Electric Scooter,42,4.1,Low,Clear,Vashi,0.39,True
TW102803,2026-07-26 09:56:00,2026-07-26 10:14:12.000000,5.79,255.25520581785335,Motorcycle,35,4.3,Low,Clear,Mulund,0.26,True
TW101048,2026-07-08 12:10:00,2026-07-08 12:14:00.000000,1.09,4.0,Electric Scooter,22,3.5,Low,Clear,Navi Mumbai,3.96,True
TW100811,2026-07-11 08:04:00,2026-07-11 08:18:24.000000,4.9,14.4,Scooter,33,4.6,Medium,Clear,Mumbra,0.2,True
TW102709,2026-07-14 13:58:00,2026-07-14 14:09:54.000000,3.53,11.9,Electric Scooter,28,4.6,Low,Clear,Thane West,0.2,True
TW103910,2026-07-26 02:26:00,2026-07-26 02:39:18.000000,5.13,13.3,Electric Scooter,32,4.3,Low,Clear,Mumbra,0.25,True
TW101557,2026-07-12 12:49:00,2026-07-12 13:03:12.000000,4.0,14.2,Motorcycle,25,4.3,High,Clear,Dombivli,0.21,True
TW101063,2026-07-16 11:34:00,2026-07-16 11:43:00.000000,3.11,9.0,Scooter,27,3.9,High,Clear,Vashi,1.34,True
TW103154,2026-07-13 17:47:00,2026-07-13 17:53:54.000000,1.74,6.9,Scooter,20,4.6,Medium,Clear,Dombivli,0.2,True
TW102303,2026-07-04 12:05:00,2026-07-04 12:14:00.000000,4.23,9.0,Scooter,44,4.4,Low,Clear,Dombivli,0.37,True
TW102982,2026-07-20 04:01:00,2026-07-20 04:11:48.000000,2.56,10.8,Scooter,37,4.1,Low,Clear,Mumbra,0.76,True
TW100195,2026-07-02 03:38:00,2026-07-02 04:18:36.000000,12.63,40.6,Scooter,36,4.1,High,Rain,Mumbra,0.75,False
TW100892,2026-07-04 06:49:00,2026-07-04 07:00:24.000000,4.71,11.4,Scooter,34,3.8,Low,Clear,Airoli,5.0,True
TW102921,2026-07-24 13:54:00,2026-07-24 14:03:00.000000,1.78,9.0,Scooter,34,3.4,Low,Overcast,Airoli,0.6,True
TW101100,2026-07-21 18:19:00,2026-07-21 18:39:06.000000,5.98,20.1,Motorcycle,41,4.3,Low,Clear,Ghodbunder Road,0.35,True
TW102436,2026-07-14 06:29:00,2026-07-14 06:39:30.000000,1.81,10.5,Scooter,41,4.3,Medium,Rain,Navi Mumbai,0.94,True
TW102984,2026-07-09 18:05:00,2026-07-09 18:12:24.000000,1.7,7.4,Electric Scooter,42,4.5,Medium,Rain,Bhandup,1.54,True
TW101315,2026-07-08 08:23:00,2026-07-08 07:58:05.548647,3.79,12.0,Bike,23,4.9,Low,Rain,Thane West,0.34,True
TW101648,2026-07-13 00:29:00,2026-07-13 00:37:36.000000,1.01,8.6,Motorcycle,39,,Low,Clear,Thane West,2.3,True
TW103103,2026-07-30 18:29:00,2026-07-30 18:34:48.000000,3.51,5.8,Scooter,21,3.9,Low,Overcast,Kalyan,3.91,True
TW100449,2026-07-26 12:09:00,2026-07-26 12:23:48.000000,5.51,14.8,Motorcycle,32,4.3,Medium,Clear,Navi Mumbai,1.8,True
TW104342,2026-07-09 10:26:00,2026-07-09 10:34:18.000000,1.11,8.3,Electric Scooter,24,,Low,Clear,Thane West,0.8,True
TW104241,2026-07-03 07:32:00,2026-07-03 07:37:48.000000,1.77,5.8,Scooter,29,4.4,Medium,Clear,Bhandup,5.15,True
TW100795,2026-07-12 13:07:00,2026-07-12 13:14:42.000000,3.14,7.7,Scooter,33,4.4,High,Clear,Vashi,0.2,True
TW100589,2026-07-11 19:41:00,2026-07-11 19:52:42.000000,1.83,11.7,Scooter,33,4.6,High,Clear,Thane West,0.74,True
TW100073,2026-07-12 03:02:00,2026-07-12 03:11:12.000000,4.41,9.2,Scooter,37,3.8,Low,Rain,Thane West,1.54,True
TW100460,2026-07-11 20:13:00,2026-07-11 20:21:12.000000,1.6,8.2,Scooter,27,4.1,Medium,Overcast,Navi Mumbai,2.07,True
TW100486,2026-07-20 22:16:00,2026-07-20 22:38:42.000000,0.0,22.7,Scooter,28,4.6,High,Clear,Airoli,0.31,True
TW104542,2026-07-27 12:36:00,2026-07-27 12:46:18.000000,2.21,10.3,Scooter,22,4.7,Medium,Clear,Mulund,0.94,True
TW102138,2026-07-02 03:07:00,2026-07-02 03:24:12.000000,5.84,17.2,Scooter,21,4.2,Medium,Rain,Airoli,1.83,True
TW101229,2026-07-10 03:50:00,2026-07-10 04:20:12.000000,7.8,30.2,Scooter,34,4.4,Low,Rain,Thane West,0.29,False
TW100492,2026-07-11 06:00:00,2026-07-11 06:36:12.000000,10.32,36.2,scooter ,35,4.7,Medium,Overcast,Kalyan,0.28,False
TW104266,2026-07-10 21:58:00,2026-07-10 22:03:42.000000,1.58,5.7,Motorcycle,32,3.9,Medium,Clear,Mulund,2.96,True
TW103693,2026-07-11 14:55:00,2026-07-11 15:17:54.000000,6.12,22.9,Motorcycle,25,4.6,High,Rain,Kalyan,1.03,True
TW101901,2026-07-06 14:01:00,2026-07-06 14:14:42.000000,4.3,13.7,Scooter,30,3.8,Medium,Rain,Airoli,1.48,True
TW102104,2026-07-16 22:05:00,2026-07-16 22:12:36.000000,3.29,7.6,Scooter,41,3.8,Low,Clear,Kalyan,9.29,True
TW101265,2026-07-09 19:02:00,2026-07-09 19:19:00.000000,4.44,17.0,Scooter,31,4.5,High,Clear,Mumbra,5.74,True
TW103418,2026-07-09 19:22:00,2026-07-09 19:36:30.000000,5.12,14.5,Motorcycle,35,4.2,Medium,Clear,Vashi,9.28,True
TW100097,2026-07-29 22:10:00,2026-07-29 22:14:24.000000,1.92,4.4,Motorcycle,21,3.7,Low,Clear,Bhandup,1.7,True
TW103273,2026-07-18 00:02:00,2026-07-18 00:16:12.000000,6.31,14.2,Scooter,39,4.2,Low,Clear,Mumbra,,True
TW102172,2026-07-01 05:38:00,2026-07-01 05:12:25.816083,1.73,6.1,Electric Scooter,26,4.3,Low,Overcast,Navi Mumbai,0.4,True
TW102527,2026-07-24 09:32:00,2026-07-24 09:36:00.000000,1.49,4.0,Scooter,40,4.2,Medium,Clear,Thane West,1.74,True
TW101772,2026-07-09 06:44:00,2026-07-09 06:52:36.000000,3.71,8.6,Scooter,20,4.2,Medium,Clear,Dombivli,1.48,True
TW101467,2026-07-28 11:49:00,2026-07-28 11:57:36.000000,2.84,8.6,Motorcycle,24,4.3,High,Clear,Mulund,1.59,True
TW101749,2026-07-10 20:38:00,2026-07-10 21:09:42.000000,8.69,31.7,Motorcycle,43,3.7,High,Clear,Thane West,3.23,False
TW101478,2026-07-06 22:44:00,2026-07-06 22:56:24.000000,3.36,12.4,Motorcycle,27,4.1,High,Clear,Mulund,1.37,True
TW101890,2026-07-16 17:16:00,2026-07-16 17:25:12.000000,1.68,9.2,Motorcycle,42,4.5,Low,Clear,Mulund,0.67,True
TW104194,2026-07-02 16:56:00,2026-07-02 17:04:24.000000,2.77,8.4,2-Wheeler,20,4.1,Low,Clear,Airoli,3.66,True
TW103140,2026-07-04 18:50:00,2026-07-04 19:09:48.000000,5.89,19.8,Electric Scooter,36,4.9,Medium,Clear,Vashi,0.28,True
TW102344,2026-07-23 07:04:00,2026-07-23 07:32:06.000000,11.16,28.1,Scooter,29,5.0,Low,Rain,Dombivli,1.18,False
TW104443,2026-07-28 19:10:00,2026-07-28 19:14:00.000000,0.89,4.0,Scooter,36,4.3,High,Clear,Kalyan,3.54,True
TW102950,2026-07-30 16:19:00,2026-07-30 16:35:18.000000,4.96,16.3,Scooter,29,3.9,High,Clear,Dombivli,0.6,True
TW100601,2026-07-27 07:28:00,2026-07-27 07:11:49.028837,3.66,4.0,Motorcycle,32,3.9,Medium,Clear,Dombivli,1.3,True
TW103942,2026-07-08 04:56:00,2026-07-08 05:05:18.000000,3.66,9.3,Motorcycle,41,4.3,Medium,Clear,Thane West,3.29,True
TW103221,2026-07-09 08:38:00,2026-07-09 08:50:06.000000,3.8,12.1,Motorcycle,24,4.0,Low,Clear,Mulund,1.58,True
TW100395,2026-07-12 21:00:00,2026-07-12 21:08:18.000000,4.44,8.3,Scooter,35,4.3,Low,Clear,Vashi,2.17,True
TW100426,2026-07-13 01:33:00,2026-07-13 01:48:48.000000,6.43,15.8,Motorcycle,23,4.4,Medium,Clear,Bhandup,0.2,True
TW100021,2026-07-23 10:03:00,2026-07-23 10:37:30.000000,14.53,34.5,Motorcycle,35,4.4,Low,Rain,Airoli,1.29,False
TW101038,2026-07-22 10:56:00,2026-07-22 11:17:30.000000,7.39,21.5,Electric Scooter,37,4.5,High,Clear,Mulund,1.6,True
TW102300,2026-07-12 15:35:00,2026-07-12 15:49:06.000000,7.12,14.1,Scooter,29,3.6,Low,Clear,Dombivli,0.2,True
TW100844,2026-07-01 18:49:00,2026-07-01 18:37:46.567306,2.01,4.6,Motorcycle,39,3.5,Medium,Clear,Airoli,1.32,True
TW103357,2026-07-10 01:19:00,2026-07-10 01:27:24.000000,2.05,8.4,Scooter,24,4.2,Medium,Overcast,Kalyan,2.51,True
TW102893,2026-07-03 00:27:00,2026-07-03 01:07:30.000000,12.98,40.5,Motorcycle,28,4.7,Low,Clear,Navi Mumbai,1.83,False
TW102602,2026-07-17 21:30:00,2026-07-17 21:34:00.000000,2.41,4.0,Motorcycle,19,4.3,Medium,Overcast,Ghodbunder Road,0.2,True
TW103417,2026-07-26 22:59:00,2026-07-26 23:03:00.000000,1.1,4.0,Scooter,27,4.3,Low,Clear,Bhandup,1.19,True
TW104346,2026-07-10 05:04:00,2026-07-10 05:14:00.000000,3.83,10.0,Scooter,43,4.4,High,Rain,Dombivli,0.76,True
TW104835,2026-07-04 12:10:00,2026-07-04 12:21:30.000000,4.16,11.5,2-Wheeler,40,4.1,High,Clear,Dombivli,4.27,True
TW101669,2026-07-05 00:07:00,2026-07-05 00:11:00.000000,2.41,4.0,Scooter,25,4.4,Low,Clear,Thane West,2.79,True
TW103484,2026-07-04 17:26:00,2026-07-04 17:36:36.000000,4.62,10.6,Scooter,27,4.4,Medium,Rain,Navi Mumbai,0.2,True
TW103502,2026-07-16 12:53:00,2026-07-16 13:00:36.000000,1.73,7.6,Motorcycle,24,4.0,High,Clear,Vashi,6.5,True
TW104983,2026-07-02 22:12:00,2026-07-02 22:17:06.000000,2.02,5.1,Scooter,23,4.3,Medium,Rain,Mumbra,0.2,True
TW101314,2026-07-11 20:04:00,2026-07-11 20:19:18.000000,3.44,15.3,Scooter,40,3.6,Low,Overcast,Dombivli,1.97,True
TW101846,2026-07-29 14:11:00,2026-07-29 14:15:00.000000,2.28,4.0,Scooter,29,4.5,Medium,Clear,Bhandup,0.96,True
TW103088,2026-07-27 05:41:00,2026-07-27 05:45:48.000000,1.84,4.8,Motorcycle,43,4.7,Low,Rain,Mumbra,4.69,True
TW100243,2026-07-03 05:56:00,2026-07-03 06:00:00.000000,0.92,4.0,Electric Scooter,29,3.9,Medium,Rain,Thane West,0.5,True
TW104162,2026-07-09 15:27:00,2026-07-09 15:38:36.000000,3.08,11.6,Motorcycle,42,4.2,Low,Clear,Ghodbunder Road,2.05,True
TW104754,2026-07-29 04:00:00,2026-07-29 04:08:18.000000,2.58,8.3,Scooter,43,4.6,High,Clear,Bhandup,0.2,True
TW100933,2026-07-13 13:37:00,2026-07-13 13:52:54.000000,4.32,15.9,Electric Scooter,37,3.9,Low,Clear,Navi Mumbai,1.07,True
TW102407,2026-07-11 07:12:00,2026-07-11 07:20:36.000000,4.16,8.6,Motorcycle,43,4.5,Low,Clear,Airoli,4.74,True
TW102143,2026-07-22 01:49:00,2026-07-22 01:58:24.000000,3.26,9.4,Electric Scooter,38,4.0,High,Rain,Vashi,0.22,True
TW101528,2026-07-01 06:22:00,2026-07-01 06:46:48.000000,8.45,24.8,Motorcycle,24,,High,Overcast,Kalyan,0.73,True
TW101496,2026-07-08 22:04:00,2026-07-08 22:08:00.000000,1.12,4.0,Scooter,22,3.7,Medium,Clear,Dombivli,3.96,True
TW100616,2026-07-22 16:16:00,2026-07-22 16:40:42.000000,8.96,24.7,Motorcycle,37,3.8,Medium,Clear,Mumbra,6.9,True
TW102569,2026-07-04 14:01:00,2026-07-04 14:10:00.000000,3.42,9.0,Motorcycle,26,4.7,Low,Clear,Bhandup,1.38,True
TW101554,2026-07-23 23:13:00,2026-07-23 23:17:00.000000,3.3,4.0,Scooter,40,4.6,Medium,Clear,Kalyan,0.2,True
TW103022,2026-07-26 20:10:00,2026-07-26 20:16:42.000000,2.54,6.7,Scooter,30,4.2,Medium,Clear,Ghodbunder Road,6.03,True
TW104457,2026-07-04 20:01:00,2026-07-04 20:28:36.000000,10.34,27.6,Scooter,21,4.1,Medium,Clear,Airoli,0.39,False
TW104580,2026-07-02 14:07:00,2026-07-02 14:17:48.000000,2.84,10.8,Scooter,31,4.6,Medium,Overcast,Navi Mumbai,1.84,True
TW103223,2026-07-09 20:15:00,2026-07-09 20:30:18.000000,6.12,15.3,Scooter,25,4.8,Medium,Clear,Navi Mumbai,2.4,True
TW103399,2026-07-13 16:46:00,2026-07-13 17:03:30.000000,6.52,17.5,Scooter,35,4.7,Low,Clear,Mulund,1.74,True
TW103328,2026-07-17 16:59:00,2026-07-17 17:04:36.000000,15.667994377730945,5.6,Scooter,28,4.2,Low,Clear,Mulund,2.2,True
TW102359,2026-07-30 07:47:00,2026-07-30 07:54:18.000000,3.22,7.3,Scooter,33,4.8,High,Clear,Airoli,7.46,True
TW101808,2026-07-11 15:13:00,2026-07-11 15:17:00.000000,2.09,4.0,Scooter,26,5.0,Medium,Rain,Navi Mumbai,0.73,True
TW102890,2026-07-10 09:30:00,2026-07-10 09:38:42.000000,1.82,8.7,Motorcycle,28,4.3,Medium,Clear,Airoli,1.76,True
TW102461,2026-07-13 04:39:00,2026-07-13 04:54:30.000000,5.39,15.5,Electric Scooter,43,4.7,High,Clear,Mulund,4.03,True
TW104861,2026-07-29 08:11:00,2026-07-29 08:19:24.000000,3.3,8.4,Motorcycle,40,3.7,,Clear,Ghodbunder Road,,True
TW102506,2026-07-24 08:45:00,2026-07-24 08:55:54.000000,3.38,10.9,Motorcycle,35,4.3,High,Rain,Airoli,0.26,True
TW101185,2026-07-11 10:05:00,2026-07-11 10:13:00.000000,3.31,8.0,Motorcycle,39,4.9,Medium,Rain,Mulund,0.2,True
TW102387,2026-07-24 04:29:00,2026-07-24 04:51:24.000000,6.65,22.4,electric scooter,43,4.2,High,Rain,Kalyan,4.08,True
TW104382,2026-07-10 09:31:00,2026-07-10 09:35:00.000000,1.46,4.0,Scooter,27,4.6,Low,Clear,Mulund,14.39,True
TW103320,2026-07-20 21:44:00,2026-07-20 21:56:18.000000,4.7,12.3,Motorcycle,29,4.3,Medium,Overcast,Navi Mumbai,13.15,True
TW102553,2026-07-22 11:02:00,2026-07-22 11:06:00.000000,2.49,4.0,Scooter,23,4.4,Medium,Overcast,Vashi,0.37,True
TW104235,2026-07-28 06:03:00,2026-07-28 06:10:42.000000,3.91,7.7,Motorcycle,34,4.4,Low,Overcast,Vashi,0.9,True
TW103925,2026-07-20 13:54:00,2026-07-20 14:03:00.000000,3.46,9.0,Scooter,28,4.6,Low,Clear,Mulund,2.69,True
TW104944,2026-07-26 09:44:00,2026-07-26 09:48:00.000000,2.24,4.0,Motorcycle,38,4.6,Low,Overcast,Vashi,0.57,True
TW101760,2026-07-25 13:34:00,2026-07-25 13:58:12.000000,7.07,24.2,Electric Scooter,33,4.4,Low,Rain,Vashi,1.09,True
TW103279,2026-07-17 03:41:00,2026-07-17 03:47:06.000000,3.01,6.1,Motorcycle,36,4.7,Low,Rain,Thane West,2.66,True
TW101965,2026-07-17 11:02:00,2026-07-17 11:16:48.000000,3.65,14.8,Scooter,36,4.5,Low,Overcast,Mumbra,3.62,True
TW102948,2026-07-23 07:16:00,2026-07-23 07:20:00.000000,2.87,4.0,Scooter,36,4.9,Low,Clear,Bhandup,2.28,True
TW103142,2026-07-25 04:07:00,2026-07-25 04:11:00.000000,1.48,4.0,Scooter,31,4.8,High,Overcast,Bhandup,0.23,True
TW100444,2026-07-22 03:49:00,2026-07-22 03:54:48.000000,1.85,5.8,scooter ,19,4.6,Medium,,Mulund,0.52,True
TW102087,2026-07-24 22:05:00,2026-07-24 22:10:48.000000,2.86,5.8,Scooter,44,4.4,Medium,,Mumbra,4.59,True
TW101264,2026-07-13 07:59:00,2026-07-13 08:12:42.000000,3.53,13.7,Motorcycle,26,4.1,Medium,Clear,Kalyan,1.01,True
TW102753,2026-07-12 23:30:00,2026-07-12 23:50:54.000000,6.93,20.9,Motorcycle,22,5.0,Medium,Rain,Airoli,0.56,True
TW102565,2026-07-11 21:26:00,2026-07-11 21:31:30.000000,1.85,5.5,Scooter,27,4.1,High,Overcast,Bhandup,0.2,True
TW104450,2026-07-03 06:48:00,2026-07-03 06:54:00.000000,2.62,420.3602042972152,Motorcycle,26,3.9,Medium,Clear,Mumbra,0.36,True
TW103929,2026-07-11 02:09:00,2026-07-11 02:20:06.000000,2.9,11.1,Scooter,39,4.3,Medium,Clear,Mulund,4.22,True
TW101076,2026-07-16 20:34:00,2026-07-16 21:06:24.000000,13.34,32.4,Scooter,29,3.5,Medium,Clear,Navi Mumbai,0.55,False
TW102887,2026-07-24 11:00:00,2026-07-24 11:15:24.000000,3.49,15.4,Scooter,42,3.5,Medium,Rain,Dombivli,1.62,True
TW103270,2026-07-16 20:05:00,2026-07-16 20:09:24.000000,1.7,4.4,Electric Scooter,27,3.6,Medium,Clear,Dombivli,0.2,True
TW101227,2026-07-10 13:12:00,2026-07-10 13:16:00.000000,1.65,4.0,Scooter,21,4.4,Low,Rain,Ghodbunder Road,4.52,True
TW101151,2026-07-16 03:13:00,2026-07-16 03:38:30.000000,7.17,25.5,Scooter,35,4.5,Low,Clear,Ghodbunder Road,1.82,False
TW103727,2026-07-25 11:24:00,2026-07-25 11:30:48.000000,1.69,6.8,Electric Scooter,21,,High,Overcast,Mumbra,0.73,True
TW104030,2026-07-25 02:31:00,2026-07-25 03:08:48.000000,10.63,37.8,Scooter,33,4.3,Low,,Bhandup,2.27,False
TW103934,2026-07-24 09:05:00,2026-07-24 09:30:00.000000,7.64,25.0,Scooter,23,4.3,High,Rain,Ghodbunder Road,3.74,True
TW100417,2026-07-14 03:01:00,2026-07-14 02:52:58.833659,4.11,9.4,Motorcycle,40,5.0,Low,Clear,Mumbra,2.59,True
TW101242,2026-07-01 14:39:00,2026-07-01 14:59:18.000000,6.33,20.3,Electric Scooter,27,4.1,Medium,Clear,Vashi,1.42,True
TW101866,2026-07-05 23:29:00,2026-07-05 23:37:30.000000,3.36,8.5,Motorcycle,22,5.0,Medium,Clear,Thane West,1.68,True
TW104253,2026-07-11 18:26:00,2026-07-11 18:41:00.000000,5.91,15.0,Motorcycle,20,4.0,High,Overcast,Navi Mumbai,1.39,True
TW103166,2026-07-03 02:16:00,2026-07-03 02:29:54.000000,3.69,13.9,Scooter,35,4.2,Low,Clear,Thane West,2.35,True
TW103663,2026-07-25 14:20:00,2026-07-25 14:26:24.000000,1.42,6.4,Motorcycle,20,4.1,Medium,Rain,Kalyan,1.43,True
TW103715,2026-07-30 21:22:00,2026-07-30 21:38:06.000000,5.87,16.1,Motorcycle,36,4.7,Low,Clear,Ghodbunder Road,6.49,True
TW101278,2026-07-07 01:36:00,2026-07-07 01:23:03.681599,8.12,19.8,Motorcycle,21,4.3,Medium,Rain,Bhandup,0.9,True
TW102637,2026-07-28 15:25:00,2026-07-28 15:33:18.000000,3.03,8.3,Motorcycle,31,4.2,Medium,,Airoli,0.62,True
TW104856,2026-07-24 17:23:00,2026-07-24 17:34:48.000000,3.46,11.8,Electric Scooter,22,,Medium,Rain,Thane West,3.76,True
TW103110,2026-07-28 23:05:00,2026-07-28 23:18:00.000000,4.49,13.0,Scooter,33,4.5,Low,Rain,Ghodbunder Road,2.45,True
TW104338,2026-07-30 22:10:00,2026-07-30 22:19:54.000000,1.31,9.9,Scooter,29,4.5,Low,Rain,Kalyan,2.17,True
TW100884,2026-07-15 09:21:00,2026-07-15 09:36:12.000000,3.9,15.2,Scooter,38,4.8,Low,Rain,Ghodbunder Road,0.56,True
TW100620,2026-07-18 10:04:00,2026-07-18 10:15:06.000000,3.42,11.1,Electric Scooter,21,3.8,Low,Rain,Mulund,2.14,True
TW102551,2026-07-23 18:27:00,2026-07-23 18:35:54.000000,3.06,8.9,Electric Scooter,35,4.4,Medium,Clear,Mumbra,0.52,True
TW102970,2026-07-24 18:53:00,2026-07-24 18:57:00.000000,1.24,4.0,Scooter,24,5.0,Low,Overcast,Thane West,0.57,True
TW102207,2026-07-21 15:30:00,2026-07-21 15:39:42.000000,3.63,9.7,Electric Scooter,23,4.3,Low,Clear,Vashi,,True
TW103466,2026-07-01 23:07:00,2026-07-01 23:19:42.000000,3.71,12.7,Motorcycle,27,4.7,Low,Overcast,Kalyan,,True
TW100537,2026-07-14 21:47:00,2026-07-14 22:07:42.000000,6.07,20.7,Electric Scooter,28,3.9,Low,Clear,Navi Mumbai,0.61,True
TW103767,2026-07-28 17:13:00,2026-07-28 17:35:48.000000,0.0,22.8,Motorcycle,30,5.0,High,Clear,Ghodbunder Road,0.2,True
TW102288,2026-07-09 01:06:00,2026-07-09 01:17:24.000000,4.18,11.4,Motorcycle,29,4.0,Medium,Rain,Thane West,3.7,True
TW100013,2026-07-05 13:43:00,2026-07-05 13:47:00.000000,0.77,4.0,Scooter,26,4.7,High,Clear,Thane West,6.81,True
TW101681,2026-07-11 19:02:00,2026-07-11 19:16:24.000000,5.32,14.4,Motorcycle,44,4.3,Low,Overcast,Vashi,0.2,True
TW100740,2026-07-15 09:23:00,2026-07-15 09:38:54.000000,5.32,15.9,Motorcycle,20,4.9,High,Clear,Dombivli,1.92,True
TW102976,2026-07-12 10:32:00,2026-07-12 10:49:36.000000,5.23,17.6,Scooter,25,4.6,Medium,Clear,Airoli,0.9,True
TW103386,2026-07-06 08:21:00,2026-07-06 08:39:42.000000,6.86,18.7,Scooter,41,4.7,Medium,Clear,Dombivli,0.2,True
TW101385,2026-07-04 16:48:00,2026-07-04 16:57:06.000000,3.14,9.1,Motorcycle,29,4.4,Low,Rain,Mumbra,2.3,True
TW102843,2026-07-05 20:45:00,2026-07-05 20:55:18.000000,4.44,10.3,Motorcycle,27,4.3,Low,Rain,Dombivli,1.96,True
TW102403,2026-07-21 15:15:00,2026-07-21 15:29:48.000000,4.67,14.8,Motorcycle,29,5.0,Low,Overcast,Dombivli,3.12,True
TW100334,2026-07-26 23:05:00,2026-07-26 23:09:00.000000,1.2,4.0,Electric Scooter,30,4.9,Low,Overcast,Kalyan,0.92,True
TW102736,2026-07-05 11:38:00,2026-07-05 11:46:48.000000,4.69,8.8,Scooter,37,4.3,High,Clear,Vashi,0.92,True
TW104280,2026-07-06 21:37:00,2026-07-06 21:41:00.000000,0.75,4.0,Motorcycle,42,4.7,Medium,Clear,Mulund,4.46,True
TW104919,2026-07-29 18:59:00,2026-07-29 19:03:00.000000,1.62,4.0,Electric Scooter,21,4.0,Low,,Ghodbunder Road,2.19,True
TW103495,2026-07-24 13:09:00,2026-07-24 13:17:18.000000,1.26,8.3,Motorcycle,25,3.9,Medium,Overcast,Airoli,0.87,True
TW102989,2026-07-15 20:24:00,2026-07-15 20:38:24.000000,4.03,14.4,bike,33,4.5,High,Rain,Thane West,0.2,True
TW103397,2026-07-12 07:20:00,2026-07-12 07:24:00.000000,1.74,4.0,Scooter,21,3.7,Medium,Clear,Navi Mumbai,5.51,True
TW103049,2026-07-22 18:17:00,2026-07-22 18:36:00.000000,5.53,19.0,Scooter,37,4.6,Medium,Overcast,Airoli,3.84,True
TW102235,2026-07-12 04:16:00,2026-07-12 04:37:48.000000,9.33,21.8,Motorcycle,34,3.9,Medium,Rain,Thane West,0.55,True
TW100941,2026-07-25 06:16:00,2026-07-25 06:21:00.000000,3.48,5.0,Motorcycle,44,3.8,High,Clear,Vashi,2.72,True
TW104380,2026-07-06 03:42:00,2026-07-06 03:47:00.000000,2.68,5.0,Scooter,23,5.0,High,Rain,Kalyan,0.59,True
TW102947,2026-07-11 18:33:00,2026-07-11 18:40:30.000000,3.71,7.5,Motorcycle,29,4.7,Low,Clear,Airoli,1.46,True
TW101184,2026-07-20 08:59:00,2026-07-20 09:08:48.000000,3.77,9.8,Scooter,44,4.3,Medium,Clear,Navi Mumbai,0.27,True
TW104261,2026-07-25 07:20:00,2026-07-25 07:30:42.000000,2.76,10.7,Motorcycle,27,4.8,Medium,Clear,Mumbra,2.31,True
TW102277,2026-07-08 17:11:00,2026-07-08 17:35:24.000000,7.51,24.4,Motorcycle,28,4.4,Medium,Overcast,Mumbra,2.34,True
TW103931,2026-07-29 09:05:00,2026-07-29 09:20:12.000000,4.39,15.2,Motorcycle,41,4.7,Medium,Clear,Navi Mumbai,6.44,True
TW101851,2026-07-07 14:40:00,2026-07-07 14:45:48.000000,1.61,5.8,Scooter,44,4.6,High,Clear,Mumbra,0.81,True
TW104137,2026-07-16 10:23:00,2026-07-16 10:35:42.000000,4.52,12.7,Scooter,37,3.9,High,Rain,Vashi,1.2,True
TW102796,2026-07-29 14:10:00,2026-07-29 14:14:00.000000,3.81,4.0,Scooter,23,4.0,Medium,Clear,Mumbra,0.24,True
TW104875,2026-07-16 15:57:00,2026-07-16 16:01:54.000000,1.2,4.9,2-Wheeler,20,4.2,Low,Clear,Mulund,2.76,True
TW101886,2026-07-03 20:51:00,2026-07-03 20:59:12.000000,3.96,8.2,Electric Scooter,41,3.9,Medium,Overcast,Mulund,0.85,True
TW103659,2026-07-09 20:04:00,2026-07-09 20:35:24.000000,12.25,31.4,Scooter,23,4.6,Low,Rain,Dombivli,7.06,False
TW103615,2026-07-02 16:57:00,2026-07-02 17:02:12.000000,2.27,5.2,Motorcycle,31,4.8,Medium,Clear,Vashi,3.54,True
TW103519,2026-07-10 21:26:00,2026-07-10 21:44:00.000000,6.83,18.0,Motorcycle,34,3.9,High,Overcast,Navi Mumbai,1.28,True
TW102397,2026-07-26 17:13:00,2026-07-26 17:18:42.000000,2.59,5.7,Motorcycle,25,4.1,High,Clear,Thane West,1.53,True
TW102093,2026-07-08 17:14:00,2026-07-08 17:18:00.000000,2.12,4.0,Scooter,28,4.3,Low,Clear,Kalyan,0.2,True
TW102156,2026-07-25 04:35:00,2026-07-25 04:52:42.000000,4.81,17.7,Scooter,22,4.0,Low,Clear,Vashi,1.69,True
TW103689,2026-07-13 16:51:00,2026-07-13 16:55:00.000000,0.87,4.0,2-Wheeler,38,4.7,Medium,Clear,Mulund,0.2,True
TW100029,2026-07-26 11:32:00,2026-07-26 11:52:18.000000,7.57,20.3,Motorcycle,33,4.3,Low,Rain,Kalyan,2.05,True
TW104277,2026-07-20 20:52:00,2026-07-20 21:24:30.000000,10.44,32.5,Scooter,32,3.8,Medium,Rain,Mulund,2.14,False
TW102669,2026-07-17 23:11:00,2026-07-17 23:18:24.000000,2.03,7.4,Scooter,23,4.4,Medium,Rain,Bhandup,4.32,True
TW103491,2026-07-11 09:22:00,2026-07-11 09:32:06.000000,3.83,10.1,Motorcycle,36,4.2,Medium,Clear,Mumbra,7.53,True
TW104730,2026-07-08 05:08:00,2026-07-08 05:16:18.000000,4.56,8.3,Scooter,26,4.2,Medium,Clear,Ghodbunder Road,8.7,True
TW104200,2026-07-03 02:01:00,2026-07-03 02:09:24.000000,3.12,8.4,Electric Scooter,33,4.2,Low,Clear,Bhandup,1.45,True
TW104156,2026-07-11 22:27:00,2026-07-11 22:38:42.000000,4.96,11.7,Scooter,26,4.2,High,Clear,Ghodbunder Road,1.9,True
TW101107,2026-07-04 14:53:00,2026-07-04 15:14:06.000000,0.0,21.1,Electric Scooter,44,4.8,Medium,Clear,Vashi,0.34,True
TW100490,2026-07-24 04:59:00,2026-07-24 05:16:36.000000,5.16,17.6,Motorcycle,36,4.2,Low,Clear,Mumbra,3.9,True
TW100315,2026-07-26 04:07:00,2026-07-26 04:19:36.000000,2.4,12.6,Scooter,34,4.3,Medium,Clear,Mulund,1.33,True
TW101474,2026-07-03 00:30:00,2026-07-03 00:37:54.000000,3.81,7.9,Scooter,22,4.5,High,,Airoli,1.6,True
TW100381,2026-07-09 03:35:00,2026-07-09 03:44:36.000000,2.56,9.6,Scooter,33,3.8,Low,Overcast,Bhandup,1.57,True
TW104518,2026-07-23 05:04:00,2026-07-23 05:20:00.000000,6.41,16.0,Motorcycle,44,4.5,Medium,Rain,Vashi,,True
TW103874,2026-07-02 05:25:00,2026-07-02 05:41:18.000000,5.26,16.3,Scooter,20,4.2,High,Clear,Ghodbunder Road,3.01,True
TW103811,2026-07-28 00:30:00,2026-07-28 00:47:00.000000,3.77,17.0,Motorcycle,39,3.7,Low,Overcast,Airoli,1.05,True
TW103595,2026-07-17 22:07:00,2026-07-17 22:11:42.000000,1.04,4.7,Electric Scooter,41,4.4,High,Clear,Mulund,4.28,True
TW100445,2026-07-06 07:36:00,2026-07-06 08:14:12.000000,11.67,38.2,Scooter,38,4.1,High,Clear,Navi Mumbai,1.82,False
TW104759,2026-07-18 07:45:00,2026-07-18 07:49:00.000000,1.17,4.0,Motorcycle,26,4.3,Low,Clear,Airoli,5.11,True
TW102827,2026-07-01 09:27:00,2026-07-01 09:33:18.000000,1.86,6.3,Electric Scooter,38,4.8,Low,Clear,Thane West,2.0,True
TW104072,2026-07-27 10:38:00,2026-07-27 10:48:12.000000,3.78,10.2,Motorcycle,26,4.2,Medium,Clear,Thane West,0.65,True
TW100626,2026-07-18 01:23:00,2026-07-18 01:31:30.000000,3.63,8.5,Motorcycle,22,4.7,Medium,Overcast,Navi Mumbai,1.3,True
TW101112,2026-07-27 02:15:00,2026-07-27 02:34:00.000000,7.99,19.0,Scooter,37,3.6,Medium,Clear,Mumbra,1.44,True
TW101484,2026-07-11 02:36:00,2026-07-11 02:40:00.000000,0.67,4.0,Electric Scooter,23,3.9,Medium,Clear,Bhandup,2.89,True
TW104364,2026-07-02 12:14:00,2026-07-02 12:31:12.000000,5.09,17.2,Electric Scooter,35,4.4,Low,Clear,Vashi,1.35,True
TW102977,2026-07-02 10:48:00,2026-07-02 11:03:36.000000,6.37,15.6,Electric Scooter,34,3.6,Medium,Clear,Vashi,3.26,True
TW103195,2026-07-13 18:35:00,2026-07-13 18:39:00.000000,1.58,4.0,Scooter,22,4.2,Medium,Clear,Airoli,0.95,True
TW103805,2026-07-13 13:49:00,2026-07-13 13:53:00.000000,2.19,4.0,Motorcycle,32,5.0,Medium,Clear,Airoli,0.2,True
TW100011,2026-07-03 15:35:00,2026-07-03 15:45:24.000000,1.82,10.4,Scooter,36,4.9,Medium,Clear,Ghodbunder Road,2.98,True
TW104210,2026-07-28 19:59:00,2026-07-28 20:10:48.000000,3.43,11.8,Motorcycle,41,4.4,High,Clear,Kalyan,2.18,True
TW100843,2026-07-11 19:37:00,2026-07-11 20:17:18.000000,13.53,40.3,Motorcycle,22,3.6,Medium,Clear,Vashi,5.46,False
TW101452,2026-07-16 14:17:00,2026-07-16 14:21:00.000000,1.96,4.0,Scooter,43,4.4,Medium,Clear,Mumbra,0.56,True
TW101973,2026-07-14 04:00:00,2026-07-14 04:21:00.000000,5.6,21.0,Scooter,32,4.2,Low,Clear,Mumbra,0.2,True
TW101788,2026-07-28 22:31:00,2026-07-28 22:36:18.000000,1.22,5.3,Scooter,24,3.8,Medium,Clear,Dombivli,1.9,True
TW102400,2026-07-18 10:29:00,2026-07-18 10:53:00.000000,7.13,24.0,Scooter,36,4.8,Medium,Rain,Airoli,8.7,True
TW102700,2026-07-15 22:26:00,2026-07-15 22:37:42.000000,4.14,11.7,Electric Scooter,28,4.1,Medium,Clear,Airoli,2.28,True
TW100773,2026-07-22 15:25:00,2026-07-22 15:30:24.000000,1.1,5.4,Motorcycle,40,,High,Clear,Ghodbunder Road,0.45,True
TW104786,2026-07-07 19:45:00,2026-07-07 19:49:00.000000,3.12,4.0,Electric Scooter,24,3.9,High,Clear,Thane West,2.31,True
TW100790,2026-07-09 09:48:00,2026-07-09 10:01:06.000000,3.42,13.1,Motorcycle,24,4.5,High,,Kalyan,,True
TW102915,2026-07-13 01:23:00,2026-07-13 01:27:00.000000,1.17,4.0,Scooter,22,4.3,Low,Clear,Thane West,2.61,True
TW104265,2026-07-01 23:43:00,2026-07-01 23:49:42.000000,1.96,6.7,Scooter,44,4.3,Low,Clear,Ghodbunder Road,0.2,True
TW103349,2026-07-29 05:35:00,2026-07-29 06:02:48.000000,7.93,27.8,Scooter,28,4.5,Low,Rain,Ghodbunder Road,0.44,False
TW102121,2026-07-12 12:16:00,2026-07-12 12:38:30.000000,5.52,22.5,Scooter,40,4.3,Medium,Overcast,Ghodbunder Road,1.11,True
TW101553,2026-07-14 20:45:00,2026-07-14 20:53:42.000000,1.79,8.7,Electric Scooter,19,4.2,Medium,Clear,Kalyan,1.67,True
TW103134,2026-07-06 00:29:00,2026-07-06 00:33:36.000000,2.19,4.6,Electric Scooter,37,4.1,Medium,Clear,Dombivli,1.24,True
TW104846,2026-07-26 02:18:00,2026-07-26 02:30:24.000000,3.97,12.4,motorbike,21,4.3,Low,Clear,Thane West,0.22,True
TW102878,2026-07-10 01:24:00,2026-07-10 01:28:00.000000,2.37,4.0,Scooter,44,5.0,Medium,Overcast,Bhandup,0.6,True
TW101819,2026-07-12 18:36:00,2026-07-12 18:40:00.000000,1.67,4.0,Scooter,25,4.1,Low,Clear,Vashi,0.25,True
TW102810,2026-07-11 18:53:00,2026-07-11 19:03:30.000000,2.72,10.5,Motorcycle,35,4.2,Medium,Clear,Mulund,1.46,True
TW100591,2026-07-30 06:31:00,2026-07-30 06:47:54.000000,4.29,16.9,Scooter,33,4.4,Medium,Clear,Ghodbunder Road,8.86,True
TW104903,2026-07-28 20:32:00,2026-07-28 20:51:42.000000,0.0,19.7,Scooter,31,4.5,Medium,Rain,Mumbra,1.7,True
TW101044,2026-07-07 05:28:00,2026-07-07 05:35:42.000000,3.22,7.7,Motorcycle,24,3.9,Medium,Clear,Mumbra,3.57,True
TW104040,2026-07-07 19:29:00,2026-07-07 19:42:30.000000,2.8,13.5,Motorcycle,38,4.4,Low,Rain,Navi Mumbai,0.81,True
TW104748,2026-07-02 18:50:00,2026-07-02 18:55:24.000000,1.67,5.4,Motorcycle,36,3.7,Low,Rain,Vashi,2.16,True
TW100244,2026-07-21 09:50:00,2026-07-21 09:58:00.000000,2.98,8.0,Scooter,32,4.3,Low,Clear,Navi Mumbai,0.34,True
TW101387,2026-07-06 19:39:00,2026-07-06 19:46:36.000000,2.21,7.6,Scooter,35,4.4,Medium,Overcast,Vashi,0.75,True
TW102022,2026-07-30 23:41:00,2026-07-30 23:48:00.000000,3.05,7.0,Motorcycle,38,4.8,Low,Rain,Kalyan,3.3,True
TW100059,2026-07-28 07:10:00,2026-07-28 07:14:00.000000,0.89,4.0,Scooter,36,4.5,Medium,Rain,Thane West,1.87,True
TW100176,2026-07-24 01:52:00,2026-07-24 02:06:54.000000,6.97,14.9,Motorcycle,23,4.8,Medium,Clear,Navi Mumbai,1.22,True
TW100449,2026-07-26 12:09:00,2026-07-26 12:23:48.000000,5.51,14.8,Motorcycle,32,4.3,Medium,Clear,Navi Mumbai,1.8,True
TW104081,2026-07-08 14:20:00,2026-07-08 14:24:06.000000,2.09,4.1,Motorcycle,41,4.8,Medium,Clear,Bhandup,3.11,True
TW100055,2026-07-29 15:41:00,2026-07-29 15:51:12.000000,4.41,10.2,Scooter,26,4.1,Medium,Overcast,Thane West,8.09,True
TW103457,2026-07-19 10:30:00,2026-07-19 11:01:48.000000,13.31,31.8,Scooter,26,4.7,Low,Clear,Ghodbunder Road,0.64,False
TW101768,2026-07-03 16:52:00,2026-07-03 17:00:30.000000,3.71,8.5,Scooter,33,4.9,Low,Rain,Thane West,0.2,True
TW101737,2026-07-13 20:46:00,2026-07-13 20:57:48.000000,3.56,11.8,Motorcycle,38,5.0,Low,Rain,Navi Mumbai,0.2,True
TW103240,2026-07-25 17:07:00,2026-07-25 17:22:24.000000,5.43,15.4,Electric Scooter,37,4.3,Low,Clear,Bhandup,4.38,True
TW104737,2026-07-14 17:17:00,2026-07-14 17:36:06.000000,6.92,19.1,Motorcycle,42,4.7,Low,Clear,Ghodbunder Road,1.78,True
